No.,Cong ty,Chuc danh,Nguoi lien he,SDT,Lien He,Email,Lien He mail,Dia chi,Luong,Ngay dang,Han tuyen,Check gui,Last Subject,Last Body HTML,Trang thai Reply,Lan Follow-up,Ngay Follow-up gan nhat,Mailbox da dung,Category,Link FB
1,GARUDA A/S LEDELSE OG UDVIKLING,,,,https://www.proff.dk/firma/garuda-as-ledelse-og-udvikling/risskov/arbejdskrafts-tjenester/GKQCBLI10LU,garuda@garuda.dk,,Du følger virksomheden,,,,OK,,,,,,,Arbejdskrafts tjenester,
2,Workforce Connect ApS,,,+4530503525,https://www.workforceconnect.dk/,martin@workforceconnect.dk,,Du følger virksomheden,,,,OK,,,,,,,Arbejdskrafts tjenester,
3,Hammer Andersen ApS,,,70274777,https://www.proff.dk/firma/hammer-andersen-aps/lystrup/arbejdskrafts-tjenester/H0HB3AI10LU,ha@hammerandersen.com,,Du følger virksomheden,,,,OK,,,,,,,Arbejdskrafts tjenester,
4,Professionel Rengøring ApS,,,28678290,https://professionelren.dk/,zoltan@Professionelren.dk,,Du følger virksomheden,,,,OK,,,,,,,Arbejdskrafts tjenester,
5,Bech Personale ApS,,,+4572108545,https://www.proff.dk/firma/bech-personale-aps/herning/arbejdskrafts-tjenester/H0DI5JI10LU,aarhus@bechpersonale.dk,,Du følger virksomheden,,,,OK,,,,,,,Arbejdskrafts tjenester,
6,Workforce Support ApS,,,+4551915922,https://www.workforcesupport.dk/,tk@workforcesupport.dk,,Du følger virksomheden,,,,OK,,,,,,,Arbejdskrafts tjenester,
7,John Farm ApS,,,50191531,https://john-farm.dk/,johnfarmivs@yahoo.com,,Du følger virksomheden,,,,OK,,,,,,,Arbejdskrafts tjenester,
8,Bixter.dk ApS,,,+4571747504,https://bixter.com/,info@bixter.com,,Du følger virksomheden,,,,OK,,,,,,,Arbejdskrafts tjenester,
9,JKS Tech&Metal,,,86423540,https://www.proff.dk/firma/jks-techmetal/randers-c/arbejdskrafts-tjenester/H1MEV8I10LU,career@jks.dk,,Du følger virksomheden,,,,OK,,,,,,,Arbejdskrafts tjenester,
10,Carelink A/S - Vejle,,,+4586133110,https://www.proff.dk/firma/carelink-as-vejle/vejle/arbejdskrafts-tjenester/H21CJTI10LU,finance@carelink.dk,,Du følger virksomheden,,,,OK,,,,,,,Arbejdskrafts tjenester,
11,Handicapformidlingen Ballerup,,,+4570777333,https://www.proff.dk/firma/handicapformidlingen-ballerup/ballerup/arbejdskrafts-tjenester/H28RA5I10LU,info@handicapformidlingen.dk,,Du følger virksomheden,,,,OK,,,,,,,Arbejdskrafts tjenester,
12,Construction afdeling,,,+4570201835,https://www.proff.dk/firma/construction-afdeling/svenstrup-j/arbejdskrafts-tjenester/H1BYMUI10LU,info@moment.dk,,Du følger virksomheden,,,,OK,,,,,,,Arbejdskrafts tjenester,
13,SAS CONNECT CREW SERVICES A/S,,,,https://www.proff.dk/firma/sas-connect-crew-services-as/kastrup/arbejdskrafts-tjenester/0OEO5HI10LU,hr-sharedservicesdk@sas.dk,,Du følger virksomheden,,,,OK,,,,,,,Arbejdskrafts tjenester,
14,SIEMENS A/S,,,+4544774477,https://www.proff.dk/firma/siemens-as/brande/arbejdskrafts-tjenester/H1RRG0I10LU,post.dk@siemens.com,,Du følger virksomheden,,,,OK,,,,,,,Arbejdskrafts tjenester,
15,Deel Denmark ApS,,,,https://www.proff.dk/firma/deel-denmark-aps/s%C3%B8borg/arbejdskrafts-tjenester/0P8A8II10LU,hanne.sorensen@deel.com,,Du følger virksomheden,,,,OK,,,,,,,Arbejdskrafts tjenester,
16,NNE / NN Kalundborg,,,+4570605606,https://www.proff.dk/firma/nne-nn-kalundborg/kalundborg/arbejdskrafts-tjenester/H27N9LI10LU,contact@npgroup.eu,,Du følger virksomheden,,,,OK,,,,,,,Arbejdskrafts tjenester,
17,Actief Hartmanns A/S,,,+4570200383,https://www.proff.dk/firma/actief-hartmanns-as/s%C3%B8nderborg/arbejdskrafts-tjenester/H2GHIKI10LU,info@actief-hartmanns.dk,,Du følger virksomheden,,,,OK,,,,,,,Arbejdskrafts tjenester,
18,Altid Vikar Århus,,,+4570444404,https://www.proff.dk/firma/altid-vikar-%C3%A5rhus/aarhus-c/arbejdskrafts-tjenester/H17465I10LU,kontakt@altidvikar.dk,,Du følger virksomheden,,,,OK,,,,,,,Arbejdskrafts tjenester,
19,Viktech P/S - Kalundborg,,,70209043,https://www.proff.dk/firma/viktech-ps-kalundborg/kalundborg/arbejdskrafts-tjenester/H0V1INI10LU,jle@viktech.dk,,Du følger virksomheden,,,,OK,,,,,,,Arbejdskrafts tjenester,
20,EUROJOBS Personaldienstleistungen ApS,,,+4570726947,https://www.proff.dk/firma/eurojobs-personaldienstleistungen-aps/k%C3%B8benhavn-k/arbejdskrafts-tjenester/0QSTXHI10LU,danmark@eurojobs.eu,,Du følger virksomheden,,,,OK,,,,,,,Arbejdskrafts tjenester,
21,SEAMAR SCANDINAVIA A/S,,,+4598441744,https://www.proff.dk/firma/seamar-scandinavia-as/aalborg-%C3%B8st/arbejdskrafts-tjenester/GTFN1CI10LU,info@seamar.dk,,Du følger virksomheden,,,,OK,,,,,,,Arbejdskrafts tjenester,
22,OUHPT,,,+4547770957,https://www.proff.dk/firma/ouhpt/odense-c/arbejdskrafts-tjenester/H1R5USI10LU,info@megaflex.dk,,Du følger virksomheden,,,,OK,,,,,,,Arbejdskrafts tjenester,
23,Flair Group ApS,,,+4538889400,https://www.proff.dk/firma/flair-group-aps/n%C3%B8rresundby/arbejdskrafts-tjenester/H2URX3I10LU,flair@flair.dk,,Du følger virksomheden,,,,OK,,,,,,,Arbejdskrafts tjenester,
24,AGILENT TECHNOLOGIES DENMARK ApS,,,+4544859500,https://www.proff.dk/firma/agilent-technologies-denmark-aps/glostrup/arbejdskrafts-tjenester/GMI26KI10LU,glostrup.reception@agilent.com,,Du følger virksomheden,,,,OK,,,,,,,Arbejdskrafts tjenester,
25,NORDIC MEDICARE A/S,,,+4539654823,https://www.proff.dk/firma/nordic-medicare-as/rungsted-kyst/arbejdskrafts-tjenester/0JIFBYI10LU,niels@nordicmedicare.eu,,Du følger virksomheden,,,,OK,,,,,,,Arbejdskrafts tjenester,
26,DMA INTERNATIONAL ApS,,,20334232,https://www.proff.dk/firma/dma-international-aps/r%C3%B8dovre/arbejdskrafts-tjenester/0G9O2VI10LU,dma@dma-international.com,,Du følger virksomheden,,,,OK,,,,,,,Arbejdskrafts tjenester,
27,Dedicare A/S,,,+4553864646,https://www.proff.dk/firma/dedicare-as/kastrup/arbejdskrafts-tjenester/GZ8PM4I10LU,info@dedicare.dk,,Du følger virksomheden,,,,OK,,,,,,,Arbejdskrafts tjenester,
28,Din Hjælperordning ApS,,,25748384,https://www.proff.dk/firma/din-hj%C3%A6lperordning-aps/frederiksberg-c/arbejdskrafts-tjenester/0LZR1YI10LU,dho@dho.dk,,Du følger virksomheden,,,,OK,,,,,,,Arbejdskrafts tjenester,
29,VIKAR DK A/S,,,+4575666060,https://www.proff.dk/firma/vikar-dk-as/horsens/arbejdskrafts-tjenester/0K9QSSI10LU,bogholderi@vikardk.dk,,Du følger virksomheden,,,,OK,,,,,,,Arbejdskrafts tjenester,
30,JobTeam A/S,,,75452020,https://www.proff.dk/firma/jobteam-as/herning/arbejdskrafts-tjenester/GZK3Z6I10LU,bogholderi@jobteam.dk,,Du følger virksomheden,,,,OK,,,,,,,Arbejdskrafts tjenester,
31,ASSISTANCE HR PARTNERS A/S,,,+4533550090,https://www.proff.dk/firma/assistance-hr-partners-as/holeby/arbejdskrafts-tjenester/GUJKINI10LU,info@assistance.dk,,Du følger virksomheden,,,,OK,,,,,,,Arbejdskrafts tjenester,
32,Medarbejderne ApS,,,+4587800888,https://www.proff.dk/firma/medarbejderne-aps/fredericia/arbejdskrafts-tjenester/H2DADQI10LU,info@medarbejderne.dk,,Du følger virksomheden,,,,OK,,,,,,,Arbejdskrafts tjenester,
33,PEAS ApS,,,+4564791222,https://www.proff.dk/firma/peas-aps/assens/arbejdskrafts-tjenester/0JG9UPI10LU,paw@phheims.dk,,Du følger virksomheden,,,,OK,,,,,,,Arbejdskrafts tjenester,
34,Q-STAR Energy A/S,,,+4570101022,https://www.proff.dk/firma/q-star-energy-as/esbjerg/arbejdskrafts-tjenester/093NZSI10LU,mail@q-star.dk,,Du følger virksomheden,,,,OK,,,,,,,Arbejdskrafts tjenester,
35,Anzet A/S,,,+4573707078,https://www.proff.dk/firma/anzet-as/n%C3%A6stved/arbejdskrafts-tjenester/0ONGH8I10LU,kd@anzet.dk,,Du følger virksomheden,,,,OK,,,,,,,Arbejdskrafts tjenester,
36,FlexTemp ApS,,,+4570605564,https://www.proff.dk/firma/flextemp-aps/aalborg/arbejdskrafts-tjenester/0QANN8I10LU,kontakt@flextemp.dk,,Du følger virksomheden,,,,OK,,,,,,,Arbejdskrafts tjenester,
37,HumanizeR Kolding,,,+4553531199,https://www.proff.dk/firma/humanizer-kolding/kolding/arbejdskrafts-tjenester/GX8ETYI10LU,humanizer@pshr.dk,,Du følger virksomheden,,,,OK,,,,,,,Arbejdskrafts tjenester,
38,STUDENTCONSULTING DANMARK ApS,,,+4560103070,https://www.proff.dk/firma/studentconsulting-danmark-aps/aarhus-c/arbejdskrafts-tjenester/GXG07MI10LU,ekonomi@studentconsulting.com,,Du følger virksomheden,,,,OK,,,,,,,Arbejdskrafts tjenester,
39,VICOS ApS,,,+4570201209,https://www.proff.dk/firma/vicos-aps/esbjerg/arbejdskrafts-tjenester/0MZZMNI10LU,mail@vicos.dk,,Du følger virksomheden,,,,OK,,,,,,,Arbejdskrafts tjenester,
40,VIKARRINGEN ApS,,,+4561686169,https://www.proff.dk/firma/vikarringen-aps/glostrup/arbejdskrafts-tjenester/0K3AADI10LU,jl@vikarringen.dk,,Du følger virksomheden,,,,OK,,,,,,,Arbejdskrafts tjenester,
41,Eurojob Denmark ApS,,,+4588448244,https://www.proff.dk/firma/eurojob-denmark-aps/skjern/arbejdskrafts-tjenester/0MEV7CI10LU,info@eurojobdk.com,,Du følger virksomheden,,,,OK,,,,,,,Arbejdskrafts tjenester,
42,Heidrick & Struggles A/S,,,33140155,https://www.proff.dk/firma/heidrick-struggles-as/k%C3%B8benhavn-k/arbejdskrafts-tjenester/066VGHI10LU,copenhagen@amrop.com,,Du følger virksomheden,,,,OK,,,,,,,Arbejdskrafts tjenester,
43,A priori ApS,,,+4593404848,https://www.proff.dk/firma/a-priori-aps/aarhus-v/arbejdskrafts-tjenester/0P473WI10LU,kontakt@a-priori.dk,,Du følger virksomheden,,,,OK,,,,,,,Arbejdskrafts tjenester,
44,"Jysk VIkarservice A/S, Randers",,,+4570121204,https://www.proff.dk/firma/jysk-vikarservice-as-randers/randers-sv/arbejdskrafts-tjenester/H0PA55I10LU,regnskab@jvs.dk,,Du følger virksomheden,,,,OK,,,,,,,Arbejdskrafts tjenester,
45,RANDSTAD A/S,,,+4570109100,https://www.proff.dk/firma/randstad-as/kolding/arbejdskrafts-tjenester/GPLZXAI10LU,randstad@randstad.dk,,Du følger virksomheden,,,,OK,,,,,,,Arbejdskrafts tjenester,
46,R.S. GRUPPEN ApS,,,+4527724094,https://www.proff.dk/firma/r.s.-gruppen-aps/horsens/arbejdskrafts-tjenester/0JO2VBI10LU,rsgruppen@rsgruppen.biz,,Du følger virksomheden,,,,OK,,,,,,,Arbejdskrafts tjenester,
47,Instaservice ApS,,,53533464,https://www.proff.dk/firma/instaservice-aps/aalborg-%C3%B8st/arbejdskrafts-tjenester/H11O1TI10LU,info@instaservice.dk,,Du følger virksomheden,,,,OK,,,,,,,Arbejdskrafts tjenester,
48,Lufthavnsvikar & Rekrutteringsservice Grønland,,,+4521390080,https://www.proff.dk/firma/lufthavnsvikar-rekrutteringsservice-gr%C3%B8nland/nuuk/arbejdskrafts-tjenester/H0YDG8I10LU,kontakt@lufthavnsvikar.dk,,Du følger virksomheden,,,,OK,,,,,,,Arbejdskrafts tjenester,
49,ACTIVCARE A/S,,,+4570203000,https://www.proff.dk/firma/activcare-as/odense-s/arbejdskrafts-tjenester/GOJKSUI10LU,okonomi@activcare.dk,,Du følger virksomheden,,,,OK,,,,,,,Arbejdskrafts tjenester,
50,PÆDAGOGISK VIKARBUREAU ApS,,,+4570271218,https://www.proff.dk/firma/p%C3%A6dagogisk-vikarbureau-aps/k%C3%B8benhavn-v/arbejdskrafts-tjenester/060AJHI10LU,pvb@pvb.dk,,Du følger virksomheden,,,,OK,,,,,,,Arbejdskrafts tjenester,
51,Euro DK Service Aps,,,65303107,https://www.proff.dk/firma/euro-dk-service-aps/aalborg-%C3%B8st/arbejdskrafts-tjenester/GWSWCKI10LU,az@euro-dk.com,,Du følger virksomheden,,,,OK,,,,,,,Arbejdskrafts tjenester,
52,TEMP TEAM A/S,,,+4570100944,https://www.proff.dk/firma/temp-team-as/aalborg/arbejdskrafts-tjenester/H0M3MQI10LU,info.herning@temp-team.dk,,Du følger virksomheden,,,,OK,,,,,,,Arbejdskrafts tjenester,
53,3 S ApS,,,+4520777751,https://www.proff.dk/firma/3-s-aps/kalundborg/arbejdskrafts-tjenester/GRDEBXI10LU,3s@3saps.dk,,Du følger virksomheden,,,,OK,,,,,,,Arbejdskrafts tjenester,
54,Selskabet af 03.06.2022 ApS,,,+4521524802,https://www.proff.dk/firma/selskabet-af-03.06.2022-aps/skive/arbejdskrafts-tjenester/0L29V2I10LU,ata@jtworks.dk,,Du følger virksomheden,,,,OK,,,,,,,Arbejdskrafts tjenester,
55,Profil Match Projects ApS,,,+4533323314,https://www.proff.dk/firma/profil-match-projects-aps/glostrup/arbejdskrafts-tjenester/0N501LI10LU,sj@profilmatch.dk,,Du følger virksomheden,,,,OK,,,,,,,Arbejdskrafts tjenester,
56,YOUR PARTNER ApS,,,63310390,https://www.proff.dk/firma/your-partner-aps/nyborg/arbejdskrafts-tjenester/0EXI9UI10LU,charlotte@yourpartner.dk,,Du følger virksomheden,,,,OK,,,,,,,Arbejdskrafts tjenester,
57,Psykiatri Plus A/S Omsorg,,,+4570210211,https://www.proff.dk/firma/psykiatri-plus-as-omsorg/vejle/arbejdskrafts-tjenester/GXQ33QI10LU,info@psykiatriplus.dk,,Du følger virksomheden,,,,OK,,,,,,,Arbejdskrafts tjenester,
58,WOSS ApS,,,+4525114402,https://www.proff.dk/firma/woss-aps/odense-n%C3%B8/arbejdskrafts-tjenester/0IYZ4TI10LU,mail@woss.dk,,Du følger virksomheden,,,,OK,,,,,,,Arbejdskrafts tjenester,
59,Vikarcompagniet ApS Fredericia,,,+4570271027,https://www.proff.dk/firma/vikarcompagniet-aps-fredericia/fredericia/arbejdskrafts-tjenester/GXFEPAI10LU,ak@vikar-compagniet.dk,,Du følger virksomheden,,,,OK,,,,,,,Arbejdskrafts tjenester,
60,AjourCare ApS - Kbh,,,+4555341400,https://www.proff.dk/firma/ajourcare-aps-kbh/stenl%C3%B8se/arbejdskrafts-tjenester/GW43G8I10LU,mail@ajourcare.dk,,Du følger virksomheden,,,,OK,,,,,,,Arbejdskrafts tjenester,
61,TOP PARTNERS A/S,,,+4558500781,https://www.proff.dk/firma/top-partners-as/slagelse/arbejdskrafts-tjenester/0I6B0BI10LU,lon@toppartners.dk,,Du følger virksomheden,,,,OK,,,,,,,Arbejdskrafts tjenester,
62,DSB EJENDOMSUDVIKLING A/S,,,+4570131415,https://www.proff.dk/firma/dsb-ejendomsudvikling-as/taastrup/arbejdskrafts-tjenester/0ITYTII10LU,ejendomme@dsb.dk,,Du følger virksomheden,,,,OK,,,,,,,Arbejdskrafts tjenester,
63,Imploy ApS,,,+4550342100,https://www.proff.dk/firma/imploy-aps/herlev/arbejdskrafts-tjenester/0OT2LSI10LU,kontakt@imploy.dk,,Du følger virksomheden,,,,OK,,,,,,,Arbejdskrafts tjenester,
64,THRANE ERHVERV A/S,,,+4598255256,https://www.proff.dk/firma/thrane-erhverv-as/vodskov/arbejdskrafts-tjenester/0HDF0SI10LU,info@thrane-erhverv.dk,,Du følger virksomheden,,,,OK,,,,,,,Arbejdskrafts tjenester,
65,PROFOX ApS,,,+4572344622,https://www.proff.dk/firma/profox-aps/svenstrup-j/arbejdskrafts-tjenester/GRGKLHI10LU,info@profox.dk,,Du følger virksomheden,,,,OK,,,,,,,Arbejdskrafts tjenester,
66,"Konsulenthuset Ballisager, Nordhavn",,,+4570294050,https://www.proff.dk/firma/konsulenthuset-ballisager-nordhavn/k%C3%B8benhavn-%C3%B8/arbejdskrafts-tjenester/H2T75TI10LU,jeg@ballisager.com,,Du følger virksomheden,,,,OK,,,,,,,Arbejdskrafts tjenester,
67,LUBI ApS,,,+4554588417,https://www.proff.dk/firma/lubi-aps/slagelse/arbejdskrafts-tjenester/0OK17OI10LU,hanshenrik@lubitransport.dk,,Du følger virksomheden,,,,OK,,,,,,,Arbejdskrafts tjenester,
68,POWER PEOPLE DANMARK ApS,,,+4598121292,https://www.proff.dk/firma/power-people-danmark-aps/frederikshavn/arbejdskrafts-tjenester/0J4V3ZI10LU,info@powerpeople.dk,,Du følger virksomheden,,,,OK,,,,,,,Arbejdskrafts tjenester,
69,TN Human Capital ApS,,,,https://www.proff.dk/firma/tn-human-capital-aps/k%C3%B8benhavn-k/arbejdskrafts-tjenester/0MV0YOI10LU,michael.telling@tnhospitalityadvisors.com,,Du følger virksomheden,,,,OK,,,,,,,Arbejdskrafts tjenester,
70,SocialNetværket ApS,,,,https://www.proff.dk/firma/socialnetv%C3%A6rket-aps/vejle/arbejdskrafts-tjenester/H02HFKI10LU,mu@socialnetvaerket.dk,,Du følger virksomheden,,,,OK,,,,,,,Arbejdskrafts tjenester,
71,MANFORCE NORDIC ApS,,,+4550108088,https://www.proff.dk/firma/manforce-nordic-aps/st%C3%B8vring/arbejdskrafts-tjenester/0L8HUYI10LU,info@man-force.dk,,Du følger virksomheden,,,,OK,,,,,,,Arbejdskrafts tjenester,
72,JF SMEDESERVICE ApS,,,+4555787440,https://www.proff.dk/firma/jf-smedeservice-aps/n%C3%A6stved/arbejdskrafts-tjenester/0IODELI10LU,info@jf-smedeservice.dk,,Du følger virksomheden,,,,OK,,,,,,,Arbejdskrafts tjenester,
73,BA Mandskab ApS,,,,https://www.proff.dk/firma/ba-mandskab-aps/greve/arbejdskrafts-tjenester/0QUYJTI10LU,info@ba-mandskab.dk,,Du følger virksomheden,,,,OK,,,,,,,Arbejdskrafts tjenester,
74,MERCURI URVAL A/S,,,+4539456500,https://www.proff.dk/firma/mercuri-urval-as/aarhus-c/arbejdskrafts-tjenester/GL7UUOI10LU,majken.diederichsen@mercuriurval.com,,Du følger virksomheden,,,,OK,,,,,,,Arbejdskrafts tjenester,
75,Amrop P/S,,,+4570237383,https://www.proff.dk/firma/amrop-ps/k%C3%B8benhavn-k/arbejdskrafts-tjenester/0OZMP5I10LU,reception@amrop.dk,,Du følger virksomheden,,,,OK,,,,,,,Arbejdskrafts tjenester,
76,Scan Con Construction ApS,,,+4532820000,https://www.proff.dk/firma/scan-con-construction-aps/n%C3%B8rre-alslev/arbejdskrafts-tjenester/0PQVCEI10LU,info@scan-con.dk,,Du følger virksomheden,,,,OK,,,,,,,Arbejdskrafts tjenester,
77,ViTolker ApS,,,+4570605161,https://www.proff.dk/firma/vitolker-aps/herlev/arbejdskrafts-tjenester/0MCJX5I10LU,info@vitolker.dk,,Du følger virksomheden,,,,OK,,,,,,,Arbejdskrafts tjenester,
78,Invoicery Danmark ApS,,,+4572170880,https://www.proff.dk/firma/invoicery-danmark-aps/k%C3%B8benhavn-%C3%B8/arbejdskrafts-tjenester/0NTUQAI10LU,info@frilansfinans.dk,,Du følger virksomheden,,,,OK,,,,,,,Arbejdskrafts tjenester,
79,Connection Vikar Danmark ApS,,,+4570263536,https://www.proff.dk/firma/connection-vikar-danmark-aps/aalborg-sv/arbejdskrafts-tjenester/0MA43SI10LU,info@connectionvikar.dk,,Du følger virksomheden,,,,OK,,,,,,,Arbejdskrafts tjenester,
80,JOB2SEA ApS,,,+4532820030,https://www.proff.dk/firma/job2sea-aps/n%C3%B8rre-alslev/arbejdskrafts-tjenester/0JC2MDI10LU,info@job2sea.com,,Du følger virksomheden,,,,OK,,,,,,,Arbejdskrafts tjenester,
81,NT-TAG ApS,,,+4528156056,https://www.proff.dk/firma/nt-tag-aps/uldum/arbejdskrafts-tjenester/0M9YNNI10LU,bt@nt-con.dk,,Du følger virksomheden,,,,OK,,,,,,,Arbejdskrafts tjenester,
82,Akurat A/S,,,+4596411111,https://www.proff.dk/firma/akurat-as/sisimiut/arbejdskrafts-tjenester/H1BKMXI10LU,mail@akurat.dk,,Du følger virksomheden,,,,OK,,,,,,,Arbejdskrafts tjenester,
83,ACADEMIC WORK DENMARK A/S,,,+4589875300,https://www.proff.dk/firma/academic-work-denmark-as/k%C3%B8benhavn-v/arbejdskrafts-tjenester/GS446KI10LU,info@academicwork.dk,,Du følger virksomheden,,,,OK,,,,,,,Arbejdskrafts tjenester,
84,KEYMATE ApS,,,+4540962399,https://www.proff.dk/firma/keymate-aps/lystrup/arbejdskrafts-tjenester/0G8862I10LU,kim@keymate.dk,,Du følger virksomheden,,,,OK,,,,,,,Arbejdskrafts tjenester,
85,Vagtselskabet CS-Vagt ApS,,,+4570209100,https://www.proff.dk/firma/vagtselskabet-cs-vagt-aps/maribo/arbejdskrafts-tjenester/0Q4YWLI10LU,cms@csvagt.dk,,Du følger virksomheden,,,,OK,,,,,,,Arbejdskrafts tjenester,
86,JOBASSIST ApS,,,+4552174676,https://www.proff.dk/firma/jobassist-aps/odense-m/arbejdskrafts-tjenester/0HUGBMI10LU,theis@jobassist.dk,,Du følger virksomheden,,,,OK,,,,,,,Arbejdskrafts tjenester,
87,RIGHT PEOPLE GROUP ApS,,,+4570208986,https://www.proff.dk/firma/right-people-group-aps/k%C3%B8benhavn-%C3%B8/arbejdskrafts-tjenester/0I7NVNI10LU,info@rightpeople.dk,,Du følger virksomheden,,,,OK,,,,,,,Arbejdskrafts tjenester,
88,DK Workers ApS,,,,https://www.proff.dk/firma/dk-workers-aps/esbjerg-%C3%B8/arbejdskrafts-tjenester/0N5ZJ1I10LU,jmk@dkworkers.dk,,Du følger virksomheden,,,,OK,,,,,,,Arbejdskrafts tjenester,
89,COMPASS HUMAN RESOURCES GROUP A/S,,,+4570201275,https://www.proff.dk/firma/compass-human-resources-group-as/aarhus-v/arbejdskrafts-tjenester/GS70SII10LU,finance@compasshrg.com,,Du følger virksomheden,,,,OK,,,,,,,Arbejdskrafts tjenester,
90,Komplex ApS,,,+4598511511,https://www.proff.dk/firma/komplex-aps/frederikshavn/arbejdskrafts-tjenester/GZ32HLI10LU,skr@norfolk.dk,,Du følger virksomheden,,,,OK,,,,,,,Arbejdskrafts tjenester,
91,VIKARO ApS,,,+4570107010,https://www.proff.dk/firma/vikaro-aps/ringsted/arbejdskrafts-tjenester/0P5TKLI10LU,info@vikaro.nu,,Du følger virksomheden,,,,OK,,,,,,,Arbejdskrafts tjenester,
92,Labour Leasing Bispebjerg Hospital Project,,,28519088,https://www.proff.dk/firma/labour-leasing-bispebjerg-hospital-project/k%C3%B8benhavn-nv/arbejdskrafts-tjenester/H2S040I10LU,camilla.nikander@gmail.com,,Du følger virksomheden,,,,OK,,,,,,,Arbejdskrafts tjenester,
93,Green Force ApS,,,+4529677334,https://www.proff.dk/firma/green-force-aps/odense-s%C3%B8/arbejdskrafts-tjenester/0OOBMYI10LU,info@greenforce.dk,,Du følger virksomheden,,,,OK,,,,,,,Arbejdskrafts tjenester,
94,PROFIL MATCH ApS,,,+4533323314,https://www.proff.dk/firma/profil-match-aps/glostrup/arbejdskrafts-tjenester/GOFWIUI10LU,sj@profilmatch.dk,,Du følger virksomheden,,,,OK,,,,,,,Arbejdskrafts tjenester,
95,SNOWMINDS ApS,,,+4528993599,https://www.proff.dk/firma/snowminds-aps/k%C3%B8benhavn-k/arbejdskrafts-tjenester/0KM2GUI10LU,kontakt@snowminds.dk,,Du følger virksomheden,,,,OK,,,,,,,Arbejdskrafts tjenester,
96,Electricom A/S,,,59 51 03 80,https://www.proff.dk/firma/electricom-as/kalundborg/arbejdskrafts-tjenester/GL9GQKI10LU,kontakt@electricom.dk,,Du følger virksomheden,,,,OK,,,,,,,Arbejdskrafts tjenester,
97,VI-KAR & REKRUTTERING ApS,,,+4532961000,https://www.proff.dk/firma/vi-kar-rekruttering-aps/frederikssund/arbejdskrafts-tjenester/0OSDGKI10LU,lena@vi-kar.dk,,Du følger virksomheden,,,,OK,,,,,,,Arbejdskrafts tjenester,
98,Dahlfeltconsulting ApS,,,+4531700881,https://www.proff.dk/firma/dahlfeltconsulting-aps/farum/arbejdskrafts-tjenester/0PNW1NI10LU,torben@dahlfeltconsulting.com,,Du følger virksomheden,,,,OK,,,,,,,Arbejdskrafts tjenester,
99,JE-FA ApS,,,+4554553000,https://www.proff.dk/firma/je-fa-aps/kalundborg/arbejdskrafts-tjenester/H23YJ5I10LU,info@jeas.nu,,Du følger virksomheden,,,,OK,,,,,,,Arbejdskrafts tjenester,
100,CUN Rekruttering ApS,,,,https://www.proff.dk/firma/cun-rekruttering-aps/munkebo/arbejdskrafts-tjenester/0PAHRLI10LU,cunsmedeservice@outlook.dk,,Du følger virksomheden,,,,OK,,,,,,,Arbejdskrafts tjenester,
101,ANB Vikar Flex ApS,,,+4552715266,https://www.proff.dk/firma/anb-vikar-flex-aps/sk%C3%A6vinge/arbejdskrafts-tjenester/0QIIIKI10LU,perca.andreea008@yahoo.com,,Du følger virksomheden,,,,OK,,,,,,,Arbejdskrafts tjenester,
102,SCANPEOPLE ApS,,,+4543310071,https://www.proff.dk/firma/scanpeople-aps/taastrup/arbejdskrafts-tjenester/0JE1UPI10LU,info@scanpeople.dk,,Du følger virksomheden,,,,OK,,,,,,,Arbejdskrafts tjenester,
103,TCP Viborg ApS,,,+4560880068,https://www.proff.dk/firma/tcp-viborg-aps/viborg/arbejdskrafts-tjenester/GUYTBWI10LU,begina@tcpviborg.dk,,Du følger virksomheden,,,,OK,,,,,,,Arbejdskrafts tjenester,
104,indsats ApS,,,+4560177110,https://www.proff.dk/firma/indsats-aps/k%C3%B8benhavn-%C3%B8/arbejdskrafts-tjenester/0LZWMZI10LU,kgb@indsats.nu,,Du følger virksomheden,,,,OK,,,,,,,Arbejdskrafts tjenester,
105,DK Vikarservice ApS,,,+4570605960,https://www.proff.dk/firma/dk-vikarservice-aps/odense-s%C3%B8/arbejdskrafts-tjenester/0OYWQSI10LU,info@dkvikarservice.dk,,Du følger virksomheden,,,,OK,,,,,,,Arbejdskrafts tjenester,
106,EWORK GROUP DENMARK ApS,,,31101875,https://www.proff.dk/firma/ework-group-denmark-aps/k%C3%B8benhavn-v/arbejdskrafts-tjenester/0HI1AQI10LU,sales.dk@eworkgroup.com,,Du følger virksomheden,,,,OK,,,,,,,Arbejdskrafts tjenester,
107,HEMI Group ApS,,,,https://www.proff.dk/firma/hemi-group-aps/frederiksberg/arbejdskrafts-tjenester/0NPSEVI10LU,michael@hemigroup.dk,,Du følger virksomheden,,,,OK,,,,,,,Arbejdskrafts tjenester,
108,Rakiv 2025 ApS,,,+4570707545,https://www.proff.dk/firma/rakiv-2025-aps/n%C3%A6stved/arbejdskrafts-tjenester/0M4W6CI10LU,info@vikarsj.dk,,Du følger virksomheden,,,,OK,,,,,,,Arbejdskrafts tjenester,
109,AUTA ApS,,,+4571740707,https://www.proff.dk/firma/auta-aps/skovlunde/arbejdskrafts-tjenester/0P4U6VI10LU,kontakt@auta.dk,,Du følger virksomheden,,,,OK,,,,,,,Arbejdskrafts tjenester,
110,Brøndby,,,+4525652770,https://www.proff.dk/firma/br%C3%B8ndby/ish%C3%B8j/arbejdskrafts-tjenester/H2N3QSI10LU,kgs@copenhagency.dk,,Du følger virksomheden,,,,OK,,,,,,,Arbejdskrafts tjenester,
111,Superior International ApS,,,+4570404049,https://www.proff.dk/firma/superior-international-aps/esbjerg/arbejdskrafts-tjenester/GZS2PSI10LU,js@supsou.com,,Du følger virksomheden,,,,OK,,,,,,,Arbejdskrafts tjenester,
112,Støtte & Vikar ApS,,,+4531173030,https://www.proff.dk/firma/st%C3%B8tte-vikar-aps/herlev/arbejdskrafts-tjenester/0MYIEZI10LU,kontakt@pvi.dk,,Du følger virksomheden,,,,OK,,,,,,,Arbejdskrafts tjenester,
113,GML A/S,,,,https://www.proff.dk/firma/gml-as/kolding/arbejdskrafts-tjenester/0JOY3TI10LU,info@gml-hr.dk,,Du følger virksomheden,,,,OK,,,,,,,Arbejdskrafts tjenester,
114,Boyden A/S,,,+4570262261,https://www.proff.dk/firma/boyden-as/aarhus-c/arbejdskrafts-tjenester/0NPKDLI10LU,hharbo@boyden.com,,Du følger virksomheden,,,,OK,,,,,,,Arbejdskrafts tjenester,
115,S.T.O.P. A/S,,,+4571993775,https://www.proff.dk/firma/s.t.o.p.-as/lemming/arbejdskrafts-tjenester/0K7PVTI10LU,mail@s-t-o-p.nu,,Du følger virksomheden,,,,OK,,,,,,,Arbejdskrafts tjenester,
116,Vikarservicesyd ApS,,,+4588185818,https://www.proff.dk/firma/vikarservicesyd-aps/toftlund/arbejdskrafts-tjenester/0MJL84I10LU,info@vikarservicesyd.dk,,Du følger virksomheden,,,,OK,,,,,,,Arbejdskrafts tjenester,
117,Ekspres Vikar ApS,,,+4570251517,https://www.proff.dk/firma/ekspres-vikar-aps/kolding/arbejdskrafts-tjenester/H01Z4XI10LU,finans@ekspresvikar.dk,,Du følger virksomheden,,,,OK,,,,,,,Arbejdskrafts tjenester,
118,TOPTEMP ApS,,,+4576500900,https://www.proff.dk/firma/toptemp-aps/vejle/arbejdskrafts-tjenester/0J7NQTI10LU,kontor@toptemp.dk,,Du følger virksomheden,,,,OK,,,,,,,Arbejdskrafts tjenester,
119,Work4s ApS,,,+4553666800,https://www.proff.dk/firma/work4s-aps/vissenbjerg/arbejdskrafts-tjenester/0PECYSI10LU,info@work4s.dk,,Du følger virksomheden,,,,OK,,,,,,,Arbejdskrafts tjenester,
120,ETP Energy ApS,,,,https://www.proff.dk/firma/etp-energy-aps/haslev/arbejdskrafts-tjenester/0N9FCZI10LU,i.borska@etpartners.pl,,Du følger virksomheden,,,,OK,,,,,,,Arbejdskrafts tjenester,
121,Temply ApS,,,+4570258741,https://www.proff.dk/firma/temply-aps/k%C3%B8benhavn-s/arbejdskrafts-tjenester/0MTWFAI10LU,bogholderi@temply.com,,Du følger virksomheden,,,,OK,,,,,,,Arbejdskrafts tjenester,
122,tm-rekruttering ApS,,,+4522979758,https://www.proff.dk/firma/tm-rekruttering-aps/s%C3%B8nderborg/arbejdskrafts-tjenester/0Q6OLYI10LU,mnnorup@gmail.com,,Du følger virksomheden,,,,OK,,,,,,,Arbejdskrafts tjenester,
123,JobButler ApS,,,+4530488484,https://www.proff.dk/firma/jobbutler-aps/k%C3%B8benhavn-sv/arbejdskrafts-tjenester/0N1VABI10LU,thomas@jobbutler.net,,Du følger virksomheden,,,,OK,,,,,,,Arbejdskrafts tjenester,
124,BFS Service ApS,,,+4550197364,https://www.proff.dk/firma/bfs-service-aps/frederikshavn/arbejdskrafts-tjenester/0LGR49I10LU,bobbyfarmserviceaps@gmail.com,,Du følger virksomheden,,,,OK,,,,,,,Arbejdskrafts tjenester,
125,SUNDVIKAR A/S,,,+4550203040,https://www.proff.dk/firma/sundvikar-as/birker%C3%B8d/arbejdskrafts-tjenester/0I5QBUI10LU,post@sundvikar.dk,,Du følger virksomheden,,,,OK,,,,,,,Arbejdskrafts tjenester,
126,PO Contractors ApS,,,,https://www.proff.dk/firma/po-contractors-aps/skagen/arbejdskrafts-tjenester/0QDSZYI10LU,info@po-contractors.dk,,Du følger virksomheden,,,,OK,,,,,,,Arbejdskrafts tjenester,
127,Kaveo Byggeservice ApS,,,,https://www.proff.dk/firma/kaveo-byggeservice-aps/k%C3%B8benhavn-s/arbejdskrafts-tjenester/0Q0XEEI10LU,info@kaveo.dk,,Du følger virksomheden,,,,OK,,,,,,,Arbejdskrafts tjenester,
128,SCR ApS,,,+4560515115,https://www.proff.dk/firma/scr-aps/viby-j/arbejdskrafts-tjenester/0FCLIKI10LU,scrfreelance@scr.dk,,Du følger virksomheden,,,,OK,,,,,,,Arbejdskrafts tjenester,
129,Komplex A/S,,,+4521731392,https://www.proff.dk/firma/komplex-as/hobro/arbejdskrafts-tjenester/H1XQC2I10LU,skr@norfolk.dk,,Du følger virksomheden,,,,OK,,,,,,,Arbejdskrafts tjenester,
130,Vikar Konsulenterne ApS,,,+4526240246,https://www.proff.dk/firma/vikar-konsulenterne-aps/fredericia/arbejdskrafts-tjenester/0M6LD7I10LU,kk@vikarkonsulenterne.dk,,Du følger virksomheden,,,,OK,,,,,,,Arbejdskrafts tjenester,
131,HUMANTRUST A/S,,,+4570200068,https://www.proff.dk/firma/humantrust-as/k%C3%B8benhavn-%C3%B8/arbejdskrafts-tjenester/H2A1H2I10LU,kontakt@humantrust.dk,,Du følger virksomheden,,,,OK,,,,,,,Arbejdskrafts tjenester,
132,CB af 21. maj 2026 ApS,,,+4560980640,https://www.proff.dk/firma/cb-af-21.-maj-2026-aps/kjellerup/arbejdskrafts-tjenester/H03FFQI10LU,bogholderi@colbar.dk,,Du følger virksomheden,,,,OK,,,,,,,Arbejdskrafts tjenester,
133,Helion B2B A/S,,,+4539457500,https://www.proff.dk/firma/helion-b2b-as/k%C3%B8benhavn-%C3%B8/arbejdskrafts-tjenester/GQX249I10LU,skh@abcity.dk,,Du følger virksomheden,,,,OK,,,,,,,Arbejdskrafts tjenester,
134,Norden Services ApS,,,+4571564395,https://www.proff.dk/firma/norden-services-aps/s%C3%B8borg/arbejdskrafts-tjenester/0ND2HKI10LU,norden.services@gmail.com,,Du følger virksomheden,,,,OK,,,,,,,Arbejdskrafts tjenester,
135,Actief Teknik Bureauet ApS,,,44440225,https://www.proff.dk/firma/actief-teknik-bureauet-aps/fredericia/arbejdskrafts-tjenester/H2DIHGI10LU,info@actief-teknikbureauet.dk,,Du følger virksomheden,,,,OK,,,,,,,Arbejdskrafts tjenester,
136,VikarStyrken.dk ApS,,,+4526857087,https://www.proff.dk/firma/vikarstyrken.dk-aps/glostrup/arbejdskrafts-tjenester/0OXRIUI10LU,info@vikarstyrken.dk,,Du følger virksomheden,,,,OK,,,,,,,Arbejdskrafts tjenester,
137,Tessero Denmark A/S,,,+4533383200,https://www.proff.dk/firma/tessero-denmark-as/k%C3%B8benhavn-k/arbejdskrafts-tjenester/0IEHF4I10LU,oekonomi@hays.dk,,Du følger virksomheden,,,,OK,,,,,,,Arbejdskrafts tjenester,
138,Pop Administration Kalundborg,,,25474926,https://www.proff.dk/firma/pop-administration-kalundborg/kalundborg/arbejdskrafts-tjenester/H1LLX3I10LU,pannadonna@stofanet.dk,,Du følger virksomheden,,,,OK,,,,,,,Arbejdskrafts tjenester,
139,Copenhagen Stage Crew ApS,,,+4550511003,https://www.proff.dk/firma/copenhagen-stage-crew-aps/k%C3%B8benhavn-v/arbejdskrafts-tjenester/0QJYCAI10LU,invoice@cphstagecrew.dk,,Du følger virksomheden,,,,OK,,,,,,,Arbejdskrafts tjenester,
140,Fredericia,,,+4531319661,https://www.proff.dk/firma/fredericia/fredericia/arbejdskrafts-tjenester/H1AVGII10LU,meh@tajgacrew.com,,Du følger virksomheden,,,,OK,,,,,,,Arbejdskrafts tjenester,
141,Personale-huset ApS,,,+4569160500,https://www.proff.dk/firma/personale-huset-aps/greve/arbejdskrafts-tjenester/0QOC4OI10LU,kontakt@personale-huset.dk,,Du følger virksomheden,,,,OK,,,,,,,Arbejdskrafts tjenester,
142,Selekt Vikar og Rekruttering ApS,,,+4570777075,https://www.proff.dk/firma/selekt-vikar-og-rekruttering-aps/skanderborg/arbejdskrafts-tjenester/0NX0SJI10LU,info@selekt.dk,,Du følger virksomheden,,,,OK,,,,,,,Arbejdskrafts tjenester,
143,Vikar-Alliancen ApS,,,+4531623126,https://www.proff.dk/firma/vikar-alliancen-aps/k%C3%B8benhavn-s/arbejdskrafts-tjenester/0QS1VAI10LU,info@vikar-alliancen.dk,,Du følger virksomheden,,,,OK,,,,,,,Arbejdskrafts tjenester,
144,JOB - LINK A/S,,,+4540602000,https://www.proff.dk/firma/job-link-as/charlottenlund/arbejdskrafts-tjenester/0KNMCII10LU,holm@job-link.dk,,Du følger virksomheden,,,,OK,,,,,,,Arbejdskrafts tjenester,
145,Nexa Project A/S,,,+4541303031,https://www.proff.dk/firma/nexa-project-as/aalborg-sv/arbejdskrafts-tjenester/0R1JNRI10LU,info@nexaproject.dk,,Du følger virksomheden,,,,OK,,,,,,,Arbejdskrafts tjenester,
146,MJ Slagteriservice ApS,,,,https://www.proff.dk/firma/mj-slagteriservice-aps/fjerritslev/arbejdskrafts-tjenester/0Q6C6NI10LU,jkokornum@gmail.com,,Du følger virksomheden,,,,OK,,,,,,,Arbejdskrafts tjenester,
147,ATHENEA ApS,,,+4526833305,https://www.proff.dk/firma/athenea-aps/tisvildeleje/arbejdskrafts-tjenester/GWJDWFI10LU,hmorck37@gmail.com,,Du følger virksomheden,,,,OK,,,,,,,Arbejdskrafts tjenester,
148,myWork Denmark ApS,,,,https://www.proff.dk/firma/mywork-denmark-aps/k%C3%B8benhavn-k/arbejdskrafts-tjenester/0R1LRNI10LU,markus.linhart@wemark.ch,,Du følger virksomheden,,,,OK,,,,,,,Arbejdskrafts tjenester,
149,PROSELECTION ApS,,,+4570227079,https://www.proff.dk/firma/proselection-aps/k%C3%B8benhavn-k/arbejdskrafts-tjenester/0J3QL8I10LU,kontakt@proselection.dk,,Du følger virksomheden,,,,OK,,,,,,,Arbejdskrafts tjenester,
150,Psyk Vikarservice ApS,,,+4576756000,https://www.proff.dk/firma/psyk-vikarservice-aps/kolding/arbejdskrafts-tjenester/GZ1XDJI10LU,kontakt@psyk-vikarservice.dk,,Du følger virksomheden,,,,OK,,,,,,,Arbejdskrafts tjenester,
151,BWES ApS,,,+4520777751,https://www.proff.dk/firma/bwes-aps/kalundborg/arbejdskrafts-tjenester/GWLKFCI10LU,fh@bwes.dk,,Du følger virksomheden,,,,OK,,,,,,,Arbejdskrafts tjenester,
152,S.M Gruppen ApS,,,,https://www.proff.dk/firma/s.m-gruppen-aps/k%C3%B8ge/arbejdskrafts-tjenester/0QA702I10LU,saramelanii@hotmail.com,,Du følger virksomheden,,,,OK,,,,,,,Arbejdskrafts tjenester,
153,Specialteamet ApS,,,+4553833663,https://www.proff.dk/firma/specialteamet-aps/helsinge/arbejdskrafts-tjenester/0Q3UMXI10LU,info@specialteamet.dk,,Du følger virksomheden,,,,OK,,,,,,,Arbejdskrafts tjenester,
154,Bluetemp.dk ApS,,,+4570605430,https://www.proff.dk/firma/bluetemp.dk-aps/aarhus-c/arbejdskrafts-tjenester/0PE8TBI10LU,info@bluetemp.dk,,Du følger virksomheden,,,,OK,,,,,,,Arbejdskrafts tjenester,
155,InCite Robotics ApS,,,+4524408094,https://www.proff.dk/firma/incite-robotics-aps/odense-s/arbejdskrafts-tjenester/0OQN9FI10LU,mhn@inciterobotics.com,,Du følger virksomheden,,,,OK,,,,,,,Arbejdskrafts tjenester,
156,Venaris Executive Search ApS,,,+4531270239,https://www.proff.dk/firma/venaris-executive-search-aps/k%C3%B8benhavn-v/arbejdskrafts-tjenester/0OJGCCI10LU,mi@venaris.dk,,Du følger virksomheden,,,,OK,,,,,,,Arbejdskrafts tjenester,
157,Resolut - Helt Rent ApS,,,+4528189193,https://www.proff.dk/firma/resolut-helt-rent-aps/aabybro/arbejdskrafts-tjenester/0Q7A7QI10LU,jarl@resolut.dk,,Du følger virksomheden,,,,OK,,,,,,,Arbejdskrafts tjenester,
158,Unique Århus,,,+4533120055,https://www.proff.dk/firma/unique-%C3%A5rhus/aarhus-c/arbejdskrafts-tjenester/GTDRC7I10LU,acc@unique.dk,,Du følger virksomheden,,,,OK,,,,,,,Arbejdskrafts tjenester,
159,Nazar & Co ApS,,,+4561222215,https://www.proff.dk/firma/nazar-co-aps/hiller%C3%B8d/arbejdskrafts-tjenester/0N3KNTI10LU,nazar-co.dk@hotmail.com,,Du følger virksomheden,,,,OK,,,,,,,Arbejdskrafts tjenester,
160,INTERSEC A/S,,,+4527111333,https://www.proff.dk/firma/intersec-as/gentofte/arbejdskrafts-tjenester/0JST07I10LU,ab@intersec.dk,,Du følger virksomheden,,,,OK,,,,,,,Arbejdskrafts tjenester,
161,VKAREN.DK Fredericia,,,+4570152010,https://www.proff.dk/firma/vkaren.dk-fredericia/fredericia/arbejdskrafts-tjenester/GVQBB8I10LU,vkaren@vkaren.dk,,Du følger virksomheden,,,,OK,,,,,,,Arbejdskrafts tjenester,
162,SoSu Vikaren ApS,,,+4528781095,https://www.proff.dk/firma/sosu-vikaren-aps/fredericia/arbejdskrafts-tjenester/0OT7FFI10LU,kontakt@sosuvikaren.dk,,Du følger virksomheden,,,,OK,,,,,,,Arbejdskrafts tjenester,
163,Global Vikar ApS,,,+4550330500,https://www.proff.dk/firma/global-vikar-aps/stenl%C3%B8se/arbejdskrafts-tjenester/0LUBQVI10LU,mb@globalvikar.dk,,Du følger virksomheden,,,,OK,,,,,,,Arbejdskrafts tjenester,
164,AH Manpower ApS,,,+4561516060,https://www.proff.dk/firma/ah-manpower-aps/aabenraa/arbejdskrafts-tjenester/0NFRXNI10LU,info@ah-manpower.dk,,Du følger virksomheden,,,,OK,,,,,,,Arbejdskrafts tjenester,
165,AGERSKOV VIKARBUREAU ApS,,,,https://www.proff.dk/firma/agerskov-vikarbureau-aps/kolding/arbejdskrafts-tjenester/0D046WI10LU,kennethvikar@gmail.com,,Du følger virksomheden,,,,OK,,,,,,,Arbejdskrafts tjenester,
166,DANSK SVEJSE- OG RØRMONTAGE ApS,,,,https://www.proff.dk/firma/dansk-svejse-og-r%C3%B8rmontage-aps/sk%C3%A6lsk%C3%B8r/arbejdskrafts-tjenester/0G8YTCI10LU,info@dsrmontage.dk,,Du følger virksomheden,,,,OK,,,,,,,Arbejdskrafts tjenester,
167,TN Service ApS,,,,https://www.proff.dk/firma/tn-service-aps/hj%C3%B8rring/arbejdskrafts-tjenester/0O69AJI10LU,torben@tn-s.dk,,Du følger virksomheden,,,,OK,,,,,,,Arbejdskrafts tjenester,
168,DTD Projects - Egå,,,+4570202622,https://www.proff.dk/firma/dtd-projects-eg%C3%A5/eg%C3%A5/arbejdskrafts-tjenester/H1QSJRI10LU,oko@downthedrain.dk,,Du følger virksomheden,,,,OK,,,,,,,Arbejdskrafts tjenester,
169,CAPAX RECRUITMENT ApS,,,+4570207510,https://www.proff.dk/firma/capax-recruitment-aps/nordhavn/arbejdskrafts-tjenester/0JP0O6I10LU,contact@capaxrecruitment.com,,Du følger virksomheden,,,,OK,,,,,,,Arbejdskrafts tjenester,
170,Admin Office ApS,,,+4572207017,https://www.proff.dk/firma/admin-office-aps/fredericia/arbejdskrafts-tjenester/H0K3FBI10LU,adof.aps@gmail.com,,Du følger virksomheden,,,,OK,,,,,,,Arbejdskrafts tjenester,
171,RBJ Mandskab ApS,,,+4560639126,https://www.proff.dk/firma/rbj-mandskab-aps/aabenraa/arbejdskrafts-tjenester/0NFU0ZI10LU,rbjmandskab@gmail.com,,Du følger virksomheden,,,,OK,,,,,,,Arbejdskrafts tjenester,
172,Green Alliance ApS,,,,https://www.proff.dk/firma/green-alliance-aps/s%C3%B8borg/arbejdskrafts-tjenester/GVJ5R7I10LU,asad@dukaan.dk,,Du følger virksomheden,,,,OK,,,,,,,Arbejdskrafts tjenester,
173,Go-Nordic ApS,,,+4540162008,https://www.proff.dk/firma/go-nordic-aps/nyborg/arbejdskrafts-tjenester/0MLM9FI10LU,d068466@dadlnet.dk,,Du følger virksomheden,,,,OK,,,,,,,Arbejdskrafts tjenester,
174,Tradecap Sundhedsservice ApS,,,+4528240404,https://www.proff.dk/firma/tradecap-sundhedsservice-aps/frederiksberg/arbejdskrafts-tjenester/GXJ9HZI10LU,info@tssbureau.dk,,Du følger virksomheden,,,,OK,,,,,,,Arbejdskrafts tjenester,
175,Omsorg365 ApS,,,+4570605533,https://www.proff.dk/firma/omsorg365-aps/drag%C3%B8r/arbejdskrafts-tjenester/H1VAR3I10LU,kontakt@omsorg365.dk,,Du følger virksomheden,,,,OK,,,,,,,Arbejdskrafts tjenester,
176,CITYCALLCENTER ApS,,,,https://www.proff.dk/firma/citycallcenter-aps/k%C3%B8benhavn-k/arbejdskrafts-tjenester/0FZLZTI10LU,info@citycallcenter.dk,,Du følger virksomheden,,,,OK,,,,,,,Arbejdskrafts tjenester,
177,NHS MARITIME INDUSTRI ApS,,,+4540544706,https://www.proff.dk/firma/nhs-maritime-industri-aps/n%C3%B8rresundby/arbejdskrafts-tjenester/0K5U9TI10LU,info@nhsmaritimeindustri.dk,,Du følger virksomheden,,,,OK,,,,,,,Arbejdskrafts tjenester,
178,CuraVikar ApS,,,+4520782222,https://www.proff.dk/firma/curavikar-aps/slagelse/arbejdskrafts-tjenester/0PYOM6I10LU,kontakt@curavikar.dk,,Du følger virksomheden,,,,OK,,,,,,,Arbejdskrafts tjenester,
179,Cooljobs Care ApS,,,,https://www.proff.dk/firma/cooljobs-care-aps/k%C3%B8benhavn-s/arbejdskrafts-tjenester/0P8267I10LU,sm@cooljobscare.dk,,Du følger virksomheden,,,,OK,,,,,,,Arbejdskrafts tjenester,
180,SAM Executive Search A/S,,,+4570220205,https://www.proff.dk/firma/sam-executive-search-as/kokkedal/arbejdskrafts-tjenester/GUIWSWI10LU,info@sam-int.com,,Du følger virksomheden,,,,OK,,,,,,,Arbejdskrafts tjenester,
181,Nem vikar Aps,,,+4527988855,https://www.proff.dk/firma/nem-vikar-aps/hvidovre/arbejdskrafts-tjenester/GZN2S1I10LU,info@nemvikar-aps.dk,,Du følger virksomheden,,,,OK,,,,,,,Arbejdskrafts tjenester,
182,Hudson,,,+4570277733,https://www.proff.dk/firma/hudson/kolding/arbejdskrafts-tjenester/GSG8AKI10LU,dk@hudson.dk,,Du følger virksomheden,,,,OK,,,,,,,Arbejdskrafts tjenester,
183,TempNorth Vikar ApS,,,+4551502851,https://www.proff.dk/firma/tempnorth-vikar-aps/snekkersten/arbejdskrafts-tjenester/0NOV5HI10LU,info@tempnorth.com,,Du følger virksomheden,,,,OK,,,,,,,Arbejdskrafts tjenester,
184,Workstaff P/S,,,,https://www.proff.dk/firma/workstaff-ps/bj%C3%A6verskov/arbejdskrafts-tjenester/H2NOHAI10LU,info@workstaff.dk,,Du følger virksomheden,,,,OK,,,,,,,Arbejdskrafts tjenester,
185,MAMI Film Service K/S,,,+4561466330,https://www.proff.dk/firma/mami-film-service-ks/k%C3%B8benhavn-s/arbejdskrafts-tjenester/0Q7YVWI10LU,mille@cphcasting.dk,,Du følger virksomheden,,,,OK,,,,,,,Arbejdskrafts tjenester,
186,BAY TRANSPORT APS,,,+4552402785,https://www.proff.dk/firma/bay-transport-aps/hvidovre/arbejdskrafts-tjenester/GXE92MI10LU,baytransport@outlook.dk,,Du følger virksomheden,,,,OK,,,,,,,Arbejdskrafts tjenester,
187,Nordic Interim A/S,,,+4570226555,https://www.proff.dk/firma/nordic-interim-as/k%C3%B8benhavn-k/arbejdskrafts-tjenester/GO8UAWI10LU,info@nexus-interim.dk,,Du følger virksomheden,,,,OK,,,,,,,Arbejdskrafts tjenester,
188,C Vikar ApS,,,+4525800202,https://www.proff.dk/firma/c-vikar-aps/aalborg-sv/arbejdskrafts-tjenester/0PEIFJI10LU,mh@connecgroup.dk,,Du følger virksomheden,,,,OK,,,,,,,Arbejdskrafts tjenester,
189,NRG Denmark A/S,,,,https://www.proff.dk/firma/nrg-denmark-as/k%C3%B8benhavn-k/arbejdskrafts-tjenester/0JIAF1I10LU,finance@nordicretailgroup.com,,Du følger virksomheden,,,,OK,,,,,,,Arbejdskrafts tjenester,
190,Kar+Co ApS,,,22928716,https://www.proff.dk/firma/karco-aps/ballerup/arbejdskrafts-tjenester/GVLFMFI10LU,fh@kar.co.com,,Du følger virksomheden,,,,OK,,,,,,,Arbejdskrafts tjenester,
191,PeopleFocus ApS,,,+4577301110,https://www.proff.dk/firma/peoplefocus-aps/n%C3%B8rresundby/arbejdskrafts-tjenester/0P9WLGI10LU,kontakt@peoplefocus.dk,,Du følger virksomheden,,,,OK,,,,,,,Arbejdskrafts tjenester,
192,G M Universal ApS,,,+4552228599,https://www.proff.dk/firma/g-m-universal-aps/fr%C3%B8rup/arbejdskrafts-tjenester/0NBX82I10LU,genute65@gmail.com,,Du følger virksomheden,,,,OK,,,,,,,Arbejdskrafts tjenester,
193,Procur ApS,,,+4532151010,https://www.proff.dk/firma/procur-aps/glamsbjerg/arbejdskrafts-tjenester/GXY351I10LU,info@procur.dk,,Du følger virksomheden,,,,OK,,,,,,,Arbejdskrafts tjenester,
194,Team Vendelbo Afd. Djursland ApS,,,+4540458190,https://www.proff.dk/firma/team-vendelbo-afd.-djursland-aps/viby-j/arbejdskrafts-tjenester/0OAQORI10LU,info@teamvendelbo.dk,,Du følger virksomheden,,,,OK,,,,,,,Arbejdskrafts tjenester,
195,Northern Partners Contracting ApS,,,+4570605606,https://www.proff.dk/firma/northern-partners-contracting-aps/k%C3%B8benhavn-k/arbejdskrafts-tjenester/0POWF1I10LU,contact@northernpartners.eu,,Du følger virksomheden,,,,OK,,,,,,,Arbejdskrafts tjenester,
196,PROVITEC ApS,,,51230230,https://www.proff.dk/firma/provitec-aps/hadsund/arbejdskrafts-tjenester/0I06OAI10LU,finn.lange@provitec.dk,,Du følger virksomheden,,,,OK,,,,,,,Arbejdskrafts tjenester,
197,TS Supportteam ApS,,,,https://www.proff.dk/firma/ts-supportteam-aps/randers-nv/arbejdskrafts-tjenester/0OGK6PI10LU,ts@ts-supportteam.dk,,Du følger virksomheden,,,,OK,,,,,,,Arbejdskrafts tjenester,
198,SCOOP MODELS OF COPENHAGEN ApS,,,+4533141013,https://www.proff.dk/firma/scoop-models-of-copenhagen-aps/k%C3%B8benhavn-k/arbejdskrafts-tjenester/09OO33I10LU,jesper@scoopmodels.com,,Du følger virksomheden,,,,OK,,,,,,,Arbejdskrafts tjenester,
199,Husbjerggaard Mandskabsudlejning ApS,,,+4522112012,https://www.proff.dk/firma/husbjerggaard-mandskabsudlejning-aps/sor%C3%B8/arbejdskrafts-tjenester/0O6H2YI10LU,emil@husbjerggaard.com,,Du følger virksomheden,,,,OK,,,,,,,Arbejdskrafts tjenester,
200,SD Scandinavia ApS,,,+4522343501,https://www.proff.dk/firma/sd-scandinavia-aps/frederikshavn/arbejdskrafts-tjenester/0PU4H6I10LU,sdscandinavia@gmail.com,,Du følger virksomheden,,,,OK,,,,,,,Arbejdskrafts tjenester,
201,Tjenerskolen ApS,,,+4526219905,https://www.proff.dk/firma/tjenerskolen-aps/k%C3%B8benhavn-k/arbejdskrafts-tjenester/0PF9J7I10LU,fm@tjenerskolen.dk,,Du følger virksomheden,,,,OK,,,,,,,Arbejdskrafts tjenester,
202,Omega Service ApS,,,+4553754111,https://www.proff.dk/firma/omega-service-aps/k%C3%B8benhavn-v/arbejdskrafts-tjenester/0QZ0B9I10LU,info@omegas.dk,,Du følger virksomheden,,,,OK,,,,,,,Arbejdskrafts tjenester,
203,Indsatskonsulenterne ApS,,,+4550952575,https://www.proff.dk/firma/indsatskonsulenterne-aps/nyk%C3%B8bing-f/arbejdskrafts-tjenester/0MVY0DI10LU,jannik1972@gmail.com,,Du følger virksomheden,,,,OK,,,,,,,Arbejdskrafts tjenester,
204,MANFLEX ApS,,,,https://www.proff.dk/firma/manflex-aps/br%C3%B8nsh%C3%B8j/arbejdskrafts-tjenester/0LJU9DI10LU,post@manflex.dk,,Du følger virksomheden,,,,OK,,,,,,,Arbejdskrafts tjenester,
205,Karlsen Service ApS,,,,https://www.proff.dk/firma/karlsen-service-aps/fredericia/arbejdskrafts-tjenester/0N30R4I10LU,jesperkarlsen-sp@hotmail.com,,Du følger virksomheden,,,,OK,,,,,,,Arbejdskrafts tjenester,
206,Generate International Denmark ApS,,,,https://www.proff.dk/firma/generate-international-denmark-aps/k%C3%B8benhavn-k/arbejdskrafts-tjenester/0PA6H0I10LU,contractorcare@generate-fs.co.uk,,Du følger virksomheden,,,,OK,,,,,,,Arbejdskrafts tjenester,
207,Strax Vikar ApS,,,+4549494932,https://www.proff.dk/firma/strax-vikar-aps/aarhus-v/arbejdskrafts-tjenester/H04P7OI10LU,info@straxvikar.dk,,Du følger virksomheden,,,,OK,,,,,,,Arbejdskrafts tjenester,
208,Nextt & Mason A/S,,,+4543332780,https://www.proff.dk/firma/nextt-mason-as/k%C3%B8benhavn-%C3%B8/arbejdskrafts-tjenester/0HTM2YI10LU,chs@nexttandmason.com,,Du følger virksomheden,,,,OK,,,,,,,Arbejdskrafts tjenester,
209,RAVN Co-Pack ApS,,,+4531116669,https://www.proff.dk/firma/ravn-co-pack-aps/k%C3%B8benhavn-n/arbejdskrafts-tjenester/0Q0Y1NI10LU,info@ravn-bane.dk,,Du følger virksomheden,,,,OK,,,,,,,Arbejdskrafts tjenester,
210,CONVISION A/S,,,,https://www.proff.dk/firma/convision-as/k%C3%B8benhavn-v/arbejdskrafts-tjenester/07VZJHI10LU,info@convision.dk,,Du følger virksomheden,,,,OK,,,,,,,Arbejdskrafts tjenester,
211,DSC Global Rekruttering ApS,,,+4550164949,https://www.proff.dk/firma/dsc-global-rekruttering-aps/frederikshavn/arbejdskrafts-tjenester/0QZ6ZYI10LU,dscrekrutterind@gmail.com,,Du følger virksomheden,,,,OK,,,,,,,Arbejdskrafts tjenester,
212,DMO GROUP ApS,,,+4526781485,https://www.proff.dk/firma/dmo-group-aps/k%C3%B8benhavn-%C3%B8/arbejdskrafts-tjenester/0LGZQLI10LU,kundeservice@dmo-group.dk,,Du følger virksomheden,,,,OK,,,,,,,Arbejdskrafts tjenester,
213,Vikarholdet.dk - Odense,,,+4531441706,https://www.proff.dk/firma/vikarholdet.dk-odense/odense-c/arbejdskrafts-tjenester/GZ9UF3I10LU,info@vikarholdet.dk,,Du følger virksomheden,,,,OK,,,,,,,Arbejdskrafts tjenester,
214,Newjob.dk ApS,,,,https://www.proff.dk/firma/newjob.dk-aps/odense-c/arbejdskrafts-tjenester/0O7O2QI10LU,jr@newjob.dk,,Du følger virksomheden,,,,OK,,,,,,,Arbejdskrafts tjenester,
215,Høgsbro+ ApS,,,+4550806212,https://www.proff.dk/firma/h%C3%B8gsbro-aps/k%C3%B8ge/arbejdskrafts-tjenester/GYAK3VI10LU,c.hoegsbro@h-plus.dk,,Du følger virksomheden,,,,OK,,,,,,,Arbejdskrafts tjenester,
216,Ax Manpower ApS,,,+4522197219,https://www.proff.dk/firma/ax-manpower-aps/k%C3%B8benhavn-sv/arbejdskrafts-tjenester/0Q6EHYI10LU,axmanpower@outlook.dk,,Du følger virksomheden,,,,OK,,,,,,,Arbejdskrafts tjenester,
217,VIKAR MAYDAY ApS,,,+4536480220,https://www.proff.dk/firma/vikar-mayday-aps/br%C3%B8ndby/arbejdskrafts-tjenester/0HN7M3I10LU,charlotte@vikarmayday.dk,,Du følger virksomheden,,,,OK,,,,,,,Arbejdskrafts tjenester,
218,HØM ApS,,,,https://www.proff.dk/firma/h%C3%B8m-aps/ribe/arbejdskrafts-tjenester/0N8QBKI10LU,info@ggregnskab.dk,,Du følger virksomheden,,,,OK,,,,,,,Arbejdskrafts tjenester,
219,Konforza A/S,,,,https://www.proff.dk/firma/konforza-as/hj%C3%B8rring/arbejdskrafts-tjenester/H2RD1HI10LU,hoe@wind360.dk,,Du følger virksomheden,,,,OK,,,,,,,Arbejdskrafts tjenester,
220,JobConnection ApS,,,+4531222111,https://www.proff.dk/firma/jobconnection-aps/aalborg-%C3%B8st/arbejdskrafts-tjenester/0MTYPMI10LU,tik@crew4you.dk,,Du følger virksomheden,,,,OK,,,,,,,Arbejdskrafts tjenester,
221,jjfoodsolution ApS,,,+4528918868,https://www.proff.dk/firma/jjfoodsolution-aps/vanl%C3%B8se/arbejdskrafts-tjenester/GZXT1HI10LU,oldager70@hotmail.com,,Du følger virksomheden,,,,OK,,,,,,,Arbejdskrafts tjenester,
222,Tempo Copenhagen ApS,,,,https://www.proff.dk/firma/tempo-copenhagen-aps/kongens-lyngby/arbejdskrafts-tjenester/0OVK3SI10LU,info@tempo-copenhagen.dk,,Du følger virksomheden,,,,OK,,,,,,,Arbejdskrafts tjenester,
223,Agence ApS,,,,https://www.proff.dk/firma/agence-aps/viborg/arbejdskrafts-tjenester/0QYHC2I10LU,rolands@agence.lv,,Du følger virksomheden,,,,OK,,,,,,,Arbejdskrafts tjenester,
224,"MultiCare, Korsør ApS",,,+4522627285,https://www.proff.dk/firma/multicare-kors%C3%B8r-aps/kors%C3%B8r/arbejdskrafts-tjenester/0H2B8ZI10LU,kontakt@multiaps.dk,,Du følger virksomheden,,,,OK,,,,,,,Arbejdskrafts tjenester,
225,AktivIndsats Aps - Holbæk,,,+4532860000,https://www.proff.dk/firma/aktivindsats-aps-holb%C3%A6k/holb%C3%A6k/arbejdskrafts-tjenester/H1GGS7I10LU,je@aktivindsats.dk,,Du følger virksomheden,,,,OK,,,,,,,Arbejdskrafts tjenester,
226,JEAS ApS,,,+4554553000,https://www.proff.dk/firma/jeas-aps/gr%C3%A5sten/arbejdskrafts-tjenester/GZXJF3I10LU,info@jeas.nu,,Du følger virksomheden,,,,OK,,,,,,,Arbejdskrafts tjenester,
227,Byggebroen Øst,,,+4524758058,https://www.proff.dk/firma/byggebroen-%C3%B8st/havdrup/arbejdskrafts-tjenester/H2PLR8I10LU,info@byggebroen.dk,,Du følger virksomheden,,,,OK,,,,,,,Arbejdskrafts tjenester,
228,BHR Group ApS,,,+4593937393,https://www.proff.dk/firma/bhr-group-aps/greve/arbejdskrafts-tjenester/0O6ORXI10LU,info@bhrservice.dk,,Du følger virksomheden,,,,OK,,,,,,,Arbejdskrafts tjenester,
229,NBB Group ApS,,,+4530219921,https://www.proff.dk/firma/nbb-group-aps/st%C3%B8vring/arbejdskrafts-tjenester/0LC44VI10LU,info@nbbgroup.dk,,Du følger virksomheden,,,,OK,,,,,,,Arbejdskrafts tjenester,
230,Annas Kvindehjem,,,61712412,https://www.proff.dk/firma/annas-kvindehjem/esperg%C3%A6rde/arbejdskrafts-tjenester/H1V0AFI10LU,adm@trygge.dk,,Du følger virksomheden,,,,OK,,,,,,,Arbejdskrafts tjenester,
231,ZentroPeople ApS,,,+4553860760,https://www.proff.dk/firma/zentropeople-aps/odense-sv/arbejdskrafts-tjenester/0MZVPKI10LU,hjt@zentropeople.dk,,Du følger virksomheden,,,,OK,,,,,,,Arbejdskrafts tjenester,
232,LB ApS,,,,https://www.proff.dk/firma/lb-aps/odense-nv/arbejdskrafts-tjenester/0Q37E9I10LU,steffan@lucas-bemenning.dk,,Du følger virksomheden,,,,OK,,,,,,,Arbejdskrafts tjenester,
233,DLS Service ApS,,,+4550243484,https://www.proff.dk/firma/dls-service-aps/r%C3%B8nnede/arbejdskrafts-tjenester/0PP1SFI10LU,dlsapsoffice@gmail.com,,Du følger virksomheden,,,,OK,,,,,,,Arbejdskrafts tjenester,
234,VIKARTOTEKET ApS,,,+4540401218,https://www.proff.dk/firma/vikartoteket-aps/gilleleje/arbejdskrafts-tjenester/0ISTT2I10LU,info@vikartoteket.dk,,Du følger virksomheden,,,,OK,,,,,,,Arbejdskrafts tjenester,
235,KTB Service ApS,,,+4560151822,https://www.proff.dk/firma/ktb-service-aps/charlottenlund/arbejdskrafts-tjenester/0QFRVXI10LU,ktbservicea@gmail.com,,Du følger virksomheden,,,,OK,,,,,,,Arbejdskrafts tjenester,
236,LETVIKAR ApS,,,,https://www.proff.dk/firma/letvikar-aps/albertslund/arbejdskrafts-tjenester/0PUBM8I10LU,letvikar@gmail.com,,Du følger virksomheden,,,,OK,,,,,,,Arbejdskrafts tjenester,
237,Flexistaff ApS,,,,https://www.proff.dk/firma/flexistaff-aps/greve/arbejdskrafts-tjenester/0QA1EXI10LU,post@flexistaff.dk,,Du følger virksomheden,,,,OK,,,,,,,Arbejdskrafts tjenester,
238,Rosted & Partners ApS,,,+4552221962,https://www.proff.dk/firma/rosted-partners-aps/k%C3%B8benhavn-k/arbejdskrafts-tjenester/0MQE6II10LU,jacob@rosted.io,,Du følger virksomheden,,,,OK,,,,,,,Arbejdskrafts tjenester,
239,Hema Entreprise ApS,,,+4535951217,https://www.proff.dk/firma/hema-entreprise-aps/k%C3%B8ge/arbejdskrafts-tjenester/0Q4MV6I10LU,entreprisehema@gmail.com,,Du følger virksomheden,,,,OK,,,,,,,Arbejdskrafts tjenester,
240,Vesterlundvej,,,+4569606017,https://www.proff.dk/firma/vesterlundvej/give/arbejdskrafts-tjenester/H20XFBI10LU,vera@multimarketing.dk,,Du følger virksomheden,,,,OK,,,,,,,Arbejdskrafts tjenester,
241,Newhands ApS,,,+4581818108,https://www.proff.dk/firma/newhands-aps/glostrup/arbejdskrafts-tjenester/0O9P80I10LU,info@newhands.dk,,Du følger virksomheden,,,,OK,,,,,,,Arbejdskrafts tjenester,
242,EXPERIS A/S,,,+4545902800,https://www.proff.dk/firma/experis-as/taastrup/arbejdskrafts-tjenester/0FL722I10LU,info@dk.experis.com,,Du følger virksomheden,,,,OK,,,,,,,Arbejdskrafts tjenester,
243,Marketingcapacity.dk ApS,,,+4529930790,https://www.proff.dk/firma/marketingcapacity.dk-aps/kongens-lyngby/arbejdskrafts-tjenester/0MNH4LI10LU,carsten@marketingcapacity.dk,,Du følger virksomheden,,,,OK,,,,,,,Arbejdskrafts tjenester,
244,Black Swans Exist ApS,,,+4578768448,https://www.proff.dk/firma/black-swans-exist-aps/hellerup/arbejdskrafts-tjenester/0ONIHSI10LU,p.christensen@blackswansexist.com,,Du følger virksomheden,,,,OK,,,,,,,Arbejdskrafts tjenester,
245,NIGEL WRIGHT CONSULTANCY DENMARK ApS,,,+4570278601,https://www.proff.dk/firma/nigel-wright-consultancy-denmark-aps/k%C3%B8benhavn-k/arbejdskrafts-tjenester/0IEE5HI10LU,mark.ingleson@nigelwright.com,,Du følger virksomheden,,,,OK,,,,,,,Arbejdskrafts tjenester,
246,Bostedets Psykiatri og Sikkerhed ApS,,,+4525110000,https://www.proff.dk/firma/bostedets-psykiatri-og-sikkerhed-aps/vestbjerg/arbejdskrafts-tjenester/0QQW8EI10LU,kbt-consult@hotmail.com,,Du følger virksomheden,,,,OK,,,,,,,Arbejdskrafts tjenester,
247,Ad-Hoc Service ApS,,,+4577355000,https://www.proff.dk/firma/ad-hoc-service-aps/toftlund/arbejdskrafts-tjenester/GYUKUEI10LU,kontakt@ad-hoc-service.dk,,Du følger virksomheden,,,,OK,,,,,,,Arbejdskrafts tjenester,
248,LABVIKAR ApS,,,+4550701972,https://www.proff.dk/firma/labvikar-aps/odense-c/arbejdskrafts-tjenester/0IQTY8I10LU,kunde@labvikar.dk,,Du følger virksomheden,,,,OK,,,,,,,Arbejdskrafts tjenester,
249,VIRKSOMHEDSPORTEN A/S,,,+4576300101,https://www.proff.dk/firma/virksomhedsporten-as/l%C3%B8sning/arbejdskrafts-tjenester/GTZ8BCI10LU,ramsdal@ramsdalgruppen.dk,,Du følger virksomheden,,,,OK,,,,,,,Arbejdskrafts tjenester,
250,FirmaVikar - Vikar & Rekruttering ApS,,,,https://www.proff.dk/firma/firmavikar-vikar-rekruttering-aps/r%C3%B8dovre/arbejdskrafts-tjenester/0PNY4GI10LU,virk@firmavikar.dk,,Du følger virksomheden,,,,OK,,,,,,,Arbejdskrafts tjenester,
251,3 Axels Transport ApS,,,+4552783136,https://www.proff.dk/firma/3-axels-transport-aps/tureby/arbejdskrafts-tjenester/GZZ5JNI10LU,3axelst@gmail.com,,Du følger virksomheden,,,,OK,,,,,,,Arbejdskrafts tjenester,
252,Job Vision A/S Aarhus Skejby,,,+4570103335,https://www.proff.dk/firma/job-vision-as-aarhus-skejby/aarhus-n/arbejdskrafts-tjenester/H2R7R9I10LU,jobvision@jobvision.dk,,Du følger virksomheden,,,,OK,,,,,,,Arbejdskrafts tjenester,
253,JobDanmark ApS,,,+4565455300,https://www.proff.dk/firma/jobdanmark-aps/frederiksberg-c/arbejdskrafts-tjenester/H1TMTPI10LU,kontakt@jobdanmark.dk,,Du følger virksomheden,,,,OK,,,,,,,Arbejdskrafts tjenester,
254,Unique Human Capital A/S,,,+4570206700,https://www.proff.dk/firma/unique-human-capital-as/aarhus-c/arbejdskrafts-tjenester/GT43V7I10LU,mail@uhc.dk,,Du følger virksomheden,,,,OK,,,,,,,Arbejdskrafts tjenester,
255,Nielsen & Nohr Group ApS,,,+4551181898,https://www.proff.dk/firma/nielsen-nohr-group-aps/h%C3%B8rning/arbejdskrafts-tjenester/0JDVN9I10LU,nn.befaestning@gmail.com,,Du følger virksomheden,,,,OK,,,,,,,Arbejdskrafts tjenester,
256,Radiologyscan ApS,,,+4552650910,https://www.proff.dk/firma/radiologyscan-aps/herlev/arbejdskrafts-tjenester/0QFAB5I10LU,aarhus06@yahoo.dk,,Du følger virksomheden,,,,OK,,,,,,,Arbejdskrafts tjenester,
257,AUNSLEV GRUPPEN ApS,,,+4577337070,https://www.proff.dk/firma/aunslev-gruppen-aps/nyborg/arbejdskrafts-tjenester/0OKNGAI10LU,info@aunslev.com,,Du følger virksomheden,,,,OK,,,,,,,Arbejdskrafts tjenester,
258,Asgaard Recruitment ApS,,,,https://www.proff.dk/firma/asgaard-recruitment-aps/horsens/arbejdskrafts-tjenester/H2UC61I10LU,nysgerrig@asgaardrecruitment.dk,,Du følger virksomheden,,,,OK,,,,,,,Arbejdskrafts tjenester,
259,Axelsen ApS,,,+4530403043,https://www.proff.dk/firma/axelsen-aps/odense-s%C3%B8/arbejdskrafts-tjenester/0MEFTSI10LU,lv.axelsen@gmail.com,,Du følger virksomheden,,,,OK,,,,,,,Arbejdskrafts tjenester,
260,VAV service ApS,,,,https://www.proff.dk/firma/vav-service-aps/%C3%A5lb%C3%A6k/arbejdskrafts-tjenester/0P1YQ2I10LU,palle737@hotmail.com,,Du følger virksomheden,,,,OK,,,,,,,Arbejdskrafts tjenester,
261,Norstaff ApS,,,+4570909070,https://www.proff.dk/firma/norstaff-aps/r%C3%B8dovre/arbejdskrafts-tjenester/085KJPI10LU,sos@norstaff.dk,,Du følger virksomheden,,,,OK,,,,,,,Arbejdskrafts tjenester,
262,MARPRO Group ApS,,,+4553700995,https://www.proff.dk/firma/marpro-group-aps/helsing%C3%B8r/arbejdskrafts-tjenester/0N0E9JI10LU,info@marpro.dk,,Du følger virksomheden,,,,OK,,,,,,,Arbejdskrafts tjenester,
263,SARAH KALMAR ApS,,,+4520688652,https://www.proff.dk/firma/sarah-kalmar-aps/solr%C3%B8d-strand/arbejdskrafts-tjenester/0J8CVPI10LU,sarahkalmar1@me.com,,Du følger virksomheden,,,,OK,,,,,,,Arbejdskrafts tjenester,
264,MANFORCE ApS,,,+4550108088,https://www.proff.dk/firma/manforce-aps/st%C3%B8vring/arbejdskrafts-tjenester/0K9OE1I10LU,info@man-force.dk,,Du følger virksomheden,,,,OK,,,,,,,Arbejdskrafts tjenester,
265,Searcher ApS,,,+4572300511,https://www.proff.dk/firma/searcher-aps/aarhus-c/arbejdskrafts-tjenester/GKT55II10LU,info@searcher.dk,,Du følger virksomheden,,,,OK,,,,,,,Arbejdskrafts tjenester,
266,apply's ApS,,,+4526850099,https://www.proff.dk/firma/applys-aps/kolding/arbejdskrafts-tjenester/H197TUI10LU,kontakt@applys.dk,,Du følger virksomheden,,,,OK,,,,,,,Arbejdskrafts tjenester,
267,WORKON ApS,,,+4528272829,https://www.proff.dk/firma/workon-aps/hvidovre/arbejdskrafts-tjenester/0QGQA9I10LU,info@workon.dk,,Du følger virksomheden,,,,OK,,,,,,,Arbejdskrafts tjenester,
268,DNA HEADHUNTING ApS,,,+4522323211,https://www.proff.dk/firma/dna-headhunting-aps/charlottenlund/arbejdskrafts-tjenester/0JSJG2I10LU,madsen@dnaheadhunting.dk,,Du følger virksomheden,,,,OK,,,,,,,Arbejdskrafts tjenester,
269,FlexFabrikken Jammerbugt,,,+4526357800,https://www.proff.dk/firma/flexfabrikken-jammerbugt/aabybro/arbejdskrafts-tjenester/H0SCN5I10LU,kontakt@flexfabrikken.dk,,Du følger virksomheden,,,,OK,,,,,,,Arbejdskrafts tjenester,
270,PEAK REKRUTTERING ApS,,,+4527795449,https://www.proff.dk/firma/peak-rekruttering-aps/risskov/arbejdskrafts-tjenester/0FATWSI10LU,aj@peakrekruttering.dk,,Du følger virksomheden,,,,OK,,,,,,,Arbejdskrafts tjenester,
271,Backer Consult ApS,,,+4522499119,https://www.proff.dk/firma/backer-consult-aps/helsinge/arbejdskrafts-tjenester/0PAZRKI10LU,ct@backerconsult.dk,,Du følger virksomheden,,,,OK,,,,,,,Arbejdskrafts tjenester,
272,MEDICOTRUST A/S,,,+4543448420,https://www.proff.dk/firma/medicotrust-as/holte/arbejdskrafts-tjenester/0GH4QJI10LU,account@medicotrust.com,,Du følger virksomheden,,,,OK,,,,,,,Arbejdskrafts tjenester,
273,Nemis ApS,,,+4540872526,https://www.proff.dk/firma/nemis-aps/s%C3%B8borg/arbejdskrafts-tjenester/0MMU01I10LU,jes@beierholm.dk,,Du følger virksomheden,,,,OK,,,,,,,Arbejdskrafts tjenester,
274,Bysted & Partners ApS,,,+4523351303,https://www.proff.dk/firma/bysted-partners-aps/k%C3%B8benhavn-k/arbejdskrafts-tjenester/0NAJ82I10LU,rb@bystedpartners.dk,,Du følger virksomheden,,,,OK,,,,,,,Arbejdskrafts tjenester,
275,Workprof ApS,,,+4528455130,https://www.proff.dk/firma/workprof-aps/r%C3%B8nnede/arbejdskrafts-tjenester/0QSNMFI10LU,workprof.dk@gmail.com,,Du følger virksomheden,,,,OK,,,,,,,Arbejdskrafts tjenester,
276,Unik Mandskabsrekruttering ApS,,,+4560227145,https://www.proff.dk/firma/unik-mandskabsrekruttering-aps/bj%C3%A6verskov/arbejdskrafts-tjenester/0R2UTXI10LU,post@uniqon.dk,,Du følger virksomheden,,,,OK,,,,,,,Arbejdskrafts tjenester,
277,ScandiMate ApS,,,+4553323252,https://www.proff.dk/firma/scandimate-aps/aarhus-c/arbejdskrafts-tjenester/0NOQNZI10LU,kontakt@scandimate.dk,,Du følger virksomheden,,,,OK,,,,,,,Arbejdskrafts tjenester,
278,WorkAdvice ApS,,,+4552808621,https://www.proff.dk/firma/workadvice-aps/holstebro/arbejdskrafts-tjenester/0LV6EJI10LU,info@workadvice.dk,,Du følger virksomheden,,,,OK,,,,,,,Arbejdskrafts tjenester,
279,NOMI Search ApS,,,+4521200350,https://www.proff.dk/firma/nomi-search-aps/frederiksberg/arbejdskrafts-tjenester/0M0JAFI10LU,info@nomisearch.dk,,Du følger virksomheden,,,,OK,,,,,,,Arbejdskrafts tjenester,
280,MAL Biler ApS,,,,https://www.proff.dk/firma/mal-biler-aps/hvidovre/arbejdskrafts-tjenester/GW26API10LU,kontakt@malrecruit.dk,,Du følger virksomheden,,,,OK,,,,,,,Arbejdskrafts tjenester,
281,SPoHT ApS,,,+4540400246,https://www.proff.dk/firma/spoht-aps/randers-c/arbejdskrafts-tjenester/0PX5CUI10LU,armando@spohtstaffing.dk,,Du følger virksomheden,,,,OK,,,,,,,Arbejdskrafts tjenester,
282,JOB & RÅD ApS,,,+4523709029,https://www.proff.dk/firma/job-r%C3%A5d-aps/ballerup/arbejdskrafts-tjenester/GQQXBZI10LU,kontakt@jobraad.dk,,Du følger virksomheden,,,,OK,,,,,,,Arbejdskrafts tjenester,
283,TSM Solution ApS,,,+4526245954,https://www.proff.dk/firma/tsm-solution-aps/hiller%C3%B8d/arbejdskrafts-tjenester/0QQNZII10LU,erhverv.solution.aps@gmail.com,,Du følger virksomheden,,,,OK,,,,,,,Arbejdskrafts tjenester,
284,Connection Group ApS,,,+4525800201,https://www.proff.dk/firma/connection-group-aps/svenstrup-j/arbejdskrafts-tjenester/0OFQO7I10LU,info@connecgroup.dk,,Du følger virksomheden,,,,OK,,,,,,,Arbejdskrafts tjenester,
285,JF Industriservice ApS,,,,https://www.proff.dk/firma/jf-industriservice-aps/bevtoft/arbejdskrafts-tjenester/0NR961I10LU,jf.industriservice@gmail.com,,Du følger virksomheden,,,,OK,,,,,,,Arbejdskrafts tjenester,
286,Work in Progres ApS,,,+4560905744,https://www.proff.dk/firma/work-in-progres-aps/vamdrup/arbejdskrafts-tjenester/H0BBU2I10LU,lt@workip.dk,,Du følger virksomheden,,,,OK,,,,,,,Arbejdskrafts tjenester,
287,Nielsen's Entreprenør ApS,,,+4520856518,https://www.proff.dk/firma/nielsens-entrepren%C3%B8r-aps/r%C3%B8nnede/arbejdskrafts-tjenester/0QUZUUI10LU,nielsensaps@hotmail.com,,Du følger virksomheden,,,,OK,,,,,,,Arbejdskrafts tjenester,
288,Vikar-ind ApS,,,+4525727249,https://www.proff.dk/firma/vikar-ind-aps/odense-c/arbejdskrafts-tjenester/0PFJZEI10LU,info@vikarin.dk,,Du følger virksomheden,,,,OK,,,,,,,Arbejdskrafts tjenester,
289,Sandhu Enterprise ApS,,,+4540557813,https://www.proff.dk/firma/sandhu-enterprise-aps/tune/arbejdskrafts-tjenester/0OMXNPI10LU,sks@sandhu.dk,,Du følger virksomheden,,,,OK,,,,,,,Arbejdskrafts tjenester,
290,Power People Himmerland ApS,,,+4598121292,https://www.proff.dk/firma/power-people-himmerland-aps/aalborg-%C3%B8st/arbejdskrafts-tjenester/0MVETCI10LU,info@powerpeople.dk,,Du følger virksomheden,,,,OK,,,,,,,Arbejdskrafts tjenester,
291,Sewa ApS,,,+4553789797,https://www.proff.dk/firma/sewa-aps/br%C3%B8ndby/arbejdskrafts-tjenester/0QYMGDI10LU,info@sewaaps.dk,,Du følger virksomheden,,,,OK,,,,,,,Arbejdskrafts tjenester,
292,Betterhands ApS,,,+4541347777,https://www.proff.dk/firma/betterhands-aps/aarhus-c/arbejdskrafts-tjenester/0QTPH6I10LU,jonas@betterhands.dk,,Du følger virksomheden,,,,OK,,,,,,,Arbejdskrafts tjenester,
293,NFS Group ApS,,,+4561703030,https://www.proff.dk/firma/nfs-group-aps/k%C3%B8benhavn-s/arbejdskrafts-tjenester/0LG7ZLI10LU,info@kb-group.dk,,Du følger virksomheden,,,,OK,,,,,,,Arbejdskrafts tjenester,
294,betterpeople A/S,,,+4553834994,https://www.proff.dk/firma/betterpeople-as/aarhus-c/arbejdskrafts-tjenester/0M26ERI10LU,info@betterpeople.dk,,Du følger virksomheden,,,,OK,,,,,,,Arbejdskrafts tjenester,
295,Fønikscare ApS,,,,https://www.proff.dk/firma/f%C3%B8nikscare-aps/sommersted/arbejdskrafts-tjenester/0PDDLGI10LU,benjaminviktrup@outlook.dk,,Du følger virksomheden,,,,OK,,,,,,,Arbejdskrafts tjenester,
296,FK SELECT ApS,,,+4545931200,https://www.proff.dk/firma/fk-select-aps/gentofte/arbejdskrafts-tjenester/0AKCACI10LU,info@fkselect.dk,,Du følger virksomheden,,,,OK,,,,,,,Arbejdskrafts tjenester,
297,AMIRA ADMINISTRATION ApS,,,,https://www.proff.dk/firma/amira-administration-aps/klampenborg/arbejdskrafts-tjenester/156MS1I10LU,ziadmassalkhi@gmail.com,,Du følger virksomheden,,,,OK,,,,,,,Arbejdskrafts tjenester,
298,STS 3 ApS,,,+4591866135,https://www.proff.dk/firma/sts-3-aps/sor%C3%B8/arbejdskrafts-tjenester/GZ4H7WI10LU,info@sts-3.dk,,Du følger virksomheden,,,,OK,,,,,,,Arbejdskrafts tjenester,
299,Comfort Care ApS,,,,https://www.proff.dk/firma/comfort-care-aps/birker%C3%B8d/arbejdskrafts-tjenester/0QHL84I10LU,info@comfortcare.dk,,Du følger virksomheden,,,,OK,,,,,,,Arbejdskrafts tjenester,
300,Seniorstyrken ApS,,,+4570170182,https://www.proff.dk/firma/seniorstyrken-aps/frederiksberg-c/arbejdskrafts-tjenester/0QL6JVI10LU,info@seniorstyrken.dk,,Du følger virksomheden,,,,OK,,,,,,,Arbejdskrafts tjenester,
301,Vagter og Vikarer ApS,,,,https://www.proff.dk/firma/vagter-og-vikarer-aps/gedsted/arbejdskrafts-tjenester/0QN5VOI10LU,jens@v-o-v.dk,,Du følger virksomheden,,,,OK,,,,,,,Arbejdskrafts tjenester,
302,Zelkon ApS,,,,https://www.proff.dk/firma/zelkon-aps/%C3%B8lgod/arbejdskrafts-tjenester/0PO8WTI10LU,info@zelkon.dk,,Du følger virksomheden,,,,OK,,,,,,,Arbejdskrafts tjenester,
303,24/7 Randers ApS,,,+4523883231,https://www.proff.dk/firma/247-randers-aps/f%C3%A5rup/arbejdskrafts-tjenester/0MS6TOI10LU,kontakt@247randers.dk,,Du følger virksomheden,,,,OK,,,,,,,Arbejdskrafts tjenester,
304,SMEDENE ApS,,,,https://www.proff.dk/firma/smedene-aps/hasle/arbejdskrafts-tjenester/0HUHW5I10LU,htr@smedene.dk,,Du følger virksomheden,,,,OK,,,,,,,Arbejdskrafts tjenester,
305,Viorel Season Work ApS,,,,https://www.proff.dk/firma/viorel-season-work-aps/glamsbjerg/arbejdskrafts-tjenester/0O1HJZI10LU,viorelbura@icloud.com,,Du følger virksomheden,,,,OK,,,,,,,Arbejdskrafts tjenester,
306,PROLINE Vikar Aps,,,+4553502895,https://www.proff.dk/firma/proline-vikar-aps/s%C3%B8borg/arbejdskrafts-tjenester/0PJHRRI10LU,s.senounou@outlook.dk,,Du følger virksomheden,,,,OK,,,,,,,Arbejdskrafts tjenester,
307,EasyPartner ApS,,,+4577340119,https://www.proff.dk/firma/easypartner-aps/struer/arbejdskrafts-tjenester/0QK1ZOI10LU,info@easypartner.dk,,Du følger virksomheden,,,,OK,,,,,,,Arbejdskrafts tjenester,
308,frk.kejser ApS,,,+4550501660,https://www.proff.dk/firma/frk.kejser-aps/glesborg/arbejdskrafts-tjenester/0NJGQ2I10LU,frk.kejser@gmail.com,,Du følger virksomheden,,,,OK,,,,,,,Arbejdskrafts tjenester,
309,VPGE ApS,,,+4528111989,https://www.proff.dk/firma/vpge-aps/sk%C3%A6lsk%C3%B8r/arbejdskrafts-tjenester/0QQHA5I10LU,paunviirel88@gmail.com,,Du følger virksomheden,,,,OK,,,,,,,Arbejdskrafts tjenester,
310,Vikar ApS,,,+4530694983,https://www.proff.dk/firma/vikar-aps/kolding/arbejdskrafts-tjenester/0OU58UI10LU,k@underbjergconsult.dk,,Du følger virksomheden,,,,OK,,,,,,,Arbejdskrafts tjenester,
311,Bloch & Buus ApS,,,,https://www.proff.dk/firma/bloch-buus-aps/frederiksberg/arbejdskrafts-tjenester/0OHN9TI10LU,bb@blochbuus.com,,Du følger virksomheden,,,,OK,,,,,,,Arbejdskrafts tjenester,
312,Dalmata ApS,,,+4553609948,https://www.proff.dk/firma/dalmata-aps/k%C3%B8benhavn-sv/arbejdskrafts-tjenester/0PCJO3I10LU,dragan.crg@icloud.com,,Du følger virksomheden,,,,OK,,,,,,,Arbejdskrafts tjenester,
313,execute.dk ApS,,,88136136,https://www.proff.dk/firma/execute.dk-aps/kolding/arbejdskrafts-tjenester/GSZVQZI10LU,kolding@execute.dk,,Du følger virksomheden,,,,OK,,,,,,,Arbejdskrafts tjenester,
314,Lean Focus Nordic ApS,,,+4540303080,https://www.proff.dk/firma/lean-focus-nordic-aps/frederiksberg-c/arbejdskrafts-tjenester/0QWKRAI10LU,michaelreinholt@outlook.com,,Du følger virksomheden,,,,OK,,,,,,,Arbejdskrafts tjenester,
315,A-Management ApS,,,+4528900127,https://www.proff.dk/firma/a-management-aps/k%C3%B8benhavn-s/arbejdskrafts-tjenester/0Q5ENLI10LU,sune@a-mgmt.com,,Du følger virksomheden,,,,OK,,,,,,,Arbejdskrafts tjenester,
316,Green Hands ApS,,,,https://www.proff.dk/firma/green-hands-aps/l%C3%B8gumkloster/arbejdskrafts-tjenester/0ON792I10LU,morten-6@hotmail.com,,Du følger virksomheden,,,,OK,,,,,,,Arbejdskrafts tjenester,
317,Trekantens Rengøringsservice ApS,,,+4571346312,https://www.proff.dk/firma/trekantens-reng%C3%B8ringsservice-aps/k%C3%B8benhavn-s/arbejdskrafts-tjenester/0QNB11I10LU,renkapital24@gmail.com,,Du følger virksomheden,,,,OK,,,,,,,Arbejdskrafts tjenester,
318,Krown Krew ApS,,,+4540870005,https://www.proff.dk/firma/krown-krew-aps/stenl%C3%B8se/arbejdskrafts-tjenester/0POI9EI10LU,kontakt@krownkrew.com,,Du følger virksomheden,,,,OK,,,,,,,Arbejdskrafts tjenester,
319,FAGLIG VIKAR ApS,,,+4550319319,https://www.proff.dk/firma/faglig-vikar-aps/slangerup/arbejdskrafts-tjenester/0QLBZKI10LU,kontakt@fagligvikar.dk,,Du følger virksomheden,,,,OK,,,,,,,Arbejdskrafts tjenester,
320,FamilieLØFT ApS,,,+4530727406,https://www.proff.dk/firma/familiel%C3%B8ft-aps/glostrup/arbejdskrafts-tjenester/0P7K7WI10LU,zdemir@familieloeft.dk,,Du følger virksomheden,,,,OK,,,,,,,Arbejdskrafts tjenester,
321,A Willi ApS,,,+4560226649,https://www.proff.dk/firma/a-willi-aps/k%C3%B8benhavn-k/arbejdskrafts-tjenester/0PZ2XFI10LU,p.degier@awilli-ag.ch,,Du følger virksomheden,,,,OK,,,,,,,Arbejdskrafts tjenester,
322,NORDLY INVEST ApS,,,+4530321774,https://www.proff.dk/firma/nordly-invest-aps/esbjerg-%C3%B8/arbejdskrafts-tjenester/0G2VHWI10LU,kl@nordlyhuse.dk,,Du følger virksomheden,,,,OK,,,,,,,Arbejdskrafts tjenester,
323,Light Touch Solutions ApS,,,+4550229599,https://www.proff.dk/firma/light-touch-solutions-aps/horsens/arbejdskrafts-tjenester/0N6KQJI10LU,lighttouchsolutions@gmail.com,,Du følger virksomheden,,,,OK,,,,,,,Arbejdskrafts tjenester,
324,Omsorgsvikar ApS,,,+4571713050,https://www.proff.dk/firma/omsorgsvikar-aps/kolding/arbejdskrafts-tjenester/GXAPQTI10LU,info@omsorgsvikar.dk,,Du følger virksomheden,,,,OK,,,,,,,Arbejdskrafts tjenester,
325,DEDIKATION ApS,,,+4571747478,https://www.proff.dk/firma/dedikation-aps/valby/arbejdskrafts-tjenester/GUPYEUI10LU,thomas@dedikation.dk,,Du følger virksomheden,,,,OK,,,,,,,Arbejdskrafts tjenester,
326,SGS Logistiks ApS,,,+4560222828,https://www.proff.dk/firma/sgs-logistiks-aps/holb%C3%A6k/arbejdskrafts-tjenester/0ODACOI10LU,info@sgslogistiks.dk,,Du følger virksomheden,,,,OK,,,,,,,Arbejdskrafts tjenester,
327,Clever Multiservice ApS,,,+4552705289,https://www.proff.dk/firma/clever-multiservice-aps/roskilde/arbejdskrafts-tjenester/0Q76MEI10LU,info@clever-multiservice.dk,,Du følger virksomheden,,,,OK,,,,,,,Arbejdskrafts tjenester,
328,meploy Danmark ApS,,,+4570707703,https://www.proff.dk/firma/meploy-danmark-aps/n%C3%A6stved/arbejdskrafts-tjenester/0P5F1RI10LU,jka@meploy.me,,Du følger virksomheden,,,,OK,,,,,,,Arbejdskrafts tjenester,
329,CareConnect ApS,,,+4561776703,https://www.proff.dk/firma/careconnect-aps/esbjerg-n/arbejdskrafts-tjenester/0Q340CI10LU,md@cconnecr.dk,,Du følger virksomheden,,,,OK,,,,,,,Arbejdskrafts tjenester,
330,AKL-Vikar A/S,,,,https://www.proff.dk/firma/akl-vikar-as/nimtofte/arbejdskrafts-tjenester/0PI431I10LU,kontakt@akl-vikar.dk,,Du følger virksomheden,,,,OK,,,,,,,Arbejdskrafts tjenester,
331,AL-BYG ApS,,,+4520494292,https://www.proff.dk/firma/al-byg-aps/odense-nv/arbejdskrafts-tjenester/0QRTCMI10LU,morten@al-byg.dk,,Du følger virksomheden,,,,OK,,,,,,,Arbejdskrafts tjenester,
332,UniCrew ApS,,,+4532268000,https://www.proff.dk/firma/unicrew-aps/hvidovre/arbejdskrafts-tjenester/H0WV57I10LU,kontakt@unicrew.dk,,Du følger virksomheden,,,,OK,,,,,,,Arbejdskrafts tjenester,
333,Ready To Help ApS,,,+4560180992,https://www.proff.dk/firma/ready-to-help-aps/fredericia/arbejdskrafts-tjenester/H0NVCGI10LU,cazex@hotmail.com,,Du følger virksomheden,,,,OK,,,,,,,Arbejdskrafts tjenester,
334,Vektor ApS,,,,https://www.proff.dk/firma/vektor-aps/viborg/arbejdskrafts-tjenester/0QJ5LUI10LU,alexander@jetsport.dk,,Du følger virksomheden,,,,OK,,,,,,,Arbejdskrafts tjenester,
335,Kodexgruppen ApS,,,+4571991949,https://www.proff.dk/firma/kodexgruppen-aps/hvidovre/arbejdskrafts-tjenester/0OYMTYI10LU,info@kodexgruppen.dk,,Du følger virksomheden,,,,OK,,,,,,,Arbejdskrafts tjenester,
336,Confidence Search ApS,,,+4527879453,https://www.proff.dk/firma/confidence-search-aps/odense-m/arbejdskrafts-tjenester/0KM6KYI10LU,kt@csas.dk,,Du følger virksomheden,,,,OK,,,,,,,Arbejdskrafts tjenester,
337,drm-r aps,,,,https://www.proff.dk/firma/drm-r-aps/esbjerg/arbejdskrafts-tjenester/0NTFF1I10LU,apsg13271@gmail.com,,Du følger virksomheden,,,,OK,,,,,,,Arbejdskrafts tjenester,
338,Regnskabsvikar ApS,,,+4531310688,https://www.proff.dk/firma/regnskabsvikar-aps/holb%C3%A6k/arbejdskrafts-tjenester/0NRTGII10LU,maya@regnskabsvikar.nu,,Du følger virksomheden,,,,OK,,,,,,,Arbejdskrafts tjenester,
339,Hulks flyt og montage ApS,,,+4593911041,https://www.proff.dk/firma/hulks-flyt-og-montage-aps/%C3%B8stbirk/arbejdskrafts-tjenester/0QZYO3I10LU,shm@hulksflytogmontage.dk,,Du følger virksomheden,,,,OK,,,,,,,Arbejdskrafts tjenester,
340,Dobybyg ApS,,,+4560901563,https://www.proff.dk/firma/dobybyg-aps/ringsted/arbejdskrafts-tjenester/0R6XIMI10LU,dobybyg@gmail.com,,Du følger virksomheden,,,,OK,,,,,,,Arbejdskrafts tjenester,
341,Abel Teknik ApS,,,+4525705252,https://www.proff.dk/firma/abel-teknik-aps/skive/arbejdskrafts-tjenester/0PIDDII10LU,ab@abelteknik.dk,,Du følger virksomheden,,,,OK,,,,,,,Arbejdskrafts tjenester,
342,LARSEN-DRESSAGE ApS,,,+4530344110,https://www.proff.dk/firma/larsen-dressage-aps/%C3%A5rslev/arbejdskrafts-tjenester/0LOUZTI10LU,sso@larsen-dressage.com,,Du følger virksomheden,,,,OK,,,,,,,Arbejdskrafts tjenester,
343,K9DK ApS,,,+4570404090,https://www.proff.dk/firma/k9dk-aps/albertslund/arbejdskrafts-tjenester/0QKQ38I10LU,kontakt@k9dk.dk,,Du følger virksomheden,,,,OK,,,,,,,Arbejdskrafts tjenester,
344,IKADAN INDUSTRIPLAST ApS,,,,https://www.proff.dk/firma/ikadan-industriplast-aps/ikast/arbejdskrafts-tjenester/0EF88VI10LU,ikadan@ikadan.dk,,Du følger virksomheden,,,,OK,,,,,,,Arbejdskrafts tjenester,
345,ManService ApS,,,+4561152920,https://www.proff.dk/firma/manservice-aps/valby/arbejdskrafts-tjenester/0OBRVYI10LU,manserviceaps@gmail.com,,Du følger virksomheden,,,,OK,,,,,,,Arbejdskrafts tjenester,
346,Whatever A/S,,,+4553533366,https://www.proff.dk/firma/whatever-as/h%C3%B8rsholm/arbejdskrafts-tjenester/0P4LMCI10LU,hey@whatever.as,,Du følger virksomheden,,,,OK,,,,,,,Arbejdskrafts tjenester,
347,BK Administration ApS,,,,https://www.proff.dk/firma/bk-administration-aps/%C3%A5byh%C3%B8j/arbejdskrafts-tjenester/0MNE2QI10LU,accounting@bkcapital.dk,,Du følger virksomheden,,,,OK,,,,,,,Arbejdskrafts tjenester,
348,Spitze Agency ApS,,,+4553801722,https://www.proff.dk/firma/spitze-agency-aps/k%C3%B8benhavn-%C3%B8/arbejdskrafts-tjenester/0QA5GQI10LU,meet@spitzeagency.dk,,Du følger virksomheden,,,,OK,,,,,,,Arbejdskrafts tjenester,
349,KB-FREELANCE ApS,,,,https://www.proff.dk/firma/kb-freelance-aps/aarhus-c/arbejdskrafts-tjenester/0IMCTKI10LU,info@kb-freelance.dk,,Du følger virksomheden,,,,OK,,,,,,,Arbejdskrafts tjenester,
350,Kleven & Partners ApS,,,+4520887763,https://www.proff.dk/firma/kleven-partners-aps/h%C3%B8jbjerg/arbejdskrafts-tjenester/0M79XHI10LU,arne@klevenpartners.dk,,Du følger virksomheden,,,,OK,,,,,,,Arbejdskrafts tjenester,
351,KAN-LEJES ApS,,,+4541417511,https://www.proff.dk/firma/kan-lejes-aps/karlslunde/arbejdskrafts-tjenester/0LH0Y6I10LU,kanlejesaps@gmail.com,,Du følger virksomheden,,,,OK,,,,,,,Arbejdskrafts tjenester,
352,Go Hire ApS,,,+4535900809,https://www.proff.dk/firma/go-hire-aps/valby/arbejdskrafts-tjenester/0QE19AI10LU,christian@dysholm.com,,Du følger virksomheden,,,,OK,,,,,,,Arbejdskrafts tjenester,
353,Kold & Partners ApS,,,+4529890903,https://www.proff.dk/firma/kold-partners-aps/odense-c/arbejdskrafts-tjenester/0LRFBCI10LU,peter@koldpartners.com,,Du følger virksomheden,,,,OK,,,,,,,Arbejdskrafts tjenester,
354,Search IT Group ApS,,,+4543610611,https://www.proff.dk/firma/search-it-group-aps/greve/arbejdskrafts-tjenester/GPI5ESI10LU,hsn@searchitpeople.dk,,Du følger virksomheden,,,,OK,,,,,,,Arbejdskrafts tjenester,
355,Landau Headhunting ApS,,,+4521902188,https://www.proff.dk/firma/landau-headhunting-aps/k%C3%B8benhavn-k/arbejdskrafts-tjenester/0NJ8ELI10LU,ml@landauheadhunting.com,,Du følger virksomheden,,,,OK,,,,,,,Arbejdskrafts tjenester,
356,Rengjort ApS,,,+4540786478,https://www.proff.dk/firma/rengjort-aps/struer/arbejdskrafts-tjenester/0M9M30I10LU,jlu@krpl.dk,,Du følger virksomheden,,,,OK,,,,,,,Arbejdskrafts tjenester,
357,iHeadHunt ApS,,,,https://www.proff.dk/firma/iheadhunt-aps/vanl%C3%B8se/arbejdskrafts-tjenester/0N52BMI10LU,pr@iheadhunt.dk,,Du følger virksomheden,,,,OK,,,,,,,Arbejdskrafts tjenester,
358,CarPoint ApS,,,+4530141159,https://www.proff.dk/firma/carpoint-aps/%C3%B8rb%C3%A6k/arbejdskrafts-tjenester/0NPBX5I10LU,point.aps@outlook.dk,,Du følger virksomheden,,,,OK,,,,,,,Arbejdskrafts tjenester,
359,De2Have ved Casper Kjær Aps,,,+4522463935,https://www.proff.dk/firma/de2have-ved-casper-kj%C3%A6r-aps/skagen/arbejdskrafts-tjenester/0Q26FRI10LU,info@restaurantde2have.dk,,Du følger virksomheden,,,,OK,,,,,,,Arbejdskrafts tjenester,
360,FJ Handel APS,,,+4592909910,https://www.proff.dk/firma/fj-handel-aps/slagelse/arbejdskrafts-tjenester/0OD0OTI10LU,kontakt@fj-handel.dk,,Du følger virksomheden,,,,OK,,,,,,,Arbejdskrafts tjenester,
361,TEGNECENTER OLDEN ApS,,,70267890,https://www.proff.dk/firma/tegnecenter-olden-aps/n%C3%A6stved/arbejdskrafts-tjenester/0GE0KJI10LU,fst@olden.dk,,Du følger virksomheden,,,,OK,,,,,,,Arbejdskrafts tjenester,
362,SCANDO GROUP Aps,,,+4531500707,https://www.proff.dk/firma/scando-group-aps/s%C3%B8borg/arbejdskrafts-tjenester/0KV27GI10LU,office@scandogroup.com,,Du følger virksomheden,,,,OK,,,,,,,Arbejdskrafts tjenester,
363,Guldbrandsen & Lythje ApS,,,+4593848449,https://www.proff.dk/firma/guldbrandsen-lythje-aps/aalborg/arbejdskrafts-tjenester/0NPHP1I10LU,dan@guly.dk,,Du følger virksomheden,,,,OK,,,,,,,Arbejdskrafts tjenester,
364,POULSEN ApS,,,+4575393431,https://www.proff.dk/firma/poulsen-aps/holsted/arbejdskrafts-tjenester/0HT8ZNI10LU,leif@poulsen-job.dk,,Du følger virksomheden,,,,OK,,,,,,,Arbejdskrafts tjenester,
365,OXILIO Personale ApS,,,+4569145155,https://www.proff.dk/firma/oxilio-personale-aps/aalborg-sv/arbejdskrafts-tjenester/H1G4ANI10LU,info@oxilio.dk,,Du følger virksomheden,,,,OK,,,,,,,Arbejdskrafts tjenester,
366,Helhedsorienteret Støtte ApS,,,+4522334915,https://www.proff.dk/firma/helhedsorienteret-st%C3%B8tte-aps/esbjerg-%C3%B8/arbejdskrafts-tjenester/0PHCHYI10LU,kontakt@helheds.dk,,Du følger virksomheden,,,,OK,,,,,,,Arbejdskrafts tjenester,
367,Asplund Search ApS,,,+4523282350,https://www.proff.dk/firma/asplund-search-aps/k%C3%B8benhavn-%C3%B8/arbejdskrafts-tjenester/0PSEGDI10LU,bo@asplundsearch.dk,,Du følger virksomheden,,,,OK,,,,,,,Arbejdskrafts tjenester,
368,ESBEES ApS,,,+4520274666,https://www.proff.dk/firma/esbees-aps/vejle/arbejdskrafts-tjenester/0M4ZB6I10LU,sbs@esbeesheadhunting.com,,Du følger virksomheden,,,,OK,,,,,,,Arbejdskrafts tjenester,
369,Den Lille Tandfe ApS,,,+4540761993,https://www.proff.dk/firma/den-lille-tandfe-aps/jyllinge/arbejdskrafts-tjenester/0N2IVVI10LU,hk@denlilletandfe.dk,,Du følger virksomheden,,,,OK,,,,,,,Arbejdskrafts tjenester,
370,Skousen Roskilde,,,+4520305949,https://www.proff.dk/firma/skousen-roskilde/roskilde/arbejdskrafts-tjenester/GUV8EYI10LU,ftroskilde@skousen.dk,,Du følger virksomheden,,,,OK,,,,,,,Arbejdskrafts tjenester,
371,Helm Specialist Recruitment ApS,,,+4522428489,https://www.proff.dk/firma/helm-specialist-recruitment-aps/gentofte/arbejdskrafts-tjenester/0QAM71I10LU,stine@helm-recruitment.com,,Du følger virksomheden,,,,OK,,,,,,,Arbejdskrafts tjenester,
372,Talentiir ApS,,,+4553709080,https://www.proff.dk/firma/talentiir-aps/k%C3%B8benhavn-s/arbejdskrafts-tjenester/0MET0RI10LU,christian@talentiir.com,,Du følger virksomheden,,,,OK,,,,,,,Arbejdskrafts tjenester,
373,512 Service IVS,,,+4522773884,https://www.proff.dk/firma/512-service-ivs/k%C3%B8benhavn-v/arbejdskrafts-tjenester/GVSOIFI10LU,gcwfields@gmail.com,,Du følger virksomheden,,,,OK,,,,,,,Arbejdskrafts tjenester,
374,HP Regnskab ApS,,,+4540830710,https://www.proff.dk/firma/hp-regnskab-aps/kolding/arbejdskrafts-tjenester/H0KQQGI10LU,info@hpregnskab.dk,,Du følger virksomheden,,,,OK,,,,,,,Arbejdskrafts tjenester,
375,Totalmandskab ApS,,,,https://www.proff.dk/firma/totalmandskab-aps/havdrup/arbejdskrafts-tjenester/0Q83H8I10LU,info@totalmandskab.dk,,Du følger virksomheden,,,,OK,,,,,,,Arbejdskrafts tjenester,
376,Q Svejs & montage ApS,,,+4552525244,https://www.proff.dk/firma/q-svejs-montage-aps/ikast/arbejdskrafts-tjenester/0QG8ICI10LU,quangho@live.dk,,Du følger virksomheden,,,,OK,,,,,,,Arbejdskrafts tjenester,
377,H Holding KBH ApS,,,,https://www.proff.dk/firma/h-holding-kbh-aps/valby/arbejdskrafts-tjenester/0M6OZXI10LU,hholdingivs@gmail.com,,Du følger virksomheden,,,,OK,,,,,,,Arbejdskrafts tjenester,
378,STAGECREW.DK ApS,,,+4522105544,https://www.proff.dk/firma/stagecrew.dk-aps/aalborg/arbejdskrafts-tjenester/0JBE15I10LU,kontakt@stagecrew.dk,,Du følger virksomheden,,,,OK,,,,,,,Arbejdskrafts tjenester,
379,Pædagog Ekspressen ApS,,,,https://www.proff.dk/firma/p%C3%A6dagog-ekspressen-aps/aarhus-c/arbejdskrafts-tjenester/0Q1DE0I10LU,paedagogekspressen@hotmail.com,,Du følger virksomheden,,,,OK,,,,,,,Arbejdskrafts tjenester,
380,CAD-KOMPAGNIET ApS,,,+4570222217,https://www.proff.dk/firma/cad-kompagniet-aps/herlev/arbejdskrafts-tjenester/0CX24CI10LU,finans@cadkompagniet.dk,,Du følger virksomheden,,,,OK,,,,,,,Arbejdskrafts tjenester,
381,CPH STAFFING 1,,,+4593938138,https://www.proff.dk/firma/cph-staffing-1/taastrup/arbejdskrafts-tjenester/H2VSUII10LU,ka.cph20@gmail.com,,Du følger virksomheden,,,,OK,,,,,,,Arbejdskrafts tjenester,
382,MARASHIP CREWING ApS,,,+4524451191,https://www.proff.dk/firma/maraship-crewing-aps/marstal/arbejdskrafts-tjenester/0J96G2I10LU,info@maraship.com,,Du følger virksomheden,,,,OK,,,,,,,Arbejdskrafts tjenester,
383,Medical team ApS,,,,https://www.proff.dk/firma/medical-team-aps/albertslund/arbejdskrafts-tjenester/0P0B6QI10LU,ali.a.k.shabib@gmail.com,,Du følger virksomheden,,,,OK,,,,,,,Arbejdskrafts tjenester,
384,JOKO COMPONENTS A/S,,,,https://www.proff.dk/firma/joko-components-as/kolding/arbejdskrafts-tjenester/0KJ5XOI10LU,info@jokocomponents.dk,,Du følger virksomheden,,,,OK,,,,,,,Arbejdskrafts tjenester,
385,Highr ApS,,,+4522798098,https://www.proff.dk/firma/highr-aps/k%C3%B8benhavn-k/arbejdskrafts-tjenester/0LUJQNI10LU,ar@highr.dk,,Du følger virksomheden,,,,OK,,,,,,,Arbejdskrafts tjenester,
386,Hospitunity ApS,,,+4522273824,https://www.proff.dk/firma/hospitunity-aps/k%C3%B8benhavn-k/arbejdskrafts-tjenester/0Q2HNBI10LU,lars@hospitunity.dk,,Du følger virksomheden,,,,OK,,,,,,,Arbejdskrafts tjenester,
387,Kaveo Danmark ApS,,,+4555203445,https://www.proff.dk/firma/kaveo-danmark-aps/k%C3%B8benhavn-s/arbejdskrafts-tjenester/0R5H50I10LU,info@kaveo.dk,,Du følger virksomheden,,,,OK,,,,,,,Arbejdskrafts tjenester,
388,ZEBRA TRANSPORT & VIKAR ApS,,,20700106,https://www.proff.dk/firma/zebra-transport-vikar-aps/jyllinge/arbejdskrafts-tjenester/0H2AV3I10LU,info@zebra-vikar.dk,,Du følger virksomheden,,,,OK,,,,,,,Arbejdskrafts tjenester,
389,MKHS ApS,,,+4527240399,https://www.proff.dk/firma/mkhs-aps/taastrup/arbejdskrafts-tjenester/H0FRMXI10LU,mkhs-aps@hotmail.com,,Du følger virksomheden,,,,OK,,,,,,,Arbejdskrafts tjenester,
390,AO Equito Aps,,,+4529869983,https://www.proff.dk/firma/ao-equito-aps/n%C3%B8rre-snede/arbejdskrafts-tjenester/0QSJ08I10LU,info@ao-equito.dk,,Du følger virksomheden,,,,OK,,,,,,,Arbejdskrafts tjenester,
391,Flexmontage ApS,,,+4542735465,https://www.proff.dk/firma/flexmontage-aps/k%C3%B8benhavn-s/arbejdskrafts-tjenester/0PSTEZI10LU,info@flexmontage.nu,,Du følger virksomheden,,,,OK,,,,,,,Arbejdskrafts tjenester,
392,DO Cantavit ApS,,,+4593606575,https://www.proff.dk/firma/do-cantavit-aps/r%C3%B8dovre/arbejdskrafts-tjenester/0PK99MI10LU,info@d-k-s.dk,,Du følger virksomheden,,,,OK,,,,,,,Arbejdskrafts tjenester,
393,Arting Green ApS,,,+4561115331,https://www.proff.dk/firma/arting-green-aps/k%C3%B8benhavn-k/arbejdskrafts-tjenester/0Q5PUII10LU,a.jensen@artinggreen.com,,Du følger virksomheden,,,,OK,,,,,,,Arbejdskrafts tjenester,
394,Safety Security and Care ApS,,,+4520835235,https://www.proff.dk/firma/safety-security-and-care-aps/slagelse/arbejdskrafts-tjenester/H0VL88I10LU,kontakt@sscare.dk,,Du følger virksomheden,,,,OK,,,,,,,Arbejdskrafts tjenester,
395,Afdeling Blaavand,,,40840133,https://www.proff.dk/firma/afdeling-blaavand/bl%C3%A5vand/arbejdskrafts-tjenester/H11BAVI10LU,auj@skelmose.eu,,Du følger virksomheden,,,,OK,,,,,,,Arbejdskrafts tjenester,
396,VKAREN II ApS,,,+4570152010,https://www.proff.dk/firma/vkaren-ii-aps/odense-c/arbejdskrafts-tjenester/H00XCOI10LU,vkaren@vkaren.dk,,Du følger virksomheden,,,,OK,,,,,,,Arbejdskrafts tjenester,
397,Altbyg.dk ApS,,,+4520423408,https://www.proff.dk/firma/altbyg.dk-aps/k%C3%B8benhavn-%C3%B8/arbejdskrafts-tjenester/0JXY3GI10LU,info@altbyg.dk,,Du følger virksomheden,,,,OK,,,,,,,Arbejdskrafts tjenester,
398,Odgaard Pro ApS,,,+4529675568,https://www.proff.dk/firma/odgaard-pro-aps/aarhus-c/arbejdskrafts-tjenester/0J8J0FI10LU,martin@dahouse.dk,,Du følger virksomheden,,,,OK,,,,,,,Arbejdskrafts tjenester,
399,Timeglasset ApS,,,+4540503220,https://www.proff.dk/firma/timeglasset-aps/s%C3%B8nderborg/arbejdskrafts-tjenester/0NS9OHI10LU,susan@timeglasset.dk,,Du følger virksomheden,,,,OK,,,,,,,Arbejdskrafts tjenester,
400,Oscom ApS,,,50240035,https://www.proff.dk/firma/oscom-aps/n%C3%B8rager/arbejdskrafts-tjenester/0NRJW9I10LU,vs@oscom.nu,,Du følger virksomheden,,,,OK,,,,,,,Arbejdskrafts tjenester,
401,AKONTO ApS,,,+4552927144,https://www.proff.dk/firma/akonto-aps/herlev/arbejdskrafts-tjenester/0OYBDSI10LU,b.djaferi@gmail.com,,Du følger virksomheden,,,,OK,,,,,,,Arbejdskrafts tjenester,
402,TRO FOR - 7 ApS,,,+4560193344,https://www.proff.dk/firma/tro-for-7-aps/slagelse/arbejdskrafts-tjenester/GWPY5VI10LU,daiva@tro-for-7.nu,,Du følger virksomheden,,,,OK,,,,,,,Arbejdskrafts tjenester,
403,Team4U ApS,,,+4552654676,https://www.proff.dk/firma/team4u-aps/sabro/arbejdskrafts-tjenester/0PITFLI10LU,mkplca@gmail.com,,Du følger virksomheden,,,,OK,,,,,,,Arbejdskrafts tjenester,
404,Din mandskabsservice ApS,,,+4571430001,https://www.proff.dk/firma/din-mandskabsservice-aps/jyllinge/arbejdskrafts-tjenester/0O0B4SI10LU,denkersmultiservice@protonmail.com,,Du følger virksomheden,,,,OK,,,,,,,Arbejdskrafts tjenester,
405,C Manpower ApS,,,+4525800202,https://www.proff.dk/firma/c-manpower-aps/aalborg/arbejdskrafts-tjenester/0OGYMOI10LU,mh@connecgroup.dk,,Du følger virksomheden,,,,OK,,,,,,,Arbejdskrafts tjenester,
406,Ren365 ApS,,,+4560249175,https://www.proff.dk/firma/ren365-aps/skanderborg/arbejdskrafts-tjenester/0PJBBPI10LU,kontakt@ren365.dk,,Du følger virksomheden,,,,OK,,,,,,,Arbejdskrafts tjenester,
407,Spitze ApS,,,,https://www.proff.dk/firma/spitze-aps/vedb%C3%A6k/arbejdskrafts-tjenester/0O6VWTI10LU,info@spitze.net,,Du følger virksomheden,,,,OK,,,,,,,Arbejdskrafts tjenester,
408,A-PORTAL.DK ApS,,,+4560600025,https://www.proff.dk/firma/a-portal.dk-aps/fredericia/arbejdskrafts-tjenester/0NDO24I10LU,kontakt@a-portal.dk,,Du følger virksomheden,,,,OK,,,,,,,Arbejdskrafts tjenester,
409,DET TEKNISKE HUS ApS,,,+4524847985,https://www.proff.dk/firma/det-tekniske-hus-aps/herlev/arbejdskrafts-tjenester/0J98ZNI10LU,info@dettekniskehus.dk,,Du følger virksomheden,,,,OK,,,,,,,Arbejdskrafts tjenester,
410,TalentPeople A/S,,,+4570204011,https://www.proff.dk/firma/talentpeople-as/h%C3%B8rsholm/arbejdskrafts-tjenester/0P55VEI10LU,info@talentpeople.dk,,Du følger virksomheden,,,,OK,,,,,,,Arbejdskrafts tjenester,
411,DORF VIKARBUREAU ApS,,,+4540506842,https://www.proff.dk/firma/dorf-vikarbureau-aps/dronninglund/arbejdskrafts-tjenester/0JIQFYI10LU,dorfvikarbureau@mail.dk,,Du følger virksomheden,,,,OK,,,,,,,Arbejdskrafts tjenester,
412,Tempros ApS,,,+4591991842,https://www.proff.dk/firma/tempros-aps/aalborg/arbejdskrafts-tjenester/0QQRG1I10LU,tempros.dk@gmail.com,,Du følger virksomheden,,,,OK,,,,,,,Arbejdskrafts tjenester,
413,TaaConsult ApS,,,+4526231560,https://www.proff.dk/firma/taaconsult-aps/vedb%C3%A6k/arbejdskrafts-tjenester/GVLG6WI10LU,aaskoven@taaconsult.dk,,Du følger virksomheden,,,,OK,,,,,,,Arbejdskrafts tjenester,
414,ACE ApS,,,+4581333222,https://www.proff.dk/firma/ace-aps/kastrup/arbejdskrafts-tjenester/0ORXSDI10LU,kontakt@flytjer.dk,,Du følger virksomheden,,,,OK,,,,,,,Arbejdskrafts tjenester,
415,ElevateTR ApS,,,+4522998960,https://www.proff.dk/firma/elevatetr-aps/frederiksberg-c/arbejdskrafts-tjenester/0QN9DAI10LU,info@elevatetr.dk,,Du følger virksomheden,,,,OK,,,,,,,Arbejdskrafts tjenester,
416,KB Performance ApS,,,+4528208056,https://www.proff.dk/firma/kb-performance-aps/s%C3%A6by/arbejdskrafts-tjenester/0QS6MAI10LU,kbpaps@outlook.dk,,Du følger virksomheden,,,,OK,,,,,,,Arbejdskrafts tjenester,
417,Northern Search ApS,,,+4553731060,https://www.proff.dk/firma/northern-search-aps/k%C3%B8benhavn-%C3%B8/arbejdskrafts-tjenester/0PKU9GI10LU,mt@northernsearch.dk,,Du følger virksomheden,,,,OK,,,,,,,Arbejdskrafts tjenester,
418,Elite Payroll Consultancy ApS,,,+4553632539,https://www.proff.dk/firma/elite-payroll-consultancy-aps/helsinge/arbejdskrafts-tjenester/0QPES9I10LU,elitepayrollconsultancy@outlook.com,,Du følger virksomheden,,,,OK,,,,,,,Arbejdskrafts tjenester,
419,E73 Ejendomme ApS,,,+4593940049,https://www.proff.dk/firma/e73-ejendomme-aps/fredericia/arbejdskrafts-tjenester/0GAEUNI10LU,kontakt@e73.dk,,Du følger virksomheden,,,,OK,,,,,,,Arbejdskrafts tjenester,
420,ReQT Consulting ApS,,,+4526184844,https://www.proff.dk/firma/reqt-consulting-aps/fredericia/arbejdskrafts-tjenester/0OUJ80I10LU,info@reqt.dk,,Du følger virksomheden,,,,OK,,,,,,,Arbejdskrafts tjenester,
421,Jobbridge ApS,,,+4551522402,https://www.proff.dk/firma/jobbridge-aps/hellerup/arbejdskrafts-tjenester/0QTXFFI10LU,kontakt@jobbridge.dk,,Du følger virksomheden,,,,OK,,,,,,,Arbejdskrafts tjenester,
422,de Coninck Consulting ApS,,,,https://www.proff.dk/firma/de-coninck-consulting-aps/h%C3%B8rsholm/arbejdskrafts-tjenester/0N3GATI10LU,eva.nickless@gmail.com,,Du følger virksomheden,,,,OK,,,,,,,Arbejdskrafts tjenester,
423,Kiel Casting ApS,,,+4540811918,https://www.proff.dk/firma/kiel-casting-aps/k%C3%B8benhavn-n/arbejdskrafts-tjenester/0PDCANI10LU,dittekiel@gmail.com,,Du følger virksomheden,,,,OK,,,,,,,Arbejdskrafts tjenester,
424,SEAPAY DIS ApS,,,+4529162866,https://www.proff.dk/firma/seapay-dis-aps/v%C3%A6rl%C3%B8se/arbejdskrafts-tjenester/0LGRU2I10LU,lrh@seapaydis.dk,,Du følger virksomheden,,,,OK,,,,,,,Arbejdskrafts tjenester,
425,Mustvikar ApS,,,+4571835335,https://www.proff.dk/firma/mustvikar-aps/k%C3%B8benhavn-s/arbejdskrafts-tjenester/H0IWLAI10LU,amelevi@mustvikar.dk,,Du følger virksomheden,,,,OK,,,,,,,Arbejdskrafts tjenester,
426,Fugl Leonhardt ApS,,,+4522218489,https://www.proff.dk/firma/fugl-leonhardt-aps/frederiksberg-c/arbejdskrafts-tjenester/0MZCCKI10LU,suzette@fuglleonhardt.dk,,Du følger virksomheden,,,,OK,,,,,,,Arbejdskrafts tjenester,
427,Freetech ApS,,,+4540790205,https://www.proff.dk/firma/freetech-aps/aarhus-c/arbejdskrafts-tjenester/0QRZEII10LU,fw@freetech.dk,,Du følger virksomheden,,,,OK,,,,,,,Arbejdskrafts tjenester,
428,Ck Gruppen ApS,,,+4542341720,https://www.proff.dk/firma/ck-gruppen-aps/haslev/arbejdskrafts-tjenester/H07G9DI10LU,ckboooking@gmail.com,,Du følger virksomheden,,,,OK,,,,,,,Arbejdskrafts tjenester,
429,MATSEL HOLDING ApS,,,+4522708124,https://www.proff.dk/firma/matsel-holding-aps/kolding/arbejdskrafts-tjenester/0IOBVNI10LU,ps@corecompetence.dk,,Du følger virksomheden,,,,OK,,,,,,,Arbejdskrafts tjenester,
430,Trust Service Denmark ApS,,,,https://www.proff.dk/firma/trust-service-denmark-aps/vallensb%C3%A6k-strand/arbejdskrafts-tjenester/0OU33WI10LU,mashd.se@gmail.com,,Du følger virksomheden,,,,OK,,,,,,,Arbejdskrafts tjenester,
431,HRN Partner ApS,,,+4520123795,https://www.proff.dk/firma/hrn-partner-aps/skodsborg/arbejdskrafts-tjenester/0OQ684I10LU,ole.h.jensen@privat.dk,,Du følger virksomheden,,,,OK,,,,,,,Arbejdskrafts tjenester,
432,ASE Assistance ApS,,,,https://www.proff.dk/firma/ase-assistance-aps/harndrup/arbejdskrafts-tjenester/0NCZYCI10LU,a.johanson@asehandling.com,,Du følger virksomheden,,,,OK,,,,,,,Arbejdskrafts tjenester,
433,Statybiai IvS,,,+4591478643,https://www.proff.dk/firma/statybiai-ivs/n%C3%A6stved/arbejdskrafts-tjenester/0MJTF3I10LU,statybaivs@gmail.com,,Du følger virksomheden,,,,OK,,,,,,,Arbejdskrafts tjenester,
434,Ekkoteam ApS,,,,https://www.proff.dk/firma/ekkoteam-aps/r%C3%B8dovre/arbejdskrafts-tjenester/0QML6BI10LU,violetaaa@outlook.dk,,Du følger virksomheden,,,,OK,,,,,,,Arbejdskrafts tjenester,
435,TB-Group ApS,,,,https://www.proff.dk/firma/tb-group-aps/k%C3%B8benhavn-k/arbejdskrafts-tjenester/0R0AK5I10LU,jusef.issa@tb-group.se,,Du følger virksomheden,,,,OK,,,,,,,Arbejdskrafts tjenester,
436,DC Investments ApS,,,+4524778080,https://www.proff.dk/firma/dc-investments-aps/nakskov/arbejdskrafts-tjenester/0PNWWZI10LU,d.c.investments@hotmail.com,,Du følger virksomheden,,,,OK,,,,,,,Arbejdskrafts tjenester,
437,Lawema ApS,,,,https://www.proff.dk/firma/lawema-aps/k%C3%B8benhavn-%C3%B8/arbejdskrafts-tjenester/0PNDYII10LU,natt@lawema.se,,Du følger virksomheden,,,,OK,,,,,,,Arbejdskrafts tjenester,
438,CAM XPORT ApS,,,+4540981109,https://www.proff.dk/firma/cam-xport-aps/hiller%C3%B8d/arbejdskrafts-tjenester/0K3FTCI10LU,leif@holbek.it,,Du følger virksomheden,,,,OK,,,,,,,Arbejdskrafts tjenester,
439,Who's Polly ApS,,,+4521766482,https://www.proff.dk/firma/whos-polly-aps/f%C3%B8llenslev/arbejdskrafts-tjenester/0Q1G6BI10LU,info@whospolly.dk,,Du følger virksomheden,,,,OK,,,,,,,Arbejdskrafts tjenester,
440,Search Company ApS,,,+4593848449,https://www.proff.dk/firma/search-company-aps/aalborg/arbejdskrafts-tjenester/0QAZ29I10LU,dan@guly.dk,,Du følger virksomheden,,,,OK,,,,,,,Arbejdskrafts tjenester,
441,POWER PEOPLE SJÆLLAND ApS,,,+4531460015,https://www.proff.dk/firma/power-people-sj%C3%A6lland-aps/r%C3%B8dovre/arbejdskrafts-tjenester/0LPMOQI10LU,js@power-people.dk,,Du følger virksomheden,,,,OK,,,,,,,Arbejdskrafts tjenester,
442,CORSO GROUP ApS,,,+4520931583,https://www.proff.dk/firma/corso-group-aps/hvidovre/arbejdskrafts-tjenester/GT053HI10LU,charlotte@corso-group.com,,Du følger virksomheden,,,,OK,,,,,,,Arbejdskrafts tjenester,
443,Lej-os ApS,,,+4522128825,https://www.proff.dk/firma/lej-os-aps/odense-nv/arbejdskrafts-tjenester/0NT2CSI10LU,rhl@lejos.dk,,Du følger virksomheden,,,,OK,,,,,,,Arbejdskrafts tjenester,
444,Lavoro ApS,,,+4592926600,https://www.proff.dk/firma/lavoro-aps/slagelse/arbejdskrafts-tjenester/0QRK4MI10LU,kontakt@lavoro.dk,,Du følger virksomheden,,,,OK,,,,,,,Arbejdskrafts tjenester,
445,Susanne Worm Rekruttering ApS,,,,https://www.proff.dk/firma/susanne-worm-rekruttering-aps/bagsv%C3%A6rd/arbejdskrafts-tjenester/0QHBAVI10LU,susanneworm@susanneworm.dk,,Du følger virksomheden,,,,OK,,,,,,,Arbejdskrafts tjenester,
446,Tange Gruppen ApS,,,+4520784424,https://www.proff.dk/firma/tange-gruppen-aps/viby-j/arbejdskrafts-tjenester/GUAAP4I10LU,mt@karrierecoach.dk,,Du følger virksomheden,,,,OK,,,,,,,Arbejdskrafts tjenester,
447,Den Gyldne Service,,,+4527204281,https://www.proff.dk/firma/den-gyldne-service/herlufmagle/arbejdskrafts-tjenester/H23821I10LU,dgs@netmail.dk,,Du følger virksomheden,,,,OK,,,,,,,Arbejdskrafts tjenester,
448,DIN Transport Service ApS,,,+4571711111,https://www.proff.dk/firma/din-transport-service-aps/haslev/arbejdskrafts-tjenester/GSZP7BI10LU,dennis@dintransport.dk,,Du følger virksomheden,,,,OK,,,,,,,Arbejdskrafts tjenester,
449,Finanskandidaten ApS,,,+4561778090,https://www.proff.dk/firma/finanskandidaten-aps/k%C3%B8benhavn-k/arbejdskrafts-tjenester/0PQYS9I10LU,nanna@finanskandidaten.dk,,Du følger virksomheden,,,,OK,,,,,,,Arbejdskrafts tjenester,
450,Juridisk ServiceBureau ApS,,,+4533117014,https://www.proff.dk/firma/juridisk-servicebureau-aps/kolding/arbejdskrafts-tjenester/GSZVSKI10LU,kbh@servicebureau.dk,,Du følger virksomheden,,,,OK,,,,,,,Arbejdskrafts tjenester,
451,Nemo 2023 ApS,,,+4529470197,https://www.proff.dk/firma/nemo-2023-aps/r%C3%B8dby/arbejdskrafts-tjenester/H0P5YMI10LU,lindsgade10@live.dk,,Du følger virksomheden,,,,OK,,,,,,,Arbejdskrafts tjenester,
452,SHOW CREW ApS,,,,https://www.proff.dk/firma/show-crew-aps/gadstrup/arbejdskrafts-tjenester/0HKR38I10LU,showcrew@showcrew.dk,,Du følger virksomheden,,,,OK,,,,,,,Arbejdskrafts tjenester,
453,SG Handel & Transport ApS,,,+4524628081,https://www.proff.dk/firma/sg-handel-transport-aps/vojens/arbejdskrafts-tjenester/0NHNWRI10LU,sgaltiet@hotmail.com,,Du følger virksomheden,,,,OK,,,,,,,Arbejdskrafts tjenester,
454,NORDIC SEARCH GROUP ApS,,,+4570701860,https://www.proff.dk/firma/nordic-search-group-aps/h%C3%B8rsholm/arbejdskrafts-tjenester/0LGQLQI10LU,bd@nordicsearchgroup.com,,Du følger virksomheden,,,,OK,,,,,,,Arbejdskrafts tjenester,
455,DY MANN Entreprise 1,,,,https://www.proff.dk/firma/dy-mann-entreprise-1/greve/arbejdskrafts-tjenester/H2VJ96I10LU,smeralda@outlook.dk,,Du følger virksomheden,,,,OK,,,,,,,Arbejdskrafts tjenester,
456,Argo Service ApS,,,+4520845252,https://www.proff.dk/firma/argo-service-aps/faxe/arbejdskrafts-tjenester/0N54O9I10LU,argoservice@outlook.dk,,Du følger virksomheden,,,,OK,,,,,,,Arbejdskrafts tjenester,
457,EzyAcnt ApS,,,+4553581718,https://www.proff.dk/firma/ezyacnt-aps/greve/arbejdskrafts-tjenester/GWJRBYI10LU,ma@ezyacnt.dk,,Du følger virksomheden,,,,OK,,,,,,,Arbejdskrafts tjenester,
458,Konsulent Team ApS af d. 17.8.2,,,+4529849011,https://www.proff.dk/firma/konsulent-team-aps-af-d.-17.8.2/k%C3%B8benhavn-nv/arbejdskrafts-tjenester/GVTQT0I10LU,info@rekonteam.dk,,Du følger virksomheden,,,,OK,,,,,,,Arbejdskrafts tjenester,
459,CR8 ApS,,,+4521758111,https://www.proff.dk/firma/cr8-aps/k%C3%B8benhavn-k/arbejdskrafts-tjenester/0KO7CVI10LU,me@cr8.dk,,Du følger virksomheden,,,,OK,,,,,,,Arbejdskrafts tjenester,
460,Nordisk Rekruttering ApS,,,+4525773432,https://www.proff.dk/firma/nordisk-rekruttering-aps/svendborg/arbejdskrafts-tjenester/0MA7A7I10LU,lars@nordiskrekruttering.dk,,Du følger virksomheden,,,,OK,,,,,,,Arbejdskrafts tjenester,
461,nordinary ApS,,,+4525306036,https://www.proff.dk/firma/nordinary-aps/k%C3%B8benhavn-sv/arbejdskrafts-tjenester/GZRVPSI10LU,nordinary21@gmail.com,,Du følger virksomheden,,,,OK,,,,,,,Arbejdskrafts tjenester,
462,LINDBERGHR ApS,,,+4541813400,https://www.proff.dk/firma/lindberghr-aps/eg%C3%A5/arbejdskrafts-tjenester/0KDLDNI10LU,carsten@lindberghr.dk,,Du følger virksomheden,,,,OK,,,,,,,Arbejdskrafts tjenester,
463,HR navigator ApS,,,+4551409224,https://www.proff.dk/firma/hr-navigator-aps/h%C3%B8jbjerg/arbejdskrafts-tjenester/H16PGII10LU,mail@vinstokken.dk,,Du følger virksomheden,,,,OK,,,,,,,Arbejdskrafts tjenester,
464,FRONTPEOPLE A/S,,,+4575191938,https://www.proff.dk/firma/frontpeople-as/vejle/arbejdskrafts-tjenester/0HWVQ1I10LU,mail@frontpeople.dk,,Du følger virksomheden,,,,OK,,,,,,,Arbejdskrafts tjenester,
465,Unika Service ApS,,,,https://www.proff.dk/firma/unika-service-aps/r%C3%B8dovre/arbejdskrafts-tjenester/0NNV2YI10LU,info@unikaservice.dk,,Du følger virksomheden,,,,OK,,,,,,,Arbejdskrafts tjenester,
466,CoreCompetence ApS,,,+4522708124,https://www.proff.dk/firma/corecompetence-aps/kolding/arbejdskrafts-tjenester/GUZIO8I10LU,ps@corecompetence.dk,,Du følger virksomheden,,,,OK,,,,,,,Arbejdskrafts tjenester,
467,DeZignated ApS,,,+4527154303,https://www.proff.dk/firma/dezignated-aps/k%C3%B8benhavn-s/arbejdskrafts-tjenester/0O7BSNI10LU,dbo@dezignated.dk,,Du følger virksomheden,,,,OK,,,,,,,Arbejdskrafts tjenester,
468,DOCS INTERNATIONAL NORDIC COUNTRIES A/S,,,70204015,https://www.proff.dk/firma/docs-international-nordic-countries-as/hellerup/arbejdskrafts-tjenester/0G3MBRI10LU,fkh@kellerlaw.dk,,Du følger virksomheden,,,,OK,,,,,,,Arbejdskrafts tjenester,
469,Liida Mandskabsudlejning ApS,,,+4550118395,https://www.proff.dk/firma/liida-mandskabsudlejning-aps/odense-s%C3%B8/arbejdskrafts-tjenester/0PVIDKI10LU,morten@liida.dk,,Du følger virksomheden,,,,OK,,,,,,,Arbejdskrafts tjenester,
470,NextStep Sports Management ApS,,,+4527289910,https://www.proff.dk/firma/nextstep-sports-management-aps/solr%C3%B8d-strand/arbejdskrafts-tjenester/0PTXVWI10LU,anders.hansen@teamnsm.com,,Du følger virksomheden,,,,OK,,,,,,,Arbejdskrafts tjenester,
471,BSK ApS,,,+4529274411,https://www.proff.dk/firma/bsk-aps/odense-c/arbejdskrafts-tjenester/0Q7YGUI10LU,bknudsen93@hotmail.com,,Du følger virksomheden,,,,OK,,,,,,,Arbejdskrafts tjenester,
472,INTELLIGENT ADVICE ApS,,,+4522365777,https://www.proff.dk/firma/intelligent-advice-aps/aalborg/arbejdskrafts-tjenester/0L7XJII10LU,cpm@intelligentadvice.dk,,Du følger virksomheden,,,,OK,,,,,,,Arbejdskrafts tjenester,
473,Advenio People P/S,,,+4531547040,https://www.proff.dk/firma/advenio-people-ps/gentofte/arbejdskrafts-tjenester/0LZ9LYI10LU,bjorn@adveniopeople.com,,Du følger virksomheden,,,,OK,,,,,,,Arbejdskrafts tjenester,
474,Job Vision Bornholm,,,60406747,https://www.proff.dk/firma/job-vision-bornholm/r%C3%B8nne/arbejdskrafts-tjenester/H28BSRI10LU,moen@job-vision.dk,,Du følger virksomheden,,,,OK,,,,,,,Arbejdskrafts tjenester,
475,Holdbar - Rekruttering & Rådgivning ApS,,,,https://www.proff.dk/firma/holdbar-rekruttering-r%C3%A5dgivning-aps/haderslev/arbejdskrafts-tjenester/0Q4OVTI10LU,frederik.agergaard@gmail.com,,Du følger virksomheden,,,,OK,,,,,,,Arbejdskrafts tjenester,
476,Pettrine Aps,,,+4522338722,https://www.proff.dk/firma/pettrine-aps/tik%C3%B8b/arbejdskrafts-tjenester/0NXAARI10LU,rp@pettrine.dk,,Du følger virksomheden,,,,OK,,,,,,,Arbejdskrafts tjenester,
477,SPEDALSØ AUTOLAKERING A/S,,,+4575624000,https://www.proff.dk/firma/spedals%C3%B8-autolakering-as/horsens/arbejdskrafts-tjenester/0O6TP7I10LU,post@sautolak.dk,,Du følger virksomheden,,,,OK,,,,,,,Arbejdskrafts tjenester,
478,Gaarde Vikarservice ApS,,,+4524265924,https://www.proff.dk/firma/gaarde-vikarservice-aps/ballerup/arbejdskrafts-tjenester/0QQOFRI10LU,info@gaardevikar.dk,,Du følger virksomheden,,,,OK,,,,,,,Arbejdskrafts tjenester,
479,Fair HR Løn ApS,,,,https://www.proff.dk/firma/fair-hr-l%C3%B8n-aps/jelling/arbejdskrafts-tjenester/0O9YIKI10LU,jfk@fairhrlon.dk,,Du følger virksomheden,,,,OK,,,,,,,Arbejdskrafts tjenester,
480,Tig ApS,,,+4522323790,https://www.proff.dk/firma/tig-aps/frederikshavn/arbejdskrafts-tjenester/0P6XRQI10LU,hylle.n@hotmail.com,,Du følger virksomheden,,,,OK,,,,,,,Arbejdskrafts tjenester,
481,Harverton ApS,,,,https://www.proff.dk/firma/harverton-aps/esperg%C3%A6rde/arbejdskrafts-tjenester/0P5PEBI10LU,rs@harverton.com,,Du følger virksomheden,,,,OK,,,,,,,Arbejdskrafts tjenester,
482,Selfcast ApS,,,+4531399113,https://www.proff.dk/firma/selfcast-aps/k%C3%B8benhavn-k/arbejdskrafts-tjenester/GXGHQVI10LU,admin@selfcast.com,,Du følger virksomheden,,,,OK,,,,,,,Arbejdskrafts tjenester,
483,GISP DENMARK ApS,,,+4555992211,https://www.proff.dk/firma/gisp-denmark-aps/k%C3%B8benhavn-k/arbejdskrafts-tjenester/GSZVYPI10LU,contact@gispgroup.com,,Du følger virksomheden,,,,OK,,,,,,,Arbejdskrafts tjenester,
484,JOBØST ApS,,,+4520495156,https://www.proff.dk/firma/job%C3%B8st-aps/br%C3%B8ndby/arbejdskrafts-tjenester/0JXUY0I10LU,na@jobeast.dk,,Du følger virksomheden,,,,OK,,,,,,,Arbejdskrafts tjenester,
485,Personalekontor ApS,,,+4587931500,https://www.proff.dk/firma/personalekontor-aps/h%C3%B8rning/arbejdskrafts-tjenester/0Q9G3KI10LU,info@personalekontoret.dk,,Du følger virksomheden,,,,OK,,,,,,,Arbejdskrafts tjenester,
486,SCANDINAVIAN MANAGEMENT SERVICES ApS,,,,https://www.proff.dk/firma/scandinavian-management-services-aps/charlottenlund/arbejdskrafts-tjenester/08LHMGI10LU,ebav@ebav.dk,,Du følger virksomheden,,,,OK,,,,,,,Arbejdskrafts tjenester,
487,Dobbels ApS,,,,https://www.proff.dk/firma/dobbels-aps/ejstrupholm/arbejdskrafts-tjenester/0NZU1DI10LU,dobbels2023@hotmail.com,,Du følger virksomheden,,,,OK,,,,,,,Arbejdskrafts tjenester,
488,HØGHOLT & HØGHOLT ApS,,,+4575853804,https://www.proff.dk/firma/h%C3%B8gholt-h%C3%B8gholt-aps/bryrup/arbejdskrafts-tjenester/0HJ3OYI10LU,hoegholt@mail.dk,,Du følger virksomheden,,,,OK,,,,,,,Arbejdskrafts tjenester,
489,Sejer&Co ApS,,,,https://www.proff.dk/firma/sejerco-aps/aalborg/arbejdskrafts-tjenester/0L2NVNI10LU,contact@sejerandco.dk,,Du følger virksomheden,,,,OK,,,,,,,Arbejdskrafts tjenester,
490,Under 37 ApS,,,+4593946715,https://www.proff.dk/firma/under-37-aps/esbjerg/arbejdskrafts-tjenester/0PHLMCI10LU,info@under37.dk,,Du følger virksomheden,,,,OK,,,,,,,Arbejdskrafts tjenester,
491,FRIMAND RESEARCH ApS,,,+4570203862,https://www.proff.dk/firma/frimand-research-aps/melby/arbejdskrafts-tjenester/0IHJDVI10LU,mfm@frimandresearch.com,,Du følger virksomheden,,,,OK,,,,,,,Arbejdskrafts tjenester,
492,Søften Service ApS,,,+4571619239,https://www.proff.dk/firma/s%C3%B8ften-service-aps/hinnerup/arbejdskrafts-tjenester/GZ7OJ5I10LU,softenaps@gmail.com,,Du følger virksomheden,,,,OK,,,,,,,Arbejdskrafts tjenester,
493,PEEQ ApS,,,+4522305290,https://www.proff.dk/firma/peeq-aps/roskilde/arbejdskrafts-tjenester/GTYPVFI10LU,helle@peeq.dk,,Du følger virksomheden,,,,OK,,,,,,,Arbejdskrafts tjenester,
494,JAH Entreprise ApS,,,+4528262035,https://www.proff.dk/firma/jah-entreprise-aps/frederiksberg-c/arbejdskrafts-tjenester/0QDGGSI10LU,info@jahentreprise.dk,,Du følger virksomheden,,,,OK,,,,,,,Arbejdskrafts tjenester,
495,City Trans Vikar ApS,,,+4520606060,https://www.proff.dk/firma/city-trans-vikar-aps/greve/arbejdskrafts-tjenester/0MMC11I10LU,ali@citytrans.dk,,Du følger virksomheden,,,,OK,,,,,,,Arbejdskrafts tjenester,
496,R2 Freelance ApS,,,+4591987489,https://www.proff.dk/firma/r2-freelance-aps/holstebro/arbejdskrafts-tjenester/H200YSI10LU,info@r25group.dk,,Du følger virksomheden,,,,OK,,,,,,,Arbejdskrafts tjenester,
497,El-optimering.dk ApS,,,,https://www.proff.dk/firma/el-optimering.dk-aps/herlev/arbejdskrafts-tjenester/0Q63MKI10LU,info@el-optimering.dk,,Du følger virksomheden,,,,OK,,,,,,,Arbejdskrafts tjenester,
498,A.D Firma ApS,,,+4526604768,https://www.proff.dk/firma/a.d-firma-aps/glostrup/arbejdskrafts-tjenester/0P311XI10LU,allan_aldawaski@hotmail.com,,Du følger virksomheden,,,,OK,,,,,,,Arbejdskrafts tjenester,
499,Cars & More ApS,,,+4553536868,https://www.proff.dk/firma/cars-more-aps/ringsted/arbejdskrafts-tjenester/0MXH3UI10LU,jadrancapital@gmail.com,,Du følger virksomheden,,,,OK,,,,,,,Arbejdskrafts tjenester,
500,Help2Power ApS,,,+4535142161,https://www.proff.dk/firma/help2power-aps/ringsted/arbejdskrafts-tjenester/0LOISHI10LU,info@gelcom.dk,,Du følger virksomheden,,,,OK,,,,,,,Arbejdskrafts tjenester,
501,Exitplan ApS,,,+4577348686,https://www.proff.dk/firma/exitplan-aps/taastrup/arbejdskrafts-tjenester/0LYTM4I10LU,sl@exitplan.dk,,Du følger virksomheden,,,,OK,,,,,,,Arbejdskrafts tjenester,
502,Haj Smeden ApS,,,+4521990125,https://www.proff.dk/firma/haj-smeden-aps/dianalund/arbejdskrafts-tjenester/0PTHO7I10LU,henrik@haj-smeden.dk,,Du følger virksomheden,,,,OK,,,,,,,Arbejdskrafts tjenester,
503,Jobselection Aps,,,+4527152915,https://www.proff.dk/firma/jobselection-aps/nyk%C3%B8bing-f/arbejdskrafts-tjenester/0MQNQ8I10LU,bvh@jobselection.dk,,Du følger virksomheden,,,,OK,,,,,,,Arbejdskrafts tjenester,
504,Social-Performance ApS,,,+4541440185,https://www.proff.dk/firma/social-performance-aps/haslev/arbejdskrafts-tjenester/0P88H0I10LU,mb@socialperformance.dk,,Du følger virksomheden,,,,OK,,,,,,,Arbejdskrafts tjenester,
505,Vikarhouse ApS,,,+4523270521,https://www.proff.dk/firma/vikarhouse-aps/k%C3%B8benhavn-k/arbejdskrafts-tjenester/GRI06RI10LU,sn@vikarhouse.com,,Du følger virksomheden,,,,OK,,,,,,,Arbejdskrafts tjenester,
506,consulting2be ApS,,,,https://www.proff.dk/firma/consulting2be-aps/vejle/arbejdskrafts-tjenester/0QKFQWI10LU,consulting2be@outlook.com,,Du følger virksomheden,,,,OK,,,,,,,Arbejdskrafts tjenester,
507,Selion Global Denmark ApS,,,+4531622131,https://www.proff.dk/firma/selion-global-denmark-aps/k%C3%B8benhavn-k/arbejdskrafts-tjenester/0R26CQI10LU,jutta.mejlby@selionglobal.com,,Du følger virksomheden,,,,OK,,,,,,,Arbejdskrafts tjenester,
508,Kim Vikarbureau ApS,,,+4571337939,https://www.proff.dk/firma/kim-vikarbureau-aps/k%C3%B8benhavn-%C3%B8/arbejdskrafts-tjenester/0Q4YLQI10LU,serviceogtransport@outlook.com,,Du følger virksomheden,,,,OK,,,,,,,Arbejdskrafts tjenester,
509,BROCK&HR-NAVIGATOR ApS,,,+4520719551,https://www.proff.dk/firma/brockhr-navigator-aps/herning/arbejdskrafts-tjenester/GRCAC7I10LU,mbr@hrnavigator.dk,,Du følger virksomheden,,,,OK,,,,,,,Arbejdskrafts tjenester,
510,Rådgivnings Service Vilsund A/S,,,+4540371911,https://www.proff.dk/firma/r%C3%A5dgivnings-service-vilsund-as/thisted/arbejdskrafts-tjenester/GPND56I10LU,finn@harlis.nu,,Du følger virksomheden,,,,OK,,,,,,,Arbejdskrafts tjenester,
511,Q83 ApS,,,28899773,https://www.proff.dk/firma/q83-aps/ringsted/arbejdskrafts-tjenester/0Q56OHI10LU,q83aps@gmail.com,,Du følger virksomheden,,,,OK,,,,,,,Arbejdskrafts tjenester,
512,ASSET Rekruttering ApS,,,+4522231445,https://www.proff.dk/firma/asset-rekruttering-aps/esbjerg/arbejdskrafts-tjenester/0O30ETI10LU,tbl@asset.dk,,Du følger virksomheden,,,,OK,,,,,,,Arbejdskrafts tjenester,
513,Udlejning.dk ApS,,,+4542440171,https://www.proff.dk/firma/udlejning.dk-aps/hjortsh%C3%B8j/arbejdskrafts-tjenester/0MBRJ1I10LU,info@udlejningdk.dk,,Du følger virksomheden,,,,OK,,,,,,,Arbejdskrafts tjenester,
514,Havnegrillen Aabenraa ApS,,,+4554553000,https://www.proff.dk/firma/havnegrillen-aabenraa-aps/gr%C3%A5sten/arbejdskrafts-tjenester/GZFAU8I10LU,info@jeas.nu,,Du følger virksomheden,,,,OK,,,,,,,Arbejdskrafts tjenester,
515,NB-Steel ApS,,,+4542523033,https://www.proff.dk/firma/nb-steel-aps/broager/arbejdskrafts-tjenester/0NM4GGI10LU,niels@nbsteel.dk,,Du følger virksomheden,,,,OK,,,,,,,Arbejdskrafts tjenester,
516,iFind ApS,,,+4520301013,https://www.proff.dk/firma/ifind-aps/frederikssund/arbejdskrafts-tjenester/0PXEQYI10LU,jeanette@ifind.dk,,Du følger virksomheden,,,,OK,,,,,,,Arbejdskrafts tjenester,
517,SEVENOCEANS APS,,,+4550307000,https://www.proff.dk/firma/sevenoceans-aps/n%C3%A6stved/arbejdskrafts-tjenester/H1AWB7I10LU,info@sevenoceans.dk,,Du følger virksomheden,,,,OK,,,,,,,Arbejdskrafts tjenester,
518,Sydhavsvikar ApS,,,+4542479697,https://www.proff.dk/firma/sydhavsvikar-aps/nyk%C3%B8bing-f/arbejdskrafts-tjenester/0P0S8NI10LU,remandskab@gmail.com,,Du følger virksomheden,,,,OK,,,,,,,Arbejdskrafts tjenester,
519,Bare Bedre Bygget 3B ApS,,,+4552656897,https://www.proff.dk/firma/bare-bedre-bygget-3b-aps/roskilde/arbejdskrafts-tjenester/0OKL4ZI10LU,info@bbb3b.dk,,Du følger virksomheden,,,,OK,,,,,,,Arbejdskrafts tjenester,
520,Solid Hand ApS,,,,https://www.proff.dk/firma/solid-hand-aps/svenstrup-j/arbejdskrafts-tjenester/0OT1RNI10LU,per.rosengren.13@gmail.com,,Du følger virksomheden,,,,OK,,,,,,,Arbejdskrafts tjenester,
521,RCKT ApS,,,+4530364951,https://www.proff.dk/firma/rckt-aps/aarhus-n/arbejdskrafts-tjenester/0QXUR6I10LU,info@rckt.dk,,Du følger virksomheden,,,,OK,,,,,,,Arbejdskrafts tjenester,
522,C. JUNGET ApS,,,+4527588440,https://www.proff.dk/firma/c.-junget-aps/h%C3%B8rsholm/arbejdskrafts-tjenester/GSQ322I10LU,francifredensborg@gmail.com,,Du følger virksomheden,,,,OK,,,,,,,Arbejdskrafts tjenester,
523,HHE CONSULT ApS,,,+4524832581,https://www.proff.dk/firma/hhe-consult-aps/s%C3%B8borg/arbejdskrafts-tjenester/0L7ZP4I10LU,helleeriksen@hotmail.com,,Du følger virksomheden,,,,OK,,,,,,,Arbejdskrafts tjenester,
524,Scandinavian super foods holding ApS,,,,https://www.proff.dk/firma/scandinavian-super-foods-holding-aps/k%C3%B8benhavn-s/arbejdskrafts-tjenester/0N05TQI10LU,anders@thesldiet.com,,Du følger virksomheden,,,,OK,,,,,,,Arbejdskrafts tjenester,
525,#NAME?,,,61617432,https://www.proff.dk/firma/vikar-aps/holb%C3%A6k/arbejdskrafts-tjenester/GYMAE7I10LU,lg@plus-koncept.dk,,Du følger virksomheden,,,,OK,,,,,,,Arbejdskrafts tjenester,
526,NIPA Care ApS,,,+4552212222,https://www.proff.dk/firma/nipa-care-aps/hadsten/arbejdskrafts-tjenester/GWNI5BI10LU,mail@nipa-care.dk,,Du følger virksomheden,,,,OK,,,,,,,Arbejdskrafts tjenester,
527,RKR-Danmark ApS,,,+4521175760,https://www.proff.dk/firma/rkr-danmark-aps/k%C3%B8benhavn-k/arbejdskrafts-tjenester/0N2MS9I10LU,kim.aaskov@retailknowledge.dk,,Du følger virksomheden,,,,OK,,,,,,,Arbejdskrafts tjenester,
528,MS Vikarservice ApS,,,+4528782757,https://www.proff.dk/firma/ms-vikarservice-aps/kolding/arbejdskrafts-tjenester/0NKITOI10LU,msribe@hotmail.com,,Du følger virksomheden,,,,OK,,,,,,,Arbejdskrafts tjenester,
529,MoWa Property Group ApS,,,,https://www.proff.dk/firma/mowa-property-group-aps/taastrup/arbejdskrafts-tjenester/0PZL2DI10LU,walid@warradejendomme.dk,,Du følger virksomheden,,,,OK,,,,,,,Arbejdskrafts tjenester,
530,HR People ApS,,,+4570232301,https://www.proff.dk/firma/hr-people-aps/h%C3%B8rsholm/arbejdskrafts-tjenester/H0T3B3I10LU,amv@hrpeople.dk,,Du følger virksomheden,,,,OK,,,,,,,Arbejdskrafts tjenester,
531,GazvaniArt&Consultation ApS,,,+4531350815,https://www.proff.dk/firma/gazvaniartconsultation-aps/br%C3%B8nsh%C3%B8j/arbejdskrafts-tjenester/0PSDZEI10LU,gazvani2@hotmail.com,,Du følger virksomheden,,,,OK,,,,,,,Arbejdskrafts tjenester,
532,Flyers - Slagelse,,,29481276,https://www.proff.dk/firma/flyers-slagelse/slagelse/arbejdskrafts-tjenester/H19WGWI10LU,peter@flyers-job.dk,,Du følger virksomheden,,,,OK,,,,,,,Arbejdskrafts tjenester,
533,TILSTROM ApS,,,+4526717678,https://www.proff.dk/firma/tilstrom-aps/kongens-lyngby/arbejdskrafts-tjenester/GYW0XWI10LU,lars@tilling.dk,,Du følger virksomheden,,,,OK,,,,,,,Arbejdskrafts tjenester,
534,Baetter ApS,,,+4540423480,https://www.proff.dk/firma/baetter-aps/k%C3%B8benhavn-k/arbejdskrafts-tjenester/0R20M0I10LU,hello@baetter.dk,,Du følger virksomheden,,,,OK,,,,,,,Arbejdskrafts tjenester,
535,KKF Ejendomme ApS,,,+4571184438,https://www.proff.dk/firma/kkf-ejendomme-aps/stoholm-jyll/arbejdskrafts-tjenester/GYYAG8I10LU,kirstinekaren@hotmail.com,,Du følger virksomheden,,,,OK,,,,,,,Arbejdskrafts tjenester,
536,Kbh Jul & Deko ApS,,,+4531755000,https://www.proff.dk/firma/kbh-jul-deko-aps/drag%C3%B8r/arbejdskrafts-tjenester/0QEUW0I10LU,mail@kbhjulogdeko.dk,,Du følger virksomheden,,,,OK,,,,,,,Arbejdskrafts tjenester,
537,Ewelina ApS,,,,https://www.proff.dk/firma/ewelina-aps/%C3%B8rsted/arbejdskrafts-tjenester/0LRPEBI10LU,lunden1@dlgmail.dk,,Du følger virksomheden,,,,OK,,,,,,,Arbejdskrafts tjenester,
538,Dawn Designs ApS,,,+4540450200,https://www.proff.dk/firma/dawn-designs-aps/eg%C3%A5/arbejdskrafts-tjenester/0BJ7Y1I10LU,mail@steenbrondum.dk,,Du følger virksomheden,,,,OK,,,,,,,Arbejdskrafts tjenester,
539,Meya Service ApS,,,+4560674112,https://www.proff.dk/firma/meya-service-aps/s%C3%B8borg/arbejdskrafts-tjenester/GXOPPII10LU,meya.kaci@gmail.com,,Du følger virksomheden,,,,OK,,,,,,,Arbejdskrafts tjenester,
540,AB Ohm Consulting ApS,,,+4531333830,https://www.proff.dk/firma/ab-ohm-consulting-aps/helsing%C3%B8r/arbejdskrafts-tjenester/0MIANHI10LU,dalbastardo@gmail.com,,Du følger virksomheden,,,,OK,,,,,,,Arbejdskrafts tjenester,
541,Nordvikar ApS,,,+4570275068,https://www.proff.dk/firma/nordvikar-aps/kolding/arbejdskrafts-tjenester/0O1N88I10LU,ms@nordvikar.dk,,Du følger virksomheden,,,,OK,,,,,,,Arbejdskrafts tjenester,
542,Searchers International ApS,,,+4541414242,https://www.proff.dk/firma/searchers-international-aps/pr%C3%A6st%C3%B8/arbejdskrafts-tjenester/0PDIS5I10LU,tm@searchers.dk,,Du følger virksomheden,,,,OK,,,,,,,Arbejdskrafts tjenester,
543,Damwedel aps,,,+4523454026,https://www.proff.dk/firma/damwedel-aps/gadbjerg/arbejdskrafts-tjenester/0O6CIJI10LU,damwedel@hotmail.com,,Du følger virksomheden,,,,OK,,,,,,,Arbejdskrafts tjenester,
544,Specialpædagogisk Akutteam ApS,,,+4571998033,https://www.proff.dk/firma/specialp%C3%A6dagogisk-akutteam-aps/haderslev/arbejdskrafts-tjenester/0PMBZ0I10LU,info@spakutteam.dk,,Du følger virksomheden,,,,OK,,,,,,,Arbejdskrafts tjenester,
545,ACTIVE SEARCH 1998 A/S,,,+4570227799,https://www.proff.dk/firma/active-search-1998-as/k%C3%B8benhavn-k/arbejdskrafts-tjenester/0J3YUVI10LU,kim@activesearch.dk,,Du følger virksomheden,,,,OK,,,,,,,Arbejdskrafts tjenester,
546,Intermize ApS,,,+4550513000,https://www.proff.dk/firma/intermize-aps/aarhus-c/arbejdskrafts-tjenester/0QVYSFI10LU,pdr@intermize.dk,,Du følger virksomheden,,,,OK,,,,,,,Arbejdskrafts tjenester,
547,RØNBJERG ApS,,,26737111,https://www.proff.dk/firma/r%C3%B8nbjerg-aps/frederiksberg-c/arbejdskrafts-tjenester/0GQ9NWI10LU,lj@kgnrevision.dk,,Du følger virksomheden,,,,OK,,,,,,,Arbejdskrafts tjenester,
548,Tech10 ApS,,,+4570200019,https://www.proff.dk/firma/tech10-aps/k%C3%B8benhavn-%C3%B8/arbejdskrafts-tjenester/GYQHS5I10LU,tech10@tech10.dk,,Du følger virksomheden,,,,OK,,,,,,,Arbejdskrafts tjenester,
549,Yabimo ApS,,,,https://www.proff.dk/firma/yabimo-aps/haslev/arbejdskrafts-tjenester/0OIKWRI10LU,info@yabimo.com,,Du følger virksomheden,,,,OK,,,,,,,Arbejdskrafts tjenester,
550,SOLUTION IT ApS,,,+4522116519,https://www.proff.dk/firma/solution-it-aps/roskilde/arbejdskrafts-tjenester/GSJAT0I10LU,ts@solutionit.dk,,Du følger virksomheden,,,,OK,,,,,,,Arbejdskrafts tjenester,
551,MM Service & Montage ApS,,,,https://www.proff.dk/firma/mm-service-montage-aps/kalundborg/arbejdskrafts-tjenester/0QW394I10LU,mohammed1_1@hotmail.com,,Du følger virksomheden,,,,OK,,,,,,,Arbejdskrafts tjenester,
552,Peoples Production Aps,,,+4540563651,https://www.proff.dk/firma/peoples-production-aps/frederiksberg-c/arbejdskrafts-tjenester/0OUGPDI10LU,jesper@jscp.dk,,Du følger virksomheden,,,,OK,,,,,,,Arbejdskrafts tjenester,
553,REKRUTTERINGSKONSULENTEN ApS,,,+4528353404,https://www.proff.dk/firma/rekrutteringskonsulenten-aps/svenstrup-j/arbejdskrafts-tjenester/0L5IKSI10LU,rekrutteringskonsulenten@hotmail.com,,Du følger virksomheden,,,,OK,,,,,,,Arbejdskrafts tjenester,
554,FYSSEN OG ERGOEN ApS,,,+4531315249,https://www.proff.dk/firma/fyssen-og-ergoen-aps/nyk%C3%B8bing-sj/arbejdskrafts-tjenester/GURZF8I10LU,jane@fysergo.dk,,Du følger virksomheden,,,,OK,,,,,,,Arbejdskrafts tjenester,
555,CANYC HOLDING ApS,,,+4521770556,https://www.proff.dk/firma/canyc-holding-aps/risskov/arbejdskrafts-tjenester/0KZBXOI10LU,c.nygaard.christensen@gmail.com,,Du følger virksomheden,,,,OK,,,,,,,Arbejdskrafts tjenester,
556,Nordisk Svejs ApS,,,+4541619823,https://www.proff.dk/firma/nordisk-svejs-aps/aalborg/arbejdskrafts-tjenester/0PNFA7I10LU,nordisksvejs@gmail.com,,Du følger virksomheden,,,,OK,,,,,,,Arbejdskrafts tjenester,
557,Rekrutteringdanmark ApS,,,+4523957558,https://www.proff.dk/firma/rekrutteringdanmark-aps/k%C3%B8benhavn-n/arbejdskrafts-tjenester/H1FCE6I10LU,am@rekrutteringdenmark.dk,,Du følger virksomheden,,,,OK,,,,,,,Arbejdskrafts tjenester,
558,FokusVikar ApS,,,+4522715162,https://www.proff.dk/firma/fokusvikar-aps/gandrup/arbejdskrafts-tjenester/0R6FMMI10LU,info@fokusvikar.dk,,Du følger virksomheden,,,,OK,,,,,,,Arbejdskrafts tjenester,
559,Newgotium ApS,,,+4531424471,https://www.proff.dk/firma/newgotium-aps/k%C3%B8benhavn-k/arbejdskrafts-tjenester/0MPNHPI10LU,info@newgotium.dk,,Du følger virksomheden,,,,OK,,,,,,,Arbejdskrafts tjenester,
560,BuSe Ejendomme ApS,,,+4526258850,https://www.proff.dk/firma/buse-ejendomme-aps/aalborg/arbejdskrafts-tjenester/0O407GI10LU,kaspar@buseejendomme.dk,,Du følger virksomheden,,,,OK,,,,,,,Arbejdskrafts tjenester,
561,SABROE SELECTION A/S,,,+4526808360,https://www.proff.dk/firma/sabroe-selection-as/lynge/arbejdskrafts-tjenester/GQLJU7I10LU,pso@sabroe-selection.dk,,Du følger virksomheden,,,,OK,,,,,,,Arbejdskrafts tjenester,
562,Udlejning 2010 ApS,,,+4550948455,https://www.proff.dk/firma/udlejning-2010-aps/ringsted/arbejdskrafts-tjenester/0ONTHGI10LU,udlejning2010@gmail.com,,Du følger virksomheden,,,,OK,,,,,,,Arbejdskrafts tjenester,
563,Find & Connect ApS,,,+4553851911,https://www.proff.dk/firma/find-connect-aps/svendborg/arbejdskrafts-tjenester/GY1YA1I10LU,info@findconnect.dk,,Du følger virksomheden,,,,OK,,,,,,,Arbejdskrafts tjenester,
564,Tømrer & Handyservice ApS,,,+4550701019,https://www.proff.dk/firma/t%C3%B8mrer-handyservice-aps/strandby/arbejdskrafts-tjenester/0J8P51I10LU,pouldyrke@gmail.com,,Du følger virksomheden,,,,OK,,,,,,,Arbejdskrafts tjenester,
565,Vikar Nordsjælland ApS,,,+4553858421,https://www.proff.dk/firma/vikar-nordsj%C3%A6lland-aps/h%C3%B8rsholm/arbejdskrafts-tjenester/0OTZMRI10LU,km@maersk-invest.dk,,Du følger virksomheden,,,,OK,,,,,,,Arbejdskrafts tjenester,
566,TRADING & SERVICE ApS,,,+4531520760,https://www.proff.dk/firma/trading-service-aps/r%C3%B8dvig-stevns/arbejdskrafts-tjenester/0LCMK1I10LU,ove.b.b@mail.dk,,Du følger virksomheden,,,,OK,,,,,,,Arbejdskrafts tjenester,
567,HR-IC - HR International Consulting ApS,,,,https://www.proff.dk/firma/hr-ic-hr-international-consulting-aps/h%C3%B8jslev/arbejdskrafts-tjenester/0N5W4PI10LU,info@hr-internationalconsulting.com,,Du følger virksomheden,,,,OK,,,,,,,Arbejdskrafts tjenester,
568,AirBase ApS,,,+4560550728,https://www.proff.dk/firma/airbase-aps/charlottenlund/arbejdskrafts-tjenester/0NCDQPI10LU,info@airpilotbase.com,,Du følger virksomheden,,,,OK,,,,,,,Arbejdskrafts tjenester,
569,WAGNER MANAGEMENT ApS,,,+4530242409,https://www.proff.dk/firma/wagner-management-aps/charlottenlund/arbejdskrafts-tjenester/0GFC4LI10LU,jwa@peoplecapital.dk,,Du følger virksomheden,,,,OK,,,,,,,Arbejdskrafts tjenester,
570,Kokkehjælp aps,,,+4540315080,https://www.proff.dk/firma/kokkehj%C3%A6lp-aps/holeby/arbejdskrafts-tjenester/H2AGSRI10LU,vikarschack@gmail.com,,Du følger virksomheden,,,,OK,,,,,,,Arbejdskrafts tjenester,
571,Norrønt Food ApS,,,+4591931592,https://www.proff.dk/firma/norr%C3%B8nt-food-aps/or%C3%B8/arbejdskrafts-tjenester/0PJVVOI10LU,sarahamidmaach@gmail.com,,Du følger virksomheden,,,,OK,,,,,,,Arbejdskrafts tjenester,
572,MZ KONSULENT ApS,,,+4561464698,https://www.proff.dk/firma/mz-konsulent-aps/herlev/arbejdskrafts-tjenester/0NZK3SI10LU,noman@outlook.dk,,Du følger virksomheden,,,,OK,,,,,,,Arbejdskrafts tjenester,
573,People Placement ApS,,,+4522995474,https://www.proff.dk/firma/people-placement-aps/odense-c/arbejdskrafts-tjenester/0JY59TI10LU,lena@peopleplacement.dk,,Du følger virksomheden,,,,OK,,,,,,,Arbejdskrafts tjenester,
574,Rekon International ApS,,,+4524900048,https://www.proff.dk/firma/rekon-international-aps/k%C3%B8benhavn-nv/arbejdskrafts-tjenester/0QH0LMI10LU,info@rekoninternational.dk,,Du følger virksomheden,,,,OK,,,,,,,Arbejdskrafts tjenester,
575,AnloConsult ApS,,,+4523693290,https://www.proff.dk/firma/anloconsult-aps/vedb%C3%A6k/arbejdskrafts-tjenester/0PSINVI10LU,loberg@anloconsult.dk,,Du følger virksomheden,,,,OK,,,,,,,Arbejdskrafts tjenester,
576,TechRecruit ApS,,,+4593838718,https://www.proff.dk/firma/techrecruit-aps/aarhus-c/arbejdskrafts-tjenester/0QQMFVI10LU,mathias@techrecruit.dk,,Du følger virksomheden,,,,OK,,,,,,,Arbejdskrafts tjenester,
577,Bredahl Byg Og Anlæg Aps,,,+4530232321,https://www.proff.dk/firma/bredahl-byg-og-anl%C3%A6g-aps/h%C3%B8rve/arbejdskrafts-tjenester/0OTESDI10LU,n@bredahlbyg.dk,,Du følger virksomheden,,,,OK,,,,,,,Arbejdskrafts tjenester,
578,European ApS,,,+4527126001,https://www.proff.dk/firma/european-aps/k%C3%B8benhavn-k/arbejdskrafts-tjenester/0QGUV8I10LU,europeanaps@gmail.com,,Du følger virksomheden,,,,OK,,,,,,,Arbejdskrafts tjenester,
579,Manbook.dk,,,+4593929205,https://www.proff.dk/firma/manbook.dk/vallensb%C3%A6k/arbejdskrafts-tjenester/H1QFSXI10LU,info@manbook.dk,,Du følger virksomheden,,,,OK,,,,,,,Arbejdskrafts tjenester,
580,Talent Attract Agency ApS,,,+4540724011,https://www.proff.dk/firma/talent-attract-agency-aps/gr%C3%A6sted/arbejdskrafts-tjenester/0NDM3AI10LU,bvs@talentattract.com,,Du følger virksomheden,,,,OK,,,,,,,Arbejdskrafts tjenester,
581,Vikar Booking ApS,,,,https://www.proff.dk/firma/vikar-booking-aps/esbjerg-%C3%B8/arbejdskrafts-tjenester/0NE11JI10LU,kd@vikarbooking.com,,Du følger virksomheden,,,,OK,,,,,,,Arbejdskrafts tjenester,
582,UnikRecruitment ApS,,,+4522224000,https://www.proff.dk/firma/unikrecruitment-aps/vejle/arbejdskrafts-tjenester/0MG4ALI10LU,mk@unikrecruitment.dk,,Du følger virksomheden,,,,OK,,,,,,,Arbejdskrafts tjenester,
583,CHANGE DIRECTION ApS,,,+4532151144,https://www.proff.dk/firma/change-direction-aps/hadsten/arbejdskrafts-tjenester/0JVK03I10LU,sbo@changedirection.dk,,Du følger virksomheden,,,,OK,,,,,,,Arbejdskrafts tjenester,
584,BM Vikar ApS,,,+4526307008,https://www.proff.dk/firma/bm-vikar-aps/aller%C3%B8d/arbejdskrafts-tjenester/0PA6G9I10LU,martin@bmvikar.dk,,Du følger virksomheden,,,,OK,,,,,,,Arbejdskrafts tjenester,
585,Taplow Executive Interim ApS,,,+4530892427,https://www.proff.dk/firma/taplow-executive-interim-aps/h%C3%B8rsholm/arbejdskrafts-tjenester/0OUNITI10LU,saxskiold@taplow.dk,,Du følger virksomheden,,,,OK,,,,,,,Arbejdskrafts tjenester,
586,LogistikMasters ApS,,,+4531675707,https://www.proff.dk/firma/logistikmasters-aps/roskilde/arbejdskrafts-tjenester/0QC486I10LU,service.logistikmasters@gmail.com,,Du følger virksomheden,,,,OK,,,,,,,Arbejdskrafts tjenester,
587,JWConsult Aps,,,+4524270580,https://www.proff.dk/firma/jwconsult-aps/hj%C3%B8rring/arbejdskrafts-tjenester/0OILRFI10LU,info@jwiberg.dk,,Du følger virksomheden,,,,OK,,,,,,,Arbejdskrafts tjenester,
588,IQ-Rekruttering ApS,,,+4541318317,https://www.proff.dk/firma/iq-rekruttering-aps/k%C3%B8benhavn-k/arbejdskrafts-tjenester/0PDKS9I10LU,pla@iq-rekruttering.dk,,Du følger virksomheden,,,,OK,,,,,,,Arbejdskrafts tjenester,
589,TalentSelection ApS,,,+4578797272,https://www.proff.dk/firma/talentselection-aps/k%C3%B8ge/arbejdskrafts-tjenester/0Q8L0MI10LU,trine@talentselection.dk,,Du følger virksomheden,,,,OK,,,,,,,Arbejdskrafts tjenester,
590,VKM Service ApS,,,+4530868935,https://www.proff.dk/firma/vkm-service-aps/odense-s/arbejdskrafts-tjenester/0OQRJZI10LU,ab@webforum.dk,,Du følger virksomheden,,,,OK,,,,,,,Arbejdskrafts tjenester,
591,Skill Bridge ApS,,,+4552116558,https://www.proff.dk/firma/skill-bridge-aps/k%C3%B8benhavn-s/arbejdskrafts-tjenester/0QY7D2I10LU,info@skillbridge.dk,,Du følger virksomheden,,,,OK,,,,,,,Arbejdskrafts tjenester,
592,Kewin Tømrer & Snedker ApS,,,,https://www.proff.dk/firma/kewin-t%C3%B8mrer-snedker-aps/hjortsh%C3%B8j/arbejdskrafts-tjenester/0M0E5RI10LU,kewin@c.dk,,Du følger virksomheden,,,,OK,,,,,,,Arbejdskrafts tjenester,
593,ACTIO CONSULTING ApS,,,+4524888597,https://www.proff.dk/firma/actio-consulting-aps/solr%C3%B8d-strand/arbejdskrafts-tjenester/0LG0DXI10LU,lb@actio-consulting.dk,,Du følger virksomheden,,,,OK,,,,,,,Arbejdskrafts tjenester,
594,Aarhusgade 3 ApS,,,,https://www.proff.dk/firma/aarhusgade-3-aps/k%C3%B8benhavn-k/arbejdskrafts-tjenester/0O89ZXI10LU,tomasrosenlund@hotmail.com,,Du følger virksomheden,,,,OK,,,,,,,Arbejdskrafts tjenester,
595,Privathospitalet Danmark Fysioterapi ApS,,,+4526739110,https://www.proff.dk/firma/privathospitalet-danmark-fysioterapi-aps/charlottenlund/arbejdskrafts-tjenester/0G73C7I10LU,thoj@phdanmark.dk,,Du følger virksomheden,,,,OK,,,,,,,Arbejdskrafts tjenester,
596,KVR Vikar & Rekruttering ApS,,,+4560188461,https://www.proff.dk/firma/kvr-vikar-rekruttering-aps/assens/arbejdskrafts-tjenester/GWL8QTI10LU,info@kvr.dk,,Du følger virksomheden,,,,OK,,,,,,,Arbejdskrafts tjenester,
597,TIMEOUT ApS,,,+4526808517,https://www.proff.dk/firma/timeout-aps/haslev/arbejdskrafts-tjenester/0HL5B4I10LU,stryger-hove@foni.net,,Du følger virksomheden,,,,OK,,,,,,,Arbejdskrafts tjenester,
598,prætorius ApS,,,+4525562369,https://www.proff.dk/firma/pr%C3%A6torius-aps/store-merl%C3%B8se/arbejdskrafts-tjenester/0OM9DCI10LU,jpkj1919@gmail.com,,Du følger virksomheden,,,,OK,,,,,,,Arbejdskrafts tjenester,
599,Vikar og Gastronomi IVS,,,31147774,https://www.proff.dk/firma/vikar-og-gastronomi-ivs/slagelse/arbejdskrafts-tjenester/GVZW8XI10LU,carstenemborg@gmail.dk,,Du følger virksomheden,,,,OK,,,,,,,Arbejdskrafts tjenester,
600,FL Komplet ApS,,,+4581949401,https://www.proff.dk/firma/fl-komplet-aps/hj%C3%B8rring/arbejdskrafts-tjenester/0R3WRQI10LU,liwuka_baros_45@yahoo.com,,Du følger virksomheden,,,,OK,,,,,,,Arbejdskrafts tjenester,
601,Jatak Personale ApS,,,+4520965785,https://www.proff.dk/firma/jatak-personale-aps/karlslunde/arbejdskrafts-tjenester/0QNAV4I10LU,jatakkoncept@gmail.com,,Du følger virksomheden,,,,OK,,,,,,,Arbejdskrafts tjenester,
602,Welle Marine Aps,,,,https://www.proff.dk/firma/welle-marine-aps/jerup/arbejdskrafts-tjenester/0PAGZEI10LU,cnj@welle-marine.dk,,Du følger virksomheden,,,,OK,,,,,,,Arbejdskrafts tjenester,
603,CVforum ApS,,,+4525700272,https://www.proff.dk/firma/cvforum-aps/roskilde/arbejdskrafts-tjenester/GWFXGCI10LU,mail@cvforum.dk,,Du følger virksomheden,,,,OK,,,,,,,Arbejdskrafts tjenester,
604,UNIQconsult Aps,,,+4522723537,https://www.proff.dk/firma/uniqconsult-aps/glostrup/arbejdskrafts-tjenester/0OT9FVI10LU,sa@uniqstyle.dk,,Du følger virksomheden,,,,OK,,,,,,,Arbejdskrafts tjenester,
605,JOB2SEA CREWING ApS,,,+4532820000,https://www.proff.dk/firma/job2sea-crewing-aps/n%C3%B8rre-alslev/arbejdskrafts-tjenester/0FZU2II10LU,info@scan-con.dk,,Du følger virksomheden,,,,OK,,,,,,,Arbejdskrafts tjenester,
606,Zubstanz ApS,,,+4570707574,https://www.proff.dk/firma/zubstanz-aps/kolding/arbejdskrafts-tjenester/0KANXGI10LU,zubstanz@zubstanz.dk,,Du følger virksomheden,,,,OK,,,,,,,Arbejdskrafts tjenester,
607,Tilkaldt ApS,,,+4571750777,https://www.proff.dk/firma/tilkaldt-aps/tilst/arbejdskrafts-tjenester/H22NCGI10LU,info@tilkaldt.dk,,Du følger virksomheden,,,,OK,,,,,,,Arbejdskrafts tjenester,
608,Winthers Handel og udlejning ApS,,,+4529289116,https://www.proff.dk/firma/winthers-handel-og-udlejning-aps/hadsund/arbejdskrafts-tjenester/0MVKE7I10LU,winthershandel@gmail.com,,Du følger virksomheden,,,,OK,,,,,,,Arbejdskrafts tjenester,
609,Euroconvest ApS,,,+4526377535,https://www.proff.dk/firma/euroconvest-aps/stenstrup/arbejdskrafts-tjenester/0MQIRPI10LU,johni_petersen@yahoo.com,,Du følger virksomheden,,,,OK,,,,,,,Arbejdskrafts tjenester,
610,JC Mandskab ApS,,,,https://www.proff.dk/firma/jc-mandskab-aps/r%C3%B8dovre/arbejdskrafts-tjenester/0LP201I10LU,jannick286@live.dk,,Du følger virksomheden,,,,OK,,,,,,,Arbejdskrafts tjenester,
611,FUNFINITY ApS,,,+4591264921,https://www.proff.dk/firma/funfinity-aps/n%C3%B8rresundby/arbejdskrafts-tjenester/H1V077I10LU,vrbyenaps@gmail.com,,Du følger virksomheden,,,,OK,,,,,,,Arbejdskrafts tjenester,
612,NICAPO Ejendomme ApS,,,,https://www.proff.dk/firma/nicapo-ejendomme-aps/kolding/arbejdskrafts-tjenester/0O51CWI10LU,magmil@privat.dk,,Du følger virksomheden,,,,OK,,,,,,,Arbejdskrafts tjenester,
613,Ejendomsservice 2003 ApS,,,+4520822057,https://www.proff.dk/firma/ejendomsservice-2003-aps/n%C3%A6stved/arbejdskrafts-tjenester/0O28LII10LU,info@smbyg.com,,Du følger virksomheden,,,,OK,,,,,,,Arbejdskrafts tjenester,
614,DIGRO ApS,,,+4550455206,https://www.proff.dk/firma/digro-aps/vallensb%C3%A6k-strand/arbejdskrafts-tjenester/H1L8S5I10LU,contact@evsn.eu,,Du følger virksomheden,,,,OK,,,,,,,Arbejdskrafts tjenester,
615,INSIDE KNOWLEDGE ApS,,,+4550508080,https://www.proff.dk/firma/inside-knowledge-aps/br%C3%B8nsh%C3%B8j/arbejdskrafts-tjenester/0LJVQRI10LU,christa@insideknowledge.dk,,Du følger virksomheden,,,,OK,,,,,,,Arbejdskrafts tjenester,
616,Konsulenthuset Nord ApS,,,+4525270399,https://www.proff.dk/firma/konsulenthuset-nord-aps/aalborg/arbejdskrafts-tjenester/0PPG1BI10LU,esben@nordregnskab.dk,,Du følger virksomheden,,,,OK,,,,,,,Arbejdskrafts tjenester,
617,Pro Byg & Service ApS,,,+4571937193,https://www.proff.dk/firma/pro-byg-service-aps/%C3%B8rsted/arbejdskrafts-tjenester/0P0A42I10LU,info@proinvest.dk,,Du følger virksomheden,,,,OK,,,,,,,Arbejdskrafts tjenester,
618,Becker Holding ApS,,,+4551512100,https://www.proff.dk/firma/becker-holding-aps/rungsted-kyst/arbejdskrafts-tjenester/0N67GMI10LU,s.beckermikkelsen@friisberg.com,,Du følger virksomheden,,,,OK,,,,,,,Arbejdskrafts tjenester,
619,Royal Investment Group Charlie ApS,,,+4520719893,https://www.proff.dk/firma/royal-investment-group-charlie-aps/svenstrup-j/arbejdskrafts-tjenester/0ONGJPI10LU,rbo@hotmail.dk,,Du følger virksomheden,,,,OK,,,,,,,Arbejdskrafts tjenester,
620,ACCENTOR ApS,,,+4581440888,https://www.proff.dk/firma/accentor-aps/k%C3%B8benhavn-s/arbejdskrafts-tjenester/0LGW03I10LU,salesjt88@gmail.com,,Du følger virksomheden,,,,OK,,,,,,,Arbejdskrafts tjenester,
621,OMNIVITA ApS,,,+4528443448,https://www.proff.dk/firma/omnivita-aps/gilleleje/arbejdskrafts-tjenester/0KO13VI10LU,drz@omnivita.dk,,Du følger virksomheden,,,,OK,,,,,,,Arbejdskrafts tjenester,
622,FF group Aps,,,+4540300803,https://www.proff.dk/firma/ff-group-aps/roskilde/arbejdskrafts-tjenester/0LH5NJI10LU,info@ffgroup.dk,,Du følger virksomheden,,,,OK,,,,,,,Arbejdskrafts tjenester,
623,Due Entreprise ApS,,,+4524778080,https://www.proff.dk/firma/due-entreprise-aps/nakskov/arbejdskrafts-tjenester/0PMU3OI10LU,dueinvest@hotmail.com,,Du følger virksomheden,,,,OK,,,,,,,Arbejdskrafts tjenester,
624,Advenio International ApS,,,+4531547040,https://www.proff.dk/firma/advenio-international-aps/gentofte/arbejdskrafts-tjenester/0N4VX5I10LU,bjorn@adveniopeople.com,,Du følger virksomheden,,,,OK,,,,,,,Arbejdskrafts tjenester,
625,BRIMA ApS,,,+4524400477,https://www.proff.dk/firma/brima-aps/give/arbejdskrafts-tjenester/GQQOONI10LU,bhe@experts4experts.dk,,Du følger virksomheden,,,,OK,,,,,,,Arbejdskrafts tjenester,
626,Haugaard Total ApS,,,+4591523222,https://www.proff.dk/firma/haugaard-total-aps/viborg/arbejdskrafts-tjenester/0NUFQ4I10LU,haugaardtotal@gmail.com,,Du følger virksomheden,,,,OK,,,,,,,Arbejdskrafts tjenester,
627,ASAP vikar ApS,,,+4531502222,https://www.proff.dk/firma/asap-vikar-aps/lemvig/arbejdskrafts-tjenester/0QC49OI10LU,info@asapvikar.dk,,Du følger virksomheden,,,,OK,,,,,,,Arbejdskrafts tjenester,
628,Global Career ApS,,,+4553376222,https://www.proff.dk/firma/global-career-aps/horsens/arbejdskrafts-tjenester/0QFXIUI10LU,olivera@globalcareerrecruitment.com,,Du følger virksomheden,,,,OK,,,,,,,Arbejdskrafts tjenester,
629,Hava Care ApS,,,+4551725548,https://www.proff.dk/firma/hava-care-aps/glostrup/arbejdskrafts-tjenester/0QTPOTI10LU,nw@havanord.dk,,Du følger virksomheden,,,,OK,,,,,,,Arbejdskrafts tjenester,
630,Trisa Gruppen ApS,,,+4523346573,https://www.proff.dk/firma/trisa-gruppen-aps/give/arbejdskrafts-tjenester/0N6H3CI10LU,trisa-kk@live.com,,Du følger virksomheden,,,,OK,,,,,,,Arbejdskrafts tjenester,
631,Transport Talent DK ApS,,,+4522593888,https://www.proff.dk/firma/transport-talent-dk-aps/hinnerup/arbejdskrafts-tjenester/0O1HVWI10LU,jan.christensen@transporttalent.com,,Du følger virksomheden,,,,OK,,,,,,,Arbejdskrafts tjenester,
632,Design Service Engineering Management ApS,,,+4553318422,https://www.proff.dk/firma/design-service-engineering-management-aps/vejle-%C3%B8st/arbejdskrafts-tjenester/0QGOSLI10LU,pbi@dsem.dk,,Du følger virksomheden,,,,OK,,,,,,,Arbejdskrafts tjenester,
633,KM2JOB ApS.,,,+4540194898,https://www.proff.dk/firma/km2job-aps./r%C3%B8dby/arbejdskrafts-tjenester/GZJESNI10LU,info@km2job.dk,,Du følger virksomheden,,,,OK,,,,,,,Arbejdskrafts tjenester,
634,ØKONOMISUPPORT ApS,,,+4541150140,https://www.proff.dk/firma/%C3%B8konomisupport-aps/skive/arbejdskrafts-tjenester/0J7I2CI10LU,ft@oekonomisupport.dk,,Du følger virksomheden,,,,OK,,,,,,,Arbejdskrafts tjenester,
635,Kypergaarden.dk ApS,,,+4540928575,https://www.proff.dk/firma/kypergaarden.dk-aps/egtved/arbejdskrafts-tjenester/0MDUZ4I10LU,ffu@fugl.biz,,Du følger virksomheden,,,,OK,,,,,,,Arbejdskrafts tjenester,
636,Nordic Ice Blasting ApS,,,+4528917460,https://www.proff.dk/firma/nordic-ice-blasting-aps/br%C3%B8ndby-strand/arbejdskrafts-tjenester/0R4WG9I10LU,kh@nordiciceblasting.dk,,Du følger virksomheden,,,,OK,,,,,,,Arbejdskrafts tjenester,
637,Konsulentfirmaet Per Bach Soerensen ApS,,,+4521208031,https://www.proff.dk/firma/konsulentfirmaet-per-bach-soerensen-aps/brabrand/arbejdskrafts-tjenester/0M3B4XI10LU,soerensenperbach@gmail.com,,Du følger virksomheden,,,,OK,,,,,,,Arbejdskrafts tjenester,
638,CK Rekruttering,,,+4593932281,https://www.proff.dk/firma/ck-rekruttering/ringsted/arbejdskrafts-tjenester/H1EXZUI10LU,logrossisten@gmail.com,,Du følger virksomheden,,,,OK,,,,,,,Arbejdskrafts tjenester,
639,Vikarma ApS,,,+4526828285,https://www.proff.dk/firma/vikarma-aps/roskilde/arbejdskrafts-tjenester/0LUTWTI10LU,info@vikarma.dk,,Du følger virksomheden,,,,OK,,,,,,,Arbejdskrafts tjenester,
640,Mlservice Team Scandinavian ApS,,,+4525727311,https://www.proff.dk/firma/mlservice-team-scandinavian-aps/herlev/arbejdskrafts-tjenester/0MSOTSI10LU,info@mlserviceteam.dk,,Du følger virksomheden,,,,OK,,,,,,,Arbejdskrafts tjenester,
641,Høi & Thomassen A/S,,,29277188,https://www.proff.dk/firma/h%C3%B8i-thomassen-as/ringsted/arbejdskrafts-tjenester/GT3TSOI10LU,st@ht-rekruttering.dk,,Du følger virksomheden,,,,OK,,,,,,,Arbejdskrafts tjenester,
642,RELATØR ApS,,,+4530820180,https://www.proff.dk/firma/relat%C3%B8r-aps/horsens/arbejdskrafts-tjenester/0IC801I10LU,hgr@relator.dk,,Du følger virksomheden,,,,OK,,,,,,,Arbejdskrafts tjenester,
643,Schunck Enterprises ApS,,,+4553627962,https://www.proff.dk/firma/schunck-enterprises-aps/lemvig/arbejdskrafts-tjenester/0QYO8UI10LU,enterprises.schunck@gmail.com,,Du følger virksomheden,,,,OK,,,,,,,Arbejdskrafts tjenester,
644,1st Services ApS,,,+4520720252,https://www.proff.dk/firma/1st-services-aps/kongens-lyngby/arbejdskrafts-tjenester/0MP1E1I10LU,regnskab@protectsecure.dk,,Du følger virksomheden,,,,OK,,,,,,,Arbejdskrafts tjenester,
645,HR NAVIGATOR ApS,,,+4520719551,https://www.proff.dk/firma/hr-navigator-aps/herning/arbejdskrafts-tjenester/0JKVWJI10LU,mbr@hrnavigator.dk,,Du følger virksomheden,,,,OK,,,,,,,Arbejdskrafts tjenester,
646,Hviid-Wiese & JLY art ApS,,,+4528698571,https://www.proff.dk/firma/hviid-wiese-jly-art-aps/sk%C3%A6lsk%C3%B8r/arbejdskrafts-tjenester/0NVE21I10LU,hviid-wiese@outlook.com,,Du følger virksomheden,,,,OK,,,,,,,Arbejdskrafts tjenester,
647,Jobservice Dania ApS,,,+4522173335,https://www.proff.dk/firma/jobservice-dania-aps/give/arbejdskrafts-tjenester/0POGEZI10LU,viggo@pomm.dk,,Du følger virksomheden,,,,OK,,,,,,,Arbejdskrafts tjenester,
648,Lev Godt ApS,,,+4522212293,https://www.proff.dk/firma/lev-godt-aps/aalborg/arbejdskrafts-tjenester/0LZ5M2I10LU,info@lev-godt.dk,,Du følger virksomheden,,,,OK,,,,,,,Arbejdskrafts tjenester,
649,ELTONHESTE ApS,,,+4526377535,https://www.proff.dk/firma/eltonheste-aps/stenstrup/arbejdskrafts-tjenester/0F8LTLI10LU,johni_petersen@yahoo.com,,Du følger virksomheden,,,,OK,,,,,,,Arbejdskrafts tjenester,
650,Sentinel Group ApS,,,+4520502600,https://www.proff.dk/firma/sentinel-group-aps/k%C3%B8benhavn-k/arbejdskrafts-tjenester/H1YXZ4I10LU,trollesborg@sentinelgroup.dk,,Du følger virksomheden,,,,OK,,,,,,,Arbejdskrafts tjenester,
651,Skaanings ApS,,,,https://www.proff.dk/firma/skaanings-aps/roskilde/arbejdskrafts-tjenester/GZQ5A1I10LU,kontakt@sejeroevandrehjem.dk,,Du følger virksomheden,,,,OK,,,,,,,Arbejdskrafts tjenester,
652,Jobandu Danmark ApS,,,+4541231546,https://www.proff.dk/firma/jobandu-danmark-aps/frederikssund/arbejdskrafts-tjenester/0Q9LEXI10LU,mv@jobandu.de,,Du følger virksomheden,,,,OK,,,,,,,Arbejdskrafts tjenester,
653,Yachtmaster ApS,,,+4522761700,https://www.proff.dk/firma/yachtmaster-aps/charlottenlund/arbejdskrafts-tjenester/0M2B7II10LU,jmh@yachtmaster.nu,,Du følger virksomheden,,,,OK,,,,,,,Arbejdskrafts tjenester,
654,Holistic Recruitment APS,,,,https://www.proff.dk/firma/holistic-recruitment-aps/ballerup/arbejdskrafts-tjenester/0O5ZZMI10LU,tiltorben@hotmail.com,,Du følger virksomheden,,,,OK,,,,,,,Arbejdskrafts tjenester,
655,Egedal Vikarservice ApS,,,+4530637637,https://www.proff.dk/firma/egedal-vikarservice-aps/%C3%B8lstykke/arbejdskrafts-tjenester/0Q0INPI10LU,egedal@vikarservice.info,,Du følger virksomheden,,,,OK,,,,,,,Arbejdskrafts tjenester,
656,BLUE SEARCH & SELECTION ApS,,,+4527642727,https://www.proff.dk/firma/blue-search-selection-aps/silkeborg/arbejdskrafts-tjenester/0IWIPII10LU,gw@bluesearch.dk,,Du følger virksomheden,,,,OK,,,,,,,Arbejdskrafts tjenester,
657,Greenzum International ApS,,,+4531833965,https://www.proff.dk/firma/greenzum-international-aps/k%C3%B8benhavn-sv/arbejdskrafts-tjenester/0Q69OZI10LU,ap@greenzum.com,,Du følger virksomheden,,,,OK,,,,,,,Arbejdskrafts tjenester,
658,LundDk ApS,,,+4550186709,https://www.proff.dk/firma/lunddk-aps/mesinge/arbejdskrafts-tjenester/0Q9JTFI10LU,lunddkaps@icloud.com,,Du følger virksomheden,,,,OK,,,,,,,Arbejdskrafts tjenester,
659,LB Company ApS,,,+4528569882,https://www.proff.dk/firma/lb-company-aps/frederiksberg-c/arbejdskrafts-tjenester/0PSWZGI10LU,lbcompanyaps@gmail.com,,Du følger virksomheden,,,,OK,,,,,,,Arbejdskrafts tjenester,
660,SALES MANAGEMENT ApS,,,+4542363836,https://www.proff.dk/firma/sales-management-aps/k%C3%B8benhavn-k/arbejdskrafts-tjenester/0INWPVI10LU,info@sales-management.dk,,Du følger virksomheden,,,,OK,,,,,,,Arbejdskrafts tjenester,
661,Nova Beauty ApS,,,+4552175107,https://www.proff.dk/firma/nova-beauty-aps/valby/arbejdskrafts-tjenester/0MSEP8I10LU,info@nova-beauty-clinic.dk,,Du følger virksomheden,,,,OK,,,,,,,Arbejdskrafts tjenester,
662,GHJ SpecialService ApS,,,+4520104708,https://www.proff.dk/firma/ghj-specialservice-aps/viby-sj%C3%A6lland/arbejdskrafts-tjenester/0NKYDJI10LU,ghj@nypost.dk,,Du følger virksomheden,,,,OK,,,,,,,Arbejdskrafts tjenester,
663,VKCONSULTING,,,+4570152010,https://www.proff.dk/firma/vkconsulting/fredericia/arbejdskrafts-tjenester/H0AN1RI10LU,michael@vkaren.dk,,Du følger virksomheden,,,,OK,,,,,,,Arbejdskrafts tjenester,
664,Siems Heritage ApS,,,+4526720000,https://www.proff.dk/firma/siems-heritage-aps/vesterborg/arbejdskrafts-tjenester/0PZFD6I10LU,henrik.siemsen@gmail.com,,Du følger virksomheden,,,,OK,,,,,,,Arbejdskrafts tjenester,
665,Tempu ApS,,,+4578708078,https://www.proff.dk/firma/tempu-aps/t%C3%B8nder/arbejdskrafts-tjenester/0N52DCI10LU,info@tempu.dk,,Du følger virksomheden,,,,OK,,,,,,,Arbejdskrafts tjenester,
666,KELO Consult ApS,,,,https://www.proff.dk/firma/kelo-consult-aps/aars/arbejdskrafts-tjenester/0N1BRHI10LU,kennethp1971@gmail.com,,Du følger virksomheden,,,,OK,,,,,,,Arbejdskrafts tjenester,
667,Hjorth Consult ApS,,,+4540987659,https://www.proff.dk/firma/hjorth-consult-aps/odense-nv/arbejdskrafts-tjenester/0L5EG0I10LU,jesper@sydjjob.dk,,Du følger virksomheden,,,,OK,,,,,,,Arbejdskrafts tjenester,
668,Ponduscare ApS,,,+4528404060,https://www.proff.dk/firma/ponduscare-aps/h%C3%B8rsholm/arbejdskrafts-tjenester/0PVOYWI10LU,tonni@bertinell.dk,,Du følger virksomheden,,,,OK,,,,,,,Arbejdskrafts tjenester,
669,A1 Staff ApS,,,,https://www.proff.dk/firma/a1-staff-aps/hvidovre/arbejdskrafts-tjenester/0ORH3CI10LU,info@a1staff.dk,,Du følger virksomheden,,,,OK,,,,,,,Arbejdskrafts tjenester,
670,Cura Capacity Gentofte,,,+4570231995,https://www.proff.dk/firma/cura-capacity-gentofte/gentofte/arbejdskrafts-tjenester/GU5CKLI10LU,post@curapleje.dk,,Du følger virksomheden,,,,OK,,,,,,,Arbejdskrafts tjenester,
671,Global Medical Air Crew ApS,,,+4531329414,https://www.proff.dk/firma/global-medical-air-crew-aps/aarhus-c/arbejdskrafts-tjenester/0MN5DVI10LU,nielsjuul@dadlnet.dk,,Du følger virksomheden,,,,OK,,,,,,,Arbejdskrafts tjenester,
672,TakChef! ApS,,,+4571466536,https://www.proff.dk/firma/takchef!-aps/k%C3%B8benhavn-%C3%B8/arbejdskrafts-tjenester/H14P9RI10LU,toti@takchef.dk,,Du følger virksomheden,,,,OK,,,,,,,Arbejdskrafts tjenester,
673,SCHEM ApS,,,+4529873141,https://www.proff.dk/firma/schem-aps/egtved/arbejdskrafts-tjenester/0QTCUKI10LU,susan_schlytter@yahoo.dk,,Du følger virksomheden,,,,OK,,,,,,,Arbejdskrafts tjenester,
674,Auto-karriere.dk ApS,,,,https://www.proff.dk/firma/auto-karriere.dk-aps/br%C3%B8ndby/arbejdskrafts-tjenester/0Q9SJNI10LU,info@vass-point.dk,,Du følger virksomheden,,,,OK,,,,,,,Arbejdskrafts tjenester,
675,Talbanditten ApS,,,+4540411916,https://www.proff.dk/firma/talbanditten-aps/skanderborg/arbejdskrafts-tjenester/GN78V1I10LU,es@revision-es.dk,,Du følger virksomheden,,,,OK,,,,,,,Arbejdskrafts tjenester,
676,Casting and Creatives ApS,,,+4522330506,https://www.proff.dk/firma/casting-and-creatives-aps/ish%C3%B8j/arbejdskrafts-tjenester/0PP2ETI10LU,robin@casting-creatives.com,,Du følger virksomheden,,,,OK,,,,,,,Arbejdskrafts tjenester,
677,Power People Nord ApS,,,+4598121292,https://www.proff.dk/firma/power-people-nord-aps/frederikshavn/arbejdskrafts-tjenester/0NBA5JI10LU,info@powerpeople.dk,,Du følger virksomheden,,,,OK,,,,,,,Arbejdskrafts tjenester,
678,Nordic Mobility Services ApS,,,47771122,https://www.proff.dk/firma/nordic-mobility-services-aps/herlev/arbejdskrafts-tjenester/0IAMZ0I10LU,gitte@revihus.dk,,Du følger virksomheden,,,,OK,,,,,,,Arbejdskrafts tjenester,
679,EUTALENTS ApS,,,+4550203668,https://www.proff.dk/firma/eutalents-aps/hellerup/arbejdskrafts-tjenester/0Q32TLI10LU,info@eutalents.com,,Du følger virksomheden,,,,OK,,,,,,,Arbejdskrafts tjenester,
680,ANLAU ApS,,,,https://www.proff.dk/firma/anlau-aps/ringsted/arbejdskrafts-tjenester/0G7G26I10LU,mail@jobmaegleren.dk,,Du følger virksomheden,,,,OK,,,,,,,Arbejdskrafts tjenester,
681,NVOLVE ApS,,,+4540570220,https://www.proff.dk/firma/nvolve-aps/aarhus-c/arbejdskrafts-tjenester/0M6LQZI10LU,kontakt@nvolve.dk,,Du følger virksomheden,,,,OK,,,,,,,Arbejdskrafts tjenester,
682,GA EXECUTIVE SEARCH- & COACHING APS,,,+4540438500,https://www.proff.dk/firma/ga-executive-search-coaching-aps/hellerup/arbejdskrafts-tjenester/0M0BWBI10LU,claus@ga-es.dk,,Du følger virksomheden,,,,OK,,,,,,,Arbejdskrafts tjenester,
683,CIREBO COSMETICS ApS,,,+4523305941,https://www.proff.dk/firma/cirebo-cosmetics-aps/lille-skensved/arbejdskrafts-tjenester/0LVAH6I10LU,info@cirebo.dk,,Du følger virksomheden,,,,OK,,,,,,,Arbejdskrafts tjenester,
684,HELDAGER HOLDING ApS,,,+4529615525,https://www.proff.dk/firma/heldager-holding-aps/hundested/arbejdskrafts-tjenester/0K7WCOI10LU,holding@heldager.dk,,Du følger virksomheden,,,,OK,,,,,,,Arbejdskrafts tjenester,
685,Bogholderihus ApS,,,,https://www.proff.dk/firma/bogholderihus-aps/k%C3%B8benhavn-k/arbejdskrafts-tjenester/0QSGNRI10LU,info@bogholderihus.dk,,Du følger virksomheden,,,,OK,,,,,,,Arbejdskrafts tjenester,
686,KOFOED CONSULTING ApS,,,+4523417310,https://www.proff.dk/firma/kofoed-consulting-aps/klampenborg/arbejdskrafts-tjenester/0IEC2CI10LU,ako@kofoedconsulting.dk,,Du følger virksomheden,,,,OK,,,,,,,Arbejdskrafts tjenester,
687,B2B Byggeservice ApS,,,,https://www.proff.dk/firma/b2b-byggeservice-aps/greve/arbejdskrafts-tjenester/0PSDWPI10LU,abeer.assi@live.dk,,Du følger virksomheden,,,,OK,,,,,,,Arbejdskrafts tjenester,
688,Wika Work ApS,,,+4522292369,https://www.proff.dk/firma/wika-work-aps/vemb/arbejdskrafts-tjenester/0PZXVQI10LU,virksomhedskontakt@wikawork.org,,Du følger virksomheden,,,,OK,,,,,,,Arbejdskrafts tjenester,
689,R. R. Consult ApS,,,,https://www.proff.dk/firma/r.-r.-consult-aps/kerteminde/arbejdskrafts-tjenester/0O6EEHI10LU,rr@maagaardogpartnere.dk,,Du følger virksomheden,,,,OK,,,,,,,Arbejdskrafts tjenester,
690,Filtenborg Consulting ApS,,,+4527649495,https://www.proff.dk/firma/filtenborg-consulting-aps/fredericia/arbejdskrafts-tjenester/0NCJ1DI10LU,steffen@filtenborgconsulting.dk,,Du følger virksomheden,,,,OK,,,,,,,Arbejdskrafts tjenester,
691,Securia facility service ApS,,,,https://www.proff.dk/firma/securia-facility-service-aps/odense-m/arbejdskrafts-tjenester/0OASM2I10LU,stine@securiavagt.dk,,Du følger virksomheden,,,,OK,,,,,,,Arbejdskrafts tjenester,
692,Bridger ApS,,,+4554556038,https://www.proff.dk/firma/bridger-aps/vanl%C3%B8se/arbejdskrafts-tjenester/0N693SI10LU,louis@bridger.dk,,Du følger virksomheden,,,,OK,,,,,,,Arbejdskrafts tjenester,
693,Krings Holding ApS,,,,https://www.proff.dk/firma/krings-holding-aps/bjerringbro/arbejdskrafts-tjenester/0NT0VEI10LU,kristofferkrings@hotmail.com,,Du følger virksomheden,,,,OK,,,,,,,Arbejdskrafts tjenester,
694,Recruiters Eye ApS,,,+4526199328,https://www.proff.dk/firma/recruiters-eye-aps/k%C3%B8benhavn-%C3%B8/arbejdskrafts-tjenester/0OT45NI10LU,recruitment@recruiterseye.com,,Du følger virksomheden,,,,OK,,,,,,,Arbejdskrafts tjenester,
695,HMS service ApS,,,+4553892020,https://www.proff.dk/firma/hms-service-aps/karlslunde/arbejdskrafts-tjenester/0PFMIKI10LU,hmservice21@hotmail.com,,Du følger virksomheden,,,,OK,,,,,,,Arbejdskrafts tjenester,
696,New Nordic Invest Aps,,,+4531215933,https://www.proff.dk/firma/new-nordic-invest-aps/k%C3%B8benhavn-sv/arbejdskrafts-tjenester/0K5OTOI10LU,dd@danishescrowcorp.com,,Du følger virksomheden,,,,OK,,,,,,,Arbejdskrafts tjenester,
697,Mema Holding ApS,,,,https://www.proff.dk/firma/mema-holding-aps/k%C3%B8benhavn-s/arbejdskrafts-tjenester/0MSMHGI10LU,rossaurasmussen@me.com,,Du følger virksomheden,,,,OK,,,,,,,Arbejdskrafts tjenester,
698,A. KIRK A/S,,,,https://www.proff.dk/firma/a.-kirk-as/vejle/arbejdskrafts-tjenester/0HR276I10LU,info@kirkkapital.dk,,Du følger virksomheden,,,,OK,,,,,,,Arbejdskrafts tjenester,
699,Vikarland ApS,,,+4531215665,https://www.proff.dk/firma/vikarland-aps/k%C3%B8benhavn-s/arbejdskrafts-tjenester/0QG9WLI10LU,nicklaskany@yahoo.dk,,Du følger virksomheden,,,,OK,,,,,,,Arbejdskrafts tjenester,
700,GREYBIRD AVIATION GROUP ApS,,,+4570770110,https://www.proff.dk/firma/greybird-aviation-group-aps/kolind/arbejdskrafts-tjenester/0HZF0QI10LU,skr@greybird.dk,,Du følger virksomheden,,,,OK,,,,,,,Arbejdskrafts tjenester,
701,JobSquad ApS,,,+4528978385,https://www.proff.dk/firma/jobsquad-aps/k%C3%B8benhavn-s/arbejdskrafts-tjenester/GXLKYSI10LU,bolleruplasse@gmail.com,,Du følger virksomheden,,,,OK,,,,,,,Arbejdskrafts tjenester,
702,Danworks ApS,,,,https://www.proff.dk/firma/danworks-aps/lunderskov/arbejdskrafts-tjenester/0PFV23I10LU,kaptajnpeer@gmail.com,,Du følger virksomheden,,,,OK,,,,,,,Arbejdskrafts tjenester,
703,C.G Solutions ApS,,,+4528732520,https://www.proff.dk/firma/c.g-solutions-aps/helsing%C3%B8r/arbejdskrafts-tjenester/0QMDQOI10LU,casper@cgsolutions.dk,,Du følger virksomheden,,,,OK,,,,,,,Arbejdskrafts tjenester,
704,Arnsbo Group Holding ApS,,,+4586208019,https://www.proff.dk/firma/arnsbo-group-holding-aps/aarhus-n/arbejdskrafts-tjenester/0JZXCFI10LU,mail@arnsbogroup.com,,Du følger virksomheden,,,,OK,,,,,,,Arbejdskrafts tjenester,
705,Q VIKAR ApS,,,+4525693777,https://www.proff.dk/firma/q-vikar-aps/horsens/arbejdskrafts-tjenester/0ICUHHI10LU,info@qvikar.dk,,Du følger virksomheden,,,,OK,,,,,,,Arbejdskrafts tjenester,
706,Ejendomsservice 2015 ApS,,,+4540622192,https://www.proff.dk/firma/ejendomsservice-2015-aps/alling%C3%A5bro/arbejdskrafts-tjenester/0LOEMNI10LU,jc.byg@mail.dk,,Du følger virksomheden,,,,OK,,,,,,,Arbejdskrafts tjenester,
707,Passcon ApS,,,,https://www.proff.dk/firma/passcon-aps/hellerup/arbejdskrafts-tjenester/0NFOTMI10LU,corinna.reibchen@passcom.de,,Du følger virksomheden,,,,OK,,,,,,,Arbejdskrafts tjenester,
708,FlexAlliancnen Favrskov,,,+4531707004,https://www.proff.dk/firma/flexalliancnen-favrskov/hinnerup/arbejdskrafts-tjenester/H1WBVWI10LU,anette@flexalliancen.dk,,Du følger virksomheden,,,,OK,,,,,,,Arbejdskrafts tjenester,
709,STATISTEN.DK ApS,,,+4532592550,https://www.proff.dk/firma/statisten.dk-aps/k%C3%B8benhavn-k/arbejdskrafts-tjenester/0II4LLI10LU,magnus@statisten.dk,,Du følger virksomheden,,,,OK,,,,,,,Arbejdskrafts tjenester,
710,IT Profiler ApS,,,+4552773237,https://www.proff.dk/firma/it-profiler-aps/k%C3%B8benhavn-n/arbejdskrafts-tjenester/0M0SILI10LU,zeshan.anwar@hotmail.com,,Du følger virksomheden,,,,OK,,,,,,,Arbejdskrafts tjenester,
711,BD-GROUP ApS,,,+4542427819,https://www.proff.dk/firma/bd-group-aps/vejle/arbejdskrafts-tjenester/0OSZITI10LU,info@bd-group.dk,,Du følger virksomheden,,,,OK,,,,,,,Arbejdskrafts tjenester,
712,VK Gruppen ApS,,,,https://www.proff.dk/firma/vk-gruppen-aps/vanl%C3%B8se/arbejdskrafts-tjenester/0PWIGFI10LU,info@vkg.dk,,Du følger virksomheden,,,,OK,,,,,,,Arbejdskrafts tjenester,
713,Team Manpower ApS,,,,https://www.proff.dk/firma/team-manpower-aps/randers-nv/arbejdskrafts-tjenester/0LJYZXI10LU,michelle-jensen@live.com,,Du følger virksomheden,,,,OK,,,,,,,Arbejdskrafts tjenester,
714,Workforce Partner ApS,,,+4552674943,https://www.proff.dk/firma/workforce-partner-aps/lemvig/arbejdskrafts-tjenester/0QEPWNI10LU,andreiungureanu@icloud.com,,Du følger virksomheden,,,,OK,,,,,,,Arbejdskrafts tjenester,
715,Agito A/S,,,+4570262525,https://www.proff.dk/firma/agito-as/silkeborg/arbejdskrafts-tjenester/GVQB20I10LU,dk@personalhuset-sg.com,,Du følger virksomheden,,,,OK,,,,,,,Arbejdskrafts tjenester,
716,ALSTRUP HOLDING ApS,,,+4597137133,https://www.proff.dk/firma/alstrup-holding-aps/herning/arbejdskrafts-tjenester/0GV8X6I10LU,ca@konfair.dk,,Du følger virksomheden,,,,OK,,,,,,,Arbejdskrafts tjenester,
717,SPECIALLÆGESELSKABET SANTOFT ApS,,,+4522547654,https://www.proff.dk/firma/speciall%C3%A6geselskabet-santoft-aps/gentofte/arbejdskrafts-tjenester/0K11RLI10LU,sannedenmark@me.com,,Du følger virksomheden,,,,OK,,,,,,,Arbejdskrafts tjenester,
718,Chicken House ApS,,,,https://www.proff.dk/firma/chicken-house-aps/r%C3%B8dby/arbejdskrafts-tjenester/H1ES1LI10LU,jhongeorge1988@icloud.com,,Du følger virksomheden,,,,OK,,,,,,,Arbejdskrafts tjenester,
719,Service montage ApS,,,+4550222313,https://www.proff.dk/firma/service-montage-aps/k%C3%B8benhavn-sv/arbejdskrafts-tjenester/0L8F9NI10LU,info@lejrhytten.dk,,Du følger virksomheden,,,,OK,,,,,,,Arbejdskrafts tjenester,
720,1st Production ApS,,,+4522813113,https://www.proff.dk/firma/1st-production-aps/k%C3%B8benhavn-k/arbejdskrafts-tjenester/0OOKXFI10LU,info@1stproduction.dk,,Du følger virksomheden,,,,OK,,,,,,,Arbejdskrafts tjenester,
721,KOK INVEST ApS,,,+4561616411,https://www.proff.dk/firma/kok-invest-aps/horsens/arbejdskrafts-tjenester/0BP0ICI10LU,flemming@kok.biz,,Du følger virksomheden,,,,OK,,,,,,,Arbejdskrafts tjenester,
722,EHRAB ApS,,,,https://www.proff.dk/firma/ehrab-aps/hellerup/arbejdskrafts-tjenester/0LOBW5I10LU,info@ehrab.com,,Du følger virksomheden,,,,OK,,,,,,,Arbejdskrafts tjenester,
723,Empiria ApS,,,+4541343446,https://www.proff.dk/firma/empiria-aps/valby/arbejdskrafts-tjenester/0QVGLKI10LU,kontakt@empiria.dk,,Du følger virksomheden,,,,OK,,,,,,,Arbejdskrafts tjenester,
724,Illum Management ApS,,,,https://www.proff.dk/firma/illum-management-aps/borup/arbejdskrafts-tjenester/0OLLNFI10LU,mads@illum.com,,Du følger virksomheden,,,,OK,,,,,,,Arbejdskrafts tjenester,
725,HEGSØ ApS,,,+4520996602,https://www.proff.dk/firma/hegs%C3%B8-aps/k%C3%B8benhavn-sv/arbejdskrafts-tjenester/GX4S8VI10LU,bs@hegsoe.dk,,Du følger virksomheden,,,,OK,,,,,,,Arbejdskrafts tjenester,
726,Changes ApS,,,+4520996071,https://www.proff.dk/firma/changes-aps/m%C3%A5rslet/arbejdskrafts-tjenester/0J9GCOI10LU,bvkaern@gmail.com,,Du følger virksomheden,,,,OK,,,,,,,Arbejdskrafts tjenester,
727,PEOPLEMATTER A/S,,,,https://www.proff.dk/firma/peoplematter-as/k%C3%B8benhavn-v/arbejdskrafts-tjenester/0GHTK4I10LU,so@peoplematter.dk,,Du følger virksomheden,,,,OK,,,,,,,Arbejdskrafts tjenester,
728,Grøndahl- Holding ApS,,,+4560788014,https://www.proff.dk/firma/gr%C3%B8ndahl-holding-aps/ballerup/arbejdskrafts-tjenester/GVQJTII10LU,t-veile@hotmail.com,,Du følger virksomheden,,,,OK,,,,,,,Arbejdskrafts tjenester,
729,Jobeffekt ApS,,,+4571901248,https://www.proff.dk/firma/jobeffekt-aps/br%C3%B8ndby/arbejdskrafts-tjenester/0O5C1JI10LU,kontakt@jobeffekt.dk,,Du følger virksomheden,,,,OK,,,,,,,Arbejdskrafts tjenester,
730,ExSeacutive ApS,,,+4521484324,https://www.proff.dk/firma/exseacutive-aps/svendborg/arbejdskrafts-tjenester/0M02WDI10LU,info@exseacutive.com,,Du følger virksomheden,,,,OK,,,,,,,Arbejdskrafts tjenester,
731,DSI FREDERICIA ApS,,,+4526290166,https://www.proff.dk/firma/dsi-fredericia-aps/fredericia/arbejdskrafts-tjenester/0I9UWBI10LU,sdi.fredericia@hotmail.com,,Du følger virksomheden,,,,OK,,,,,,,Arbejdskrafts tjenester,
732,NetworkSherpa ApS,,,,https://www.proff.dk/firma/networksherpa-aps/esperg%C3%A6rde/arbejdskrafts-tjenester/0QMPV6I10LU,dannials83@gmail.com,,Du følger virksomheden,,,,OK,,,,,,,Arbejdskrafts tjenester,
733,Network Consulting Group ApS,,,+4555200247,https://www.proff.dk/firma/network-consulting-group-aps/k%C3%B8benhavn-k/arbejdskrafts-tjenester/0QML9BI10LU,kenni@bjornandco.dk,,Du følger virksomheden,,,,OK,,,,,,,Arbejdskrafts tjenester,
734,FM Mandskab ApS,,,+4527266708,https://www.proff.dk/firma/fm-mandskab-aps/s%C3%B8nderborg/arbejdskrafts-tjenester/0QG0P9I10LU,info@fm-multiservice.dk,,Du følger virksomheden,,,,OK,,,,,,,Arbejdskrafts tjenester,
735,INGER CLAESEN ApS,,,+4520723876,https://www.proff.dk/firma/inger-claesen-aps/karlslunde/arbejdskrafts-tjenester/GNQE8OI10LU,inger@fleksi.dk,,Du følger virksomheden,,,,OK,,,,,,,Arbejdskrafts tjenester,
736,HMSA ApS,,,+4555291214,https://www.proff.dk/firma/hmsa-aps/k%C3%B8benhavn-k/arbejdskrafts-tjenester/0QNY16I10LU,hmsa-aps@hotmail.com,,Du følger virksomheden,,,,OK,,,,,,,Arbejdskrafts tjenester,
737,VIKARCENTRET ApS,,,+4570242470,https://www.proff.dk/firma/vikarcentret-aps/charlottenlund/arbejdskrafts-tjenester/0GCP0DI10LU,info@vikarcentret.dk,,Du følger virksomheden,,,,OK,,,,,,,Arbejdskrafts tjenester,
738,ScienceJob ApS,,,+4520643900,https://www.proff.dk/firma/sciencejob-aps/kongens-lyngby/arbejdskrafts-tjenester/0P8BQ4I10LU,ln@science-job.dk,,Du følger virksomheden,,,,OK,,,,,,,Arbejdskrafts tjenester,
739,Consult Group ApS,,,+4526820885,https://www.proff.dk/firma/consult-group-aps/esbjerg-v/arbejdskrafts-tjenester/0MMNRHI10LU,info@consultgroup.dk,,Du følger virksomheden,,,,OK,,,,,,,Arbejdskrafts tjenester,
740,SEARCH & SELECT ApS,,,,https://www.proff.dk/firma/search-select-aps/billund/arbejdskrafts-tjenester/0L8R8PI10LU,charlotte.baisgaard@hotmail.com,,Du følger virksomheden,,,,OK,,,,,,,Arbejdskrafts tjenester,
741,Lancesoft Denmark ApS,,,,https://www.proff.dk/firma/lancesoft-denmark-aps/valby/arbejdskrafts-tjenester/0QJZJFI10LU,hrdenmark@lancesoft.com,,Du følger virksomheden,,,,OK,,,,,,,Arbejdskrafts tjenester,
742,HOMEREPAIR ApS,,,+4528404060,https://www.proff.dk/firma/homerepair-aps/h%C3%B8rsholm/arbejdskrafts-tjenester/0KAC8JI10LU,tonni@bertinell.dk,,Du følger virksomheden,,,,OK,,,,,,,Arbejdskrafts tjenester,
743,RK Match ApS,,,+4541828620,https://www.proff.dk/firma/rk-match-aps/vejle/arbejdskrafts-tjenester/0PTQ04I10LU,rk@rkmatch.dk,,Du følger virksomheden,,,,OK,,,,,,,Arbejdskrafts tjenester,
744,MM Manpower ApS,,,+4528147799,https://www.proff.dk/firma/mm-manpower-aps/thisted/arbejdskrafts-tjenester/0NEHNFI10LU,m@mmmanpower.dk,,Du følger virksomheden,,,,OK,,,,,,,Arbejdskrafts tjenester,
745,nuwpay ApS,,,+4570605606,https://www.proff.dk/firma/nuwpay-aps/k%C3%B8benhavn-k/arbejdskrafts-tjenester/0OWJJPI10LU,mgr@nuwpay.com,,Du følger virksomheden,,,,OK,,,,,,,Arbejdskrafts tjenester,
746,DS Køleteknik ApS,,,,https://www.proff.dk/firma/ds-k%C3%B8leteknik-aps/ringsted/arbejdskrafts-tjenester/0M0JW1I10LU,danh@ds-koeleteknik.dk,,Du følger virksomheden,,,,OK,,,,,,,Arbejdskrafts tjenester,
747,1st Care A/S,,,+4523270521,https://www.proff.dk/firma/1st-care-as/k%C3%B8benhavn-k/arbejdskrafts-tjenester/0I0VMZI10LU,info@1stcare.dk,,Du følger virksomheden,,,,OK,,,,,,,Arbejdskrafts tjenester,
748,UDVEJE Job ApS,,,+4550559011,https://www.proff.dk/firma/udveje-job-aps/holb%C3%A6k/arbejdskrafts-tjenester/0L4BVVI10LU,kontakt@udveje.dk,,Du følger virksomheden,,,,OK,,,,,,,Arbejdskrafts tjenester,
749,TrykTeam Service ApS,,,+4571333778,https://www.proff.dk/firma/trykteam-service-aps/horsens/arbejdskrafts-tjenester/0QBY3WI10LU,silkroadaps@gmail.com,,Du følger virksomheden,,,,OK,,,,,,,Arbejdskrafts tjenester,
750,Anpartsselskabet af 22.09.23,,,87931500,https://www.proff.dk/firma/anpartsselskabet-af-22.09.23/h%C3%B8rning/arbejdskrafts-tjenester/0GQTLVI10LU,hdr@personale-kontoret.dk,,Du følger virksomheden,,,,OK,,,,,,,Arbejdskrafts tjenester,
751,Super Bureau APS,,,+4552392069,https://www.proff.dk/firma/super-bureau-aps/nyk%C3%B8bing-f/arbejdskrafts-tjenester/0QAC4WI10LU,sc@sbureau.dk,,Du følger virksomheden,,,,OK,,,,,,,Arbejdskrafts tjenester,
752,Fonden AquaSharing,,,+4526171679,https://www.proff.dk/firma/fonden-aquasharing/k%C3%B8benhavn-n/arbejdskrafts-tjenester/0MKPXSI10LU,gh@printsign.dk,,Du følger virksomheden,,,,OK,,,,,,,Arbejdskrafts tjenester,
753,SAPVIKAR ApS,,,+4545760707,https://www.proff.dk/firma/sapvikar-aps/rungsted-kyst/arbejdskrafts-tjenester/0HYU1YI10LU,palleloran@gmail.com,,Du følger virksomheden,,,,OK,,,,,,,Arbejdskrafts tjenester,
754,Carefare ApS,,,+4542762074,https://www.proff.dk/firma/carefare-aps/valby/arbejdskrafts-tjenester/0PXSGYI10LU,kontakt@carefare.dk,,Du følger virksomheden,,,,OK,,,,,,,Arbejdskrafts tjenester,
755,SKY-DISPLAYS NORDIC ApS,,,70206425,https://www.proff.dk/firma/sky-displays-nordic-aps/albertslund/arbejdskrafts-tjenester/0I7UYII10LU,flemming@epgmail.eu,,Du følger virksomheden,,,,OK,,,,,,,Arbejdskrafts tjenester,
756,WISE WAY ApS,,,+4530487894,https://www.proff.dk/firma/wise-way-aps/odense-c/arbejdskrafts-tjenester/0KRLXWI10LU,ulrich@wiseway.dk,,Du følger virksomheden,,,,OK,,,,,,,Arbejdskrafts tjenester,
757,Thorn Care ApS,,,+4542600633,https://www.proff.dk/firma/thorn-care-aps/vadum/arbejdskrafts-tjenester/0O0GVEI10LU,vendelbopc@gmail.com,,Du følger virksomheden,,,,OK,,,,,,,Arbejdskrafts tjenester,
758,vikarlink ApS,,,,https://www.proff.dk/firma/vikarlink-aps/r%C3%B8dovre/arbejdskrafts-tjenester/0P2OTII10LU,info@vikarlink.dk,,Du følger virksomheden,,,,OK,,,,,,,Arbejdskrafts tjenester,
759,LV Consulting ApS,,,+4526186469,https://www.proff.dk/firma/lv-consulting-aps/frederiksberg/arbejdskrafts-tjenester/0MSGUEI10LU,rune@theplaceavoriaz.com,,Du følger virksomheden,,,,OK,,,,,,,Arbejdskrafts tjenester,
760,Work Supply ApS,,,+4529727582,https://www.proff.dk/firma/work-supply-aps/ish%C3%B8j/arbejdskrafts-tjenester/0MX3G2I10LU,ak@worksupply.dk,,Du følger virksomheden,,,,OK,,,,,,,Arbejdskrafts tjenester,
761,Staffsite Workforce ApS,,,+4529251344,https://www.proff.dk/firma/staffsite-workforce-aps/skovlunde/arbejdskrafts-tjenester/0R089II10LU,behandlerenheden@gmail.com,,Du følger virksomheden,,,,OK,,,,,,,Arbejdskrafts tjenester,
762,BM Commerce & Consulting ApS,,,+4582823282,https://www.proff.dk/firma/bm-commerce-consulting-aps/taastrup/arbejdskrafts-tjenester/0O8RXFI10LU,info@bmcconsulting.dk,,Du følger virksomheden,,,,OK,,,,,,,Arbejdskrafts tjenester,
763,MedX ApS,,,+4522978686,https://www.proff.dk/firma/medx-aps/k%C3%B8benhavn-nv/arbejdskrafts-tjenester/H14GMZI10LU,wk@nordiccarehub.com,,Du følger virksomheden,,,,OK,,,,,,,Arbejdskrafts tjenester,
764,PERSONALEINVEST ApS,,,+4521287717,https://www.proff.dk/firma/personaleinvest-aps/hj%C3%B8rring/arbejdskrafts-tjenester/GPSD0YI10LU,ksimon@has.dk,,Du følger virksomheden,,,,OK,,,,,,,Arbejdskrafts tjenester,
765,Industri Hjælp ApS,,,+4542437914,https://www.proff.dk/firma/industri-hj%C3%A6lp-aps/holstebro/arbejdskrafts-tjenester/0NRDCMI10LU,industritekniker1986@gmail.com,,Du følger virksomheden,,,,OK,,,,,,,Arbejdskrafts tjenester,
766,Curae Holding ApS,,,+4542444080,https://www.proff.dk/firma/curae-holding-aps/vordingborg/arbejdskrafts-tjenester/0N2QA7I10LU,curae@curae.dk,,Du følger virksomheden,,,,OK,,,,,,,Arbejdskrafts tjenester,
767,Læringsbevis ApS,,,+4526273359,https://www.proff.dk/firma/l%C3%A6ringsbevis-aps/k%C3%B8benhavn-s/arbejdskrafts-tjenester/0OXCB1I10LU,klavsmork@laeringsbevis.dk,,Du følger virksomheden,,,,OK,,,,,,,Arbejdskrafts tjenester,
768,Nordic+Care ApS,,,+4531452616,https://www.proff.dk/firma/nordiccare-aps/r%C3%B8dovre/arbejdskrafts-tjenester/0PZLRCI10LU,s.uzunel@yahoo.dk,,Du følger virksomheden,,,,OK,,,,,,,Arbejdskrafts tjenester,
769,SERVISIO TRIM ApS,,,,https://www.proff.dk/firma/servisio-trim-aps/r%C3%B8dovre/arbejdskrafts-tjenester/0J5A7YI10LU,tsk@servisio.dk,,Du følger virksomheden,,,,OK,,,,,,,Arbejdskrafts tjenester,
770,M. R. Holding ApS,,,+4522544077,https://www.proff.dk/firma/m.-r.-holding-aps/k%C3%B8benhavn-s/arbejdskrafts-tjenester/0O7X4II10LU,mrholdingaps@gmail.com,,Du følger virksomheden,,,,OK,,,,,,,Arbejdskrafts tjenester,
771,AXXO ApS,,,,https://www.proff.dk/firma/axxo-aps/grenaa/arbejdskrafts-tjenester/0IAN9VI10LU,micus@mail.dk,,Du følger virksomheden,,,,OK,,,,,,,Arbejdskrafts tjenester,
772,LYNGDAL INVEST ApS,,,+4542784278,https://www.proff.dk/firma/lyngdal-invest-aps/aller%C3%B8d/arbejdskrafts-tjenester/GRW5KJI10LU,stolelyngen14@gmail.com,,Du følger virksomheden,,,,OK,,,,,,,Arbejdskrafts tjenester,
773,JK.JOB.dk ApS,,,,https://www.proff.dk/firma/jk.job.dk-aps/randers-nv/arbejdskrafts-tjenester/0NL2ZGI10LU,jk.job.dk@gmail.com,,Du følger virksomheden,,,,OK,,,,,,,Arbejdskrafts tjenester,
774,Trivsel & Pleje ApS,,,+4522418851,https://www.proff.dk/firma/trivsel-pleje-aps/ringe/arbejdskrafts-tjenester/0Q6O3OI10LU,jane@trivselsforum.dk,,Du følger virksomheden,,,,OK,,,,,,,Arbejdskrafts tjenester,
775,Nordlys Medics ApS,,,+4527145493,https://www.proff.dk/firma/nordlys-medics-aps/k%C3%B8benhavn-s/arbejdskrafts-tjenester/0Q7AA7I10LU,noman@nordlysvikar.no,,Du følger virksomheden,,,,OK,,,,,,,Arbejdskrafts tjenester,
776,Viking Aalborg ApS,,,+4560909322,https://www.proff.dk/firma/viking-aalborg-aps/bindslev/arbejdskrafts-tjenester/0QM9CUI10LU,benvie30@hotmail.com,,Du følger virksomheden,,,,OK,,,,,,,Arbejdskrafts tjenester,
777,Mortensen Mandskab ApS,,,+4593939335,https://www.proff.dk/firma/mortensen-mandskab-aps/helsing%C3%B8r/arbejdskrafts-tjenester/GVZT2GI10LU,mortensenaps@gmail.com,,Du følger virksomheden,,,,OK,,,,,,,Arbejdskrafts tjenester,
778,Morten Thomsen Holding ApS,,,+4553731060,https://www.proff.dk/firma/morten-thomsen-holding-aps/k%C3%B8benhavn-%C3%B8/arbejdskrafts-tjenester/0PKINBI10LU,mt@northernsearch.dk,,Du følger virksomheden,,,,OK,,,,,,,Arbejdskrafts tjenester,
779,BEDERHOLM ApS,,,+4520640669,https://www.proff.dk/firma/bederholm-aps/vinderup/arbejdskrafts-tjenester/0CPH3BI10LU,ebbesen00@gmail.com,,Du følger virksomheden,,,,OK,,,,,,,Arbejdskrafts tjenester,
780,G Horses ApS,,,+4540267162,https://www.proff.dk/firma/g-horses-aps/ringsted/arbejdskrafts-tjenester/0N45D0I10LU,gasemosegaard@l-byg.dk,,Du følger virksomheden,,,,OK,,,,,,,Arbejdskrafts tjenester,
781,Holistic Fusion ApS,,,+4520911975,https://www.proff.dk/firma/holistic-fusion-aps/n%C3%B8rresundby/arbejdskrafts-tjenester/0OIIADI10LU,hans_vesterbro@hotmail.com,,Du følger virksomheden,,,,OK,,,,,,,Arbejdskrafts tjenester,
782,Becker & Kønig ApS,,,,https://www.proff.dk/firma/becker-k%C3%B8nig-aps/k%C3%B8benhavn-k/arbejdskrafts-tjenester/GSJGJEI10LU,1123becker@gmail.com,,Du følger virksomheden,,,,OK,,,,,,,Arbejdskrafts tjenester,
783,BOARDMEMBER ApS,,,,https://www.proff.dk/firma/boardmember-aps/charlottenlund/arbejdskrafts-tjenester/0LUNHGI10LU,ho@oeadv.dk,,Du følger virksomheden,,,,OK,,,,,,,Arbejdskrafts tjenester,
784,Nielsens Byg & Vikarservice ApS,,,,https://www.proff.dk/firma/nielsens-byg-vikarservice-aps/hjortsh%C3%B8j/arbejdskrafts-tjenester/0OZ6DKI10LU,marc.nielsen@mail.dk,,Du følger virksomheden,,,,OK,,,,,,,Arbejdskrafts tjenester,
785,Vikar teamet ApS,,,+4593102300,https://www.proff.dk/firma/vikar-teamet-aps/skovlunde/arbejdskrafts-tjenester/0PFAILI10LU,kontakt@vikar-teamet.dk,,Du følger virksomheden,,,,OK,,,,,,,Arbejdskrafts tjenester,
786,Pharma Workforce Denmark ApS,,,+4553555945,https://www.proff.dk/firma/pharma-workforce-denmark-aps/kalundborg/arbejdskrafts-tjenester/0R2T4WI10LU,lvi@phawo.dk,,Du følger virksomheden,,,,OK,,,,,,,Arbejdskrafts tjenester,
787,Todo Manpower ApS,,,,https://www.proff.dk/firma/todo-manpower-aps/kalundborg/arbejdskrafts-tjenester/0R3ZKVI10LU,tb@todo.as,,Du følger virksomheden,,,,OK,,,,,,,Arbejdskrafts tjenester,
788,Mankind Ventures ApS,,,,https://www.proff.dk/firma/mankind-ventures-aps/holte/arbejdskrafts-tjenester/0MT5U2I10LU,info@mankindsearch.dk,,Du følger virksomheden,,,,OK,,,,,,,Arbejdskrafts tjenester,
789,Den nye Plan & Handling K62,,,+4553537777,https://www.proff.dk/firma/den-nye-plan-handling-k62/k%C3%B8benhavn-k/arbejdskrafts-tjenester/H1QEW7I10LU,rasmusn@laboro.dk,,Du følger virksomheden,,,,OK,,,,,,,Arbejdskrafts tjenester,
790,JMI EXECUTIVE SEARCH ApS,,,+4533322601,https://www.proff.dk/firma/jmi-executive-search-aps/holte/arbejdskrafts-tjenester/0B4F2NI10LU,jm@jmi.dk,,Du følger virksomheden,,,,OK,,,,,,,Arbejdskrafts tjenester,
791,Q Vikar Service ApS,,,+4525693777,https://www.proff.dk/firma/q-vikar-service-aps/horsens/arbejdskrafts-tjenester/0NX9LSI10LU,qvikarserviceaps@hotmail.com,,Du følger virksomheden,,,,OK,,,,,,,Arbejdskrafts tjenester,
792,DYREBORG CONSULTING ApS,,,+4520349707,https://www.proff.dk/firma/dyreborg-consulting-aps/rungsted-kyst/arbejdskrafts-tjenester/0ILUHLI10LU,bd@dyreborgconsult.dk,,Du følger virksomheden,,,,OK,,,,,,,Arbejdskrafts tjenester,
793,R Bysted Holding ApS,,,+4523351303,https://www.proff.dk/firma/r-bysted-holding-aps/k%C3%B8benhavn-k/arbejdskrafts-tjenester/0MYYI1I10LU,rb@bystedpartners.dk,,Du følger virksomheden,,,,OK,,,,,,,Arbejdskrafts tjenester,
794,Nordjysk Partykorsel ApS,,,+4531209124,https://www.proff.dk/firma/nordjysk-partykorsel-aps/kongerslev/arbejdskrafts-tjenester/0QGK1HI10LU,info@nj-party.dk,,Du følger virksomheden,,,,OK,,,,,,,Arbejdskrafts tjenester,
795,MedicPlus ApS,,,+4570602322,https://www.proff.dk/firma/medicplus-aps/fredericia/arbejdskrafts-tjenester/H1UQZII10LU,info@medicplus.dk,,Du følger virksomheden,,,,OK,,,,,,,Arbejdskrafts tjenester,
796,OkDk2020 ApS,,,+4540186466,https://www.proff.dk/firma/okdk2020-aps/sindal/arbejdskrafts-tjenester/0NVNH0I10LU,michael@pallefabrikken.dk,,Du følger virksomheden,,,,OK,,,,,,,Arbejdskrafts tjenester,
797,Mialia ApS,,,+4527592224,https://www.proff.dk/firma/mialia-aps/randers-sv/arbejdskrafts-tjenester/0R02Z2I10LU,emilmarchkehlet@outlook.com,,Du følger virksomheden,,,,OK,,,,,,,Arbejdskrafts tjenester,
798,CAPE HOLDING ApS,,,+4528888979,https://www.proff.dk/firma/cape-holding-aps/k%C3%B8benhavn-s/arbejdskrafts-tjenester/0GF33XI10LU,cpprivate@yahoo.dk,,Du følger virksomheden,,,,OK,,,,,,,Arbejdskrafts tjenester,
799,NJN Vikarservice ApS,,,+4542956087,https://www.proff.dk/firma/njn-vikarservice-aps/hedensted/arbejdskrafts-tjenester/0JGEVVI10LU,hovmoeller@outlook.dk,,Du følger virksomheden,,,,OK,,,,,,,Arbejdskrafts tjenester,
800,MaLaKo Holding ApS,,,+4530201389,https://www.proff.dk/firma/malako-holding-aps/roskilde/arbejdskrafts-tjenester/0N0OS3I10LU,malako@mlarsson.de,,Du følger virksomheden,,,,OK,,,,,,,Arbejdskrafts tjenester,
801,Mai Consulting ApS,,,+4521298658,https://www.proff.dk/firma/mai-consulting-aps/fredensborg/arbejdskrafts-tjenester/0NZYSXI10LU,mai.benny@gmail.com,,Du følger virksomheden,,,,OK,,,,,,,Arbejdskrafts tjenester,
802,Euro-Partner ApS,,,+4561770561,https://www.proff.dk/firma/euro-partner-aps/br%C3%B8rup/arbejdskrafts-tjenester/0PHDB9I10LU,arilarsen17@gmail.com,,Du følger virksomheden,,,,OK,,,,,,,Arbejdskrafts tjenester,
803,m-munkhoj.dk ApS,,,,https://www.proff.dk/firma/m-munkhoj.dk-aps/horsens/arbejdskrafts-tjenester/0QEKZ6I10LU,m-info@munkhoj.dk,,Du følger virksomheden,,,,OK,,,,,,,Arbejdskrafts tjenester,
804,JT FORMIDLING OG INVEST ApS,,,+4562541700,https://www.proff.dk/firma/jt-formidling-og-invest-aps/svendborg/arbejdskrafts-tjenester/0B4K6DI10LU,jt@jtinvest.dk,,Du følger virksomheden,,,,OK,,,,,,,Arbejdskrafts tjenester,
805,Beyond Talents ApS,,,+4561609451,https://www.proff.dk/firma/beyond-talents-aps/k%C3%B8benhavn-k/arbejdskrafts-tjenester/0QQLN8I10LU,info@beyondtalents.dk,,Du følger virksomheden,,,,OK,,,,,,,Arbejdskrafts tjenester,
806,HCL GRUPPEN/Lille Næstved Ejendomsselskab v/Henrik C. Lundby,,,+4555773535,https://www.proff.dk/firma/hcl-gruppenlille-n%C3%A6stved-ejendomsselskab-vhenrik-c.-lundby/n%C3%A6stved/arbejdskrafts-tjenester/06LLRJI10LU,kontakt@henrik-lundby.dk,,Du følger virksomheden,,,,OK,,,,,,,Arbejdskrafts tjenester,
807,"3F Midtfjord Danmark, Løgstør Afd.",,,,https://www.proff.dk/firma/3f-midtfjord-danmark-l%C3%B8gst%C3%B8r-afd./l%C3%B8gst%C3%B8r/arbejdskrafts-tjenester/0QJ6FJI10LU,midtfjord@3f.dk,,Du følger virksomheden,,,,OK,,,,,,,Arbejdskrafts tjenester,
808,Castberggård,,,+4575687900,https://www.proff.dk/firma/castbergg%C3%A5rd/hedensted/arbejdskrafts-tjenester/0U3Y2XI10LU,admin@cbg.dk,,Du følger virksomheden,,,,OK,,,,,,,Arbejdskrafts tjenester,
809,Nordvestjydsk Vikarservice og Nordthy Hjemmeservice,,,+4596185700,https://www.proff.dk/firma/nordvestjydsk-vikarservice-og-nordthy-hjemmeservice/thisted/arbejdskrafts-tjenester/0ZYKF4I10LU,sht@fjordland.dk,,Du følger virksomheden,,,,OK,,,,,,,Arbejdskrafts tjenester,
810,ISS Facility Services A/S,,,+4538171717,https://www.proff.dk/firma/iss-facility-services-as/s%C3%B8borg/arbejdskrafts-tjenester/GL4UE3I10LU,signe.knudsen@dk.issworld.com,,Du følger virksomheden,,,,OK,,,,,,,Arbejdskrafts tjenester,
811,MAGISTRENES ARBEJDSLØSHEDSKASSE,,,+4570203971,https://www.proff.dk/firma/magistrenes-arbejdsl%C3%B8shedskasse/frederiksberg/arbejdskrafts-tjenester/0CKTPNI10LU,ma@ma-kasse.dk,,Du følger virksomheden,,,,OK,,,,,,,Arbejdskrafts tjenester,
812,harton & rosenkilde v/ Flemming Rosenkilde S. Jensen,,,+4533154515,https://www.proff.dk/firma/harton-rosenkilde-v-flemming-rosenkilde-s.-jensen/birker%C3%B8d/arbejdskrafts-tjenester/0YDHW2I10LU,fr@harton-rosenkilde.dk,,Du følger virksomheden,,,,OK,,,,,,,Arbejdskrafts tjenester,
813,Jobcenter Brøndby,,,+4543282828,https://www.proff.dk/firma/jobcenter-br%C3%B8ndby/br%C3%B8ndby/arbejdskrafts-tjenester/GRVQGDI10LU,brondby@brondby.dk,,Du følger virksomheden,,,,OK,,,,,,,Arbejdskrafts tjenester,
814,Rødovre Jobcenter,,,,https://www.proff.dk/firma/r%C3%B8dovre-jobcenter/r%C3%B8dovre/arbejdskrafts-tjenester/GTBFNWI10LU,rk@rk.dk,,Du følger virksomheden,,,,OK,,,,,,,Arbejdskrafts tjenester,
815,Ungeenheden,,,+4549282828,https://www.proff.dk/firma/ungeenheden/helsing%C3%B8r/arbejdskrafts-tjenester/GWADR1I10LU,lok43@helsingor.dk,,Du følger virksomheden,,,,OK,,,,,,,Arbejdskrafts tjenester,
816,Rekruttering Køge Bugt,,,,https://www.proff.dk/firma/rekruttering-k%C3%B8ge-bugt/k%C3%B8ge/arbejdskrafts-tjenester/GXOIUAI10LU,susanne.trap@koege.dk,,Du følger virksomheden,,,,OK,,,,,,,Arbejdskrafts tjenester,
817,Job og Nytte - Rute 55,,,,https://www.proff.dk/firma/job-og-nytte-rute-55/roskilde/arbejdskrafts-tjenester/GXPI9TI10LU,kommunen@roskilde.dk,,Du følger virksomheden,,,,OK,,,,,,,Arbejdskrafts tjenester,
818,Lolland Kommune,,,+4554676767,https://www.proff.dk/firma/lolland-kommune/maribo/arbejdskrafts-tjenester/0HDM1OI10LU,administration@lolland.dk,,Du følger virksomheden,,,,OK,,,,,,,Arbejdskrafts tjenester,
819,"Center for Arbejdsmarked, Afdeling Birkebjergparken",,,+4555885588,https://www.proff.dk/firma/center-for-arbejdsmarked-afdeling-birkebjergparken/n%C3%A6stved/arbejdskrafts-tjenester/GP4XAYI10LU,alfehuset@naestved.dk,,Du følger virksomheden,,,,OK,,,,,,,Arbejdskrafts tjenester,
820,"Jobcenter Esbjerg, Jobafklaring",,,,https://www.proff.dk/firma/jobcenter-esbjerg-jobafklaring/esbjerg-%C3%B8/arbejdskrafts-tjenester/GTX30PI10LU,esbjerg-lufthavn@esbjergkommune.dk,,Du følger virksomheden,,,,OK,,,,,,,Arbejdskrafts tjenester,
821,Jobcenter Horsens - Holmboes Allé 2,,,+4576292929,https://www.proff.dk/firma/jobcenter-horsens-holmboes-all%C3%A9-2/horsens/arbejdskrafts-tjenester/GXIONJI10LU,horsens.kommune@horsens.dk,,Du følger virksomheden,,,,OK,,,,,,,Arbejdskrafts tjenester,
822,Jobcenter Holstebro Kommune,,,,https://www.proff.dk/firma/jobcenter-holstebro-kommune/holstebro/arbejdskrafts-tjenester/GUUG45I10LU,oekonomi@holstebro.dk,,Du følger virksomheden,,,,OK,,,,,,,Arbejdskrafts tjenester,
823,Jobcenter Lemvig,,,+4596631200,https://www.proff.dk/firma/jobcenter-lemvig/lemvig/arbejdskrafts-tjenester/GLD7P9I10LU,lemvig.kommune@lemvig.dk,,Du følger virksomheden,,,,OK,,,,,,,Arbejdskrafts tjenester,
824,Ungeguiden,,,+4589701000,https://www.proff.dk/firma/ungeguiden/silkeborg/arbejdskrafts-tjenester/GUTBVDI10LU,kommunen@silkeborg.dk,,Du følger virksomheden,,,,OK,,,,,,,Arbejdskrafts tjenester,
825,Jammerbugt Kommune,,,,https://www.proff.dk/firma/jammerbugt-kommune/aabybro/arbejdskrafts-tjenester/0HDMPRI10LU,raadhus@jammerbugt.dk,,Du følger virksomheden,,,,OK,,,,,,,Arbejdskrafts tjenester,
826,Borgere i Aktivering og Virksomhedspraktik (AUBO),,,+4572363636,https://www.proff.dk/firma/borgere-i-aktivering-og-virksomhedspraktik-aubo/holb%C3%A6k/arbejdskrafts-tjenester/H1JFK3I10LU,holbaekbyskole@holb.dk,,Du følger virksomheden,,,,OK,,,,,,,Arbejdskrafts tjenester,
827,Jobcenter Slagelse,,,,https://www.proff.dk/firma/jobcenter-slagelse/kors%C3%B8r/arbejdskrafts-tjenester/H1KCDVI10LU,slagelse@slagelse.dk,,Du følger virksomheden,,,,OK,,,,,,,Arbejdskrafts tjenester,
828,Beskæftigelse Stevns,,,+4556575757,https://www.proff.dk/firma/besk%C3%A6ftigelse-stevns/store-heddinge/arbejdskrafts-tjenester/GUSRSQI10LU,oekomi@stevns.dk,,Du følger virksomheden,,,,OK,,,,,,,Arbejdskrafts tjenester,
829,"Job, Uddannelse, Unge og Digitalisering, Forsikrede Ledige",,,+4556920000,https://www.proff.dk/firma/job-uddannelse-unge-og-digitalisering-forsikrede-ledige/r%C3%B8nne/arbejdskrafts-tjenester/GSN3FOI10LU,post@brk.dk,,Du følger virksomheden,,,,OK,,,,,,,Arbejdskrafts tjenester,
830,Viborg Rådhus - Arbejdsmarked / Jobcenter Viborg,,,+4587878787,https://www.proff.dk/firma/viborg-r%C3%A5dhus-arbejdsmarked-jobcenter-viborg/viborg/arbejdskrafts-tjenester/GLZ3ZJI10LU,viborg@viborg.dk,,Du følger virksomheden,,,,OK,,,,,,,Arbejdskrafts tjenester,
831,RCA - STU,,,,https://www.proff.dk/firma/rca-stu/aalborg-%C3%B8st/arbejdskrafts-tjenester/GYJLU6I10LU,kulturskolen@aalborg.dk,,Du følger virksomheden,,,,OK,,,,,,,Arbejdskrafts tjenester,
832,Job & Integration,,,+4554731000,https://www.proff.dk/firma/job-integration/nyk%C3%B8bing-f/arbejdskrafts-tjenester/H23N0EI10LU,pni@guldborgsund.dk,,Du følger virksomheden,,,,OK,,,,,,,Arbejdskrafts tjenester,
833,Louise og Finn I/S,,,+556755,https://www.proff.dk/firma/louise-og-finn-is/nuuk/arbejdskrafts-tjenester/0HYVTUI10LU,louisefinn@outlook.dk,,Du følger virksomheden,,,,OK,,,,,,,Arbejdskrafts tjenester,
834,Nammineq Coaching Bureau,,,+553494,https://www.proff.dk/firma/nammineq-coaching-bureau/nuussuaq/arbejdskrafts-tjenester/0HYW4XI10LU,nammineq@nammineq.dk,,Du følger virksomheden,,,,OK,,,,,,,Arbejdskrafts tjenester,
835,Jobcenter Egedal,,,+4572596000,https://www.proff.dk/firma/jobcenter-egedal/%C3%B8lstykke/arbejdskrafts-tjenester/GSO3U1I10LU,lene.marie.theill@egekom.dk,,Du følger virksomheden,,,,OK,,,,,,,Arbejdskrafts tjenester,
836,Job og Uddannelse,,,+4572107000,https://www.proff.dk/firma/job-og-uddannelse/fredericia/arbejdskrafts-tjenester/H12UMAI10LU,kommunen@fredericia.dk,,Du følger virksomheden,,,,OK,,,,,,,Arbejdskrafts tjenester,
837,Jobcenter Herlev,,,+4544527000,https://www.proff.dk/firma/jobcenter-herlev/herlev/arbejdskrafts-tjenester/GOVC54I10LU,aktivitetsteamet@herlev.dk,,Du følger virksomheden,,,,OK,,,,,,,Arbejdskrafts tjenester,
838,Jobcenter,,,+4572320000,https://www.proff.dk/firma/jobcenter/hiller%C3%B8d/arbejdskrafts-tjenester/GPAKJWI10LU,hillerod@hillerod.dk,,Du følger virksomheden,,,,OK,,,,,,,Arbejdskrafts tjenester,
839,Jobcenter Kalundborg,,,+4559534400,https://www.proff.dk/firma/jobcenter-kalundborg/kalundborg/arbejdskrafts-tjenester/H0VV7II10LU,kalundborg@kalundborg.dk,,Du følger virksomheden,,,,OK,,,,,,,Arbejdskrafts tjenester,
840,DSB HR Drift Refusioner.,,,24682682,https://www.proff.dk/firma/dsb-hr-drift-refusioner./taastrup/arbejdskrafts-tjenester/GPEPDSI10LU,kimoh@dsb.dk,,Du følger virksomheden,,,,OK,,,,,,,Arbejdskrafts tjenester,
841,Job og Virksomhed,,,+4539575000,https://www.proff.dk/firma/job-og-virksomhed/s%C3%B8borg/arbejdskrafts-tjenester/GZAZK5I10LU,kommunen@gladsaxe.dk,,Du følger virksomheden,,,,OK,,,,,,,Arbejdskrafts tjenester,
842,JobHedensted - Ungeindsatsen Rørkjærgaard,,,+4579755000,https://www.proff.dk/firma/jobhedensted-ungeindsatsen-r%C3%B8rkj%C3%A6rgaard/hedensted/arbejdskrafts-tjenester/GSHWFWI10LU,mail@hedensted.dk,,Du følger virksomheden,,,,OK,,,,,,,Arbejdskrafts tjenester,
843,Puljefleksjob,,,+4599742424,https://www.proff.dk/firma/puljefleksjob/skjern/arbejdskrafts-tjenester/GXFCA7I10LU,handicap@rksk.dk,,Du følger virksomheden,,,,OK,,,,,,,Arbejdskrafts tjenester,
844,Social- og Arbejdsmarkedsforvaltningen JobKolding,,,+4579797979,https://www.proff.dk/firma/social-og-arbejdsmarkedsforvaltningen-jobkolding/kolding/arbejdskrafts-tjenester/GW7BILI10LU,kommunen@kolding.dk,,Du følger virksomheden,,,,OK,,,,,,,Arbejdskrafts tjenester,
845,Jobhuset,,,+4543686868,https://www.proff.dk/firma/jobhuset/albertslund/arbejdskrafts-tjenester/GSG5B6I10LU,bib@albertslundbib.dk,,Du følger virksomheden,,,,OK,,,,,,,Arbejdskrafts tjenester,
846,Q Brands ApS,,,+4542774272,https://www.proff.dk/firma/q-brands-aps/aalborg/arbejdskrafts-tjenester/0HGDWOI10LU,pqa@proteamnordic.dk,,Du følger virksomheden,,,,OK,,,,,,,Arbejdskrafts tjenester,
847,FM Service v/Frej Utne Mårtensson,,,+4586659363,https://www.proff.dk/firma/fm-service-vfrej-utne-m%C3%A5rtensson/r%C3%B8dk%C3%A6rsbro/arbejdskrafts-tjenester/0HJAQDI10LU,info@fmservice.dk,,Du følger virksomheden,,,,OK,,,,,,,Arbejdskrafts tjenester,
848,KarriereCoach,,,+4570222923,https://www.proff.dk/firma/karrierecoach/viby-j/arbejdskrafts-tjenester/0FUBMZI10LU,mt@karierrecoach.dk,,Du følger virksomheden,,,,OK,,,,,,,Arbejdskrafts tjenester,
849,Center Arbejdsmarked - Ungeenheden,,,+4599889988,https://www.proff.dk/firma/center-arbejdsmarked-ungeenheden/st%C3%B8vring/arbejdskrafts-tjenester/GR38NGI10LU,raadhus@rebild.dk,,Du følger virksomheden,,,,OK,,,,,,,Arbejdskrafts tjenester,
850,Jobcenter Hørsholm,,,+4548490000,https://www.proff.dk/firma/jobcenter-h%C3%B8rsholm/h%C3%B8rsholm/arbejdskrafts-tjenester/GR3L4MI10LU,kommunen@horsholm.dk,,Du følger virksomheden,,,,OK,,,,,,,Arbejdskrafts tjenester,
851,EKU - Nytteindsats,,,79727200,https://www.proff.dk/firma/eku-nytteindsats/grindsted/arbejdskrafts-tjenester/GT9QCPI10LU,voksenstoette@billund.dk,,Du følger virksomheden,,,,OK,,,,,,,Arbejdskrafts tjenester,
852,Jobcenter Mariagerfjord,,,,https://www.proff.dk/firma/jobcenter-mariagerfjord/hobro/arbejdskrafts-tjenester/GR3LQZI10LU,jvnie@mariagerfjord.dk,,Du følger virksomheden,,,,OK,,,,,,,Arbejdskrafts tjenester,
853,Randers Kommune JobRanders,,,,https://www.proff.dk/firma/randers-kommune-jobranders/randers-n%C3%B8/arbejdskrafts-tjenester/GR4KVFI10LU,affald@randers.dk,,Du følger virksomheden,,,,OK,,,,,,,Arbejdskrafts tjenester,
854,Social- og Arbejdsmarkedscenter - EHV,,,+4543591000,https://www.proff.dk/firma/social-og-arbejdsmarkedscenter-ehv/taastrup/arbejdskrafts-tjenester/GSROJ2I10LU,kommune@htk.dk,,Du følger virksomheden,,,,OK,,,,,,,Arbejdskrafts tjenester,
855,Arbejdsmarkedsforvaltningen / Jobcenter Hjørring,,,72333333,https://www.proff.dk/firma/arbejdsmarkedsforvaltningen-jobcenter-hj%C3%B8rring/hj%C3%B8rring/arbejdskrafts-tjenester/GR99BAI10LU,hjoerring@hjoerring.dk,,Du følger virksomheden,,,,OK,,,,,,,Arbejdskrafts tjenester,
856,Syddjurs Kommunes Jobcenter,,,,https://www.proff.dk/firma/syddjurs-kommunes-jobcenter/ebeltoft/arbejdskrafts-tjenester/GR9ASWI10LU,syddjurs@syddjurs.dk,,Du følger virksomheden,,,,OK,,,,,,,Arbejdskrafts tjenester,
857,Jobcenter Skagen,,,+4598455000,https://www.proff.dk/firma/jobcenter-skagen/skagen/arbejdskrafts-tjenester/H2QGWJI10LU,kommunen@frederikshavn.dk,,Du følger virksomheden,,,,OK,,,,,,,Arbejdskrafts tjenester,
858,Jobcenter,,,+4563337000,https://www.proff.dk/firma/jobcenter/nyborg/arbejdskrafts-tjenester/GRAHSGI10LU,nyborg-bibliotek@nyborg.dk,,Du følger virksomheden,,,,OK,,,,,,,Arbejdskrafts tjenester,
859,JobHerning - Job og Socialindsats,,,+4596282828,https://www.proff.dk/firma/jobherning-job-og-socialindsats/herning/arbejdskrafts-tjenester/GREFD3I10LU,laeringscentersydskole@herning.dk,,Du følger virksomheden,,,,OK,,,,,,,Arbejdskrafts tjenester,
860,JOBVejle,,,+4576810000,https://www.proff.dk/firma/jobvejle/vejle/arbejdskrafts-tjenester/GTL64ZI10LU,affaldgenbrug@vejle.dk,,Du følger virksomheden,,,,OK,,,,,,,Arbejdskrafts tjenester,
861,"4 - Job og Integration, Beskæftigelses- og Socialforvaltningen",,,+4566131372,https://www.proff.dk/firma/4-job-og-integration-besk%C3%A6ftigelses-og-socialforvaltningen/odense-c/arbejdskrafts-tjenester/H1G9E7I10LU,odense@odense.dk,,Du følger virksomheden,,,,OK,,,,,,,Arbejdskrafts tjenester,
862,Jobcenter Struer,,,96848383,https://www.proff.dk/firma/jobcenter-struer/struer/arbejdskrafts-tjenester/GRCJGZI10LU,karenk@struer.dk,,Du følger virksomheden,,,,OK,,,,,,,Arbejdskrafts tjenester,
863,"Børn og Familie, Jobcenter - Ungeindsats",,,+4573767676,https://www.proff.dk/firma/b%C3%B8rn-og-familie-jobcenter-ungeindsats/aabenraa/arbejdskrafts-tjenester/GY5ZOWI10LU,aabenraabib@aabenraa.dk,,Du følger virksomheden,,,,OK,,,,,,,Arbejdskrafts tjenester,
864,Projekthuset,,,+4599707000,https://www.proff.dk/firma/projekthuset/nyk%C3%B8bing-m/arbejdskrafts-tjenester/GUMDMFI10LU,okpost@morsoe.dk,,Du følger virksomheden,,,,OK,,,,,,,Arbejdskrafts tjenester,
865,Jobcenter,,,+4599454545,https://www.proff.dk/firma/jobcenter/br%C3%B8nderslev/arbejdskrafts-tjenester/GREUDXI10LU,sikkerpost@99454545.dk,,Du følger virksomheden,,,,OK,,,,,,,Arbejdskrafts tjenester,
866,Arbejdsmarked og Social,,,+4587947000,https://www.proff.dk/firma/arbejdsmarked-og-social/skanderborg/arbejdskrafts-tjenester/GRF0AMI10LU,bakkehuset@skanderborg.dk,,Du følger virksomheden,,,,OK,,,,,,,Arbejdskrafts tjenester,
867,Job & Karriere,,,74929393,https://www.proff.dk/firma/job-karriere/t%C3%B8nder/arbejdskrafts-tjenester/H0DSYOI10LU,kompetencecenter@toender.dk,,Du følger virksomheden,,,,OK,,,,,,,Arbejdskrafts tjenester,
868,Jobforløb - CKA,,,+4599667000,https://www.proff.dk/firma/jobforl%C3%B8b-cka/aars/arbejdskrafts-tjenester/H16K0FI10LU,post@vesthimmerland.dk,,Du følger virksomheden,,,,OK,,,,,,,Arbejdskrafts tjenester,
869,Jobcentret Vallensbæk,,,+4547974000,https://www.proff.dk/firma/jobcentret-vallensb%C3%A6k/vallensb%C3%A6k-strand/arbejdskrafts-tjenester/GRUJ8NI10LU,kommune@vallensbaek.dk,,Du følger virksomheden,,,,OK,,,,,,,Arbejdskrafts tjenester,
870,Hareskovhvile,,,+4572354000,https://www.proff.dk/firma/hareskovhvile/v%C3%A6rl%C3%B8se/arbejdskrafts-tjenester/H2SHRGI10LU,bibliotek@furesoe.dk,,Du følger virksomheden,,,,OK,,,,,,,Arbejdskrafts tjenester,
871,Hjælpemiddeldepot under Jobcenter Vejen,,,+4579965000,https://www.proff.dk/firma/hj%C3%A6lpemiddeldepot-under-jobcenter-vejen/vejen/arbejdskrafts-tjenester/H0R56DI10LU,post@vejen.dk,,Du følger virksomheden,,,,OK,,,,,,,Arbejdskrafts tjenester,
872,Unge- og Uddannelsesenheden,,,+4543960821,https://www.proff.dk/firma/unge-og-uddannelsesenheden/glostrup/arbejdskrafts-tjenester/H2MUOHI10LU,byhistoriskhus@glostrup.dk,,Du følger virksomheden,,,,OK,,,,,,,Arbejdskrafts tjenester,
873,Et Smukkere Nordfyn/Jobcenter,,,+4564828282,https://www.proff.dk/firma/et-smukkere-nordfynjobcenter/s%C3%B8nders%C3%B8/arbejdskrafts-tjenester/GX5ZDNI10LU,ungdomsskolen@nordfynskommune.dk,,Du følger virksomheden,,,,OK,,,,,,,Arbejdskrafts tjenester,
874,"Jobparate, Indsats og Virksomhedsservice",,,+4536393639,https://www.proff.dk/firma/jobparate-indsats-og-virksomhedsservice/hvidovre/arbejdskrafts-tjenester/GS1T9UI10LU,avbib@hvidovre.dk,,Du følger virksomheden,,,,OK,,,,,,,Arbejdskrafts tjenester,
875,Kursuscenter Faaborg-Midtfyn,,,,https://www.proff.dk/firma/kursuscenter-faaborg-midtfyn/gislev/arbejdskrafts-tjenester/GTKGW0I10LU,bibliotek@fmk.dk,,Du følger virksomheden,,,,OK,,,,,,,Arbejdskrafts tjenester,
876,Jobcentret Tilbudsservice - Parkvej,,,+4544773834,https://www.proff.dk/firma/jobcentret-tilbudsservice-parkvej/ballerup/arbejdskrafts-tjenester/GXE46SI10LU,babi@balk.dk,,Du følger virksomheden,,,,OK,,,,,,,Arbejdskrafts tjenester,
877,Svendborg Kommune,,,+4562233000,https://www.proff.dk/firma/svendborg-kommune/svendborg/arbejdskrafts-tjenester/0HDMXUI10LU,svendborg@svendborg.dk,,Du følger virksomheden,,,,OK,,,,,,,Arbejdskrafts tjenester,
878,Ammassalik Entreprenør,,,+982520,https://www.proff.dk/firma/ammassalik-entrepren%C3%B8r/tasiilaq/arbejdskrafts-tjenester/GS52WAI10LU,mieth59@gmail.com,,Du følger virksomheden,,,,OK,,,,,,,Arbejdskrafts tjenester,
879,Unge,,,+4574343434,https://www.proff.dk/firma/unge/haderslev/arbejdskrafts-tjenester/H2SXFVI10LU,post@haderslev.dk,,Du følger virksomheden,,,,OK,,,,,,,Arbejdskrafts tjenester,
880,Jobrotation Socialområdet,,,,https://www.proff.dk/firma/jobrotation-socialomr%C3%A5det/grenaa/arbejdskrafts-tjenester/GUBES2I10LU,kir@norddjurs.dk,,Du følger virksomheden,,,,OK,,,,,,,Arbejdskrafts tjenester,
881,Team Fokus,,,+4559666666,https://www.proff.dk/firma/team-fokus/nyk%C3%B8bing-sj/arbejdskrafts-tjenester/GT9760I10LU,kommune@odsherred.dk,,Du følger virksomheden,,,,OK,,,,,,,Arbejdskrafts tjenester,
882,Thisted Kommune,,,,https://www.proff.dk/firma/thisted-kommune/thisted/arbejdskrafts-tjenester/0HDMT4I10LU,kl@thisted.dk,,Du følger virksomheden,,,,OK,,,,,,,Arbejdskrafts tjenester,
883,Jobcenter Odder,,,+4587803333,https://www.proff.dk/firma/jobcenter-odder/odder/arbejdskrafts-tjenester/GS6UPTI10LU,odder.kommune@odder.dk,,Du følger virksomheden,,,,OK,,,,,,,Arbejdskrafts tjenester,
884,Jobcenter Favrskov,,,+4589641010,https://www.proff.dk/firma/jobcenter-favrskov/hadsten/arbejdskrafts-tjenester/GS6V9BI10LU,favrskov@favrskov.dk,,Du følger virksomheden,,,,OK,,,,,,,Arbejdskrafts tjenester,
885,"Job og fastholdelse, Job, uddannelse og integration , Job og rekruttering",,,,https://www.proff.dk/firma/job-og-fastholdelse-job-uddannelse-og-integration-job-og-rekruttering/birker%C3%B8d/arbejdskrafts-tjenester/GS7STII10LU,cfsi@rudersdal.dk,,Du følger virksomheden,,,,OK,,,,,,,Arbejdskrafts tjenester,
886,Beskæftigelses- og Socialområdet,,,63525000,https://www.proff.dk/firma/besk%C3%A6ftigelses-og-socialomr%C3%A5det/%C3%A6r%C3%B8sk%C3%B8bing/arbejdskrafts-tjenester/GSBYSSI10LU,beskaeftigelse.social@aeroekommune.dk,,Du følger virksomheden,,,,OK,,,,,,,Arbejdskrafts tjenester,
887,"Center for Borgerservice, Job og Social",,,+4556182000,https://www.proff.dk/firma/center-for-borgerservice-job-og-social/solr%C3%B8d-strand/arbejdskrafts-tjenester/GSFNW2I10LU,teknisk@solrod.dk,,Du følger virksomheden,,,,OK,,,,,,,Arbejdskrafts tjenester,
888,Ungekontakten Frederikssund,,,+4547351000,https://www.proff.dk/firma/ungekontakten-frederikssund/frederikssund/arbejdskrafts-tjenester/H2NNDOI10LU,atram@frederikssund.dk,,Du følger virksomheden,,,,OK,,,,,,,Arbejdskrafts tjenester,
889,Arbejdsmarkeds- og Ungecenter,,,+4557626262,https://www.proff.dk/firma/arbejdsmarkeds-og-ungecenter/ringsted/arbejdskrafts-tjenester/GSJ0LBI10LU,ringsted@ringsted.dk,,Du følger virksomheden,,,,OK,,,,,,,Arbejdskrafts tjenester,
890,Job & Uddannelse,,,+4599155500,https://www.proff.dk/firma/job-uddannelse/skive/arbejdskrafts-tjenester/GXRWY2I10LU,sk@skivekommune.dk,,Du følger virksomheden,,,,OK,,,,,,,Arbejdskrafts tjenester,
891,Sociale Forhold og Beskæftigelse - Vejlby Centervej 52,,,+4589402000,https://www.proff.dk/firma/sociale-forhold-og-besk%C3%A6ftigelse-vejlby-centervej-52/risskov/arbejdskrafts-tjenester/H1LKDRI10LU,borgerservice@aarhus.dk,,Du følger virksomheden,,,,OK,,,,,,,Arbejdskrafts tjenester,
892,JOBSorø,,,+4557876000,https://www.proff.dk/firma/jobsor%C3%B8/sor%C3%B8/arbejdskrafts-tjenester/GSZSYDI10LU,soroekom@soroe.dk,,Du følger virksomheden,,,,OK,,,,,,,Arbejdskrafts tjenester,
893,Center for Job- og Virksomhedsservice,,,+4538212121,https://www.proff.dk/firma/center-for-job-og-virksomhedsservice/frederiksberg/arbejdskrafts-tjenester/GVFQW5I10LU,f86@frederiksberg.dk,,Du følger virksomheden,,,,OK,,,,,,,Arbejdskrafts tjenester,
894,Lyngby-Taarbæk Kommune,,,+4545973000,https://www.proff.dk/firma/lyngby-taarb%C3%A6k-kommune/kongens-lyngby/arbejdskrafts-tjenester/06Z3LBI10LU,bondebyen@ltk.dk,,Du følger virksomheden,,,,OK,,,,,,,Arbejdskrafts tjenester,
895,Job og uddannelsesakademiet - jobklub,,,,https://www.proff.dk/firma/job-og-uddannelsesakademiet-jobklub/s%C3%B8nderborg/arbejdskrafts-tjenester/H13Q94I10LU,biblioteket@sonderborg.dk,,Du følger virksomheden,,,,OK,,,,,,,Arbejdskrafts tjenester,
896,Center for Beskæftigelse og Social,,,+4572496000,https://www.proff.dk/firma/center-for-besk%C3%A6ftigelse-og-social/helsinge/arbejdskrafts-tjenester/GTE7E1I10LU,10.klasse@gribskov.dk,,Du følger virksomheden,,,,OK,,,,,,,Arbejdskrafts tjenester,
897,"Job og Ydelser, Ungecenter (Gentofte Kommune)",,,+4539980000,https://www.proff.dk/firma/job-og-ydelser-ungecenter-gentofte-kommune/hellerup/arbejdskrafts-tjenester/GUPX9DI10LU,personale@gentofte.dk,,Du følger virksomheden,,,,OK,,,,,,,Arbejdskrafts tjenester,
898,Jobcenter,,,+4587922200,https://www.proff.dk/firma/jobcenter/sams%C3%B8/arbejdskrafts-tjenester/GTME4NI10LU,kommune@samsoe.dk,,Du følger virksomheden,,,,OK,,,,,,,Arbejdskrafts tjenester,
899,Plenum,,,+4553500393,https://www.proff.dk/firma/plenum/asn%C3%A6s/arbejdskrafts-tjenester/0KE0RTI10LU,info@plenum.nu,,Du følger virksomheden,,,,OK,,,,,,,Arbejdskrafts tjenester,
900,Arbejdsmarkedsafdelingen,,,,https://www.proff.dk/firma/arbejdsmarkedsafdelingen/rudk%C3%B8bing/arbejdskrafts-tjenester/GU1VIPI10LU,langelandsfort@mail.dk,,Du følger virksomheden,,,,OK,,,,,,,Arbejdskrafts tjenester,
901,Tomma Consulting,,,+4540648191,https://www.proff.dk/firma/tomma-consulting/s%C3%B8borg/arbejdskrafts-tjenester/0KEZ3HI10LU,tbm@tommaconsulting.dk,,Du følger virksomheden,,,,OK,,,,,,,Arbejdskrafts tjenester,
902,KompetenceCenter Kejserdal afd. Nivå,,,+4572565000,https://www.proff.dk/firma/kompetencecenter-kejserdal-afd.-niv%C3%A5/niv%C3%A5/arbejdskrafts-tjenester/GZSB8OI10LU,fredensborg@fredensborg.dk,,Du følger virksomheden,,,,OK,,,,,,,Arbejdskrafts tjenester,
903,KOMMUNE QEQERTALIK,,,,https://www.proff.dk/firma/kommune-qeqertalik/aasiaat/arbejdskrafts-tjenester/0MBIM7I10LU,aadap.atuarfia@qeqertalik.gl,,Du følger virksomheden,,,,OK,,,,,,,Arbejdskrafts tjenester,
904,gyldenbergEVENT.dk,,,+4525388406,https://www.proff.dk/firma/gyldenbergevent.dk/thisted/arbejdskrafts-tjenester/07I8PFI10LU,dangyldenberg@gmail.com,,Du følger virksomheden,,,,OK,,,,,,,Arbejdskrafts tjenester,
905,Dagpenge og Opkvalificering,,,+4555363636,https://www.proff.dk/firma/dagpenge-og-opkvalificering/vordingborg/arbejdskrafts-tjenester/GWH5H5I10LU,bnmon@vordingborg.dk,,Du følger virksomheden,,,,OK,,,,,,,Arbejdskrafts tjenester,
906,Jobberiet,,,+4548100100,https://www.proff.dk/firma/jobberiet/lynge/arbejdskrafts-tjenester/GYJ9N9I10LU,kommunen@alleroed.dk,,Du følger virksomheden,,,,OK,,,,,,,Arbejdskrafts tjenester,
907,Trekantens Autocamper ApS,,,+4524415160,https://www.proff.dk/firma/trekantens-autocamper-aps/vejle/arbejdskrafts-tjenester/GUR4QJI10LU,lars@jyskcampingudlejning.dk,,Du følger virksomheden,,,,OK,,,,,,,Arbejdskrafts tjenester,
908,Ungetilbud Østervang,,,+4579946800,https://www.proff.dk/firma/ungetilbud-%C3%B8stervang/varde/arbejdskrafts-tjenester/H1N19XI10LU,vardekommune@varde.dk,,Du følger virksomheden,,,,OK,,,,,,,Arbejdskrafts tjenester,
909,Lev,,,+4536359696,https://www.proff.dk/firma/lev/taastrup/arbejdskrafts-tjenester/0X6W22I10LU,lev@lev.dk,,Du følger virksomheden,,,,OK,,,,,,,Arbejdskrafts tjenester,
910,Nebengeschäft,,,+4586253080,https://www.proff.dk/firma/nebengesch%C3%A4ft/aarhus-v/arbejdskrafts-tjenester/0FF66KI10LU,stephan.neben@stofanet.dk,,Du følger virksomheden,,,,OK,,,,,,,Arbejdskrafts tjenester,
911,Unge & Uddannelse,,,+4599604000,https://www.proff.dk/firma/unge-uddannelse/ikast/arbejdskrafts-tjenester/GWUX2II10LU,center_for_job_aktivitet_og_uddannelse@ikast-brande.dk,,Du følger virksomheden,,,,OK,,,,,,,Arbejdskrafts tjenester,
912,TEKNISK LANDSFORBUND,,,+4533436500,https://www.proff.dk/firma/teknisk-landsforbund/k%C3%B8benhavn-k/arbejdskrafts-tjenester/072RXDI10LU,tl@tl.dk,,Du følger virksomheden,,,,OK,,,,,,,Arbejdskrafts tjenester,
913,Quadrifoglio,,,+4531310649,https://www.proff.dk/firma/quadrifoglio/k%C3%B8ge/arbejdskrafts-tjenester/0FCOCXI10LU,jacobandreasen@hotmail.com,,Du følger virksomheden,,,,OK,,,,,,,Arbejdskrafts tjenester,
914,Københavns Kommune,,,,https://www.proff.dk/firma/k%C3%B8benhavns-kommune/k%C3%B8benhavn-nv/arbejdskrafts-tjenester/12NXQCI10LU,h378@kk.dk,,Du følger virksomheden,,,,OK,,,,,,,Arbejdskrafts tjenester,
915,Antes Denmark Aps,,,+4529643880,https://www.proff.dk/firma/antes-denmark-aps/sk%C3%B8dstrup/arbejdskrafts-tjenester/0LV9CMI10LU,karin@michelsen-hr.dk,,Du følger virksomheden,,,,OK,,,,,,,Arbejdskrafts tjenester,
916,nordic-workforce,,,+4553617734,https://www.proff.dk/firma/nordic-workforce/varde/arbejdskrafts-tjenester/0LNJUEI10LU,annetteheard1234@gmail.com,,Du følger virksomheden,,,,OK,,,,,,,Arbejdskrafts tjenester,
917,Jobcenter - Søndergade,,,,https://www.proff.dk/firma/jobcenter-s%C3%B8ndergade/haslev/arbejdskrafts-tjenester/GYLLUII10LU,bavneskolen@faxekommune.dk,,Du følger virksomheden,,,,OK,,,,,,,Arbejdskrafts tjenester,
918,MR Vikar,,,+4551937293,https://www.proff.dk/firma/mr-vikar/skanderborg/arbejdskrafts-tjenester/0JWLMNI10LU,ah@mariarengoering.dk,,Du følger virksomheden,,,,OK,,,,,,,Arbejdskrafts tjenester,
919,KVR Vikar & Rekruttering Assens,,,+4560188461,https://www.proff.dk/firma/kvr-vikar-rekruttering-assens/assens/arbejdskrafts-tjenester/0MA24JI10LU,fk@kvr.dk,,Du følger virksomheden,,,,OK,,,,,,,Arbejdskrafts tjenester,
920,Grevlund,,,+4560607214,https://www.proff.dk/firma/grevlund/gistrup/arbejdskrafts-tjenester/GWIJI1I10LU,info@grevlund.dk,,Du følger virksomheden,,,,OK,,,,,,,Arbejdskrafts tjenester,
921,Airport Staff GmbH,,,+4520293847,https://www.proff.dk/firma/airport-staff-gmbh/hellerup/arbejdskrafts-tjenester/0L3QOEI10LU,ayse.ozden@scandinaviantrust.dk,,Du følger virksomheden,,,,OK,,,,,,,Arbejdskrafts tjenester,
922,Johnsen Entreprise,,,+4551214974,https://www.proff.dk/firma/johnsen-entreprise/t%C3%B8rring/arbejdskrafts-tjenester/0MWCT1I10LU,kontakt@johnsen-entreprise.dk,,Du følger virksomheden,,,,OK,,,,,,,Arbejdskrafts tjenester,
923,Kerteminde Kommune,,,,https://www.proff.dk/firma/kerteminde-kommune/kerteminde/arbejdskrafts-tjenester/0HDMX6I10LU,pma@kerteminde.dk,,Du følger virksomheden,,,,OK,,,,,,,Arbejdskrafts tjenester,
924,JobTeam Syd,,,+4560211959,https://www.proff.dk/firma/jobteam-syd/middelfart/arbejdskrafts-tjenester/0HJXO6I10LU,jhp@jobteam.dk,,Du følger virksomheden,,,,OK,,,,,,,Arbejdskrafts tjenester,
925,Jobcenter,,,+4547784000,https://www.proff.dk/firma/jobcenter/frederiksv%C3%A6rk/arbejdskrafts-tjenester/GXDKS3I10LU,mail@halsnaes.dk,,Du følger virksomheden,,,,OK,,,,,,,Arbejdskrafts tjenester,
926,Nordjysk Daglejerservice v/ Ole Holmberg Jørgensen,,,,https://www.proff.dk/firma/nordjysk-daglejerservice-v-ole-holmberg-j%C3%B8rgensen/frederikshavn/arbejdskrafts-tjenester/0G2EAKI10LU,daglejer@nordfiber.dk,,Du følger virksomheden,,,,OK,,,,,,,Arbejdskrafts tjenester,
927,Ishøj Jobcenter,,,+4543577575,https://www.proff.dk/firma/ish%C3%B8j-jobcenter/ish%C3%B8j/arbejdskrafts-tjenester/GZVPINI10LU,sikkermail@ishoj.dk,,Du følger virksomheden,,,,OK,,,,,,,Arbejdskrafts tjenester,
928,Greenland Service,,,+4599585896,https://www.proff.dk/firma/greenland-service/aasiaat/arbejdskrafts-tjenester/0ODP9GI10LU,greenlandservice017@gmail.com,,Du følger virksomheden,,,,OK,,,,,,,Arbejdskrafts tjenester,
929,Sparkservice ApS,,,,https://www.proff.dk/firma/sparkservice-aps/r%C3%B8dovre/arbejdskrafts-tjenester/0OJ4GDI10LU,reagulhasnath@hotmail.com,,Du følger virksomheden,,,,OK,,,,,,,Arbejdskrafts tjenester,
930,Styrelsen for Arbejdsmarked og Rekruttering,,,+4572217400,https://www.proff.dk/firma/styrelsen-for-arbejdsmarked-og-rekruttering/k%C3%B8benhavn-%C3%B8/arbejdskrafts-tjenester/0X30XQI10LU,star@star.dk,,Du følger virksomheden,,,,OK,,,,,,,Arbejdskrafts tjenester,
931,CBM Mentor,,,+4560606353,https://www.proff.dk/firma/cbm-mentor/nex%C3%B8/arbejdskrafts-tjenester/0LLEPOI10LU,carsten@cbmm.dk,,Du følger virksomheden,,,,OK,,,,,,,Arbejdskrafts tjenester,
932,Bedemand Pernille Wolder,,,+4555770020,https://www.proff.dk/firma/bedemand-pernille-wolder/n%C3%A6stved/arbejdskrafts-tjenester/0OVXCSI10LU,info@bedemand-pw.dk,,Du følger virksomheden,,,,OK,,,,,,,Arbejdskrafts tjenester,
933,DC Tuning ApS,,,+4541591446,https://www.proff.dk/firma/dc-tuning-aps/ringsted/arbejdskrafts-tjenester/0OXEE9I10LU,hj.stenhuus@hotmail.com,,Du følger virksomheden,,,,OK,,,,,,,Arbejdskrafts tjenester,
934,Jura & Administration ApS,,,+4540194898,https://www.proff.dk/firma/jura-administration-aps/h%C3%B8rsholm/arbejdskrafts-tjenester/GZG8GYI10LU,tv@km2job.dk,,Du følger virksomheden,,,,OK,,,,,,,Arbejdskrafts tjenester,
935,Hammer Managing Clever Defining,,,,https://www.proff.dk/firma/hammer-managing-clever-defining/gentofte/arbejdskrafts-tjenester/0HB07PI10LU,hammerresult@gmail.com,,Du følger virksomheden,,,,OK,,,,,,,Arbejdskrafts tjenester,
936,AB Service,,,,https://www.proff.dk/firma/ab-service/k%C3%B8benhavn-n/arbejdskrafts-tjenester/0PD1IFI10LU,abservice032@gmail.com,,Du følger virksomheden,,,,OK,,,,,,,Arbejdskrafts tjenester,
937,ESBEES HEADHUNTING v/Søren Bøge Sørensen,,,+4520274666,https://www.proff.dk/firma/esbees-headhunting-vs%C3%B8ren-b%C3%B8ge-s%C3%B8rensen/vejle/arbejdskrafts-tjenester/0LSJ9VI10LU,sbs@esbeesheadhunting.com,,Du følger virksomheden,,,,OK,,,,,,,Arbejdskrafts tjenester,
938,Touch Move,,,+4526366333,https://www.proff.dk/firma/touch-move/r%C3%B8dding/arbejdskrafts-tjenester/0HL807I10LU,kha@tmov.dk,,Du følger virksomheden,,,,OK,,,,,,,Arbejdskrafts tjenester,
939,Vikar Service,,,+4539396270,https://www.proff.dk/firma/vikar-service/t%C3%B8nder/arbejdskrafts-tjenester/GZZ6XLI10LU,bogholderi@byanimals.dk,,Du følger virksomheden,,,,OK,,,,,,,Arbejdskrafts tjenester,
940,Tuuma Foods,,,+4599286823,https://www.proff.dk/firma/tuuma-foods/sejer%C3%B8/arbejdskrafts-tjenester/H032TMI10LU,tuumafoods@gmail.com,,Du følger virksomheden,,,,OK,,,,,,,Arbejdskrafts tjenester,
941,Aalborg Job ApS,,,+4531777926,https://www.proff.dk/firma/aalborg-job-aps/n%C3%B8rresundby/arbejdskrafts-tjenester/0PTEUII10LU,kontakt@aalborgjob.dk,,Du følger virksomheden,,,,OK,,,,,,,Arbejdskrafts tjenester,
942,Suliffissat.gl,,,+4599532235,https://www.proff.dk/firma/suliffissat.gl/nuussuaq/arbejdskrafts-tjenester/0Q4WMAI10LU,info@suliffissat.gl,,Du følger virksomheden,,,,OK,,,,,,,Arbejdskrafts tjenester,
943,BB VVS & Kloakservice,,,+4570604353,https://www.proff.dk/firma/bb-vvs-kloakservice/helsinge/arbejdskrafts-tjenester/0F78GBI10LU,bob.enoch@hotmail.com,,Du følger virksomheden,,,,OK,,,,,,,Arbejdskrafts tjenester,
944,Norup Konsulenterne,,,+4541311911,https://www.proff.dk/firma/norup-konsulenterne/viborg/arbejdskrafts-tjenester/0HUQZLI10LU,nikonorup@gmail.com,,Du følger virksomheden,,,,OK,,,,,,,Arbejdskrafts tjenester,
945,Walach Nordic Projects ApS,,,+4591406460,https://www.proff.dk/firma/walach-nordic-projects-aps/kongens-lyngby/arbejdskrafts-tjenester/0R1Z0VI10LU,walachnp@gmail.com,,Du følger virksomheden,,,,OK,,,,,,,Arbejdskrafts tjenester,
946,Egebo partners,,,23672983,https://www.proff.dk/firma/egebo-partners/skibby/arbejdskrafts-tjenester/H1XUGYI10LU,egebo@mail.dk,,Du følger virksomheden,,,,OK,,,,,,,Arbejdskrafts tjenester,
947,Kompas ApS,,,+4591683032,https://www.proff.dk/firma/kompas-aps/glostrup/arbejdskrafts-tjenester/0R8XXPI10LU,infokompas.dk@gmail.com,,Du følger virksomheden,,,,OK,,,,,,,Arbejdskrafts tjenester,
948,OmsorgsEnheden ApS,,,+4528554145,https://www.proff.dk/firma/omsorgsenheden-aps/herning/arbejdskrafts-tjenester/0R9944I10LU,info@omsorgsenheden.dk,,Du følger virksomheden,,,,OK,,,,,,,Arbejdskrafts tjenester,
949,Nordic Steelcraft ApS,,,+4536607332,https://www.proff.dk/firma/nordic-steelcraft-aps/aalborg/arbejdskrafts-tjenester/0RAHT5I10LU,info@nordic-steelcraft.dk,,Du følger virksomheden,,,,OK,,,,,,,Arbejdskrafts tjenester,
950,A Solution ApS,,,+4530207273,https://www.proff.dk/firma/a-solution-aps/ugerl%C3%B8se/arbejdskrafts-tjenester/0RB1HYI10LU,mail@asolution.pro,,Du følger virksomheden,,,,OK,,,,,,,Arbejdskrafts tjenester,
951,Næromsorg ApS,,,+4525646264,https://www.proff.dk/firma/n%C3%A6romsorg-aps/trige/arbejdskrafts-tjenester/0RALMQI10LU,daa@naeromsorg.dk,,Du følger virksomheden,,,,OK,,,,,,,Arbejdskrafts tjenester,
952,ExxQ ApS,,,+4570405400,https://www.proff.dk/firma/exxq-aps/herning/arbejdskrafts-tjenester/0RGXMGI10LU,contact@exxq.dk,,Du følger virksomheden,,,,OK,,,,,,,Arbejdskrafts tjenester,
953,Beskæftigelse & Virksomhedsservice,,,+4546464646,https://www.proff.dk/firma/besk%C3%A6ftigelse-virksomhedsservice/hvals%C3%B8/arbejdskrafts-tjenester/H2HBEVI10LU,post@lejre.dk,,Du følger virksomheden,,,,OK,,,,,,,Arbejdskrafts tjenester,
954,Dagtilbudsleder ApS,,,+4561286077,https://www.proff.dk/firma/dagtilbudsleder-aps/aarhus-n/arbejdskrafts-tjenester/0RLYYFI10LU,rikkenhansen2@gmail.com,,Du følger virksomheden,,,,OK,,,,,,,Arbejdskrafts tjenester,
955,Eurologistik workforce ApS,,,+4553884546,https://www.proff.dk/firma/eurologistik-workforce-aps/hvidovre/arbejdskrafts-tjenester/0RO5ONI10LU,info@eurologistikworkforce.dk,,Du følger virksomheden,,,,OK,,,,,,,Arbejdskrafts tjenester,
956,Helix Nova ApS,,,,https://www.proff.dk/firma/helix-nova-aps/esbjerg-n/arbejdskrafts-tjenester/0RP5ZKI10LU,jju@helixnova.dk,,Du følger virksomheden,,,,OK,,,,,,,Arbejdskrafts tjenester,
957,Craftex ApS,,,+4520929269,https://www.proff.dk/firma/craftex-aps/silkeborg/arbejdskrafts-tjenester/0RPRWNI10LU,info@craftex.dk,,Du følger virksomheden,,,,OK,,,,,,,Arbejdskrafts tjenester,
958,Christinna Højholt,,,+4540517110,https://www.proff.dk/firma/christinna-h%C3%B8jholt/rungsted-kyst/arbejdskrafts-tjenester/0O2JTEI10LU,christinnahn@hotmail.com,,Du følger virksomheden,,,,OK,,,,,,,Arbejdskrafts tjenester,
959,"TalentMesh Danmark, Filial af Talent Mesh Pte. Ltd., Singapore",,,,https://www.proff.dk/firma/talentmesh-danmark-filial-af-talent-mesh-pte.-ltd.-singapore/k%C3%B8benhavn-%C3%B8/arbejdskrafts-tjenester/0QO2EDI10LU,philip@talentmesh.com,,Du følger virksomheden,,,,OK,,,,,,,Arbejdskrafts tjenester,
960,LARS BO KJELDSEN,,,+4540118704,https://www.proff.dk/firma/lars-bo-kjeldsen/aarhus-n/arbejdskrafts-tjenester/07ABB9I10LU,lbk@post6.tele.dk,,Du følger virksomheden,,,,OK,,,,,,,Arbejdskrafts tjenester,
961,Assenbjerggaard,,,+4575738398,https://www.proff.dk/firma/assenbjerggaard/give/arbejdskrafts-tjenester/07FIK9I10LU,aia@assenbjerg.dk,,Du følger virksomheden,,,,OK,,,,,,,Arbejdskrafts tjenester,
962,Insightments,,,,https://www.proff.dk/firma/insightments/r%C3%B8nde/arbejdskrafts-tjenester/0804PLI10LU,bo.fensbaek@mail.dk,,Du følger virksomheden,,,,OK,,,,,,,Arbejdskrafts tjenester,
963,Fidol Pharma,,,86800079,https://www.proff.dk/firma/fidol-pharma/silkeborg/arbejdskrafts-tjenester/08BT7PI10LU,n-b-t@dukamail.dk,,Du følger virksomheden,,,,OK,,,,,,,Arbejdskrafts tjenester,
964,TJJvirk,,,+4523713817,https://www.proff.dk/firma/tjjvirk/vordingborg/arbejdskrafts-tjenester/08N8MAI10LU,tjjvirk@outlook.dk,,Du følger virksomheden,,,,OK,,,,,,,Arbejdskrafts tjenester,
965,Roberts Multiservice,,,+4540427571,https://www.proff.dk/firma/roberts-multiservice/borre/arbejdskrafts-tjenester/08SQXFI10LU,robert-medin@hotmail.dk,,Du følger virksomheden,,,,OK,,,,,,,Arbejdskrafts tjenester,
966,Biomedica-Anpartsselskab,,,+4521631332,https://www.proff.dk/firma/biomedica-anpartsselskab/frederiksberg-c/arbejdskrafts-tjenester/092IZUI10LU,gunhildbaumbach@yahoo.dk,,Du følger virksomheden,,,,OK,,,,,,,Arbejdskrafts tjenester,
967,Biomedicare ApS,,,+4521631332,https://www.proff.dk/firma/biomedicare-aps/frederiksberg-c/arbejdskrafts-tjenester/09NGVOI10LU,gunhildbaumbach@yahoo.dk,,Du følger virksomheden,,,,OK,,,,,,,Arbejdskrafts tjenester,
968,JAVICA,,,+4524263543,https://www.proff.dk/firma/javica/glesborg/arbejdskrafts-tjenester/09YVCWI10LU,cvi8aa@gmail.com,,Du følger virksomheden,,,,OK,,,,,,,Arbejdskrafts tjenester,
969,Brüel Casting v/Stine Brüel,,,+4531650333,https://www.proff.dk/firma/br%C3%BCel-casting-vstine-br%C3%BCel/k%C3%B8benhavn-k/arbejdskrafts-tjenester/09Z1JFI10LU,stine@anothercc.dk,,Du følger virksomheden,,,,OK,,,,,,,Arbejdskrafts tjenester,
970,Aynion v/Oliver Dennis Sander Jensen,,,+4520563601,https://www.proff.dk/firma/aynion-voliver-dennis-sander-jensen/k%C3%B8benhavn-n/arbejdskrafts-tjenester/0A230EI10LU,oliver@aynion.dk,,Du følger virksomheden,,,,OK,,,,,,,Arbejdskrafts tjenester,
971,KORSHØJ,,,,https://www.proff.dk/firma/korsh%C3%B8j/helsinge/arbejdskrafts-tjenester/0A9U7BI10LU,korshojservice@gmail.com,,Du følger virksomheden,,,,OK,,,,,,,Arbejdskrafts tjenester,
972,Wredstrøm & Co v/Peter Wredstrøm,,,+4557800060,https://www.proff.dk/firma/wredstr%C3%B8m-co-vpeter-wredstr%C3%B8m/sor%C3%B8/arbejdskrafts-tjenester/0AC22BI10LU,peter@wco.dk,,Du følger virksomheden,,,,OK,,,,,,,Arbejdskrafts tjenester,
973,LARS BUCHHAVE,,,+4540134439,https://www.proff.dk/firma/lars-buchhave/s%C3%B8nderborg/arbejdskrafts-tjenester/0ASW2LI10LU,fuglsang@bbsyd.dk,,Du følger virksomheden,,,,OK,,,,,,,Arbejdskrafts tjenester,
974,Just Jobs,,,+4541168222,https://www.proff.dk/firma/just-jobs/lejre/arbejdskrafts-tjenester/0AT72HI10LU,justjobs@mail.dk,,Du følger virksomheden,,,,OK,,,,,,,Arbejdskrafts tjenester,
975,Copenhagen Staffing,,,,https://www.proff.dk/firma/copenhagen-staffing/k%C3%B8benhavn-sv/arbejdskrafts-tjenester/0AXVQII10LU,lh@staffing.dk,,Du følger virksomheden,,,,OK,,,,,,,Arbejdskrafts tjenester,
976,Alsøer Catering v/Henrik Landbo Bundgaard Alsøer,,,+4597711427,https://www.proff.dk/firma/als%C3%B8er-catering-vhenrik-landbo-bundgaard-als%C3%B8er/nyk%C3%B8bing-m/arbejdskrafts-tjenester/0B06EGI10LU,henrik.alsoer@morsoe.dk,,Du følger virksomheden,,,,OK,,,,,,,Arbejdskrafts tjenester,
977,Spottag & friends,,,40729964,https://www.proff.dk/firma/spottag-friends/birker%C3%B8d/arbejdskrafts-tjenester/0B2L4YI10LU,kjs@friends.dk,,Du følger virksomheden,,,,OK,,,,,,,Arbejdskrafts tjenester,
978,MS Consulting v/M Stasiewicz Rasmussen,,,,https://www.proff.dk/firma/ms-consulting-vm-stasiewicz-rasmussen/frederiksberg-c/arbejdskrafts-tjenester/0B7ZD2I10LU,translation@2heads.biz,,Du følger virksomheden,,,,OK,,,,,,,Arbejdskrafts tjenester,
979,MH-Vikar v/Maja Schmidt Hansen,,,,https://www.proff.dk/firma/mh-vikar-vmaja-schmidt-hansen/faaborg/arbejdskrafts-tjenester/0B8TLYI10LU,majashansen@mail.dk,,Du følger virksomheden,,,,OK,,,,,,,Arbejdskrafts tjenester,
980,EGGERS MANAGEMENT V/OTTO EGGERS,,,,https://www.proff.dk/firma/eggers-management-votto-eggers/%C3%A5lsg%C3%A5rde/arbejdskrafts-tjenester/0BCWW8I10LU,oheggers@eggers-management.dk,,Du følger virksomheden,,,,OK,,,,,,,Arbejdskrafts tjenester,
981,Jens Eriks Vikar,,,+4542793953,https://www.proff.dk/firma/jens-eriks-vikar/toftlund/arbejdskrafts-tjenester/0BDVTLI10LU,jenserikdumstrei@gmail.com,,Du følger virksomheden,,,,OK,,,,,,,Arbejdskrafts tjenester,
982,STP Work,,,,https://www.proff.dk/firma/stp-work/kolind/arbejdskrafts-tjenester/0BGF4II10LU,teamwecandoit@gmail.com,,Du følger virksomheden,,,,OK,,,,,,,Arbejdskrafts tjenester,
983,Ossians Pharma Service,,,,https://www.proff.dk/firma/ossians-pharma-service/drag%C3%B8r/arbejdskrafts-tjenester/0BGL6VI10LU,ossian@apomail.dk,,Du følger virksomheden,,,,OK,,,,,,,Arbejdskrafts tjenester,
984,Lokal vikaren,,,+4522870159,https://www.proff.dk/firma/lokal-vikaren/frederikssund/arbejdskrafts-tjenester/0BIA9VI10LU,olebartholdy@icloud.com,,Du følger virksomheden,,,,OK,,,,,,,Arbejdskrafts tjenester,
985,SRS Consultant,,,+4528356797,https://www.proff.dk/firma/srs-consultant/esbjerg-v/arbejdskrafts-tjenester/0BM1Y7I10LU,stenrohr@gmail.com,,Du følger virksomheden,,,,OK,,,,,,,Arbejdskrafts tjenester,
986,AKE Consult,,,,https://www.proff.dk/firma/ake-consult/auning/arbejdskrafts-tjenester/0BWJ3VI10LU,mail@akeconsult.dk,,Du følger virksomheden,,,,OK,,,,,,,Arbejdskrafts tjenester,
987,Team-Work,,,,https://www.proff.dk/firma/team-work/juelsminde/arbejdskrafts-tjenester/0C0IIGI10LU,teamdorthework@gmail.com,,Du følger virksomheden,,,,OK,,,,,,,Arbejdskrafts tjenester,
988,Sønderby Agro og Service,,,+4593396222,https://www.proff.dk/firma/s%C3%B8nderby-agro-og-service/frederikshavn/arbejdskrafts-tjenester/0C12ULI10LU,sonderbymink@gmail.com,,Du følger virksomheden,,,,OK,,,,,,,Arbejdskrafts tjenester,
989,wiebren-vikar,,,,https://www.proff.dk/firma/wiebren-vikar/gr%C3%A5sten/arbejdskrafts-tjenester/0C2CNOI10LU,wk2024@outlook.dk,,Du følger virksomheden,,,,OK,,,,,,,Arbejdskrafts tjenester,
990,norum,,,,https://www.proff.dk/firma/norum/herlev/arbejdskrafts-tjenester/0C5PZ3I10LU,peter@norum-career.dk,,Du følger virksomheden,,,,OK,,,,,,,Arbejdskrafts tjenester,
991,Gitte Damgaard Christensen,,,,https://www.proff.dk/firma/gitte-damgaard-christensen/k%C3%B8benhavn-%C3%B8/arbejdskrafts-tjenester/0CC10WI10LU,gitte@damgaardchristensen.dk,,Du følger virksomheden,,,,OK,,,,,,,Arbejdskrafts tjenester,
992,Cigno v/Jens Møller,,,+4551353622,https://www.proff.dk/firma/cigno-vjens-m%C3%B8ller/randers-nv/arbejdskrafts-tjenester/0CGUGVI10LU,jm@cigno.dk,,Du følger virksomheden,,,,OK,,,,,,,Arbejdskrafts tjenester,
993,Opstartjob,,,+4544184801,https://www.proff.dk/firma/opstartjob/skovlunde/arbejdskrafts-tjenester/0CHHI7I10LU,elisabeth5gall@gmail.com,,Du følger virksomheden,,,,OK,,,,,,,Arbejdskrafts tjenester,
994,En ekstra hånd v/John Nissen,,,+4522364579,https://www.proff.dk/firma/en-ekstra-h%C3%A5nd-vjohn-nissen/aarhus-c/arbejdskrafts-tjenester/0CIMJYI10LU,nissenstegnestue@hotmail.com,,Du følger virksomheden,,,,OK,,,,,,,Arbejdskrafts tjenester,
995,Kommunitas,,,+4541100177,https://www.proff.dk/firma/kommunitas/n%C3%A6stved/arbejdskrafts-tjenester/0CJ2P1I10LU,jacques@kommumitas.dk,,Du følger virksomheden,,,,OK,,,,,,,Arbejdskrafts tjenester,
996,EasySearch I/S,,,+4542784278,https://www.proff.dk/firma/easysearch-is/aller%C3%B8d/arbejdskrafts-tjenester/0COU1SI10LU,mko@easysearch.dk,,Du følger virksomheden,,,,OK,,,,,,,Arbejdskrafts tjenester,
997,Mark slot kragelund,,,+4540933158,https://www.proff.dk/firma/mark-slot-kragelund/vildbjerg/arbejdskrafts-tjenester/0CSAPHI10LU,kragelundmark@hotmail.com,,Du følger virksomheden,,,,OK,,,,,,,Arbejdskrafts tjenester,
998,BO RAMSKOV LISBJERG,,,,https://www.proff.dk/firma/bo-ramskov-lisbjerg/ringk%C3%B8bing/arbejdskrafts-tjenester/0CTWBII10LU,fam.lisbjerg@gmail.com,,Du følger virksomheden,,,,OK,,,,,,,Arbejdskrafts tjenester,
999,Populos,,,+4530718172,https://www.proff.dk/firma/populos/hinnerup/arbejdskrafts-tjenester/0D0IFLI10LU,rikkekrogh@populos.dk,,Du følger virksomheden,,,,OK,,,,,,,Arbejdskrafts tjenester,
1000,Vogelhaus Vikar,,,+4542162405,https://www.proff.dk/firma/vogelhaus-vikar/fredensborg/arbejdskrafts-tjenester/0D268LI10LU,cvvogel@icloud.com,,Du følger virksomheden,,,,OK,,,,,,,Arbejdskrafts tjenester,
1001,Lund Management,,,25402205,https://www.proff.dk/firma/lund-management/malling/arbejdskrafts-tjenester/0EVFHXI10LU,info@lund-management.dk,,Du følger virksomheden,,,,OK,,,,,,,Arbejdskrafts tjenester,
1002,Hornslet Flytteforretning,,,+4521661160,https://www.proff.dk/firma/hornslet-flytteforretning/hornslet/arbejdskrafts-tjenester/0EVXTFI10LU,budogflyt@gmail.com,,Du følger virksomheden,,,,OK,,,,,,,Arbejdskrafts tjenester,
1003,Skovs Freelance,,,+4560854641,https://www.proff.dk/firma/skovs-freelance/grindsted/arbejdskrafts-tjenester/0EVXYDI10LU,peterpoj@gmail.com,,Du følger virksomheden,,,,OK,,,,,,,Arbejdskrafts tjenester,
1004,hans s hansen,,,,https://www.proff.dk/firma/hans-s-hansen/hedehusene/arbejdskrafts-tjenester/0EWPR8I10LU,hshshs1206@gmail.com,,Du følger virksomheden,,,,OK,,,,,,,Arbejdskrafts tjenester,
1005,Hurecon v/Margaret Petersen,,,+4520495451,https://www.proff.dk/firma/hurecon-vmargaret-petersen/slangerup/arbejdskrafts-tjenester/0EYEGPI10LU,mp@hurecon.dk,,Du følger virksomheden,,,,OK,,,,,,,Arbejdskrafts tjenester,
1006,Tenet Consulting,,,,https://www.proff.dk/firma/tenet-consulting/%C3%A5byh%C3%B8j/arbejdskrafts-tjenester/0EYNG0I10LU,obkirk@protonmail.com,,Du følger virksomheden,,,,OK,,,,,,,Arbejdskrafts tjenester,
1007,Leon socialrådgiver konsulent,,,+4524242265,https://www.proff.dk/firma/leon-socialr%C3%A5dgiver-konsulent/middelfart/arbejdskrafts-tjenester/0EYPH3I10LU,leonaaskoven3@gmail.com,,Erhvervsstyrelsens signatur,,,,OK,,,,,,,Arbejdskrafts tjenester,
1008,Human Potential v/Sevim Djasferova,,,38342522,https://www.proff.dk/firma/human-potential-vsevim-djasferova/hellerup/arbejdskrafts-tjenester/0EYZVHI10LU,sd@humanpotential.nu,,Du følger virksomheden,,,,OK,,,,,,,Arbejdskrafts tjenester,
1009,link2link,,,,https://www.proff.dk/firma/link2link/galten/arbejdskrafts-tjenester/0F1O1CI10LU,link2link@outlook.dk,,Du følger virksomheden,,,,OK,,,,,,,Arbejdskrafts tjenester,
1010,Targeting v/Jeanette Juhlin,,,+4548421482,https://www.proff.dk/firma/targeting-vjeanette-juhlin/h%C3%B8rsholm/arbejdskrafts-tjenester/0F1UZZI10LU,info@targeting.dk,,Du følger virksomheden,,,,OK,,,,,,,Arbejdskrafts tjenester,
1011,det plus strandskatt briinger,,,,https://www.proff.dk/firma/det-plus-strandskatt-briinger/aalborg-%C3%B8st/arbejdskrafts-tjenester/0F3DNWI10LU,strandskatt@gmail.com,,Du følger virksomheden,,,,OK,,,,,,,Arbejdskrafts tjenester,
1012,Job Team Vestsjælland v/ Bo Bødker,,,+4531770201,https://www.proff.dk/firma/job-team-vestsj%C3%A6lland-v-bo-b%C3%B8dker/stenlille/arbejdskrafts-tjenester/0F3VXUI10LU,boboedker@mail.dk,,Du følger virksomheden,,,,OK,,,,,,,Arbejdskrafts tjenester,
1013,PJ-tec v/Preben Jensen,,,+4527633395,https://www.proff.dk/firma/pj-tec-vpreben-jensen/fars%C3%B8/arbejdskrafts-tjenester/0F5HBRI10LU,pj@pj-tec.dk,,Du følger virksomheden,,,,OK,,,,,,,Arbejdskrafts tjenester,
1014,Lind Konsulentservice,,,,https://www.proff.dk/firma/lind-konsulentservice/hals/arbejdskrafts-tjenester/0F5HGVI10LU,broberglind@gmail.com,,Du følger virksomheden,,,,OK,,,,,,,Arbejdskrafts tjenester,
1015,Greyheads K/S,,,+4530667687,https://www.proff.dk/firma/greyheads-ks/gr%C3%A6sted/arbejdskrafts-tjenester/0F78FKI10LU,palles@dlgmail.dk,,Du følger virksomheden,,,,OK,,,,,,,Arbejdskrafts tjenester,
1016,Mon Ami,,,+4526160023,https://www.proff.dk/firma/mon-ami/k%C3%B8benhavn-k/arbejdskrafts-tjenester/0F7G6SI10LU,rikke@monami.dk,,Du følger virksomheden,,,,OK,,,,,,,Arbejdskrafts tjenester,
1017,Morten Elbro,,,+4528580056,https://www.proff.dk/firma/morten-elbro/vestbjerg/arbejdskrafts-tjenester/0FB7TSI10LU,m.elbro@icloud.com,,Du følger virksomheden,,,,OK,,,,,,,Arbejdskrafts tjenester,
1018,WindAxis Engineering v/Hans Henrik Ehlers,,,+4529693458,https://www.proff.dk/firma/windaxis-engineering-vhans-henrik-ehlers/k%C3%B8benhavn-v/arbejdskrafts-tjenester/0FDSASI10LU,ehlerspm@gmail.com,,Du følger virksomheden,,,,OK,,,,,,,Arbejdskrafts tjenester,
1019,In-Out PLUSS,,,+4551547294,https://www.proff.dk/firma/in-out-pluss/k%C3%B8benhavn-%C3%B8/arbejdskrafts-tjenester/0FFGKEI10LU,ehf@in-out.dk,,Du følger virksomheden,,,,OK,,,,,,,Arbejdskrafts tjenester,
1020,Skjolds Ejendomsservice,,,,https://www.proff.dk/firma/skjolds-ejendomsservice/fredericia/arbejdskrafts-tjenester/0FGCAWI10LU,skjold34@gmail.com,,Du følger virksomheden,,,,OK,,,,,,,Arbejdskrafts tjenester,
1021,Den Jyske Daglejer v/Morten Mulvad,,,,https://www.proff.dk/firma/den-jyske-daglejer-vmorten-mulvad/nyk%C3%B8bing-m/arbejdskrafts-tjenester/0FGOUHI10LU,mortenmulvad1@gmail.com,,Du følger virksomheden,,,,OK,,,,,,,Arbejdskrafts tjenester,
1022,VM Boysen v/Morten Boysen,,,,https://www.proff.dk/firma/vm-boysen-vmorten-boysen/lundby/arbejdskrafts-tjenester/0FGZJ4I10LU,mortenboysen1@gmail.com,,Du følger virksomheden,,,,OK,,,,,,,Arbejdskrafts tjenester,
1023,Blume & Co,,,,https://www.proff.dk/firma/blume-co/vedb%C3%A6k/arbejdskrafts-tjenester/0FH1FGI10LU,rikke@blume-dam.dk,,Du følger virksomheden,,,,OK,,,,,,,Arbejdskrafts tjenester,
1024,Vikar- & Hjemmeservice Midt-Vest,,,,https://www.proff.dk/firma/vikar-hjemmeservice-midt-vest/holstebro/arbejdskrafts-tjenester/0FHD7RI10LU,bladbjerg@mail.dk,,Du følger virksomheden,,,,OK,,,,,,,Arbejdskrafts tjenester,
1025,Kimer consulting v/Tom Kimer,,,+4540810681,https://www.proff.dk/firma/kimer-consulting-vtom-kimer/nyk%C3%B8bing-f/arbejdskrafts-tjenester/0FHXSOI10LU,tom@kimer.dk,,Du følger virksomheden,,,,OK,,,,,,,Arbejdskrafts tjenester,
1026,ScanCoffee,,,+4532174188,https://www.proff.dk/firma/scancoffee/hvidovre/arbejdskrafts-tjenester/0FILOWI10LU,tw@scancoffee.dk,,Du følger virksomheden,,,,OK,,,,,,,Arbejdskrafts tjenester,
1027,Vinderup Kleinsmedie,,,+4524233351,https://www.proff.dk/firma/vinderup-kleinsmedie/vinderup/arbejdskrafts-tjenester/0FL17LI10LU,nielslibergren@hotmail.com,,Du følger virksomheden,,,,OK,,,,,,,Arbejdskrafts tjenester,
1028,Profil Search v/Claus Bjerring,,,+4586915013,https://www.proff.dk/firma/profil-search-vclaus-bjerring/hadsten/arbejdskrafts-tjenester/0FLDTCI10LU,cb@profilsearch.dk,,Du følger virksomheden,,,,OK,,,,,,,Arbejdskrafts tjenester,
1029,Frank Godbersen & Partners,,,,https://www.proff.dk/firma/frank-godbersen-partners/s%C3%B8nderborg/arbejdskrafts-tjenester/0FLYAMI10LU,fg@frankgodbersen.com,,Du følger virksomheden,,,,OK,,,,,,,Arbejdskrafts tjenester,
1030,Benama Trading v/Bendix Madsen,,,+4520145169,https://www.proff.dk/firma/benama-trading-vbendix-madsen/ans-by/arbejdskrafts-tjenester/0FMEXEI10LU,din.bogholder@gmail.com,,Du følger virksomheden,,,,OK,,,,,,,Arbejdskrafts tjenester,
1031,SorensenProducts,,,+4523311159,https://www.proff.dk/firma/sorensenproducts/middelfart/arbejdskrafts-tjenester/0FNHYGI10LU,nick.sorensen@mail.dk,,Du følger virksomheden,,,,OK,,,,,,,Arbejdskrafts tjenester,
1032,JobTeam Viborg,,,+4522720950,https://www.proff.dk/firma/jobteam-viborg/viborg/arbejdskrafts-tjenester/0FOB2II10LU,rhe@jobteam.dk,,Du følger virksomheden,,,,OK,,,,,,,Arbejdskrafts tjenester,
1033,NDL,,,,https://www.proff.dk/firma/ndl/frederikshavn/arbejdskrafts-tjenester/0FOO87I10LU,info@ndludvigsen.dk,,Du følger virksomheden,,,,OK,,,,,,,Arbejdskrafts tjenester,
1034,Søegaard Udslusning v/Mads Søegaard,,,+4520237065,https://www.proff.dk/firma/s%C3%B8egaard-udslusning-vmads-s%C3%B8egaard/h%C3%B8rve/arbejdskrafts-tjenester/0FPJS4I10LU,info@soegaard.nu,,Du følger virksomheden,,,,OK,,,,,,,Arbejdskrafts tjenester,
1035,Thorsteinsson & Sønner,,,,https://www.proff.dk/firma/thorsteinsson-s%C3%B8nner/esbjerg-%C3%B8/arbejdskrafts-tjenester/0FPZ58I10LU,loke@esenet.dk,,Du følger virksomheden,,,,OK,,,,,,,Arbejdskrafts tjenester,
1036,Sax Crew v/Stefan Benzon,,,+4551607070,https://www.proff.dk/firma/sax-crew-vstefan-benzon/h%C3%B8rsholm/arbejdskrafts-tjenester/0FRW4XI10LU,stben@mac.com,,Du følger virksomheden,,,,OK,,,,,,,Arbejdskrafts tjenester,
1037,pay back v/Dennis Sørensen,,,+4592159850,https://www.proff.dk/firma/pay-back-vdennis-s%C3%B8rensen/bindslev/arbejdskrafts-tjenester/0FS5KCI10LU,dennisnorspie@gmail.com,,Du følger virksomheden,,,,OK,,,,,,,Arbejdskrafts tjenester,
1038,Beko vikar,,,+4542757854,https://www.proff.dk/firma/beko-vikar/odder/arbejdskrafts-tjenester/0FUTRPI10LU,bektascan@live.dk,,Du følger virksomheden,,,,OK,,,,,,,Arbejdskrafts tjenester,
1039,T Thomsen,,,+4521269932,https://www.proff.dk/firma/t-thomsen/barrit/arbejdskrafts-tjenester/0FVH8ZI10LU,tntbarritgaard@gmail.com,,Du følger virksomheden,,,,OK,,,,,,,Arbejdskrafts tjenester,
1040,Jobperspektivet,,,,https://www.proff.dk/firma/jobperspektivet/r%C3%B8nnede/arbejdskrafts-tjenester/0FVIFQI10LU,sjp@jobperspektivet.dk,,Du følger virksomheden,,,,OK,,,,,,,Arbejdskrafts tjenester,
1041,Peters Chaufførservice,,,+4529882211,https://www.proff.dk/firma/peters-chauff%C3%B8rservice/nyk%C3%B8bing-m/arbejdskrafts-tjenester/0FWJ5WI10LU,petersandholt@hotmail.dk,,Du følger virksomheden,,,,OK,,,,,,,Arbejdskrafts tjenester,
1042,KVIK Regnskab v/Linda I. C. Sommer,,,+4551259224,https://www.proff.dk/firma/kvik-regnskab-vlinda-i.-c.-sommer/frederiksberg-c/arbejdskrafts-tjenester/0FY801I10LU,kvikregnskab@gmail.com,,Du følger virksomheden,,,,OK,,,,,,,Arbejdskrafts tjenester,
1043,TJ Vikar,,,+4553827766,https://www.proff.dk/firma/tj-vikar/broby/arbejdskrafts-tjenester/0FYXCTI10LU,thurijensen@hotmail.com,,Du følger virksomheden,,,,OK,,,,,,,Arbejdskrafts tjenester,
1044,vikarbureau og grafisk arbejde,,,+4542501773,https://www.proff.dk/firma/vikarbureau-og-grafisk-arbejde/albertslund/arbejdskrafts-tjenester/0FZMZ1I10LU,nikolasoops@gmail.com,,Du følger virksomheden,,,,OK,,,,,,,Arbejdskrafts tjenester,
1045,Kruse Consult/Topjobs of Scandinavia,,,+4522729800,https://www.proff.dk/firma/kruse-consulttopjobs-of-scandinavia/drag%C3%B8r/arbejdskrafts-tjenester/0FZPQJI10LU,kruseconsult@live.dk,,Du følger virksomheden,,,,OK,,,,,,,Arbejdskrafts tjenester,
1046,Esben Bjerg Olesen,,,+4521702096,https://www.proff.dk/firma/esben-bjerg-olesen/gredstedbro/arbejdskrafts-tjenester/0G0MAII10LU,esben@kebok.dk,,Du følger virksomheden,,,,OK,,,,,,,Arbejdskrafts tjenester,
1047,KP Service,,,,https://www.proff.dk/firma/kp-service/holstebro/arbejdskrafts-tjenester/0G0XB6I10LU,kpserviceaps@gmail.com,,Du følger virksomheden,,,,OK,,,,,,,Arbejdskrafts tjenester,
1048,Bogholderi v/Anne Thygesen,,,+4598581660,https://www.proff.dk/firma/bogholderi-vanne-thygesen/hadsund/arbejdskrafts-tjenester/0G0XMHI10LU,anne.bogholder@gmail.com,,Du følger virksomheden,,,,OK,,,,,,,Arbejdskrafts tjenester,
1049,Benny Bomstærk,,,+4521775259,https://www.proff.dk/firma/benny-bomst%C3%A6rk/r%C3%B8nne/arbejdskrafts-tjenester/0G1LP2I10LU,benny@5259.dk,,Du følger virksomheden,,,,OK,,,,,,,Arbejdskrafts tjenester,
1050,WeDoSearch,,,,https://www.proff.dk/firma/wedosearch/str%C3%B8by/arbejdskrafts-tjenester/0G1QR1I10LU,mail@wedosearch.dk,,Du følger virksomheden,,,,OK,,,,,,,Arbejdskrafts tjenester,
1051,FACITanalyse,,,,https://www.proff.dk/firma/facitanalyse/k%C3%B8benhavn-%C3%B8/arbejdskrafts-tjenester/0G1XGTI10LU,info@facitanalyse.dk,,Du følger virksomheden,,,,OK,,,,,,,Arbejdskrafts tjenester,
1052,Hamilton Manpower,,,+4570605096,https://www.proff.dk/firma/hamilton-manpower/frederikshavn/arbejdskrafts-tjenester/0G2S3RI10LU,cj@hamiltonmanpower.dk,,Du følger virksomheden,,,,OK,,,,,,,Arbejdskrafts tjenester,
1053,brighton,,,,https://www.proff.dk/firma/brighton/eg%C3%A5/arbejdskrafts-tjenester/0G452AI10LU,steen_fuhr@hotmail.com,,Du følger virksomheden,,,,OK,,,,,,,Arbejdskrafts tjenester,
1054,Connect Talents,,,+4520909001,https://www.proff.dk/firma/connect-talents/drag%C3%B8r/arbejdskrafts-tjenester/0G54LJI10LU,morten@heinpilgaard.dk,,Du følger virksomheden,,,,OK,,,,,,,Arbejdskrafts tjenester,
1055,STconsulting,,,+4526955508,https://www.proff.dk/firma/stconsulting/nyborg/arbejdskrafts-tjenester/0G58YZI10LU,snm@stconsulting.dk,,Du følger virksomheden,,,,OK,,,,,,,Arbejdskrafts tjenester,
1056,SCANDINAVIAN MANAGEMENT ApS,,,49141800,https://www.proff.dk/firma/scandinavian-management-aps/fredensborg/arbejdskrafts-tjenester/0G93PJI10LU,info@vikarpower.dk,,Du følger virksomheden,,,,OK,,,,,,,Arbejdskrafts tjenester,
1057,Reservetjener.dk,,,,https://www.proff.dk/firma/reservetjener.dk/k%C3%B8benhavn-%C3%B8/arbejdskrafts-tjenester/0G9LS8I10LU,maysix@protonmail.com,,Du følger virksomheden,,,,OK,,,,,,,Arbejdskrafts tjenester,
1058,Uni-Montage & Service,,,+562303,https://www.proff.dk/firma/uni-montage-service/qaqortoq/arbejdskrafts-tjenester/0G9RMYI10LU,unihenrik.montage@gmail.com,,Du følger virksomheden,,,,OK,,,,,,,Arbejdskrafts tjenester,
1059,Evolia,,,,https://www.proff.dk/firma/evolia/b%C3%B8rkop/arbejdskrafts-tjenester/0GB9U3I10LU,jan@evolia.dk,,Du følger virksomheden,,,,OK,,,,,,,Arbejdskrafts tjenester,
1060,FC Group,,,,https://www.proff.dk/firma/fc-group/helsing%C3%B8r/arbejdskrafts-tjenester/0GBDGEI10LU,info@flowcrew.dk,,Du følger virksomheden,,,,OK,,,,,,,Arbejdskrafts tjenester,
1061,CBB,,,45882959,https://www.proff.dk/firma/cbb/slangerup/arbejdskrafts-tjenester/0GC0DBI10LU,patrick@chubbys.dk,,Du følger virksomheden,,,,OK,,,,,,,Arbejdskrafts tjenester,
1062,Tanja Grunwald Casting v/Tanja M.G.,,,,https://www.proff.dk/firma/tanja-grunwald-casting-vtanja-m.g./k%C3%B8benhavn-k/arbejdskrafts-tjenester/0GCKUZI10LU,tanja@anothercc.dk,,Du følger virksomheden,,,,OK,,,,,,,Arbejdskrafts tjenester,
1063,Juul Inclusive,,,,https://www.proff.dk/firma/juul-inclusive/malling/arbejdskrafts-tjenester/0GCOB6I10LU,juul.annemette@gmail.com,,Du følger virksomheden,,,,OK,,,,,,,Arbejdskrafts tjenester,
1064,Alfa & Omega,,,+4521682866,https://www.proff.dk/firma/alfa-omega/nordhavn/arbejdskrafts-tjenester/0GEWU3I10LU,mj@alfaogomega.dk,,Du følger virksomheden,,,,OK,,,,,,,Arbejdskrafts tjenester,
1065,GS Consulting,,,,https://www.proff.dk/firma/gs-consulting/k%C3%B8benhavn-sv/arbejdskrafts-tjenester/0GFYKJI10LU,grane@steinrud.dk,,Du følger virksomheden,,,,OK,,,,,,,Arbejdskrafts tjenester,
1066,Gastrovikar,,,+4552644723,https://www.proff.dk/firma/gastrovikar/k%C3%B8benhavn-v/arbejdskrafts-tjenester/0GGDHLI10LU,jimramolle487@gmail.com,,Du følger virksomheden,,,,OK,,,,,,,Arbejdskrafts tjenester,
1067,Fischer & Company v/ Christine Fischer,,,+4572196417,https://www.proff.dk/firma/fischer-company-v-christine-fischer/vedb%C3%A6k/arbejdskrafts-tjenester/0GGTIEI10LU,c.fischer@fischer-co.dk,,Du følger virksomheden,,,,OK,,,,,,,Arbejdskrafts tjenester,
1068,Pilgaard Engros,,,+4570268726,https://www.proff.dk/firma/pilgaard-engros/viby-j/arbejdskrafts-tjenester/0GKDOYI10LU,allan@pilgaardengros.dk,,Du følger virksomheden,,,,OK,,,,,,,Arbejdskrafts tjenester,
1069,Vognmandens Vikar Bureau v/Michael Nickolas Wiese,,,,https://www.proff.dk/firma/vognmandens-vikar-bureau-vmichael-nickolas-wiese/hornslet/arbejdskrafts-tjenester/0GLVIWI10LU,vvb@vvb.nu,,Du følger virksomheden,,,,OK,,,,,,,Arbejdskrafts tjenester,
1070,Hd mandskab og nedbrydning,,,+4553966747,https://www.proff.dk/firma/hd-mandskab-og-nedbrydning/roslev/arbejdskrafts-tjenester/0GLX1CI10LU,nedbryder@gmail.com,,Du følger virksomheden,,,,OK,,,,,,,Arbejdskrafts tjenester,
1071,Asap Personaleservice v/ Susanne Tønder,,,+4543713434,https://www.proff.dk/firma/asap-personaleservice-v-susanne-t%C3%B8nder/karlslunde/arbejdskrafts-tjenester/0GOORKI10LU,sbt@asap.as,,Du følger virksomheden,,,,OK,,,,,,,Arbejdskrafts tjenester,
1072,Erhvervs Konsulenterne v/Britta Carstens Andersen,,,+4520927500,https://www.proff.dk/firma/erhvervs-konsulenterne-vbritta-carstens-andersen/k%C3%B8benhavn-k/arbejdskrafts-tjenester/0GS5D1I10LU,bc@erhvervs-konsulenterne.dk,,Du følger virksomheden,,,,OK,,,,,,,Arbejdskrafts tjenester,
1073,ReNovaTech,,,+4520743269,https://www.proff.dk/firma/renovatech/horsens/arbejdskrafts-tjenester/0GS5WAI10LU,renovatech@outlook.dk,,Du følger virksomheden,,,,OK,,,,,,,Arbejdskrafts tjenester,
1074,Vikraine I/S v/Jørgen Haugaard,,,,https://www.proff.dk/firma/vikraine-is-vj%C3%B8rgen-haugaard/tjele/arbejdskrafts-tjenester/0GSHEGI10LU,mail@vikraine.dk,,Du følger virksomheden,,,,OK,,,,,,,Arbejdskrafts tjenester,
1075,People Management Consulting & HeadSearch v/Henrik Møllevang Zarp,,,+4533328095,https://www.proff.dk/firma/people-management-consulting-headsearch-vhenrik-m%C3%B8llevang-zarp/vedb%C3%A6k/arbejdskrafts-tjenester/0GU1GVI10LU,hmz@pmconline.dk,,Du følger virksomheden,,,,OK,,,,,,,Arbejdskrafts tjenester,
1076,Vikarhjælpen v/Annette Falden Jensen,,,,https://www.proff.dk/firma/vikarhj%C3%A6lpen-vannette-falden-jensen/odder/arbejdskrafts-tjenester/0GWJKMI10LU,faldens@hotmail.com,,Du følger virksomheden,,,,OK,,,,,,,Arbejdskrafts tjenester,
1077,Black Squirrel Trading,,,+4528726428,https://www.proff.dk/firma/black-squirrel-trading/hesselager/arbejdskrafts-tjenester/0GY5V5I10LU,bst03@gmx.com,,Du følger virksomheden,,,,OK,,,,,,,Arbejdskrafts tjenester,
1078,Daar Blik & Rør,,,,https://www.proff.dk/firma/daar-blik-r%C3%B8r/sk%C3%A6lsk%C3%B8r/arbejdskrafts-tjenester/0GY6DJI10LU,sammi@daar.dk,,Du følger virksomheden,,,,OK,,,,,,,Arbejdskrafts tjenester,
1079,E. K. Service v/Esben Kammersgaard,,,+4540188085,https://www.proff.dk/firma/e.-k.-service-vesben-kammersgaard/hurup-thy/arbejdskrafts-tjenester/0GYAQZI10LU,esbenkammersgaard@gmail.com,,Du følger virksomheden,,,,OK,,,,,,,Arbejdskrafts tjenester,
1080,Christina Sommer - Psykologisk og Pædagogisk Rådgivning,,,+4531664661,https://www.proff.dk/firma/christina-sommer-psykologisk-og-p%C3%A6dagogisk-r%C3%A5dgivning/vejby/arbejdskrafts-tjenester/0GZKOWI10LU,info@christinasommer.dk,,Du følger virksomheden,,,,OK,,,,,,,Arbejdskrafts tjenester,
1081,Teamovation v/Bøje Elo Moustgaard,,,,https://www.proff.dk/firma/teamovation-vb%C3%B8je-elo-moustgaard/br%C3%B8nsh%C3%B8j/arbejdskrafts-tjenester/0GZRTRI10LU,bm@teamovation.dk,,Du følger virksomheden,,,,OK,,,,,,,Arbejdskrafts tjenester,
1082,Flextech,,,,https://www.proff.dk/firma/flextech/sindal/arbejdskrafts-tjenester/0GZSQ9I10LU,flextech1975@gmail.com,,Du følger virksomheden,,,,OK,,,,,,,Arbejdskrafts tjenester,
1083,Brunder Group,,,+4531246922,https://www.proff.dk/firma/brunder-group/jerslev-j/arbejdskrafts-tjenester/0H06EOI10LU,jesper.hk1@gmail.com,,Du følger virksomheden,,,,OK,,,,,,,Arbejdskrafts tjenester,
1084,Udviklingsfeltet.dk v/Ole Jørgensen,,,+4598343625,https://www.proff.dk/firma/udviklingsfeltet.dk-vole-j%C3%B8rgensen/gistrup/arbejdskrafts-tjenester/0H0FWWI10LU,ojo@eadania.dk,,Du følger virksomheden,,,,OK,,,,,,,Arbejdskrafts tjenester,
1085,LMJ,,,,https://www.proff.dk/firma/lmj/%C3%B8stervr%C3%A5/arbejdskrafts-tjenester/0H0R1QI10LU,mmellergaard@live.dk,,Du følger virksomheden,,,,OK,,,,,,,Arbejdskrafts tjenester,
1086,Boie & Nordstrøm,,,+4541776304,https://www.proff.dk/firma/boie-nordstr%C3%B8m/aarhus-c/arbejdskrafts-tjenester/0H0TDJI10LU,boie.nordstrom@gmail.com,,Du følger virksomheden,,,,OK,,,,,,,Arbejdskrafts tjenester,
1087,Hedelund v/Peter Overgaard Villumsen,,,,https://www.proff.dk/firma/hedelund-vpeter-overgaard-villumsen/kib%C3%A6k/arbejdskrafts-tjenester/0H1FTKI10LU,hpv@newmail.dk,,Du følger virksomheden,,,,OK,,,,,,,Arbejdskrafts tjenester,
1088,KR ISO Ressourcer,,,+4520968666,https://www.proff.dk/firma/kr-iso-ressourcer/%C3%B8rsted/arbejdskrafts-tjenester/0H1MHDI10LU,kresten.ravn@me.com,,Du følger virksomheden,,,,OK,,,,,,,Arbejdskrafts tjenester,
1089,Boligselskabet NORDJYLLAND Afd. 85,,,,https://www.proff.dk/firma/boligselskabet-nordjylland-afd.-85/hj%C3%B8rring/arbejdskrafts-tjenester/0H1V8HI10LU,bonord@bonord.dk,,Du følger virksomheden,,,,OK,,,,,,,Arbejdskrafts tjenester,
1090,Human Power v/Helle Jensen,,,+4570236372,https://www.proff.dk/firma/human-power-vhelle-jensen/k%C3%B8benhavn-k/arbejdskrafts-tjenester/0H249DI10LU,helle@human-power.dk,,Du følger virksomheden,,,,OK,,,,,,,Arbejdskrafts tjenester,
1091,BIbest v/ Mikkel Søndergaard,,,+4593938832,https://www.proff.dk/firma/bibest-v-mikkel-s%C3%B8ndergaard/sk%C3%B8rping/arbejdskrafts-tjenester/0H5WQFI10LU,mikkel@motelegense.dk,,Du følger virksomheden,,,,OK,,,,,,,Arbejdskrafts tjenester,
1092,schou's/ved knud schou,,,,https://www.proff.dk/firma/schousved-knud-schou/herning/arbejdskrafts-tjenester/0H7VUTI10LU,schouknud@gmail.com,,Du følger virksomheden,,,,OK,,,,,,,Arbejdskrafts tjenester,
1093,Gro Therp Casting,,,+4527127082,https://www.proff.dk/firma/gro-therp-casting/k%C3%B8benhavn-n/arbejdskrafts-tjenester/0H7VXAI10LU,gro@grotherpcasting.dk,,Du følger virksomheden,,,,OK,,,,,,,Arbejdskrafts tjenester,
1094,2mdservice,,,+4552536719,https://www.proff.dk/firma/2mdservice/drag%C3%B8r/arbejdskrafts-tjenester/0H88QFI10LU,2mdservice@gmail.com,,Du følger virksomheden,,,,OK,,,,,,,Arbejdskrafts tjenester,
1095,Hotvally Service,,,+4530202309,https://www.proff.dk/firma/hotvally-service/trustrup/arbejdskrafts-tjenester/0HA9TAI10LU,bovarmdal@gmail.com,,Du følger virksomheden,,,,OK,,,,,,,Arbejdskrafts tjenester,
1096,Jordy v/Jordy Vincent,,,+4586974466,https://www.proff.dk/firma/jordy-vjordy-vincent/haderslev/arbejdskrafts-tjenester/0HB7VMI10LU,vjo@stofanet.dk,,Du følger virksomheden,,,,OK,,,,,,,Arbejdskrafts tjenester,
1097,Bjerkvold Business Consulting,,,+4526709934,https://www.proff.dk/firma/bjerkvold-business-consulting/silkeborg/arbejdskrafts-tjenester/0HBB66I10LU,khdbjerkvold@hotmail.com,,Du følger virksomheden,,,,OK,,,,,,,Arbejdskrafts tjenester,
1098,AB Consult v/Allan Bjerre,,,,https://www.proff.dk/firma/ab-consult-vallan-bjerre/hiller%C3%B8d/arbejdskrafts-tjenester/0HBBC3I10LU,allanbjerre@yahoo.dk,,Du følger virksomheden,,,,OK,,,,,,,Arbejdskrafts tjenester,
1099,I/S Formidlingscenter Midtsjælland,,,+4557626262,https://www.proff.dk/firma/is-formidlingscenter-midtsj%C3%A6lland/ringsted/arbejdskrafts-tjenester/0HDDQ7I10LU,info@formidlingscenter.dk,,Du følger virksomheden,,,,OK,,,,,,,Arbejdskrafts tjenester,
1100,d j Vikar & Rekruttering,,,,https://www.proff.dk/firma/d-j-vikar-rekruttering/broager/arbejdskrafts-tjenester/0HGMGVI10LU,janjeppesen@hotmail.dk,,Du følger virksomheden,,,,OK,,,,,,,Arbejdskrafts tjenester,
1101,Soulution v/Gitte Vonsild,,,+4530911999,https://www.proff.dk/firma/soulution-vgitte-vonsild/k%C3%B8benhavn-k/arbejdskrafts-tjenester/0HIXULI10LU,info@gittevonsild.com,,Du følger virksomheden,,,,OK,,,,,,,Arbejdskrafts tjenester,
1102,"ASSESSIT AS, Filial af ASSESSIT AS, Norge",,,22151100,https://www.proff.dk/firma/assessit-as-filial-af-assessit-as-norge/k%C3%B8benhavn-k/arbejdskrafts-tjenester/0HKCCJI10LU,ahe@assessit.no,,Du følger virksomheden,,,,OK,,,,,,,Arbejdskrafts tjenester,
1103,Søren Axelsen,,,,https://www.proff.dk/firma/s%C3%B8ren-axelsen/silkeborg/arbejdskrafts-tjenester/0HN9CZI10LU,sax2007@ymail.com,,Du følger virksomheden,,,,OK,,,,,,,Arbejdskrafts tjenester,
1104,MindBuilder v/Elsebeth Vadskær Severinsen,,,+4528688336,https://www.proff.dk/firma/mindbuilder-velsebeth-vadsk%C3%A6r-severinsen/h%C3%B8jbjerg/arbejdskrafts-tjenester/0HNUDFI10LU,elsebeth@mindbuilder.dk,,Du følger virksomheden,,,,OK,,,,,,,Arbejdskrafts tjenester,
1105,Handy-Madsen Niels Leth Madsen,,,,https://www.proff.dk/firma/handy-madsen-niels-leth-madsen/odder/arbejdskrafts-tjenester/0HNUM5I10LU,nlm@cool.dk,,Du følger virksomheden,,,,OK,,,,,,,Arbejdskrafts tjenester,
1106,Tolstoy & Partners v/Peter Tolstoy,,,+4544956148,https://www.proff.dk/firma/tolstoy-partners-vpeter-tolstoy/farum/arbejdskrafts-tjenester/0HNWT6I10LU,gito@post9.tele.dk,,Du følger virksomheden,,,,OK,,,,,,,Arbejdskrafts tjenester,
1107,Tømrermester Damm,,,+4540910303,https://www.proff.dk/firma/t%C3%B8mrermester-damm/g%C3%B8rl%C3%B8se/arbejdskrafts-tjenester/0HO5LXI10LU,danieldamm0111@gmail.com,,Du følger virksomheden,,,,OK,,,,,,,Arbejdskrafts tjenester,
1108,JV.MULTISERVICE,,,+4550367381,https://www.proff.dk/firma/jv.multiservice/k%C3%B8benhavn-nv/arbejdskrafts-tjenester/0HP162I10LU,jespervulpius4@gmail.com,,Du følger virksomheden,,,,OK,,,,,,,Arbejdskrafts tjenester,
1109,MKR Consulting,,,+4553662073,https://www.proff.dk/firma/mkr-consulting/charlottenlund/arbejdskrafts-tjenester/0HP6TKI10LU,mgullacksen@gmail.com,,Du følger virksomheden,,,,OK,,,,,,,Arbejdskrafts tjenester,
1110,Hansen-Byg v/Thomas Hansen,,,+4522140087,https://www.proff.dk/firma/hansen-byg-vthomas-hansen/n%C3%B8rresundby/arbejdskrafts-tjenester/0HRY6QI10LU,hansenhuse@gmail.com,,Du følger virksomheden,,,,OK,,,,,,,Arbejdskrafts tjenester,
1111,R.moldt mandskabs udlejning,,,+4551892225,https://www.proff.dk/firma/r.moldt-mandskabs-udlejning/l%C3%B8gumkloster/arbejdskrafts-tjenester/0HSAXUI10LU,richardmoldt@gmail.com,,Du følger virksomheden,,,,OK,,,,,,,Arbejdskrafts tjenester,
1112,JBS Vinderrekruttering v/John Barenkop Sørensen,,,+4523701111,https://www.proff.dk/firma/jbs-vinderrekruttering-vjohn-barenkop-s%C3%B8rensen/frederiksberg-c/arbejdskrafts-tjenester/0HU52II10LU,john_b_sorensen@hotmail.com,,Du følger virksomheden,,,,OK,,,,,,,Arbejdskrafts tjenester,
1113,Dybdahl Coaching v/Lone Dybdahl,,,+4521760885,https://www.proff.dk/firma/dybdahl-coaching-vlone-dybdahl/dronninglund/arbejdskrafts-tjenester/0HUVVRI10LU,info@lonedybdahl.dk,,Du følger virksomheden,,,,OK,,,,,,,Arbejdskrafts tjenester,
1114,JJ Entreprise,,,+4520988658,https://www.proff.dk/firma/jj-entreprise/pr%C3%A6st%C3%B8/arbejdskrafts-tjenester/0HUZPII10LU,jean.snitily@mail.dk,,Du følger virksomheden,,,,OK,,,,,,,Arbejdskrafts tjenester,
1115,AP-SERVICE v/Allan Christian Pedersen,,,51962611,https://www.proff.dk/firma/ap-service-vallan-christian-pedersen/ringk%C3%B8bing/arbejdskrafts-tjenester/0HVBVZI10LU,pedersen.rkb@gmail.com,,Du følger virksomheden,,,,OK,,,,,,,Arbejdskrafts tjenester,
1116,maler og mandskabsudlejning,,,+4540884951,https://www.proff.dk/firma/maler-og-mandskabsudlejning/randers-n%C3%B8/arbejdskrafts-tjenester/0HVCZ9I10LU,danielpank1@hotmail.com,,Du følger virksomheden,,,,OK,,,,,,,Arbejdskrafts tjenester,
1117,HTK Consult,,,+4530137513,https://www.proff.dk/firma/htk-consult/lunderskov/arbejdskrafts-tjenester/0HVKADI10LU,helene.tersboel1@gmail.com,,Du følger virksomheden,,,,OK,,,,,,,Arbejdskrafts tjenester,
1118,Nye Perspektiver,,,,https://www.proff.dk/firma/nye-perspektiver/vejle/arbejdskrafts-tjenester/0HX48HI10LU,mail@nyeperspektiver.dk,,Du følger virksomheden,,,,OK,,,,,,,Arbejdskrafts tjenester,
1119,EEGInstitute - v/ Jette Myglegaard,,,,https://www.proff.dk/firma/eeginstitute-v-jette-myglegaard/hirtshals/arbejdskrafts-tjenester/0HX8O6I10LU,jm@eeginstitute.dk,,Du følger virksomheden,,,,OK,,,,,,,Arbejdskrafts tjenester,
1120,Erik Nygaard Pedersen,,,+4597187305,https://www.proff.dk/firma/erik-nygaard-pedersen/brande/arbejdskrafts-tjenester/0HYE43I10LU,connyogerik@mail.tele.dk,,Du følger virksomheden,,,,OK,,,,,,,Arbejdskrafts tjenester,
1121,JLB CARE,,,,https://www.proff.dk/firma/jlb-care/havdrup/arbejdskrafts-tjenester/0HZKB6I10LU,lund_78@hotmail.com,,Du følger virksomheden,,,,OK,,,,,,,Arbejdskrafts tjenester,
1122,W.A. Service v/Claus W.G. Axelsen,,,+4597181007,https://www.proff.dk/firma/w.a.-service-vclaus-w.g.-axelsen/brande/arbejdskrafts-tjenester/0HZNRTI10LU,alkaerlund@mail.dk,,Du følger virksomheden,,,,OK,,,,,,,Arbejdskrafts tjenester,
1123,m.b.j trading v/Michael Bjarne Jensen,,,+4522758560,https://www.proff.dk/firma/m.b.j-trading-vmichael-bjarne-jensen/kolding/arbejdskrafts-tjenester/0HZQRXI10LU,milka@mail.dk,,Du følger virksomheden,,,,OK,,,,,,,Arbejdskrafts tjenester,
1124,Randers vikar og rekruttering,,,,https://www.proff.dk/firma/randers-vikar-og-rekruttering/randers-c/arbejdskrafts-tjenester/0I1G89I10LU,akr@jobteam.dk,,Du følger virksomheden,,,,OK,,,,,,,Arbejdskrafts tjenester,
1125,Kjær & Elite Rekruttering,,,,https://www.proff.dk/firma/kj%C3%A6r-elite-rekruttering/risskov/arbejdskrafts-tjenester/0I1GSAI10LU,pk@eliterekruttering.dk,,Du følger virksomheden,,,,OK,,,,,,,Arbejdskrafts tjenester,
1126,Beirholm Search & Selection v/Hanne Uldall Beirholm,,,,https://www.proff.dk/firma/beirholm-search-selection-vhanne-uldall-beirholm/hellerup/arbejdskrafts-tjenester/0I1IK0I10LU,hb@beirholmsearch.dk,,Du følger virksomheden,,,,OK,,,,,,,Arbejdskrafts tjenester,
1127,FA Service,,,,https://www.proff.dk/firma/fa-service/holstebro/arbejdskrafts-tjenester/0I21K2I10LU,ronni@foghandersson.dk,,Du følger virksomheden,,,,OK,,,,,,,Arbejdskrafts tjenester,
1128,Holmgaard Management,,,+4570266144,https://www.proff.dk/firma/holmgaard-management/k%C3%B8benhavn-k/arbejdskrafts-tjenester/0I388XI10LU,info@holmgaardmanagement.dk,,Du følger virksomheden,,,,OK,,,,,,,Arbejdskrafts tjenester,
1129,L N Vikar Service v/Lasse Nielsen,,,+4521680542,https://www.proff.dk/firma/l-n-vikar-service-vlasse-nielsen/vodskov/arbejdskrafts-tjenester/0I3QD9I10LU,lasse@ln-vikarservice.dk,,Du følger virksomheden,,,,OK,,,,,,,Arbejdskrafts tjenester,
1130,Harrild Holding ApS,,,+4570208420,https://www.proff.dk/firma/harrild-holding-aps/vejle-%C3%B8st/arbejdskrafts-tjenester/0I8830I10LU,123algefri@123algefri.dk,,Du følger virksomheden,,,,OK,,,,,,,Arbejdskrafts tjenester,
1131,Jørry Plantage,,,+4541171987,https://www.proff.dk/firma/j%C3%B8rry-plantage/n%C3%B8rre-snede/arbejdskrafts-tjenester/0I8SK4I10LU,overytoft@hotmail.com,,Du følger virksomheden,,,,OK,,,,,,,Arbejdskrafts tjenester,
1132,Dorte Wiene,,,+4528914047,https://www.proff.dk/firma/dorte-wiene/n%C3%A6rum/arbejdskrafts-tjenester/0IAXHCI10LU,dortewiene@gmail.com,,Du følger virksomheden,,,,OK,,,,,,,Arbejdskrafts tjenester,
1133,Steendahl Management v/Sven Stendahl,,,+4551346386,https://www.proff.dk/firma/steendahl-management-vsven-stendahl/glostrup/arbejdskrafts-tjenester/0IAZ6OI10LU,info@steendahl-management.dk,,Du følger virksomheden,,,,OK,,,,,,,Arbejdskrafts tjenester,
1134,Marcel Service v/Martinus E. van Kippersluis,,,+4573833040,https://www.proff.dk/firma/marcel-service-vmartinus-e.-van-kippersluis/toftlund/arbejdskrafts-tjenester/0IB88VI10LU,marcelvankipperluis@hotmail.com,,Du følger virksomheden,,,,OK,,,,,,,Arbejdskrafts tjenester,
1135,Weppler Consulting v/Tine Weppler,,,+4520468228,https://www.proff.dk/firma/weppler-consulting-vtine-weppler/valby/arbejdskrafts-tjenester/0IBCHRI10LU,claus@weppler.dk,,Du følger virksomheden,,,,OK,,,,,,,Arbejdskrafts tjenester,
1136,MLI Account Service v/ Ellen-Margrethe Lillelund,,,+4525145263,https://www.proff.dk/firma/mli-account-service-v-ellen-margrethe-lillelund/n%C3%A6rum/arbejdskrafts-tjenester/0IBOYII10LU,info@mliaccount.dk,,Du følger virksomheden,,,,OK,,,,,,,Arbejdskrafts tjenester,
1137,Nuni Consult,,,+4540512462,https://www.proff.dk/firma/nuni-consult/br%C3%B8nsh%C3%B8j/arbejdskrafts-tjenester/0IBWW3I10LU,nuni@nuni.dk,,Du følger virksomheden,,,,OK,,,,,,,Arbejdskrafts tjenester,
1138,Jysk Rekruttering,,,+4524897262,https://www.proff.dk/firma/jysk-rekruttering/bindslev/arbejdskrafts-tjenester/0IDIKAI10LU,info@jyre.dk,,Du følger virksomheden,,,,OK,,,,,,,Arbejdskrafts tjenester,
1139,Super Ren,,,+4544666333,https://www.proff.dk/firma/super-ren/skovlunde/arbejdskrafts-tjenester/0IDKZNI10LU,kontakt@super-ren.dk,,Du følger virksomheden,,,,OK,,,,,,,Arbejdskrafts tjenester,
1140,InnovaCon v/ Sara S. Jabr,,,+4522926961,https://www.proff.dk/firma/innovacon-v-sara-s.-jabr/frederiksberg/arbejdskrafts-tjenester/0IDLZII10LU,sjk@innovacon.dk,,Du følger virksomheden,,,,OK,,,,,,,Arbejdskrafts tjenester,
1141,DR Service,,,+4531430357,https://www.proff.dk/firma/dr-service/ballerup/arbejdskrafts-tjenester/0IDZ4JI10LU,dennisneble84@gmail.com,,Du følger virksomheden,,,,OK,,,,,,,Arbejdskrafts tjenester,
1142,Damgård Skårup v/Torben Lund-Larsen,,,+4540582359,https://www.proff.dk/firma/damg%C3%A5rd-sk%C3%A5rup-vtorben-lund-larsen/sk%C3%A5rup-fyn/arbejdskrafts-tjenester/0IF0CTI10LU,torben@lund-larsen.com,,Du følger virksomheden,,,,OK,,,,,,,Arbejdskrafts tjenester,
1143,STORBJERG Search & Selection v/Steen Nielsen,,,,https://www.proff.dk/firma/storbjerg-search-selection-vsteen-nielsen/r%C3%B8dovre/arbejdskrafts-tjenester/0IFA7MI10LU,steen@storbjergsearch.dk,,Du følger virksomheden,,,,OK,,,,,,,Arbejdskrafts tjenester,
1144,Human talents v/ Ann Fynbo,,,+4526100900,https://www.proff.dk/firma/human-talents-v-ann-fynbo/horsens/arbejdskrafts-tjenester/0IFOTII10LU,mail@annfynbo.dk,,Du følger virksomheden,,,,OK,,,,,,,Arbejdskrafts tjenester,
1145,Schou Tvenge Coach og Consult v/ Birgit Schou Tvenge,,,+4527855410,https://www.proff.dk/firma/schou-tvenge-coach-og-consult-v-birgit-schou-tvenge/kirke-hyllinge/arbejdskrafts-tjenester/0IIHOOI10LU,schoutvenge@gmail.com,,Du følger virksomheden,,,,OK,,,,,,,Arbejdskrafts tjenester,
1146,DAN POL v/Ewa Magdalena Hansen,,,+4575732181,https://www.proff.dk/firma/dan-pol-vewa-magdalena-hansen/give/arbejdskrafts-tjenester/0IJ251I10LU,ewa@web4me.dk,,Du følger virksomheden,,,,OK,,,,,,,Arbejdskrafts tjenester,
1147,D-UC.DK (Danish-Ukrainian Connections) v/Viktoria Pydorenko,,,+4597129297,https://www.proff.dk/firma/d-uc.dk-danish-ukrainian-connections-vviktoria-pydorenko/herning/arbejdskrafts-tjenester/0IJ47BI10LU,d-uc@d-uc.dk,,Du følger virksomheden,,,,OK,,,,,,,Arbejdskrafts tjenester,
1148,City 5610 Service,,,,https://www.proff.dk/firma/city-5610-service/assens/arbejdskrafts-tjenester/0IJGT6I10LU,frankpetersens@hotmail.com,,Du følger virksomheden,,,,OK,,,,,,,Arbejdskrafts tjenester,
1149,Michelsen HR I/S,,,+4529643880,https://www.proff.dk/firma/michelsen-hr-is/sk%C3%B8dstrup/arbejdskrafts-tjenester/0IL5PQI10LU,karin@michelsen-hr.dk,,Du følger virksomheden,,,,OK,,,,,,,Arbejdskrafts tjenester,
1150,SH-EL VIKARSERVICE,,,,https://www.proff.dk/firma/sh-el-vikarservice/nibe/arbejdskrafts-tjenester/0INB6AI10LU,sh-el@outlook.dk,,Du følger virksomheden,,,,OK,,,,,,,Arbejdskrafts tjenester,
1151,Skytt Ejendomme,,,+4520674030,https://www.proff.dk/firma/skytt-ejendomme/vorbasse/arbejdskrafts-tjenester/0INZRPI10LU,steffenskytt@gmail.com,,Du følger virksomheden,,,,OK,,,,,,,Arbejdskrafts tjenester,
1152,Rikke Kjær,,,+4553536500,https://www.proff.dk/firma/rikke-kj%C3%A6r/k%C3%B8benhavn-%C3%B8/arbejdskrafts-tjenester/0IO2YCI10LU,mail@rikkekjaer.dk,,Du følger virksomheden,,,,OK,,,,,,,Arbejdskrafts tjenester,
1153,Ankjaer Search & Select v/Anne Lene Ankjær,,,+4530535010,https://www.proff.dk/firma/ankjaer-search-select-vanne-lene-ankj%C3%A6r/pr%C3%A6st%C3%B8/arbejdskrafts-tjenester/0IOI6AI10LU,al@ankjaersearch.com,,Du følger virksomheden,,,,OK,,,,,,,Arbejdskrafts tjenester,
1154,Pædagogisk Vikarservice v/Marianne Hvidbjerg,,,,https://www.proff.dk/firma/p%C3%A6dagogisk-vikarservice-vmarianne-hvidbjerg/herning/arbejdskrafts-tjenester/0IP69XI10LU,post@pvservice.dk,,Du følger virksomheden,,,,OK,,,,,,,Arbejdskrafts tjenester,
1155,My life my choice,,,+4553375909,https://www.proff.dk/firma/my-life-my-choice/roskilde/arbejdskrafts-tjenester/0IQEM7I10LU,dianameggele@gmail.com,,Du følger virksomheden,,,,OK,,,,,,,Arbejdskrafts tjenester,
1156,Anita-Hjælp v/Anita Ring Larsen,,,+4553287775,https://www.proff.dk/firma/anita-hj%C3%A6lp-vanita-ring-larsen/r%C3%B8nne/arbejdskrafts-tjenester/0IRGKQI10LU,akut@live.dk,,Du følger virksomheden,,,,OK,,,,,,,Arbejdskrafts tjenester,
1157,Fjernsynet/Den Blå Kamel,,,+4550713048,https://www.proff.dk/firma/fjernsynetden-bl%C3%A5-kamel/gr%C3%A6sted/arbejdskrafts-tjenester/0IS6KII10LU,andrea.vergara@live.dk,,Du følger virksomheden,,,,OK,,,,,,,Arbejdskrafts tjenester,
1158,Frog,,,,https://www.proff.dk/firma/frog/harpelunde/arbejdskrafts-tjenester/0ISLWYI10LU,lukas.denmark@icloud.com,,Du følger virksomheden,,,,OK,,,,,,,Arbejdskrafts tjenester,
1159,Frank Johannes Hauswald,,,+4526761000,https://www.proff.dk/firma/frank-johannes-hauswald/eg%C3%A5/arbejdskrafts-tjenester/0IV27MI10LU,hauswald@hotmail.com,,Du følger virksomheden,,,,OK,,,,,,,Arbejdskrafts tjenester,
1160,MosdalPlus,,,,https://www.proff.dk/firma/mosdalplus/aarhus-c/arbejdskrafts-tjenester/0IWBCLI10LU,finn@mosdalplus.dk,,Du følger virksomheden,,,,OK,,,,,,,Arbejdskrafts tjenester,
1161,Hansen Responz v/Jan K Hansen,,,20134725,https://www.proff.dk/firma/hansen-responz-vjan-k-hansen/fredericia/arbejdskrafts-tjenester/0IXJ3WI10LU,hansenresponz@gmail.com,,Du følger virksomheden,,,,OK,,,,,,,Arbejdskrafts tjenester,
1162,LOBPA,,,+4570123012,https://www.proff.dk/firma/lobpa/taastrup/arbejdskrafts-tjenester/0IXN1II10LU,info@lobpa.dk,,Du følger virksomheden,,,,OK,,,,,,,Arbejdskrafts tjenester,
1163,MB Vikar & Maskinservice,,,,https://www.proff.dk/firma/mb-vikar-maskinservice/aabybro/arbejdskrafts-tjenester/0IYFGOI10LU,mads.stenfeldt@gmail.com,,Du følger virksomheden,,,,OK,,,,,,,Arbejdskrafts tjenester,
1164,A1 VIKAR S.M.B.A.,,,+4531150062,https://www.proff.dk/firma/a1-vikar-s.m.b.a./n%C3%A6stved/arbejdskrafts-tjenester/0IZ9WWI10LU,a1vikar@stofanet.dk,,Du følger virksomheden,,,,OK,,,,,,,Arbejdskrafts tjenester,
1165,EX Consulting,,,+4540153410,https://www.proff.dk/firma/ex-consulting/charlottenlund/arbejdskrafts-tjenester/0J02FSI10LU,janbo.nielsen@gmail.com,,Du følger virksomheden,,,,OK,,,,,,,Arbejdskrafts tjenester,
1166,N.B.Trading And Manpower,,,+4561786854,https://www.proff.dk/firma/n.b.trading-and-manpower/b%C3%A6kke/arbejdskrafts-tjenester/0J0XLEI10LU,nielsjensen688@gmail.com,,Du følger virksomheden,,,,OK,,,,,,,Arbejdskrafts tjenester,
1167,Hoppesdal v/Martin Aunsbjerg Nielsen,,,22881402,https://www.proff.dk/firma/hoppesdal-vmartin-aunsbjerg-nielsen/kolding/arbejdskrafts-tjenester/0J466QI10LU,martin@hoppesdal.dk,,Du følger virksomheden,,,,OK,,,,,,,Arbejdskrafts tjenester,
1168,TwoHearts,,,,https://www.proff.dk/firma/twohearts/k%C3%B8ge/arbejdskrafts-tjenester/0J4CJEI10LU,heidi@twohearts.dk,,Du følger virksomheden,,,,OK,,,,,,,Arbejdskrafts tjenester,
1169,Jette Larson Consulting,,,,https://www.proff.dk/firma/jette-larson-consulting/ebeltoft/arbejdskrafts-tjenester/0J4MOUI10LU,jettelarson@gmail.com,,Du følger virksomheden,,,,OK,,,,,,,Arbejdskrafts tjenester,
1170,EI ADVISOR,,,,https://www.proff.dk/firma/ei-advisor/klampenborg/arbejdskrafts-tjenester/0J72DBI10LU,skh@eiadvisor.dk,,Du følger virksomheden,,,,OK,,,,,,,Arbejdskrafts tjenester,
1171,JAN DITTMER ApS,,,+4540509158,https://www.proff.dk/firma/jan-dittmer-aps/bagsv%C3%A6rd/arbejdskrafts-tjenester/0JB9ZTI10LU,jan.aare.dittmer@webspeed.dk,,Du følger virksomheden,,,,OK,,,,,,,Arbejdskrafts tjenester,
1172,Cassar Consulting v/Preben Juhl Cassar,,,+4540704143,https://www.proff.dk/firma/cassar-consulting-vpreben-juhl-cassar/aarhus-c/arbejdskrafts-tjenester/0JCMU4I10LU,preben.juhl.cassar@gmail.com,,Du følger virksomheden,,,,OK,,,,,,,Arbejdskrafts tjenester,
1173,Job-Aim v/Kim Bille Olsen,,,+4531626229,https://www.proff.dk/firma/job-aim-vkim-bille-olsen/holb%C3%A6k/arbejdskrafts-tjenester/0JED0HI10LU,kibo@outlook.dk,,Du følger virksomheden,,,,OK,,,,,,,Arbejdskrafts tjenester,
1174,Nordstjernen-terapi,,,+4527504023,https://www.proff.dk/firma/nordstjernen-terapi/svendborg/arbejdskrafts-tjenester/0JEXWDI10LU,birch-oemand@sydfynsmail.dk,,Du følger virksomheden,,,,OK,,,,,,,Arbejdskrafts tjenester,
1175,Quality solutions,,,+4526143319,https://www.proff.dk/firma/quality-solutions/k%C3%B8benhavn-s/arbejdskrafts-tjenester/0JGIEDI10LU,amelevi_hounou@hotmail.com,,Du følger virksomheden,,,,OK,,,,,,,Arbejdskrafts tjenester,
1176,KE Produkt og kran,,,+4552481289,https://www.proff.dk/firma/ke-produkt-og-kran/helsing%C3%B8r/arbejdskrafts-tjenester/0JHL32I10LU,kasperberiksen@gmail.com,,Du følger virksomheden,,,,OK,,,,,,,Arbejdskrafts tjenester,
1177,Kommune Konsulenterne,,,+4593304050,https://www.proff.dk/firma/kommune-konsulenterne/n%C3%B8rresundby/arbejdskrafts-tjenester/0JJBTGI10LU,bogholderi@kommunekonsulenterne.dk,,Du følger virksomheden,,,,OK,,,,,,,Arbejdskrafts tjenester,
1178,ASK Headhunting,,,+4523986144,https://www.proff.dk/firma/ask-headhunting/%C3%A5byh%C3%B8j/arbejdskrafts-tjenester/0JK799I10LU,ask@askheadhunting.dk,,Du følger virksomheden,,,,OK,,,,,,,Arbejdskrafts tjenester,
1179,HORNSLET v/Thomas Hornslet,,,+4539652829,https://www.proff.dk/firma/hornslet-vthomas-hornslet/gentofte/arbejdskrafts-tjenester/0JKF3RI10LU,thomas.hornslet@gmail.com,,Du følger virksomheden,,,,OK,,,,,,,Arbejdskrafts tjenester,
1180,Searchkompagniet,,,+4524888709,https://www.proff.dk/firma/searchkompagniet/holte/arbejdskrafts-tjenester/0JKIXSI10LU,jr@searchkompagniet.dk,,Du følger virksomheden,,,,OK,,,,,,,Arbejdskrafts tjenester,
1181,CiCoor Sourcing ApS,,,+4570207394,https://www.proff.dk/firma/cicoor-sourcing-aps/taastrup/arbejdskrafts-tjenester/0JKWKMI10LU,cec@christiansen-medico.dk,,Du følger virksomheden,,,,OK,,,,,,,Arbejdskrafts tjenester,
1182,Carina Herschend,,,,https://www.proff.dk/firma/carina-herschend/haslev/arbejdskrafts-tjenester/0JLH70I10LU,jacobsen.carina@gmail.com,,Du følger virksomheden,,,,OK,,,,,,,Arbejdskrafts tjenester,
1183,Dextime,,,,https://www.proff.dk/firma/dextime/silkeborg/arbejdskrafts-tjenester/0JMUFKI10LU,tj5370@gmail.com,,Du følger virksomheden,,,,OK,,,,,,,Arbejdskrafts tjenester,
1184,Brilliant Minds,,,+4553603505,https://www.proff.dk/firma/brilliant-minds/nyborg/arbejdskrafts-tjenester/0JNCA7I10LU,lonethebone@gmail.com,,Du følger virksomheden,,,,OK,,,,,,,Arbejdskrafts tjenester,
1185,Storms,,,+4591888122,https://www.proff.dk/firma/storms/k%C3%B8benhavn-nv/arbejdskrafts-tjenester/0JQYENI10LU,sms1989@outlook.dk,,Du følger virksomheden,,,,OK,,,,,,,Arbejdskrafts tjenester,
1186,Torben Vogt Consult,,,,https://www.proff.dk/firma/torben-vogt-consult/pr%C3%A6st%C3%B8/arbejdskrafts-tjenester/0JS61YI10LU,torben_vogt@hotmail.com,,Du følger virksomheden,,,,OK,,,,,,,Arbejdskrafts tjenester,
1187,MH GROUP,,,+4522526866,https://www.proff.dk/firma/mh-group/viby-j/arbejdskrafts-tjenester/0JTY41I10LU,mortenhytting@hotmail.dk,,Du følger virksomheden,,,,OK,,,,,,,Arbejdskrafts tjenester,
1188,Lindskov Consulting,,,+4527821399,https://www.proff.dk/firma/lindskov-consulting/fredericia/arbejdskrafts-tjenester/0JUKT0I10LU,dplkr001@gmail.com,,Du følger virksomheden,,,,OK,,,,,,,Arbejdskrafts tjenester,
1189,Dorte Glerup,,,+4551503355,https://www.proff.dk/firma/dorte-glerup/slagelse/arbejdskrafts-tjenester/0JWLLLI10LU,reimerglerup@gmail.com,,Du følger virksomheden,,,,OK,,,,,,,Arbejdskrafts tjenester,
1190,EN NY START S.M.B.A.,,,+4522940096,https://www.proff.dk/firma/en-ny-start-s.m.b.a./k%C3%B8ge/arbejdskrafts-tjenester/0K05V3I10LU,thomas@turnup.dk,,Du følger virksomheden,,,,OK,,,,,,,Arbejdskrafts tjenester,
1191,CPH Management Consulting Club,,,+4531391131,https://www.proff.dk/firma/cph-management-consulting-club/frederiksberg/arbejdskrafts-tjenester/0K0BDVI10LU,hmc@cphmcc.com,,Du følger virksomheden,,,,OK,,,,,,,Arbejdskrafts tjenester,
1192,Bilfinger Nuclear & Energy Transition GmbH,,,,https://www.proff.dk/firma/bilfinger-nuclear-energy-transition-gmbh/k%C3%B8benhavn-k/arbejdskrafts-tjenester/0K4O5XI10LU,vb@handelskammer.dk,,Du følger virksomheden,,,,OK,,,,,,,Arbejdskrafts tjenester,
1193,ML Consulting v/Miroslawa Zofia Lauridsen,,,+4540741007,https://www.proff.dk/firma/ml-consulting-vmiroslawa-zofia-lauridsen/n%C3%A6stved/arbejdskrafts-tjenester/0K5ANPI10LU,zofia.lauridsen@gmail.com,,Du følger virksomheden,,,,OK,,,,,,,Arbejdskrafts tjenester,
1194,Maria Malling,,,+4526849433,https://www.proff.dk/firma/maria-malling/frederiksberg/arbejdskrafts-tjenester/0K5AZ0I10LU,maria@mariamalling.dk,,Du følger virksomheden,,,,OK,,,,,,,Arbejdskrafts tjenester,
1195,Henriette Bekker Consult,,,+4521969563,https://www.proff.dk/firma/henriette-bekker-consult/stenl%C3%B8se/arbejdskrafts-tjenester/0K6YZKI10LU,jultrading@yahoo.dk,,Du følger virksomheden,,,,OK,,,,,,,Arbejdskrafts tjenester,
1196,Agile Search,,,+4591838839,https://www.proff.dk/firma/agile-search/tilst/arbejdskrafts-tjenester/0K7874I10LU,cagrihank@gmail.com,,Du følger virksomheden,,,,OK,,,,,,,Arbejdskrafts tjenester,
1197,Aase-Line Dahle,,,+4561689779,https://www.proff.dk/firma/aase-line-dahle/charlottenlund/arbejdskrafts-tjenester/0K7K2MI10LU,dahle_aase-line@mail.tele.dk,,Du følger virksomheden,,,,OK,,,,,,,Arbejdskrafts tjenester,
1198,RK Naturpleje,,,,https://www.proff.dk/firma/rk-naturpleje/m%C3%B8ldrup/arbejdskrafts-tjenester/0K9BRBI10LU,rkristensen2526@gmail.com,,Du følger virksomheden,,,,OK,,,,,,,Arbejdskrafts tjenester,
1199,ChangeMakers,,,+4553112540,https://www.proff.dk/firma/changemakers/aarhus-c/arbejdskrafts-tjenester/0K9LBGI10LU,info@changemakers.dk,,Du følger virksomheden,,,,OK,,,,,,,Arbejdskrafts tjenester,
1200,Scandinavian Aircraft Maintenance v/Anders Grønbæk Tost,,,+4524472057,https://www.proff.dk/firma/scandinavian-aircraft-maintenance-vanders-gr%C3%B8nb%C3%A6k-tost/kolding/arbejdskrafts-tjenester/0KBCQZI10LU,posttiltost@hotmail.com,,Du følger virksomheden,,,,OK,,,,,,,Arbejdskrafts tjenester,
1201,Mørk consulting,,,,https://www.proff.dk/firma/m%C3%B8rk-consulting/randers-n%C3%B8/arbejdskrafts-tjenester/0KBWNWI10LU,mads.h.moerk@gmail.com,,Du følger virksomheden,,,,OK,,,,,,,Arbejdskrafts tjenester,
1202,Socialrådgivervikar v/Pernille Liland,,,+4570266005,https://www.proff.dk/firma/socialr%C3%A5dgivervikar-vpernille-liland/ruds-vedby/arbejdskrafts-tjenester/0KCGVVI10LU,info@srgvikar.dk,,Du følger virksomheden,,,,OK,,,,,,,Arbejdskrafts tjenester,
1203,UdlandsMatch,,,,https://www.proff.dk/firma/udlandsmatch/h%C3%B8ng/arbejdskrafts-tjenester/0KDX0JI10LU,alisalman@outlook.dk,,Du følger virksomheden,,,,OK,,,,,,,Arbejdskrafts tjenester,
1204,MindFlow,,,+4526747213,https://www.proff.dk/firma/mindflow/galten/arbejdskrafts-tjenester/0KE1OCI10LU,martin_frank_nielsen@hotmail.com,,Du følger virksomheden,,,,OK,,,,,,,Arbejdskrafts tjenester,
1205,EgebaekConsult,,,+4529280928,https://www.proff.dk/firma/egebaekconsult/ebeltoft/arbejdskrafts-tjenester/0KEPYOI10LU,egebaek@live.dk,,Du følger virksomheden,,,,OK,,,,,,,Arbejdskrafts tjenester,
1206,Gildberg Consulting,,,+4520602052,https://www.proff.dk/firma/gildberg-consulting/k%C3%B8benhavn-%C3%B8/arbejdskrafts-tjenester/0KF0WDI10LU,claus.gildberg@gmail.com,,Du følger virksomheden,,,,OK,,,,,,,Arbejdskrafts tjenester,
1207,MV-Karriere,,,,https://www.proff.dk/firma/mv-karriere/sor%C3%B8/arbejdskrafts-tjenester/0KFWKMI10LU,mm@mv-k.dk,,Du følger virksomheden,,,,OK,,,,,,,Arbejdskrafts tjenester,
1208,TBE Consult,,,42418211,https://www.proff.dk/firma/tbe-consult/k%C3%B8benhavn-nv/arbejdskrafts-tjenester/0KGFW7I10LU,contact@egeberg-group.com,,Du følger virksomheden,,,,OK,,,,,,,Arbejdskrafts tjenester,
1209,BremerCasting,,,+4530665439,https://www.proff.dk/firma/bremercasting/frederiksberg/arbejdskrafts-tjenester/0KGMTYI10LU,tinabremer@outlook.dk,,Du følger virksomheden,,,,OK,,,,,,,Arbejdskrafts tjenester,
1210,KommunePartner I/S,,,+4550517240,https://www.proff.dk/firma/kommunepartner-is/k%C3%B8benhavn-s/arbejdskrafts-tjenester/0KGV15I10LU,kommunepartner@kommunepartner.dk,,Du følger virksomheden,,,,OK,,,,,,,Arbejdskrafts tjenester,
1211,VIKAR DANMARK,,,+4553548920,https://www.proff.dk/firma/vikar-danmark/vallensb%C3%A6k-strand/arbejdskrafts-tjenester/0KHG9TI10LU,kontakt@vikar-danmark.dk,,Du følger virksomheden,,,,OK,,,,,,,Arbejdskrafts tjenester,
1212,& friends CPH v/Birthe Margrethe Christiansen,,,+4545892810,https://www.proff.dk/firma/friends-cph-vbirthe-margrethe-christiansen/vedb%C3%A6k/arbejdskrafts-tjenester/0KHIZAI10LU,birthe.christiansen@live.dk,,Du følger virksomheden,,,,OK,,,,,,,Arbejdskrafts tjenester,
1213,FNH,,,+4529717441,https://www.proff.dk/firma/fnh/k%C3%B8benhavn-k/arbejdskrafts-tjenester/0KI3UAI10LU,frederikke1@live.dk,,Du følger virksomheden,,,,OK,,,,,,,Arbejdskrafts tjenester,
1214,People2Grow v/Lene Soelberg Petersen,,,+4587880188,https://www.proff.dk/firma/people2grow-vlene-soelberg-petersen/ry/arbejdskrafts-tjenester/0KJRXCI10LU,lene.soelberg@gmail.com,,Du følger virksomheden,,,,OK,,,,,,,Arbejdskrafts tjenester,
1215,MANTU,,,,https://www.proff.dk/firma/mantu/k%C3%B8benhavn-k/arbejdskrafts-tjenester/0KJSKOI10LU,cecilie@mantu.dk,,Du følger virksomheden,,,,OK,,,,,,,Arbejdskrafts tjenester,
1216,MultiMind Bemanning AB,,,70229299,https://www.proff.dk/firma/multimind-bemanning-ab/k%C3%B8benhavn-v/arbejdskrafts-tjenester/0KJYGKI10LU,information@multimind.se,,Du følger virksomheden,,,,OK,,,,,,,Arbejdskrafts tjenester,
1217,OJ Consulting,,,+4553890880,https://www.proff.dk/firma/oj-consulting/k%C3%B8benhavn-s/arbejdskrafts-tjenester/0KK5KWI10LU,od.jacobsen@protonmail.com,,Du følger virksomheden,,,,OK,,,,,,,Arbejdskrafts tjenester,
1218,Agrosuccess,,,+4550351817,https://www.proff.dk/firma/agrosuccess/odense-c/arbejdskrafts-tjenester/0KKGCMI10LU,gannapovod@gmail.com,,Du følger virksomheden,,,,OK,,,,,,,Arbejdskrafts tjenester,
1219,Skippers Slagter og Storkøkken service,,,+4540101623,https://www.proff.dk/firma/skippers-slagter-og-stork%C3%B8kken-service/gilleleje/arbejdskrafts-tjenester/0KKS57I10LU,siemse@siemse.dk,,Du følger virksomheden,,,,OK,,,,,,,Arbejdskrafts tjenester,
1220,Carsten Majdecki Sørensen,,,,https://www.proff.dk/firma/carsten-majdecki-s%C3%B8rensen/erslev/arbejdskrafts-tjenester/0KKXYSI10LU,hanne@2plusto.dk,,Du følger virksomheden,,,,OK,,,,,,,Arbejdskrafts tjenester,
1221,BPA Nord,,,+4530601220,https://www.proff.dk/firma/bpa-nord/n%C3%B8rresundby/arbejdskrafts-tjenester/0KOSCQI10LU,bestyrelsen@bpa-nord.dk,,Du følger virksomheden,,,,OK,,,,,,,Arbejdskrafts tjenester,
1222,HR-PASSION,,,+4540172377,https://www.proff.dk/firma/hr-passion/holsted/arbejdskrafts-tjenester/0KQDN5I10LU,mail@bonielsen.dk,,Du følger virksomheden,,,,OK,,,,,,,Arbejdskrafts tjenester,
1223,Human Skills,,,+4561199916,https://www.proff.dk/firma/human-skills/silkeborg/arbejdskrafts-tjenester/0KS67QI10LU,peter_schroder@jubii.dk,,Du følger virksomheden,,,,OK,,,,,,,Arbejdskrafts tjenester,
1224,God-mand udlejning,,,+4551902196,https://www.proff.dk/firma/god-mand-udlejning/br%C3%B8ndby/arbejdskrafts-tjenester/0KSKTEI10LU,jeppelak@gmail.com,,Du følger virksomheden,,,,OK,,,,,,,Arbejdskrafts tjenester,
1225,Socialerådgivning og Rehab Rejser,,,51163265,https://www.proff.dk/firma/socialer%C3%A5dgivning-og-rehab-rejser/helsing%C3%B8r/arbejdskrafts-tjenester/0KT2TCI10LU,mo@margitottow.dk,,Du følger virksomheden,,,,OK,,,,,,,Arbejdskrafts tjenester,
1226,TERLA Holding,,,+4540570220,https://www.proff.dk/firma/terla-holding/horsens/arbejdskrafts-tjenester/0KTCW9I10LU,ole_middelhede@hotmail.com,,Du følger virksomheden,,,,OK,,,,,,,Arbejdskrafts tjenester,
1227,VANGSBO,,,+4520635063,https://www.proff.dk/firma/vangsbo/hasselager/arbejdskrafts-tjenester/0KTIIHI10LU,birthe@vangsbo.com,,Du følger virksomheden,,,,OK,,,,,,,Arbejdskrafts tjenester,
1228,Bjarke Dinsen,,,+4597937535,https://www.proff.dk/firma/bjarke-dinsen/snedsted/arbejdskrafts-tjenester/0KTRN3I10LU,bjarkedinsen@gmail.com,,Du følger virksomheden,,,,OK,,,,,,,Arbejdskrafts tjenester,
1229,Lotte P. Vikar,,,+4531543464,https://www.proff.dk/firma/lotte-p.-vikar/hvidovre/arbejdskrafts-tjenester/0KTUPEI10LU,misslilo85@hotmail.com,,Du følger virksomheden,,,,OK,,,,,,,Arbejdskrafts tjenester,
1230,Pølsemutter,,,+4551933041,https://www.proff.dk/firma/p%C3%B8lsemutter/ringe/arbejdskrafts-tjenester/0KU574I10LU,nannajensen@mac.com,,Du følger virksomheden,,,,OK,,,,,,,Arbejdskrafts tjenester,
1231,JobLinked,,,+4560717291,https://www.proff.dk/firma/joblinked/k%C3%B8ge/arbejdskrafts-tjenester/0KU5RTI10LU,ai.ism.86@hotmail.com,,Du følger virksomheden,,,,OK,,,,,,,Arbejdskrafts tjenester,
1232,Koksbangs,,,+4521484324,https://www.proff.dk/firma/koksbangs/svendborg/arbejdskrafts-tjenester/0KVYPUI10LU,koksbang@hotmail.com,,Du følger virksomheden,,,,OK,,,,,,,Arbejdskrafts tjenester,
1233,I/S Haramara,,,+4520682828,https://www.proff.dk/firma/is-haramara/vester-skerninge/arbejdskrafts-tjenester/0KW1ZHI10LU,lisbeth@haramara.dk,,Du følger virksomheden,,,,OK,,,,,,,Arbejdskrafts tjenester,
1234,IT Jobs Scandinavia,,,,https://www.proff.dk/firma/it-jobs-scandinavia/esbjerg/arbejdskrafts-tjenester/0KW3RLI10LU,dvdesn@gmail.com,,Du følger virksomheden,,,,OK,,,,,,,Arbejdskrafts tjenester,
1235,"Privat hjemmepleje, Hobro",,,+4540439707,https://www.proff.dk/firma/privat-hjemmepleje-hobro/hobro/arbejdskrafts-tjenester/0KWHBMI10LU,kreutzeram@gmail.com,,Du følger virksomheden,,,,OK,,,,,,,Arbejdskrafts tjenester,
1236,Hill Consult v/Christian Torben Hill-Madsen,,,+4521422412,https://www.proff.dk/firma/hill-consult-vchristian-torben-hill-madsen/klampenborg/arbejdskrafts-tjenester/0KYH09I10LU,chm@hill-consult.dk,,Du følger virksomheden,,,,OK,,,,,,,Arbejdskrafts tjenester,
1237,Helle D. Gravesen,,,,https://www.proff.dk/firma/helle-d.-gravesen/thisted/arbejdskrafts-tjenester/0KZVLSI10LU,hdg4664@gmail.com,,Du følger virksomheden,,,,OK,,,,,,,Arbejdskrafts tjenester,
1238,Slagterservice,,,,https://www.proff.dk/firma/slagterservice/%C3%B8lsted/arbejdskrafts-tjenester/0L052KI10LU,slagterservice@mail.dk,,Du følger virksomheden,,,,OK,,,,,,,Arbejdskrafts tjenester,
1239,Charlotte Park,,,+4560606919,https://www.proff.dk/firma/charlotte-park/viby-j/arbejdskrafts-tjenester/0L08DZI10LU,mail@charlottepark.dk,,Du følger virksomheden,,,,OK,,,,,,,Arbejdskrafts tjenester,
1240,Topmech EU,,,+4571900587,https://www.proff.dk/firma/topmech-eu/tranbjerg-j/arbejdskrafts-tjenester/0L0KSEI10LU,mikkel@topmecheu.com,,Du følger virksomheden,,,,OK,,,,,,,Arbejdskrafts tjenester,
1241,Zimmer Denmark RZ,,,+4593806920,https://www.proff.dk/firma/zimmer-denmark-rz/sabro/arbejdskrafts-tjenester/0L1PYCI10LU,zimmersabro@gmail.com,,Du følger virksomheden,,,,OK,,,,,,,Arbejdskrafts tjenester,
1242,Glinvad Rekruttering,,,+4581716539,https://www.proff.dk/firma/glinvad-rekruttering/k%C3%B8benhavn-v/arbejdskrafts-tjenester/0L23UYI10LU,michael@glinvad.dk,,Du følger virksomheden,,,,OK,,,,,,,Arbejdskrafts tjenester,
1243,Pareta Norway AS,,,+4525299594,https://www.proff.dk/firma/pareta-norway-as/vejby/arbejdskrafts-tjenester/0L3907I10LU,jke@preta.dk,,Du følger virksomheden,,,,OK,,,,,,,Arbejdskrafts tjenester,
1244,Euroasian Sourcing AB,,,+4571707816,https://www.proff.dk/firma/euroasian-sourcing-ab/k%C3%B8benhavn-k/arbejdskrafts-tjenester/0L3TH6I10LU,eyamin84@gmail.com,,Du følger virksomheden,,,,OK,,,,,,,Arbejdskrafts tjenester,
1245,Work & Housing,,,,https://www.proff.dk/firma/work-housing/frederiksberg-c/arbejdskrafts-tjenester/0L3VI1I10LU,workhousing@mail-online.dk,,Du følger virksomheden,,,,OK,,,,,,,Arbejdskrafts tjenester,
1246,2A PARTNER,,,,https://www.proff.dk/firma/2a-partner/k%C3%B8ge/arbejdskrafts-tjenester/0L68P8I10LU,2apartner@sol.dk,,Du følger virksomheden,,,,OK,,,,,,,Arbejdskrafts tjenester,
1247,HTL Service,,,,https://www.proff.dk/firma/htl-service/aalestrup/arbejdskrafts-tjenester/0L8YFUI10LU,htl@htl-transport.dk,,Du følger virksomheden,,,,OK,,,,,,,Arbejdskrafts tjenester,
1248,Regnum Thy,,,+4527573760,https://www.proff.dk/firma/regnum-thy/hurup-thy/arbejdskrafts-tjenester/0L91ZGI10LU,regnumthy@gmail.com,,Du følger virksomheden,,,,OK,,,,,,,Arbejdskrafts tjenester,
1249,Research inc.,,,,https://www.proff.dk/firma/research-inc./taastrup/arbejdskrafts-tjenester/0L9K26I10LU,mughal_sohail@hotmail.com,,Du følger virksomheden,,,,OK,,,,,,,Arbejdskrafts tjenester,
1250,Rekruttering Djursland,,,+4542236810,https://www.proff.dk/firma/rekruttering-djursland/alling%C3%A5bro/arbejdskrafts-tjenester/0L9R7AI10LU,bna@rekrutteringdjursland.dk,,Du følger virksomheden,,,,OK,,,,,,,Arbejdskrafts tjenester,
1251,Shpet's Service,,,+4542771752,https://www.proff.dk/firma/shpets-service/r%C3%B8dekro/arbejdskrafts-tjenester/0L9WRBI10LU,shpetimibra@gmail.com,,Du følger virksomheden,,,,OK,,,,,,,Arbejdskrafts tjenester,
1252,Copenhagen Talent Consulting,,,+4521490441,https://www.proff.dk/firma/copenhagen-talent-consulting/k%C3%B8benhavn-%C3%B8/arbejdskrafts-tjenester/0L9ZMAI10LU,dichovic29@gmail.com,,Du følger virksomheden,,,,OK,,,,,,,Arbejdskrafts tjenester,
1253,BJ Rekruttering,,,+4523621184,https://www.proff.dk/firma/bj-rekruttering/k%C3%B8ge/arbejdskrafts-tjenester/0LANFEI10LU,bj2@privat.dk,,Du følger virksomheden,,,,OK,,,,,,,Arbejdskrafts tjenester,
1254,Plugin Recruitment,,,+4531319384,https://www.proff.dk/firma/plugin-recruitment/lystrup/arbejdskrafts-tjenester/0LB45BI10LU,asger@pluginhr.dk,,Du følger virksomheden,,,,OK,,,,,,,Arbejdskrafts tjenester,
1255,TEAMSERVICE ApS,,,+4550119011,https://www.proff.dk/firma/teamservice-aps/br%C3%B8ndby-strand/arbejdskrafts-tjenester/0LBX4VI10LU,info@teamservice.dk,,Du følger virksomheden,,,,OK,,,,,,,Arbejdskrafts tjenester,
1256,Glue Consulting,,,+4555511332,https://www.proff.dk/firma/glue-consulting/n%C3%A6stved/arbejdskrafts-tjenester/0LDWAJI10LU,ph@glue-consulting.dk,,Du følger virksomheden,,,,OK,,,,,,,Arbejdskrafts tjenester,
1257,Jobproflector,,,,https://www.proff.dk/firma/jobproflector/roskilde/arbejdskrafts-tjenester/0LEG53I10LU,palle.mogensen@me.com,,Du følger virksomheden,,,,OK,,,,,,,Arbejdskrafts tjenester,
1258,Peter Elias,,,+4540504237,https://www.proff.dk/firma/peter-elias/v%C3%A6ggerl%C3%B8se/arbejdskrafts-tjenester/0LFBLWI10LU,peter.elias.jacobsen@gmail.com,,Du følger virksomheden,,,,OK,,,,,,,Arbejdskrafts tjenester,
1259,Hammerborg Sustainable Search,,,,https://www.proff.dk/firma/hammerborg-sustainable-search/aller%C3%B8d/arbejdskrafts-tjenester/0LFE5RI10LU,gry@hammerborg.eu,,Du følger virksomheden,,,,OK,,,,,,,Arbejdskrafts tjenester,
1260,DeichBorg & More,,,+4528261000,https://www.proff.dk/firma/deichborg-more/glostrup/arbejdskrafts-tjenester/0LHOLLI10LU,anders.egelund@deichborgmore.com,,Du følger virksomheden,,,,OK,,,,,,,Arbejdskrafts tjenester,
1261,auspicia.dk,,,,https://www.proff.dk/firma/auspicia.dk/v%C3%A6rl%C3%B8se/arbejdskrafts-tjenester/0LHOXGI10LU,nannahansen179@gmail.com,,Du følger virksomheden,,,,OK,,,,,,,Arbejdskrafts tjenester,
1262,Reckendorff Consult,,,+4521913563,https://www.proff.dk/firma/reckendorff-consult/r%C3%B8nne/arbejdskrafts-tjenester/0LHOYQI10LU,martin-reckendorff@live.dk,,Du følger virksomheden,,,,OK,,,,,,,Arbejdskrafts tjenester,
1263,Totaljob.dk,,,,https://www.proff.dk/firma/totaljob.dk/odense-c/arbejdskrafts-tjenester/0LI97CI10LU,frederikvj@icloud.com,,Du følger virksomheden,,,,OK,,,,,,,Arbejdskrafts tjenester,
1264,Sharp Management,,,+4550700025,https://www.proff.dk/firma/sharp-management/struer/arbejdskrafts-tjenester/0LJ1MVI10LU,jette@sharpmanagement.dk,,Du følger virksomheden,,,,OK,,,,,,,Arbejdskrafts tjenester,
1265,Atorfiit.com,,,+270691,https://www.proff.dk/firma/atorfiit.com/sisimiut/arbejdskrafts-tjenester/0LJN9TI10LU,atorfiit@atorfiit.com,,Du følger virksomheden,,,,OK,,,,,,,Arbejdskrafts tjenester,
1266,Manuel2Greenland,,,+229910,https://www.proff.dk/firma/manuel2greenland/nuussuaq/arbejdskrafts-tjenester/0LJQQII10LU,mikanuuk@gmail.com,,Du følger virksomheden,,,,OK,,,,,,,Arbejdskrafts tjenester,
1267,CPH Casting,,,+4520203050,https://www.proff.dk/firma/cph-casting/k%C3%B8benhavn-s/arbejdskrafts-tjenester/0LL7JXI10LU,mg@moonboon.com,,Du følger virksomheden,,,,OK,,,,,,,Arbejdskrafts tjenester,
1268,JIS Consulting,,,+4561315847,https://www.proff.dk/firma/jis-consulting/vallensb%C3%A6k-strand/arbejdskrafts-tjenester/0LMVO3I10LU,jessi_king@hotmail.com,,Du følger virksomheden,,,,OK,,,,,,,Arbejdskrafts tjenester,
1269,UOP/Livemanagement,,,+4544108755,https://www.proff.dk/firma/uoplivemanagement/taastrup/arbejdskrafts-tjenester/0LMYWLI10LU,aliomerkadir@gmail.com,,Du følger virksomheden,,,,OK,,,,,,,Arbejdskrafts tjenester,
1270,SeriøsPleje,,,,https://www.proff.dk/firma/seri%C3%B8spleje/munke-bjergby/arbejdskrafts-tjenester/0LN7FUI10LU,gp64@outlook.dk,,Du følger virksomheden,,,,OK,,,,,,,Arbejdskrafts tjenester,
1271,Payne Talent,,,+4553709080,https://www.proff.dk/firma/payne-talent/k%C3%B8benhavn-s/arbejdskrafts-tjenester/0LNPFSI10LU,christian@paynetalent.com,,Du følger virksomheden,,,,OK,,,,,,,Arbejdskrafts tjenester,
1272,Cafe Buch,,,,https://www.proff.dk/firma/cafe-buch/l%C3%A6s%C3%B8/arbejdskrafts-tjenester/0LTKN9I10LU,antiklaesoe@hotmail.com,,Du følger virksomheden,,,,OK,,,,,,,Arbejdskrafts tjenester,
1273,Malik service,,,+4527842660,https://www.proff.dk/firma/malik-service/br%C3%B8ndby-strand/arbejdskrafts-tjenester/0LWE82I10LU,zahid266o@icloud.com,,Du følger virksomheden,,,,OK,,,,,,,Arbejdskrafts tjenester,
1274,Abraham Consult,,,+4520858040,https://www.proff.dk/firma/abraham-consult/k%C3%B8benhavn-%C3%B8/arbejdskrafts-tjenester/0LXJFKI10LU,henrik@abrahamheadhunting.dk,,Du følger virksomheden,,,,OK,,,,,,,Arbejdskrafts tjenester,
1275,SEWN International Specialist Recruiting ApS,,,+4531320788,https://www.proff.dk/firma/sewn-international-specialist-recruiting-aps/valby/arbejdskrafts-tjenester/0M13V8I10LU,sewnisrecruiting@gmail.com,,Du følger virksomheden,,,,OK,,,,,,,Arbejdskrafts tjenester,
1276,3C Contract Workforce Solutions LTD,,,+4536934646,https://www.proff.dk/firma/3c-contract-workforce-solutions-ltd/k%C3%B8benhavn-k/arbejdskrafts-tjenester/0M1C4VI10LU,info@3cglobalgroup.com,,Du følger virksomheden,,,,OK,,,,,,,Arbejdskrafts tjenester,
1277,Interocean Personnel Services Ltd,,,+4531693169,https://www.proff.dk/firma/interocean-personnel-services-ltd/hiller%C3%B8d/arbejdskrafts-tjenester/0M1CXAI10LU,hob@inwema.dk,,Du følger virksomheden,,,,OK,,,,,,,Arbejdskrafts tjenester,
1278,Liberty Bishop (Denmark) Ltd,,,+4570605606,https://www.proff.dk/firma/liberty-bishop-denmark-ltd/k%C3%B8benhavn-k/arbejdskrafts-tjenester/0M1FPMI10LU,contact@northernpartners.eu,,Du følger virksomheden,,,,OK,,,,,,,Arbejdskrafts tjenester,
1279,Mølgaardslund Bostøtte,,,,https://www.proff.dk/firma/m%C3%B8lgaardslund-bost%C3%B8tte/brovst/arbejdskrafts-tjenester/0M25NJI10LU,bonderupvej@jubii.dk,,Du følger virksomheden,,,,OK,,,,,,,Arbejdskrafts tjenester,
1280,Speed IT up APS,,,+4526294400,https://www.proff.dk/firma/speed-it-up-aps/%C3%A5byh%C3%B8j/arbejdskrafts-tjenester/0M3RVZI10LU,mb@speed-it-up.dk,,Du følger virksomheden,,,,OK,,,,,,,Arbejdskrafts tjenester,
1281,VOPES,,,+4542968888,https://www.proff.dk/firma/vopes/broby/arbejdskrafts-tjenester/0M4H11I10LU,info@vopes.dk,,Du følger virksomheden,,,,OK,,,,,,,Arbejdskrafts tjenester,
1282,S/I Soldater for Soldater,,,+4520637815,https://www.proff.dk/firma/si-soldater-for-soldater/r%C3%B8nne/arbejdskrafts-tjenester/0M4TNPI10LU,holck61@gmail.com,,Du følger virksomheden,,,,OK,,,,,,,Arbejdskrafts tjenester,
1283,"DAN-POL byg, renovering & mandskabsudlejning",,,,https://www.proff.dk/firma/dan-pol-byg-renovering-mandskabsudlejning/haderslev/arbejdskrafts-tjenester/0M4ZHVI10LU,danpol.renovering@gmail.com,,Du følger virksomheden,,,,OK,,,,,,,Arbejdskrafts tjenester,
1284,EXACTsearch,,,+4526293524,https://www.proff.dk/firma/exactsearch/k%C3%B8benhavn-k/arbejdskrafts-tjenester/0M5WN5I10LU,info@exactsearch.dk,,Du følger virksomheden,,,,OK,,,,,,,Arbejdskrafts tjenester,
1285,Olsens Akupunktur & Massage,,,,https://www.proff.dk/firma/olsens-akupunktur-massage/harpelunde/arbejdskrafts-tjenester/0M75MNI10LU,olsens.akupunktur@gmail.com,,Du følger virksomheden,,,,OK,,,,,,,Arbejdskrafts tjenester,
1286,"KVR Svendborg ""Powered by Landtved""",,,+4553600535,https://www.proff.dk/firma/kvr-svendborg-powered-by-landtved/vejstrup/arbejdskrafts-tjenester/0M7KGUI10LU,jacob@landtvedconsult.com,,Du følger virksomheden,,,,OK,,,,,,,Arbejdskrafts tjenester,
1287,MA11,,,+4553602474,https://www.proff.dk/firma/ma11/gentofte/arbejdskrafts-tjenester/0M80KYI10LU,benjamindroscher@gmail.com,,Du følger virksomheden,,,,OK,,,,,,,Arbejdskrafts tjenester,
1288,Pædagogvikaren,,,+4560248905,https://www.proff.dk/firma/p%C3%A6dagogvikaren/esbjerg/arbejdskrafts-tjenester/0M86XUI10LU,denizcetin1@hotmail.com,,Du følger virksomheden,,,,OK,,,,,,,Arbejdskrafts tjenester,
1289,Prime Vikar,,,+4542524275,https://www.proff.dk/firma/prime-vikar/h%C3%B8jbjerg/arbejdskrafts-tjenester/0M9GLVI10LU,javeria.waheed@gmail.com,,Du følger virksomheden,,,,OK,,,,,,,Arbejdskrafts tjenester,
1290,CHH Ejendomme og Service,,,,https://www.proff.dk/firma/chh-ejendomme-og-service/st%C3%B8vring/arbejdskrafts-tjenester/0MA9H2I10LU,jonashaslev@gmail.com,,Du følger virksomheden,,,,OK,,,,,,,Arbejdskrafts tjenester,
1291,Kok og Vikar,,,,https://www.proff.dk/firma/kok-og-vikar/roskilde/arbejdskrafts-tjenester/0MAGC2I10LU,ismet58@gmail.com,,Du følger virksomheden,,,,OK,,,,,,,Arbejdskrafts tjenester,
1292,Nordic Beauty AI,,,,https://www.proff.dk/firma/nordic-beauty-ai/viby-sj%C3%A6lland/arbejdskrafts-tjenester/0MEBUCI10LU,raihana_1997@outlook.dk,,Du følger virksomheden,,,,OK,,,,,,,Arbejdskrafts tjenester,
1293,Kjelds Vikarer,,,+4525230273,https://www.proff.dk/firma/kjelds-vikarer/skive/arbejdskrafts-tjenester/0MEEPCI10LU,kjeldj382@gmail.com,,Du følger virksomheden,,,,OK,,,,,,,Arbejdskrafts tjenester,
1294,Peebls,,,,https://www.proff.dk/firma/peebls/k%C3%B8benhavn-k/arbejdskrafts-tjenester/0MF93II10LU,na@peebls.com,,Du følger virksomheden,,,,OK,,,,,,,Arbejdskrafts tjenester,
1295,UAB Izotehas,,,+4527632195,https://www.proff.dk/firma/uab-izotehas/h%C3%B8rsholm/arbejdskrafts-tjenester/0MGGV0I10LU,info@mybaltic.dk,,Du følger virksomheden,,,,OK,,,,,,,Arbejdskrafts tjenester,
1296,King Recruitment services LTD,,,,https://www.proff.dk/firma/king-recruitment-services-ltd/aalborg/arbejdskrafts-tjenester/0MGM9NI10LU,tax@crossbord.dk,,Du følger virksomheden,,,,OK,,,,,,,Arbejdskrafts tjenester,
1297,Global Nordics Management AB,,,,https://www.proff.dk/firma/global-nordics-management-ab/k%C3%B8benhavn-%C3%B8/arbejdskrafts-tjenester/0MGMILI10LU,anna.ziemkendorf@globalnordics.com,,Du følger virksomheden,,,,OK,,,,,,,Arbejdskrafts tjenester,
1298,Industry Facility Installation Services sp. z.o.o.,,,+4553380101,https://www.proff.dk/firma/industry-facility-installation-services-sp.-z.o.o./k%C3%B8benhavn-k/arbejdskrafts-tjenester/0MGN80I10LU,lj@paragrafplus.dk,,Du følger virksomheden,,,,OK,,,,,,,Arbejdskrafts tjenester,
1299,Royal Crew,,,+4528563826,https://www.proff.dk/firma/royal-crew/glostrup/arbejdskrafts-tjenester/0MGNR1I10LU,oa@royalcrew.dk,,Du følger virksomheden,,,,OK,,,,,,,Arbejdskrafts tjenester,
1300,KenseCorp v/Kenni Simmelsgaard,,,,https://www.proff.dk/firma/kensecorp-vkenni-simmelsgaard/esbjerg/arbejdskrafts-tjenester/0MHURRI10LU,kennihs@jubii.dk,,Du følger virksomheden,,,,OK,,,,,,,Arbejdskrafts tjenester,
1301,Em Hedegård,,,+4521430340,https://www.proff.dk/firma/em-hedeg%C3%A5rd/vr%C3%A5/arbejdskrafts-tjenester/0MKCQ4I10LU,em.hedegaard34@gmail.com,,Du følger virksomheden,,,,OK,,,,,,,Arbejdskrafts tjenester,
1302,Sanseliv,,,+4530252899,https://www.proff.dk/firma/sanseliv/sydals/arbejdskrafts-tjenester/0MKE2UI10LU,sanseliv.adm@gmail.com,,Du følger virksomheden,,,,OK,,,,,,,Arbejdskrafts tjenester,
1303,MAF Consulting,,,,https://www.proff.dk/firma/maf-consulting/svendborg/arbejdskrafts-tjenester/0MKYRJI10LU,flemmingandkjaer@gmail.com,,Du følger virksomheden,,,,OK,,,,,,,Arbejdskrafts tjenester,
1304,JH-Consult,,,+4540456660,https://www.proff.dk/firma/jh-consult/humleb%C3%A6k/arbejdskrafts-tjenester/0MLTJ9I10LU,joerk.hoffmann@hotmail.com,,Du følger virksomheden,,,,OK,,,,,,,Arbejdskrafts tjenester,
1305,hrtalent,,,+4541413641,https://www.proff.dk/firma/hrtalent/st%C3%B8vring/arbejdskrafts-tjenester/0MM4HUI10LU,vibeke@hrtalent.dk,,Du følger virksomheden,,,,OK,,,,,,,Arbejdskrafts tjenester,
1306,Workin,,,+4550268352,https://www.proff.dk/firma/workin/odense-v/arbejdskrafts-tjenester/0MMJNHI10LU,brigita1001@gmail.com,,Du følger virksomheden,,,,OK,,,,,,,Arbejdskrafts tjenester,
1307,Advised by I/S,,,+4520257887,https://www.proff.dk/firma/advised-by-is/hellerup/arbejdskrafts-tjenester/0MQ1JNI10LU,cri@advisedby.dk,,Du følger virksomheden,,,,OK,,,,,,,Arbejdskrafts tjenester,
1308,Tappernøje Vognmandsforretning,,,+4581617113,https://www.proff.dk/firma/tappern%C3%B8je-vognmandsforretning/tappern%C3%B8je/arbejdskrafts-tjenester/0MQZ3GI10LU,tvf4733@outlook.dk,,Du følger virksomheden,,,,OK,,,,,,,Arbejdskrafts tjenester,
1309,TAP Multiservice,,,,https://www.proff.dk/firma/tap-multiservice/millinge/arbejdskrafts-tjenester/0MS17MI10LU,tap110986@icloud.com,,Du følger virksomheden,,,,OK,,,,,,,Arbejdskrafts tjenester,
1310,Recruit v/Daniel Buus Christiansen,,,,https://www.proff.dk/firma/recruit-vdaniel-buus-christiansen/aarhus-c/arbejdskrafts-tjenester/0MSK1PI10LU,dbc91@icloud.com,,Du følger virksomheden,,,,OK,,,,,,,Arbejdskrafts tjenester,
1311,Search & Selection Group,,,+4540966909,https://www.proff.dk/firma/search-selection-group/vedb%C3%A6k/arbejdskrafts-tjenester/0MST70I10LU,ssk@s-sgroup.dk,,Du følger virksomheden,,,,OK,,,,,,,Arbejdskrafts tjenester,
1312,AB byg,,,+4591982963,https://www.proff.dk/firma/ab-byg/k%C3%B8benhavn-sv/arbejdskrafts-tjenester/0MSVFUI10LU,ab.byg@outlook.dk,,Du følger virksomheden,,,,OK,,,,,,,Arbejdskrafts tjenester,
1313,MK Vejle,,,+4522224000,https://www.proff.dk/firma/mk-vejle/b%C3%B8rkop/arbejdskrafts-tjenester/0MTTYAI10LU,michael@mkvejle.dk,,Du følger virksomheden,,,,OK,,,,,,,Arbejdskrafts tjenester,
1314,RådEks v/Oksana Kovalenko,,,,https://www.proff.dk/firma/r%C3%A5deks-voksana-kovalenko/fars%C3%B8/arbejdskrafts-tjenester/0MUDA3I10LU,oksy_2007_88@mail.ru,,Du følger virksomheden,,,,OK,,,,,,,Arbejdskrafts tjenester,
1315,MK Consulting,,,+4522481645,https://www.proff.dk/firma/mk-consulting/esperg%C3%A6rde/arbejdskrafts-tjenester/0MUENFI10LU,mkrygell@gmail.com,,Du følger virksomheden,,,,OK,,,,,,,Arbejdskrafts tjenester,
1316,MMC,,,+4560711070,https://www.proff.dk/firma/mmc/k%C3%B8benhavn-nv/arbejdskrafts-tjenester/0MUHPKI10LU,malik-mousa@hotmail.com,,Du følger virksomheden,,,,OK,,,,,,,Arbejdskrafts tjenester,
1317,sv service,,,+4555219617,https://www.proff.dk/firma/sv-service/t%C3%B8rring/arbejdskrafts-tjenester/0MUNKWI10LU,shanthos98@live.dk,,Du følger virksomheden,,,,OK,,,,,,,Arbejdskrafts tjenester,
1318,BMB Consulting,,,,https://www.proff.dk/firma/bmb-consulting/k%C3%B8benhavn-s/arbejdskrafts-tjenester/0MW2H2I10LU,bmbconsulting@hotmail.com,,Du følger virksomheden,,,,OK,,,,,,,Arbejdskrafts tjenester,
1319,Svane Weismann Consulting,,,+4560752741,https://www.proff.dk/firma/svane-weismann-consulting/aller%C3%B8d/arbejdskrafts-tjenester/0MWYLGI10LU,ms@svaneogrodbroe.dk,,Du følger virksomheden,,,,OK,,,,,,,Arbejdskrafts tjenester,
1320,NemLøn,,,,https://www.proff.dk/firma/neml%C3%B8n/slangerup/arbejdskrafts-tjenester/0MX3DLI10LU,dl@nemlon.nu,,Du følger virksomheden,,,,OK,,,,,,,Arbejdskrafts tjenester,
1321,HeadOn,,,+4521600800,https://www.proff.dk/firma/headon/odense-c/arbejdskrafts-tjenester/0MZL9PI10LU,bode.odense@gmail.com,,Du følger virksomheden,,,,OK,,,,,,,Arbejdskrafts tjenester,
1322,Bjerregaard Solutions,,,+4586133017,https://www.proff.dk/firma/bjerregaard-solutions/h%C3%B8jbjerg/arbejdskrafts-tjenester/0N00NVI10LU,ulrikabjerregaard@gmail.com,,Du følger virksomheden,,,,OK,,,,,,,Arbejdskrafts tjenester,
1323,The Talent Acquisition Company ApS,,,+4531706005,https://www.proff.dk/firma/the-talent-acquisition-company-aps/k%C3%B8benhavn-s/arbejdskrafts-tjenester/0N0CJRI10LU,contact@talentacquisition.io,,Du følger virksomheden,,,,OK,,,,,,,Arbejdskrafts tjenester,
1324,Strivor,,,+4540141621,https://www.proff.dk/firma/strivor/ringsted/arbejdskrafts-tjenester/0N16U2I10LU,henrik.baujorg@gmail.com,,Du følger virksomheden,,,,OK,,,,,,,Arbejdskrafts tjenester,
1325,Landbos,,,+4553331627,https://www.proff.dk/firma/landbos/klippinge/arbejdskrafts-tjenester/0N17L2I10LU,claes@landbo.net,,Du følger virksomheden,,,,OK,,,,,,,Arbejdskrafts tjenester,
1326,DK Search & Consulting,,,+4520187081,https://www.proff.dk/firma/dk-search-consulting/bagsv%C3%A6rd/arbejdskrafts-tjenester/0N19H8I10LU,dok_2000dk@yahoo.dk,,Du følger virksomheden,,,,OK,,,,,,,Arbejdskrafts tjenester,
1327,S. N. Andersen,,,,https://www.proff.dk/firma/s.-n.-andersen/kib%C3%A6k/arbejdskrafts-tjenester/0N1KVHI10LU,simonnonbo@gmail.com,,Du følger virksomheden,,,,OK,,,,,,,Arbejdskrafts tjenester,
1328,Slagslunde HR Service,,,+4540883526,https://www.proff.dk/firma/slagslunde-hr-service/tune/arbejdskrafts-tjenester/0N2B0RI10LU,jeanett@slagslunde.com,,Du følger virksomheden,,,,OK,,,,,,,Arbejdskrafts tjenester,
1329,Tryg-Vikar,,,,https://www.proff.dk/firma/tryg-vikar/k%C3%B8benhavn-nv/arbejdskrafts-tjenester/0N2D7SI10LU,yasminb31@icloud.com,,Du følger virksomheden,,,,OK,,,,,,,Arbejdskrafts tjenester,
1330,d.nielsen Consulting,,,+4524644111,https://www.proff.dk/firma/d.nielsen-consulting/broby/arbejdskrafts-tjenester/0N2S88I10LU,dj.nielsen@outlook.com,,Du følger virksomheden,,,,OK,,,,,,,Arbejdskrafts tjenester,
1331,Human Skills I/S,,,+4561199916,https://www.proff.dk/firma/human-skills-is/silkeborg/arbejdskrafts-tjenester/0N35L2I10LU,info@humanskills.dk,,Du følger virksomheden,,,,OK,,,,,,,Arbejdskrafts tjenester,
1332,Flexibelt,,,+4528233519,https://www.proff.dk/firma/flexibelt/hals/arbejdskrafts-tjenester/0N67RLI10LU,nwc@europe.com,,Du følger virksomheden,,,,OK,,,,,,,Arbejdskrafts tjenester,
1333,VikarGO,,,,https://www.proff.dk/firma/vikargo/valby/arbejdskrafts-tjenester/0N6WMTI10LU,nickbhans@gmail.com,,Du følger virksomheden,,,,OK,,,,,,,Arbejdskrafts tjenester,
1334,Kristensen & Elite Rekruttering,,,,https://www.proff.dk/firma/kristensen-elite-rekruttering/silkeborg/arbejdskrafts-tjenester/0N775HI10LU,jk@eliterekruttering.dk,,Du følger virksomheden,,,,OK,,,,,,,Arbejdskrafts tjenester,
1335,HR to the point,,,,https://www.proff.dk/firma/hr-to-the-point/silkeborg/arbejdskrafts-tjenester/0N7CK9I10LU,ssv@hrtothepoint.dk,,Du følger virksomheden,,,,OK,,,,,,,Arbejdskrafts tjenester,
1336,HR-Sprint,,,+4540191806,https://www.proff.dk/firma/hr-sprint/svendborg/arbejdskrafts-tjenester/0N7JCII10LU,martin@hr-sprint.dk,,Du følger virksomheden,,,,OK,,,,,,,Arbejdskrafts tjenester,
1337,MaxEvent,,,+4530827201,https://www.proff.dk/firma/maxevent/skanderborg/arbejdskrafts-tjenester/0N9CMNI10LU,emilpoulsen@icloud.com,,Du følger virksomheden,,,,OK,,,,,,,Arbejdskrafts tjenester,
1338,IJB Multiservice,,,60479087,https://www.proff.dk/firma/ijb-multiservice/taastrup/arbejdskrafts-tjenester/0N9GA5I10LU,ijbmultiservice@gmail.com,,Du følger virksomheden,,,,OK,,,,,,,Arbejdskrafts tjenester,
1339,Nordic installation services,,,,https://www.proff.dk/firma/nordic-installation-services/esbjerg-%C3%B8/arbejdskrafts-tjenester/0N9X0NI10LU,nordic.installation.services@gmail.com,,Du følger virksomheden,,,,OK,,,,,,,Arbejdskrafts tjenester,
1340,UAB Norvegijos Kontaktai,,,+4531693169,https://www.proff.dk/firma/uab-norvegijos-kontaktai/hiller%C3%B8d/arbejdskrafts-tjenester/0N9ZPUI10LU,hob@inwema.dk,,Du følger virksomheden,,,,OK,,,,,,,Arbejdskrafts tjenester,
1341,Rolin Consult,,,+4522162715,https://www.proff.dk/firma/rolin-consult/esperg%C3%A6rde/arbejdskrafts-tjenester/0NA6NLI10LU,chrrolin@gmail.com,,Du følger virksomheden,,,,OK,,,,,,,Arbejdskrafts tjenester,
1342,MJ Nedrivning & Mandskabsudlejning,,,,https://www.proff.dk/firma/mj-nedrivning-mandskabsudlejning/r%C3%B8nnede/arbejdskrafts-tjenester/0NB0KYI10LU,mj-nedrivning@outlook.dk,,Du følger virksomheden,,,,OK,,,,,,,Arbejdskrafts tjenester,
1343,Yardley,,,,https://www.proff.dk/firma/yardley/k%C3%B8benhavn-%C3%B8/arbejdskrafts-tjenester/0NCE1DI10LU,evayardley@yahoo.dk,,Du følger virksomheden,,,,OK,,,,,,,Arbejdskrafts tjenester,
1344,A Omsorg,,,+4542592636,https://www.proff.dk/firma/a-omsorg/frederikssund/arbejdskrafts-tjenester/0NCPUEI10LU,tastyklb@outlook.dk,,Du følger virksomheden,,,,OK,,,,,,,Arbejdskrafts tjenester,
1345,KBM Service,,,+4591441318,https://www.proff.dk/firma/kbm-service/hedehusene/arbejdskrafts-tjenester/0NFDYSI10LU,kamaluddinbegum@gmail.com,,Du følger virksomheden,,,,OK,,,,,,,Arbejdskrafts tjenester,
1346,BygPartner,,,+4560407747,https://www.proff.dk/firma/bygpartner/odense-c/arbejdskrafts-tjenester/0NGI3QI10LU,simonasawicka@gmail.com,,Du følger virksomheden,,,,OK,,,,,,,Arbejdskrafts tjenester,
1347,Trygpleje,,,,https://www.proff.dk/firma/trygpleje/kors%C3%B8r/arbejdskrafts-tjenester/0NHK3WI10LU,yousefali2210@hotmail.com,,Du følger virksomheden,,,,OK,,,,,,,Arbejdskrafts tjenester,
1348,NextPeople,,,+4540361231,https://www.proff.dk/firma/nextpeople/r%C3%B8dekro/arbejdskrafts-tjenester/0NIYHZI10LU,ojs@nextpeople.dk,,Du følger virksomheden,,,,OK,,,,,,,Arbejdskrafts tjenester,
1349,ScanDoc Recruitment I/S,,,+4525542013,https://www.proff.dk/firma/scandoc-recruitment-is/t%C3%B8ll%C3%B8se/arbejdskrafts-tjenester/0NJZG0I10LU,ujj@kongkuglepen.dk,,Du følger virksomheden,,,,OK,,,,,,,Arbejdskrafts tjenester,
1350,SW-Montage & Industriservice,,,,https://www.proff.dk/firma/sw-montage-industriservice/kalundborg/arbejdskrafts-tjenester/0NLIE7I10LU,sw.montageogindustriservice@gmail.com,,Du følger virksomheden,,,,OK,,,,,,,Arbejdskrafts tjenester,
1351,CB Bonde,,,+4530527475,https://www.proff.dk/firma/cb-bonde/s%C3%A6by/arbejdskrafts-tjenester/0NMI2LI10LU,carlbobonde@gmail.com,,Du følger virksomheden,,,,OK,,,,,,,Arbejdskrafts tjenester,
1352,duosservice,,,+4560157123,https://www.proff.dk/firma/duosservice/r%C3%B8dovre/arbejdskrafts-tjenester/0NMZWPI10LU,mustafa.behiry@gmail.com,,Du følger virksomheden,,,,OK,,,,,,,Arbejdskrafts tjenester,
1353,Iversen Gruppen,,,,https://www.proff.dk/firma/iversen-gruppen/horsens/arbejdskrafts-tjenester/0NNORPI10LU,iversen.gruppen@gmail.com,,Du følger virksomheden,,,,OK,,,,,,,Arbejdskrafts tjenester,
1354,RS Management,,,,https://www.proff.dk/firma/rs-management/%C3%B8stbirk/arbejdskrafts-tjenester/0NPY7AI10LU,rune.soerensen@outlook.dk,,Du følger virksomheden,,,,OK,,,,,,,Arbejdskrafts tjenester,
1355,Arne Kyed,,,+4529702031,https://www.proff.dk/firma/arne-kyed/greve/arbejdskrafts-tjenester/0NQEUOI10LU,arnekyed@gmail.com,,Du følger virksomheden,,,,OK,,,,,,,Arbejdskrafts tjenester,
1356,Stauning Øko I/S,,,40765176,https://www.proff.dk/firma/stauning-%C3%B8ko-is/skjern/arbejdskrafts-tjenester/0NTUZKI10LU,straede@straedegaard.dk,,Du følger virksomheden,,,,OK,,,,,,,Arbejdskrafts tjenester,
1357,World of Work,,,26481265,https://www.proff.dk/firma/world-of-work/haderslev/arbejdskrafts-tjenester/0NUECSI10LU,hlautrup@hotmail.com,,Du følger virksomheden,,,,OK,,,,,,,Arbejdskrafts tjenester,
1358,Clausens Sandwich,,,+4525360717,https://www.proff.dk/firma/clausens-sandwich/k%C3%B8benhavn-%C3%B8/arbejdskrafts-tjenester/0NV03EI10LU,thomasc8484@gmail.com,,Du følger virksomheden,,,,OK,,,,,,,Arbejdskrafts tjenester,
1359,ALLE consult,,,+4540418688,https://www.proff.dk/firma/alle-consult/hedehusene/arbejdskrafts-tjenester/0NW4NFI10LU,al@startigu.nu,,Du følger virksomheden,,,,OK,,,,,,,Arbejdskrafts tjenester,
1360,Jobs-in-Denmark,,,,https://www.proff.dk/firma/jobs-in-denmark/kolding/arbejdskrafts-tjenester/0NWKNZI10LU,denmarksjob@gmail.com,,Du følger virksomheden,,,,OK,,,,,,,Arbejdskrafts tjenester,
1361,Dansk Leverance Service ApS,,,+4553611643,https://www.proff.dk/firma/dansk-leverance-service-aps/n%C3%B8rre-alslev/arbejdskrafts-tjenester/0NXE9DI10LU,mikkel.hansen.paed@gmail.com,,Erhvervsstyrelsens signatur,,,,OK,,,,,,,Arbejdskrafts tjenester,
1362,DM-Rekruttering,,,+4540640069,https://www.proff.dk/firma/dm-rekruttering/odder/arbejdskrafts-tjenester/0NXG3MI10LU,dm@dm-rekruttering.dk,,Du følger virksomheden,,,,OK,,,,,,,Arbejdskrafts tjenester,
1363,MHE SERVICE,,,+4522446938,https://www.proff.dk/firma/mhe-service/%C3%B8rb%C3%A6k/arbejdskrafts-tjenester/0NY9N1I10LU,max.h.entreprenoer@gmail.com,,Du følger virksomheden,,,,OK,,,,,,,Arbejdskrafts tjenester,
1364,C. Meister Consulting,,,+4525303379,https://www.proff.dk/firma/c.-meister-consulting/humleb%C3%A6k/arbejdskrafts-tjenester/0NZGWVI10LU,meister.christina@gmail.com,,Du følger virksomheden,,,,OK,,,,,,,Arbejdskrafts tjenester,
1365,FM Multiservice,,,+4522632288,https://www.proff.dk/firma/fm-multiservice/s%C3%B8nderborg/arbejdskrafts-tjenester/0O08CWI10LU,info@fm-multiservice.dk,,Du følger virksomheden,,,,OK,,,,,,,Arbejdskrafts tjenester,
1366,Thrane & Co.,,,,https://www.proff.dk/firma/thrane-co./haderslev/arbejdskrafts-tjenester/0O0OM0I10LU,kjeld@thrane.org,,Du følger virksomheden,,,,OK,,,,,,,Arbejdskrafts tjenester,
1367,Vrønding Consult,,,+4530403043,https://www.proff.dk/firma/vr%C3%B8nding-consult/odense-s%C3%B8/arbejdskrafts-tjenester/0O0S6PI10LU,larsvrondal@gmail.com,,Du følger virksomheden,,,,OK,,,,,,,Arbejdskrafts tjenester,
1368,fp,,,,https://www.proff.dk/firma/fp/haderslev/arbejdskrafts-tjenester/0O0T95I10LU,frank.1965@live.dk,,Du følger virksomheden,,,,OK,,,,,,,Arbejdskrafts tjenester,
1369,T.H. Solutions,,,,https://www.proff.dk/firma/t.h.-solutions/fredericia/arbejdskrafts-tjenester/0O0ZOHI10LU,t.h.solutionsdk@gmail.com,,Du følger virksomheden,,,,OK,,,,,,,Arbejdskrafts tjenester,
1370,KL EL-teknik,,,,https://www.proff.dk/firma/kl-el-teknik/gentofte/arbejdskrafts-tjenester/0O1AZ4I10LU,hemmingsenkim@gmail.com,,Du følger virksomheden,,,,OK,,,,,,,Arbejdskrafts tjenester,
1371,KL Outlet ApS,,,+4525120994,https://www.proff.dk/firma/kl-outlet-aps/vinderup/arbejdskrafts-tjenester/0O1XAFI10LU,karina-lynge@hotmail.com,,Du følger virksomheden,,,,OK,,,,,,,Arbejdskrafts tjenester,
1372,NetKodex,,,+4552512595,https://www.proff.dk/firma/netkodex/k%C3%B8benhavn-%C3%B8/arbejdskrafts-tjenester/0O3I3UI10LU,marcuslassen1057@gmail.com,,Du følger virksomheden,,,,OK,,,,,,,Arbejdskrafts tjenester,
1373,BD Match,,,+4542737610,https://www.proff.dk/firma/bd-match/vallensb%C3%A6k-strand/arbejdskrafts-tjenester/0O5GANI10LU,btdencker@gmail.com,,Du følger virksomheden,,,,OK,,,,,,,Arbejdskrafts tjenester,
1374,vvs entreprise vikar,,,+4522369280,https://www.proff.dk/firma/vvs-entreprise-vikar/faaborg/arbejdskrafts-tjenester/0O5YKSI10LU,lasse25@sol.dk,,Du følger virksomheden,,,,OK,,,,,,,Arbejdskrafts tjenester,
1375,AarhusConsulting,,,,https://www.proff.dk/firma/aarhusconsulting/skjern/arbejdskrafts-tjenester/0O6888I10LU,lotte@aarhusconsulting.dk,,Du følger virksomheden,,,,OK,,,,,,,Arbejdskrafts tjenester,
1376,SAI Services,,,,https://www.proff.dk/firma/sai-services/ish%C3%B8j/arbejdskrafts-tjenester/0O6P1JI10LU,sharwandk@gmail.com,,Du følger virksomheden,,,,OK,,,,,,,Arbejdskrafts tjenester,
1377,Nikolaj Storm Transport,,,,https://www.proff.dk/firma/nikolaj-storm-transport/herlufmagle/arbejdskrafts-tjenester/0O7H69I10LU,stormagro1807@gmail.com,,Du følger virksomheden,,,,OK,,,,,,,Arbejdskrafts tjenester,
1378,Vagus,,,+00299554455,https://www.proff.dk/firma/vagus/nuuk/arbejdskrafts-tjenester/0O7N5DI10LU,efraim@greenvagus.com,,Du følger virksomheden,,,,OK,,,,,,,Arbejdskrafts tjenester,
1379,Profil Consulting,,,+4593706087,https://www.proff.dk/firma/profil-consulting/aller%C3%B8d/arbejdskrafts-tjenester/0O8IJLI10LU,ole.stuczen@outlook.dk,,Du følger virksomheden,,,,OK,,,,,,,Arbejdskrafts tjenester,
1380,TK Dan,,,,https://www.proff.dk/firma/tk-dan/fredericia/arbejdskrafts-tjenester/0O8JS1I10LU,bilairyna@hotmail.com,,Du følger virksomheden,,,,OK,,,,,,,Arbejdskrafts tjenester,
1381,Danstay,,,+4550657935,https://www.proff.dk/firma/danstay/aabenraa/arbejdskrafts-tjenester/0O8PMII10LU,ustymchyk@gmail.com,,Du følger virksomheden,,,,OK,,,,,,,Arbejdskrafts tjenester,
1382,Flasher Industri,,,+4553511350,https://www.proff.dk/firma/flasher-industri/horsens/arbejdskrafts-tjenester/0O9C8WI10LU,flasherf01@gmail.com,,Du følger virksomheden,,,,OK,,,,,,,Arbejdskrafts tjenester,
1383,Dansk Udlandsrekruttering,,,+4527840430,https://www.proff.dk/firma/dansk-udlandsrekruttering/br%C3%B8nderslev/arbejdskrafts-tjenester/0O9EOPI10LU,hej@danskudlandsrekruttering.dk,,Du følger virksomheden,,,,OK,,,,,,,Arbejdskrafts tjenester,
1384,Alliance Academy,,,+4542739919,https://www.proff.dk/firma/alliance-academy/ikast/arbejdskrafts-tjenester/0O9Y3UI10LU,jensnkaren@gmail.com,,Du følger virksomheden,,,,OK,,,,,,,Arbejdskrafts tjenester,
1385,VESTERGAARD,,,,https://www.proff.dk/firma/vestergaard/r%C3%B8dvig-stevns/arbejdskrafts-tjenester/0OA195I10LU,frank2012@sol.dk,,Du følger virksomheden,,,,OK,,,,,,,Arbejdskrafts tjenester,
1386,Future Consult,,,,https://www.proff.dk/firma/future-consult/br%C3%B8ndby/arbejdskrafts-tjenester/0OABX3I10LU,ibra@futcon.net,,Du følger virksomheden,,,,OK,,,,,,,Arbejdskrafts tjenester,
1387,Marianne Larsen,,,+4554932249,https://www.proff.dk/firma/marianne-larsen/nakskov/arbejdskrafts-tjenester/0OB446I10LU,mlarsen65@mail.dk,,Du følger virksomheden,,,,OK,,,,,,,Arbejdskrafts tjenester,
1388,Apache,,,+4542800780,https://www.proff.dk/firma/apache/k%C3%B8benhavn-k/arbejdskrafts-tjenester/0OBF02I10LU,hej@wedea.dk,,Du følger virksomheden,,,,OK,,,,,,,Arbejdskrafts tjenester,
1389,Wiese Coaching,,,+4561626129,https://www.proff.dk/firma/wiese-coaching/k%C3%B8benhavn-%C3%B8/arbejdskrafts-tjenester/0OCW98I10LU,simonpeterw@hotmail.com,,Du følger virksomheden,,,,OK,,,,,,,Arbejdskrafts tjenester,
1390,Copenhagen Yacht Crew,,,+4531466985,https://www.proff.dk/firma/copenhagen-yacht-crew/frederiksberg/arbejdskrafts-tjenester/0OD13KI10LU,louisekbryde@hotmail.com,,Du følger virksomheden,,,,OK,,,,,,,Arbejdskrafts tjenester,
1391,Selectioplus,,,+4529641532,https://www.proff.dk/firma/selectioplus/vejle/arbejdskrafts-tjenester/0OE4BUI10LU,hs@selectioplus.dk,,Du følger virksomheden,,,,OK,,,,,,,Arbejdskrafts tjenester,
1392,Anton Skammelsen,,,+4528776356,https://www.proff.dk/firma/anton-skammelsen/kjellerup/arbejdskrafts-tjenester/0OFEQAI10LU,antonskammelsen@hotmail.com,,Du følger virksomheden,,,,OK,,,,,,,Arbejdskrafts tjenester,
1393,Transit ApS,,,+4561474547,https://www.proff.dk/firma/transit-aps/farum/arbejdskrafts-tjenester/0OFRBBI10LU,ahmadbarakji@gmail.com,,Du følger virksomheden,,,,OK,,,,,,,Arbejdskrafts tjenester,
1394,R.Andersen v/ Rasmus Andersen,,,+4560221495,https://www.proff.dk/firma/r.andersen-v-rasmus-andersen/hadsten/arbejdskrafts-tjenester/0OG4MXI10LU,rasm920g@gmail.com,,Du følger virksomheden,,,,OK,,,,,,,Arbejdskrafts tjenester,
1395,Vangsgaard Maskin- og Montageværksted,,,+4522510473,https://www.proff.dk/firma/vangsgaard-maskin-og-montagev%C3%A6rksted/r%C3%B8dekro/arbejdskrafts-tjenester/0OGDH4I10LU,s.k.vangsgaard@gmail.com,,Du følger virksomheden,,,,OK,,,,,,,Arbejdskrafts tjenester,
1396,4Hire,,,+4522348435,https://www.proff.dk/firma/4hire/vejen/arbejdskrafts-tjenester/0OGNVQI10LU,4hiredk@gmail.com,,Du følger virksomheden,,,,OK,,,,,,,Arbejdskrafts tjenester,
1397,Dompro,,,+4531317388,https://www.proff.dk/firma/dompro/hornsyld/arbejdskrafts-tjenester/0OHXETI10LU,domi3g@gmail.com,,Du følger virksomheden,,,,OK,,,,,,,Arbejdskrafts tjenester,
1398,Min forretning v/ Kadir Essiz,,,+4542927213,https://www.proff.dk/firma/min-forretning-v-kadir-essiz/br%C3%B8ndby-strand/arbejdskrafts-tjenester/0OI63GI10LU,kadir-2660@hotmail.com,,Du følger virksomheden,,,,OK,,,,,,,Arbejdskrafts tjenester,
1399,WK Multiservice,,,,https://www.proff.dk/firma/wk-multiservice/kalundborg/arbejdskrafts-tjenester/0OICE1I10LU,wkmultiservice@gmail.com,,Du følger virksomheden,,,,OK,,,,,,,Arbejdskrafts tjenester,
1400,FarestaldsEliten,,,+4561167550,https://www.proff.dk/firma/farestaldseliten/toftlund/arbejdskrafts-tjenester/0OIQ7YI10LU,farestaldseliten@outlook.dk,,Du følger virksomheden,,,,OK,,,,,,,Arbejdskrafts tjenester,
1401,CS Protection Danmark,,,+4581756954,https://www.proff.dk/firma/cs-protection-danmark/%C3%A5byh%C3%B8j/arbejdskrafts-tjenester/0OISHEI10LU,mahdi.zaher.88@gmail.com,,Du følger virksomheden,,,,OK,,,,,,,Arbejdskrafts tjenester,
1402,HR Greenland,,,+00299547587,https://www.proff.dk/firma/hr-greenland/sisimiut/arbejdskrafts-tjenester/0OJBRLI10LU,sodamgaard@hotmail.com,,Du følger virksomheden,,,,OK,,,,,,,Arbejdskrafts tjenester,
1403,Scandinavian Pharmaceuticals ApS,,,+4523843624,https://www.proff.dk/firma/scandinavian-pharmaceuticals-aps/viby-j/arbejdskrafts-tjenester/0OJS70I10LU,ajmj.farma@hotmail.com,,Du følger virksomheden,,,,OK,,,,,,,Arbejdskrafts tjenester,
1404,White Wall Consulting,,,+4523645444,https://www.proff.dk/firma/white-wall-consulting/k%C3%B8benhavn-v/arbejdskrafts-tjenester/0OKA0LI10LU,bjarnevibe@gmail.com,,Du følger virksomheden,,,,OK,,,,,,,Arbejdskrafts tjenester,
1405,ZS multiservice,,,+4531703373,https://www.proff.dk/firma/zs-multiservice/herlev/arbejdskrafts-tjenester/0OKGHCI10LU,gazvani_@hotmail.com,,Du følger virksomheden,,,,OK,,,,,,,Arbejdskrafts tjenester,
1406,ConsultRo,,,+4522343501,https://www.proff.dk/firma/consultro/frederikshavn/arbejdskrafts-tjenester/0OKLNHI10LU,consultro2020@gmail.com,,Du følger virksomheden,,,,OK,,,,,,,Arbejdskrafts tjenester,
1407,MTi Consult,,,,https://www.proff.dk/firma/mti-consult/horsens/arbejdskrafts-tjenester/0OLV92I10LU,moti@mail.dk,,Du følger virksomheden,,,,OK,,,,,,,Arbejdskrafts tjenester,
1408,opportunities,,,+4550259145,https://www.proff.dk/firma/opportunities/s%C3%B8borg/arbejdskrafts-tjenester/0OM0DQI10LU,opportunities.ideal@gmail.com,,Du følger virksomheden,,,,OK,,,,,,,Arbejdskrafts tjenester,
1409,Storstrøms auto,,,+4523821169,https://www.proff.dk/firma/storstr%C3%B8ms-auto/n%C3%B8rre-alslev/arbejdskrafts-tjenester/0OM3QOI10LU,allan2300@hotmail.com,,Du følger virksomheden,,,,OK,,,,,,,Arbejdskrafts tjenester,
1410,Brücke,,,,https://www.proff.dk/firma/br%C3%BCcke/silkeborg/arbejdskrafts-tjenester/0OM8Q6I10LU,cj@bruecke.dk,,Du følger virksomheden,,,,OK,,,,,,,Arbejdskrafts tjenester,
1411,"Workprofi GmbH, filial af Workprofi Gmbh, Schweiz",,,,https://www.proff.dk/firma/workprofi-gmbh-filial-af-workprofi-gmbh-schweiz/k%C3%B8benhavn-k/arbejdskrafts-tjenester/0OMC3GI10LU,vb@handelskammer.dk,,Du følger virksomheden,,,,OK,,,,,,,Arbejdskrafts tjenester,
1412,Medcare,,,+4527378484,https://www.proff.dk/firma/medcare/br%C3%B8ndby/arbejdskrafts-tjenester/0OMU1VI10LU,ali_emad@hotmail.com,,Du følger virksomheden,,,,OK,,,,,,,Arbejdskrafts tjenester,
1413,DynamicSkills,,,+4542803446,https://www.proff.dk/firma/dynamicskills/borup/arbejdskrafts-tjenester/0OP0X9I10LU,janfaldborg@faldborgconsult.dk,,Du følger virksomheden,,,,OK,,,,,,,Arbejdskrafts tjenester,
1414,Kent Consulting,,,+4561617002,https://www.proff.dk/firma/kent-consulting/r%C3%B8dovre/arbejdskrafts-tjenester/0OPBQ8I10LU,allankent.jorgensen@gmail.com,,Du følger virksomheden,,,,OK,,,,,,,Arbejdskrafts tjenester,
1415,RiBec,,,+4528763091,https://www.proff.dk/firma/ribec/s%C3%B8nderborg/arbejdskrafts-tjenester/0OPDYMI10LU,beckerrickie@gmail.com,,Du følger virksomheden,,,,OK,,,,,,,Arbejdskrafts tjenester,
1416,Andrea Brøndsted,,,,https://www.proff.dk/firma/andrea-br%C3%B8ndsted/kongens-lyngby/arbejdskrafts-tjenester/0OQ2XLI10LU,andreabrondsted@gmail.com,,Du følger virksomheden,,,,OK,,,,,,,Arbejdskrafts tjenester,
1417,BeFreelance I/S,,,,https://www.proff.dk/firma/befreelance-is/vejle/arbejdskrafts-tjenester/0OQLQYI10LU,befreelanceis@gmail.com,,Du følger virksomheden,,,,OK,,,,,,,Arbejdskrafts tjenester,
1418,AmagerHypnoterapi,,,+4526822287,https://www.proff.dk/firma/amagerhypnoterapi/kastrup/arbejdskrafts-tjenester/0OQXPUI10LU,susisimonsen@gmail.com,,Du følger virksomheden,,,,OK,,,,,,,Arbejdskrafts tjenester,
1419,Marius Serv,,,,https://www.proff.dk/firma/marius-serv/holstebro/arbejdskrafts-tjenester/0ORIF1I10LU,fudulumarius95@yahoo.com,,Du følger virksomheden,,,,OK,,,,,,,Arbejdskrafts tjenester,
1420,Nordic Support,,,,https://www.proff.dk/firma/nordic-support/holstebro/arbejdskrafts-tjenester/0ORKHAI10LU,mft@nordicsupport.dk,,Du følger virksomheden,,,,OK,,,,,,,Arbejdskrafts tjenester,
1421,AV ConcepT,,,+4552631474,https://www.proff.dk/firma/av-concept/odense-s%C3%B8/arbejdskrafts-tjenester/0OSCVCI10LU,avconceptpmv@gmail.com,,Du følger virksomheden,,,,OK,,,,,,,Arbejdskrafts tjenester,
1422,Jysk Rekruttering ApS,,,,https://www.proff.dk/firma/jysk-rekruttering-aps/hj%C3%B8rring/arbejdskrafts-tjenester/0OSRN5I10LU,info@jyre.dk,,Du følger virksomheden,,,,OK,,,,,,,Arbejdskrafts tjenester,
1423,Marwan Ghailani,,,,https://www.proff.dk/firma/marwan-ghailani/k%C3%B8benhavn-s/arbejdskrafts-tjenester/0OSZ11I10LU,mgh@jobteam.dk,,Du følger virksomheden,,,,OK,,,,,,,Arbejdskrafts tjenester,
1424,Corell Consult,,,+4528895428,https://www.proff.dk/firma/corell-consult/kirke-hyllinge/arbejdskrafts-tjenester/0OT2JPI10LU,corellc@outlook.dk,,Du følger virksomheden,,,,OK,,,,,,,Arbejdskrafts tjenester,
1425,MØHLENBERG Headhunting & Rekruttering,,,+4529719297,https://www.proff.dk/firma/m%C3%B8hlenberg-headhunting-rekruttering/viby-j/arbejdskrafts-tjenester/0OTGVAI10LU,km@mbhr.dk,,Du følger virksomheden,,,,OK,,,,,,,Arbejdskrafts tjenester,
1426,Bedre-Vikar,,,,https://www.proff.dk/firma/bedre-vikar/hammel/arbejdskrafts-tjenester/0OTQVKI10LU,fahedshahin7@gmail.com,,Du følger virksomheden,,,,OK,,,,,,,Arbejdskrafts tjenester,
1427,"Minnovation Danmark, filial af Minnovation International AB, Sverige",,,+4545866010,https://www.proff.dk/firma/minnovation-danmark-filial-af-minnovation-international-ab-sverige/herlev/arbejdskrafts-tjenester/0OTVZSI10LU,skj@minnov.se,,Du følger virksomheden,,,,OK,,,,,,,Arbejdskrafts tjenester,
1428,CTM by B ApS,,,+4522500077,https://www.proff.dk/firma/ctm-by-b-aps/n%C3%A6stved/arbejdskrafts-tjenester/0OU9EXI10LU,ctmbyb@gmail.com,,Du følger virksomheden,,,,OK,,,,,,,Arbejdskrafts tjenester,
1429,MB Consult,,,,https://www.proff.dk/firma/mb-consult/vallensb%C3%A6k/arbejdskrafts-tjenester/0OUT69I10LU,mbconsult01@gmail.com,,Du følger virksomheden,,,,OK,,,,,,,Arbejdskrafts tjenester,
1430,JA Recruit,,,+4521190309,https://www.proff.dk/firma/ja-recruit/randers-s%C3%B8/arbejdskrafts-tjenester/0OWQCMI10LU,ja.recruit@outlook.dk,,Du følger virksomheden,,,,OK,,,,,,,Arbejdskrafts tjenester,
1431,Trebbien & Tychsen,,,+4522840013,https://www.proff.dk/firma/trebbien-tychsen/odder/arbejdskrafts-tjenester/0OY91ZI10LU,mt@trebbienrecruitment.dk,,Du følger virksomheden,,,,OK,,,,,,,Arbejdskrafts tjenester,
1432,"Voldum Kranio-sakral Terapi, Winnis Univers",,,,https://www.proff.dk/firma/voldum-kranio-sakral-terapi-winnis-univers/hadsten/arbejdskrafts-tjenester/0OYJZII10LU,kontakt@winnisunivers.dk,,Du følger virksomheden,,,,OK,,,,,,,Arbejdskrafts tjenester,
1433,Asp Consulting,,,+4523292455,https://www.proff.dk/firma/asp-consulting/br%C3%B8nsh%C3%B8j/arbejdskrafts-tjenester/0OYQNZI10LU,astasp10@gmail.com,,Du følger virksomheden,,,,OK,,,,,,,Arbejdskrafts tjenester,
1434,Niveau Vikarbureau,,,+4553570176,https://www.proff.dk/firma/niveau-vikarbureau/odense-c/arbejdskrafts-tjenester/0P00ZMI10LU,fyrstemil@gmail.com,,Du følger virksomheden,,,,OK,,,,,,,Arbejdskrafts tjenester,
1435,Rekrutteringspartner v/Mikkel Meirup,,,,https://www.proff.dk/firma/rekrutteringspartner-vmikkel-meirup/k%C3%B8benhavn-k/arbejdskrafts-tjenester/0P018YI10LU,mikkeldurhuus@hotmail.com,,Du følger virksomheden,,,,OK,,,,,,,Arbejdskrafts tjenester,
1436,Ajstruphus-Consult,,,+4527261970,https://www.proff.dk/firma/ajstruphus-consult/odense-v/arbejdskrafts-tjenester/0P1QD6I10LU,tm@esad.dk,,Du følger virksomheden,,,,OK,,,,,,,Arbejdskrafts tjenester,
1437,businessoptimization,,,+4526793998,https://www.proff.dk/firma/businessoptimization/kastrup/arbejdskrafts-tjenester/0P28ZMI10LU,hafaz.shah@gmail.com,,Du følger virksomheden,,,,OK,,,,,,,Arbejdskrafts tjenester,
1438,Jurahuset,,,,https://www.proff.dk/firma/jurahuset/sk%C3%A6vinge/arbejdskrafts-tjenester/0P2ABUI10LU,kontakt@jurahuset.com,,Du følger virksomheden,,,,OK,,,,,,,Arbejdskrafts tjenester,
1439,CWille-Service,,,,https://www.proff.dk/firma/cwille-service/herf%C3%B8lge/arbejdskrafts-tjenester/0P4H69I10LU,christinawille@me.com,,Du følger virksomheden,,,,OK,,,,,,,Arbejdskrafts tjenester,
1440,Diana Corell Yachts,,,,https://www.proff.dk/firma/diana-corell-yachts/esperg%C3%A6rde/arbejdskrafts-tjenester/0P655EI10LU,dianacorell@gmail.com,,Du følger virksomheden,,,,OK,,,,,,,Arbejdskrafts tjenester,
1441,NextStep Coaching,,,+4560707704,https://www.proff.dk/firma/nextstep-coaching/kastrup/arbejdskrafts-tjenester/0P6D9VI10LU,info.nextstepconsulting@gmail.com,,Du følger virksomheden,,,,OK,,,,,,,Arbejdskrafts tjenester,
1442,AP Multiservice,,,,https://www.proff.dk/firma/ap-multiservice/otterup/arbejdskrafts-tjenester/0P6IJ9I10LU,contact_theflowerbee@yahoo.com,,Du følger virksomheden,,,,OK,,,,,,,Arbejdskrafts tjenester,
1443,Pine Cabin Consult,,,+4520203899,https://www.proff.dk/firma/pine-cabin-consult/drag%C3%B8r/arbejdskrafts-tjenester/0P9H9ZI10LU,perhpetersen@gmail.com,,Du følger virksomheden,,,,OK,,,,,,,Arbejdskrafts tjenester,
1444,Leskrow ApS,,,+4550565038,https://www.proff.dk/firma/leskrow-aps/hobro/arbejdskrafts-tjenester/0P9RMYI10LU,kim@gaarsdahl.dk,,Du følger virksomheden,,,,OK,,,,,,,Arbejdskrafts tjenester,
1445,Eman Schou,,,,https://www.proff.dk/firma/eman-schou/k%C3%B8benhavn-s/arbejdskrafts-tjenester/0PA4ROI10LU,eman.schou@icloud.com,,Du følger virksomheden,,,,OK,,,,,,,Arbejdskrafts tjenester,
1446,Sproute,,,,https://www.proff.dk/firma/sproute/br%C3%B8nsh%C3%B8j/arbejdskrafts-tjenester/0PAT5FI10LU,info@sproute.dk,,Du følger virksomheden,,,,OK,,,,,,,Arbejdskrafts tjenester,
1447,3 VIKAR ApS,,,,https://www.proff.dk/firma/3-vikar-aps/n%C3%A6rum/arbejdskrafts-tjenester/0PBGR8I10LU,zaki@mail.dk,,Du følger virksomheden,,,,OK,,,,,,,Arbejdskrafts tjenester,
1448,BD Consulting,,,+4520964495,https://www.proff.dk/firma/bd-consulting/k%C3%B8benhavn-k/arbejdskrafts-tjenester/0PBMYYI10LU,birgitte_daniel@hotmail.com,,Du følger virksomheden,,,,OK,,,,,,,Arbejdskrafts tjenester,
1449,Vikar/altmulige,,,+4522180310,https://www.proff.dk/firma/vikaraltmulige/str%C3%B8by/arbejdskrafts-tjenester/0PBNUOI10LU,michaelvangsaa@gmail.com,,Du følger virksomheden,,,,OK,,,,,,,Arbejdskrafts tjenester,
1450,Frontværn - Vagt & Mandskabsservice,,,,https://www.proff.dk/firma/frontv%C3%A6rn-vagt-mandskabsservice/br%C3%B8ndby/arbejdskrafts-tjenester/0PC1TJI10LU,mimoun@mez.dk,,Du følger virksomheden,,,,OK,,,,,,,Arbejdskrafts tjenester,
1451,Skouby AirTech,,,,https://www.proff.dk/firma/skouby-airtech/taastrup/arbejdskrafts-tjenester/0PCJHQI10LU,kskouby93@yahoo.com,,Du følger virksomheden,,,,OK,,,,,,,Arbejdskrafts tjenester,
1452,KE Consult,,,+4560224477,https://www.proff.dk/firma/ke-consult/kastrup/arbejdskrafts-tjenester/0PCZQMI10LU,kim@engmark.eu,,Du følger virksomheden,,,,OK,,,,,,,Arbejdskrafts tjenester,
1453,Resource Planet,,,,https://www.proff.dk/firma/resource-planet/k%C3%B8benhavn-s/arbejdskrafts-tjenester/0PE3NTI10LU,info@resourceplanet.dk,,Du følger virksomheden,,,,OK,,,,,,,Arbejdskrafts tjenester,
1454,KBH Service,,,+4542171247,https://www.proff.dk/firma/kbh-service/glostrup/arbejdskrafts-tjenester/0PE90CI10LU,kbh-vikar@outlook.dk,,Du følger virksomheden,,,,OK,,,,,,,Arbejdskrafts tjenester,
1455,Westh Rekruttering,,,+4561281281,https://www.proff.dk/firma/westh-rekruttering/herf%C3%B8lge/arbejdskrafts-tjenester/0PED94I10LU,anitap4600@gmail.com,,Du følger virksomheden,,,,OK,,,,,,,Arbejdskrafts tjenester,
1456,Hos Bageren Vester Skerninge,,,+4520788934,https://www.proff.dk/firma/hos-bageren-vester-skerninge/vester-skerninge/arbejdskrafts-tjenester/0PF15VI10LU,millingcharlotte@hotmail.com,,Du følger virksomheden,,,,OK,,,,,,,Arbejdskrafts tjenester,
1457,Momo Auto & Byg,,,,https://www.proff.dk/firma/momo-auto-byg/trige/arbejdskrafts-tjenester/0PFKM8I10LU,allouch@live.dk,,Du følger virksomheden,,,,OK,,,,,,,Arbejdskrafts tjenester,
1458,M.P.Agency,,,+4560733859,https://www.proff.dk/firma/m.p.agency/grevinge/arbejdskrafts-tjenester/0PFQ7FI10LU,official.mpa.info@gmail.com,,Du følger virksomheden,,,,OK,,,,,,,Arbejdskrafts tjenester,
1459,NewWorkers,,,,https://www.proff.dk/firma/newworkers/struer/arbejdskrafts-tjenester/0PG60HI10LU,info@newworkers.dk,,Du følger virksomheden,,,,OK,,,,,,,Arbejdskrafts tjenester,
1460,Dueholmgård,,,,https://www.proff.dk/firma/dueholmg%C3%A5rd/nyk%C3%B8bing-m/arbejdskrafts-tjenester/0PGEUSI10LU,malenetreldal@hotmail.com,,Du følger virksomheden,,,,OK,,,,,,,Arbejdskrafts tjenester,
1461,KDC Murerfirma,,,,https://www.proff.dk/firma/kdc-murerfirma/ballerup/arbejdskrafts-tjenester/0PGJZ4I10LU,znowujam@gmail.com,,Du følger virksomheden,,,,OK,,,,,,,Arbejdskrafts tjenester,
1462,MK mandskabsudlejning,,,,https://www.proff.dk/firma/mk-mandskabsudlejning/karlslunde/arbejdskrafts-tjenester/0PHJQOI10LU,morten@mkmandskabsudlejning.dk,,Du følger virksomheden,,,,OK,,,,,,,Arbejdskrafts tjenester,
1463,GlobEx,,,+4599580532,https://www.proff.dk/firma/globex/nuuk/arbejdskrafts-tjenester/0PHXTYI10LU,globexgreenland@outlook.com,,Du følger virksomheden,,,,OK,,,,,,,Arbejdskrafts tjenester,
1464,MiNDF!ND,,,+4541249135,https://www.proff.dk/firma/mindf!nd/risskov/arbejdskrafts-tjenester/0PHZNPI10LU,michaelstorm1970@gmail.com,,Du følger virksomheden,,,,OK,,,,,,,Arbejdskrafts tjenester,
1465,ALM Sikring,,,+4599260086,https://www.proff.dk/firma/alm-sikring/nuuk/arbejdskrafts-tjenester/0PI7S1I10LU,aminnguaq@gmail.com,,Du følger virksomheden,,,,OK,,,,,,,Arbejdskrafts tjenester,
1466,VikNord,,,,https://www.proff.dk/firma/viknord/agedrup/arbejdskrafts-tjenester/0PJD1PI10LU,ekaknjasevic@gmail.com,,Du følger virksomheden,,,,OK,,,,,,,Arbejdskrafts tjenester,
1467,Konsulentfirmaet Ole Toft Sørensen,,,+4521671655,https://www.proff.dk/firma/konsulentfirmaet-ole-toft-s%C3%B8rensen/silkeborg/arbejdskrafts-tjenester/0PJSRQI10LU,ots@dgi.dk,,Du følger virksomheden,,,,OK,,,,,,,Arbejdskrafts tjenester,
1468,AdanCare,,,+4560935578,https://www.proff.dk/firma/adancare/viuf/arbejdskrafts-tjenester/0PK248I10LU,kontakt@adancare.dk,,Du følger virksomheden,,,,OK,,,,,,,Arbejdskrafts tjenester,
1469,Tornehave Consulting,,,+4542759150,https://www.proff.dk/firma/tornehave-consulting/odense-c/arbejdskrafts-tjenester/0PKWGKI10LU,stornehave@gmail.com,,Du følger virksomheden,,,,OK,,,,,,,Arbejdskrafts tjenester,
1470,Danstrup Vikar,,,+4542422623,https://www.proff.dk/firma/danstrup-vikar/k%C3%B8benhavn-v/arbejdskrafts-tjenester/0PLHOLI10LU,info@danstrupvikar.dk,,Du følger virksomheden,,,,OK,,,,,,,Arbejdskrafts tjenester,
1471,VikarPartner,,,,https://www.proff.dk/firma/vikarpartner/valby/arbejdskrafts-tjenester/0PME6FI10LU,kontakt@semperservice.dk,,Du følger virksomheden,,,,OK,,,,,,,Arbejdskrafts tjenester,
1472,A+HR services,,,+4552648492,https://www.proff.dk/firma/ahr-services/k%C3%B8ge/arbejdskrafts-tjenester/0PMPMKI10LU,rh@aplushr.dk,,Du følger virksomheden,,,,OK,,,,,,,Arbejdskrafts tjenester,
1473,Socialpædagogisk vikarbureau I/S,,,+4528146062,https://www.proff.dk/firma/socialp%C3%A6dagogisk-vikarbureau-is/herning/arbejdskrafts-tjenester/0POX9EI10LU,mortenschou89@gmail.com,,Du følger virksomheden,,,,OK,,,,,,,Arbejdskrafts tjenester,
1474,JENHAR Ejendomme,,,,https://www.proff.dk/firma/jenhar-ejendomme/vester-skerninge/arbejdskrafts-tjenester/0PQ56TI10LU,tonnihald@gmail.com,,Du følger virksomheden,,,,OK,,,,,,,Arbejdskrafts tjenester,
1475,Asec:Group,,,+4570604743,https://www.proff.dk/firma/asec%3Agroup/n%C3%A6stved/arbejdskrafts-tjenester/0PQUTNI10LU,info@asecgroup.eu,,Du følger virksomheden,,,,OK,,,,,,,Arbejdskrafts tjenester,
1476,SWsearch,,,+4528870530,https://www.proff.dk/firma/swsearch/sor%C3%B8/arbejdskrafts-tjenester/0PR3MKI10LU,sas.sasja95@gmail.com,,Du følger virksomheden,,,,OK,,,,,,,Arbejdskrafts tjenester,
1477,Parholt Gruppen I/S,,,+4522704708,https://www.proff.dk/firma/parholt-gruppen-is/esbjerg/arbejdskrafts-tjenester/0PRY61I10LU,parholt@parholt.dk,,Du følger virksomheden,,,,OK,,,,,,,Arbejdskrafts tjenester,
1478,Hvam Ventures,,,+4551900520,https://www.proff.dk/firma/hvam-ventures/k%C3%B8benhavn-s/arbejdskrafts-tjenester/0PS2BMI10LU,jacobhvam1@gmail.com,,Du følger virksomheden,,,,OK,,,,,,,Arbejdskrafts tjenester,
1479,FYGMM,,,+4542215248,https://www.proff.dk/firma/fygmm/helsing%C3%B8r/arbejdskrafts-tjenester/0PSS0XI10LU,fygmm.hovedkontor@gmail.com,,Du følger virksomheden,,,,OK,,,,,,,Arbejdskrafts tjenester,
1480,MoveMe Talent,,,+4581909320,https://www.proff.dk/firma/moveme-talent/k%C3%B8benhavn-s/arbejdskrafts-tjenester/0PSUATI10LU,movemetalent@gmail.com,,Du følger virksomheden,,,,OK,,,,,,,Arbejdskrafts tjenester,
1481,People2People,,,,https://www.proff.dk/firma/people2people/k%C3%B8benhavn-sv/arbejdskrafts-tjenester/0PTGBWI10LU,louise.p80@gmail.com,,Du følger virksomheden,,,,OK,,,,,,,Arbejdskrafts tjenester,
1482,NordicMultiSolutions,,,+4552809309,https://www.proff.dk/firma/nordicmultisolutions/k%C3%B8benhavn-nv/arbejdskrafts-tjenester/0PTNELI10LU,ms@nordicmultisolutions.dk,,Du følger virksomheden,,,,OK,,,,,,,Arbejdskrafts tjenester,
1483,MK Works,,,,https://www.proff.dk/firma/mk-works/arden/arbejdskrafts-tjenester/0PU34EI10LU,mikemkworks@gmail.com,,Du følger virksomheden,,,,OK,,,,,,,Arbejdskrafts tjenester,
1484,Eventpersonale.com,,,+4529139818,https://www.proff.dk/firma/eventpersonale.com/k%C3%B8benhavn-v/arbejdskrafts-tjenester/0PUH1RI10LU,kasper@eventpersonale.com,,Du følger virksomheden,,,,OK,,,,,,,Arbejdskrafts tjenester,
1485,Welmatch,,,+4520652121,https://www.proff.dk/firma/welmatch/valby/arbejdskrafts-tjenester/0PUH6HI10LU,kenneth@welmatch.dk,,Du følger virksomheden,,,,OK,,,,,,,Arbejdskrafts tjenester,
1486,Fine Cleanning,,,,https://www.proff.dk/firma/fine-cleanning/k%C3%B8benhavn-s/arbejdskrafts-tjenester/0PUN3FI10LU,fioziraza@gmail.com,,Du følger virksomheden,,,,OK,,,,,,,Arbejdskrafts tjenester,
1487,Renord Facility Service,,,+4591742705,https://www.proff.dk/firma/renord-facility-service/herlev/arbejdskrafts-tjenester/0PV2PDI10LU,renordservice@gmail.com,,Du følger virksomheden,,,,OK,,,,,,,Arbejdskrafts tjenester,
1488,Nordic Response ApS,,,60213303,https://www.proff.dk/firma/nordic-response-aps/daug%C3%A5rd/arbejdskrafts-tjenester/0PVW7QI10LU,info@prisrobert.dk,,Du følger virksomheden,,,,OK,,,,,,,Arbejdskrafts tjenester,
1489,Remote & Relocate Scandinavia,,,+4531840402,https://www.proff.dk/firma/remote-relocate-scandinavia/kors%C3%B8r/arbejdskrafts-tjenester/0PVWSLI10LU,mrs.jacqui.senekal@gmail.com,,Du følger virksomheden,,,,OK,,,,,,,Arbejdskrafts tjenester,
1490,LF Fix,,,+4591879017,https://www.proff.dk/firma/lf-fix/nyk%C3%B8bing-f/arbejdskrafts-tjenester/0PW02YI10LU,kejserbahn94@hotmail.com,,Du følger virksomheden,,,,OK,,,,,,,Arbejdskrafts tjenester,
1491,AB Vikar,,,+4593101217,https://www.proff.dk/firma/ab-vikar/bramming/arbejdskrafts-tjenester/0PWWPUI10LU,annelinejakobsen@hotmail.com,,Du følger virksomheden,,,,OK,,,,,,,Arbejdskrafts tjenester,
1492,Scanvikar ApS,,,31414270,https://www.proff.dk/firma/scanvikar-aps/taastrup/arbejdskrafts-tjenester/0PX1W3I10LU,aykutocak88@hotmail.com,,Du følger virksomheden,,,,OK,,,,,,,Arbejdskrafts tjenester,
1493,LMS-konsulting,,,+4522219523,https://www.proff.dk/firma/lms-konsulting/holmegaard/arbejdskrafts-tjenester/0PX4S9I10LU,l.staszczyk@hotmail.com,,Du følger virksomheden,,,,OK,,,,,,,Arbejdskrafts tjenester,
1494,Task Team,,,,https://www.proff.dk/firma/task-team/br%C3%B8ndby/arbejdskrafts-tjenester/0PXM7QI10LU,taskteam@outlook.dk,,Du følger virksomheden,,,,OK,,,,,,,Arbejdskrafts tjenester,
1495,Admin Ida,,,+4599493846,https://www.proff.dk/firma/admin-ida/qaqortoq/arbejdskrafts-tjenester/0PXTORI10LU,idarebella@gmail.com,,Du følger virksomheden,,,,OK,,,,,,,Arbejdskrafts tjenester,
1496,Lion EL,,,,https://www.proff.dk/firma/lion-el/valby/arbejdskrafts-tjenester/0PXYHKI10LU,maghreb@live.dk,,Du følger virksomheden,,,,OK,,,,,,,Arbejdskrafts tjenester,
1497,Matchmentor,,,,https://www.proff.dk/firma/matchmentor/aarhus-v/arbejdskrafts-tjenester/0PZCA5I10LU,matchmentorkd@gmail.com,,Du følger virksomheden,,,,OK,,,,,,,Arbejdskrafts tjenester,
1498,Plan-b industri,,,,https://www.proff.dk/firma/plan-b-industri/esbjerg-n/arbejdskrafts-tjenester/0PZYVKI10LU,plan-b@outlook.dk,,Du følger virksomheden,,,,OK,,,,,,,Arbejdskrafts tjenester,
1499,Vikar Nord Service,,,+4591474350,https://www.proff.dk/firma/vikar-nord-service/hasselager/arbejdskrafts-tjenester/0Q09DWI10LU,lucianion104@gmail.com,,Du følger virksomheden,,,,OK,,,,,,,Arbejdskrafts tjenester,
1500,Vikar Til Tjeneste,,,,https://www.proff.dk/firma/vikar-til-tjeneste/vejle/arbejdskrafts-tjenester/0Q1RM8I10LU,vikar-tt@outlook.com,,Du følger virksomheden,,,,OK,,,,,,,Arbejdskrafts tjenester,
1501,Nordic Blossom Consulting,,,+4527620525,https://www.proff.dk/firma/nordic-blossom-consulting/k%C3%B8benhavn-nv/arbejdskrafts-tjenester/0Q2729I10LU,daisynmscribner@gmail.com,,Du følger virksomheden,,,,OK,,,,,,,Arbejdskrafts tjenester,
1502,Ninas Service ApS,,,,https://www.proff.dk/firma/ninas-service-aps/ish%C3%B8j/arbejdskrafts-tjenester/0Q2SHKI10LU,ninasrengoring@hotmail.com,,Du følger virksomheden,,,,OK,,,,,,,Arbejdskrafts tjenester,
1503,My 8gency ApS,,,52585881,https://www.proff.dk/firma/my-8gency-aps/k%C3%B8benhavn-n/arbejdskrafts-tjenester/0Q2WAXI10LU,ng@ngpartners.dk,,Du følger virksomheden,,,,OK,,,,,,,Arbejdskrafts tjenester,
1504,A. S. Wiborg,,,+4560845619,https://www.proff.dk/firma/a.-s.-wiborg/vanl%C3%B8se/arbejdskrafts-tjenester/0Q3BQII10LU,andreaswiborg99@gmail.com,,Du følger virksomheden,,,,OK,,,,,,,Arbejdskrafts tjenester,
1505,Castit Czarnecki,,,+4571929277,https://www.proff.dk/firma/castit-czarnecki/k%C3%B8benhavn-k/arbejdskrafts-tjenester/0Q48BRI10LU,info@castit.dk,,Du følger virksomheden,,,,OK,,,,,,,Arbejdskrafts tjenester,
1506,ØDEN,,,+4542662993,https://www.proff.dk/firma/%C3%B8den/k%C3%B8benhavn-nv/arbejdskrafts-tjenester/0Q4WU6I10LU,ern.kozlow@gmail.com,,Du følger virksomheden,,,,OK,,,,,,,Arbejdskrafts tjenester,
1507,Bjørke HR Consulting,,,+4540189632,https://www.proff.dk/firma/bj%C3%B8rke-hr-consulting/kongens-lyngby/arbejdskrafts-tjenester/0Q50CKI10LU,abjorke21@gmail.com,,Du følger virksomheden,,,,OK,,,,,,,Arbejdskrafts tjenester,
1508,JoblisteDK,,,,https://www.proff.dk/firma/joblistedk/vejle/arbejdskrafts-tjenester/0Q67SRI10LU,info@jobliste.dk,,Du følger virksomheden,,,,OK,,,,,,,Arbejdskrafts tjenester,
1509,Muca,,,+4526474547,https://www.proff.dk/firma/muca/vipper%C3%B8d/arbejdskrafts-tjenester/0Q6QVGI10LU,cak1n@hotmail.com,,Du følger virksomheden,,,,OK,,,,,,,Arbejdskrafts tjenester,
1510,JobOtto Rekruttering,,,+4520328346,https://www.proff.dk/firma/jobotto-rekruttering/tranbjerg-j/arbejdskrafts-tjenester/0Q6VB3I10LU,jo.grabau@outlook.dk,,Du følger virksomheden,,,,OK,,,,,,,Arbejdskrafts tjenester,
1511,Patrick Nielsen Nicolaisen,,,+4542154470,https://www.proff.dk/firma/patrick-nielsen-nicolaisen/k%C3%B8benhavn-v/arbejdskrafts-tjenester/0Q74RVI10LU,patricknielsennicolaisen@gmail.com,,Du følger virksomheden,,,,OK,,,,,,,Arbejdskrafts tjenester,
1512,FILO Consulting,,,,https://www.proff.dk/firma/filo-consulting/k%C3%B8ge/arbejdskrafts-tjenester/0Q7ASVI10LU,mikkel_falckjensen@hotmail.com,,Du følger virksomheden,,,,OK,,,,,,,Arbejdskrafts tjenester,
1513,YER Experts GmbH,,,,https://www.proff.dk/firma/yer-experts-gmbh/k%C3%B8benhavn-k/arbejdskrafts-tjenester/0Q7J3II10LU,vb@handelskammer.dk,,Du følger virksomheden,,,,OK,,,,,,,Arbejdskrafts tjenester,
1514,Swiss Worktravel,,,+4581985052,https://www.proff.dk/firma/swiss-worktravel/billum/arbejdskrafts-tjenester/0Q7OGDI10LU,louise@swissworktravel.com,,Du følger virksomheden,,,,OK,,,,,,,Arbejdskrafts tjenester,
1515,JobTeam Metal Glostrup,,,+4552787239,https://www.proff.dk/firma/jobteam-metal-glostrup/br%C3%B8ndby/arbejdskrafts-tjenester/0Q7P2VI10LU,krj@jobteam.dk,,Du følger virksomheden,,,,OK,,,,,,,Arbejdskrafts tjenester,
1516,Guldager HR Services,,,,https://www.proff.dk/firma/guldager-hr-services/saltum/arbejdskrafts-tjenester/0Q86MAI10LU,guldagerlars@hotmail.com,,Du følger virksomheden,,,,OK,,,,,,,Arbejdskrafts tjenester,
1517,flex4you,,,+4591691168,https://www.proff.dk/firma/flex4you/odense-n%C3%B8/arbejdskrafts-tjenester/0Q8PQOI10LU,info@flex4you.dk,,Du følger virksomheden,,,,OK,,,,,,,Arbejdskrafts tjenester,
1518,SABINADESTE,,,,https://www.proff.dk/firma/sabinadeste/hellerup/arbejdskrafts-tjenester/0Q8TC8I10LU,sabinadeste@me.com,,Du følger virksomheden,,,,OK,,,,,,,Arbejdskrafts tjenester,
1519,Suleqatigiit 3911,,,+229886,https://www.proff.dk/firma/suleqatigiit-3911/sisimiut/arbejdskrafts-tjenester/0QACPDI10LU,hansjakobolsen58@gmail.com,,Du følger virksomheden,,,,OK,,,,,,,Arbejdskrafts tjenester,
1520,Executive Match,,,+4526538757,https://www.proff.dk/firma/executive-match/risskov/arbejdskrafts-tjenester/0QAKQMI10LU,rkd@executivematch.dk,,Du følger virksomheden,,,,OK,,,,,,,Arbejdskrafts tjenester,
1521,Eva Lena Brabin,,,+4550347919,https://www.proff.dk/firma/eva-lena-brabin/k%C3%B8benhavn-nv/arbejdskrafts-tjenester/0QAKSFI10LU,evalenabrabin@gmail.com,,Du følger virksomheden,,,,OK,,,,,,,Arbejdskrafts tjenester,
1522,MIN Entreprise ApS,,,+4550114229,https://www.proff.dk/firma/min-entreprise-aps/r%C3%B8nnede/arbejdskrafts-tjenester/0QAY9VI10LU,m.entrepriseaps@gmail.com,,Du følger virksomheden,,,,OK,,,,,,,Arbejdskrafts tjenester,
1523,Darrta,,,,https://www.proff.dk/firma/darrta/esbjerg/arbejdskrafts-tjenester/0QB3ENI10LU,dartjemb@gmail.com,,Du følger virksomheden,,,,OK,,,,,,,Arbejdskrafts tjenester,
1524,Zeo,,,,https://www.proff.dk/firma/zeo/maribo/arbejdskrafts-tjenester/0QBI21I10LU,pedersen1982@gmail.com,,Du følger virksomheden,,,,OK,,,,,,,Arbejdskrafts tjenester,
1525,Slagslunde Løn & HR,,,+4525753526,https://www.proff.dk/firma/slagslunde-l%C3%B8n-hr/tune/arbejdskrafts-tjenester/0QBIYCI10LU,michael@slagslunde.com,,Du følger virksomheden,,,,OK,,,,,,,Arbejdskrafts tjenester,
1526,Socialvikarsyd,,,,https://www.proff.dk/firma/socialvikarsyd/s%C3%B8nderborg/arbejdskrafts-tjenester/0QBJX3I10LU,isah@socialvikarsyd.dk,,Du følger virksomheden,,,,OK,,,,,,,Arbejdskrafts tjenester,
1527,ViKan Care,,,+4581715234,https://www.proff.dk/firma/vikan-care/vallensb%C3%A6k-strand/arbejdskrafts-tjenester/0QBPNXI10LU,kanlardan@live.dk,,Du følger virksomheden,,,,OK,,,,,,,Arbejdskrafts tjenester,
1528,Andrews,,,+4526242629,https://www.proff.dk/firma/andrews/slagelse/arbejdskrafts-tjenester/0QBQM4I10LU,info@andrewsburger.dk,,Du følger virksomheden,,,,OK,,,,,,,Arbejdskrafts tjenester,
1529,MAG Group,,,+4528835628,https://www.proff.dk/firma/mag-group/k%C3%B8ge/arbejdskrafts-tjenester/0QBRFYI10LU,mag-entreprenoer@outlook.com,,Du følger virksomheden,,,,OK,,,,,,,Arbejdskrafts tjenester,
1530,DAKI Mandskab,,,+4553940802,https://www.proff.dk/firma/daki-mandskab/sk%C3%A6lsk%C3%B8r/arbejdskrafts-tjenester/0QBTSTI10LU,jimmy680487@gmail.com,,Du følger virksomheden,,,,OK,,,,,,,Arbejdskrafts tjenester,
1531,Swapp Agency,,,+4547831779,https://www.proff.dk/firma/swapp-agency/ilulissat/arbejdskrafts-tjenester/0QBWJTI10LU,kontakt@repenso.dk,,Du følger virksomheden,,,,OK,,,,,,,Arbejdskrafts tjenester,
1532,M-H Auto og dækservice,,,,https://www.proff.dk/firma/m-h-auto-og-d%C3%A6kservice/gislev/arbejdskrafts-tjenester/0QBZXNI10LU,2000pac@godmail.dk,,Du følger virksomheden,,,,OK,,,,,,,Arbejdskrafts tjenester,
1533,BtB Strategi,,,+4581228180,https://www.proff.dk/firma/btb-strategi/charlottenlund/arbejdskrafts-tjenester/0QC0B7I10LU,mn@btbstrategi.dk,,Du følger virksomheden,,,,OK,,,,,,,Arbejdskrafts tjenester,
1534,Sundhedspartner Danmark ApS,,,,https://www.proff.dk/firma/sundhedspartner-danmark-aps/klampenborg/arbejdskrafts-tjenester/0QC2WPI10LU,adam@splushgroup.com,,Du følger virksomheden,,,,OK,,,,,,,Arbejdskrafts tjenester,
1535,Hovedstadens Mandskab,,,,https://www.proff.dk/firma/hovedstadens-mandskab/k%C3%B8benhavn-s/arbejdskrafts-tjenester/0QC50TI10LU,yassinahmedi@hotmail.dk,,Du følger virksomheden,,,,OK,,,,,,,Arbejdskrafts tjenester,
1536,Neskos,,,,https://www.proff.dk/firma/neskos/frederiksberg/arbejdskrafts-tjenester/0QCK9AI10LU,neskos.ltd@gmail.com,,Du følger virksomheden,,,,OK,,,,,,,Arbejdskrafts tjenester,
1537,Team Nordic Work ApS,,,+4570604804,https://www.proff.dk/firma/team-nordic-work-aps/k%C3%B8benhavn-s/arbejdskrafts-tjenester/0QCRICI10LU,info@teamnordicwork.dk,,Du følger virksomheden,,,,OK,,,,,,,Arbejdskrafts tjenester,
1538,VHPK,,,,https://www.proff.dk/firma/vhpk/frederiksberg/arbejdskrafts-tjenester/0QD4SJI10LU,kippco14@gmail.com,,Du følger virksomheden,,,,OK,,,,,,,Arbejdskrafts tjenester,
1539,Eldevig Consult,,,+584341,https://www.proff.dk/firma/eldevig-consult/nuussuaq/arbejdskrafts-tjenester/0QD88II10LU,jeldevig@outlook.dk,,Du følger virksomheden,,,,OK,,,,,,,Arbejdskrafts tjenester,
1540,Teamly,,,+4560653409,https://www.proff.dk/firma/teamly/grindsted/arbejdskrafts-tjenester/0QDCXVI10LU,ek@ek-rekruttering.dk,,Du følger virksomheden,,,,OK,,,,,,,Arbejdskrafts tjenester,
1541,Vise Byg,,,+4560216121,https://www.proff.dk/firma/vise-byg/aarhus-n/arbejdskrafts-tjenester/0QFJ00I10LU,malthedalby@gmail.com,,Du følger virksomheden,,,,OK,,,,,,,Arbejdskrafts tjenester,
1542,RER,,,+4561128646,https://www.proff.dk/firma/rer/gentofte/arbejdskrafts-tjenester/0QGKTRI10LU,rachelaeriksen@gmail.com,,Du følger virksomheden,,,,OK,,,,,,,Arbejdskrafts tjenester,
1543,HR Consult,,,+4599562437,https://www.proff.dk/firma/hr-consult/nuussuaq/arbejdskrafts-tjenester/0QGL40I10LU,hrconsult@outlook.dk,,Du følger virksomheden,,,,OK,,,,,,,Arbejdskrafts tjenester,
1544,P Tamstorf,,,+4528216108,https://www.proff.dk/firma/p-tamstorf/hornb%C3%A6k/arbejdskrafts-tjenester/0QH4A7I10LU,peterhtamstorf@hotmail.com,,Du følger virksomheden,,,,OK,,,,,,,Arbejdskrafts tjenester,
1545,NordicFuture I/S,,,+4530423608,https://www.proff.dk/firma/nordicfuture-is/aalborg/arbejdskrafts-tjenester/0QHCNZI10LU,kontakt@nordicfuture.dk,,Du følger virksomheden,,,,OK,,,,,,,Arbejdskrafts tjenester,
1546,Phoenix Solutions,,,,https://www.proff.dk/firma/phoenix-solutions/k%C3%B8benhavn-%C3%B8/arbejdskrafts-tjenester/0QHDEAI10LU,rozsadavid92@gmail.com,,Du følger virksomheden,,,,OK,,,,,,,Arbejdskrafts tjenester,
1547,ServiceStjernen,,,+4521692823,https://www.proff.dk/firma/servicestjernen/nakskov/arbejdskrafts-tjenester/0QJ5V0I10LU,xenaseries@gmail.com,,Du følger virksomheden,,,,OK,,,,,,,Arbejdskrafts tjenester,
1548,Hansson Management,,,+4593930611,https://www.proff.dk/firma/hansson-management/hellerup/arbejdskrafts-tjenester/0QJDV2I10LU,cha@hanssonmanagement.com,,Du følger virksomheden,,,,OK,,,,,,,Arbejdskrafts tjenester,
1549,DL mandskab,,,+4551908992,https://www.proff.dk/firma/dl-mandskab/vodskov/arbejdskrafts-tjenester/0QJEIUI10LU,dennistsunkailam@live.dk,,Du følger virksomheden,,,,OK,,,,,,,Arbejdskrafts tjenester,
1550,Kaiser & Co,,,+4552159426,https://www.proff.dk/firma/kaiser-co/gesten/arbejdskrafts-tjenester/0QJR6RI10LU,britta.kaiser@kaiserogco.dk,,Du følger virksomheden,,,,OK,,,,,,,Arbejdskrafts tjenester,
1551,Fagkraft gruppen,,,+4591771259,https://www.proff.dk/firma/fagkraft-gruppen/frederikssund/arbejdskrafts-tjenester/0QKRTVI10LU,kontor@infofagkraft.dk,,Du følger virksomheden,,,,OK,,,,,,,Arbejdskrafts tjenester,
1552,Eighth Floor,,,+4528684718,https://www.proff.dk/firma/eighth-floor/r%C3%B8dvig-stevns/arbejdskrafts-tjenester/0QLE2HI10LU,mia@eighthfloor.io,,Du følger virksomheden,,,,OK,,,,,,,Arbejdskrafts tjenester,
1553,Crew Solvers I/S,,,+4520422942,https://www.proff.dk/firma/crew-solvers-is/k%C3%B8benhavn-k/arbejdskrafts-tjenester/0QLRDSI10LU,contact@crewsolvers.com,,Du følger virksomheden,,,,OK,,,,,,,Arbejdskrafts tjenester,
1554,Vikar Nordjyland,,,+4591191050,https://www.proff.dk/firma/vikar-nordjyland/bindslev/arbejdskrafts-tjenester/0QLYHGI10LU,vikarnordjylland@yahoo.com,,Du følger virksomheden,,,,OK,,,,,,,Arbejdskrafts tjenester,
1555,ND beauty clinic,,,+4551891544,https://www.proff.dk/firma/nd-beauty-clinic/k%C3%B8benhavn-nv/arbejdskrafts-tjenester/0QM8XVI10LU,dimasbeehi@gmail.com,,Du følger virksomheden,,,,OK,,,,,,,Arbejdskrafts tjenester,
1556,Mithril,,,,https://www.proff.dk/firma/mithril/lemvig/arbejdskrafts-tjenester/0QMC9QI10LU,jan@rosenby.dk,,Du følger virksomheden,,,,OK,,,,,,,Arbejdskrafts tjenester,
1557,M&M paradis,,,,https://www.proff.dk/firma/mm-paradis/vanl%C3%B8se/arbejdskrafts-tjenester/0QMJPOI10LU,hafizmaqboolahmed@gmail.com,,Du følger virksomheden,,,,OK,,,,,,,Arbejdskrafts tjenester,
1558,Out of the Job,,,+4529600254,https://www.proff.dk/firma/out-of-the-job/kokkedal/arbejdskrafts-tjenester/0QMSHII10LU,hella@outofthejob.nl,,Du følger virksomheden,,,,OK,,,,,,,Arbejdskrafts tjenester,
1559,Nordform Living Aps,,,+4529849936,https://www.proff.dk/firma/nordform-living-aps/rudk%C3%B8bing/arbejdskrafts-tjenester/0QN91FI10LU,nordformliving@gmail.com,,Du følger virksomheden,,,,OK,,,,,,,Arbejdskrafts tjenester,
1560,F.D Entreprenør,,,+4550700181,https://www.proff.dk/firma/f.d-entrepren%C3%B8r/br%C3%B8ndby/arbejdskrafts-tjenester/0QNIS9I10LU,jkentreprenor@hotmail.com,,Du følger virksomheden,,,,OK,,,,,,,Arbejdskrafts tjenester,
1561,KVR Esbjerg,,,,https://www.proff.dk/firma/kvr-esbjerg/esbjerg-n/arbejdskrafts-tjenester/0QNMIGI10LU,ls@kvr.dk,,Du følger virksomheden,,,,OK,,,,,,,Arbejdskrafts tjenester,
1562,AHK Service ApS,,,+4550120535,https://www.proff.dk/firma/ahk-service-aps/viby-j/arbejdskrafts-tjenester/0QNRNNI10LU,m.nayef@outlook.dk,,Du følger virksomheden,,,,OK,,,,,,,Arbejdskrafts tjenester,
1563,Better&Prosper,,,,https://www.proff.dk/firma/betterprosper/holstebro/arbejdskrafts-tjenester/0QO62NI10LU,jma@aldur.dk,,Du følger virksomheden,,,,OK,,,,,,,Arbejdskrafts tjenester,
1564,Nordic Nomad Group,,,+4528575350,https://www.proff.dk/firma/nordic-nomad-group/kirke-hyllinge/arbejdskrafts-tjenester/0QOUK3I10LU,info@nordic-nomad-group.dk,,Du følger virksomheden,,,,OK,,,,,,,Arbejdskrafts tjenester,
1565,Workforce Recruiting,,,+4552762365,https://www.proff.dk/firma/workforce-recruiting/fars%C3%B8/arbejdskrafts-tjenester/0QP22PI10LU,eugenburuiana263@gmail.com,,Du følger virksomheden,,,,OK,,,,,,,Arbejdskrafts tjenester,
1566,Job Connect ApS,,,,https://www.proff.dk/firma/job-connect-aps/aller%C3%B8d/arbejdskrafts-tjenester/0QPHG9I10LU,kontakt@job-connect.dk,,Du følger virksomheden,,,,OK,,,,,,,Arbejdskrafts tjenester,
1567,Brogaard Consulting,,,+4528400709,https://www.proff.dk/firma/brogaard-consulting/n%C3%A6rum/arbejdskrafts-tjenester/0QQDP3I10LU,brogaardhede@gmail.com,,Du følger virksomheden,,,,OK,,,,,,,Arbejdskrafts tjenester,
1568,SSolutions,,,,https://www.proff.dk/firma/ssolutions/hedehusene/arbejdskrafts-tjenester/0QQWAFI10LU,info@ssolutions.tech,,Du følger virksomheden,,,,OK,,,,,,,Arbejdskrafts tjenester,
1569,Euro Tech Wearable Solutions HR B.V.,,,,https://www.proff.dk/firma/euro-tech-wearable-solutions-hr-b.v./ringsted/arbejdskrafts-tjenester/0QQZZ2I10LU,int.payroll@sonderuprevisorer.dk,,Du følger virksomheden,,,,OK,,,,,,,Arbejdskrafts tjenester,
1570,Din Lønadministrator v/Jeannette Olesen,,,,https://www.proff.dk/firma/din-l%C3%B8nadministrator-vjeannette-olesen/vejen/arbejdskrafts-tjenester/0QRFKNI10LU,jeano1175@gmail.com,,Du følger virksomheden,,,,OK,,,,,,,Arbejdskrafts tjenester,
1571,kvik Vikar,,,+4540301737,https://www.proff.dk/firma/kvik-vikar/haderslev/arbejdskrafts-tjenester/0QRJAHI10LU,vikarwongthanom@gmail.com,,Du følger virksomheden,,,,OK,,,,,,,Arbejdskrafts tjenester,
1572,TS TotalService Have og Hus,,,,https://www.proff.dk/firma/ts-totalservice-have-og-hus/tinglev/arbejdskrafts-tjenester/0QRYR6I10LU,simon@tvvs.dk,,Du følger virksomheden,,,,OK,,,,,,,Arbejdskrafts tjenester,
1573,Violas barnebarns multiservice,,,,https://www.proff.dk/firma/violas-barnebarns-multiservice/nysted/arbejdskrafts-tjenester/0QSA4YI10LU,jakob4895@gmail.com,,Du følger virksomheden,,,,OK,,,,,,,Arbejdskrafts tjenester,
1574,JobTeam Byg Aalborg,,,,https://www.proff.dk/firma/jobteam-byg-aalborg/n%C3%B8rresundby/arbejdskrafts-tjenester/0QSUMGI10LU,christianwellejensen@hotmail.com,,Du følger virksomheden,,,,OK,,,,,,,Arbejdskrafts tjenester,
1575,Janed consulting 2024,,,+4526100917,https://www.proff.dk/firma/janed-consulting-2024/ry/arbejdskrafts-tjenester/0QT03KI10LU,jacques.nedergaard@gmail.com,,Du følger virksomheden,,,,OK,,,,,,,Arbejdskrafts tjenester,
1576,Refleksion og resultater,,,+4591356901,https://www.proff.dk/firma/refleksion-og-resultater/sor%C3%B8/arbejdskrafts-tjenester/0QTTA1I10LU,bjarkehauerslevlarsen@gmail.com,,Du følger virksomheden,,,,OK,,,,,,,Arbejdskrafts tjenester,
1577,TMZ Entreprise,,,+4561444648,https://www.proff.dk/firma/tmz-entreprise/k%C3%B8benhavn-nv/arbejdskrafts-tjenester/0QU24KI10LU,tafa.official4@gmail.com,,Du følger virksomheden,,,,OK,,,,,,,Arbejdskrafts tjenester,
1578,R.G. Byg,,,+4571374460,https://www.proff.dk/firma/r.g.-byg/k%C3%B8benhavn-%C3%B8/arbejdskrafts-tjenester/0QU7ZKI10LU,graversenrene@gmail.com,,Du følger virksomheden,,,,OK,,,,,,,Arbejdskrafts tjenester,
1579,Mr rekruttering ApS,,,+4571960677,https://www.proff.dk/firma/mr-rekruttering-aps/valby/arbejdskrafts-tjenester/0QUGETI10LU,mrrekruttering@gmail.com,,Du følger virksomheden,,,,OK,,,,,,,Arbejdskrafts tjenester,
1580,KUN Services,,,+4571536438,https://www.proff.dk/firma/kun-services/r%C3%B8nnede/arbejdskrafts-tjenester/0QUJKLI10LU,kontakt@kun-services.com,,Du følger virksomheden,,,,OK,,,,,,,Arbejdskrafts tjenester,
1581,Strøyer Løn & HR,,,,https://www.proff.dk/firma/str%C3%B8yer-l%C3%B8n-hr/%C3%A5lb%C3%A6k/arbejdskrafts-tjenester/0QV0RGI10LU,lst@stroeyer-loen.dk,,Du følger virksomheden,,,,OK,,,,,,,Arbejdskrafts tjenester,
1582,Steldhøjgaard V/ Andreas Nissen,,,,https://www.proff.dk/firma/steldh%C3%B8jgaard-v-andreas-nissen/ribe/arbejdskrafts-tjenester/0QV14KI10LU,andreasnissen02@gmail.com,,Du følger virksomheden,,,,OK,,,,,,,Arbejdskrafts tjenester,
1583,MLH-services,,,,https://www.proff.dk/firma/mlh-services/r%C3%B8dovre/arbejdskrafts-tjenester/0QVJC3I10LU,mhh702@hotmail.com,,Du følger virksomheden,,,,OK,,,,,,,Arbejdskrafts tjenester,
1584,GRN Consulting,,,,https://www.proff.dk/firma/grn-consulting/frederiksberg/arbejdskrafts-tjenester/0QVMDSI10LU,rusevanielsen@gmail.com,,Du følger virksomheden,,,,OK,,,,,,,Arbejdskrafts tjenester,
1585,True North by Inga,,,+4540151110,https://www.proff.dk/firma/true-north-by-inga/h%C3%B8jby/arbejdskrafts-tjenester/0QWR06I10LU,inga@ellekjaer.dk,,Du følger virksomheden,,,,OK,,,,,,,Arbejdskrafts tjenester,
1586,Ben casting,,,+4552905511,https://www.proff.dk/firma/ben-casting/kastrup/arbejdskrafts-tjenester/0QWWZEI10LU,elyascaster@gmail.com,,Du følger virksomheden,,,,OK,,,,,,,Arbejdskrafts tjenester,
1587,Wanted Events ApS,,,+4522766780,https://www.proff.dk/firma/wanted-events-aps/k%C3%B8benhavn-n/arbejdskrafts-tjenester/0QX9Q4I10LU,inv@wci.dk,,Du følger virksomheden,,,,OK,,,,,,,Arbejdskrafts tjenester,
1588,TH Personal Services,,,+4591855503,https://www.proff.dk/firma/th-personal-services/frederiksberg/arbejdskrafts-tjenester/0QXGZMI10LU,thpersonalservices.dk@gmail.com,,Du følger virksomheden,,,,OK,,,,,,,Arbejdskrafts tjenester,
1589,CS Recruitment,,,,https://www.proff.dk/firma/cs-recruitment/vejle/arbejdskrafts-tjenester/0QY0NTI10LU,clau.macau@gmail.com,,Du følger virksomheden,,,,OK,,,,,,,Arbejdskrafts tjenester,
1590,Stender HR,,,,https://www.proff.dk/firma/stender-hr/eg%C3%A5/arbejdskrafts-tjenester/0QY8B7I10LU,anne_mette_stender@live.dk,,Du følger virksomheden,,,,OK,,,,,,,Arbejdskrafts tjenester,
1591,Findlærling.dk,,,+4526668636,https://www.proff.dk/firma/findl%C3%A6rling.dk/greve/arbejdskrafts-tjenester/0QYI3YI10LU,findlaerling@gmail.com,,Du følger virksomheden,,,,OK,,,,,,,Arbejdskrafts tjenester,
1592,GLT / Global Logistik Transport,,,,https://www.proff.dk/firma/glt-global-logistik-transport/glostrup/arbejdskrafts-tjenester/0QYKDGI10LU,jonas.algamour@gmail.com,,Du følger virksomheden,,,,OK,,,,,,,Arbejdskrafts tjenester,
1593,Niels Thorhauge,,,+4560488862,https://www.proff.dk/firma/niels-thorhauge/vesl%C3%B8s/arbejdskrafts-tjenester/0QZ2MCI10LU,thorhaugeniels@gmail.com,,Du følger virksomheden,,,,OK,,,,,,,Arbejdskrafts tjenester,
1594,H group ApS,,,+4551860922,https://www.proff.dk/firma/h-group-aps/glostrup/arbejdskrafts-tjenester/0QZA9TI10LU,smikkelsen2411@gmail.com,,Du følger virksomheden,,,,OK,,,,,,,Arbejdskrafts tjenester,
1595,MK MotorTech,,,,https://www.proff.dk/firma/mk-motortech/n%C3%B8rresundby/arbejdskrafts-tjenester/0QZAVCI10LU,mkmotortech.info@gmail.com,,Du følger virksomheden,,,,OK,,,,,,,Arbejdskrafts tjenester,
1596,FTO,,,,https://www.proff.dk/firma/fto/vallensb%C3%A6k/arbejdskrafts-tjenester/0QZB19I10LU,ftodanmark@gmail.com,,Du følger virksomheden,,,,OK,,,,,,,Arbejdskrafts tjenester,
1597,K. Entreprise,,,,https://www.proff.dk/firma/k.-entreprise/kirke-eskilstrup/arbejdskrafts-tjenester/0QZBQ8I10LU,mail@kieffer-entreprise.dk,,Du følger virksomheden,,,,OK,,,,,,,Arbejdskrafts tjenester,
1598,Eurotas Ltd,,,+4526743959,https://www.proff.dk/firma/eurotas-ltd/valby/arbejdskrafts-tjenester/0QZGB9I10LU,tli@bakertilly.dk,,Du følger virksomheden,,,,OK,,,,,,,Arbejdskrafts tjenester,
1599,Jacob Bølcho Motorsport,,,+4542808313,https://www.proff.dk/firma/jacob-b%C3%B8lcho-motorsport/kjellerup/arbejdskrafts-tjenester/0QZI0QI10LU,teambeolcho@gmail.com,,Du følger virksomheden,,,,OK,,,,,,,Arbejdskrafts tjenester,
1600,Famo,,,+4522722188,https://www.proff.dk/firma/famo/frederiksberg/arbejdskrafts-tjenester/0QZIE2I10LU,christine.falk@live.dk,,Du følger virksomheden,,,,OK,,,,,,,Arbejdskrafts tjenester,
1601,Meyer Services,,,+4560530682,https://www.proff.dk/firma/meyer-services/k%C3%B8benhavn-nv/arbejdskrafts-tjenester/0QZK6FI10LU,info.meyerservices@gmail.com,,Du følger virksomheden,,,,OK,,,,,,,Arbejdskrafts tjenester,
1602,"Uniwork Industrial Services, filial af Uniwork Industrial Services GmbH, Østrig",,,,https://www.proff.dk/firma/uniwork-industrial-services-filial-af-uniwork-industrial-services-gmbh-%C3%B8strig/k%C3%B8benhavn-k/arbejdskrafts-tjenester/0QZM8GI10LU,vb@handelskammer.dk,,Du følger virksomheden,,,,OK,,,,,,,Arbejdskrafts tjenester,
1603,Power People Fyn ApS,,,+4598121292,https://www.proff.dk/firma/power-people-fyn-aps/odense-s%C3%B8/arbejdskrafts-tjenester/0R02LEI10LU,info@powerpeople.dk,,Du følger virksomheden,,,,OK,,,,,,,Arbejdskrafts tjenester,
1604,Hikes Greenland,,,+00299529699,https://www.proff.dk/firma/hikes-greenland/nuussuaq/arbejdskrafts-tjenester/0R0HM0I10LU,najannguaq.b@live.dk,,Du følger virksomheden,,,,OK,,,,,,,Arbejdskrafts tjenester,
1605,Vognmand Lasse Beck,,,+4541281403,https://www.proff.dk/firma/vognmand-lasse-beck/n%C3%A6stved/arbejdskrafts-tjenester/0R0JB1I10LU,lasse.beck@yahoo.dk,,Du følger virksomheden,,,,OK,,,,,,,Arbejdskrafts tjenester,
1606,KK Teknik,,,+4560142697,https://www.proff.dk/firma/kk-teknik/nyk%C3%B8bing-m/arbejdskrafts-tjenester/0R0TERI10LU,kk-teknik@outlook.dk,,Du følger virksomheden,,,,OK,,,,,,,Arbejdskrafts tjenester,
1607,Anders Knudsen Wagyu,,,+4560133095,https://www.proff.dk/firma/anders-knudsen-wagyu/gredstedbro/arbejdskrafts-tjenester/0R0VJRI10LU,berglund910@gmail.com,,Du følger virksomheden,,,,OK,,,,,,,Arbejdskrafts tjenester,
1608,Leapworks Ireland Limited,,,+4574521812,https://www.proff.dk/firma/leapworks-ireland-limited/haderslev/arbejdskrafts-tjenester/0R1K2BI10LU,ajdy@beierholm.dk,,Du følger virksomheden,,,,OK,,,,,,,Arbejdskrafts tjenester,
1609,Rfthygesen udlejning,,,+4542792110,https://www.proff.dk/firma/rfthygesen-udlejning/jyderup/arbejdskrafts-tjenester/0R1SABI10LU,rfthygesen@gmail.com,,Du følger virksomheden,,,,OK,,,,,,,Arbejdskrafts tjenester,
1610,Sørens vikarservice,,,,https://www.proff.dk/firma/s%C3%B8rens-vikarservice/thisted/arbejdskrafts-tjenester/0R1ZE0I10LU,sorenvirk@gmail.com,,Du følger virksomheden,,,,OK,,,,,,,Arbejdskrafts tjenester,
1611,Valhalla flyt & Rengøring,,,,https://www.proff.dk/firma/valhalla-flyt-reng%C3%B8ring/bogense/arbejdskrafts-tjenester/0R20CKI10LU,valhalla1fr@gmail.com,,Du følger virksomheden,,,,OK,,,,,,,Arbejdskrafts tjenester,
1612,Power People Syd ApS,,,+4598121292,https://www.proff.dk/firma/power-people-syd-aps/esbjerg/arbejdskrafts-tjenester/0R21KSI10LU,info@powerpeople.dk,,Du følger virksomheden,,,,OK,,,,,,,Arbejdskrafts tjenester,
1613,Søren Thorhauge,,,+4551764709,https://www.proff.dk/firma/s%C3%B8ren-thorhauge/vesl%C3%B8s/arbejdskrafts-tjenester/0R23IMI10LU,sorenthorhauge13@gmail.com,,Du følger virksomheden,,,,OK,,,,,,,Arbejdskrafts tjenester,
1614,Worksphere ApS,,,+4522291001,https://www.proff.dk/firma/worksphere-aps/k%C3%B8benhavn-k/arbejdskrafts-tjenester/0R33OTI10LU,contact@worksphere.dk,,Du følger virksomheden,,,,OK,,,,,,,Arbejdskrafts tjenester,
1615,Fællesskabets Ejendoms- og Håndværkerservice,,,+4520644948,https://www.proff.dk/firma/f%C3%A6llesskabets-ejendoms-og-h%C3%A5ndv%C3%A6rkerservice/k%C3%B8benhavn-%C3%B8/arbejdskrafts-tjenester/0R38SOI10LU,tom10hansen@hotmail.com,,Du følger virksomheden,,,,OK,,,,,,,Arbejdskrafts tjenester,
1616,JMN Advisory,,,,https://www.proff.dk/firma/jmn-advisory/hellerup/arbejdskrafts-tjenester/0R3B13I10LU,cobovski@gmail.com,,Du følger virksomheden,,,,OK,,,,,,,Arbejdskrafts tjenester,
1617,Vikar Sj ApS,,,+4570707545,https://www.proff.dk/firma/vikar-sj-aps/n%C3%A6stved/arbejdskrafts-tjenester/0R3CP9I10LU,info@vikarsj.dk,,Du følger virksomheden,,,,OK,,,,,,,Arbejdskrafts tjenester,
1618,zt work,,,,https://www.proff.dk/firma/zt-work/br%C3%B8ndby/arbejdskrafts-tjenester/0R3XXHI10LU,zouhirtahri633@gmail.com,,Du følger virksomheden,,,,OK,,,,,,,Arbejdskrafts tjenester,
1619,Sjak og Byg,,,,https://www.proff.dk/firma/sjak-og-byg/bording/arbejdskrafts-tjenester/0R3Y9YI10LU,kim@vitamina.dk,,Du følger virksomheden,,,,OK,,,,,,,Arbejdskrafts tjenester,
1620,M.W.kristensen,,,+4522261273,https://www.proff.dk/firma/m.w.kristensen/tjele/arbejdskrafts-tjenester/0R41FHI10LU,mikkelwk@hotmail.dk,,Du følger virksomheden,,,,OK,,,,,,,Arbejdskrafts tjenester,
1621,Steff Solutions,,,+4531319446,https://www.proff.dk/firma/steff-solutions/drag%C3%B8r/arbejdskrafts-tjenester/0R43W8I10LU,frederikwillersteffen@gmail.com,,Du følger virksomheden,,,,OK,,,,,,,Arbejdskrafts tjenester,
1622,Micare Consultancy,,,+4561333364,https://www.proff.dk/firma/micare-consultancy/fredericia/arbejdskrafts-tjenester/0R48S7I10LU,cr@micareconsultancy.com,,Du følger virksomheden,,,,OK,,,,,,,Arbejdskrafts tjenester,
1623,Jero Consult,,,,https://www.proff.dk/firma/jero-consult/frederiksberg-c/arbejdskrafts-tjenester/0R4ULYI10LU,macajer@yahoo.com,,Du følger virksomheden,,,,OK,,,,,,,Arbejdskrafts tjenester,
1624,Cillemarx Studio,,,+4542442469,https://www.proff.dk/firma/cillemarx-studio/vanl%C3%B8se/arbejdskrafts-tjenester/0R5623I10LU,cillemarxstudio@gmail.com,,Du følger virksomheden,,,,OK,,,,,,,Arbejdskrafts tjenester,
1625,AG Entreprise,,,+4523823004,https://www.proff.dk/firma/ag-entreprise/aarhus-c/arbejdskrafts-tjenester/0R5729I10LU,agade32@gmail.com,,Du følger virksomheden,,,,OK,,,,,,,Arbejdskrafts tjenester,
1626,Filial af DK UDLEJNING LTD,,,,https://www.proff.dk/firma/filial-af-dk-udlejning-ltd/vojens/arbejdskrafts-tjenester/0R5CTFI10LU,buster.jensen06@gmail.com,,Du følger virksomheden,,,,OK,,,,,,,Arbejdskrafts tjenester,
1627,MHP-Projects,,,,https://www.proff.dk/firma/mhp-projects/valby/arbejdskrafts-tjenester/0R5HMGI10LU,mikkelhilanderpress@gmail.com,,Du følger virksomheden,,,,OK,,,,,,,Arbejdskrafts tjenester,
1628,KK Multiservice,,,+4526422423,https://www.proff.dk/firma/kk-multiservice/br%C3%A6dstrup/arbejdskrafts-tjenester/0R5N9AI10LU,kapi00520@gmail.com,,Du følger virksomheden,,,,OK,,,,,,,Arbejdskrafts tjenester,
1629,lønborg,,,,https://www.proff.dk/firma/l%C3%B8nborg/esbjerg/arbejdskrafts-tjenester/0R5SY1I10LU,soerenloenborg123@hotmail.com,,Du følger virksomheden,,,,OK,,,,,,,Arbejdskrafts tjenester,
1630,Workr,,,+4526270828,https://www.proff.dk/firma/workr/%C3%A5byh%C3%B8j/arbejdskrafts-tjenester/0R5SZWI10LU,bergmann1999@gmail.com,,Du følger virksomheden,,,,OK,,,,,,,Arbejdskrafts tjenester,
1631,Charlotte-Moeller.dk,,,+4529447862,https://www.proff.dk/firma/charlotte-moeller.dk/haderslev/arbejdskrafts-tjenester/0R5X59I10LU,cmp@charlotte-moeller.dk,,Du følger virksomheden,,,,OK,,,,,,,Arbejdskrafts tjenester,
1632,kommune kujalleq Narsaq,,,+664634,https://www.proff.dk/firma/kommune-kujalleq-narsaq/narsaq/arbejdskrafts-tjenester/0R680VI10LU,kaol@kujalleq.gl,,Du følger virksomheden,,,,OK,,,,,,,Arbejdskrafts tjenester,
1633,Zara TA Consultancy,,,,https://www.proff.dk/firma/zara-ta-consultancy/k%C3%B8benhavn-s/arbejdskrafts-tjenester/0R6DYSI10LU,zaramcbrien91@gmail.com,,Du følger virksomheden,,,,OK,,,,,,,Arbejdskrafts tjenester,
1634,Ahelp ApS,,,+4520727159,https://www.proff.dk/firma/ahelp-aps/r%C3%B8nnede/arbejdskrafts-tjenester/0R6ET5I10LU,ah@ahelp.dk,,Du følger virksomheden,,,,OK,,,,,,,Arbejdskrafts tjenester,
1635,L'equipe,,,+4542447404,https://www.proff.dk/firma/lequipe/k%C3%B8benhavn-k/arbejdskrafts-tjenester/0R6G40I10LU,cassandra@itwasme.dk,,Du følger virksomheden,,,,OK,,,,,,,Arbejdskrafts tjenester,
1636,Helhedsbaseret Pædagogik ApS,,,+4550800052,https://www.proff.dk/firma/helhedsbaseret-p%C3%A6dagogik-aps/aalborg/arbejdskrafts-tjenester/0R6IXBI10LU,info@helhedsbaseretpaedagogik.dk,,Du følger virksomheden,,,,OK,,,,,,,Arbejdskrafts tjenester,
1637,Juel Steel Works ApS,,,+4520493762,https://www.proff.dk/firma/juel-steel-works-aps/frederikshavn/arbejdskrafts-tjenester/0R6NWCI10LU,jju.steel@juelgroup.dk,,Du følger virksomheden,,,,OK,,,,,,,Arbejdskrafts tjenester,
1638,Pædagogvikaren I/S,,,+4593409340,https://www.proff.dk/firma/p%C3%A6dagogvikaren-is/k%C3%B8benhavn-s/arbejdskrafts-tjenester/0R6P63I10LU,bogholderi@paedagogvikaren.dk,,Du følger virksomheden,,,,OK,,,,,,,Arbejdskrafts tjenester,
1639,Sygeplejevikaren I/S,,,+4593405060,https://www.proff.dk/firma/sygeplejevikaren-is/n%C3%B8rresundby/arbejdskrafts-tjenester/0R6P7DI10LU,bogholderi@sygeplejevikaren.dk,,Du følger virksomheden,,,,OK,,,,,,,Arbejdskrafts tjenester,
1640,JDs Cleaning & Services I/S,,,+4599248351,https://www.proff.dk/firma/jds-cleaning-services-is/nuuk/arbejdskrafts-tjenester/0R6PFJI10LU,jd@jdscs.com,,Du følger virksomheden,,,,OK,,,,,,,Arbejdskrafts tjenester,
1641,DC-Industries,,,+4528852887,https://www.proff.dk/firma/dc-industries/spentrup/arbejdskrafts-tjenester/0R6PHEI10LU,dc-industries@hotmail.com,,Du følger virksomheden,,,,OK,,,,,,,Arbejdskrafts tjenester,
1642,Medicmatch ApS,,,,https://www.proff.dk/firma/medicmatch-aps/greve/arbejdskrafts-tjenester/0R6WJNI10LU,ml@medicmatch.dk,,Du følger virksomheden,,,,OK,,,,,,,Arbejdskrafts tjenester,
1643,Nordic Vikar I/S,,,,https://www.proff.dk/firma/nordic-vikar-is/thisted/arbejdskrafts-tjenester/0R70N8I10LU,elisabeth2977@yahoo.dk,,Du følger virksomheden,,,,OK,,,,,,,Arbejdskrafts tjenester,
1644,MANOS I/S,,,+4524466997,https://www.proff.dk/firma/manos-is/ballerup/arbejdskrafts-tjenester/0R711ZI10LU,marcusvilhelmsenas@gmail.com,,Du følger virksomheden,,,,OK,,,,,,,Arbejdskrafts tjenester,
1645,Talentum Partners ApS,,,+4553881499,https://www.proff.dk/firma/talentum-partners-aps/k%C3%B8benhavn-nv/arbejdskrafts-tjenester/0R73D4I10LU,info@talentumpartners.dk,,Du følger virksomheden,,,,OK,,,,,,,Arbejdskrafts tjenester,
1646,NordRecruit,,,+4591195659,https://www.proff.dk/firma/nordrecruit/lundby/arbejdskrafts-tjenester/0R7DHAI10LU,veleadragos26@gmail.com,,Du følger virksomheden,,,,OK,,,,,,,Arbejdskrafts tjenester,
1647,Vikanentreprice,,,,https://www.proff.dk/firma/vikanentreprice/taastrup/arbejdskrafts-tjenester/0R7GU1I10LU,vikanentreprise@gmail.com,,Du følger virksomheden,,,,OK,,,,,,,Arbejdskrafts tjenester,
1648,Eco Trans Dk,,,,https://www.proff.dk/firma/eco-trans-dk/hvidovre/arbejdskrafts-tjenester/0R7JE8I10LU,ecotrans25@outlook.dk,,Du følger virksomheden,,,,OK,,,,,,,Arbejdskrafts tjenester,
1649,RT Recruitment,,,+4593903011,https://www.proff.dk/firma/rt-recruitment/kongens-lyngby/arbejdskrafts-tjenester/0R7K67I10LU,con8nectrt@gmail.com,,Du følger virksomheden,,,,OK,,,,,,,Arbejdskrafts tjenester,
1650,FormBerg,,,+4522760148,https://www.proff.dk/firma/formberg/aarhus-c/arbejdskrafts-tjenester/0R7TK7I10LU,jonas@formberg.dk,,Du følger virksomheden,,,,OK,,,,,,,Arbejdskrafts tjenester,
1651,AleSic Agency,,,+4550109380,https://www.proff.dk/firma/alesic-agency/br%C3%B8nsh%C3%B8j/arbejdskrafts-tjenester/0R7U5FI10LU,lc2000921@icloud.com,,Du følger virksomheden,,,,OK,,,,,,,Arbejdskrafts tjenester,
1652,Nordic PMP,,,+4553735200,https://www.proff.dk/firma/nordic-pmp/odense-v/arbejdskrafts-tjenester/0R7Y6VI10LU,bolbro6610@gmail.com,,Du følger virksomheden,,,,OK,,,,,,,Arbejdskrafts tjenester,
1653,Vikar v/Henrik Michaelsen,,,+4560907312,https://www.proff.dk/firma/vikar-vhenrik-michaelsen/holb%C3%A6k/arbejdskrafts-tjenester/0R824YI10LU,henrik_mic@hotmail.com,,Du følger virksomheden,,,,OK,,,,,,,Arbejdskrafts tjenester,
1654,Plume ApS,,,+4591629446,https://www.proff.dk/firma/plume-aps/k%C3%B8benhavn-v/arbejdskrafts-tjenester/0R89TXI10LU,info@plumeaps.dk,,Du følger virksomheden,,,,OK,,,,,,,Arbejdskrafts tjenester,
1655,YC Vikarservice,,,+4550320257,https://www.proff.dk/firma/yc-vikarservice/aarhus-c/arbejdskrafts-tjenester/0R8C7EI10LU,ycvikarservice@outlook.dk,,Du følger virksomheden,,,,OK,,,,,,,Arbejdskrafts tjenester,
1656,Wallin Search ApS,,,+4542723942,https://www.proff.dk/firma/wallin-search-aps/k%C3%B8benhavn-k/arbejdskrafts-tjenester/0R8G3WI10LU,michael@wallinsearch.dk,,Du følger virksomheden,,,,OK,,,,,,,Arbejdskrafts tjenester,
1657,Amar Transport,,,+4571354752,https://www.proff.dk/firma/amar-transport/glostrup/arbejdskrafts-tjenester/0R8GBFI10LU,gs2703538@gmail.com,,Du følger virksomheden,,,,OK,,,,,,,Arbejdskrafts tjenester,
1658,Stærk mandskab & service,,,+4550253225,https://www.proff.dk/firma/st%C3%A6rk-mandskab-service/aabenraa/arbejdskrafts-tjenester/0R8HNJI10LU,a_magadiev@outlook.dk,,Du følger virksomheden,,,,OK,,,,,,,Arbejdskrafts tjenester,
1659,T. Consult,,,+4540126663,https://www.proff.dk/firma/t.-consult/silkeborg/arbejdskrafts-tjenester/0R8IK5I10LU,t.consult@outlook.dk,,Du følger virksomheden,,,,OK,,,,,,,Arbejdskrafts tjenester,
1660,B.A.M. Nedrivning,,,+4591672134,https://www.proff.dk/firma/b.a.m.-nedrivning/otterup/arbejdskrafts-tjenester/0R8L6PI10LU,b.a.m.nedrivning@mail.com,,Du følger virksomheden,,,,OK,,,,,,,Arbejdskrafts tjenester,
1661,JNLN GRUOP,,,+4552700407,https://www.proff.dk/firma/jnln-gruop/vejle/arbejdskrafts-tjenester/0R8NY1I10LU,jonasorum99@gmail.com,,Du følger virksomheden,,,,OK,,,,,,,Arbejdskrafts tjenester,
1662,My Business at Honor Gormley,,,,https://www.proff.dk/firma/my-business-at-honor-gormley/k%C3%B8benhavn-k/arbejdskrafts-tjenester/0R8TGDI10LU,honor987@gmail.com,,Du følger virksomheden,,,,OK,,,,,,,Arbejdskrafts tjenester,
1663,A.D. Vikar og All Service,,,+4566500581,https://www.proff.dk/firma/a.d.-vikar-og-all-service/skjern/arbejdskrafts-tjenester/0R8Y5GI10LU,micua54@yahoo.com,,Du følger virksomheden,,,,OK,,,,,,,Arbejdskrafts tjenester,
1664,D.K Multiservice,,,+4571659189,https://www.proff.dk/firma/d.k-multiservice/r%C3%B8dby/arbejdskrafts-tjenester/0R92KDI10LU,d.b.m.multiservice@hotmail.com,,Du følger virksomheden,,,,OK,,,,,,,Arbejdskrafts tjenester,
1665,PZ Aalborg,,,+4542547676,https://www.proff.dk/firma/pz-aalborg/aalborg/arbejdskrafts-tjenester/0R93G7I10LU,poulzohnesen1965@gmail.com,,Du følger virksomheden,,,,OK,,,,,,,Arbejdskrafts tjenester,
1666,Prime Rekruttering ApS,,,+4561100189,https://www.proff.dk/firma/prime-rekruttering-aps/%C3%A5byh%C3%B8j/arbejdskrafts-tjenester/0R95GJI10LU,av@primerekruttering.dk,,Du følger virksomheden,,,,OK,,,,,,,Arbejdskrafts tjenester,
1667,Max Thorup Multi,,,+4530240786,https://www.proff.dk/firma/max-thorup-multi/kastrup/arbejdskrafts-tjenester/0R95TDI10LU,maxthorup1998@gmail.com,,Du følger virksomheden,,,,OK,,,,,,,Arbejdskrafts tjenester,
1668,MK Udlejning,,,+4530145644,https://www.proff.dk/firma/mk-udlejning/brovst/arbejdskrafts-tjenester/0R9DZKI10LU,klitnielsen07@gmail.com,,Du følger virksomheden,,,,OK,,,,,,,Arbejdskrafts tjenester,
1669,Andersen Flyt & Transport,,,+4527832935,https://www.proff.dk/firma/andersen-flyt-transport/drag%C3%B8r/arbejdskrafts-tjenester/0R9E0MI10LU,a-f-t@outlook.dk,,Du følger virksomheden,,,,OK,,,,,,,Arbejdskrafts tjenester,
1670,Muntjak,,,+4561683484,https://www.proff.dk/firma/muntjak/k%C3%B8benhavn-s/arbejdskrafts-tjenester/0R9EFPI10LU,muntjak.emv@gmail.com,,Du følger virksomheden,,,,OK,,,,,,,Arbejdskrafts tjenester,
1671,Novada Construct,,,,https://www.proff.dk/firma/novada-construct/nyk%C3%B8bing-m/arbejdskrafts-tjenester/0R9OMEI10LU,construct.novada@gmail.com,,Du følger virksomheden,,,,OK,,,,,,,Arbejdskrafts tjenester,
1672,M M K H,,,+4581908292,https://www.proff.dk/firma/m-m-k-h/aars/arbejdskrafts-tjenester/0R9Q7JI10LU,kristianmunk2025@hotmail.com,,Du følger virksomheden,,,,OK,,,,,,,Arbejdskrafts tjenester,
1673,LederBørsen I/S,,,+4530523139,https://www.proff.dk/firma/lederb%C3%B8rsen-is/aarhus-c/arbejdskrafts-tjenester/0R9SB7I10LU,ak@lederborsen.dk,,Du følger virksomheden,,,,OK,,,,,,,Arbejdskrafts tjenester,
1674,EC Mandskabsudlejning,,,,https://www.proff.dk/firma/ec-mandskabsudlejning/glostrup/arbejdskrafts-tjenester/0R9XALI10LU,ec.mandskab@gmail.com,,Du følger virksomheden,,,,OK,,,,,,,Arbejdskrafts tjenester,
1675,Eir Solutions ApS,,,+4540852760,https://www.proff.dk/firma/eir-solutions-aps/k%C3%B8benhavn-v/arbejdskrafts-tjenester/0RA2S3I10LU,denmark@eirsolutions.dk,,Du følger virksomheden,,,,OK,,,,,,,Arbejdskrafts tjenester,
1676,Skaugaards Kontrollørvirksomhed,,,+4531742099,https://www.proff.dk/firma/skaugaards-kontroll%C3%B8rvirksomhed/sunds/arbejdskrafts-tjenester/0RA79GI10LU,skf2025@outlook.dk,,Du følger virksomheden,,,,OK,,,,,,,Arbejdskrafts tjenester,
1677,Salusvikar,,,+4542238994,https://www.proff.dk/firma/salusvikar/valby/arbejdskrafts-tjenester/0RA7J1I10LU,kontakt@salusvikar.dk,,Du følger virksomheden,,,,OK,,,,,,,Arbejdskrafts tjenester,
1678,Smeds service,,,+4560692746,https://www.proff.dk/firma/smeds-service/spentrup/arbejdskrafts-tjenester/0RA7SFI10LU,magnussmedjensen@gmail.com,,Du følger virksomheden,,,,OK,,,,,,,Arbejdskrafts tjenester,
1679,Konsulent LMH,,,,https://www.proff.dk/firma/konsulent-lmh/h%C3%B8jbjerg/arbejdskrafts-tjenester/0RA7WXI10LU,heintzelmann@webspeed.dk,,Du følger virksomheden,,,,OK,,,,,,,Arbejdskrafts tjenester,
1680,GHB,,,+4560130072,https://www.proff.dk/firma/ghb/kolding/arbejdskrafts-tjenester/0RA9ZUI10LU,gabi.bill@yahoo.dk,,Du følger virksomheden,,,,OK,,,,,,,Arbejdskrafts tjenester,
1681,JobFit ApS,,,+4581315090,https://www.proff.dk/firma/jobfit-aps/risskov/arbejdskrafts-tjenester/0RAGO1I10LU,peter@jobfit.dk,,Du følger virksomheden,,,,OK,,,,,,,Arbejdskrafts tjenester,
1682,Fleks Vikar ApS,,,,https://www.proff.dk/firma/fleks-vikar-aps/esbjerg-v/arbejdskrafts-tjenester/0RAJWRI10LU,steffen_gadegaard@hotmail.com,,Du følger virksomheden,,,,OK,,,,,,,Arbejdskrafts tjenester,
1683,Onepilot Assessment,,,+4522812414,https://www.proff.dk/firma/onepilot-assessment/greve/arbejdskrafts-tjenester/0RALHSI10LU,niels.brochorst@gmail.com,,Du følger virksomheden,,,,OK,,,,,,,Arbejdskrafts tjenester,
1684,MerCare ApS,,,+4560633026,https://www.proff.dk/firma/mercare-aps/herlev/arbejdskrafts-tjenester/0RAMUYI10LU,ncvibholm@gmail.com,,Du følger virksomheden,,,,OK,,,,,,,Arbejdskrafts tjenester,
1685,NJ-multiservice,,,,https://www.proff.dk/firma/nj-multiservice/roslev/arbejdskrafts-tjenester/0RAOGGI10LU,nickjohansen87@gmail.com,,Du følger virksomheden,,,,OK,,,,,,,Arbejdskrafts tjenester,
1686,LOUPHIA,,,+4526272565,https://www.proff.dk/firma/louphia/virum/arbejdskrafts-tjenester/0RAORYI10LU,sofiebrammer@hotmail.com,,Du følger virksomheden,,,,OK,,,,,,,Arbejdskrafts tjenester,
1687,MD Mandskab og Udlejning ApS,,,+4520782222,https://www.proff.dk/firma/md-mandskab-og-udlejning-aps/slagelse/arbejdskrafts-tjenester/0RAS1NI10LU,kontakt@curavikar.dk,,Du følger virksomheden,,,,OK,,,,,,,Arbejdskrafts tjenester,
1688,HH Service ApS,,,,https://www.proff.dk/firma/hh-service-aps/helsing%C3%B8r/arbejdskrafts-tjenester/0RASUYI10LU,hhtoemrerservice@gmail.com,,Du følger virksomheden,,,,OK,,,,,,,Arbejdskrafts tjenester,
1689,Storms Multiservice,,,+4561691005,https://www.proff.dk/firma/storms-multiservice/hundested/arbejdskrafts-tjenester/0RASVSI10LU,nicolaistorm900@gmail.com,,Du følger virksomheden,,,,OK,,,,,,,Arbejdskrafts tjenester,
1690,humantiq ApS,,,+4550271449,https://www.proff.dk/firma/humantiq-aps/ish%C3%B8j/arbejdskrafts-tjenester/0RB1VEI10LU,legal@humantiq.dk,,Du følger virksomheden,,,,OK,,,,,,,Arbejdskrafts tjenester,
1691,MAKKR A/S,,,+4525555301,https://www.proff.dk/firma/makkr-as/n%C3%A6stved/arbejdskrafts-tjenester/0RBAAJI10LU,crh@makkr.dk,,Du følger virksomheden,,,,OK,,,,,,,Arbejdskrafts tjenester,
1692,Ezz2service,,,+4522228095,https://www.proff.dk/firma/ezz2service/viborg/arbejdskrafts-tjenester/0RBAYJI10LU,tamam0ezz@gmail.com,,Du følger virksomheden,,,,OK,,,,,,,Arbejdskrafts tjenester,
1693,Viknordisk,,,,https://www.proff.dk/firma/viknordisk/birker%C3%B8d/arbejdskrafts-tjenester/0RBEUQI10LU,shukryus@gmail.com,,Du følger virksomheden,,,,OK,,,,,,,Arbejdskrafts tjenester,
1694,VikarTjenesten,,,+4526297743,https://www.proff.dk/firma/vikartjenesten/horbelev/arbejdskrafts-tjenester/0RBZ00I10LU,vikartjenesten@hotmail.dk,,Du følger virksomheden,,,,OK,,,,,,,Arbejdskrafts tjenester,
1695,Vikary Syddamark,,,+4542253862,https://www.proff.dk/firma/vikary-syddamark/odense-nv/arbejdskrafts-tjenester/0RC0D0I10LU,vikaryodense@outlook.com,,Du følger virksomheden,,,,OK,,,,,,,Arbejdskrafts tjenester,
1696,OH's Vikarservice,,,+4521963003,https://www.proff.dk/firma/ohs-vikarservice/frederiksberg-c/arbejdskrafts-tjenester/0RC1S2I10LU,oliverhoue@outlook.dk,,Du følger virksomheden,,,,OK,,,,,,,Arbejdskrafts tjenester,
1697,Richard-M v/HC Martinussen,,,+4521205511,https://www.proff.dk/firma/richard-m-vhc-martinussen/vejle-%C3%B8st/arbejdskrafts-tjenester/0RC2BFI10LU,richard-m@outlook.dk,,Erhvervsstyrelsens signatur,,,,OK,,,,,,,Arbejdskrafts tjenester,
1698,JRC,,,+4527515768,https://www.proff.dk/firma/jrc/aalborg-%C3%B8st/arbejdskrafts-tjenester/0RCGDQI10LU,biuro@jrc-company.com,,Du følger virksomheden,,,,OK,,,,,,,Arbejdskrafts tjenester,
1699,SG Coating ApS,,,+4526309896,https://www.proff.dk/firma/sg-coating-aps/christiansfeld/arbejdskrafts-tjenester/0RCKN0I10LU,info@sgcoating.dk,,Du følger virksomheden,,,,OK,,,,,,,Arbejdskrafts tjenester,
1700,Team Vendelbo II ApS,,,+4540458190,https://www.proff.dk/firma/team-vendelbo-ii-aps/aalborg-%C3%B8st/arbejdskrafts-tjenester/0RCQFNI10LU,info@teamvendelbo.dk,,Du følger virksomheden,,,,OK,,,,,,,Arbejdskrafts tjenester,
1701,Nordisk Byggeri ApS,,,+4522322880,https://www.proff.dk/firma/nordisk-byggeri-aps/k%C3%B8benhavn-k/arbejdskrafts-tjenester/0RCTQWI10LU,safi@nordiskbyggeri.dk,,Du følger virksomheden,,,,OK,,,,,,,Arbejdskrafts tjenester,
1702,Hephaistos ApS,,,,https://www.proff.dk/firma/hephaistos-aps/sandved/arbejdskrafts-tjenester/0RCU4WI10LU,m.kaastrup.christiansen@gmail.com,,Du følger virksomheden,,,,OK,,,,,,,Arbejdskrafts tjenester,
1703,Express huset,,,,https://www.proff.dk/firma/express-huset/valby/arbejdskrafts-tjenester/0RCZ27I10LU,expres.huset@hotmail.com,,Du følger virksomheden,,,,OK,,,,,,,Arbejdskrafts tjenester,
1704,Sina Servicecrew,,,+4522393943,https://www.proff.dk/firma/sina-servicecrew/kolding/arbejdskrafts-tjenester/0RCZO1I10LU,saudsi12@gmail.com,,Du følger virksomheden,,,,OK,,,,,,,Arbejdskrafts tjenester,
1705,Kitchen Squad,,,,https://www.proff.dk/firma/kitchen-squad/br%C3%B8ndby/arbejdskrafts-tjenester/0RDGO5I10LU,sumaiyahmed7823@gmail.com,,Du følger virksomheden,,,,OK,,,,,,,Arbejdskrafts tjenester,
1706,WorkWay v/ Denys Zvieriev,,,+4591995826,https://www.proff.dk/firma/workway-v-denys-zvieriev/h%C3%A5rlev/arbejdskrafts-tjenester/0RDPFZI10LU,topit.zverev@gmail.com,,Du følger virksomheden,,,,OK,,,,,,,Arbejdskrafts tjenester,
1707,AK Recruitment & Consulting,,,+4551925569,https://www.proff.dk/firma/ak-recruitment-consulting/odense-nv/arbejdskrafts-tjenester/0RDPJNI10LU,lexknowles@gmail.com,,Du følger virksomheden,,,,OK,,,,,,,Arbejdskrafts tjenester,
1708,Plejesøstrene ApS,,,+4560636016,https://www.proff.dk/firma/plejes%C3%B8strene-aps/odense-m/arbejdskrafts-tjenester/0RDRH4I10LU,info@plejesoestrene.dk,,Du følger virksomheden,,,,OK,,,,,,,Arbejdskrafts tjenester,
1709,VA strategy partners,,,,https://www.proff.dk/firma/va-strategy-partners/frederiksberg/arbejdskrafts-tjenester/0RDSSTI10LU,renekmortensen@gmail.com,,Du følger virksomheden,,,,OK,,,,,,,Arbejdskrafts tjenester,
1710,Munch Holding,,,+524390,https://www.proff.dk/firma/munch-holding/nuuk/arbejdskrafts-tjenester/0RE1HKI10LU,olemunch1976@gmail.com,,Du følger virksomheden,,,,OK,,,,,,,Arbejdskrafts tjenester,
1711,HJ Connections,,,+4550951135,https://www.proff.dk/firma/hj-connections/odder/arbejdskrafts-tjenester/0RE3XTI10LU,hjconnections@hotmail.com,,Du følger virksomheden,,,,OK,,,,,,,Arbejdskrafts tjenester,
1712,Siramora Group,,,,https://www.proff.dk/firma/siramora-group/aarhus-v/arbejdskrafts-tjenester/0RE827I10LU,siramoragroup@gmail.com,,Du følger virksomheden,,,,OK,,,,,,,Arbejdskrafts tjenester,
1713,Aluya Group,,,,https://www.proff.dk/firma/aluya-group/aarhus-v/arbejdskrafts-tjenester/0RE839I10LU,aluyagroup@gmail.com,,Du følger virksomheden,,,,OK,,,,,,,Arbejdskrafts tjenester,
1714,ARCTIC SERVICES,,,+228115,https://www.proff.dk/firma/arctic-services/aasiaat/arbejdskrafts-tjenester/0RE95XI10LU,infogreenland0987@gmail.com,,Du følger virksomheden,,,,OK,,,,,,,Arbejdskrafts tjenester,
1715,Green Work Solutions ApS,,,28450030,https://www.proff.dk/firma/green-work-solutions-aps/hj%C3%B8rring/arbejdskrafts-tjenester/0REDB5I10LU,greenworksolutionsaps@gmail.com,,Du følger virksomheden,,,,OK,,,,,,,Arbejdskrafts tjenester,
1716,DK-Jobs,,,+4525256565,https://www.proff.dk/firma/dk-jobs/kolding/arbejdskrafts-tjenester/0REET5I10LU,dkjobs98@gmail.com,,Du følger virksomheden,,,,OK,,,,,,,Arbejdskrafts tjenester,
1717,TekK,,,,https://www.proff.dk/firma/tekk/b%C3%A6kke/arbejdskrafts-tjenester/0REF4WI10LU,christian.wessel.knaack@gmail.com,,Du følger virksomheden,,,,OK,,,,,,,Arbejdskrafts tjenester,
1718,RGS Manpower,,,+4522289220,https://www.proff.dk/firma/rgs-manpower/munkebo/arbejdskrafts-tjenester/0REGJLI10LU,rune2704@gmail.com,,Du følger virksomheden,,,,OK,,,,,,,Arbejdskrafts tjenester,
1719,NorMandskab,,,,https://www.proff.dk/firma/normandskab/valby/arbejdskrafts-tjenester/0REJSXI10LU,mandskab2025@outlook.dk,,Du følger virksomheden,,,,OK,,,,,,,Arbejdskrafts tjenester,
1720,Renovata Cribb GmbH,,,,https://www.proff.dk/firma/renovata-cribb-gmbh/k%C3%B8benhavn-k/arbejdskrafts-tjenester/0RESABI10LU,vb@handelskammer.dk,,Du følger virksomheden,,,,OK,,,,,,,Arbejdskrafts tjenester,
1721,ComPartner ApS,,,+4561466668,https://www.proff.dk/firma/compartner-aps/br%C3%B8ndby/arbejdskrafts-tjenester/0REVK3I10LU,info@compartner.dk,,Du følger virksomheden,,,,OK,,,,,,,Arbejdskrafts tjenester,
1722,Fag byg,,,+4540500831,https://www.proff.dk/firma/fag-byg/frederikssund/arbejdskrafts-tjenester/0REZO7I10LU,fagbyg@gmail.com,,Du følger virksomheden,,,,OK,,,,,,,Arbejdskrafts tjenester,
1723,DB Vikarservice,,,,https://www.proff.dk/firma/db-vikarservice/ish%C3%B8j/arbejdskrafts-tjenester/0REZOVI10LU,dbvikarservice@gmail.com,,Du følger virksomheden,,,,OK,,,,,,,Arbejdskrafts tjenester,
1724,Floreo i/s,,,,https://www.proff.dk/firma/floreo-is/br%C3%B8ndby/arbejdskrafts-tjenester/0RF3FNI10LU,olivermysander@hotmail.com,,Du følger virksomheden,,,,OK,,,,,,,Arbejdskrafts tjenester,
1725,ME Elecmetal HR B.V.,,,,https://www.proff.dk/firma/me-elecmetal-hr-b.v./ringsted/arbejdskrafts-tjenester/0RF50PI10LU,int.payroll@sonderuprevisorer.dk,,Du følger virksomheden,,,,OK,,,,,,,Arbejdskrafts tjenester,
1726,Nordflex,,,+4530401419,https://www.proff.dk/firma/nordflex/glostrup/arbejdskrafts-tjenester/0RF52BI10LU,ahmedmo4845@gmail.com,,Du følger virksomheden,,,,OK,,,,,,,Arbejdskrafts tjenester,
1727,Vikarhjertet ApS,,,,https://www.proff.dk/firma/vikarhjertet-aps/herlev/arbejdskrafts-tjenester/0RF6B7I10LU,info@vikarhjertet.dk,,Du følger virksomheden,,,,OK,,,,,,,Arbejdskrafts tjenester,
1728,Greenland Manpower and Services,,,+4599258993,https://www.proff.dk/firma/greenland-manpower-and-services/nuuk/arbejdskrafts-tjenester/0RFV0LI10LU,greenlandmanpowerandservices@gmail.com,,Du følger virksomheden,,,,OK,,,,,,,Arbejdskrafts tjenester,
1729,Anja Stentoft,,,+4528898228,https://www.proff.dk/firma/anja-stentoft/roskilde/arbejdskrafts-tjenester/0RFVCII10LU,anja@anjastentoft.dk,,Du følger virksomheden,,,,OK,,,,,,,Arbejdskrafts tjenester,
1730,Jonas Iversen Freelance,,,+4528268490,https://www.proff.dk/firma/jonas-iversen-freelance/vildbjerg/arbejdskrafts-tjenester/0RG0IDI10LU,jonasiversen@live.dk,,Du følger virksomheden,,,,OK,,,,,,,Arbejdskrafts tjenester,
1731,Nh Bemanning AS,,,+4592444525,https://www.proff.dk/firma/nh-bemanning-as/frederiksberg/arbejdskrafts-tjenester/0RG7DYI10LU,jes@nh-aps.com,,Du følger virksomheden,,,,OK,,,,,,,Arbejdskrafts tjenester,
1732,Henriksen og Hallie I/S,,,+4560126075,https://www.proff.dk/firma/henriksen-og-hallie-is/kirke-hyllinge/arbejdskrafts-tjenester/0RG986I10LU,kontakt@henriksenoghallie.dk,,Du følger virksomheden,,,,OK,,,,,,,Arbejdskrafts tjenester,
1733,Trivi ApS,,,+4552678794,https://www.proff.dk/firma/trivi-aps/frederiksberg/arbejdskrafts-tjenester/0RGL6LI10LU,kontakt@trivsel-vikar.dk,,Du følger virksomheden,,,,OK,,,,,,,Arbejdskrafts tjenester,
1734,L-M-C ApS,,,+4530742228,https://www.proff.dk/firma/l-m-c-aps/gr%C3%A5sten/arbejdskrafts-tjenester/0RGMQ8I10LU,lasse.smd@outlook.dk,,Du følger virksomheden,,,,OK,,,,,,,Arbejdskrafts tjenester,
1735,Copenhagen Staff Holdings ApS,,,91824605,https://www.proff.dk/firma/copenhagen-staff-holdings-aps/frederiksberg-c/arbejdskrafts-tjenester/0RGSROI10LU,team@copenhagenstaff.com,,Du følger virksomheden,,,,OK,,,,,,,Arbejdskrafts tjenester,
1736,Arktis Social,,,+4554318724,https://www.proff.dk/firma/arktis-social/esbjerg-%C3%B8/arbejdskrafts-tjenester/0RGV0II10LU,dariusz40@hotmail.com,,Du følger virksomheden,,,,OK,,,,,,,Arbejdskrafts tjenester,
1737,Wiex Work and Integration Experience,,,+4550175964,https://www.proff.dk/firma/wiex-work-and-integration-experience/herning/arbejdskrafts-tjenester/0RGV67I10LU,odwiex@outlook.com,,Du følger virksomheden,,,,OK,,,,,,,Arbejdskrafts tjenester,
1738,Copenhagen Staff ApS,,,91824605,https://www.proff.dk/firma/copenhagen-staff-aps/frederiksberg-c/arbejdskrafts-tjenester/0RGYUOI10LU,team@copenhagenstaff.com,,Du følger virksomheden,,,,OK,,,,,,,Arbejdskrafts tjenester,
1739,Høng Agro,,,+4540421166,https://www.proff.dk/firma/h%C3%B8ng-agro/g%C3%B8rlev/arbejdskrafts-tjenester/0RH446I10LU,cj.m.soerensen@gmail.com,,Du følger virksomheden,,,,OK,,,,,,,Arbejdskrafts tjenester,
1740,TM-Service,,,,https://www.proff.dk/firma/tm-service/aars/arbejdskrafts-tjenester/0RH84SI10LU,taishornum@gmail.com,,Du følger virksomheden,,,,OK,,,,,,,Arbejdskrafts tjenester,
1741,Brønderslev Vikar og Multiservice,,,+4524935100,https://www.proff.dk/firma/br%C3%B8nderslev-vikar-og-multiservice/br%C3%B8nderslev/arbejdskrafts-tjenester/0RHC9ZI10LU,frankdonskov@gmail.com,,Du følger virksomheden,,,,OK,,,,,,,Arbejdskrafts tjenester,
1742,MK Bonn Solutions ApS,,,,https://www.proff.dk/firma/mk-bonn-solutions-aps/nuuk/arbejdskrafts-tjenester/0RHDUQI10LU,mkbonnsolutions@gmail.com,,Du følger virksomheden,,,,OK,,,,,,,Arbejdskrafts tjenester,
1743,Krings ApS,,,,https://www.proff.dk/firma/krings-aps/bjerringbro/arbejdskrafts-tjenester/0RHH1TI10LU,kristofferkrings@hotmail.com,,Du følger virksomheden,,,,OK,,,,,,,Arbejdskrafts tjenester,
1744,BML Byg,,,,https://www.proff.dk/firma/bml-byg/karlslunde/arbejdskrafts-tjenester/0RHICEI10LU,info@bmlbyg.dk,,Du følger virksomheden,,,,OK,,,,,,,Arbejdskrafts tjenester,
1745,SundFlex Vikarbureau ApS,,,+4571718283,https://www.proff.dk/firma/sundflex-vikarbureau-aps/%C3%A5byh%C3%B8j/arbejdskrafts-tjenester/0RHOYBI10LU,info@sundflex.dk,,Du følger virksomheden,,,,OK,,,,,,,Arbejdskrafts tjenester,
1746,Tn vikarservice,,,,https://www.proff.dk/firma/tn-vikarservice/fr%C3%B8strup/arbejdskrafts-tjenester/0RHT8YI10LU,thor-nielsen@hotmail.com,,Du følger virksomheden,,,,OK,,,,,,,Arbejdskrafts tjenester,
1747,Yugova Colab,,,,https://www.proff.dk/firma/yugova-colab/r%C3%B8dovre/arbejdskrafts-tjenester/0RI25II10LU,simonaiugova@gmail.com,,Du følger virksomheden,,,,OK,,,,,,,Arbejdskrafts tjenester,
1748,NEAST ApS,,,,https://www.proff.dk/firma/neast-aps/vejle/arbejdskrafts-tjenester/0RI9SZI10LU,hristovpetko25@gmail.com,,Du følger virksomheden,,,,OK,,,,,,,Arbejdskrafts tjenester,
1749,Tryghedsteamet,,,,https://www.proff.dk/firma/tryghedsteamet/mesinge/arbejdskrafts-tjenester/0RIADVI10LU,frank.hartwig@hotmail.com,,Du følger virksomheden,,,,OK,,,,,,,Arbejdskrafts tjenester,
1750,Aurora Academy,,,+4591824240,https://www.proff.dk/firma/aurora-academy/r%C3%B8dovre/arbejdskrafts-tjenester/0RIBQMI10LU,sara_jamali@outlook.com,,Du følger virksomheden,,,,OK,,,,,,,Arbejdskrafts tjenester,
1751,Vasyl Oliinyk Servise,,,,https://www.proff.dk/firma/vasyl-oliinyk-servise/holmegaard/arbejdskrafts-tjenester/0RIF1BI10LU,wasylolenyk@gmail.com,,Du følger virksomheden,,,,OK,,,,,,,Arbejdskrafts tjenester,
1752,LYAN Maritim ApS,,,+4541886800,https://www.proff.dk/firma/lyan-maritim-aps/viborg/arbejdskrafts-tjenester/0RIFLSI10LU,hc@lyan.dk,,Du følger virksomheden,,,,OK,,,,,,,Arbejdskrafts tjenester,
1753,Tarlev Murer & Entreprise ApS,,,+4520857579,https://www.proff.dk/firma/tarlev-murer-entreprise-aps/struer/arbejdskrafts-tjenester/0RIL1XI10LU,asbjorn944@live.dk,,Du følger virksomheden,,,,OK,,,,,,,Arbejdskrafts tjenester,
1754,Ely Services,,,+4550284144,https://www.proff.dk/firma/ely-services/skals/arbejdskrafts-tjenester/0RIOJLI10LU,cmicu631@gmail.com,,Du følger virksomheden,,,,OK,,,,,,,Arbejdskrafts tjenester,
1755,PerspektivHR,,,+4529433604,https://www.proff.dk/firma/perspektivhr/esbjerg-%C3%B8/arbejdskrafts-tjenester/0RIUO9I10LU,hs@perspektivhr.dk,,Du følger virksomheden,,,,OK,,,,,,,Arbejdskrafts tjenester,
1756,Arctic Vikar ApS,,,+560519,https://www.proff.dk/firma/arctic-vikar-aps/nuussuaq/arbejdskrafts-tjenester/0RIWBXI10LU,qillalaannguaq@gmail.com,,Du følger virksomheden,,,,OK,,,,,,,Arbejdskrafts tjenester,
1757,Pædagogisk Partnerskab,,,+4522152262,https://www.proff.dk/firma/p%C3%A6dagogisk-partnerskab/ikast/arbejdskrafts-tjenester/0RIX1VI10LU,info@paedagogiskpartnerskab.dk,,Du følger virksomheden,,,,OK,,,,,,,Arbejdskrafts tjenester,
1758,PharmaVikar ApS,,,+4520746464,https://www.proff.dk/firma/pharmavikar-aps/aalborg/arbejdskrafts-tjenester/0RIZRPI10LU,christina@pharmavikar.dk,,Du følger virksomheden,,,,OK,,,,,,,Arbejdskrafts tjenester,
1759,WORKFORCE & ASSETS,,,+4523202066,https://www.proff.dk/firma/workforce-assets/br%C3%B8nsh%C3%B8j/arbejdskrafts-tjenester/0RJ046I10LU,payarezwilliam@gmail.com,,Du følger virksomheden,,,,OK,,,,,,,Arbejdskrafts tjenester,
1760,Møllers Solutions,,,+4540473577,https://www.proff.dk/firma/m%C3%B8llers-solutions/grenaa/arbejdskrafts-tjenester/0RJ2MOI10LU,william.dvm@gmail.com,,Du følger virksomheden,,,,OK,,,,,,,Arbejdskrafts tjenester,
1761,JobTeam Metal Odense,,,,https://www.proff.dk/firma/jobteam-metal-odense/odense-sv/arbejdskrafts-tjenester/0RJ3AFI10LU,danielkenni@hotmail.com,,Du følger virksomheden,,,,OK,,,,,,,Arbejdskrafts tjenester,
1762,leonard multiservice,,,,https://www.proff.dk/firma/leonard-multiservice/randb%C3%B8l/arbejdskrafts-tjenester/0RJ3AVI10LU,leonard_ligau@yahoo.es,,Du følger virksomheden,,,,OK,,,,,,,Arbejdskrafts tjenester,
1763,StratPoint Consulting,,,+4540857508,https://www.proff.dk/firma/stratpoint-consulting/vejen/arbejdskrafts-tjenester/0RJ3JHI10LU,pellelindahl@hotmail.com,,Du følger virksomheden,,,,OK,,,,,,,Arbejdskrafts tjenester,
1764,Socialvagten ApS,,,+4549496622,https://www.proff.dk/firma/socialvagten-aps/vanl%C3%B8se/arbejdskrafts-tjenester/0RJ6XVI10LU,mail@socialvagten.dk,,Du følger virksomheden,,,,OK,,,,,,,Arbejdskrafts tjenester,
1765,Freyr invest,,,+4553101442,https://www.proff.dk/firma/freyr-invest/k%C3%B8benhavn-n/arbejdskrafts-tjenester/0RJ74UI10LU,kevinmyrthue2200@gmail.com,,Du følger virksomheden,,,,OK,,,,,,,Arbejdskrafts tjenester,
1766,NC Flexstaff ApS,,,+4577170581,https://www.proff.dk/firma/nc-flexstaff-aps/horsens/arbejdskrafts-tjenester/0RJ7KNI10LU,ncflexstaff@yahoo.com,,Du følger virksomheden,,,,OK,,,,,,,Arbejdskrafts tjenester,
1767,Eventa Experiences,,,+4526849003,https://www.proff.dk/firma/eventa-experiences/aarhus-n/arbejdskrafts-tjenester/0RJ8GBI10LU,lauritsfrandsen@eventaexperiences.dk,,Du følger virksomheden,,,,OK,,,,,,,Arbejdskrafts tjenester,
1768,Lencore solution,,,,https://www.proff.dk/firma/lencore-solution/kolding/arbejdskrafts-tjenester/0RJASNI10LU,lencoresolution@outlook.com,,Du følger virksomheden,,,,OK,,,,,,,Arbejdskrafts tjenester,
1769,Cronquist Maskinstation og Entreprenør,,,+4542952572,https://www.proff.dk/firma/cronquist-maskinstation-og-entrepren%C3%B8r/malling/arbejdskrafts-tjenester/0RJDHQI10LU,mallingmaskinstation@hotmail.com,,Du følger virksomheden,,,,OK,,,,,,,Arbejdskrafts tjenester,
1770,F&M Service,,,+4522556209,https://www.proff.dk/firma/fm-service/aalborg/arbejdskrafts-tjenester/0RJF3UI10LU,mathias.lind.bols@gmail.com,,Du følger virksomheden,,,,OK,,,,,,,Arbejdskrafts tjenester,
1771,L.T. Consult,,,,https://www.proff.dk/firma/l.t.-consult/silkeborg/arbejdskrafts-tjenester/0RJOJ9I10LU,louisetorne@gmail.com,,Du følger virksomheden,,,,OK,,,,,,,Arbejdskrafts tjenester,
1772,Lindrup&Hansen ApS,,,+4526132610,https://www.proff.dk/firma/lindruphansen-aps/maribo/arbejdskrafts-tjenester/0RJQU6I10LU,contact@lindrupoghansen.dk,,Du følger virksomheden,,,,OK,,,,,,,Arbejdskrafts tjenester,
1773,T Lind Transport,,,+4550368133,https://www.proff.dk/firma/t-lind-transport/l%C3%B8sning/arbejdskrafts-tjenester/0RJUKHI10LU,kjoersidetransport@outlook.dk,,Du følger virksomheden,,,,OK,,,,,,,Arbejdskrafts tjenester,
1774,Talentia Rekruttering,,,,https://www.proff.dk/firma/talentia-rekruttering/helsing%C3%B8r/arbejdskrafts-tjenester/0RJURLI10LU,business.talentia@gmail.com,,Du følger virksomheden,,,,OK,,,,,,,Arbejdskrafts tjenester,
1775,Damaskinavian,,,,https://www.proff.dk/firma/damaskinavian/aalborg/arbejdskrafts-tjenester/0RJUUUI10LU,info@damaskinavian.dk,,Du følger virksomheden,,,,OK,,,,,,,Arbejdskrafts tjenester,
1776,Matchly Nordic ApS,,,,https://www.proff.dk/firma/matchly-nordic-aps/varde/arbejdskrafts-tjenester/0RJXXFI10LU,elvinbubalo45@gmail.com,,Du følger virksomheden,,,,OK,,,,,,,Arbejdskrafts tjenester,
1777,WK Handel & Service,,,+4540596293,https://www.proff.dk/firma/wk-handel-service/frederikshavn/arbejdskrafts-tjenester/0RKAFLI10LU,william_keller1105@icloud.com,,Du følger virksomheden,,,,OK,,,,,,,Arbejdskrafts tjenester,
1778,Højgaard,,,,https://www.proff.dk/firma/h%C3%B8jgaard/harlev-j/arbejdskrafts-tjenester/0RKBH8I10LU,t.hoejgaard.hansen@gmail.com,,Du følger virksomheden,,,,OK,,,,,,,Arbejdskrafts tjenester,
1779,Michael Tjagvad Gildbjerg,,,,https://www.proff.dk/firma/michael-tjagvad-gildbjerg/vildbjerg/arbejdskrafts-tjenester/0RKG1FI10LU,michael@tmjh.dk,,Du følger virksomheden,,,,OK,,,,,,,Arbejdskrafts tjenester,
1780,AC Service,,,,https://www.proff.dk/firma/ac-service/vamdrup/arbejdskrafts-tjenester/0RKK6HI10LU,asc8905@hotmail.com,,Du følger virksomheden,,,,OK,,,,,,,Arbejdskrafts tjenester,
1781,Bratianu Bravalo,,,,https://www.proff.dk/firma/bratianu-bravalo/%C3%B8stervr%C3%A5/arbejdskrafts-tjenester/0RKKBDI10LU,bratianubravalo@consultanta.dk,,Du følger virksomheden,,,,OK,,,,,,,Arbejdskrafts tjenester,
1782,NordMandskab,,,+4527848656,https://www.proff.dk/firma/nordmandskab/glostrup/arbejdskrafts-tjenester/0RKL6BI10LU,nordmandskab@outlook.dk,,Du følger virksomheden,,,,OK,,,,,,,Arbejdskrafts tjenester,
1783,Munksgaard Montage,,,+4553762372,https://www.proff.dk/firma/munksgaard-montage/harbo%C3%B8re/arbejdskrafts-tjenester/0RKO0NI10LU,munksgaard.montage@outlook.dk,,Du følger virksomheden,,,,OK,,,,,,,Arbejdskrafts tjenester,
1784,Bestil nu ApS,,,+4531686869,https://www.proff.dk/firma/bestil-nu-aps/s%C3%B8borg/arbejdskrafts-tjenester/0RKP0AI10LU,amatrawy3@hotmail.com,,Du følger virksomheden,,,,OK,,,,,,,Arbejdskrafts tjenester,
1785,MTH EK Vikar,,,,https://www.proff.dk/firma/mth-ek-vikar/tilst/arbejdskrafts-tjenester/0RLK42I10LU,mthiast3@gmail.com,,Du følger virksomheden,,,,OK,,,,,,,Arbejdskrafts tjenester,
1786,Nordic Talent Collab ApS,,,,https://www.proff.dk/firma/nordic-talent-collab-aps/virum/arbejdskrafts-tjenester/0RLKILI10LU,kristian@nordictalentcollab.dk,,Du følger virksomheden,,,,OK,,,,,,,Arbejdskrafts tjenester,
1787,FT Byg og Handel ApS,,,+4560168005,https://www.proff.dk/firma/ft-byg-og-handel-aps/fredericia/arbejdskrafts-tjenester/0RLMHMI10LU,frank@ftbygoghandel.dk,,Du følger virksomheden,,,,OK,,,,,,,Arbejdskrafts tjenester,
1788,Skolelederrekrutteringen ApS,,,+4560562600,https://www.proff.dk/firma/skolelederrekrutteringen-aps/k%C3%B8benhavn-s/arbejdskrafts-tjenester/0RLYZUI10LU,soeren.oxholm@skoleledervikaren.dk,,Du følger virksomheden,,,,OK,,,,,,,Arbejdskrafts tjenester,
1789,A Casting I/S,,,+4593907492,https://www.proff.dk/firma/a-casting-is/frederiksberg/arbejdskrafts-tjenester/0RM3ARI10LU,info@acasting.dk,,Du følger virksomheden,,,,OK,,,,,,,Arbejdskrafts tjenester,
1790,Nordic Team I/S,,,+4521904030,https://www.proff.dk/firma/nordic-team-is/k%C3%B8benhavn-nv/arbejdskrafts-tjenester/0RM4MGI10LU,info@nordic-team.dk,,Du følger virksomheden,,,,OK,,,,,,,Arbejdskrafts tjenester,
1791,Ellaz Vikarbureau,,,+4525601076,https://www.proff.dk/firma/ellaz-vikarbureau/kolding/arbejdskrafts-tjenester/0RM6HUI10LU,ellazvikarbureau@gmail.com,,Du følger virksomheden,,,,OK,,,,,,,Arbejdskrafts tjenester,
1792,MN Consulting,,,+4528737289,https://www.proff.dk/firma/mn-consulting/tistrup/arbejdskrafts-tjenester/0RMA5GI10LU,mariannepind@yahoo.dk,,Du følger virksomheden,,,,OK,,,,,,,Arbejdskrafts tjenester,
1793,DOB Multiservice,,,+4561725520,https://www.proff.dk/firma/dob-multiservice/klippinge/arbejdskrafts-tjenester/0RMNXVI10LU,daniellarsen25@gmail.com,,Du følger virksomheden,,,,OK,,,,,,,Arbejdskrafts tjenester,
1794,Asfalia care,,,+4528598473,https://www.proff.dk/firma/asfalia-care/haderup/arbejdskrafts-tjenester/0RMOIEI10LU,ibend@outlook.dk,,Du følger virksomheden,,,,OK,,,,,,,Arbejdskrafts tjenester,
1795,AB El-teknik,,,,https://www.proff.dk/firma/ab-el-teknik/hvidovre/arbejdskrafts-tjenester/0RMVP3I10LU,abd-asad@hotmail.com,,Du følger virksomheden,,,,OK,,,,,,,Arbejdskrafts tjenester,
1796,Stephen John Rooks,,,,https://www.proff.dk/firma/stephen-john-rooks/esbjerg-n/arbejdskrafts-tjenester/0RMX8II10LU,norster850@gmail.com,,Du følger virksomheden,,,,OK,,,,,,,Arbejdskrafts tjenester,
1797,Project Garden Eden v/Rene Utz,,,+4581900317,https://www.proff.dk/firma/project-garden-eden-vrene-utz/lemvig/arbejdskrafts-tjenester/0RMXGDI10LU,bvbuzi09@gmail.com,,Du følger virksomheden,,,,OK,,,,,,,Arbejdskrafts tjenester,
1798,HH Force I/S,,,+4541262346,https://www.proff.dk/firma/hh-force-is/esbjerg/arbejdskrafts-tjenester/0RMZLII10LU,jh@hhforce.dk,,Du følger virksomheden,,,,OK,,,,,,,Arbejdskrafts tjenester,
1799,Esben Jensen,,,+4530428211,https://www.proff.dk/firma/esben-jensen/randers-s%C3%B8/arbejdskrafts-tjenester/0RNGSDI10LU,esbenjensen1813@gmail.com,,Du følger virksomheden,,,,OK,,,,,,,Arbejdskrafts tjenester,
1800,ColdBore Group ApS,,,+4520502600,https://www.proff.dk/firma/coldbore-group-aps/k%C3%B8benhavn-k/arbejdskrafts-tjenester/0RNKOTI10LU,andreastrollesborg13@gmail.com,,Du følger virksomheden,,,,OK,,,,,,,Arbejdskrafts tjenester,
1801,Martins vikar,,,,https://www.proff.dk/firma/martins-vikar/melby/arbejdskrafts-tjenester/0RNMCMI10LU,martinskaalum@gmail.com,,Du følger virksomheden,,,,OK,,,,,,,Arbejdskrafts tjenester,
1802,AD Consulting,,,,https://www.proff.dk/firma/ad-consulting/odense-c/arbejdskrafts-tjenester/0RNPXZI10LU,aldim18@hotmail.com,,Du følger virksomheden,,,,OK,,,,,,,Arbejdskrafts tjenester,
1803,Oncare ApS,,,+4528762403,https://www.proff.dk/firma/oncare-aps/ish%C3%B8j/arbejdskrafts-tjenester/0RNTDWI10LU,info@oncare.dk,,Du følger virksomheden,,,,OK,,,,,,,Arbejdskrafts tjenester,
1804,Curalis,,,,https://www.proff.dk/firma/curalis/n%C3%B8rresundby/arbejdskrafts-tjenester/0RNU06I10LU,hans_vesterbro@hotmail.com,,Du følger virksomheden,,,,OK,,,,,,,Arbejdskrafts tjenester,
1805,Hus & Have Omsorg,,,,https://www.proff.dk/firma/hus-have-omsorg/hundested/arbejdskrafts-tjenester/0RO7EVI10LU,hhomsorg@mail-online.dk,,Du følger virksomheden,,,,OK,,,,,,,Arbejdskrafts tjenester,
1806,NorthSub ApS,,,+4550354585,https://www.proff.dk/firma/northsub-aps/grindsted/arbejdskrafts-tjenester/0RO8G5I10LU,kontakt@northsub.dk,,Du følger virksomheden,,,,OK,,,,,,,Arbejdskrafts tjenester,
1807,Rosenkvist & Co.,,,+4520922374,https://www.proff.dk/firma/rosenkvist-co./kalundborg/arbejdskrafts-tjenester/0ROIAFI10LU,rosenkvist.co@gmail.com,,Du følger virksomheden,,,,OK,,,,,,,Arbejdskrafts tjenester,
1808,KBH Vikar Service,,,,https://www.proff.dk/firma/kbh-vikar-service/ish%C3%B8j/arbejdskrafts-tjenester/0ROKKRI10LU,omid.halimi@yahoo.com,,Du følger virksomheden,,,,OK,,,,,,,Arbejdskrafts tjenester,
1809,ArnelSune,,,,https://www.proff.dk/firma/arnelsune/haslev/arbejdskrafts-tjenester/0ROPEMI10LU,arnelsune@gmail.com,,Du følger virksomheden,,,,OK,,,,,,,Arbejdskrafts tjenester,
1810,EOR Greenland ApS,,,,https://www.proff.dk/firma/eor-greenland-aps/ilulissat/arbejdskrafts-tjenester/0ROQDMI10LU,jesper@repenso.dk,,Du følger virksomheden,,,,OK,,,,,,,Arbejdskrafts tjenester,
1811,Nordic Recruitment Partner,,,,https://www.proff.dk/firma/nordic-recruitment-partner/st%C3%B8vring/arbejdskrafts-tjenester/0RORXPI10LU,sheldahjensen@gmail.com,,Du følger virksomheden,,,,OK,,,,,,,Arbejdskrafts tjenester,
1812,Egebo partner service f.m.b.a,,,+4529167094,https://www.proff.dk/firma/egebo-partner-service-f.m.b.a/skibby/arbejdskrafts-tjenester/0RP2JTI10LU,egebo@mail.dk,,Du følger virksomheden,,,,OK,,,,,,,Arbejdskrafts tjenester,
1813,MN Technical Solutions,,,,https://www.proff.dk/firma/mn-technical-solutions/esbjerg-%C3%B8/arbejdskrafts-tjenester/0RP81TI10LU,mn@windtron.dk,,Du følger virksomheden,,,,OK,,,,,,,Arbejdskrafts tjenester,
1814,Crewpoint,,,+4553668807,https://www.proff.dk/firma/crewpoint/k%C3%B8benhavn-n/arbejdskrafts-tjenester/0RPCKDI10LU,crewpoint@hotmail.com,,Du følger virksomheden,,,,OK,,,,,,,Arbejdskrafts tjenester,
1815,Nimloth,,,+4522962293,https://www.proff.dk/firma/nimloth/aalborg/arbejdskrafts-tjenester/0RPDPII10LU,emilellitsgaard@live.dk,,Du følger virksomheden,,,,OK,,,,,,,Arbejdskrafts tjenester,
1816,K9 Crew,,,+4526707278,https://www.proff.dk/firma/k9-crew/aarup/arbejdskrafts-tjenester/0RPGFZI10LU,mikkelbjand@gmail.com,,Du følger virksomheden,,,,OK,,,,,,,Arbejdskrafts tjenester,
1817,Humano Vikar & Rekruttering ApS,,,+4554556611,https://www.proff.dk/firma/humano-vikar-rekruttering-aps/herning/arbejdskrafts-tjenester/0RPRADI10LU,ja@jaconnect.dk,,Du følger virksomheden,,,,OK,,,,,,,Arbejdskrafts tjenester,
1818,JJ Udlejning,,,+4561704963,https://www.proff.dk/firma/jj-udlejning/storvorde/arbejdskrafts-tjenester/0RPUD4I10LU,jimmyejensen@msn.com,,Du følger virksomheden,,,,OK,,,,,,,Arbejdskrafts tjenester,
1819,ScanZam,,,+4553575735,https://www.proff.dk/firma/scanzam/esbjerg-%C3%B8/arbejdskrafts-tjenester/0RPW25I10LU,sebastianzamorowski@gmail.com,,Du følger virksomheden,,,,OK,,,,,,,Arbejdskrafts tjenester,
1820,work force gl,,,+00299286878,https://www.proff.dk/firma/work-force-gl/nuuk/arbejdskrafts-tjenester/0RPZANI10LU,wforcegl@gmail.com,,Du følger virksomheden,,,,OK,,,,,,,Arbejdskrafts tjenester,
1821,Transit Compass ApS,,,,https://www.proff.dk/firma/transit-compass-aps/glostrup/arbejdskrafts-tjenester/0RPZD4I10LU,adm.kmsholding@gmail.com,,Du følger virksomheden,,,,OK,,,,,,,Arbejdskrafts tjenester,
1822,MN Enterprise,,,+4542781749,https://www.proff.dk/firma/mn-enterprise/vorbasse/arbejdskrafts-tjenester/0RQ1YNI10LU,madsbech7200@gmail.com,,Du følger virksomheden,,,,OK,,,,,,,Arbejdskrafts tjenester,
1823,RV Mandskab ApS,,,+4541833441,https://www.proff.dk/firma/rv-mandskab-aps/odense-v/arbejdskrafts-tjenester/0RQ22JI10LU,rvmandskab@gmail.com,,Du følger virksomheden,,,,OK,,,,,,,Arbejdskrafts tjenester,
1824,BV rengøring og Multiservice,,,+4591951599,https://www.proff.dk/firma/bv-reng%C3%B8ring-og-multiservice/nordborg/arbejdskrafts-tjenester/0RQ6EJI10LU,aydinstanev@outlook.dk,,Du følger virksomheden,,,,OK,,,,,,,Arbejdskrafts tjenester,
1825,Take Care ApS,,,+4522335208,https://www.proff.dk/firma/take-care-aps/lang%C3%A5/arbejdskrafts-tjenester/0RQ8JXI10LU,torben@takecarevikar.dk,,Du følger virksomheden,,,,OK,,,,,,,Arbejdskrafts tjenester,
1826,HEIMANNS MULTISERVICE,,,,https://www.proff.dk/firma/heimanns-multiservice/nyk%C3%B8bing-f/arbejdskrafts-tjenester/0RQBM8I10LU,heimann.h@gmail.com,,Du følger virksomheden,,,,OK,,,,,,,Arbejdskrafts tjenester,
1827,KE udlejning,,,,https://www.proff.dk/firma/ke-udlejning/aabybro/arbejdskrafts-tjenester/0RQDJ2I10LU,kejokumsen@hotmail.com,,Du følger virksomheden,,,,OK,,,,,,,Arbejdskrafts tjenester,
1828,Virugo ApS,,,+4591604007,https://www.proff.dk/firma/virugo-aps/k%C3%B8benhavn-k/arbejdskrafts-tjenester/0RQHI4I10LU,virugoaps@outlook.com,,Du følger virksomheden,,,,OK,,,,,,,Arbejdskrafts tjenester,
1829,InnoByg,,,+4560822969,https://www.proff.dk/firma/innobyg/kastrup/arbejdskrafts-tjenester/0RQJE4I10LU,albaek0905@icloud.com,,Du følger virksomheden,,,,OK,,,,,,,Arbejdskrafts tjenester,
1830,MM service,,,,https://www.proff.dk/firma/mm-service/%C3%A5rre/arbejdskrafts-tjenester/0RQJOVI10LU,maiole84@gmail.com,,Du følger virksomheden,,,,OK,,,,,,,Arbejdskrafts tjenester,
1831,Nord Byg Og Mandskab,,,,https://www.proff.dk/firma/nord-byg-og-mandskab/vallensb%C3%A6k-strand/arbejdskrafts-tjenester/0RQMAPI10LU,ap@nordbyg-mandskab.dk,,Du følger virksomheden,,,,OK,,,,,,,Arbejdskrafts tjenester,
1832,Havnemanden,,,,https://www.proff.dk/firma/havnemanden/hanstholm/arbejdskrafts-tjenester/0RQQ69I10LU,havnemanden@hotmail.com,,Du følger virksomheden,,,,OK,,,,,,,Arbejdskrafts tjenester,
1833,Nordconect,,,+4550651692,https://www.proff.dk/firma/nordconect/munkebo/arbejdskrafts-tjenester/0RQW61I10LU,nordconectaps@gmail.com,,Du følger virksomheden,,,,OK,,,,,,,Arbejdskrafts tjenester,
1834,Andersen Vikar,,,+4599580915,https://www.proff.dk/firma/andersen-vikar/sisimiut/arbejdskrafts-tjenester/0RR00GI10LU,akkado1990@yahoo.com,,Du følger virksomheden,,,,OK,,,,,,,Arbejdskrafts tjenester,
1835,Zehngraff,,,+4522661818,https://www.proff.dk/firma/zehngraff/gilleleje/arbejdskrafts-tjenester/0RR5MII10LU,tom@zehngraff.net,,Du følger virksomheden,,,,OK,,,,,,,Arbejdskrafts tjenester,
1836,Ordentlig Omsorg ApS,,,+4542292927,https://www.proff.dk/firma/ordentlig-omsorg-aps/brabrand/arbejdskrafts-tjenester/0RRNAHI10LU,kontakt@ordentligtomsorg.dk,,Du følger virksomheden,,,,OK,,,,,,,Arbejdskrafts tjenester,
1837,Elena Service ApS,,,,https://www.proff.dk/firma/elena-service-aps/s%C3%B8borg/arbejdskrafts-tjenester/0RRNZYI10LU,elenaservice@hotmail.com,,Du følger virksomheden,,,,OK,,,,,,,Arbejdskrafts tjenester,
1838,Verlo,,,,https://www.proff.dk/firma/verlo/aalborg/arbejdskrafts-tjenester/0RRP1FI10LU,williamkolds@gmail.com,,Du følger virksomheden,,,,OK,,,,,,,Arbejdskrafts tjenester,
1839,Nordcrest Recruitment,,,+4552613239,https://www.proff.dk/firma/nordcrest-recruitment/grenaa/arbejdskrafts-tjenester/0RRVQKI10LU,peterjoergensen17@gmail.com,,Du følger virksomheden,,,,OK,,,,,,,Arbejdskrafts tjenester,
1840,Nordic Business Solutions,,,+4542548559,https://www.proff.dk/firma/nordic-business-solutions/aalborg/arbejdskrafts-tjenester/0RRZSHI10LU,info@nordicmatch.dk,,Du følger virksomheden,,,,OK,,,,,,,Arbejdskrafts tjenester,
1841,rgkentreprise,,,+4542687120,https://www.proff.dk/firma/rgkentreprise/nysted/arbejdskrafts-tjenester/0RRZXFI10LU,kranberg65936@gmail.com,,Du følger virksomheden,,,,OK,,,,,,,Arbejdskrafts tjenester,
1842,Peak Potential Management I/S,,,+4520993148,https://www.proff.dk/firma/peak-potential-management-is/taastrup/arbejdskrafts-tjenester/0RS15LI10LU,alinasre80@hotmail.com,,Du følger virksomheden,,,,OK,,,,,,,Arbejdskrafts tjenester,
1843,"DECIMALS WORK LTD, filial af DECIMALS WORK LTD, England",,,,https://www.proff.dk/firma/decimals-work-ltd-filial-af-decimals-work-ltd-england/niv%C3%A5/arbejdskrafts-tjenester/0RS1DGI10LU,ed@decimals.co,,Du følger virksomheden,,,,OK,,,,,,,Arbejdskrafts tjenester,
1844,M.S - Mandskabsudlejning Sjælland,,,,https://www.proff.dk/firma/m.s-mandskabsudlejning-sj%C3%A6lland/n%C3%A6stved/arbejdskrafts-tjenester/0RS1WLI10LU,mandskabsudlejningsjaelland@gmail.com,,Du følger virksomheden,,,,OK,,,,,,,Arbejdskrafts tjenester,
1845,Gapfield,,,+4526844126,https://www.proff.dk/firma/gapfield/hellerup/arbejdskrafts-tjenester/0RS21JI10LU,lunafallinge@hotmail.com,,Du følger virksomheden,,,,OK,,,,,,,Arbejdskrafts tjenester,
1846,WS byg I/S,,,+4522202517,https://www.proff.dk/firma/ws-byg-is/sk%C3%A6rb%C3%A6k/arbejdskrafts-tjenester/0RS3YLI10LU,wsbygis@gmail.com,,Du følger virksomheden,,,,OK,,,,,,,Arbejdskrafts tjenester,
1847,Apema ApS,,,+4550260474,https://www.proff.dk/firma/apema-aps/dianalund/arbejdskrafts-tjenester/0RS4LQI10LU,apemaaps@yahoo.com,,Du følger virksomheden,,,,OK,,,,,,,Arbejdskrafts tjenester,
1848,KVR Varde,,,+4520861455,https://www.proff.dk/firma/kvr-varde/varde/arbejdskrafts-tjenester/0RS6V0I10LU,adi@kvr.dk,,Du følger virksomheden,,,,OK,,,,,,,Arbejdskrafts tjenester,
1849,Udlandsjob,,,,https://www.proff.dk/firma/udlandsjob/vejle/arbejdskrafts-tjenester/0RSEHAI10LU,rebekka.dittrich@outlook.dk,,Du følger virksomheden,,,,OK,,,,,,,Arbejdskrafts tjenester,
1850,Vikarservice Apsa,,,+4599523716,https://www.proff.dk/firma/vikarservice-apsa/sisimiut/arbejdskrafts-tjenester/0RSGHYI10LU,kontorapsa@gmail.com,,Du følger virksomheden,,,,OK,,,,,,,Arbejdskrafts tjenester,
1851,SL Service,,,+4524814235,https://www.proff.dk/firma/sl-service/fjerritslev/arbejdskrafts-tjenester/0RSLFHI10LU,kkm29@live.dk,,Du følger virksomheden,,,,OK,,,,,,,Arbejdskrafts tjenester,
1852,Working around the Clock,,,+4552670338,https://www.proff.dk/firma/working-around-the-clock/ballerup/arbejdskrafts-tjenester/0RSQ08I10LU,krisz19930414@gmail.com,,Du følger virksomheden,,,,OK,,,,,,,Arbejdskrafts tjenester,
1853,AURION MULTISERVICE,,,+4560796907,https://www.proff.dk/firma/aurion-multiservice/lynge/arbejdskrafts-tjenester/0RSWRGI10LU,skruvniklas@hotmail.com,,Du følger virksomheden,,,,OK,,,,,,,Arbejdskrafts tjenester,
1854,Helle Andersen Consulting,,,+4531353893,https://www.proff.dk/firma/helle-andersen-consulting/k%C3%B8benhavn-sv/arbejdskrafts-tjenester/0RT0K7I10LU,helle.andersen66@hotmail.com,,Du følger virksomheden,,,,OK,,,,,,,Arbejdskrafts tjenester,
1855,MV Service v/Magnus Vendelbo,,,+4551645807,https://www.proff.dk/firma/mv-service-vmagnus-vendelbo/vesl%C3%B8s/arbejdskrafts-tjenester/0RT2OPI10LU,vendelbo54321@icloud.com,,Du følger virksomheden,,,,OK,,,,,,,Arbejdskrafts tjenester,
1856,SOLOMON VIKAR.DK,,,+4550124885,https://www.proff.dk/firma/solomon-vikar.dk/hj%C3%B8rring/arbejdskrafts-tjenester/0RT7V2I10LU,calin.anamaria84@yahoo.com,,Du følger virksomheden,,,,OK,,,,,,,Arbejdskrafts tjenester,
1857,K.N Entreprenør,,,+4551515895,https://www.proff.dk/firma/k.n-entrepren%C3%B8r/tappern%C3%B8je/arbejdskrafts-tjenester/0RTAGDI10LU,kevinnielsencz@gmail.com,,Du følger virksomheden,,,,OK,,,,,,,Arbejdskrafts tjenester,
1858,GJ Social,,,,https://www.proff.dk/firma/gj-social/b%C3%B8rkop/arbejdskrafts-tjenester/0RTAGTI10LU,gjeppesen39@gmail.com,,Du følger virksomheden,,,,OK,,,,,,,Arbejdskrafts tjenester,
1859,TwoFields Sports I/S,,,+4530740309,https://www.proff.dk/firma/twofields-sports-is/k%C3%B8ge/arbejdskrafts-tjenester/0RTJ2JI10LU,sandrapedersen2001@gmail.com,,Du følger virksomheden,,,,OK,,,,,,,Arbejdskrafts tjenester,
1860,HM Socialfaglig Konsulent,,,+4571396516,https://www.proff.dk/firma/hm-socialfaglig-konsulent/kolding/arbejdskrafts-tjenester/0RTJRII10LU,info@hmsocialfaglig.dk,,Du følger virksomheden,,,,OK,,,,,,,Arbejdskrafts tjenester,
1861,IZS Travel Retail,,,,https://www.proff.dk/firma/izs-travel-retail/frederiksberg/arbejdskrafts-tjenester/0RTWW0I10LU,salim@izstravelretail.com,,Du følger virksomheden,,,,OK,,,,,,,Arbejdskrafts tjenester,
1862,Todica A vikar,,,,https://www.proff.dk/firma/todica-a-vikar/hvidovre/arbejdskrafts-tjenester/0RTWXDI10LU,todicavikar@gmail.com,,Du følger virksomheden,,,,OK,,,,,,,Arbejdskrafts tjenester,
1863,Andersens vikar bureau,,,,https://www.proff.dk/firma/andersens-vikar-bureau/n%C3%A6stved/arbejdskrafts-tjenester/0RU4RYI10LU,f.noer@live.dk,,Du følger virksomheden,,,,OK,,,,,,,Arbejdskrafts tjenester,
1864,SEARCH2VALUE,,,+4550309353,https://www.proff.dk/firma/search2value/beder/arbejdskrafts-tjenester/0RUH79I10LU,jonas@search2value.dk,,Du følger virksomheden,,,,OK,,,,,,,Arbejdskrafts tjenester,
1865,GuestHouseCo.,,,,https://www.proff.dk/firma/guesthouseco./fredensborg/arbejdskrafts-tjenester/0RUJ1SI10LU,veraengbo@gmail.com,,Du følger virksomheden,,,,OK,,,,,,,Arbejdskrafts tjenester,
1866,MS Vikar,,,+4529848857,https://www.proff.dk/firma/ms-vikar/nyk%C3%B8bing-f/arbejdskrafts-tjenester/0RUK5II10LU,malangvikar@outlook.dk,,Du følger virksomheden,,,,OK,,,,,,,Arbejdskrafts tjenester,
1867,ANO ApS,,,+4536235372,https://www.proff.dk/firma/ano-aps/n%C3%A6stved/arbejdskrafts-tjenester/0RULMOI10LU,kontakt@gmail.com,,Du følger virksomheden,,,,OK,,,,,,,Arbejdskrafts tjenester,
1868,Dan-Lat-Farms v/Jørgen Lind,,,+4597893089,https://www.proff.dk/firma/dan-lat-farms-vj%C3%B8rgen-lind/lemvig/arbejdskrafts-tjenester/0W94PHI10LU,jorgen@dan-lat.dk,,Du følger virksomheden,,,,OK,,,,,,,Arbejdskrafts tjenester,
1869,Gør Dig Spilbar,,,+4529875393,https://www.proff.dk/firma/g%C3%B8r-dig-spilbar/valby/arbejdskrafts-tjenester/0WG4NYI10LU,tbroggler@gmail.com,,Du følger virksomheden,,,,OK,,,,,,,Arbejdskrafts tjenester,
1870,Vikarservice Lillebælt,,,+4570100405,https://www.proff.dk/firma/vikarservice-lilleb%C3%A6lt/hedensted/arbejdskrafts-tjenester/10K9O4I10LU,kae@vikar-service.nu,,Du følger virksomheden,,,,OK,,,,,,,Arbejdskrafts tjenester,
1871,F A D L S VAGTBUREAU,,,+4535378800,https://www.proff.dk/firma/f-a-d-l-s-vagtbureau/k%C3%B8benhavn-%C3%B8/arbejdskrafts-tjenester/122FTEI10LU,fadls_vagtbureau@fadlvagt.dk,,Du følger virksomheden,,,,OK,,,,,,,Arbejdskrafts tjenester,
1872,VikarService Storstrømmen,,,+4554823001,https://www.proff.dk/firma/vikarservice-storstr%C3%B8mmen/nyk%C3%B8bing-f/arbejdskrafts-tjenester/15OO8KI10LU,kontakt@vikarservice-storstroemmen.dk,,Du følger virksomheden,,,,OK,,,,,,,Arbejdskrafts tjenester,
1873,"Testmanden v/ Gunnar Nielsen, Stilbjerg Sande",,,+4597149699,https://www.proff.dk/firma/testmanden-v-gunnar-nielsen-stilbjerg-sande/strandby/arbejdskrafts-tjenester/16ZSX7I10LU,gunnar@testmanden.dk,,Du følger virksomheden,,,,OK,,,,,,,Arbejdskrafts tjenester,
1874,Vestjysk Vikarservice,,,+4596801999,https://www.proff.dk/firma/vestjysk-vikarservice/ringk%C3%B8bing/arbejdskrafts-tjenester/1EG3YBI10LU,bic@vjl.dk,,Du følger virksomheden,,,,OK,,,,,,,Arbejdskrafts tjenester,
1875,Vikarservice,,,+4575210710,https://www.proff.dk/firma/vikarservice/varde/arbejdskrafts-tjenester/1EJ41SI10LU,email@vikarservice.net,,Du følger virksomheden,,,,OK,,,,,,,Arbejdskrafts tjenester,
1876,pbang++ People Search & Selection,,,,https://www.proff.dk/firma/pbang-people-search-selection/storvorde/arbejdskrafts-tjenester/1MG0HJI10LU,per@pbang.dk,,Du følger virksomheden,,,,OK,,,,,,,Arbejdskrafts tjenester,
1877,SAS Link Crew Services A/S,,,,https://www.proff.dk/firma/sas-link-crew-services-as/kastrup/arbejdskrafts-tjenester/0EER3XI10LU,,,Du følger virksomheden,,,,,,,,,,,Arbejdskrafts tjenester,
1878,BlueCollar A/S,,,,https://www.proff.dk/firma/bluecollar-as/odense-s%C3%B8/arbejdskrafts-tjenester/0J3XASI10LU,,,Du følger virksomheden,,,,,,,,,,,Arbejdskrafts tjenester,
1879,Globalization Partners Denmark ApS,,,,https://www.proff.dk/firma/globalization-partners-denmark-aps/k%C3%B8benhavn-%C3%B8/arbejdskrafts-tjenester/0MXS3II10LU,,,Du følger virksomheden,,,,,,,,,,,Arbejdskrafts tjenester,
1880,Norwegian Pilot Services Denmark ApS,,,,https://www.proff.dk/firma/norwegian-pilot-services-denmark-aps/kastrup/arbejdskrafts-tjenester/0LRGIXI10LU,,,Du følger virksomheden,,,,,,,,,,,Arbejdskrafts tjenester,
1881,SOS VIKAR A/S,,,'+4555778208,https://www.sosvikar.dk/,,,"Frejasvej 8, 4700 Næstved, Danmark",,,,,,,,,,,Arbejdskrafts tjenester,
1882,Norwegian Cabin Services DK ApS,,,,https://www.proff.dk/firma/norwegian-cabin-services-dk-aps/kastrup/arbejdskrafts-tjenester/0L8L8BI10LU,,,Du følger virksomheden,,,,,,,,,,,Arbejdskrafts tjenester,
1883,PEOPLE2.0 Denmark ApS,,,,https://www.proff.dk/firma/people2.0-denmark-aps/s%C3%B8borg/arbejdskrafts-tjenester/0G7N8BI10LU,,,Du følger virksomheden,,,,,,,,,,,Arbejdskrafts tjenester,
1884,TRANSMEDICA A/S,,,+4533337613,https://www.proff.dk/firma/transmedica-as/k%C3%B8benhavn-v/arbejdskrafts-tjenester/0ADFZDI10LU,,,Du følger virksomheden,,,,,,,,,,,Arbejdskrafts tjenester,
1885,Superior Renewables A/S,,,+4570404049,https://www.proff.dk/firma/superior-renewables-as/esbjerg/arbejdskrafts-tjenester/0OHEANI10LU,,,Du følger virksomheden,,,,,,,,,,,Arbejdskrafts tjenester,
1886,VIKTEAM A/S,,,+4579141100,https://www.proff.dk/firma/vikteam-as/esbjerg/arbejdskrafts-tjenester/09SYH8I10LU,,,Du følger virksomheden,,,,,,,,,,,Arbejdskrafts tjenester,
1887,ORADEO ApS,,,,https://www.proff.dk/firma/oradeo-aps/k%C3%B8benhavn-v/arbejdskrafts-tjenester/0KNOWYI10LU,,,Du følger virksomheden,,,,,,,,,,,Arbejdskrafts tjenester,
1888,EGON ZEHNDER P/S,,,,https://www.proff.dk/firma/egon-zehnder-ps/k%C3%B8benhavn-k/arbejdskrafts-tjenester/0KIKL8I10LU,,,Du følger virksomheden,,,,,,,,,,,Arbejdskrafts tjenester,
1889,CPower Energy ApS,,,,https://www.proff.dk/firma/cpower-energy-aps/vodskov/arbejdskrafts-tjenester/0PDLUWI10LU,,,Du følger virksomheden,,,,,,,,,,,Arbejdskrafts tjenester,
1890,LG KRONBERG ApS,,,'+4542441247,https://www.proff.dk/firma/lg-kronberg-aps/glostrup/arbejdskrafts-tjenester/0KM2BOI10LU,,,"Fabriksparken 42, 2600 Albertslund, Danmark",,,,,,,,,,,Arbejdskrafts tjenester,
1891,JFG Human Resources A/S Herningcentret,,,70304050,https://www.proff.dk/firma/jfg-human-resources-as-herningcentret/herning/arbejdskrafts-tjenester/H2ITBTI10LU,,,Du følger virksomheden,,,,,,,,,,,Arbejdskrafts tjenester,
1892,MATCHMIND A/S,,,98101666,https://www.proff.dk/firma/matchmind-as/aalborg/arbejdskrafts-tjenester/0G2K3EI10LU,,,Du følger virksomheden,,,,,,,,,,,Arbejdskrafts tjenester,
1893,MD workservice ApS,,,,https://www.proff.dk/firma/md-workservice-aps/aalborg/arbejdskrafts-tjenester/0QOZ6RI10LU,,,Du følger virksomheden,,,,,,,,,,,Arbejdskrafts tjenester,
1894,PLEJEVIKAR ApS,,,+4570110230,https://www.proff.dk/firma/plejevikar-aps/roskilde/arbejdskrafts-tjenester/0COLY1I10LU,,,Du følger virksomheden,,,,,,,,,,,Arbejdskrafts tjenester,
1895,JAFITEC ApS,,,,https://www.proff.dk/firma/jafitec-aps/frederiksberg/arbejdskrafts-tjenester/0QFW2VI10LU,,,Du følger virksomheden,,,,,,,,,,,Arbejdskrafts tjenester,
1896,Event Man Power ApS,,,,https://www.proff.dk/firma/event-man-power-aps/ejby/arbejdskrafts-tjenester/H1H8ONI10LU,,,Du følger virksomheden,,,,,,,,,,,Arbejdskrafts tjenester,
1897,Velocity Global Denmark ApS,,,,https://www.proff.dk/firma/velocity-global-denmark-aps/hellerup/arbejdskrafts-tjenester/0OJVTKI10LU,,,Du følger virksomheden,,,,,,,,,,,Arbejdskrafts tjenester,
1898,SPENCER STUART INTERNATIONAL P/S,,,+4533346700,https://www.proff.dk/firma/spencer-stuart-international-ps/k%C3%B8benhavn-k/arbejdskrafts-tjenester/0K9ZEPI10LU,,,Du følger virksomheden,,,,,,,,,,,Arbejdskrafts tjenester,
1899,PARETA A/S,,,,https://www.proff.dk/firma/pareta-as/hiller%C3%B8d/arbejdskrafts-tjenester/0HREVJI10LU,,,Du følger virksomheden,,,,,,,,,,,Arbejdskrafts tjenester,
1900,MG-V ApS,,,,https://www.proff.dk/firma/mg-v-aps/aarhus-v/arbejdskrafts-tjenester/0NLW8II10LU,,,Du følger virksomheden,,,,,,,,,,,Arbejdskrafts tjenester,
1901,Hyldgaard & Larsen Støtte ApS,,,,https://www.proff.dk/firma/hyldgaard-larsen-st%C3%B8tte-aps/vr%C3%A5/arbejdskrafts-tjenester/0O9JP9I10LU,,,Du følger virksomheden,,,,,,,,,,,Arbejdskrafts tjenester,
1902,VIKAR SPECIALISTEN ApS,,,,https://www.proff.dk/firma/vikar-specialisten-aps/maribo/arbejdskrafts-tjenester/0LQ2YOI10LU,,,Du følger virksomheden,,,,,,,,,,,Arbejdskrafts tjenester,
1903,Rippling Denmark ApS,,,,https://www.proff.dk/firma/rippling-denmark-aps/k%C3%B8benhavn-k/arbejdskrafts-tjenester/0QM9AZI10LU,,,Du følger virksomheden,,,,,,,,,,,Arbejdskrafts tjenester,
1904,EURO SITE SERVICES DK ApS,,,,https://www.proff.dk/firma/euro-site-services-dk-aps/gadstrup/arbejdskrafts-tjenester/H0EG0FI10LU,,,Du følger virksomheden,,,,,,,,,,,Arbejdskrafts tjenester,
1905,POWERCARE A/S,,,+4545540540,https://www.proff.dk/firma/powercare-as/klampenborg/arbejdskrafts-tjenester/05ZCQ0I10LU,,,Du følger virksomheden,,,,,,,,,,,Arbejdskrafts tjenester,
1906,4N Manpower A/S,,,,https://www.proff.dk/firma/4n-manpower-as/fredericia/arbejdskrafts-tjenester/0QORPQI10LU,,,Du følger virksomheden,,,,,,,,,,,Arbejdskrafts tjenester,
1907,Scan Con Teknik ApS,,,,https://www.proff.dk/firma/scan-con-teknik-aps/n%C3%B8rre-alslev/arbejdskrafts-tjenester/0IJR78I10LU,,,Du følger virksomheden,,,,,,,,,,,Arbejdskrafts tjenester,
1908,KJ Denmark ApS,,,,https://www.proff.dk/firma/kj-denmark-aps/aarhus-n/arbejdskrafts-tjenester/0LUYDTI10LU,,,Du følger virksomheden,,,,,,,,,,,Arbejdskrafts tjenester,
1909,Mental-Care ApS,,,,https://www.proff.dk/firma/mental-care-aps/aalborg-s%C3%B8/arbejdskrafts-tjenester/0PTNJJI10LU,,,Du følger virksomheden,,,,,,,,,,,Arbejdskrafts tjenester,
1910,LF VAGT ApS,,,,https://www.proff.dk/firma/lf-vagt-aps/maribo/arbejdskrafts-tjenester/0J9CFQI10LU,,,Du følger virksomheden,,,,,,,,,,,Arbejdskrafts tjenester,
1911,Logistikkompagniet ApS,,,,https://www.proff.dk/firma/logistikkompagniet-aps/greve/arbejdskrafts-tjenester/GZ1LIJI10LU,,,Du følger virksomheden,,,,,,,,,,,Arbejdskrafts tjenester,
1912,Selskabet af 30/9 2025 P/S,,,,https://www.proff.dk/firma/selskabet-af-309-2025-ps/bagsv%C3%A6rd/arbejdskrafts-tjenester/0LPNLKI10LU,,,Du følger virksomheden,,,,,,,,,,,Arbejdskrafts tjenester,
1913,Servido A/S,,,+4599989740,https://www.proff.dk/firma/servido-as/aars/arbejdskrafts-tjenester/0MIQIFI10LU,,,Du følger virksomheden,,,,,,,,,,,Arbejdskrafts tjenester,
1914,Odgers P/S,,,,https://www.proff.dk/firma/odgers-ps/k%C3%B8benhavn-k/arbejdskrafts-tjenester/0PBD8SI10LU,,,Du følger virksomheden,,,,,,,,,,,Arbejdskrafts tjenester,
1915,CENTRUM PERSONALE A/S,,,+4533244080,https://www.proff.dk/firma/centrum-personale-as/frederiksberg-c/arbejdskrafts-tjenester/070KA5I10LU,,,Du følger virksomheden,,,,,,,,,,,Arbejdskrafts tjenester,
1916,"The Call Company, Aarhus",,,,https://www.proff.dk/firma/the-call-company-aarhus/aarhus-c/arbejdskrafts-tjenester/GSZSIOI10LU,,,Du følger virksomheden,,,,,,,,,,,Arbejdskrafts tjenester,
1917,Trygtmiljø ApS,,,,https://www.proff.dk/firma/trygtmilj%C3%B8-aps/viborg/arbejdskrafts-tjenester/0MHK3SI10LU,,,Du følger virksomheden,,,,,,,,,,,Arbejdskrafts tjenester,
1918,Blackbird Crew ApS,,,,https://www.proff.dk/firma/blackbird-crew-aps/billund/arbejdskrafts-tjenester/0N422UI10LU,,,Du følger virksomheden,,,,,,,,,,,Arbejdskrafts tjenester,
1919,Norwegian Air Resources DK LH ApS,,,,https://www.proff.dk/firma/norwegian-air-resources-dk-lh-aps/kastrup/arbejdskrafts-tjenester/0NO2HYI10LU,,,Du følger virksomheden,,,,,,,,,,,Arbejdskrafts tjenester,
1920,Sjællands Vikarservice ApS,,,,https://www.proff.dk/firma/sj%C3%A6llands-vikarservice-aps/holb%C3%A6k/arbejdskrafts-tjenester/0KISNHI10LU,,,Du følger virksomheden,,,,,,,,,,,Arbejdskrafts tjenester,
1921,JobTeam Metal A/S,,,,https://www.proff.dk/firma/jobteam-metal-as/esbjerg/arbejdskrafts-tjenester/0NVG59I10LU,,,Du følger virksomheden,,,,,,,,,,,Arbejdskrafts tjenester,
1922,Atlas Technology Solutions Danmark ApS,,,,https://www.proff.dk/firma/atlas-technology-solutions-danmark-aps/herlev/arbejdskrafts-tjenester/0NWOVJI10LU,,,Du følger virksomheden,,,,,,,,,,,Arbejdskrafts tjenester,
1923,Hurrah Vikar ApS,,,,https://www.proff.dk/firma/hurrah-vikar-aps/holte/arbejdskrafts-tjenester/0N3P6YI10LU,,,Du følger virksomheden,,,,,,,,,,,Arbejdskrafts tjenester,
1924,JM MANPOWER ApS,,,+4570205210,https://www.proff.dk/firma/jm-manpower-aps/langeskov/arbejdskrafts-tjenester/0LOC5TI10LU,,,Du følger virksomheden,,,,,,,,,,,Arbejdskrafts tjenester,
1925,DK-Specialist A/S,,,,https://www.proff.dk/firma/dk-specialist-as/kolding/arbejdskrafts-tjenester/0Q8IP6I10LU,,,Du følger virksomheden,,,,,,,,,,,Arbejdskrafts tjenester,
1926,Flate rate vikar ApS,,,,https://www.proff.dk/firma/flate-rate-vikar-aps/farum/arbejdskrafts-tjenester/0Q6KSRI10LU,,,Du følger virksomheden,,,,,,,,,,,Arbejdskrafts tjenester,
1927,Astrid Crew Danmark ApS,,,,https://www.proff.dk/firma/astrid-crew-danmark-aps/skagen/arbejdskrafts-tjenester/0Q2CICI10LU,,,Du følger virksomheden,,,,,,,,,,,Arbejdskrafts tjenester,
1928,"NORD-VIK, NORDISKE LÆGEVIKARER ApS",,,+4533337613,https://www.proff.dk/firma/nord-vik-nordiske-l%C3%A6gevikarer-aps/k%C3%B8benhavn-v/arbejdskrafts-tjenester/GP9TOJI10LU,,,Du følger virksomheden,,,,,,,,,,,Arbejdskrafts tjenester,
1929,Fircroft Engineering Services ApS,,,,https://www.proff.dk/firma/fircroft-engineering-services-aps/k%C3%B8benhavn-s/arbejdskrafts-tjenester/0M6YBOI10LU,,,Du følger virksomheden,,,,,,,,,,,Arbejdskrafts tjenester,
1930,Mister Job ApS,,,,https://www.proff.dk/firma/mister-job-aps/k%C3%B8benhavn-%C3%B8/arbejdskrafts-tjenester/0NE8CSI10LU,,,Du følger virksomheden,,,,,,,,,,,Arbejdskrafts tjenester,
1931,M.O.S. Nature ApS,,,+4575292726,https://www.proff.dk/firma/m.o.s.-nature-aps/ansager/arbejdskrafts-tjenester/0F87S6I10LU,,,Du følger virksomheden,,,,,,,,,,,Arbejdskrafts tjenester,
1932,CNF Manpower North ApS,,,,https://www.proff.dk/firma/cnf-manpower-north-aps/frederikshavn/arbejdskrafts-tjenester/0OQ0XHI10LU,,,Du følger virksomheden,,,,,,,,,,,Arbejdskrafts tjenester,
1933,JobTeam Byg A/S,,,,https://www.proff.dk/firma/jobteam-byg-as/esbjerg/arbejdskrafts-tjenester/0MCRUAI10LU,,,Du følger virksomheden,,,,,,,,,,,Arbejdskrafts tjenester,
1934,VIKARVAGTEN APS POSTBOX 23,,,+4548141436,https://www.proff.dk/firma/vikarvagten-aps-postbox-23/aller%C3%B8d/arbejdskrafts-tjenester/GM3KWDI10LU,,,Du følger virksomheden,,,,,,,,,,,Arbejdskrafts tjenester,
1935,Reculus A/S,,,,https://www.proff.dk/firma/reculus-as/fjerritslev/arbejdskrafts-tjenester/0MNHVLI10LU,,,Du følger virksomheden,,,,,,,,,,,Arbejdskrafts tjenester,
1936,ISOTEK Manpower ApS,,,,https://www.proff.dk/firma/isotek-manpower-aps/ejby/arbejdskrafts-tjenester/0P0PBPI10LU,,,Du følger virksomheden,,,,,,,,,,,Arbejdskrafts tjenester,
1937,Alpha Workforce ApS,,,,https://www.proff.dk/firma/alpha-workforce-aps/k%C3%B8benhavn-%C3%B8/arbejdskrafts-tjenester/0PU4DII10LU,,,Du følger virksomheden,,,,,,,,,,,Arbejdskrafts tjenester,
1938,Omsorg A/S,,,,https://www.proff.dk/firma/omsorg-as/aarhus-v/arbejdskrafts-tjenester/0IKEF2I10LU,,,Du følger virksomheden,,,,,,,,,,,Arbejdskrafts tjenester,
1939,Datoselskabet af 3. november 2025 ApS,,,,https://www.proff.dk/firma/datoselskabet-af-3.-november-2025-aps/randers-n%C3%B8/arbejdskrafts-tjenester/0Q6ZDAI10LU,,,Du følger virksomheden,,,,,,,,,,,Arbejdskrafts tjenester,
1940,WAVETEL ApS,,,,https://www.proff.dk/firma/wavetel-aps/k%C3%B8benhavn-%C3%B8/arbejdskrafts-tjenester/0FOO34I10LU,,,Du følger virksomheden,,,,,,,,,,,Arbejdskrafts tjenester,
1941,Akut Hjælp ApS,,,+4561277786,https://www.proff.dk/firma/akut-hj%C3%A6lp-aps/boeslunde/arbejdskrafts-tjenester/0R1BVCI10LU,,,Du følger virksomheden,,,,,,,,,,,Arbejdskrafts tjenester,
1942,Vikar Invest II ApS,,,,https://www.proff.dk/firma/vikar-invest-ii-aps/odense-c/arbejdskrafts-tjenester/0ONWUUI10LU,,,Du følger virksomheden,,,,,,,,,,,Arbejdskrafts tjenester,
1943,Vika-Vikar ApS,,,,https://www.proff.dk/firma/vika-vikar-aps/mariager/arbejdskrafts-tjenester/0M3M9BI10LU,,,Du følger virksomheden,,,,,,,,,,,Arbejdskrafts tjenester,
1944,ALLETIDERS VIKAR & REKRUTTERING ApS,,,,https://www.proff.dk/firma/alletiders-vikar-rekruttering-aps/esbjerg/arbejdskrafts-tjenester/0KUTJUI10LU,,,Du følger virksomheden,,,,,,,,,,,Arbejdskrafts tjenester,
1945,IMKJ.JOB ApS,,,,https://www.proff.dk/firma/imkj.job-aps/randers-nv/arbejdskrafts-tjenester/0PE2J5I10LU,,,Du følger virksomheden,,,,,,,,,,,Arbejdskrafts tjenester,
1946,JOBTECH INTERNATIONAL ApS,,,,https://www.proff.dk/firma/jobtech-international-aps/k%C3%B8benhavn-%C3%B8/arbejdskrafts-tjenester/0NNENZI10LU,,,Du følger virksomheden,,,,,,,,,,,Arbejdskrafts tjenester,
1947,Asum Vikarbureau ApS,,,,https://www.proff.dk/firma/asum-vikarbureau-aps/holb%C3%A6k/arbejdskrafts-tjenester/0PXEHKI10LU,,,Du følger virksomheden,,,,,,,,,,,Arbejdskrafts tjenester,
1948,SKOVMØLLEN STAB ApS,,,,https://www.proff.dk/firma/skovm%C3%B8llen-stab-aps/h%C3%B8jbjerg/arbejdskrafts-tjenester/0QFFJKI10LU,,,Du følger virksomheden,,,,,,,,,,,Arbejdskrafts tjenester,
1949,Caspersen & Co. ApS,,,,https://www.proff.dk/firma/caspersen-co.-aps/h%C3%B8rsholm/arbejdskrafts-tjenester/0PI873I10LU,,,Du følger virksomheden,,,,,,,,,,,Arbejdskrafts tjenester,
1950,SDS RENGØRING ApS,,,+4572411001,https://www.proff.dk/firma/sds-reng%C3%B8ring-aps/n%C3%A6stved/arbejdskrafts-tjenester/0K3ID5I10LU,,,Du følger virksomheden,,,,,,,,,,,Arbejdskrafts tjenester,
1951,Wichmand ApS,,,,https://www.proff.dk/firma/wichmand-aps/odense-c/arbejdskrafts-tjenester/0QAJR0I10LU,,,Du følger virksomheden,,,,,,,,,,,Arbejdskrafts tjenester,
1952,VITOKAN DANMARK ApS,,,,https://www.proff.dk/firma/vitokan-danmark-aps/gandrup/arbejdskrafts-tjenester/0J57MNI10LU,,,Du følger virksomheden,,,,,,,,,,,Arbejdskrafts tjenester,
1953,IndustriVikaren ApS,,,,https://www.proff.dk/firma/industrivikaren-aps/skagen/arbejdskrafts-tjenester/0PP1NTI10LU,,,Du følger virksomheden,,,,,,,,,,,Arbejdskrafts tjenester,
1954,MEDIKOM VIKARBUREAU ApS,,,+4570223300,https://www.proff.dk/firma/medikom-vikarbureau-aps/odense-c/arbejdskrafts-tjenester/0HEUCNI10LU,,,Du følger virksomheden,,,,,,,,,,,Arbejdskrafts tjenester,
1955,FH CONTRACTORS A/S,,,+4576124444,https://www.proff.dk/firma/fh-contractors-as/esbjerg-%C3%B8/arbejdskrafts-tjenester/0G1FCGI10LU,,,Du følger virksomheden,,,,,,,,,,,Arbejdskrafts tjenester,
1956,17042024 ApS,,,,https://www.proff.dk/firma/17042024-aps/ringsted/arbejdskrafts-tjenester/0Q04FDI10LU,,,Du følger virksomheden,,,,,,,,,,,Arbejdskrafts tjenester,
1957,MOMENTUM CONSULTING A/S,,,+4539403988,https://www.proff.dk/firma/momentum-consulting-as/k%C3%B8benhavn-%C3%B8/arbejdskrafts-tjenester/0HWS3HI10LU,,,Du følger virksomheden,,,,,,,,,,,Arbejdskrafts tjenester,
1958,Noermarks Vikarservice ApS,,,,https://www.proff.dk/firma/noermarks-vikarservice-aps/vestervig/arbejdskrafts-tjenester/0QL0QYI10LU,,,Du følger virksomheden,,,,,,,,,,,Arbejdskrafts tjenester,
1959,EURO-WORKERS A/S,,,+4554761020,https://www.proff.dk/firma/euro-workers-as/maribo/arbejdskrafts-tjenester/0HQMO4I10LU,,,Du følger virksomheden,,,,,,,,,,,Arbejdskrafts tjenester,
1960,VikarBasen ApS,,,,https://www.proff.dk/firma/vikarbasen-aps/vedb%C3%A6k/arbejdskrafts-tjenester/0ORYYYI10LU,,,Du følger virksomheden,,,,,,,,,,,Arbejdskrafts tjenester,
1961,Curae ApS,,,+4542734080,https://www.proff.dk/firma/curae-aps/vordingborg/arbejdskrafts-tjenester/0O5X6FI10LU,,,Du følger virksomheden,,,,,,,,,,,Arbejdskrafts tjenester,
1962,DRACON ApS,,,,https://www.proff.dk/firma/dracon-aps/s%C3%B8nders%C3%B8/arbejdskrafts-tjenester/0L7T24I10LU,,,Du følger virksomheden,,,,,,,,,,,Arbejdskrafts tjenester,
1963,Right A/S,,,,https://www.proff.dk/firma/right-as/k%C3%B8benhavn-%C3%B8/arbejdskrafts-tjenester/0P47H0I10LU,,,Du følger virksomheden,,,,,,,,,,,Arbejdskrafts tjenester,
1964,Omnipresent Denmark ApS,,,,https://www.proff.dk/firma/omnipresent-denmark-aps/kongens-lyngby/arbejdskrafts-tjenester/0PE0FTI10LU,,,Du følger virksomheden,,,,,,,,,,,Arbejdskrafts tjenester,
1965,RED-jobs ApS,,,,https://www.proff.dk/firma/red-jobs-aps/k%C3%B8benhavn-v/arbejdskrafts-tjenester/0QBJOLI10LU,,,Du følger virksomheden,,,,,,,,,,,Arbejdskrafts tjenester,
1966,A&M Workforce ApS,,,,https://www.proff.dk/firma/am-workforce-aps/albertslund/arbejdskrafts-tjenester/0Q0EOLI10LU,,,Du følger virksomheden,,,,,,,,,,,Arbejdskrafts tjenester,
1967,POINTER A/S,,,,https://www.proff.dk/firma/pointer-as/k%C3%B8benhavn-k/arbejdskrafts-tjenester/0IT7RPI10LU,,,Du følger virksomheden,,,,,,,,,,,Arbejdskrafts tjenester,
1968,JO Montage Olesen Vikarservice ApS,,,,https://www.proff.dk/firma/jo-montage-olesen-vikarservice-aps/stoholm-jyll/arbejdskrafts-tjenester/0Q10M8I10LU,,,Du følger virksomheden,,,,,,,,,,,Arbejdskrafts tjenester,
1969,Grafton Danmark ApS,,,,https://www.proff.dk/firma/grafton-danmark-aps/%C3%A5byh%C3%B8j/arbejdskrafts-tjenester/H16SF1I10LU,,,Du følger virksomheden,,,,,,,,,,,Arbejdskrafts tjenester,
1970,MW-RELATIONS ApS,,,+4544222393,https://www.proff.dk/firma/mw-relations-aps/%C3%A5byh%C3%B8j/arbejdskrafts-tjenester/0OMCOBI10LU,,,Du følger virksomheden,,,,,,,,,,,Arbejdskrafts tjenester,
1971,Dan Green Employment ApS,,,+4560597950,https://www.proff.dk/firma/dan-green-employment-aps/r%C3%B8dding/arbejdskrafts-tjenester/0QD4CQI10LU,,,Du følger virksomheden,,,,,,,,,,,Arbejdskrafts tjenester,
1972,Vantage Support Group ApS,,,,https://www.proff.dk/firma/vantage-support-group-aps/kerteminde/arbejdskrafts-tjenester/0N5VCYI10LU,,,Du følger virksomheden,,,,,,,,,,,Arbejdskrafts tjenester,
1973,CSJ Service ApS,,,,https://www.proff.dk/firma/csj-service-aps/s%C3%A6by/arbejdskrafts-tjenester/0P14UYI10LU,,,Du følger virksomheden,,,,,,,,,,,Arbejdskrafts tjenester,
1974,Demens Pleje og Omsorg ApS,,,,https://www.proff.dk/firma/demens-pleje-og-omsorg-aps/randers-s%C3%B8/arbejdskrafts-tjenester/0P1FYII10LU,,,Du følger virksomheden,,,,,,,,,,,Arbejdskrafts tjenester,
1975,MY Logistik ApS,,,,https://www.proff.dk/firma/my-logistik-aps/taastrup/arbejdskrafts-tjenester/0PH47FI10LU,,,Du følger virksomheden,,,,,,,,,,,Arbejdskrafts tjenester,
1976,Jobmatch Vikar og Rekruttering ApS,,,+4540387839,https://www.proff.dk/firma/jobmatch-vikar-og-rekruttering-aps/odense-c/arbejdskrafts-tjenester/0R4I46I10LU,,,Du følger virksomheden,,,,,,,,,,,Arbejdskrafts tjenester,
1977,CURIA AALBORG ApS,,,,https://www.proff.dk/firma/curia-aalborg-aps/aalborg-%C3%B8st/arbejdskrafts-tjenester/0H78C5I10LU,,,Du følger virksomheden,,,,,,,,,,,Arbejdskrafts tjenester,
1978,Folks ApS,,,,https://www.proff.dk/firma/folks-aps/k%C3%B8benhavn-nv/arbejdskrafts-tjenester/0NDOCSI10LU,,,Du følger virksomheden,,,,,,,,,,,Arbejdskrafts tjenester,
1979,Vikar4 ApS,,,,https://www.proff.dk/firma/vikar4-aps/b%C3%A6lum/arbejdskrafts-tjenester/0O3S8WI10LU,,,Du følger virksomheden,,,,,,,,,,,Arbejdskrafts tjenester,
1980,Bygmand Mandskab ApS,,,,https://www.proff.dk/firma/bygmand-mandskab-aps/fuglebjerg/arbejdskrafts-tjenester/0P0XGMI10LU,,,Du følger virksomheden,,,,,,,,,,,Arbejdskrafts tjenester,
1981,P&M Denmark ApS,,,,https://www.proff.dk/firma/pm-denmark-aps/assens/arbejdskrafts-tjenester/0Q5W75I10LU,,,Du følger virksomheden,,,,,,,,,,,Arbejdskrafts tjenester,
1982,Eriksen Entreprenør og Bemanding ApS,,,,https://www.proff.dk/firma/eriksen-entrepren%C3%B8r-og-bemanding-aps/esbjerg-v/arbejdskrafts-tjenester/0QTQ4UI10LU,,,Du følger virksomheden,,,,,,,,,,,Arbejdskrafts tjenester,
1983,Nordic Recruitment ApS,,,,https://www.proff.dk/firma/nordic-recruitment-aps/k%C3%B8benhavn-%C3%B8/arbejdskrafts-tjenester/0QB0OLI10LU,,,Du følger virksomheden,,,,,,,,,,,Arbejdskrafts tjenester,
1984,IS Facility ApS,,,,https://www.proff.dk/firma/is-facility-aps/glostrup/arbejdskrafts-tjenester/0N1KIZI10LU,,,Du følger virksomheden,,,,,,,,,,,Arbejdskrafts tjenester,
1985,Norre Vikar Service APS,,,,https://www.proff.dk/firma/norre-vikar-service-aps/aabybro/arbejdskrafts-tjenester/0R4RVAI10LU,,,Du følger virksomheden,,,,,,,,,,,Arbejdskrafts tjenester,
1986,Jobagenterne ApS,,,,https://www.proff.dk/firma/jobagenterne-aps/roskilde/arbejdskrafts-tjenester/0PBM3MI10LU,,,Jernbanegade 23,,,,,,,,,,,Arbejdskrafts tjenester,
1987,BRANDERUP VIKARBUREAU ApS,,,,https://www.proff.dk/firma/branderup-vikarbureau-aps/branderup-j/arbejdskrafts-tjenester/0L7SUOI10LU,,,Du følger virksomheden,,,,,,,,,,,Arbejdskrafts tjenester,
1988,Vikar Rentals ApS,,,,https://www.proff.dk/firma/vikar-rentals-aps/k%C3%B8benhavn-%C3%B8/arbejdskrafts-tjenester/0PPV94I10LU,,,Du følger virksomheden,,,,,,,,,,,Arbejdskrafts tjenester,
1989,CAREMATCH ApS,,,+4535340360,https://www.proff.dk/firma/carematch-aps/herlev/arbejdskrafts-tjenester/0GDYTSI10LU,,,Du følger virksomheden,,,,,,,,,,,Arbejdskrafts tjenester,
1990,SCO Bygge og Industriservice ApS,,,,https://www.proff.dk/firma/sco-bygge-og-industriservice-aps/vestbjerg/arbejdskrafts-tjenester/0Q45K3I10LU,,,Du følger virksomheden,,,,,,,,,,,Arbejdskrafts tjenester,
1991,GLOBAL TUNNELLING EXPERTS (DANMARK) ApS,,,,https://www.proff.dk/firma/global-tunnelling-experts-danmark-aps/fjenneslev/arbejdskrafts-tjenester/0JUXNPI10LU,,,Du følger virksomheden,,,,,,,,,,,Arbejdskrafts tjenester,
1992,Burmeister Og Bjerge ApS,,,,https://www.proff.dk/firma/burmeister-og-bjerge-aps/langeb%C3%A6k/arbejdskrafts-tjenester/0OGQMLI10LU,,,Du følger virksomheden,,,,,,,,,,,Arbejdskrafts tjenester,
1993,PRO & CO A/S,,,+4596603200,https://www.proff.dk/firma/pro-co-as/ikast/arbejdskrafts-tjenester/0EZFLBI10LU,,,Du følger virksomheden,,,,,,,,,,,Arbejdskrafts tjenester,
1994,Stolthed ApS,,,,https://www.proff.dk/firma/stolthed-aps/k%C3%B8benhavn-v/arbejdskrafts-tjenester/0QMGJ7I10LU,,,Du følger virksomheden,,,,,,,,,,,Arbejdskrafts tjenester,
1995,THE COULTER PARTNERSHIP A/S,,,88934710,https://www.proff.dk/firma/the-coulter-partnership-as/kgs.-lyngby/arbejdskrafts-tjenester/0LPLMFI10LU,,,Du følger virksomheden,,,,,,,,,,,Arbejdskrafts tjenester,
1996,JWC Staffing Agency ApS,,,+4593914245,https://www.proff.dk/firma/jwc-staffing-agency-aps/kolding/arbejdskrafts-tjenester/0Q9SD4I10LU,,,Du følger virksomheden,,,,,,,,,,,Arbejdskrafts tjenester,
1997,Markman Hjørring,,,,https://www.proff.dk/firma/markman-hj%C3%B8rring/hj%C3%B8rring/arbejdskrafts-tjenester/GXOD2QI10LU,,,Du følger virksomheden,,,,,,,,,,,Arbejdskrafts tjenester,
1998,CNS Event ApS,,,,https://www.proff.dk/firma/cns-event-aps/roskilde/arbejdskrafts-tjenester/0O4W5XI10LU,,,Du følger virksomheden,,,,,,,,,,,Arbejdskrafts tjenester,
1999,Akut Vikaren ApS,,,,https://www.proff.dk/firma/akut-vikaren-aps/h%C3%B8jbjerg/arbejdskrafts-tjenester/0PRG3YI10LU,,,Du følger virksomheden,,,,,,,,,,,Arbejdskrafts tjenester,
2000,Chabber Danmark ApS,,,,https://www.proff.dk/firma/chabber-danmark-aps/k%C3%B8benhavn-v/arbejdskrafts-tjenester/0OK5N8I10LU,,,Du følger virksomheden,,,,,,,,,,,Arbejdskrafts tjenester,
2001,NORDJYLLANDS INDUSTRISERVICE ApS,,,+4598294549,https://www.proff.dk/firma/nordjyllands-industriservice-aps/vodskov/arbejdskrafts-tjenester/0CJFJJI10LU,,,Du følger virksomheden,,,,,,,,,,,Arbejdskrafts tjenester,
2002,LEJOS ApS,,,+4522128825,https://www.proff.dk/firma/lejos-aps/odense-nv/arbejdskrafts-tjenester/0IQWD3I10LU,,,Du følger virksomheden,,,,,,,,,,,Arbejdskrafts tjenester,
2003,SCANDINAVIAN MEDICARE ApS,,,,https://www.proff.dk/firma/scandinavian-medicare-aps/klampenborg/arbejdskrafts-tjenester/0IQYJ6I10LU,,,Du følger virksomheden,,,,,,,,,,,Arbejdskrafts tjenester,
2004,MAKIO ApS,,,+4539158260,https://www.proff.dk/firma/makio-aps/k%C3%B8benhavn-k/arbejdskrafts-tjenester/0JQJY8I10LU,,,Du følger virksomheden,,,,,,,,,,,Arbejdskrafts tjenester,
2005,NTS 2024 ApS,,,,https://www.proff.dk/firma/nts-2024-aps/vestervig/arbejdskrafts-tjenester/0MMXE1I10LU,,,Du følger virksomheden,,,,,,,,,,,Arbejdskrafts tjenester,
2006,VIKAR EXPERTEN ApS,,,,https://www.proff.dk/firma/vikar-experten-aps/roskilde/arbejdskrafts-tjenester/0J95XKI10LU,,,Du følger virksomheden,,,,,,,,,,,Arbejdskrafts tjenester,
2007,RC Danmark ApS,,,,https://www.proff.dk/firma/rc-danmark-aps/herning/arbejdskrafts-tjenester/0P7VOTI10LU,,,Du følger virksomheden,,,,,,,,,,,Arbejdskrafts tjenester,
2008,John Solution ApS,,,+4550396883,https://www.proff.dk/firma/john-solution-aps/skive/arbejdskrafts-tjenester/0QX29JI10LU,,,Du følger virksomheden,,,,,,,,,,,Arbejdskrafts tjenester,
2009,JML Crew ApS,,,,https://www.proff.dk/firma/jml-crew-aps/frederikshavn/arbejdskrafts-tjenester/0NTFLKI10LU,,,Du følger virksomheden,,,,,,,,,,,Arbejdskrafts tjenester,
2010,Agrigo ApS,,,,https://www.proff.dk/firma/agrigo-aps/kolding/arbejdskrafts-tjenester/0QDPTJI10LU,,,Du følger virksomheden,,,,,,,,,,,Arbejdskrafts tjenester,
2011,Kvik Vikar ApS,,,,https://www.proff.dk/firma/kvik-vikar-aps/greve/arbejdskrafts-tjenester/0PJHHYI10LU,,,Du følger virksomheden,,,,,,,,,,,Arbejdskrafts tjenester,
2012,LEADERSHIP PIPELINE INSTITUTE INTERNATIONAL A/S,,,,https://www.proff.dk/firma/leadership-pipeline-institute-international-as/k%C3%B8benhavn-k/arbejdskrafts-tjenester/0LCP88I10LU,,,Du følger virksomheden,,,,,,,,,,,Arbejdskrafts tjenester,
2013,Furesø Mandskab & Montage ApS,,,,https://www.proff.dk/firma/fures%C3%B8-mandskab-montage-aps/ballerup/arbejdskrafts-tjenester/0QDVJFI10LU,,,Du følger virksomheden,,,,,,,,,,,Arbejdskrafts tjenester,
2014,DJURS PLAST - J.S. Tømrer og Byg A/S,,,+4586337778,https://www.proff.dk/firma/djurs-plast-j.s.-t%C3%B8mrer-og-byg-as/balle/arbejdskrafts-tjenester/07Z6ZSI10LU,,,Du følger virksomheden,,,,,,,,,,,Arbejdskrafts tjenester,
2015,PFP HOLDING ApS,,,,https://www.proff.dk/firma/pfp-holding-aps/t%C3%B8ll%C3%B8se/arbejdskrafts-tjenester/0KM31PI10LU,,,Du følger virksomheden,,,,,,,,,,,Arbejdskrafts tjenester,
2016,All Recruit ApS,,,,https://www.proff.dk/firma/all-recruit-aps/br%C3%B8ndby/arbejdskrafts-tjenester/0LYREHI10LU,,,Du følger virksomheden,,,,,,,,,,,Arbejdskrafts tjenester,
2017,MatchMaker A/S,,,+4535254080,https://www.proff.dk/firma/matchmaker-as/k%C3%B8benhavn-k/arbejdskrafts-tjenester/GSNBLLI10LU,,,Du følger virksomheden,,,,,,,,,,,Arbejdskrafts tjenester,
2018,Slutgruppen 1/5 2024 ApS,,,,https://www.proff.dk/firma/slutgruppen-15-2024-aps/slagelse/arbejdskrafts-tjenester/0JSUE5I10LU,,,Du følger virksomheden,,,,,,,,,,,Arbejdskrafts tjenester,
2019,Nordic Continental Group ApS,,,,https://www.proff.dk/firma/nordic-continental-group-aps/k%C3%B8ge/arbejdskrafts-tjenester/0QP76TI10LU,,,Du følger virksomheden,,,,,,,,,,,Arbejdskrafts tjenester,
2020,Top One Service ApS,,,,https://www.proff.dk/firma/top-one-service-aps/kongens-lyngby/arbejdskrafts-tjenester/0QU0XTI10LU,,,Du følger virksomheden,,,,,,,,,,,Arbejdskrafts tjenester,
2021,BE Danmark ApS,,,,https://www.proff.dk/firma/be-danmark-aps/glostrup/arbejdskrafts-tjenester/0NHLMCI10LU,,,Du følger virksomheden,,,,,,,,,,,Arbejdskrafts tjenester,
2022,ARENFELDT HOLDING ApS,,,+4545856586,https://www.proff.dk/firma/arenfeldt-holding-aps/h%C3%B8rsholm/arbejdskrafts-tjenester/0FN5U5I10LU,,,Du følger virksomheden,,,,,,,,,,,Arbejdskrafts tjenester,
2023,2023 Gruppen ApS,,,,https://www.proff.dk/firma/2023-gruppen-aps/vallensb%C3%A6k-strand/arbejdskrafts-tjenester/0Q26JLI10LU,,,Du følger virksomheden,,,,,,,,,,,Arbejdskrafts tjenester,
2024,MDS Frederikshavn ApS,,,,https://www.proff.dk/firma/mds-frederikshavn-aps/frederikshavn/arbejdskrafts-tjenester/0QRMZQI10LU,,,Du følger virksomheden,,,,,,,,,,,Arbejdskrafts tjenester,
2025,STEKA GRUPPEN ApS,,,,https://www.proff.dk/firma/steka-gruppen-aps/herf%C3%B8lge/arbejdskrafts-tjenester/0Q7NGBI10LU,,,Du følger virksomheden,,,,,,,,,,,Arbejdskrafts tjenester,
2026,NEW4YOU ApS,,,+4561511076,https://www.proff.dk/firma/new4you-aps/vejle/arbejdskrafts-tjenester/0IJR45I10LU,,,Du følger virksomheden,,,,,,,,,,,Arbejdskrafts tjenester,
2027,People4You ApS,,,,https://www.proff.dk/firma/people4you-aps/hobro/arbejdskrafts-tjenester/0PMXQAI10LU,,,Du følger virksomheden,,,,,,,,,,,Arbejdskrafts tjenester,
2028,Peoplement P/S,,,,https://www.proff.dk/firma/peoplement-ps/hellerup/arbejdskrafts-tjenester/0ORCEVI10LU,,,Du følger virksomheden,,,,,,,,,,,Arbejdskrafts tjenester,
2029,HR. LARSENS PRODUKTIONSKOMPAGNI ApS,,,,https://www.proff.dk/firma/hr.-larsens-produktionskompagni-aps/odense-c/arbejdskrafts-tjenester/0LHHIZI10LU,,,Du følger virksomheden,,,,,,,,,,,Arbejdskrafts tjenester,
2030,ACTUEL ApS,,,,https://www.proff.dk/firma/actuel-aps/ebeltoft/arbejdskrafts-tjenester/0KALQZI10LU,,,Du følger virksomheden,,,,,,,,,,,Arbejdskrafts tjenester,
2031,WITZEL VIKAR ApS,,,,https://www.proff.dk/firma/witzel-vikar-aps/slagelse/arbejdskrafts-tjenester/GPZXBJI10LU,,,Du følger virksomheden,,,,,,,,,,,Arbejdskrafts tjenester,
2032,Harmon-udlejning ApS,,,,https://www.proff.dk/firma/harmon-udlejning-aps/r%C3%B8dovre/arbejdskrafts-tjenester/0QD7JRI10LU,,,Du følger virksomheden,,,,,,,,,,,Arbejdskrafts tjenester,
2033,Work4All Varde,,,70223311,https://www.proff.dk/firma/work4all-varde/varde/arbejdskrafts-tjenester/GZO4W9I10LU,,,Du følger virksomheden,,,,,,,,,,,Arbejdskrafts tjenester,
2034,AN-EMBALLAGE ApS,,,,https://www.proff.dk/firma/an-emballage-aps/hobro/arbejdskrafts-tjenester/0I2I9TI10LU,,,Du følger virksomheden,,,,,,,,,,,Arbejdskrafts tjenester,
2035,GLOBESEARCH MANAGEMENT A/S,,,+4570250825,https://www.proff.dk/firma/globesearch-management-as/k%C3%B8benhavn-%C3%B8/arbejdskrafts-tjenester/0BKPE6I10LU,,,Du følger virksomheden,,,,,,,,,,,Arbejdskrafts tjenester,
2036,Smash Agency ApS,,,,https://www.proff.dk/firma/smash-agency-aps/aarhus-c/arbejdskrafts-tjenester/0O7269I10LU,,,Du følger virksomheden,,,,,,,,,,,Arbejdskrafts tjenester,
2037,Vikar Flex ApS,,,,https://www.proff.dk/firma/vikar-flex-aps/k%C3%B8benhavn-k/arbejdskrafts-tjenester/0QLEFTI10LU,,,Du følger virksomheden,,,,,,,,,,,Arbejdskrafts tjenester,
2038,TalentX ApS,,,,https://www.proff.dk/firma/talentx-aps/aalborg-%C3%B8st/arbejdskrafts-tjenester/0PCBAZI10LU,,,Du følger virksomheden,,,,,,,,,,,Arbejdskrafts tjenester,
2039,TINYHUS ApS,,,,https://www.proff.dk/firma/tinyhus-aps/dysseg%C3%A5rd/arbejdskrafts-tjenester/0QAODEI10LU,,,Du følger virksomheden,,,,,,,,,,,Arbejdskrafts tjenester,
2040,Solholm Services Danmark ApS,,,+4598441744,https://www.proff.dk/firma/solholm-services-danmark-aps/aalborg-%C3%B8st/arbejdskrafts-tjenester/0QOC69I10LU,,,Du følger virksomheden,,,,,,,,,,,Arbejdskrafts tjenester,
2041,Ready2Help ApS,,,,https://www.proff.dk/firma/ready2help-aps/viborg/arbejdskrafts-tjenester/0Q2G2PI10LU,,,Du følger virksomheden,,,,,,,,,,,Arbejdskrafts tjenester,
2042,Lindtech ApS,,,,https://www.proff.dk/firma/lindtech-aps/%C3%A5byh%C3%B8j/arbejdskrafts-tjenester/0R0JDQI10LU,,,Du følger virksomheden,,,,,,,,,,,Arbejdskrafts tjenester,
2043,BLOOM ApS,,,+4570201230,https://www.proff.dk/firma/bloom-aps/ballerup/arbejdskrafts-tjenester/0GM6SMI10LU,,,Du følger virksomheden,,,,,,,,,,,Arbejdskrafts tjenester,
2044,MDE Coating ApS,,,26309896,https://www.proff.dk/firma/mde-coating-aps/l%C3%B8sning/arbejdskrafts-tjenester/0QKK0EI10LU,,,Du følger virksomheden,,,,,,,,,,,Arbejdskrafts tjenester,
2045,Babkas Hjælpere ApS,,,,https://www.proff.dk/firma/babkas-hj%C3%A6lpere-aps/odense-c/arbejdskrafts-tjenester/0NWB99I10LU,,,Du følger virksomheden,,,,,,,,,,,Arbejdskrafts tjenester,
2046,UNITION ApS,,,,https://www.proff.dk/firma/unition-aps/br%C3%B8nsh%C3%B8j/arbejdskrafts-tjenester/0PB221I10LU,,,Du følger virksomheden,,,,,,,,,,,Arbejdskrafts tjenester,
2047,Nordic Sport Scholarship Association ApS,,,+4526199328,https://www.proff.dk/firma/nordic-sport-scholarship-association-aps/k%C3%B8benhavn-k/arbejdskrafts-tjenester/0OMS65I10LU,,,Du følger virksomheden,,,,,,,,,,,Arbejdskrafts tjenester,
2048,StaffForce ApS,,,+4528891939,https://www.proff.dk/firma/staffforce-aps/greve/arbejdskrafts-tjenester/0QW9X3I10LU,,,Du følger virksomheden,,,,,,,,,,,Arbejdskrafts tjenester,
2049,JOB5 ApS,,,,https://www.proff.dk/firma/job5-aps/frederikshavn/arbejdskrafts-tjenester/0LBCIFI10LU,,,Du følger virksomheden,,,,,,,,,,,Arbejdskrafts tjenester,
2050,IWAService ApS,,,,https://www.proff.dk/firma/iwaservice-aps/slagelse/arbejdskrafts-tjenester/0QVBE2I10LU,,,Du følger virksomheden,,,,,,,,,,,Arbejdskrafts tjenester,
2051,BEST TALENT A/S,,,+4545565300,https://www.proff.dk/firma/best-talent-as/s%C3%B8borg/arbejdskrafts-tjenester/0G8CQFI10LU,,,Du følger virksomheden,,,,,,,,,,,Arbejdskrafts tjenester,
2052,Izabela Adviser A/S,,,,https://www.proff.dk/firma/izabela-adviser-as/roslev/arbejdskrafts-tjenester/0P5OADI10LU,,,Du følger virksomheden,,,,,,,,,,,Arbejdskrafts tjenester,
2053,StaffBooking ApS,,,,https://www.proff.dk/firma/staffbooking-aps/k%C3%B8benhavn-s/arbejdskrafts-tjenester/0PEPGYI10LU,,,Du følger virksomheden,,,,,,,,,,,Arbejdskrafts tjenester,
2054,Social-Support ApS,,,,https://www.proff.dk/firma/social-support-aps/horsens/arbejdskrafts-tjenester/0QSKXFI10LU,,,Du følger virksomheden,,,,,,,,,,,Arbejdskrafts tjenester,
2055,AMALIE SEARCH & SELECTION ApS,,,,https://www.proff.dk/firma/amalie-search-selection-aps/%C3%A5lsg%C3%A5rde/arbejdskrafts-tjenester/0GGKT8I10LU,,,Du følger virksomheden,,,,,,,,,,,Arbejdskrafts tjenester,
2056,GF Vikar II ApS,,,,https://www.proff.dk/firma/gf-vikar-ii-aps/kerteminde/arbejdskrafts-tjenester/0R7FE2I10LU,,,Du følger virksomheden,,,,,,,,,,,Arbejdskrafts tjenester,
2057,DA VV ApS,,,,https://www.proff.dk/firma/da-vv-aps/glostrup/arbejdskrafts-tjenester/H1XEHWI10LU,,,Du følger virksomheden,,,,,,,,,,,Arbejdskrafts tjenester,
2058,BB Resource 2 ApS,,,,https://www.proff.dk/firma/bb-resource-2-aps/fredericia/arbejdskrafts-tjenester/0LVE4HI10LU,,,Du følger virksomheden,,,,,,,,,,,Arbejdskrafts tjenester,
2059,COLO A/S,,,,https://www.proff.dk/firma/colo-as/k%C3%B8benhavn-s/arbejdskrafts-tjenester/H15ETMI10LU,,,Du følger virksomheden,,,,,,,,,,,Arbejdskrafts tjenester,
2060,ONEandTWOww ApS,,,,https://www.proff.dk/firma/oneandtwoww-aps/gr%C3%A5sten/arbejdskrafts-tjenester/0NR30HI10LU,,,Du følger virksomheden,,,,,,,,,,,Arbejdskrafts tjenester,
2061,GRANGÅRDENS ENTREPRENØRFORRETNING ApS,,,+4598574204,https://www.proff.dk/firma/grang%C3%A5rdens-entrepren%C3%B8rforretning-aps/hadsund/arbejdskrafts-tjenester/0I2FYZI10LU,,,Du følger virksomheden,,,,,,,,,,,Arbejdskrafts tjenester,
2062,Team24syv Engebækgaard,,,,https://www.proff.dk/firma/team24syv-engeb%C3%A6kgaard/s%C3%A6by/arbejdskrafts-tjenester/H1D186I10LU,,,Du følger virksomheden,,,,,,,,,,,Arbejdskrafts tjenester,
2063,Titan Mandskabsudlejning ApS,,,,https://www.proff.dk/firma/titan-mandskabsudlejning-aps/kolding/arbejdskrafts-tjenester/0QTOS7I10LU,,,Du følger virksomheden,,,,,,,,,,,Arbejdskrafts tjenester,
2064,Power People Vestsjælland ApS,,,,https://www.proff.dk/firma/power-people-vestsj%C3%A6lland-aps/kalundborg/arbejdskrafts-tjenester/0OF5W3I10LU,,,Du følger virksomheden,,,,,,,,,,,Arbejdskrafts tjenester,
2065,NORDISK INDRETNING FREDERIKSHAVN ApS,,,,https://www.proff.dk/firma/nordisk-indretning-frederikshavn-aps/frederikshavn/arbejdskrafts-tjenester/061R4WI10LU,,,Du følger virksomheden,,,,,,,,,,,Arbejdskrafts tjenester,
2066,Gear Up ApS,,,,https://www.proff.dk/firma/gear-up-aps/k%C3%B8benhavn-n/arbejdskrafts-tjenester/0Q38S9I10LU,,,Du følger virksomheden,,,,,,,,,,,Arbejdskrafts tjenester,
2067,Globe Rekruttering ApS,,,,https://www.proff.dk/firma/globe-rekruttering-aps/grindsted/arbejdskrafts-tjenester/0QIGXNI10LU,,,Du følger virksomheden,,,,,,,,,,,Arbejdskrafts tjenester,
2068,K-F Vikarservice ApS,,,,https://www.proff.dk/firma/k-f-vikarservice-aps/glostrup/arbejdskrafts-tjenester/0PZVJRI10LU,,,Du følger virksomheden,,,,,,,,,,,Arbejdskrafts tjenester,
2069,Trancit Vikarservice ApS,,,,https://www.proff.dk/firma/trancit-vikarservice-aps/skanderborg/arbejdskrafts-tjenester/0QFG1BI10LU,,,Du følger virksomheden,,,,,,,,,,,Arbejdskrafts tjenester,
2070,DK-Industriisolering ApS,,,,https://www.proff.dk/firma/dk-industriisolering-aps/kolding/arbejdskrafts-tjenester/0QINKBI10LU,,,Du følger virksomheden,,,,,,,,,,,Arbejdskrafts tjenester,
2071,UNIQ Workforce ApS,,,+4520409797,https://www.proff.dk/firma/uniq-workforce-aps/vallensb%C3%A6k/arbejdskrafts-tjenester/0R3PK5I10LU,,,Du følger virksomheden,,,,,,,,,,,Arbejdskrafts tjenester,
2072,Bencke & Partners ApS,,,,https://www.proff.dk/firma/bencke-partners-aps/k%C3%B8benhavn-k/arbejdskrafts-tjenester/0MOQFYI10LU,,,Du følger virksomheden,,,,,,,,,,,Arbejdskrafts tjenester,
2073,WorkCo Denmark ApS,,,,https://www.proff.dk/firma/workco-denmark-aps/s%C3%B8borg/arbejdskrafts-tjenester/0QAR8OI10LU,,,Du følger virksomheden,,,,,,,,,,,Arbejdskrafts tjenester,
2074,Freya Service ApS,,,+4528260926,https://www.proff.dk/firma/freya-service-aps/albertslund/arbejdskrafts-tjenester/0QBTZ2I10LU,,,Du følger virksomheden,,,,,,,,,,,Arbejdskrafts tjenester,
2075,Dansk Vikarudlejning ApS,,,,https://www.proff.dk/firma/dansk-vikarudlejning-aps/roskilde/arbejdskrafts-tjenester/0N8CBMI10LU,,,Du følger virksomheden,,,,,,,,,,,Arbejdskrafts tjenester,
2076,MS Andersen Group ApS,,,+4528128379,https://www.proff.dk/firma/ms-andersen-group-aps/otterup/arbejdskrafts-tjenester/GPAH0AI10LU,,,Du følger virksomheden,,,,,,,,,,,Arbejdskrafts tjenester,
2077,Harry Consulting ApS,,,,https://www.proff.dk/firma/harry-consulting-aps/herlev/arbejdskrafts-tjenester/0O4K6HI10LU,,,Du følger virksomheden,,,,,,,,,,,Arbejdskrafts tjenester,
2078,MARK-ONE ApS,,,,https://www.proff.dk/firma/mark-one-aps/br%C3%A6dstrup/arbejdskrafts-tjenester/0KITGKI10LU,,,Du følger virksomheden,,,,,,,,,,,Arbejdskrafts tjenester,
2079,RANDERS FC CSR ApS,,,,https://www.proff.dk/firma/randers-fc-csr-aps/randers-nv/arbejdskrafts-tjenester/0GC2ACI10LU,,,Du følger virksomheden,,,,,,,,,,,Arbejdskrafts tjenester,
2080,Lej_os ApS,,,+4522128825,https://www.proff.dk/firma/lej_os-aps/odense-nv/arbejdskrafts-tjenester/0R2GH4I10LU,,,Du følger virksomheden,,,,,,,,,,,Arbejdskrafts tjenester,
2081,KJ Steel ApS,,,,https://www.proff.dk/firma/kj-steel-aps/esbjerg-v/arbejdskrafts-tjenester/0R01XDI10LU,,,Du følger virksomheden,,,,,,,,,,,Arbejdskrafts tjenester,
2082,E & T Entreprise ApS,,,,https://www.proff.dk/firma/e-t-entreprise-aps/v%C3%A6rl%C3%B8se/arbejdskrafts-tjenester/0P9JEPI10LU,,,Du følger virksomheden,,,,,,,,,,,Arbejdskrafts tjenester,
2083,nordrekruttering ApS,,,+4531105594,https://www.proff.dk/firma/nordrekruttering-aps/aalborg-s%C3%B8/arbejdskrafts-tjenester/0R51S4I10LU,,,Du følger virksomheden,,,,,,,,,,,Arbejdskrafts tjenester,
2084,MP 2026 ApS,,,,https://www.proff.dk/firma/mp-2026-aps/k%C3%B8benhavn-k/arbejdskrafts-tjenester/0OJFZVI10LU,,,Du følger virksomheden,,,,,,,,,,,Arbejdskrafts tjenester,
2085,Rådhusrenseriet,,,36780008,https://www.proff.dk/firma/r%C3%A5dhusrenseriet/hvidovre/arbejdskrafts-tjenester/GZV5L4I10LU,,,Du følger virksomheden,,,,,,,,,,,Arbejdskrafts tjenester,
2086,LID Consult ApS,,,,https://www.proff.dk/firma/lid-consult-aps/klarup/arbejdskrafts-tjenester/0Q0VD4I10LU,,,Du følger virksomheden,,,,,,,,,,,Arbejdskrafts tjenester,
2087,Feluka ApS,,,,https://www.proff.dk/firma/feluka-aps/br%C3%B8ndby/arbejdskrafts-tjenester/0QTRHII10LU,,,Du følger virksomheden,,,,,,,,,,,Arbejdskrafts tjenester,
2088,Mind Recruitment ApS,,,,https://www.proff.dk/firma/mind-recruitment-aps/br%C3%B8nsh%C3%B8j/arbejdskrafts-tjenester/0R028OI10LU,,,Du følger virksomheden,,,,,,,,,,,Arbejdskrafts tjenester,
2089,Jobsun ApS,,,+4542523737,https://www.proff.dk/firma/jobsun-aps/n%C3%B8rresundby/arbejdskrafts-tjenester/0PA7NVI10LU,,,Du følger virksomheden,,,,,,,,,,,Arbejdskrafts tjenester,
2090,LJJ CONSULT ApS,,,,https://www.proff.dk/firma/ljj-consult-aps/herlev/arbejdskrafts-tjenester/0LQB7WI10LU,,,Du følger virksomheden,,,,,,,,,,,Arbejdskrafts tjenester,
2091,ApoFlex ApS,,,,https://www.proff.dk/firma/apoflex-aps/tilst/arbejdskrafts-tjenester/0QSQVCI10LU,,,Du følger virksomheden,,,,,,,,,,,Arbejdskrafts tjenester,
2092,Dansk Lagerarbejde ApS,,,,https://www.proff.dk/firma/dansk-lagerarbejde-aps/herning/arbejdskrafts-tjenester/0OH5OBI10LU,,,Du følger virksomheden,,,,,,,,,,,Arbejdskrafts tjenester,
2093,SYGEPLEJERSKERNES VIKARBUREAU ApS,,,+4586129454,https://www.proff.dk/firma/sygeplejerskernes-vikarbureau-aps/aarhus-c/arbejdskrafts-tjenester/095SHEI10LU,,,Du følger virksomheden,,,,,,,,,,,Arbejdskrafts tjenester,
2094,VALDEMAR LANGE A/S,,,+4597324700,https://www.proff.dk/firma/valdemar-lange-as/ringk%C3%B8bing/arbejdskrafts-tjenester/0EFEBAI10LU,,,Du følger virksomheden,,,,,,,,,,,Arbejdskrafts tjenester,
2095,DOLBERG HOLDING ApS,,,+4566164828,https://www.proff.dk/firma/dolberg-holding-aps/odense-nv/arbejdskrafts-tjenester/1D6I1QI10LU,,,Du følger virksomheden,,,,,,,,,,,Arbejdskrafts tjenester,
2096,Flexi Rental P/S,,,,https://www.proff.dk/firma/flexi-rental-ps/aarhus-v/arbejdskrafts-tjenester/0NUQGSI10LU,,,Du følger virksomheden,,,,,,,,,,,Arbejdskrafts tjenester,
2097,XD Connects Denmark ApS,,,,https://www.proff.dk/firma/xd-connects-denmark-aps/s%C3%B8nderborg/arbejdskrafts-tjenester/0QLJMYI10LU,,,Du følger virksomheden,,,,,,,,,,,Arbejdskrafts tjenester,
2098,FJORDVEJ INVEST ApS,,,,https://www.proff.dk/firma/fjordvej-invest-aps/kolding/arbejdskrafts-tjenester/0IYTAWI10LU,,,Du følger virksomheden,,,,,,,,,,,Arbejdskrafts tjenester,
2099,Timekær ApS,,,,https://www.proff.dk/firma/timek%C3%A6r-aps/r%C3%B8dding/arbejdskrafts-tjenester/0R8F0MI10LU,,,Du følger virksomheden,,,,,,,,,,,Arbejdskrafts tjenester,
2100,PERSONALESERVICE ApS,,,,https://www.proff.dk/firma/personaleservice-aps/ringsted/arbejdskrafts-tjenester/0KNUCKI10LU,,,Du følger virksomheden,,,,,,,,,,,Arbejdskrafts tjenester,
2101,xyz candidate agency ApS,,,,https://www.proff.dk/firma/xyz-candidate-agency-aps/k%C3%B8benhavn-nv/arbejdskrafts-tjenester/0PTN8GI10LU,,,Du følger virksomheden,,,,,,,,,,,Arbejdskrafts tjenester,
2102,IMITOR ApS,,,,https://www.proff.dk/firma/imitor-aps/farum/arbejdskrafts-tjenester/0JKTL8I10LU,,,Du følger virksomheden,,,,,,,,,,,Arbejdskrafts tjenester,
2103,APM Dæk Service ApS,,,,https://www.proff.dk/firma/apm-d%C3%A6k-service-aps/greve/arbejdskrafts-tjenester/0OQ0UGI10LU,,,Du følger virksomheden,,,,,,,,,,,Arbejdskrafts tjenester,
2104,WorkForce Denmark ApS,,,,https://www.proff.dk/firma/workforce-denmark-aps/ringsted/arbejdskrafts-tjenester/0R3Q5LI10LU,,,Du følger virksomheden,,,,,,,,,,,Arbejdskrafts tjenester,
2105,FB MPV ApS,,,+4520703658,https://www.proff.dk/firma/fb-mpv-aps/brande/arbejdskrafts-tjenester/GQSQKNI10LU,,,Du følger virksomheden,,,,,,,,,,,Arbejdskrafts tjenester,
2106,EUROPEAN SEARCH COMPANY ApS,,,,https://www.proff.dk/firma/european-search-company-aps/hvidovre/arbejdskrafts-tjenester/0J8SCHI10LU,,,Du følger virksomheden,,,,,,,,,,,Arbejdskrafts tjenester,
2107,Syryncha ApS,,,,https://www.proff.dk/firma/syryncha-aps/kongens-lyngby/arbejdskrafts-tjenester/0Q5184I10LU,,,Du følger virksomheden,,,,,,,,,,,Arbejdskrafts tjenester,
2108,Knudsen Invest 2020 ApS,,,,https://www.proff.dk/firma/knudsen-invest-2020-aps/odense-c/arbejdskrafts-tjenester/0OHQH2I10LU,,,Du følger virksomheden,,,,,,,,,,,Arbejdskrafts tjenester,
2109,XML Denmark ApS,,,,https://www.proff.dk/firma/xml-denmark-aps/k%C3%B8benhavn-k/arbejdskrafts-tjenester/0Q6US7I10LU,,,Du følger virksomheden,,,,,,,,,,,Arbejdskrafts tjenester,
2110,Luna BO ApS,,,,https://www.proff.dk/firma/luna-bo-aps/vr%C3%A5/arbejdskrafts-tjenester/0PHUYUI10LU,,,Du følger virksomheden,,,,,,,,,,,Arbejdskrafts tjenester,
2111,ADAPTUM PARTNERS ApS,,,,https://www.proff.dk/firma/adaptum-partners-aps/k%C3%B8benhavn-k/arbejdskrafts-tjenester/0JQVRNI10LU,,,Du følger virksomheden,,,,,,,,,,,Arbejdskrafts tjenester,
2112,Together 2025 ApS,,,+4522856542,https://www.proff.dk/firma/together-2025-aps/odense-n/arbejdskrafts-tjenester/0R55MWI10LU,,,Du følger virksomheden,,,,,,,,,,,Arbejdskrafts tjenester,
2113,Employer Solutions DNK EOR ApS,,,,https://www.proff.dk/firma/employer-solutions-dnk-eor-aps/k%C3%B8benhavn-k/arbejdskrafts-tjenester/0R4J0MI10LU,,,Du følger virksomheden,,,,,,,,,,,Arbejdskrafts tjenester,
2114,AMA Denmark ApS,,,,https://www.proff.dk/firma/ama-denmark-aps/aarhus-c/arbejdskrafts-tjenester/0Q1Y8OI10LU,,,Du følger virksomheden,,,,,,,,,,,Arbejdskrafts tjenester,
2115,SAMSSA ApS,,,,https://www.proff.dk/firma/samssa-aps/herlev/arbejdskrafts-tjenester/0QA13CI10LU,,,Du følger virksomheden,,,,,,,,,,,Arbejdskrafts tjenester,
2116,Arbejdskraft og Vikar ApS,,,,https://www.proff.dk/firma/arbejdskraft-og-vikar-aps/helsing%C3%B8r/arbejdskrafts-tjenester/H1NZE9I10LU,,,Du følger virksomheden,,,,,,,,,,,Arbejdskrafts tjenester,
2117,Upfront Care & Vikar ApS,,,,https://www.proff.dk/firma/upfront-care-vikar-aps/pr%C3%A6st%C3%B8/arbejdskrafts-tjenester/0R18IQI10LU,,,Du følger virksomheden,,,,,,,,,,,Arbejdskrafts tjenester,
2118,TT Pakkeri ApS,,,,https://www.proff.dk/firma/tt-pakkeri-aps/assens/arbejdskrafts-tjenester/0QX9XBI10LU,,,Du følger virksomheden,,,,,,,,,,,Arbejdskrafts tjenester,
2119,K-Transport ApS,,,,https://www.proff.dk/firma/k-transport-aps/juelsminde/arbejdskrafts-tjenester/0K5PYKI10LU,,,Du følger virksomheden,,,,,,,,,,,Arbejdskrafts tjenester,
2120,Alletiders Selskab ApS,,,,https://www.proff.dk/firma/alletiders-selskab-aps/slagelse/arbejdskrafts-tjenester/0R0ZZMI10LU,,,Du følger virksomheden,,,,,,,,,,,Arbejdskrafts tjenester,
2121,ProScout ApS,,,,https://www.proff.dk/firma/proscout-aps/stenl%C3%B8se/arbejdskrafts-tjenester/0QT8SLI10LU,,,Du følger virksomheden,,,,,,,,,,,Arbejdskrafts tjenester,
2122,AJL ApS,,,,https://www.proff.dk/firma/ajl-aps/k%C3%B8benhavn-nv/arbejdskrafts-tjenester/0OPMXJI10LU,,,Du følger virksomheden,,,,,,,,,,,Arbejdskrafts tjenester,
2123,Gunnarsstein & Faarborg ApS,,,+4529252754,https://www.proff.dk/firma/gunnarsstein-faarborg-aps/svenstrup-j/arbejdskrafts-tjenester/0QNV92I10LU,,,Du følger virksomheden,,,,,,,,,,,Arbejdskrafts tjenester,
2124,Atlas People ApS,,,,https://www.proff.dk/firma/atlas-people-aps/k%C3%B8benhavn-%C3%B8/arbejdskrafts-tjenester/0QMU5CI10LU,,,Du følger virksomheden,,,,,,,,,,,Arbejdskrafts tjenester,
2125,Kastrup Inc ApS,,,,https://www.proff.dk/firma/kastrup-inc-aps/g%C3%B8rlev/arbejdskrafts-tjenester/0Q9SNVI10LU,,,Du følger virksomheden,,,,,,,,,,,Arbejdskrafts tjenester,
2126,Seppe Byg & Mandskab ApS,,,,https://www.proff.dk/firma/seppe-byg-mandskab-aps/viby-sj%C3%A6lland/arbejdskrafts-tjenester/0LRDR7I10LU,,,Du følger virksomheden,,,,,,,,,,,Arbejdskrafts tjenester,
2127,Jaxe Multiservice ApS,,,,https://www.proff.dk/firma/jaxe-multiservice-aps/hvidovre/arbejdskrafts-tjenester/0PGM06I10LU,,,Du følger virksomheden,,,,,,,,,,,Arbejdskrafts tjenester,
2128,LEADR ApS,,,+4531316615,https://www.proff.dk/firma/leadr-aps/odense-c/arbejdskrafts-tjenester/0MR3KYI10LU,,,Du følger virksomheden,,,,,,,,,,,Arbejdskrafts tjenester,
2129,Langkær Vikar ApS,,,,https://www.proff.dk/firma/langk%C3%A6r-vikar-aps/kolding/arbejdskrafts-tjenester/0R5FTJI10LU,,,Du følger virksomheden,,,,,,,,,,,Arbejdskrafts tjenester,
2130,SpenglerFox Denmark ApS,,,,https://www.proff.dk/firma/spenglerfox-denmark-aps/frederiksberg-c/arbejdskrafts-tjenester/0P47WRI10LU,,,Du følger virksomheden,,,,,,,,,,,Arbejdskrafts tjenester,
2131,Osander ApS,,,+4540304644,https://www.proff.dk/firma/osander-aps/hellerup/arbejdskrafts-tjenester/0P8BBLI10LU,,,Du følger virksomheden,,,,,,,,,,,Arbejdskrafts tjenester,
2132,JKM ApS,,,,https://www.proff.dk/firma/jkm-aps/hj%C3%B8rring/arbejdskrafts-tjenester/060GBUI10LU,,,Du følger virksomheden,,,,,,,,,,,Arbejdskrafts tjenester,
2133,TORNBJERG SCHOU ApS,,,,https://www.proff.dk/firma/tornbjerg-schou-aps/vejle/arbejdskrafts-tjenester/0LHI47I10LU,,,Du følger virksomheden,,,,,,,,,,,Arbejdskrafts tjenester,
2134,ProConstruct NORD ApS,,,,https://www.proff.dk/firma/proconstruct-nord-aps/k%C3%B8benhavn-s/arbejdskrafts-tjenester/0LG19NI10LU,,,Du følger virksomheden,,,,,,,,,,,Arbejdskrafts tjenester,
2135,AresEntreprise ApS,,,+4528453433,https://www.proff.dk/firma/aresentreprise-aps/nyborg/arbejdskrafts-tjenester/0R3I8MI10LU,,,Du følger virksomheden,,,,,,,,,,,Arbejdskrafts tjenester,
2136,Big Mike Produktion ApS,,,,https://www.proff.dk/firma/big-mike-produktion-aps/k%C3%B8benhavn-nv/arbejdskrafts-tjenester/0Q49MSI10LU,,,Du følger virksomheden,,,,,,,,,,,Arbejdskrafts tjenester,
2137,F & T NIELSEN ApS,,,,https://www.proff.dk/firma/f-t-nielsen-aps/h%C3%B8ng/arbejdskrafts-tjenester/0FVI1MI10LU,,,Du følger virksomheden,,,,,,,,,,,Arbejdskrafts tjenester,
2138,Saka Logistik ApS,,,,https://www.proff.dk/firma/saka-logistik-aps/glostrup/arbejdskrafts-tjenester/0MDDH2I10LU,,,Du følger virksomheden,,,,,,,,,,,Arbejdskrafts tjenester,
2139,KTR Servicer ApS,,,,https://www.proff.dk/firma/ktr-servicer-aps/kolding/arbejdskrafts-tjenester/0QS7M0I10LU,,,Du følger virksomheden,,,,,,,,,,,Arbejdskrafts tjenester,
2140,Caterly ApS,,,,https://www.proff.dk/firma/caterly-aps/k%C3%B8benhavn-k/arbejdskrafts-tjenester/H0UK8UI10LU,,,Du følger virksomheden,,,,,,,,,,,Arbejdskrafts tjenester,
2141,H.H. Consult ApS,,,,https://www.proff.dk/firma/h.h.-consult-aps/esbjerg-n/arbejdskrafts-tjenester/0QTG6XI10LU,,,Du følger virksomheden,,,,,,,,,,,Arbejdskrafts tjenester,
2142,Service Crew ApS,,,,https://www.proff.dk/firma/service-crew-aps/herlev/arbejdskrafts-tjenester/0OOJ4YI10LU,,,Du følger virksomheden,,,,,,,,,,,Arbejdskrafts tjenester,
2143,N.G. Kring ApS,,,+4522113014,https://www.proff.dk/firma/n.g.-kring-aps/brabrand/arbejdskrafts-tjenester/0OKCONI10LU,,,Du følger virksomheden,,,,,,,,,,,Arbejdskrafts tjenester,
2144,FieldPotential ApS,,,,https://www.proff.dk/firma/fieldpotential-aps/k%C3%B8benhavn-k/arbejdskrafts-tjenester/0QBP7YI10LU,,,Du følger virksomheden,,,,,,,,,,,Arbejdskrafts tjenester,
2145,KDW Search ApS,,,,https://www.proff.dk/firma/kdw-search-aps/greve/arbejdskrafts-tjenester/0QHER6I10LU,,,Du følger virksomheden,,,,,,,,,,,Arbejdskrafts tjenester,
2146,Bygård&Bødker ApS,,,,https://www.proff.dk/firma/byg%C3%A5rdb%C3%B8dker-aps/roskilde/arbejdskrafts-tjenester/0P7MK1I10LU,,,Du følger virksomheden,,,,,,,,,,,Arbejdskrafts tjenester,
2147,PIPA DANMARK ApS,,,,https://www.proff.dk/firma/pipa-danmark-aps/k%C3%B8benhavn-k/arbejdskrafts-tjenester/0IALMHI10LU,,,Du følger virksomheden,,,,,,,,,,,Arbejdskrafts tjenester,
2148,MAXI ApS,,,,https://www.proff.dk/firma/maxi-aps/birker%C3%B8d/arbejdskrafts-tjenester/0M964XI10LU,,,Du følger virksomheden,,,,,,,,,,,Arbejdskrafts tjenester,
2149,PBO Juridisk Vikar-og Rekrutteringsservice ApS,,,,https://www.proff.dk/firma/pbo-juridisk-vikar-og-rekrutteringsservice-aps/horsens/arbejdskrafts-tjenester/0M04FMI10LU,,,Du følger virksomheden,,,,,,,,,,,Arbejdskrafts tjenester,
2150,CORESEARCH VISION A/S,,,+4570260326,https://www.proff.dk/firma/coresearch-vision-as/h%C3%B8rsholm/arbejdskrafts-tjenester/0H7G9RI10LU,,,Du følger virksomheden,,,,,,,,,,,Arbejdskrafts tjenester,
2151,B.A. Service ApS,,,,https://www.proff.dk/firma/b.a.-service-aps/ish%C3%B8j/arbejdskrafts-tjenester/0PLBT5I10LU,,,Du følger virksomheden,,,,,,,,,,,Arbejdskrafts tjenester,
2152,Infotree Service ApS,,,,https://www.proff.dk/firma/infotree-service-aps/k%C3%B8benhavn-%C3%B8/arbejdskrafts-tjenester/0NDQR5I10LU,,,Du følger virksomheden,,,,,,,,,,,Arbejdskrafts tjenester,
2153,JS Total-Booking ApS,,,,https://www.proff.dk/firma/js-total-booking-aps/albertslund/arbejdskrafts-tjenester/0P6TNHI10LU,,,Du følger virksomheden,,,,,,,,,,,Arbejdskrafts tjenester,
2154,UNIK HUMAN RESOURCES P/S,,,,https://www.proff.dk/firma/unik-human-resources-ps/charlottenlund/arbejdskrafts-tjenester/0L86WFI10LU,,,Du følger virksomheden,,,,,,,,,,,Arbejdskrafts tjenester,
2155,ERHVERVS-PARTNER APS,,,+4540164814,https://www.proff.dk/firma/erhvervs-partner-aps/almind/arbejdskrafts-tjenester/GWGGKSI10LU,,,Du følger virksomheden,,,,,,,,,,,Arbejdskrafts tjenester,
2156,CHANGEPARTNER ApS,,,,https://www.proff.dk/firma/changepartner-aps/virum/arbejdskrafts-tjenester/0I9XBYI10LU,,,Du følger virksomheden,,,,,,,,,,,Arbejdskrafts tjenester,
2157,Nordic Industries ApS,,,,https://www.proff.dk/firma/nordic-industries-aps/aarhus-c/arbejdskrafts-tjenester/0QPWJZI10LU,,,Du følger virksomheden,,,,,,,,,,,Arbejdskrafts tjenester,
2158,CAT Gruppen ApS,,,,https://www.proff.dk/firma/cat-gruppen-aps/k%C3%B8ge/arbejdskrafts-tjenester/0QTO3WI10LU,,,Du følger virksomheden,,,,,,,,,,,Arbejdskrafts tjenester,
2159,AK ApS,,,,https://www.proff.dk/firma/ak-aps/n%C3%B8rresundby/arbejdskrafts-tjenester/0QRMENI10LU,,,Du følger virksomheden,,,,,,,,,,,Arbejdskrafts tjenester,
2160,BioPacking ApS,,,,https://www.proff.dk/firma/biopacking-aps/hasselager/arbejdskrafts-tjenester/0OV5XPI10LU,,,Du følger virksomheden,,,,,,,,,,,Arbejdskrafts tjenester,
2161,Solution Service ApS,,,,https://www.proff.dk/firma/solution-service-aps/langeskov/arbejdskrafts-tjenester/0M4UZEI10LU,,,Du følger virksomheden,,,,,,,,,,,Arbejdskrafts tjenester,
2162,Torben Krog Consult ApS,,,+4541180085,https://www.proff.dk/firma/torben-krog-consult-aps/bramming/arbejdskrafts-tjenester/0PNN23I10LU,,,Du følger virksomheden,,,,,,,,,,,Arbejdskrafts tjenester,
2163,Defos Holding ApS,,,,https://www.proff.dk/firma/defos-holding-aps/slangerup/arbejdskrafts-tjenester/0OF3V4I10LU,,,Du følger virksomheden,,,,,,,,,,,Arbejdskrafts tjenester,
2164,R S VIKAR OG DISPLAY ApS,,,,https://www.proff.dk/firma/r-s-vikar-og-display-aps/hundested/arbejdskrafts-tjenester/0FK31AI10LU,,,Du følger virksomheden,,,,,,,,,,,Arbejdskrafts tjenester,
2165,MHF Tømrer & Totalbyg ApS,,,+4586339203,https://www.proff.dk/firma/mhf-t%C3%B8mrer-totalbyg-aps/kolind/arbejdskrafts-tjenester/0HN81AI10LU,,,Du følger virksomheden,,,,,,,,,,,Arbejdskrafts tjenester,
2166,VANG Vikar & Rekruttering ApS,,,,https://www.proff.dk/firma/vang-vikar-rekruttering-aps/rask-m%C3%B8lle/arbejdskrafts-tjenester/0NESOHI10LU,,,Du følger virksomheden,,,,,,,,,,,Arbejdskrafts tjenester,
2167,Vester-BIZZ ApS,,,,https://www.proff.dk/firma/vester-bizz-aps/tommerup/arbejdskrafts-tjenester/0MHDWTI10LU,,,Du følger virksomheden,,,,,,,,,,,Arbejdskrafts tjenester,
2168,Best Choice IVS,,,,https://www.proff.dk/firma/best-choice-ivs/n%C3%A6stved/arbejdskrafts-tjenester/0LYZ9DI10LU,,,Du følger virksomheden,,,,,,,,,,,Arbejdskrafts tjenester,
2169,Hald HR Consulting ApS,,,,https://www.proff.dk/firma/hald-hr-consulting-aps/kastrup/arbejdskrafts-tjenester/0PB5RYI10LU,,,Du følger virksomheden,,,,,,,,,,,Arbejdskrafts tjenester,
2170,BEROE TEKNIK ApS,,,,https://www.proff.dk/firma/beroe-teknik-aps/juelsminde/arbejdskrafts-tjenester/0QGWQ6I10LU,,,Du følger virksomheden,,,,,,,,,,,Arbejdskrafts tjenester,
2171,Cæsar Group ApS,,,,https://www.proff.dk/firma/c%C3%A6sar-group-aps/kolding/arbejdskrafts-tjenester/0QZV71I10LU,,,Du følger virksomheden,,,,,,,,,,,Arbejdskrafts tjenester,
2172,Connextion ApS,,,,https://www.proff.dk/firma/connextion-aps/k%C3%B8benhavn-n/arbejdskrafts-tjenester/0PXWXXI10LU,,,Du følger virksomheden,,,,,,,,,,,Arbejdskrafts tjenester,
2173,Global Workers ApS,,,,https://www.proff.dk/firma/global-workers-aps/vordingborg/arbejdskrafts-tjenester/0OE4LQI10LU,,,Du følger virksomheden,,,,,,,,,,,Arbejdskrafts tjenester,
2174,R2C & R2W ApS,,,,https://www.proff.dk/firma/r2c-r2w-aps/kors%C3%B8r/arbejdskrafts-tjenester/0PXXT1I10LU,,,Du følger virksomheden,,,,,,,,,,,Arbejdskrafts tjenester,
2175,DK Svejs ApS,,,+4531356519,https://www.proff.dk/firma/dk-svejs-aps/arden/arbejdskrafts-tjenester/0PPIEHI10LU,,,Du følger virksomheden,,,,,,,,,,,Arbejdskrafts tjenester,
2176,DK M-BYG ApS,,,,https://www.proff.dk/firma/dk-m-byg-aps/glostrup/arbejdskrafts-tjenester/H1BLJ3I10LU,,,Du følger virksomheden,,,,,,,,,,,Arbejdskrafts tjenester,
2177,Dansk Vikarservice Esbjerg ApS,,,,https://www.proff.dk/firma/dansk-vikarservice-esbjerg-aps/esbjerg/arbejdskrafts-tjenester/0OCZ92I10LU,,,Du følger virksomheden,,,,,,,,,,,Arbejdskrafts tjenester,
2178,MAANI INVEST ApS,,,26148874,https://www.proff.dk/firma/maani-invest-aps/k%C3%B8benhavn-s/arbejdskrafts-tjenester/GSG0FGI10LU,,,Du følger virksomheden,,,,,,,,,,,Arbejdskrafts tjenester,
2179,NBMT ApS,,,,https://www.proff.dk/firma/nbmt-aps/r%C3%B8dovre/arbejdskrafts-tjenester/0N2W1ZI10LU,,,Du følger virksomheden,,,,,,,,,,,Arbejdskrafts tjenester,
2180,Power People Midtsjælland ApS,,,+4544241292,https://www.proff.dk/firma/power-people-midtsj%C3%A6lland-aps/roskilde/arbejdskrafts-tjenester/0PNKSDI10LU,,,Du følger virksomheden,,,,,,,,,,,Arbejdskrafts tjenester,
2181,JW Global Ventures Denmark ApS,,,,https://www.proff.dk/firma/jw-global-ventures-denmark-aps/frederiksberg-c/arbejdskrafts-tjenester/0QODZEI10LU,,,Du følger virksomheden,,,,,,,,,,,Arbejdskrafts tjenester,
2182,Gamle Mandskab ApS,,,+4593601296,https://www.proff.dk/firma/gamle-mandskab-aps/jerslev-sj%C3%A6lland/arbejdskrafts-tjenester/H1TOB3I10LU,,,Du følger virksomheden,,,,,,,,,,,Arbejdskrafts tjenester,
2183,SL Industriservice ApS,,,,https://www.proff.dk/firma/sl-industriservice-aps/roslev/arbejdskrafts-tjenester/0OEE61I10LU,,,Du følger virksomheden,,,,,,,,,,,Arbejdskrafts tjenester,
2184,Hviids Industrisupport ApS,,,,https://www.proff.dk/firma/hviids-industrisupport-aps/tommerup/arbejdskrafts-tjenester/0N90G0I10LU,,,Du følger virksomheden,,,,,,,,,,,Arbejdskrafts tjenester,
2185,Opus Care ApS,,,,https://www.proff.dk/firma/opus-care-aps/hobro/arbejdskrafts-tjenester/0P6L0PI10LU,,,Du følger virksomheden,,,,,,,,,,,Arbejdskrafts tjenester,
2186,Krumhardt Matzen ApS,,,,https://www.proff.dk/firma/krumhardt-matzen-aps/charlottenlund/arbejdskrafts-tjenester/0QDTQKI10LU,,,Du følger virksomheden,,,,,,,,,,,Arbejdskrafts tjenester,
2187,1841 Entertainment ApS,,,,https://www.proff.dk/firma/1841-entertainment-aps/holb%C3%A6k/arbejdskrafts-tjenester/0M7KMBI10LU,,,Du følger virksomheden,,,,,,,,,,,Arbejdskrafts tjenester,
2188,D&S Nordik Service ApS,,,,https://www.proff.dk/firma/ds-nordik-service-aps/vejle/arbejdskrafts-tjenester/0QHP32I10LU,,,Du følger virksomheden,,,,,,,,,,,Arbejdskrafts tjenester,
2189,LCI Vikar ApS,,,,https://www.proff.dk/firma/lci-vikar-aps/faxe/arbejdskrafts-tjenester/0QHYN0I10LU,,,Du følger virksomheden,,,,,,,,,,,Arbejdskrafts tjenester,
2190,SM Entreprise ApS,,,,https://www.proff.dk/firma/sm-entreprise-aps/haslev/arbejdskrafts-tjenester/0R1MUEI10LU,,,Du følger virksomheden,,,,,,,,,,,Arbejdskrafts tjenester,
2191,Alsipa Holding ApS,,,,https://www.proff.dk/firma/alsipa-holding-aps/tommerup/arbejdskrafts-tjenester/0MHDY8I10LU,,,Du følger virksomheden,,,,,,,,,,,Arbejdskrafts tjenester,
2192,Payrolls ApS,,,,https://www.proff.dk/firma/payrolls-aps/aarhus-v/arbejdskrafts-tjenester/0NYKF9I10LU,,,Du følger virksomheden,,,,,,,,,,,Arbejdskrafts tjenester,
2193,Rail Group ApS,,,,https://www.proff.dk/firma/rail-group-aps/tilst/arbejdskrafts-tjenester/0QK319I10LU,,,Du følger virksomheden,,,,,,,,,,,Arbejdskrafts tjenester,
2194,Axon Interim ApS,,,,https://www.proff.dk/firma/axon-interim-aps/k%C3%B8benhavn-sv/arbejdskrafts-tjenester/0LG94RI10LU,,,Du følger virksomheden,,,,,,,,,,,Arbejdskrafts tjenester,
2195,Asfaltgruppen ApS,,,,https://www.proff.dk/firma/asfaltgruppen-aps/ringsted/arbejdskrafts-tjenester/0P64VEI10LU,,,Du følger virksomheden,,,,,,,,,,,Arbejdskrafts tjenester,
2196,MTransport ApS,,,+4525121267,https://www.proff.dk/firma/mtransport-aps/k%C3%B8benhavn-nv/arbejdskrafts-tjenester/H1QIS2I10LU,,,Du følger virksomheden,,,,,,,,,,,Arbejdskrafts tjenester,
2197,WG Gruppen ApS,,,+4593831923,https://www.proff.dk/firma/wg-gruppen-aps/vestbjerg/arbejdskrafts-tjenester/0QDZPYI10LU,,,Du følger virksomheden,,,,,,,,,,,Arbejdskrafts tjenester,
2198,Vicon People ApS,,,,https://www.proff.dk/firma/vicon-people-aps/aalborg/arbejdskrafts-tjenester/0PVQF1I10LU,,,Du følger virksomheden,,,,,,,,,,,Arbejdskrafts tjenester,
2199,Nordstjernen ApS,,,,https://www.proff.dk/firma/nordstjernen-aps/gr%C3%A5sten/arbejdskrafts-tjenester/0R0X59I10LU,,,Du følger virksomheden,,,,,,,,,,,Arbejdskrafts tjenester,
2200,SIFFONGROUP ApS,,,,https://www.proff.dk/firma/siffongroup-aps/k%C3%B8benhavn-s/arbejdskrafts-tjenester/0K697YI10LU,,,Du følger virksomheden,,,,,,,,,,,Arbejdskrafts tjenester,
2201,Levanord ApS,,,,https://www.proff.dk/firma/levanord-aps/k%C3%B8benhavn-nv/arbejdskrafts-tjenester/0OQQ9PI10LU,,,Du følger virksomheden,,,,,,,,,,,Arbejdskrafts tjenester,
2202,SB TEQ ApS,,,,https://www.proff.dk/firma/sb-teq-aps/kolding/arbejdskrafts-tjenester/0P118CI10LU,,,Du følger virksomheden,,,,,,,,,,,Arbejdskrafts tjenester,
2203,Wacky ApS,,,,https://www.proff.dk/firma/wacky-aps/frederiksv%C3%A6rk/arbejdskrafts-tjenester/0OA6IRI10LU,,,Du følger virksomheden,,,,,,,,,,,Arbejdskrafts tjenester,
2204,DUPO ApS,,,,https://www.proff.dk/firma/dupo-aps/br%C3%B8nsh%C3%B8j/arbejdskrafts-tjenester/0Q50ONI10LU,,,Du følger virksomheden,,,,,,,,,,,Arbejdskrafts tjenester,
2205,PEOPLE IN FOCUS ApS,,,,https://www.proff.dk/firma/people-in-focus-aps/hellerup/arbejdskrafts-tjenester/0ICBN1I10LU,,,Du følger virksomheden,,,,,,,,,,,Arbejdskrafts tjenester,
2206,EJENDOMSSELSKABET STOREGADE 28 ApS,,,+4598541444,https://www.proff.dk/firma/ejendomsselskabet-storegade-28-aps/hadsund/arbejdskrafts-tjenester/0JVF93I10LU,,,Du følger virksomheden,,,,,,,,,,,Arbejdskrafts tjenester,
2207,SB Recruiting ApS,,,,https://www.proff.dk/firma/sb-recruiting-aps/aalborg-%C3%B8st/arbejdskrafts-tjenester/0Q2E4YI10LU,,,Du følger virksomheden,,,,,,,,,,,Arbejdskrafts tjenester,
2208,Balda Workforce ApS,,,,https://www.proff.dk/firma/balda-workforce-aps/hobro/arbejdskrafts-tjenester/0PRCUKI10LU,,,Du følger virksomheden,,,,,,,,,,,Arbejdskrafts tjenester,
2209,JBL ApS,,,,https://www.proff.dk/firma/jbl-aps/dalmose/arbejdskrafts-tjenester/0MC4QXI10LU,,,Du følger virksomheden,,,,,,,,,,,Arbejdskrafts tjenester,
2210,Ejs. Stæremosen ApS,,,+4561600603,https://www.proff.dk/firma/ejs.-st%C3%A6remosen-aps/herlev/arbejdskrafts-tjenester/0QZ3LYI10LU,,,Du følger virksomheden,,,,,,,,,,,Arbejdskrafts tjenester,
2211,JSR Bolig ApS,,,,https://www.proff.dk/firma/jsr-bolig-aps/h%C3%B8rve/arbejdskrafts-tjenester/0OR5M2I10LU,,,Du følger virksomheden,,,,,,,,,,,Arbejdskrafts tjenester,
2212,SM-Transport ApS,,,+4528680783,https://www.proff.dk/firma/sm-transport-aps/sabro/arbejdskrafts-tjenester/0P7B13I10LU,,,Du følger virksomheden,,,,,,,,,,,Arbejdskrafts tjenester,
2213,Ålbæk Vikar og Håndværksservice ApS,,,,https://www.proff.dk/firma/%C3%A5lb%C3%A6k-vikar-og-h%C3%A5ndv%C3%A6rksservice-aps/randers-s%C3%B8/arbejdskrafts-tjenester/0MXNSZI10LU,,,Du følger virksomheden,,,,,,,,,,,Arbejdskrafts tjenester,
2214,NUMBERONE-VIKAR ApS,,,,https://www.proff.dk/firma/numberone-vikar-aps/bramming/arbejdskrafts-tjenester/0GRCPCI10LU,,,Du følger virksomheden,,,,,,,,,,,Arbejdskrafts tjenester,
2215,SafeCare ApS,,,,https://www.proff.dk/firma/safecare-aps/skive/arbejdskrafts-tjenester/0Q8M6HI10LU,,,Du følger virksomheden,,,,,,,,,,,Arbejdskrafts tjenester,
2216,Somatech ApS,,,+4561274904,https://www.proff.dk/firma/somatech-aps/hobro/arbejdskrafts-tjenester/0R39FTI10LU,,,Du følger virksomheden,,,,,,,,,,,Arbejdskrafts tjenester,
2217,Tryghedspersonale ApS,,,,https://www.proff.dk/firma/tryghedspersonale-aps/k%C3%B8benhavn-k/arbejdskrafts-tjenester/0R6LN0I10LU,,,Du følger virksomheden,,,,,,,,,,,Arbejdskrafts tjenester,
2218,Jysk-Vikar K/S,,,+4550401327,https://www.proff.dk/firma/jysk-vikar-ks/skive/arbejdskrafts-tjenester/0QMUEXI10LU,,,Du følger virksomheden,,,,,,,,,,,Arbejdskrafts tjenester,
2219,AAR Service ApS,,,,https://www.proff.dk/firma/aar-service-aps/tilst/arbejdskrafts-tjenester/0QC7O9I10LU,,,Du følger virksomheden,,,,,,,,,,,Arbejdskrafts tjenester,
2220,Human Talent ApS,,,,https://www.proff.dk/firma/human-talent-aps/eg%C3%A5/arbejdskrafts-tjenester/0I0ZHPI10LU,,,Du følger virksomheden,,,,,,,,,,,Arbejdskrafts tjenester,
2221,Rickus ApS,,,+4526979456,https://www.proff.dk/firma/rickus-aps/fredericia/arbejdskrafts-tjenester/0R6UGHI10LU,,,Du følger virksomheden,,,,,,,,,,,Arbejdskrafts tjenester,
2222,KHSL ApS,,,,https://www.proff.dk/firma/khsl-aps/struer/arbejdskrafts-tjenester/0NGB5JI10LU,,,Du følger virksomheden,,,,,,,,,,,Arbejdskrafts tjenester,
2223,Langbak ApS,,,,https://www.proff.dk/firma/langbak-aps/aalborg/arbejdskrafts-tjenester/0POMEXI10LU,,,Du følger virksomheden,,,,,,,,,,,Arbejdskrafts tjenester,
2224,T & C Ejendomme ApS,,,,https://www.proff.dk/firma/t-c-ejendomme-aps/r%C3%B8dby/arbejdskrafts-tjenester/0NJDNRI10LU,,,Du følger virksomheden,,,,,,,,,,,Arbejdskrafts tjenester,
2225,Pro Vikarservice ApS,,,,https://www.proff.dk/firma/pro-vikarservice-aps/skive/arbejdskrafts-tjenester/0MSM2WI10LU,,,Du følger virksomheden,,,,,,,,,,,Arbejdskrafts tjenester,
2226,DANSK STÅLSPÆR EJENDOMSSELSKAB ApS,,,,https://www.proff.dk/firma/dansk-st%C3%A5lsp%C3%A6r-ejendomsselskab-aps/give/arbejdskrafts-tjenester/0JFO1EI10LU,,,Du følger virksomheden,,,,,,,,,,,Arbejdskrafts tjenester,
2227,Horton International,,,+4521774548,https://www.proff.dk/firma/horton-international/hellerup/arbejdskrafts-tjenester/GZU68EI10LU,,,Du følger virksomheden,,,,,,,,,,,Arbejdskrafts tjenester,
2228,LANDBRUGETS JOBSERVICE ApS,,,,https://www.proff.dk/firma/landbrugets-jobservice-aps/faaborg/arbejdskrafts-tjenester/0L31W3I10LU,,,Du følger virksomheden,,,,,,,,,,,Arbejdskrafts tjenester,
2229,GASTROJOB.DK ApS,,,,https://www.proff.dk/firma/gastrojob.dk-aps/frederiksberg/arbejdskrafts-tjenester/0J37GUI10LU,,,Du følger virksomheden,,,,,,,,,,,Arbejdskrafts tjenester,
2230,NIS PRODUCTION ApS,,,+4597962573,https://www.proff.dk/firma/nis-production-aps/hanstholm/arbejdskrafts-tjenester/0IT962I10LU,,,Du følger virksomheden,,,,,,,,,,,Arbejdskrafts tjenester,
2231,Nicolaj LJ ApS,,,,https://www.proff.dk/firma/nicolaj-lj-aps/m%C3%B8rke/arbejdskrafts-tjenester/0QKUZAI10LU,,,Du følger virksomheden,,,,,,,,,,,Arbejdskrafts tjenester,
2232,KLITGAARD HOLDING NR. 1 ApS,,,,https://www.proff.dk/firma/klitgaard-holding-nr.-1-aps/suldrup/arbejdskrafts-tjenester/0IST55I10LU,,,Du følger virksomheden,,,,,,,,,,,Arbejdskrafts tjenester,
2233,WOPE KONSULENTGRUPPE ApS,,,,https://www.proff.dk/firma/wope-konsulentgruppe-aps/karlslunde/arbejdskrafts-tjenester/0LH17OI10LU,,,Du følger virksomheden,,,,,,,,,,,Arbejdskrafts tjenester,
2234,W. Z. Service ApS,,,,https://www.proff.dk/firma/w.-z.-service-aps/herlev/arbejdskrafts-tjenester/0NX4QEI10LU,,,Du følger virksomheden,,,,,,,,,,,Arbejdskrafts tjenester,
2235,Tersus Service ApS,,,,https://www.proff.dk/firma/tersus-service-aps/glostrup/arbejdskrafts-tjenester/0QQ53OI10LU,,,Du følger virksomheden,,,,,,,,,,,Arbejdskrafts tjenester,
2236,I.care ApS,,,,https://www.proff.dk/firma/i.care-aps/s%C3%A6by/arbejdskrafts-tjenester/0PMUE4I10LU,,,Du følger virksomheden,,,,,,,,,,,Arbejdskrafts tjenester,
2237,Lyngholm Industries ApS,,,,https://www.proff.dk/firma/lyngholm-industries-aps/sk%C3%A6rb%C3%A6k/arbejdskrafts-tjenester/0R1CHUI10LU,,,Du følger virksomheden,,,,,,,,,,,Arbejdskrafts tjenester,
2238,Mpya Finance Danmark ApS,,,,https://www.proff.dk/firma/mpya-finance-danmark-aps/k%C3%B8benhavn-%C3%B8/arbejdskrafts-tjenester/0R7MEAI10LU,,,Du følger virksomheden,,,,,,,,,,,Arbejdskrafts tjenester,
2239,Letplus Transport ApS,,,,https://www.proff.dk/firma/letplus-transport-aps/albertslund/arbejdskrafts-tjenester/0QDIFFI10LU,,,Du følger virksomheden,,,,,,,,,,,Arbejdskrafts tjenester,
2240,DIGITALHeadhunter ApS,,,,https://www.proff.dk/firma/digitalheadhunter-aps/k%C3%B8benhavn-s/arbejdskrafts-tjenester/0O8KPWI10LU,,,Du følger virksomheden,,,,,,,,,,,Arbejdskrafts tjenester,
2241,Job Nordic ApS,,,+4531494551,https://www.proff.dk/firma/job-nordic-aps/ry/arbejdskrafts-tjenester/0R5GG9I10LU,,,Du følger virksomheden,,,,,,,,,,,Arbejdskrafts tjenester,
2242,TB Entreprise ApS,,,+4593800426,https://www.proff.dk/firma/tb-entreprise-aps/herlev/arbejdskrafts-tjenester/0R5J0XI10LU,,,Du følger virksomheden,,,,,,,,,,,Arbejdskrafts tjenester,
2243,PC DATA ERHVERVS TEAM A/S,,,20156810,https://www.proff.dk/firma/pc-data-erhvervs-team-as/eg%C3%A5/arbejdskrafts-tjenester/GJHFNCI10LU,,,Du følger virksomheden,,,,,,,,,,,Arbejdskrafts tjenester,
2244,Aebischer Consulting Group ApS,,,,https://www.proff.dk/firma/aebischer-consulting-group-aps/gentofte/arbejdskrafts-tjenester/0QH2S7I10LU,,,Du følger virksomheden,,,,,,,,,,,Arbejdskrafts tjenester,
2245,Vojens S.O.S. Management ApS,,,,https://www.proff.dk/firma/vojens-s.o.s.-management-aps/n%C3%B8rresundby/arbejdskrafts-tjenester/0P56G1I10LU,,,Du følger virksomheden,,,,,,,,,,,Arbejdskrafts tjenester,
2246,Konforza Workforce ApS,,,,https://www.proff.dk/firma/konforza-workforce-aps/aalborg/arbejdskrafts-tjenester/0QBNRCI10LU,,,Du følger virksomheden,,,,,,,,,,,Arbejdskrafts tjenester,
2247,JB Rasmussen ApS,,,,https://www.proff.dk/firma/jb-rasmussen-aps/vojens/arbejdskrafts-tjenester/0QVNOLI10LU,,,Du følger virksomheden,,,,,,,,,,,Arbejdskrafts tjenester,
2248,Percepti Global ApS,,,+4570200827,https://www.proff.dk/firma/percepti-global-aps/ballerup/arbejdskrafts-tjenester/0FVQZLI10LU,,,Du følger virksomheden,,,,,,,,,,,Arbejdskrafts tjenester,
2249,CAREERSEARCH A/S,,,,https://www.proff.dk/firma/careersearch-as/hellerup/arbejdskrafts-tjenester/0GG9AWI10LU,,,Du følger virksomheden,,,,,,,,,,,Arbejdskrafts tjenester,
2250,Brosbøl ApS,,,+4560408320,https://www.proff.dk/firma/brosb%C3%B8l-aps/aarhus-v/arbejdskrafts-tjenester/0MHDMPI10LU,,,Du følger virksomheden,,,,,,,,,,,Arbejdskrafts tjenester,
2251,DJC Vikarservice ApS,,,,https://www.proff.dk/firma/djc-vikarservice-aps/t%C3%B8nder/arbejdskrafts-tjenester/0PMTM8I10LU,,,Du følger virksomheden,,,,,,,,,,,Arbejdskrafts tjenester,
2252,Stress Håndtering ApS,,,,https://www.proff.dk/firma/stress-h%C3%A5ndtering-aps/birker%C3%B8d/arbejdskrafts-tjenester/0HOGRYI10LU,,,Du følger virksomheden,,,,,,,,,,,Arbejdskrafts tjenester,
2253,SundCare ApS,,,,https://www.proff.dk/firma/sundcare-aps/charlottenlund/arbejdskrafts-tjenester/0PVJTJI10LU,,,Du følger virksomheden,,,,,,,,,,,Arbejdskrafts tjenester,
2254,HERE2CARE ApS,,,,https://www.proff.dk/firma/here2care-aps/esbjerg-v/arbejdskrafts-tjenester/0KO005I10LU,,,Du følger virksomheden,,,,,,,,,,,Arbejdskrafts tjenester,
2255,WeCare ApS,,,,https://www.proff.dk/firma/wecare-aps/taastrup/arbejdskrafts-tjenester/0PEJGCI10LU,,,Du følger virksomheden,,,,,,,,,,,Arbejdskrafts tjenester,
2256,FlexMatch ApS,,,,https://www.proff.dk/firma/flexmatch-aps/s%C3%B8borg/arbejdskrafts-tjenester/0QC7XHI10LU,,,Du følger virksomheden,,,,,,,,,,,Arbejdskrafts tjenester,
2257,UKA ApS,,,,https://www.proff.dk/firma/uka-aps/ringsted/arbejdskrafts-tjenester/0PPRHEI10LU,,,Du følger virksomheden,,,,,,,,,,,Arbejdskrafts tjenester,
2258,Konsulenthuset Danmark ApS,,,,https://www.proff.dk/firma/konsulenthuset-danmark-aps/frederikssund/arbejdskrafts-tjenester/0QC6VJI10LU,,,Du følger virksomheden,,,,,,,,,,,Arbejdskrafts tjenester,
2259,Induce ApS,,,,https://www.proff.dk/firma/induce-aps/frederiksberg-c/arbejdskrafts-tjenester/0OFDD0I10LU,,,Du følger virksomheden,,,,,,,,,,,Arbejdskrafts tjenester,
2260,HENRIK LUND HOLDING ApS,,,,https://www.proff.dk/firma/henrik-lund-holding-aps/skive/arbejdskrafts-tjenester/068JWRI10LU,,,Du følger virksomheden,,,,,,,,,,,Arbejdskrafts tjenester,
2261,Skuad Denmark ApS,,,,https://www.proff.dk/firma/skuad-denmark-aps/k%C3%B8benhavn-v/arbejdskrafts-tjenester/0PVLXNI10LU,,,Du følger virksomheden,,,,,,,,,,,Arbejdskrafts tjenester,
2262,CJI Montage ApS,,,,https://www.proff.dk/firma/cji-montage-aps/egtved/arbejdskrafts-tjenester/0P07WNI10LU,,,Du følger virksomheden,,,,,,,,,,,Arbejdskrafts tjenester,
2263,Airswift Denmark ApS,,,,https://www.proff.dk/firma/airswift-denmark-aps/k%C3%B8benhavn-%C3%B8/arbejdskrafts-tjenester/0MMJ0BI10LU,,,Du følger virksomheden,,,,,,,,,,,Arbejdskrafts tjenester,
2264,Skamriis Lund Service ApS,,,,https://www.proff.dk/firma/skamriis-lund-service-aps/%C3%B8stbirk/arbejdskrafts-tjenester/0P8VNVI10LU,,,Du følger virksomheden,,,,,,,,,,,Arbejdskrafts tjenester,
2265,Dental Direct ApS,,,,https://www.proff.dk/firma/dental-direct-aps/stenlille/arbejdskrafts-tjenester/0QW3RJI10LU,,,Du følger virksomheden,,,,,,,,,,,Arbejdskrafts tjenester,
2266,7967HK ApS,,,+4527848101,https://www.proff.dk/firma/7967hk-aps/hurup-thy/arbejdskrafts-tjenester/0R864OI10LU,,,Du følger virksomheden,,,,,,,,,,,Arbejdskrafts tjenester,
2267,Nordic Temp ApS,,,,https://www.proff.dk/firma/nordic-temp-aps/esbjerg-%C3%B8/arbejdskrafts-tjenester/0R4U9TI10LU,,,Du følger virksomheden,,,,,,,,,,,Arbejdskrafts tjenester,
2268,Team Consult ApS,,,,https://www.proff.dk/firma/team-consult-aps/h%C3%B8rsholm/arbejdskrafts-tjenester/0MMHJ5I10LU,,,Du følger virksomheden,,,,,,,,,,,Arbejdskrafts tjenester,
2269,M. Thimsen. Entreprenør ApS,,,+4540448151,https://www.proff.dk/firma/m.-thimsen.-entrepren%C3%B8r-aps/odder/arbejdskrafts-tjenester/0QKQL8I10LU,,,Du følger virksomheden,,,,,,,,,,,Arbejdskrafts tjenester,
2270,Transport Logistik Danmark A/S,,,,https://www.proff.dk/firma/transport-logistik-danmark-as/randers-sv/arbejdskrafts-tjenester/0N99L0I10LU,,,Du følger virksomheden,,,,,,,,,,,Arbejdskrafts tjenester,
2271,PuraSol ApS,,,+4542394338,https://www.proff.dk/firma/purasol-aps/k%C3%B8benhavn-s/arbejdskrafts-tjenester/0QYHD4I10LU,,,Du følger virksomheden,,,,,,,,,,,Arbejdskrafts tjenester,
2272,HELVERSKOV HOLDING ApS,,,+4551250542,https://www.proff.dk/firma/helverskov-holding-aps/gistrup/arbejdskrafts-tjenester/0JP23ZI10LU,,,Du følger virksomheden,,,,,,,,,,,Arbejdskrafts tjenester,
2273,Jysk Akut Vikar ApS,,,,https://www.proff.dk/firma/jysk-akut-vikar-aps/vejle/arbejdskrafts-tjenester/0P90MCI10LU,,,Du følger virksomheden,,,,,,,,,,,Arbejdskrafts tjenester,
2274,SelectusPlus ApS,,,+4531138689,https://www.proff.dk/firma/selectusplus-aps/aarhus-c/arbejdskrafts-tjenester/0RAR2HI10LU,,,Du følger virksomheden,,,,,,,,,,,Arbejdskrafts tjenester,
2275,CXC Global Denmark ApS,,,,https://www.proff.dk/firma/cxc-global-denmark-aps/s%C3%B8borg/arbejdskrafts-tjenester/0O4K3SI10LU,,,Du følger virksomheden,,,,,,,,,,,Arbejdskrafts tjenester,
2276,JOPE ApS,,,,https://www.proff.dk/firma/jope-aps/aalestrup/arbejdskrafts-tjenester/0KAFTII10LU,,,Du følger virksomheden,,,,,,,,,,,Arbejdskrafts tjenester,
2277,JK-KONSULENTERNE ApS,,,,https://www.proff.dk/firma/jk-konsulenterne-aps/jelling/arbejdskrafts-tjenester/0JZP4TI10LU,,,Du følger virksomheden,,,,,,,,,,,Arbejdskrafts tjenester,
2278,Arctic Works ApS,,,,https://www.proff.dk/firma/arctic-works-aps/nuussuaq/arbejdskrafts-tjenester/0NQ8WJI10LU,,,Du følger virksomheden,,,,,,,,,,,Arbejdskrafts tjenester,
2279,JRR Service ApS,,,,https://www.proff.dk/firma/jrr-service-aps/stokkemarke/arbejdskrafts-tjenester/0MNI1BI10LU,,,Du følger virksomheden,,,,,,,,,,,Arbejdskrafts tjenester,
2280,Saltvand ApS,,,,https://www.proff.dk/firma/saltvand-aps/kolding/arbejdskrafts-tjenester/0I7C80I10LU,,,Du følger virksomheden,,,,,,,,,,,Arbejdskrafts tjenester,
2281,Venquis ApS,,,,https://www.proff.dk/firma/venquis-aps/k%C3%B8benhavn-k/arbejdskrafts-tjenester/0OPRGGI10LU,,,Du følger virksomheden,,,,,,,,,,,Arbejdskrafts tjenester,
2282,Tillidsbånd ApS,,,,https://www.proff.dk/firma/tillidsb%C3%A5nd-aps/taastrup/arbejdskrafts-tjenester/0QY27WI10LU,,,Du følger virksomheden,,,,,,,,,,,Arbejdskrafts tjenester,
2283,MAJ People Service ApS,,,,https://www.proff.dk/firma/maj-people-service-aps/give/arbejdskrafts-tjenester/0OKJ4HI10LU,,,Du følger virksomheden,,,,,,,,,,,Arbejdskrafts tjenester,
2284,Hyrd ApS,,,,https://www.proff.dk/firma/hyrd-aps/roskilde/arbejdskrafts-tjenester/0QV22HI10LU,,,Du følger virksomheden,,,,,,,,,,,Arbejdskrafts tjenester,
2285,HLR Manpower ApS,,,,https://www.proff.dk/firma/hlr-manpower-aps/frederiksv%C3%A6rk/arbejdskrafts-tjenester/0PT9ZWI10LU,,,Du følger virksomheden,,,,,,,,,,,Arbejdskrafts tjenester,
2286,DM Rør ApS Group,,,,https://www.proff.dk/firma/dm-r%C3%B8r-aps-group/sk%C3%A6lsk%C3%B8r/arbejdskrafts-tjenester/0PJRLQI10LU,,,Du følger virksomheden,,,,,,,,,,,Arbejdskrafts tjenester,
2287,Dannebrog Mandskab ApS,,,,https://www.proff.dk/firma/dannebrog-mandskab-aps/valby/arbejdskrafts-tjenester/0QFBIJI10LU,,,Du følger virksomheden,,,,,,,,,,,Arbejdskrafts tjenester,
2288,Dansk HR Service ApS,,,+4528587221,https://www.proff.dk/firma/dansk-hr-service-aps/ringsted/arbejdskrafts-tjenester/0R57LQI10LU,,,Du følger virksomheden,,,,,,,,,,,Arbejdskrafts tjenester,
2289,AB FARMS ApS,,,,https://www.proff.dk/firma/ab-farms-aps/lemvig/arbejdskrafts-tjenester/0LGULVI10LU,,,Du følger virksomheden,,,,,,,,,,,Arbejdskrafts tjenester,
2290,GreenTec Workforce Solutions ApS,,,,https://www.proff.dk/firma/greentec-workforce-solutions-aps/fredericia/arbejdskrafts-tjenester/0Q22I2I10LU,,,Du følger virksomheden,,,,,,,,,,,Arbejdskrafts tjenester,
2291,Bjerndrup Ejendomme ApS,,,,https://www.proff.dk/firma/bjerndrup-ejendomme-aps/aabenraa/arbejdskrafts-tjenester/0Q2J2RI10LU,,,Du følger virksomheden,,,,,,,,,,,Arbejdskrafts tjenester,
2292,mtmcare ApS,,,,https://www.proff.dk/firma/mtmcare-aps/regstrup/arbejdskrafts-tjenester/0Q7ZW2I10LU,,,Du følger virksomheden,,,,,,,,,,,Arbejdskrafts tjenester,
2293,Konsulenthuset Næste Skridt ApS,,,+4544106014,https://www.proff.dk/firma/konsulenthuset-n%C3%A6ste-skridt-aps/albertslund/arbejdskrafts-tjenester/0R6ZNTI10LU,,,Du følger virksomheden,,,,,,,,,,,Arbejdskrafts tjenester,
2294,SimplyCare ApS,,,+4542670097,https://www.proff.dk/firma/simplycare-aps/svendborg/arbejdskrafts-tjenester/0QP7J7I10LU,,,Du følger virksomheden,,,,,,,,,,,Arbejdskrafts tjenester,
2295,Smedemose Transport ApS,,,,https://www.proff.dk/firma/smedemose-transport-aps/aabenraa/arbejdskrafts-tjenester/0LZIAJI10LU,,,Du følger virksomheden,,,,,,,,,,,Arbejdskrafts tjenester,
2296,HR Navigator & de Voss ApS,,,+4560189892,https://www.proff.dk/firma/hr-navigator-de-voss-aps/herning/arbejdskrafts-tjenester/0QQA5AI10LU,,,Du følger virksomheden,,,,,,,,,,,Arbejdskrafts tjenester,
2297,CL 43 ApS,,,,https://www.proff.dk/firma/cl-43-aps/augustenborg/arbejdskrafts-tjenester/0MDWUKI10LU,,,Du følger virksomheden,,,,,,,,,,,Arbejdskrafts tjenester,
2298,Oriens HR ApS,,,,https://www.proff.dk/firma/oriens-hr-aps/frederiksberg/arbejdskrafts-tjenester/0R2NSNI10LU,,,Du følger virksomheden,,,,,,,,,,,Arbejdskrafts tjenester,
2299,HEARTBREAK ApS,,,,https://www.proff.dk/firma/heartbreak-aps/k%C3%B8benhavn-%C3%B8/arbejdskrafts-tjenester/0JV7Y8I10LU,,,Du følger virksomheden,,,,,,,,,,,Arbejdskrafts tjenester,
2300,Talents2work ApS,,,,https://www.proff.dk/firma/talents2work-aps/fredensborg/arbejdskrafts-tjenester/0O4HODI10LU,,,Du følger virksomheden,,,,,,,,,,,Arbejdskrafts tjenester,
2301,Cavansi ApS,,,,https://www.proff.dk/firma/cavansi-aps/n%C3%A6stved/arbejdskrafts-tjenester/0PYHHGI10LU,,,Du følger virksomheden,,,,,,,,,,,Arbejdskrafts tjenester,
2302,SAND Rekruttering ApS,,,,https://www.proff.dk/firma/sand-rekruttering-aps/storvorde/arbejdskrafts-tjenester/0QOXSLI10LU,,,Du følger virksomheden,,,,,,,,,,,Arbejdskrafts tjenester,
2303,Egemark Administration ApS,,,+4522271687,https://www.proff.dk/firma/egemark-administration-aps/n%C3%B8rresundby/arbejdskrafts-tjenester/0IZ6RBI10LU,,,Du følger virksomheden,,,,,,,,,,,Arbejdskrafts tjenester,
2304,RePeople ApS,,,+4531529100,https://www.proff.dk/firma/repeople-aps/k%C3%B8benhavn-s/arbejdskrafts-tjenester/0R4GOFI10LU,,,Du følger virksomheden,,,,,,,,,,,Arbejdskrafts tjenester,
2305,Danvikaren ApS,,,,https://www.proff.dk/firma/danvikaren-aps/k%C3%B8benhavn-%C3%B8/arbejdskrafts-tjenester/0Q8KSZI10LU,,,Du følger virksomheden,,,,,,,,,,,Arbejdskrafts tjenester,
2306,Smart Vikar ApS,,,+4552500315,https://www.proff.dk/firma/smart-vikar-aps/helsing%C3%B8r/arbejdskrafts-tjenester/0QWEFVI10LU,,,Du følger virksomheden,,,,,,,,,,,Arbejdskrafts tjenester,
2307,JMR ApS,,,,https://www.proff.dk/firma/jmr-aps/h%C3%A5rlev/arbejdskrafts-tjenester/0N9NU2I10LU,,,Du følger virksomheden,,,,,,,,,,,Arbejdskrafts tjenester,
2308,ONE B Group ApS,,,,https://www.proff.dk/firma/one-b-group-aps/k%C3%B8benhavn-k/arbejdskrafts-tjenester/0R5680I10LU,,,Du følger virksomheden,,,,,,,,,,,Arbejdskrafts tjenester,
2309,DK REKRUTTERING ApS,,,,https://www.proff.dk/firma/dk-rekruttering-aps/hvidovre/arbejdskrafts-tjenester/0LG934I10LU,,,Du følger virksomheden,,,,,,,,,,,Arbejdskrafts tjenester,
2310,Midtjysk Maskinfører ApS,,,+4560609374,https://www.proff.dk/firma/midtjysk-maskinf%C3%B8rer-aps/hammel/arbejdskrafts-tjenester/0R55ATI10LU,,,Du følger virksomheden,,,,,,,,,,,Arbejdskrafts tjenester,
2311,Bülow Multiservice ApS,,,,https://www.proff.dk/firma/b%C3%BClow-multiservice-aps/n%C3%A6stved/arbejdskrafts-tjenester/0ONPUEI10LU,,,Du følger virksomheden,,,,,,,,,,,Arbejdskrafts tjenester,
2312,Global Security Job ApS,,,,https://www.proff.dk/firma/global-security-job-aps/hinnerup/arbejdskrafts-tjenester/0PSLQEI10LU,,,Du følger virksomheden,,,,,,,,,,,Arbejdskrafts tjenester,
2313,V. K. HUSE ApS,,,,https://www.proff.dk/firma/v.-k.-huse-aps/frederikshavn/arbejdskrafts-tjenester/0HESDTI10LU,,,Du følger virksomheden,,,,,,,,,,,Arbejdskrafts tjenester,
2314,Vikarboost ApS,,,,https://www.proff.dk/firma/vikarboost-aps/snedsted/arbejdskrafts-tjenester/0QQB0MI10LU,,,Du følger virksomheden,,,,,,,,,,,Arbejdskrafts tjenester,
2315,DANISH IMPEX ApS,,,,https://www.proff.dk/firma/danish-impex-aps/stege/arbejdskrafts-tjenester/0KII2YI10LU,,,Du følger virksomheden,,,,,,,,,,,Arbejdskrafts tjenester,
2316,nBoard ApS,,,,https://www.proff.dk/firma/nboard-aps/k%C3%B8benhavn-k/arbejdskrafts-tjenester/0O5ZCGI10LU,,,Du følger virksomheden,,,,,,,,,,,Arbejdskrafts tjenester,
2317,Personale Kompagniet ApS,,,+4551307070,https://www.proff.dk/firma/personale-kompagniet-aps/tune/arbejdskrafts-tjenester/0R7DRAI10LU,,,Du følger virksomheden,,,,,,,,,,,Arbejdskrafts tjenester,
2318,A TEAM VIKARSERVICE ApS,,,,https://www.proff.dk/firma/a-team-vikarservice-aps/hedensted/arbejdskrafts-tjenester/0ISVRLI10LU,,,Du følger virksomheden,,,,,,,,,,,Arbejdskrafts tjenester,
2319,4U ManPower ApS,,,,https://www.proff.dk/firma/4u-manpower-aps/r%C3%B8dovre/arbejdskrafts-tjenester/0NEMDRI10LU,,,Du følger virksomheden,,,,,,,,,,,Arbejdskrafts tjenester,
2320,The Burger Næstved ApS,,,,https://www.proff.dk/firma/the-burger-n%C3%A6stved-aps/n%C3%A6stved/arbejdskrafts-tjenester/0PIGG3I10LU,,,Du følger virksomheden,,,,,,,,,,,Arbejdskrafts tjenester,
2321,Ambizzion ApS,,,,https://www.proff.dk/firma/ambizzion-aps/tommerup/arbejdskrafts-tjenester/0MHE80I10LU,,,Du følger virksomheden,,,,,,,,,,,Arbejdskrafts tjenester,
2322,Thordahl's Service ApS,,,+4540751987,https://www.proff.dk/firma/thordahls-service-aps/horbelev/arbejdskrafts-tjenester/0R6UFLI10LU,,,Du følger virksomheden,,,,,,,,,,,Arbejdskrafts tjenester,
2323,Socialprofil ApS,,,+4520231062,https://www.proff.dk/firma/socialprofil-aps/k%C3%B8ge/arbejdskrafts-tjenester/0Q9JZKI10LU,,,Du følger virksomheden,,,,,,,,,,,Arbejdskrafts tjenester,
2324,KAJSER STÅLMONTAGE ApS,,,,https://www.proff.dk/firma/kajser-st%C3%A5lmontage-aps/grenaa/arbejdskrafts-tjenester/0JSHW7I10LU,,,Du følger virksomheden,,,,,,,,,,,Arbejdskrafts tjenester,
2325,Støttehuset ApS,,,,https://www.proff.dk/firma/st%C3%B8ttehuset-aps/odense-m/arbejdskrafts-tjenester/0QHUR6I10LU,,,Du følger virksomheden,,,,,,,,,,,Arbejdskrafts tjenester,
2326,APPELQUIST & CO. ApS,,,,https://www.proff.dk/firma/appelquist-co.-aps/kgs.lyngby/arbejdskrafts-tjenester/0KLLU0I10LU,,,Du følger virksomheden,,,,,,,,,,,Arbejdskrafts tjenester,
2327,Kure Search ApS,,,,https://www.proff.dk/firma/kure-search-aps/kastrup/arbejdskrafts-tjenester/0M6TX1I10LU,,,Du følger virksomheden,,,,,,,,,,,Arbejdskrafts tjenester,
2328,D.M.S ApS,,,,https://www.proff.dk/firma/d.m.s-aps/vejen/arbejdskrafts-tjenester/0P181LI10LU,,,Du følger virksomheden,,,,,,,,,,,Arbejdskrafts tjenester,
2329,Jobvikar.dk ApS,,,,https://www.proff.dk/firma/jobvikar.dk-aps/kongens-lyngby/arbejdskrafts-tjenester/0PJNM0I10LU,,,Du følger virksomheden,,,,,,,,,,,Arbejdskrafts tjenester,
2330,Electa P/S,,,,https://www.proff.dk/firma/electa-ps/glostrup/arbejdskrafts-tjenester/0PMJEVI10LU,,,Du følger virksomheden,,,,,,,,,,,Arbejdskrafts tjenester,
2331,To Hender ApS,,,+4586250303,https://www.proff.dk/firma/to-hender-aps/odder/arbejdskrafts-tjenester/0R2F0KI10LU,,,Du følger virksomheden,,,,,,,,,,,Arbejdskrafts tjenester,
2332,AMIKU ApS,,,+4581712929,https://www.proff.dk/firma/amiku-aps/glostrup/arbejdskrafts-tjenester/0R3I04I10LU,,,Du følger virksomheden,,,,,,,,,,,Arbejdskrafts tjenester,
2333,NBB ApS,,,,https://www.proff.dk/firma/nbb-aps/silkeborg/arbejdskrafts-tjenester/0R2W44I10LU,,,Du følger virksomheden,,,,,,,,,,,Arbejdskrafts tjenester,
2334,POOLIA DANMARK A/S,,,70273747,https://www.proff.dk/firma/poolia-danmark-as/k%C3%B8benhavn-k/arbejdskrafts-tjenester/0F6PYZI10LU,,,Du følger virksomheden,,,,,,,,,,,Arbejdskrafts tjenester,
2335,EXPURI ApS,,,,https://www.proff.dk/firma/expuri-aps/odense-c/arbejdskrafts-tjenester/0KLXZGI10LU,,,Du følger virksomheden,,,,,,,,,,,Arbejdskrafts tjenester,
2336,Vikar4u ApS,,,,https://www.proff.dk/firma/vikar4u-aps/almind/arbejdskrafts-tjenester/0PWH7KI10LU,,,Du følger virksomheden,,,,,,,,,,,Arbejdskrafts tjenester,
2337,MARKHOLT-HANSEN & CO. ApS,,,,https://www.proff.dk/firma/markholt-hansen-co.-aps/charlottenlund/arbejdskrafts-tjenester/0KZERDI10LU,,,Du følger virksomheden,,,,,,,,,,,Arbejdskrafts tjenester,
2338,Butte Holding ApS,,,,https://www.proff.dk/firma/butte-holding-aps/thisted/arbejdskrafts-tjenester/0M0GDLI10LU,,,Du følger virksomheden,,,,,,,,,,,Arbejdskrafts tjenester,
2339,Group 3M ApS,,,,https://www.proff.dk/firma/group-3m-aps/esbjerg-v/arbejdskrafts-tjenester/0OAT2VI10LU,,,Du følger virksomheden,,,,,,,,,,,Arbejdskrafts tjenester,
2340,Turned ApS,,,,https://www.proff.dk/firma/turned-aps/jerslev-sj%C3%A6lland/arbejdskrafts-tjenester/0QJ1C3I10LU,,,Du følger virksomheden,,,,,,,,,,,Arbejdskrafts tjenester,
2341,Team Bonus ApS,,,+4528977857,https://www.proff.dk/firma/team-bonus-aps/%C3%B8lstykke/arbejdskrafts-tjenester/0QYUX5I10LU,,,Du følger virksomheden,,,,,,,,,,,Arbejdskrafts tjenester,
2342,Autosearch ApS,,,,https://www.proff.dk/firma/autosearch-aps/kongens-lyngby/arbejdskrafts-tjenester/0HDVK8I10LU,,,Du følger virksomheden,,,,,,,,,,,Arbejdskrafts tjenester,
2343,Hobro udlejning ApS,,,+4522406110,https://www.proff.dk/firma/hobro-udlejning-aps/hobro/arbejdskrafts-tjenester/0QGG25I10LU,,,Du følger virksomheden,,,,,,,,,,,Arbejdskrafts tjenester,
2344,We Do Casting ApS,,,,https://www.proff.dk/firma/we-do-casting-aps/risskov/arbejdskrafts-tjenester/0HYSR9I10LU,,,Du følger virksomheden,,,,,,,,,,,Arbejdskrafts tjenester,
2345,Nordic Greens Employment ApS,,,,https://www.proff.dk/firma/nordic-greens-employment-aps/fars%C3%B8/arbejdskrafts-tjenester/0OUE0CI10LU,,,Du følger virksomheden,,,,,,,,,,,Arbejdskrafts tjenester,
2346,UDLEJNINGS- OG ADMINISTRATIONSSELSKABET AF 18/01 2010 ApS,,,,https://www.proff.dk/firma/udlejnings-og-administrationsselskabet-af-1801-2010-aps/herning/arbejdskrafts-tjenester/0JGE0RI10LU,,,Du følger virksomheden,,,,,,,,,,,Arbejdskrafts tjenester,
2347,Aviation Total Assistance ApS,,,,https://www.proff.dk/firma/aviation-total-assistance-aps/slangerup/arbejdskrafts-tjenester/0Q3EEPI10LU,,,Du følger virksomheden,,,,,,,,,,,Arbejdskrafts tjenester,
2348,R&P Service ApS,,,+4520964646,https://www.proff.dk/firma/rp-service-aps/t%C3%B8ll%C3%B8se/arbejdskrafts-tjenester/0R4QOBI10LU,,,Du følger virksomheden,,,,,,,,,,,Arbejdskrafts tjenester,
2349,Care-crew ApS,,,,https://www.proff.dk/firma/care-crew-aps/br%C3%B8nderslev/arbejdskrafts-tjenester/0Q3JIXI10LU,,,Du følger virksomheden,,,,,,,,,,,Arbejdskrafts tjenester,
2350,ViHarVikar ApS,,,,https://www.proff.dk/firma/viharvikar-aps/hasselager/arbejdskrafts-tjenester/0QXR1HI10LU,,,Du følger virksomheden,,,,,,,,,,,Arbejdskrafts tjenester,
2351,BUP INVEST ApS,,,,https://www.proff.dk/firma/bup-invest-aps/hobro/arbejdskrafts-tjenester/0HMKWPI10LU,,,Du følger virksomheden,,,,,,,,,,,Arbejdskrafts tjenester,
2352,Nordenvind Consulting ApS,,,+4530235080,https://www.proff.dk/firma/nordenvind-consulting-aps/klovborg/arbejdskrafts-tjenester/0R5E65I10LU,,,Du følger virksomheden,,,,,,,,,,,Arbejdskrafts tjenester,
2353,Øresund Connect ApS,,,+4553573707,https://www.proff.dk/firma/%C3%B8resund-connect-aps/kastrup/arbejdskrafts-tjenester/0R5ECDI10LU,,,Du følger virksomheden,,,,,,,,,,,Arbejdskrafts tjenester,
2354,Guldsten's Multiservice ApS,,,,https://www.proff.dk/firma/guldstens-multiservice-aps/k%C3%B8benhavn-nv/arbejdskrafts-tjenester/0PQX65I10LU,,,Du følger virksomheden,,,,,,,,,,,Arbejdskrafts tjenester,
2355,PETER JONSSON HOLDING ApS,,,,https://www.proff.dk/firma/peter-jonsson-holding-aps/egernsund/arbejdskrafts-tjenester/0H332MI10LU,,,Du følger virksomheden,,,,,,,,,,,Arbejdskrafts tjenester,
2356,Effektiv ApS,,,+4542229979,https://www.proff.dk/firma/effektiv-aps/greve/arbejdskrafts-tjenester/0R4IKLI10LU,,,Du følger virksomheden,,,,,,,,,,,Arbejdskrafts tjenester,
2357,Regulus Consult ApS,,,+4552509879,https://www.proff.dk/firma/regulus-consult-aps/ringsted/arbejdskrafts-tjenester/0M7ECKI10LU,,,Du følger virksomheden,,,,,,,,,,,Arbejdskrafts tjenester,
2358,Tempora ApS,,,+4525793364,https://www.proff.dk/firma/tempora-aps/helsinge/arbejdskrafts-tjenester/0PTAARI10LU,,,Du følger virksomheden,,,,,,,,,,,Arbejdskrafts tjenester,
2359,Specialist Vanguard ApS,,,+4528576264,https://www.proff.dk/firma/specialist-vanguard-aps/billund/arbejdskrafts-tjenester/0R1L19I10LU,,,Du følger virksomheden,,,,,,,,,,,Arbejdskrafts tjenester,
2360,LYN transport ApS,,,,https://www.proff.dk/firma/lyn-transport-aps/fredericia/arbejdskrafts-tjenester/0QF1MGI10LU,,,Du følger virksomheden,,,,,,,,,,,Arbejdskrafts tjenester,
2361,Tech Teknico ApS,,,,https://www.proff.dk/firma/tech-teknico-aps/hvidovre/arbejdskrafts-tjenester/0QCI5XI10LU,,,Du følger virksomheden,,,,,,,,,,,Arbejdskrafts tjenester,
2362,Catre ApS,,,+4531512969,https://www.proff.dk/firma/catre-aps/nakskov/arbejdskrafts-tjenester/0R6OX5I10LU,,,Du følger virksomheden,,,,,,,,,,,Arbejdskrafts tjenester,
2363,Flexteam ApS,,,+4522522558,https://www.proff.dk/firma/flexteam-aps/kongens-lyngby/arbejdskrafts-tjenester/0R2FNII10LU,,,Du følger virksomheden,,,,,,,,,,,Arbejdskrafts tjenester,
2364,RSG Service ApS,,,,https://www.proff.dk/firma/rsg-service-aps/horsens/arbejdskrafts-tjenester/0ODO5NI10LU,,,Du følger virksomheden,,,,,,,,,,,Arbejdskrafts tjenester,
2365,ALEXANDER MANN SOLUTIONS ApS,,,,https://www.proff.dk/firma/alexander-mann-solutions-aps/k%C3%B8benhavn-k/arbejdskrafts-tjenester/0GQK1EI10LU,,,Du følger virksomheden,,,,,,,,,,,Arbejdskrafts tjenester,
2366,JOBCONSULTING ApS,,,,https://www.proff.dk/firma/jobconsulting-aps/ballerup/arbejdskrafts-tjenester/0GGZPRI10LU,,,Du følger virksomheden,,,,,,,,,,,Arbejdskrafts tjenester,
2367,TAPLOW EXECUTIVE SEARCH ApS,,,,https://www.proff.dk/firma/taplow-executive-search-aps/h%C3%B8rsholm/arbejdskrafts-tjenester/0H2BVHI10LU,,,Du følger virksomheden,,,,,,,,,,,Arbejdskrafts tjenester,
2368,VBH ApS,,,,https://www.proff.dk/firma/vbh-aps/store-heddinge/arbejdskrafts-tjenester/0M5PIBI10LU,,,Du følger virksomheden,,,,,,,,,,,Arbejdskrafts tjenester,
2369,LMD temp ApS,,,,https://www.proff.dk/firma/lmd-temp-aps/viborg/arbejdskrafts-tjenester/0QIYOJI10LU,,,Du følger virksomheden,,,,,,,,,,,Arbejdskrafts tjenester,
2370,SELSKABET FOR SIDEAKTIVITETER I ESEBOLIG ApS,,,,https://www.proff.dk/firma/selskabet-for-sideaktiviteter-i-esebolig-aps/esbjerg/arbejdskrafts-tjenester/0L5E1HI10LU,,,Du følger virksomheden,,,,,,,,,,,Arbejdskrafts tjenester,
2371,VikaMed ApS,,,,https://www.proff.dk/firma/vikamed-aps/varde/arbejdskrafts-tjenester/0MUDCKI10LU,,,Du følger virksomheden,,,,,,,,,,,Arbejdskrafts tjenester,
2372,Büsing Vikarbureau ApS,,,,https://www.proff.dk/firma/b%C3%BCsing-vikarbureau-aps/ry/arbejdskrafts-tjenester/0Q70D0I10LU,,,Du følger virksomheden,,,,,,,,,,,Arbejdskrafts tjenester,
2373,Dansk Kurer Partner ApS,,,,https://www.proff.dk/firma/dansk-kurer-partner-aps/slagelse/arbejdskrafts-tjenester/0QFMHSI10LU,,,Du følger virksomheden,,,,,,,,,,,Arbejdskrafts tjenester,
2374,ZA Gruppen ApS,,,,https://www.proff.dk/firma/za-gruppen-aps/n%C3%A6stved/arbejdskrafts-tjenester/0R64KVI10LU,,,Du følger virksomheden,,,,,,,,,,,Arbejdskrafts tjenester,
2375,anpartsselskabet NORD büron,,,,https://www.proff.dk/firma/anpartsselskabet-nord-b%C3%BCron/k%C3%B8benhavn-n/arbejdskrafts-tjenester/0MC1UUI10LU,,,Du følger virksomheden,,,,,,,,,,,Arbejdskrafts tjenester,
2376,Alsø Consult K/S,,,,https://www.proff.dk/firma/als%C3%B8-consult-ks/nyk%C3%B8bing-m/arbejdskrafts-tjenester/0OKAI0I10LU,,,Du følger virksomheden,,,,,,,,,,,Arbejdskrafts tjenester,
2377,MEDICOLINK CONSULTANCY ApS,,,+4526141020,https://www.proff.dk/firma/medicolink-consultancy-aps/ry/arbejdskrafts-tjenester/0J7IBYI10LU,,,Du følger virksomheden,,,,,,,,,,,Arbejdskrafts tjenester,
2378,SCANAFRIC ApS,,,,https://www.proff.dk/firma/scanafric-aps/ruds-vedby/arbejdskrafts-tjenester/0B1X6VI10LU,,,Du følger virksomheden,,,,,,,,,,,Arbejdskrafts tjenester,
2379,M. Kirk A/S,,,,https://www.proff.dk/firma/m.-kirk-as/vejle/arbejdskrafts-tjenester/GY0NZLI10LU,,,Du følger virksomheden,,,,,,,,,,,Arbejdskrafts tjenester,
2380,Profilvikaren Danmark ApS,,,,https://www.proff.dk/firma/profilvikaren-danmark-aps/r%C3%B8dovre/arbejdskrafts-tjenester/0OZGTHI10LU,,,Du følger virksomheden,,,,,,,,,,,Arbejdskrafts tjenester,
2381,ERSG Denmark ApS,,,,https://www.proff.dk/firma/ersg-denmark-aps/hellerup/arbejdskrafts-tjenester/0P564MI10LU,,,Du følger virksomheden,,,,,,,,,,,Arbejdskrafts tjenester,
2382,Take Off Capital A/S,,,,https://www.proff.dk/firma/take-off-capital-as/vejle-%C3%B8st/arbejdskrafts-tjenester/0L8LNXI10LU,,,Du følger virksomheden,,,,,,,,,,,Arbejdskrafts tjenester,
2383,CF FISK ApS,,,,https://www.proff.dk/firma/cf-fisk-aps/frederikshavn/arbejdskrafts-tjenester/0J3MP0I10LU,,,Du følger virksomheden,,,,,,,,,,,Arbejdskrafts tjenester,
2384,LGC Service ApS,,,30427500,https://www.proff.dk/firma/lgc-service-aps/kolding/arbejdskrafts-tjenester/0QF1S9I10LU,,,Du følger virksomheden,,,,,,,,,,,Arbejdskrafts tjenester,
2385,BYENS BILPLEJE.COM A/S,,,,https://www.proff.dk/firma/byens-bilpleje.com-as/fredericia/arbejdskrafts-tjenester/0HQ5BSI10LU,,,Du følger virksomheden,,,,,,,,,,,Arbejdskrafts tjenester,
2386,Field Force Denmark ApS,,,,https://www.proff.dk/firma/field-force-denmark-aps/k%C3%B8benhavn-k/arbejdskrafts-tjenester/0OPUSLI10LU,,,Du følger virksomheden,,,,,,,,,,,Arbejdskrafts tjenester,
2387,Drift Sør ApS,,,,https://www.proff.dk/firma/drift-s%C3%B8r-aps/thisted/arbejdskrafts-tjenester/0QU53CI10LU,,,Du følger virksomheden,,,,,,,,,,,Arbejdskrafts tjenester,
2388,Tech Ventures Invest ApS,,,,https://www.proff.dk/firma/tech-ventures-invest-aps/k%C3%B8benhavn-s/arbejdskrafts-tjenester/0OMS4VI10LU,,,Du følger virksomheden,,,,,,,,,,,Arbejdskrafts tjenester,
2389,Less Entreprise ApS,,,,https://www.proff.dk/firma/less-entreprise-aps/k%C3%B8benhavn-%C3%B8/arbejdskrafts-tjenester/0PZZZ2I10LU,,,Du følger virksomheden,,,,,,,,,,,Arbejdskrafts tjenester,
2390,BRUNEL DENMARK ApS,,,,https://www.proff.dk/firma/brunel-denmark-aps/k%C3%B8benhavn-k/arbejdskrafts-tjenester/0JIMTQI10LU,,,Du følger virksomheden,,,,,,,,,,,Arbejdskrafts tjenester,
2391,YouAndMeTime ApS,,,,https://www.proff.dk/firma/youandmetime-aps/helsing%C3%B8r/arbejdskrafts-tjenester/0QBTHYI10LU,,,Du følger virksomheden,,,,,,,,,,,Arbejdskrafts tjenester,
2392,SONNX ApS,,,,https://www.proff.dk/firma/sonnx-aps/horsens/arbejdskrafts-tjenester/0N7FMKI10LU,,,Du følger virksomheden,,,,,,,,,,,Arbejdskrafts tjenester,
2393,Gharwaal ApS,,,,https://www.proff.dk/firma/gharwaal-aps/odense-s%C3%B8/arbejdskrafts-tjenester/0Q2XX1I10LU,,,Du følger virksomheden,,,,,,,,,,,Arbejdskrafts tjenester,
2394,BHL-ENTREPRISE ApS,,,,https://www.proff.dk/firma/bhl-entreprise-aps/ebeltoft/arbejdskrafts-tjenester/0HRJSSI10LU,,,Du følger virksomheden,,,,,,,,,,,Arbejdskrafts tjenester,
2395,Job Solution Denmark ApS,,,,https://www.proff.dk/firma/job-solution-denmark-aps/herlev/arbejdskrafts-tjenester/0PSWYEI10LU,,,Du følger virksomheden,,,,,,,,,,,Arbejdskrafts tjenester,
2396,CONNECTPEOPLE ApS,,,+4570262627,https://www.proff.dk/firma/connectpeople-aps/k%C3%B8benhavn-k/arbejdskrafts-tjenester/0JBL59I10LU,,,Du følger virksomheden,,,,,,,,,,,Arbejdskrafts tjenester,
2397,L.G. UDLEJNING ApS,,,+4520285761,https://www.proff.dk/firma/l.g.-udlejning-aps/padborg/arbejdskrafts-tjenester/0GDYY7I10LU,,,Du følger virksomheden,,,,,,,,,,,Arbejdskrafts tjenester,
2398,HK Multi Group ApS,,,,https://www.proff.dk/firma/hk-multi-group-aps/hvidovre/arbejdskrafts-tjenester/0RAGMMI10LU,,,Du følger virksomheden,,,,,,,,,,,Arbejdskrafts tjenester,
2399,Waarde ApS,,,,https://www.proff.dk/firma/waarde-aps/k%C3%B8benhavn-k/arbejdskrafts-tjenester/0R05PBI10LU,,,Du følger virksomheden,,,,,,,,,,,Arbejdskrafts tjenester,
2400,Jeppes Byg & Vedligehold ApS,,,,https://www.proff.dk/firma/jeppes-byg-vedligehold-aps/herning/arbejdskrafts-tjenester/0R22J0I10LU,,,Du følger virksomheden,,,,,,,,,,,Arbejdskrafts tjenester,
2401,DAYA Logistik ApS,,,+4531631600,https://www.proff.dk/firma/daya-logistik-aps/horsens/arbejdskrafts-tjenester/0OMC5PI10LU,,,Du følger virksomheden,,,,,,,,,,,Arbejdskrafts tjenester,
2402,Prehn Consulting ApS,,,+4530988730,https://www.proff.dk/firma/prehn-consulting-aps/gentofte/arbejdskrafts-tjenester/0GFC5KI10LU,,,Du følger virksomheden,,,,,,,,,,,Arbejdskrafts tjenester,
2403,VAJKF Holding ApS,,,,https://www.proff.dk/firma/vajkf-holding-aps/frederiksberg/arbejdskrafts-tjenester/0MLMM0I10LU,,,Du følger virksomheden,,,,,,,,,,,Arbejdskrafts tjenester,
2404,LEJOS HOLDING ApS,,,,https://www.proff.dk/firma/lejos-holding-aps/odense-nv/arbejdskrafts-tjenester/0IQWC4I10LU,,,Du følger virksomheden,,,,,,,,,,,Arbejdskrafts tjenester,
2405,Scandic Group ApS,,,,https://www.proff.dk/firma/scandic-group-aps/frederiksberg-c/arbejdskrafts-tjenester/0KALLXI10LU,,,Du følger virksomheden,,,,,,,,,,,Arbejdskrafts tjenester,
2406,PIALLE ApS,,,,https://www.proff.dk/firma/pialle-aps/vedb%C3%A6k/arbejdskrafts-tjenester/0KPZE7I10LU,,,Du følger virksomheden,,,,,,,,,,,Arbejdskrafts tjenester,
2407,Quality Service ApS DK,,,,https://www.proff.dk/firma/quality-service-aps-dk/n%C3%A6stved/arbejdskrafts-tjenester/0QW00WI10LU,,,Du følger virksomheden,,,,,,,,,,,Arbejdskrafts tjenester,
2408,Haeger & Carlsson Executive Search and Interim ApS,,,,https://www.proff.dk/firma/haeger-carlsson-executive-search-and-interim-aps/herlev/arbejdskrafts-tjenester/0PK2ALI10LU,,,Du følger virksomheden,,,,,,,,,,,Arbejdskrafts tjenester,
2409,Martens & Partner ApS,,,,https://www.proff.dk/firma/martens-partner-aps/k%C3%B8benhavn-k/arbejdskrafts-tjenester/0Q0EOTI10LU,,,Du følger virksomheden,,,,,,,,,,,Arbejdskrafts tjenester,
2410,VIEWCARE MANAGEMENT ApS,,,+4544880030,https://www.proff.dk/firma/viewcare-management-aps/s%C3%B8borg/arbejdskrafts-tjenester/0J9BTGI10LU,,,Du følger virksomheden,,,,,,,,,,,Arbejdskrafts tjenester,
2411,ACT1 Group - Agile1 Denmark ApS,,,,https://www.proff.dk/firma/act1-group-agile1-denmark-aps/herlev/arbejdskrafts-tjenester/0PLDOHI10LU,,,Du følger virksomheden,,,,,,,,,,,Arbejdskrafts tjenester,
2412,DANISH EXECUTIVE SEARCH ApS,,,,https://www.proff.dk/firma/danish-executive-search-aps/k%C3%B8benhavn-%C3%B8/arbejdskrafts-tjenester/15V26DI10LU,,,Du følger virksomheden,,,,,,,,,,,Arbejdskrafts tjenester,
2413,Martens People ApS,,,,https://www.proff.dk/firma/martens-people-aps/drag%C3%B8r/arbejdskrafts-tjenester/0P1ID8I10LU,,,Du følger virksomheden,,,,,,,,,,,Arbejdskrafts tjenester,
2414,TOFTAGER A/S,,,,https://www.proff.dk/firma/toftager-as/lang%C3%A5/arbejdskrafts-tjenester/089VABI10LU,,,Du følger virksomheden,,,,,,,,,,,Arbejdskrafts tjenester,
2415,NIRAS IPR A/S,,,,https://www.proff.dk/firma/niras-ipr-as/aller%C3%B8d/arbejdskrafts-tjenester/0VX8UNI10LU,,,Du følger virksomheden,,,,,,,,,,,Arbejdskrafts tjenester,
2416,KOBBERSMEDEN ApS,,,+4561446034,https://www.proff.dk/firma/kobbersmeden-aps/sommersted/arbejdskrafts-tjenester/0QJTO7I10LU,,,Du følger virksomheden,,,,,,,,,,,Arbejdskrafts tjenester,
2417,CUN Smedeservice ApS,,,,https://www.proff.dk/firma/cun-smedeservice-aps/munkebo/arbejdskrafts-tjenester/0Q9LQYI10LU,,,Du følger virksomheden,,,,,,,,,,,Arbejdskrafts tjenester,
2418,Dan-Forst ApS,,,,https://www.proff.dk/firma/dan-forst-aps/broby/arbejdskrafts-tjenester/0P24EJI10LU,,,Du følger virksomheden,,,,,,,,,,,Arbejdskrafts tjenester,
2419,DUOS BPA A/S,,,+4536347900,https://www.proff.dk/firma/duos-bpa-as/valby/arbejdskrafts-tjenester/0QBKSPI10LU,,,Du følger virksomheden,,,,,,,,,,,Arbejdskrafts tjenester,
2420,MARTIN PAULSEN HOLDING ApS,,,+4597962301,https://www.proff.dk/firma/martin-paulsen-holding-aps/hanstholm/arbejdskrafts-tjenester/0G8G7AI10LU,,,Du følger virksomheden,,,,,,,,,,,Arbejdskrafts tjenester,
2421,TGN ApS,,,,https://www.proff.dk/firma/tgn-aps/br%C3%B8nsh%C3%B8j/arbejdskrafts-tjenester/0QOTXLI10LU,,,Du følger virksomheden,,,,,,,,,,,Arbejdskrafts tjenester,
2422,A & N ApS,,,,https://www.proff.dk/firma/a-n-aps/vejle/arbejdskrafts-tjenester/0NGCNLI10LU,,,Du følger virksomheden,,,,,,,,,,,Arbejdskrafts tjenester,
2423,Kristian Pedersen ApS,,,+4526229265,https://www.proff.dk/firma/kristian-pedersen-aps/stoholm-jyll/arbejdskrafts-tjenester/0O9YQYI10LU,,,Du følger virksomheden,,,,,,,,,,,Arbejdskrafts tjenester,
2424,MMG Service ApS,,,,https://www.proff.dk/firma/mmg-service-aps/l%C3%B8sning/arbejdskrafts-tjenester/0PNNWJI10LU,,,Du følger virksomheden,,,,,,,,,,,Arbejdskrafts tjenester,
2425,Packing.dk ApS,,,,https://www.proff.dk/firma/packing.dk-aps/taastrup/arbejdskrafts-tjenester/0NWN4KI10LU,,,Du følger virksomheden,,,,,,,,,,,Arbejdskrafts tjenester,
2426,MK Invest & Boligudlejning ApS,,,,https://www.proff.dk/firma/mk-invest-boligudlejning-aps/juelsminde/arbejdskrafts-tjenester/0Q32DSI10LU,,,Du følger virksomheden,,,,,,,,,,,Arbejdskrafts tjenester,
2427,Helseflex ApS,,,,https://www.proff.dk/firma/helseflex-aps/k%C3%B8benhavn-n/arbejdskrafts-tjenester/0QUYLMI10LU,,,Du følger virksomheden,,,,,,,,,,,Arbejdskrafts tjenester,
2428,EBM HOLDING 2007 A/S,,,,https://www.proff.dk/firma/ebm-holding-2007-as/kokkedal/arbejdskrafts-tjenester/0IE7DVI10LU,,,Du følger virksomheden,,,,,,,,,,,Arbejdskrafts tjenester,
2429,Black Swans Exist Copenhagen ApS,,,,https://www.proff.dk/firma/black-swans-exist-copenhagen-aps/hellerup/arbejdskrafts-tjenester/0PGCCSI10LU,,,Du følger virksomheden,,,,,,,,,,,Arbejdskrafts tjenester,
2430,Bonliva ApS,,,,https://www.proff.dk/firma/bonliva-aps/k%C3%B8benhavn-v/arbejdskrafts-tjenester/0QWSX9I10LU,,,Du følger virksomheden,,,,,,,,,,,Arbejdskrafts tjenester,
2431,BERNT HUSET ApS,,,76122210,https://www.proff.dk/firma/bernt-huset-aps/esbjerg/arbejdskrafts-tjenester/0F53XYI10LU,,,Du følger virksomheden,,,,,,,,,,,Arbejdskrafts tjenester,
2432,HENRIK JESSEN NIELSEN HOLDING ApS,,,,https://www.proff.dk/firma/henrik-jessen-nielsen-holding-aps/aabenraa/arbejdskrafts-tjenester/0JG1Q0I10LU,,,Du følger virksomheden,,,,,,,,,,,Arbejdskrafts tjenester,
2433,"Knud Fl. Larsen, Odense ApS",,,,https://www.proff.dk/firma/knud-fl.-larsen-odense-aps/odense-c/arbejdskrafts-tjenester/0MHYY9I10LU,,,Du følger virksomheden,,,,,,,,,,,Arbejdskrafts tjenester,
2434,MF JOBCONSULT ApS,,,+4547770957,https://www.proff.dk/firma/mf-jobconsult-aps/frederiksv%C3%A6rk/arbejdskrafts-tjenester/0H2FG2I10LU,,,Du følger virksomheden,,,,,,,,,,,Arbejdskrafts tjenester,
2435,Blackwel ApS,,,,https://www.proff.dk/firma/blackwel-aps/aalborg/arbejdskrafts-tjenester/0QQTVII10LU,,,Du følger virksomheden,,,,,,,,,,,Arbejdskrafts tjenester,
2436,EHRAB Danmark ApS,,,,https://www.proff.dk/firma/ehrab-danmark-aps/hellerup/arbejdskrafts-tjenester/0PV8FHI10LU,,,Du følger virksomheden,,,,,,,,,,,Arbejdskrafts tjenester,
2437,LENE SEESTED ApS,,,+4570223224,https://www.proff.dk/firma/lene-seested-aps/k%C3%B8benhavn-%C3%B8/arbejdskrafts-tjenester/0FVOG4I10LU,,,Du følger virksomheden,,,,,,,,,,,Arbejdskrafts tjenester,
2438,Dansk Jernbane Service ApS,,,,https://www.proff.dk/firma/dansk-jernbane-service-aps/gr%C3%A5sten/arbejdskrafts-tjenester/0PUY9LI10LU,,,Du følger virksomheden,,,,,,,,,,,Arbejdskrafts tjenester,
2439,KLUGE HOLDING ApS,,,+4540530000,https://www.proff.dk/firma/kluge-holding-aps/k%C3%B8benhavn-sv/arbejdskrafts-tjenester/0EYHQPI10LU,,,Du følger virksomheden,,,,,,,,,,,Arbejdskrafts tjenester,
2440,Jakobsen Holding af 2023 ApS,,,+4520298992,https://www.proff.dk/firma/jakobsen-holding-af-2023-aps/aalborg/arbejdskrafts-tjenester/0Q7BH0I10LU,,,Du følger virksomheden,,,,,,,,,,,Arbejdskrafts tjenester,
2441,Northern Service Group ApS,,,,https://www.proff.dk/firma/northern-service-group-aps/vejle/arbejdskrafts-tjenester/0R5DZSI10LU,,,Du følger virksomheden,,,,,,,,,,,Arbejdskrafts tjenester,
2442,ABC Mandskab ApS,,,,https://www.proff.dk/firma/abc-mandskab-aps/glostrup/arbejdskrafts-tjenester/0N78SPI10LU,,,Du følger virksomheden,,,,,,,,,,,Arbejdskrafts tjenester,
2443,MB Mandskabsudlejning ApS,,,,https://www.proff.dk/firma/mb-mandskabsudlejning-aps/r%C3%B8nnede/arbejdskrafts-tjenester/0P7WONI10LU,,,Du følger virksomheden,,,,,,,,,,,Arbejdskrafts tjenester,
2444,Novus Entreprise ApS,,,,https://www.proff.dk/firma/novus-entreprise-aps/herlev/arbejdskrafts-tjenester/0QQFX9I10LU,,,Du følger virksomheden,,,,,,,,,,,Arbejdskrafts tjenester,
2445,ANPARTSSELSKABET AF 31. MAJ 2000,,,,https://www.proff.dk/firma/anpartsselskabet-af-31.-maj-2000/n%C3%A6stved/arbejdskrafts-tjenester/05YZMOI10LU,,,Du følger virksomheden,,,,,,,,,,,Arbejdskrafts tjenester,
2446,The Contact Company ApS,,,,https://www.proff.dk/firma/the-contact-company-aps/aarhus-c/arbejdskrafts-tjenester/0PBIAFI10LU,,,Du følger virksomheden,,,,,,,,,,,Arbejdskrafts tjenester,
2447,Inno Pipe Solutions ApS,,,,https://www.proff.dk/firma/inno-pipe-solutions-aps/randers-nv/arbejdskrafts-tjenester/0PGO6ZI10LU,,,Du følger virksomheden,,,,,,,,,,,Arbejdskrafts tjenester,
2448,JT Worklink ApS,,,,https://www.proff.dk/firma/jt-worklink-aps/s%C3%B8borg/arbejdskrafts-tjenester/0QK7CQI10LU,,,Du følger virksomheden,,,,,,,,,,,Arbejdskrafts tjenester,
2449,Freholt Teknik ApS,,,,https://www.proff.dk/firma/freholt-teknik-aps/odder/arbejdskrafts-tjenester/0IPEIXI10LU,,,Du følger virksomheden,,,,,,,,,,,Arbejdskrafts tjenester,
2450,Waterfun.com ApS,,,,https://www.proff.dk/firma/waterfun.com-aps/k%C3%B8benhavn-sv/arbejdskrafts-tjenester/0MWC0XI10LU,,,Du følger virksomheden,,,,,,,,,,,Arbejdskrafts tjenester,
2451,Bobby VikarService ApS,,,,https://www.proff.dk/firma/bobby-vikarservice-aps/s%C3%A6by/arbejdskrafts-tjenester/0N64DTI10LU,,,Du følger virksomheden,,,,,,,,,,,Arbejdskrafts tjenester,
2452,AJ Farm Services ApS,,,,https://www.proff.dk/firma/aj-farm-services-aps/kjellerup/arbejdskrafts-tjenester/0NUK3EI10LU,,,Du følger virksomheden,,,,,,,,,,,Arbejdskrafts tjenester,
2453,Carsten Godske Lauridsen Holding ApS,,,,https://www.proff.dk/firma/carsten-godske-lauridsen-holding-aps/holsted/arbejdskrafts-tjenester/0OPCM6I10LU,,,Du følger virksomheden,,,,,,,,,,,Arbejdskrafts tjenester,
2454,Amrop 2020 ApS,,,,https://www.proff.dk/firma/amrop-2020-aps/k%C3%B8benhavn-k/arbejdskrafts-tjenester/0OZ7VAI10LU,,,Du følger virksomheden,,,,,,,,,,,Arbejdskrafts tjenester,
2455,Lubi Care ApS,,,,https://www.proff.dk/firma/lubi-care-aps/slagelse/arbejdskrafts-tjenester/0PZ2FVI10LU,,,Du følger virksomheden,,,,,,,,,,,Arbejdskrafts tjenester,
2456,ProjektAfdelingen ApS,,,,https://www.proff.dk/firma/projektafdelingen-aps/n%C3%B8rre-nebel/arbejdskrafts-tjenester/0MC3KYI10LU,,,Du følger virksomheden,,,,,,,,,,,Arbejdskrafts tjenester,
2457,FindMentor ApS,,,+4560828361,https://www.proff.dk/firma/findmentor-aps/herf%C3%B8lge/arbejdskrafts-tjenester/0O296TI10LU,,,Du følger virksomheden,,,,,,,,,,,Arbejdskrafts tjenester,
2458,Green Dreams ApS,,,,https://www.proff.dk/firma/green-dreams-aps/vordingborg/arbejdskrafts-tjenester/0QA5WCI10LU,,,Du følger virksomheden,,,,,,,,,,,Arbejdskrafts tjenester,
2459,Next Phase ApS,,,,https://www.proff.dk/firma/next-phase-aps/roskilde/arbejdskrafts-tjenester/0QRL6VI10LU,,,Du følger virksomheden,,,,,,,,,,,Arbejdskrafts tjenester,
2460,TryghedsVikaren Aps,,,,https://www.proff.dk/firma/tryghedsvikaren-aps/nakskov/arbejdskrafts-tjenester/0QVNZ8I10LU,,,Du følger virksomheden,,,,,,,,,,,Arbejdskrafts tjenester,
2461,Sento - The Human Link ApS,,,,https://www.proff.dk/firma/sento-the-human-link-aps/vamdrup/arbejdskrafts-tjenester/0R5QV2I10LU,,,Du følger virksomheden,,,,,,,,,,,Arbejdskrafts tjenester,
2462,Selskabet 300714 ApS,,,,https://www.proff.dk/firma/selskabet-300714-aps/r%C3%B8dovre/arbejdskrafts-tjenester/0LGU7ZI10LU,,,Du følger virksomheden,,,,,,,,,,,Arbejdskrafts tjenester,
2463,JHV 2024-1 ApS,,,+4550401327,https://www.proff.dk/firma/jhv-2024-1-aps/skive/arbejdskrafts-tjenester/0QVP9YI10LU,,,Du følger virksomheden,,,,,,,,,,,Arbejdskrafts tjenester,
2464,ThoKaSo Holding ApS,,,+4520887763,https://www.proff.dk/firma/thokaso-holding-aps/viby-j/arbejdskrafts-tjenester/0H2FL5I10LU,,,Du følger virksomheden,,,,,,,,,,,Arbejdskrafts tjenester,
2465,JOBFORBINDELSEN ApS,,,,https://www.proff.dk/firma/jobforbindelsen-aps/aalborg/arbejdskrafts-tjenester/0LRGDFI10LU,,,Du følger virksomheden,,,,,,,,,,,Arbejdskrafts tjenester,
2466,Euro-Workers International ApS,,,+4520105520,https://www.proff.dk/firma/euro-workers-international-aps/maribo/arbejdskrafts-tjenester/0N6APAI10LU,,,Du følger virksomheden,,,,,,,,,,,Arbejdskrafts tjenester,
2467,ND DINING ApS,,,+4528303581,https://www.proff.dk/firma/nd-dining-aps/billund/arbejdskrafts-tjenester/0O2DONI10LU,,,Du følger virksomheden,,,,,,,,,,,Arbejdskrafts tjenester,
2468,Tryghed i Fokus ApS,,,,https://www.proff.dk/firma/tryghed-i-fokus-aps/kastrup/arbejdskrafts-tjenester/0OI6LEI10LU,,,Du følger virksomheden,,,,,,,,,,,Arbejdskrafts tjenester,
2469,Collaborative Partners ApS,,,,https://www.proff.dk/firma/collaborative-partners-aps/fredericia/arbejdskrafts-tjenester/0QZAZUI10LU,,,Du følger virksomheden,,,,,,,,,,,Arbejdskrafts tjenester,
2470,MM Support ApS,,,,https://www.proff.dk/firma/mm-support-aps/kolding/arbejdskrafts-tjenester/0R11FLI10LU,,,Du følger virksomheden,,,,,,,,,,,Arbejdskrafts tjenester,
2471,Samsø Troldelys/Udlejning ApS,,,+4561358805,https://www.proff.dk/firma/sams%C3%B8-troldelysudlejning-aps/sams%C3%B8/arbejdskrafts-tjenester/0NDORJI10LU,,,Du følger virksomheden,,,,,,,,,,,Arbejdskrafts tjenester,
2472,KlarVikar ApS,,,,https://www.proff.dk/firma/klarvikar-aps/kastrup/arbejdskrafts-tjenester/0Q0JF5I10LU,,,Du følger virksomheden,,,,,,,,,,,Arbejdskrafts tjenester,
2473,Euro Industries Industriservice ApS,,,+4540732557,https://www.proff.dk/firma/euro-industries-industriservice-aps/fjerritslev/arbejdskrafts-tjenester/0I0YWHI10LU,,,Du følger virksomheden,,,,,,,,,,,Arbejdskrafts tjenester,
2474,APG HØRSHOLM ApS,,,,https://www.proff.dk/firma/apg-h%C3%B8rsholm-aps/h%C3%B8rsholm/arbejdskrafts-tjenester/0IA8N7I10LU,,,Du følger virksomheden,,,,,,,,,,,Arbejdskrafts tjenester,
2475,Power People Midtjylland ApS,,,,https://www.proff.dk/firma/power-people-midtjylland-aps/hadsten/arbejdskrafts-tjenester/0NSK9FI10LU,,,Du følger virksomheden,,,,,,,,,,,Arbejdskrafts tjenester,
2476,Danish recruitment agency ApS,,,,https://www.proff.dk/firma/danish-recruitment-agency-aps/aarhus-c/arbejdskrafts-tjenester/0PH0S7I10LU,,,Du følger virksomheden,,,,,,,,,,,Arbejdskrafts tjenester,
2477,Kvist Transport & Mandskabsudlejning ApS,,,,https://www.proff.dk/firma/kvist-transport-mandskabsudlejning-aps/bj%C3%A6verskov/arbejdskrafts-tjenester/0QKWVAI10LU,,,Du følger virksomheden,,,,,,,,,,,Arbejdskrafts tjenester,
2478,HS VIKAR ApS,,,+4550994010,https://www.proff.dk/firma/hs-vikar-aps/regstrup/arbejdskrafts-tjenester/H21WIUI10LU,,,Du følger virksomheden,,,,,,,,,,,Arbejdskrafts tjenester,
2479,Tribecca ApS,,,+4542604342,https://www.proff.dk/firma/tribecca-aps/vildbjerg/arbejdskrafts-tjenester/GLJK2CI10LU,,,Du følger virksomheden,,,,,,,,,,,Arbejdskrafts tjenester,
2480,Büsing Larsen ApS,,,,https://www.proff.dk/firma/b%C3%BCsing-larsen-aps/ry/arbejdskrafts-tjenester/0PEPE1I10LU,,,Du følger virksomheden,,,,,,,,,,,Arbejdskrafts tjenester,
2481,BO Gruppen ApS,,,+4570604353,https://www.proff.dk/firma/bo-gruppen-aps/helsinge/arbejdskrafts-tjenester/0Q8ZB5I10LU,,,Du følger virksomheden,,,,,,,,,,,Arbejdskrafts tjenester,
2482,SCANDINAVIAN CARE ApS,,,33933232,https://www.proff.dk/firma/scandinavian-care-aps/k%C3%B8benhavn-%C3%B8/arbejdskrafts-tjenester/0G0JBDI10LU,,,Du følger virksomheden,,,,,,,,,,,Arbejdskrafts tjenester,
2483,A.E.H ApS,,,,https://www.proff.dk/firma/a.e.h-aps/k%C3%B8benhavn-sv/arbejdskrafts-tjenester/0LP3QTI10LU,,,Du følger virksomheden,,,,,,,,,,,Arbejdskrafts tjenester,
2484,Unity Alliance ApS,,,,https://www.proff.dk/firma/unity-alliance-aps/k%C3%B8benhavn-k/arbejdskrafts-tjenester/0M7EXKI10LU,,,Du følger virksomheden,,,,,,,,,,,Arbejdskrafts tjenester,
2485,VANM ApS,,,,https://www.proff.dk/firma/vanm-aps/holeby/arbejdskrafts-tjenester/0NFV8UI10LU,,,Du følger virksomheden,,,,,,,,,,,Arbejdskrafts tjenester,
2486,Windmill Connect ApS,,,,https://www.proff.dk/firma/windmill-connect-aps/hvidovre/arbejdskrafts-tjenester/0ORB9YI10LU,,,Du følger virksomheden,,,,,,,,,,,Arbejdskrafts tjenester,
2487,Vikar 1000 ApS,,,,https://www.proff.dk/firma/vikar-1000-aps/n%C3%B8rresundby/arbejdskrafts-tjenester/0PA7RQI10LU,,,Du følger virksomheden,,,,,,,,,,,Arbejdskrafts tjenester,
2488,Viva-Vikar ApS,,,+4523369371,https://www.proff.dk/firma/viva-vikar-aps/vanl%C3%B8se/arbejdskrafts-tjenester/0QELEJI10LU,,,Du følger virksomheden,,,,,,,,,,,Arbejdskrafts tjenester,
2489,B.D Konsulent ApS,,,+4550365819,https://www.proff.dk/firma/b.d-konsulent-aps/karise/arbejdskrafts-tjenester/0QNUN0I10LU,,,Du følger virksomheden,,,,,,,,,,,Arbejdskrafts tjenester,
2490,JHV 2024-2 ApS,,,+4550401327,https://www.proff.dk/firma/jhv-2024-2-aps/skive/arbejdskrafts-tjenester/0QVP9QI10LU,,,Du følger virksomheden,,,,,,,,,,,Arbejdskrafts tjenester,
2491,JPS-Sjælland ApS,,,+4540742484,https://www.proff.dk/firma/jps-sj%C3%A6lland-aps/struer/arbejdskrafts-tjenester/0R1YV6I10LU,,,Du følger virksomheden,,,,,,,,,,,Arbejdskrafts tjenester,
2492,Krown Konstruction ApS,,,,https://www.proff.dk/firma/krown-konstruction-aps/stenl%C3%B8se/arbejdskrafts-tjenester/0R5MXNI10LU,,,Du følger virksomheden,,,,,,,,,,,Arbejdskrafts tjenester,
2493,Team2Manage ApS,,,+4561354641,https://www.proff.dk/firma/team2manage-aps/horsens/arbejdskrafts-tjenester/0NF3GCI10LU,,,Du følger virksomheden,,,,,,,,,,,Arbejdskrafts tjenester,
2494,DanCare Vikarbureau ApS,,,+4526943520,https://www.proff.dk/firma/dancare-vikarbureau-aps/maribo/arbejdskrafts-tjenester/0Q0PWBI10LU,,,Du følger virksomheden,,,,,,,,,,,Arbejdskrafts tjenester,
2495,Sylvestar ApS,,,,https://www.proff.dk/firma/sylvestar-aps/n%C3%B8rresundby/arbejdskrafts-tjenester/0Q1PJHI10LU,,,Du følger virksomheden,,,,,,,,,,,Arbejdskrafts tjenester,
2496,VN Staff ApS,,,,https://www.proff.dk/firma/vn-staff-aps/sydals/arbejdskrafts-tjenester/0QPWLUI10LU,,,Du følger virksomheden,,,,,,,,,,,Arbejdskrafts tjenester,
2497,L&M Gruppen ApS,,,,https://www.proff.dk/firma/lm-gruppen-aps/ballerup/arbejdskrafts-tjenester/0R13FBI10LU,,,Du følger virksomheden,,,,,,,,,,,Arbejdskrafts tjenester,
2498,QS CONSULTING ApS,,,53640511,https://www.proff.dk/firma/qs-consulting-aps/glostrup/arbejdskrafts-tjenester/0JFWMRI10LU,,,Du følger virksomheden,,,,,,,,,,,Arbejdskrafts tjenester,
2499,Arbejdstøj & Co ApS,,,,https://www.proff.dk/firma/arbejdst%C3%B8j-co-aps/r%C3%B8dovre/arbejdskrafts-tjenester/0MJV38I10LU,,,Du følger virksomheden,,,,,,,,,,,Arbejdskrafts tjenester,
2500,DK Overfladebehandling & Mandskabsudlejning ApS,,,,https://www.proff.dk/firma/dk-overfladebehandling-mandskabsudlejning-aps/ribe/arbejdskrafts-tjenester/0P0C4QI10LU,,,Du følger virksomheden,,,,,,,,,,,Arbejdskrafts tjenester,
2501,HR REKRUTTERING ApS,,,,https://www.proff.dk/firma/hr-rekruttering-aps/kolding/arbejdskrafts-tjenester/0QBDGMI10LU,,,Du følger virksomheden,,,,,,,,,,,Arbejdskrafts tjenester,
2502,LO Performance ApS,,,,https://www.proff.dk/firma/lo-performance-aps/m%C3%B8rke/arbejdskrafts-tjenester/0QDWZ0I10LU,,,Du følger virksomheden,,,,,,,,,,,Arbejdskrafts tjenester,
2503,KVI ApS,,,+4526292242,https://www.proff.dk/firma/kvi-aps/br%C3%B8nderslev/arbejdskrafts-tjenester/0I5Q7AI10LU,,,Du følger virksomheden,,,,,,,,,,,Arbejdskrafts tjenester,
2504,Brobs Consult ApS,,,,https://www.proff.dk/firma/brobs-consult-aps/taastrup/arbejdskrafts-tjenester/0NW6XBI10LU,,,Du følger virksomheden,,,,,,,,,,,Arbejdskrafts tjenester,
2505,Manora Vikar ApS,,,,https://www.proff.dk/firma/manora-vikar-aps/k%C3%B8benhavn-%C3%B8/arbejdskrafts-tjenester/0OXB4AI10LU,,,Du følger virksomheden,,,,,,,,,,,Arbejdskrafts tjenester,
2506,C4R Service ApS,,,,https://www.proff.dk/firma/c4r-service-aps/solr%C3%B8d-strand/arbejdskrafts-tjenester/0Q5GHCI10LU,,,Du følger virksomheden,,,,,,,,,,,Arbejdskrafts tjenester,
2507,Werner Event Group ApS,,,,https://www.proff.dk/firma/werner-event-group-aps/holb%C3%A6k/arbejdskrafts-tjenester/0MLSITI10LU,,,Du følger virksomheden,,,,,,,,,,,Arbejdskrafts tjenester,
2508,ByPro ApS,,,,https://www.proff.dk/firma/bypro-aps/bramming/arbejdskrafts-tjenester/0ORHGHI10LU,,,Du følger virksomheden,,,,,,,,,,,Arbejdskrafts tjenester,
2509,Lang arms holding ApS,,,,https://www.proff.dk/firma/lang-arms-holding-aps/ejstrupholm/arbejdskrafts-tjenester/0Q7Y9YI10LU,,,Du følger virksomheden,,,,,,,,,,,Arbejdskrafts tjenester,
2510,MLN Service ApS,,,,https://www.proff.dk/firma/mln-service-aps/k%C3%B8benhavn-v/arbejdskrafts-tjenester/0NR2RNI10LU,,,Du følger virksomheden,,,,,,,,,,,Arbejdskrafts tjenester,
2511,Orgaard ApS,,,,https://www.proff.dk/firma/orgaard-aps/rungsted-kyst/arbejdskrafts-tjenester/0NZDRJI10LU,,,Du følger virksomheden,,,,,,,,,,,Arbejdskrafts tjenester,
2512,JMK Group ApS,,,,https://www.proff.dk/firma/jmk-group-aps/r%C3%B8dovre/arbejdskrafts-tjenester/0PYWPPI10LU,,,Du følger virksomheden,,,,,,,,,,,Arbejdskrafts tjenester,
2513,DHT Manpower Service ApS,,,,https://www.proff.dk/firma/dht-manpower-service-aps/kolding/arbejdskrafts-tjenester/0QE94II10LU,,,Du følger virksomheden,,,,,,,,,,,Arbejdskrafts tjenester,
2514,NYHUUS VENTILATION OG SMEDEFIRMA V/JOHNNY NYHUUS,,,+4558290000,https://www.proff.dk/firma/nyhuus-ventilation-og-smedefirma-vjohnny-nyhuus/slagelse/arbejdskrafts-tjenester/07CIAZI10LU,,,Du følger virksomheden,,,,,,,,,,,Arbejdskrafts tjenester,
2515,Din Sundhedsfaglige A-kasse,,,,https://www.proff.dk/firma/din-sundhedsfaglige-a-kasse/k%C3%B8benhavn-k/arbejdskrafts-tjenester/07P2WVI10LU,,,Du følger virksomheden,,,,,,,,,,,Arbejdskrafts tjenester,
2516,ERIKSEN V/EVALD ERIKSEN,,,+4586188708,https://www.proff.dk/firma/eriksen-vevald-eriksen/k%C3%B8benhavn-k/arbejdskrafts-tjenester/0BFC4QI10LU,,,Du følger virksomheden,,,,,,,,,,,Arbejdskrafts tjenester,
2517,Jobcenter Assens,,,+4564747474,https://www.proff.dk/firma/jobcenter-assens/assens/arbejdskrafts-tjenester/GR2VPLI10LU,,,Du følger virksomheden,,,,,,,,,,,Arbejdskrafts tjenester,
2518,"Inspration, Spinderiet",,,39633961,https://www.proff.dk/firma/inspration-spinderiet/valby/arbejdskrafts-tjenester/GR5IN8I10LU,,,Du følger virksomheden,,,,,,,,,,,Arbejdskrafts tjenester,
2519,RAINER.DK S.M.B.A,,,+4522304258,https://www.proff.dk/firma/rainer.dk-s.m.b.a/odense-c/arbejdskrafts-tjenester/0J7G91I10LU,,,Du følger virksomheden,,,,,,,,,,,Arbejdskrafts tjenester,
2520,Proff-Service,,,,https://www.proff.dk/firma/proff-service/vodskov/arbejdskrafts-tjenester/062NW9I10LU,,,Du følger virksomheden,,,,,,,,,,,Arbejdskrafts tjenester,
2521,Solkiosken,,,,https://www.proff.dk/firma/solkiosken/hvidovre/arbejdskrafts-tjenester/0PAKUMI10LU,,,Du følger virksomheden,,,,,,,,,,,Arbejdskrafts tjenester,
2522,IsolatørVikaren ApS,,,+4520406437,https://www.proff.dk/firma/isolat%C3%B8rvikaren-aps/slagelse/arbejdskrafts-tjenester/0R0DSTI10LU,,,Du følger virksomheden,,,,,,,,,,,Arbejdskrafts tjenester,
2523,BCC Holding ApS,,,+4553651879,https://www.proff.dk/firma/bcc-holding-aps/br%C3%B8ndby/arbejdskrafts-tjenester/0R6QXLI10LU,,,Du følger virksomheden,,,,,,,,,,,Arbejdskrafts tjenester,
2524,ReachCare ApS,,,+4560202006,https://www.proff.dk/firma/reachcare-aps/h%C3%B8jbjerg/arbejdskrafts-tjenester/0R7QO1I10LU,,,Du følger virksomheden,,,,,,,,,,,Arbejdskrafts tjenester,
2525,Jemini ApS,,,+4549407457,https://www.proff.dk/firma/jemini-aps/h%C3%B8rsholm/arbejdskrafts-tjenester/0RD1DQI10LU,,,Du følger virksomheden,,,,,,,,,,,Arbejdskrafts tjenester,
2526,Aktieselskabet af 15.1.2026,,,,https://www.proff.dk/firma/aktieselskabet-af-15.1.2026/aarhus-c/arbejdskrafts-tjenester/0RINLHI10LU,,,Du følger virksomheden,,,,,,,,,,,Arbejdskrafts tjenester,
2527,Dansk Jobpartner ApS,,,+4540801029,https://www.proff.dk/firma/dansk-jobpartner-aps/mariager/arbejdskrafts-tjenester/0RNM4GI10LU,,,Du følger virksomheden,,,,,,,,,,,Arbejdskrafts tjenester,
2528,RCC Agro Dk Srl,,,,https://www.proff.dk/firma/rcc-agro-dk-srl/aarhus-v/arbejdskrafts-tjenester/063HCUI10LU,,,Du følger virksomheden,,,,,,,,,,,Arbejdskrafts tjenester,
2529,Asphalt Apotheosis-Unipessoal LDA,,,,https://www.proff.dk/firma/asphalt-apotheosis-unipessoal-lda/hvidovre/arbejdskrafts-tjenester/063L50I10LU,,,Du følger virksomheden,,,,,,,,,,,Arbejdskrafts tjenester,
2530,Complete International Projects Limited,,,,https://www.proff.dk/firma/complete-international-projects-limited/albertslund/arbejdskrafts-tjenester/063L6TI10LU,,,Du følger virksomheden,,,,,,,,,,,Arbejdskrafts tjenester,
2531,Phase MEP Limited,,,,https://www.proff.dk/firma/phase-mep-limited/herlev/arbejdskrafts-tjenester/063QZ8I10LU,,,Du følger virksomheden,,,,,,,,,,,Arbejdskrafts tjenester,
2532,KLAUS JOHANNES FIND,,,+4562252339,https://www.proff.dk/firma/klaus-johannes-find/gudbjerg-sydfyn/arbejdskrafts-tjenester/070BS3I10LU,,,Du følger virksomheden,,,,,,,,,,,Arbejdskrafts tjenester,
2533,SEKRETÆRSERVICE V/AASE HOECK,,,+4586177498,https://www.proff.dk/firma/sekret%C3%A6rservice-vaase-hoeck/risskov/arbejdskrafts-tjenester/08QEFFI10LU,,,Du følger virksomheden,,,,,,,,,,,Arbejdskrafts tjenester,
2534,SIMON THISGÅRD ANDERSEN,,,+4597884138,https://www.proff.dk/firma/simon-thisg%C3%A5rd-andersen/vemb/arbejdskrafts-tjenester/08WLW2I10LU,,,Du følger virksomheden,,,,,,,,,,,Arbejdskrafts tjenester,
2535,TOM RASMUSSEN,,,+4559507585,https://www.proff.dk/firma/tom-rasmussen/kalundborg/arbejdskrafts-tjenester/09AGOVI10LU,,,Du følger virksomheden,,,,,,,,,,,Arbejdskrafts tjenester,
2536,CounsL v/Sys Vecht,,,,https://www.proff.dk/firma/counsl-vsys-vecht/holte/arbejdskrafts-tjenester/0A0H2BI10LU,,,Du følger virksomheden,,,,,,,,,,,Arbejdskrafts tjenester,
2537,LANDMAND JENS OLE NØRSKOV,,,,https://www.proff.dk/firma/landmand-jens-ole-n%C3%B8rskov/m%C3%B8ldrup/arbejdskrafts-tjenester/0A884MI10LU,,,Du følger virksomheden,,,,,,,,,,,Arbejdskrafts tjenester,
2538,Henning Bruun Gryager,,,74855800,https://www.proff.dk/firma/henning-bruun-gryager/lintrup/arbejdskrafts-tjenester/0AFA98I10LU,,,Du følger virksomheden,,,,,,,,,,,Arbejdskrafts tjenester,
2539,VÆRKSTEDET V/JOHNNY JENSEN,,,+4520226037,https://www.proff.dk/firma/v%C3%A6rkstedet-vjohnny-jensen/n%C3%B8rre-alslev/arbejdskrafts-tjenester/0AJEKLI10LU,,,Du følger virksomheden,,,,,,,,,,,Arbejdskrafts tjenester,
2540,Bøgestrømsgården v/ Lars Greisgård,,,,https://www.proff.dk/firma/b%C3%B8gestr%C3%B8msg%C3%A5rden-v-lars-greisg%C3%A5rd/mern/arbejdskrafts-tjenester/0ASAQOI10LU,,,Du følger virksomheden,,,,,,,,,,,Arbejdskrafts tjenester,
2541,OPU-Sekretariatet College360 S/I,,,+4587222090,https://www.proff.dk/firma/opu-sekretariatet-college360-si/silkeborg/arbejdskrafts-tjenester/0AT8QDI10LU,,,Du følger virksomheden,,,,,,,,,,,Arbejdskrafts tjenester,
2542,Alu.Tek. v/Lars H. Jørgensen,,,+4540419149,https://www.proff.dk/firma/alu.tek.-vlars-h.-j%C3%B8rgensen/gr%C3%A5sten/arbejdskrafts-tjenester/0BTRUTI10LU,,,Du følger virksomheden,,,,,,,,,,,Arbejdskrafts tjenester,
2543,B.O.Transport v/Bosko Obradovic v/Bosko Obradovic,,,+4538197481,https://www.proff.dk/firma/b.o.transport-vbosko-obradovic-vbosko-obradovic/ballerup/arbejdskrafts-tjenester/0D3AI4I10LU,,,Du følger virksomheden,,,,,,,,,,,Arbejdskrafts tjenester,
2544,Håndværksarbejde Jes Krogh,,,+4576580535,https://www.proff.dk/firma/h%C3%A5ndv%C3%A6rksarbejde-jes-krogh/br%C3%A6dstrup/arbejdskrafts-tjenester/0EYAMII10LU,,,Du følger virksomheden,,,,,,,,,,,Arbejdskrafts tjenester,
2545,Grønnevirke,,,,https://www.proff.dk/firma/gr%C3%B8nnevirke/hundested/arbejdskrafts-tjenester/0EYMSGI10LU,,,Du følger virksomheden,,,,,,,,,,,Arbejdskrafts tjenester,
2546,Håndværkeren Claus Winther,,,,https://www.proff.dk/firma/h%C3%A5ndv%C3%A6rkeren-claus-winther/h%C3%B8rve/arbejdskrafts-tjenester/0F04T2I10LU,,,Du følger virksomheden,,,,,,,,,,,Arbejdskrafts tjenester,
2547,Loca Connexion I/S,,,,https://www.proff.dk/firma/loca-connexion-is/vejle-%C3%B8st/arbejdskrafts-tjenester/0F80NUI10LU,,,Du følger virksomheden,,,,,,,,,,,Arbejdskrafts tjenester,
2548,Henriksen HR,,,+4531478001,https://www.proff.dk/firma/henriksen-hr/odder/arbejdskrafts-tjenester/0FEHV9I10LU,,,Du følger virksomheden,,,,,,,,,,,Arbejdskrafts tjenester,
2549,Enemark Montage v/Niels H Enemark,,,+4561169450,https://www.proff.dk/firma/enemark-montage-vniels-h-enemark/vejen/arbejdskrafts-tjenester/0FGAM3I10LU,,,Du følger virksomheden,,,,,,,,,,,Arbejdskrafts tjenester,
2550,Eichler & Friends,,,+4530430104,https://www.proff.dk/firma/eichler-friends/vejle-%C3%B8st/arbejdskrafts-tjenester/0FJ55KI10LU,,,Du følger virksomheden,,,,,,,,,,,Arbejdskrafts tjenester,
2551,Anni Lukassen,,,,https://www.proff.dk/firma/anni-lukassen/thisted/arbejdskrafts-tjenester/0FMG14I10LU,,,Du følger virksomheden,,,,,,,,,,,Arbejdskrafts tjenester,
2552,Baltzer´s Udlejning,,,,https://www.proff.dk/firma/baltzer%C2%B4s-udlejning/thisted/arbejdskrafts-tjenester/0FMZSWI10LU,,,Du følger virksomheden,,,,,,,,,,,Arbejdskrafts tjenester,
2553,Jannies Vikarservice,,,,https://www.proff.dk/firma/jannies-vikarservice/birker%C3%B8d/arbejdskrafts-tjenester/0FO4VTI10LU,,,Du følger virksomheden,,,,,,,,,,,Arbejdskrafts tjenester,
2554,AnalytixHire,,,+4523628280,https://www.proff.dk/firma/analytixhire/kongens-lyngby/arbejdskrafts-tjenester/0FXREYI10LU,,,Du følger virksomheden,,,,,,,,,,,Arbejdskrafts tjenester,
2555,Konsulent Bjørn L. Pedersen,,,+4532535299,https://www.proff.dk/firma/konsulent-bj%C3%B8rn-l.-pedersen/drag%C3%B8r/arbejdskrafts-tjenester/0G8E33I10LU,,,Du følger virksomheden,,,,,,,,,,,Arbejdskrafts tjenester,
2556,LETHAN HOLDING ApS,,,,https://www.proff.dk/firma/lethan-holding-aps/roskilde/arbejdskrafts-tjenester/0G8GZPI10LU,,,Du følger virksomheden,,,,,,,,,,,Arbejdskrafts tjenester,
2557,Betina Brøchner,,,,https://www.proff.dk/firma/betina-br%C3%B8chner/sunds/arbejdskrafts-tjenester/0GGT2OI10LU,,,Du følger virksomheden,,,,,,,,,,,Arbejdskrafts tjenester,
2558,Jensby Vikar V/ Per Jensby,,,,https://www.proff.dk/firma/jensby-vikar-v-per-jensby/thisted/arbejdskrafts-tjenester/0GJJJYI10LU,,,Du følger virksomheden,,,,,,,,,,,Arbejdskrafts tjenester,
2559,Industrimontage v/Jens Øland,,,,https://www.proff.dk/firma/industrimontage-vjens-%C3%B8land/blokhus/arbejdskrafts-tjenester/0GKI5HI10LU,,,Du følger virksomheden,,,,,,,,,,,Arbejdskrafts tjenester,
2560,Krejberg,,,,https://www.proff.dk/firma/krejberg/storvorde/arbejdskrafts-tjenester/0GLCD9I10LU,,,Du følger virksomheden,,,,,,,,,,,Arbejdskrafts tjenester,
2561,En Search v/Else Nørgaard,,,,https://www.proff.dk/firma/en-search-velse-n%C3%B8rgaard/gentofte/arbejdskrafts-tjenester/0GOEKPI10LU,,,Du følger virksomheden,,,,,,,,,,,Arbejdskrafts tjenester,
2562,Arbejdsmarkedscenter Østmarken v/ Gladsaxe og Herlev Kommuner og AF-Storkøbenhavn,,,,https://www.proff.dk/firma/arbejdsmarkedscenter-%C3%B8stmarken-v-gladsaxe-og-herlev-kommuner-og-af-stork%C3%B8benhavn/s%C3%B8borg/arbejdskrafts-tjenester/0GS103I10LU,,,Du følger virksomheden,,,,,,,,,,,Arbejdskrafts tjenester,
2563,Firma Ib Nielsen,,,86642079,https://www.proff.dk/firma/firma-ib-nielsen/l%C3%B8gstrup/arbejdskrafts-tjenester/0GT53HI10LU,,,Du følger virksomheden,,,,,,,,,,,Arbejdskrafts tjenester,
2564,Firma Knud Leif Nielsen,,,,https://www.proff.dk/firma/firma-knud-leif-nielsen/l%C3%B8gstrup/arbejdskrafts-tjenester/0GT54BI10LU,,,Du følger virksomheden,,,,,,,,,,,Arbejdskrafts tjenester,
2565,Alex Lindstrøm Vikarservice,,,,https://www.proff.dk/firma/alex-lindstr%C3%B8m-vikarservice/fjerritslev/arbejdskrafts-tjenester/0GTNYHI10LU,,,Du følger virksomheden,,,,,,,,,,,Arbejdskrafts tjenester,
2566,Dueholm v/Martin Nørgård Rasmussen,,,,https://www.proff.dk/firma/dueholm-vmartin-n%C3%B8rg%C3%A5rd-rasmussen/skive/arbejdskrafts-tjenester/0GWZ1UI10LU,,,Du følger virksomheden,,,,,,,,,,,Arbejdskrafts tjenester,
2567,L.N Vikar og Maskinservice v/Lars Nielsen,,,,https://www.proff.dk/firma/l.n-vikar-og-maskinservice-vlars-nielsen/aabybro/arbejdskrafts-tjenester/0GXPYVI10LU,,,Du følger virksomheden,,,,,,,,,,,Arbejdskrafts tjenester,
2568,CASTONE ApS,,,,https://www.proff.dk/firma/castone-aps/charlottenlund/arbejdskrafts-tjenester/0GYXFMI10LU,,,Du følger virksomheden,,,,,,,,,,,Arbejdskrafts tjenester,
2569,Siesta Odense v/Simon Jørgensen,,,+4531127447,https://www.proff.dk/firma/siesta-odense-vsimon-j%C3%B8rgensen/blommenslyst/arbejdskrafts-tjenester/0H0HBCI10LU,,,Du følger virksomheden,,,,,,,,,,,Arbejdskrafts tjenester,
2570,Search Partner v/Helle Lyhning,,,,https://www.proff.dk/firma/search-partner-vhelle-lyhning/kgs.-lyngby/arbejdskrafts-tjenester/0HA08HI10LU,,,Du følger virksomheden,,,,,,,,,,,Arbejdskrafts tjenester,
2571,MATCHMIND I/S,,,+4566120122,https://www.proff.dk/firma/matchmind-is/odense-c/arbejdskrafts-tjenester/0HD6ACI10LU,,,Erhvervsstyrelsens signatur,,,,,,,,,,,Arbejdskrafts tjenester,
2572,K.J. Service v/ Kim Jørn Jensen,,,+4598215582,https://www.proff.dk/firma/k.j.-service-v-kim-j%C3%B8rn-jensen/fjerritslev/arbejdskrafts-tjenester/0HGMAEI10LU,,,Du følger virksomheden,,,,,,,,,,,Arbejdskrafts tjenester,
2573,Nøhr Vikarservice v/ Jesper Nøhr,,,+4520773878,https://www.proff.dk/firma/n%C3%B8hr-vikarservice-v-jesper-n%C3%B8hr/viborg/arbejdskrafts-tjenester/0HJLHHI10LU,,,Du følger virksomheden,,,,,,,,,,,Arbejdskrafts tjenester,
2574,PACT & PARTNERS INTERNATIONAL ApS,,,39166166,https://www.proff.dk/firma/pact-partners-international-aps/k%C3%B8benhavn-v/arbejdskrafts-tjenester/0HKJH1I10LU,,,Du følger virksomheden,,,,,,,,,,,Arbejdskrafts tjenester,
2575,4selection v/Peter Knud Christensen,,,+4527582685,https://www.proff.dk/firma/4selection-vpeter-knud-christensen/k%C3%B8benhavn-%C3%B8/arbejdskrafts-tjenester/0HPGHJI10LU,,,Du følger virksomheden,,,,,,,,,,,Arbejdskrafts tjenester,
2576,Flemming Lund Kristensen,,,+4586942806,https://www.proff.dk/firma/flemming-lund-kristensen/harlev-j/arbejdskrafts-tjenester/0HUQTSI10LU,,,Du følger virksomheden,,,,,,,,,,,Arbejdskrafts tjenester,
2577,Sørens Vikarbureau v/Søren Ingemann Christensen,,,+4528129400,https://www.proff.dk/firma/s%C3%B8rens-vikarbureau-vs%C3%B8ren-ingemann-christensen/herning/arbejdskrafts-tjenester/0HUX1YI10LU,,,Du følger virksomheden,,,,,,,,,,,Arbejdskrafts tjenester,
2578,J.W.K. v/Jens Willemoes Knudsen,,,+4530594430,https://www.proff.dk/firma/j.w.k.-vjens-willemoes-knudsen/randers-nv/arbejdskrafts-tjenester/0HW0AUI10LU,,,Du følger virksomheden,,,,,,,,,,,Arbejdskrafts tjenester,
2579,Termansen VikarBureau v/Jesper Termansen,,,+4575572660,https://www.proff.dk/firma/termansen-vikarbureau-vjesper-termansen/bjert/arbejdskrafts-tjenester/0HZIX0I10LU,,,Du følger virksomheden,,,,,,,,,,,Arbejdskrafts tjenester,
2580,Ålsø Service v/Kenneth Greve Helweg,,,+4586392725,https://www.proff.dk/firma/%C3%A5ls%C3%B8-service-vkenneth-greve-helweg/grenaa/arbejdskrafts-tjenester/0I0E9FI10LU,,,Du følger virksomheden,,,,,,,,,,,Arbejdskrafts tjenester,
2581,Beonor,,,+4554855137,https://www.proff.dk/firma/beonor/nyk%C3%B8bing-f/arbejdskrafts-tjenester/0I2YYGI10LU,,,Du følger virksomheden,,,,,,,,,,,Arbejdskrafts tjenester,
2582,TSM,,,,https://www.proff.dk/firma/tsm/lang%C3%A5/arbejdskrafts-tjenester/0I5C7AI10LU,,,Du følger virksomheden,,,,,,,,,,,Arbejdskrafts tjenester,
2583,"ALUMNI, FILIAL AF ALUMNI AB, SVERIGE",,,,https://www.proff.dk/firma/alumni-filial-af-alumni-ab-sverige/k%C3%B8benhavn-%C3%B8/arbejdskrafts-tjenester/0IIAD5I10LU,,,Du følger virksomheden,,,,,,,,,,,Arbejdskrafts tjenester,
2584,Special Pædagogisk Konsulent,,,+4560603949,https://www.proff.dk/firma/special-p%C3%A6dagogisk-konsulent/roskilde/arbejdskrafts-tjenester/0IL8CVI10LU,,,Du følger virksomheden,,,,,,,,,,,Arbejdskrafts tjenester,
2585,Krüger Search,,,,https://www.proff.dk/firma/kr%C3%BCger-search/hellerup/arbejdskrafts-tjenester/0J251YI10LU,,,Du følger virksomheden,,,,,,,,,,,Arbejdskrafts tjenester,
2586,SELECTIA ApS,,,,https://www.proff.dk/firma/selectia-aps/aalborg/arbejdskrafts-tjenester/0J9GBMI10LU,,,Du følger virksomheden,,,,,,,,,,,Arbejdskrafts tjenester,
2587,Morten Blichfeld,,,,https://www.proff.dk/firma/morten-blichfeld/frederikshavn/arbejdskrafts-tjenester/0JGFWBI10LU,,,Du følger virksomheden,,,,,,,,,,,Arbejdskrafts tjenester,
2588,JobTeam Vejle/Horsens,,,+4555667344,https://www.proff.dk/firma/jobteam-vejlehorsens/vejle/arbejdskrafts-tjenester/0JITEVI10LU,,,Du følger virksomheden,,,,,,,,,,,Arbejdskrafts tjenester,
2589,Hans Jacob Thaysen,,,+4574651776,https://www.proff.dk/firma/hans-jacob-thaysen/gr%C3%A5sten/arbejdskrafts-tjenester/0JPQLNI10LU,,,Du følger virksomheden,,,,,,,,,,,Arbejdskrafts tjenester,
2590,Mercuri Urval AB,,,,https://www.proff.dk/firma/mercuri-urval-ab/hellerup/arbejdskrafts-tjenester/0K6QOUI10LU,,,Du følger virksomheden,,,,,,,,,,,Arbejdskrafts tjenester,
2591,IA GROUP,,,,https://www.proff.dk/firma/ia-group/vallensb%C3%A6k/arbejdskrafts-tjenester/0KEL2GI10LU,,,Du følger virksomheden,,,,,,,,,,,Arbejdskrafts tjenester,
2592,Workforce Int Contractors Ltd,,,+4533110220,https://www.proff.dk/firma/workforce-int-contractors-ltd/k%C3%B8benhavn-%C3%B8/arbejdskrafts-tjenester/0KN0TEI10LU,,,Du følger virksomheden,,,,,,,,,,,Arbejdskrafts tjenester,
2593,"I.C.D.S. CONSTRUCTORS DANMARK, FILIAL AF I.C.D.S. CONSTRUCTORS LTD., IRLAND",,,,https://www.proff.dk/firma/i.c.d.s.-constructors-danmark-filial-af-i.c.d.s.-constructors-ltd.-irland/s%C3%B8borg/arbejdskrafts-tjenester/0L8CVVI10LU,,,Du følger virksomheden,,,,,,,,,,,Arbejdskrafts tjenester,
2594,Nem-Rådgiver,,,,https://www.proff.dk/firma/nem-r%C3%A5dgiver/stokkemarke/arbejdskrafts-tjenester/0LEW7QI10LU,,,Du følger virksomheden,,,,,,,,,,,Arbejdskrafts tjenester,
2595,Interocean Personnel Services B.V.,,,+4531693169,https://www.proff.dk/firma/interocean-personnel-services-b.v./hiller%C3%B8d/arbejdskrafts-tjenester/0M1BH4I10LU,,,Du følger virksomheden,,,,,,,,,,,Arbejdskrafts tjenester,
2596,City Football Services Limited,,,,https://www.proff.dk/firma/city-football-services-limited/k%C3%B8benhavn-%C3%B8/arbejdskrafts-tjenester/0MGMCOI10LU,,,Du følger virksomheden,,,,,,,,,,,Arbejdskrafts tjenester,
2597,AI·2 Consulting Group ApS,,,,https://www.proff.dk/firma/ai%C2%B72-consulting-group-aps/h%C3%B8rsholm/arbejdskrafts-tjenester/0MKO09I10LU,,,Du følger virksomheden,,,,,,,,,,,Arbejdskrafts tjenester,
2598,Kefa Service ApS,,,,https://www.proff.dk/firma/kefa-service-aps/nex%C3%B8/arbejdskrafts-tjenester/0MS75XI10LU,,,Du følger virksomheden,,,,,,,,,,,Arbejdskrafts tjenester,
2599,"AM Invest, Viborg ApS",,,,https://www.proff.dk/firma/am-invest-viborg-aps/viborg/arbejdskrafts-tjenester/0N9OTSI10LU,,,Du følger virksomheden,,,,,,,,,,,Arbejdskrafts tjenester,
2600,G&S Udvikling ApS,,,,https://www.proff.dk/firma/gs-udvikling-aps/svendborg/arbejdskrafts-tjenester/0NAWS1I10LU,,,Du følger virksomheden,,,,,,,,,,,Arbejdskrafts tjenester,
2601,Luban IVS,,,,https://www.proff.dk/firma/luban-ivs/herning/arbejdskrafts-tjenester/0NOGD8I10LU,,,Du følger virksomheden,,,,,,,,,,,Arbejdskrafts tjenester,
2602,Right Worker ApS,,,+4531842297,https://www.proff.dk/firma/right-worker-aps/k%C3%B8benhavn-k/arbejdskrafts-tjenester/0NUUQGI10LU,,,Du følger virksomheden,,,,,,,,,,,Arbejdskrafts tjenester,
2603,DKmatch,,,+4588888888,https://www.proff.dk/firma/dkmatch/slagelse/arbejdskrafts-tjenester/0O3EINI10LU,,,Du følger virksomheden,,,,,,,,,,,Arbejdskrafts tjenester,
2604,"MDE Consultants, filial af MDE Consultants LTD, United Kingdom",,,,https://www.proff.dk/firma/mde-consultants-filial-af-mde-consultants-ltd-united-kingdom/herlev/arbejdskrafts-tjenester/0OAFB1I10LU,,,Du følger virksomheden,,,,,,,,,,,Arbejdskrafts tjenester,
2605,Omhu,,,,https://www.proff.dk/firma/omhu/k%C3%B8benhavn-%C3%B8/arbejdskrafts-tjenester/0OCMHOI10LU,,,Du følger virksomheden,,,,,,,,,,,Arbejdskrafts tjenester,
2606,"MD Work Service, filial af MD Work Service Spolka z o.o., Polen",,,,https://www.proff.dk/firma/md-work-service-filial-af-md-work-service-spolka-z-o.o.-polen/hj%C3%B8rring/arbejdskrafts-tjenester/0ODU31I10LU,,,Du følger virksomheden,,,,,,,,,,,Arbejdskrafts tjenester,
2607,Right Solution ApS,,,+4581817081,https://www.proff.dk/firma/right-solution-aps/k%C3%B8benhavn-%C3%B8/arbejdskrafts-tjenester/0OG4AJI10LU,,,Du følger virksomheden,,,,,,,,,,,Arbejdskrafts tjenester,
2608,Alsø Finans ApS,,,+4530545596,https://www.proff.dk/firma/als%C3%B8-finans-aps/nyk%C3%B8bing-m/arbejdskrafts-tjenester/0OHB9NI10LU,,,Du følger virksomheden,,,,,,,,,,,Arbejdskrafts tjenester,
2609,jobbibliotek.dk ApS,,,,https://www.proff.dk/firma/jobbibliotek.dk-aps/s%C3%B8borg/arbejdskrafts-tjenester/0OHTW5I10LU,,,Du følger virksomheden,,,,,,,,,,,Arbejdskrafts tjenester,
2610,Cruise By Anchersen ApS,,,,https://www.proff.dk/firma/cruise-by-anchersen-aps/hvidovre/arbejdskrafts-tjenester/0OHV1XI10LU,,,Du følger virksomheden,,,,,,,,,,,Arbejdskrafts tjenester,
2611,Multi-Partner II ApS,,,,https://www.proff.dk/firma/multi-partner-ii-aps/hedehusene/arbejdskrafts-tjenester/0OK17WI10LU,,,Du følger virksomheden,,,,,,,,,,,Arbejdskrafts tjenester,
2612,Udlejning 2020 Holding ApS,,,,https://www.proff.dk/firma/udlejning-2020-holding-aps/ringsted/arbejdskrafts-tjenester/0ONRNHI10LU,,,Du følger virksomheden,,,,,,,,,,,Arbejdskrafts tjenester,
2613,Kintec Denmark ApS,,,,https://www.proff.dk/firma/kintec-denmark-aps/aalborg/arbejdskrafts-tjenester/0OW0X7I10LU,,,Du følger virksomheden,,,,,,,,,,,Arbejdskrafts tjenester,
2614,H. E. Hansen & Friends,,,,https://www.proff.dk/firma/h.-e.-hansen-friends/silkeborg/arbejdskrafts-tjenester/0OW8HGI10LU,,,Du følger virksomheden,,,,,,,,,,,Arbejdskrafts tjenester,
2615,"BTR Personnel services AB, filial af BTR Personnel services AB, Sverige",,,,https://www.proff.dk/firma/btr-personnel-services-ab-filial-af-btr-personnel-services-ab-sverige/roskilde/arbejdskrafts-tjenester/0OYHIRI10LU,,,Du følger virksomheden,,,,,,,,,,,Arbejdskrafts tjenester,
2616,A.W Multi Service,,,,https://www.proff.dk/firma/a.w-multi-service/k%C3%B8benhavn-%C3%B8/arbejdskrafts-tjenester/0P3L6LI10LU,,,Du følger virksomheden,,,,,,,,,,,Arbejdskrafts tjenester,
2617,"Ceton Utvecklings Danmark, Filial af Ceton Utvecklings AB, Sverige",,,,https://www.proff.dk/firma/ceton-utvecklings-danmark-filial-af-ceton-utvecklings-ab-sverige/skagen/arbejdskrafts-tjenester/0P5KSRI10LU,,,Du følger virksomheden,,,,,,,,,,,Arbejdskrafts tjenester,
2618,J.M.B Mandskab,,,+4560842727,https://www.proff.dk/firma/j.m.b-mandskab/helsinge/arbejdskrafts-tjenester/0P5QOLI10LU,,,Du følger virksomheden,,,,,,,,,,,Arbejdskrafts tjenester,
2619,"Ginneton Utvecklings Danmark, Filial af Ginneton Utvecklings AB, Sverige",,,,https://www.proff.dk/firma/ginneton-utvecklings-danmark-filial-af-ginneton-utvecklings-ab-sverige/skagen/arbejdskrafts-tjenester/0P5S2DI10LU,,,Du følger virksomheden,,,,,,,,,,,Arbejdskrafts tjenester,
2620,Talents of Tomorrow ApS,,,,https://www.proff.dk/firma/talents-of-tomorrow-aps/k%C3%B8benhavn-v/arbejdskrafts-tjenester/0PBSU2I10LU,,,Du følger virksomheden,,,,,,,,,,,Arbejdskrafts tjenester,
2621,Farhat Holding ApS,,,,https://www.proff.dk/firma/farhat-holding-aps/harlev-j/arbejdskrafts-tjenester/0PCNZ8I10LU,,,Du følger virksomheden,,,,,,,,,,,Arbejdskrafts tjenester,
2622,Apenta,,,,https://www.proff.dk/firma/apenta/odense-m/arbejdskrafts-tjenester/0PD6LOI10LU,,,Du følger virksomheden,,,,,,,,,,,Arbejdskrafts tjenester,
2623,Vikinge byg og mandskab ApS,,,,https://www.proff.dk/firma/vikinge-byg-og-mandskab-aps/tilst/arbejdskrafts-tjenester/0PGMBHI10LU,,,Du følger virksomheden,,,,,,,,,,,Arbejdskrafts tjenester,
2624,Holst Larsen,,,,https://www.proff.dk/firma/holst-larsen/skjern/arbejdskrafts-tjenester/0PH3SHI10LU,,,Du følger virksomheden,,,,,,,,,,,Arbejdskrafts tjenester,
2625,Filial af Nordic Personnel Solutions Ltd,,,,https://www.proff.dk/firma/filial-af-nordic-personnel-solutions-ltd/kastrup/arbejdskrafts-tjenester/0PNQ9VI10LU,,,Du følger virksomheden,,,,,,,,,,,Arbejdskrafts tjenester,
2626,Innovexa Group,,,+4541182374,https://www.proff.dk/firma/innovexa-group/aalborg-%C3%B8st/arbejdskrafts-tjenester/0POLKNI10LU,,,Du følger virksomheden,,,,,,,,,,,Arbejdskrafts tjenester,
2627,Vikar Vikar,,,,https://www.proff.dk/firma/vikar-vikar/vallensb%C3%A6k/arbejdskrafts-tjenester/0POYDQI10LU,,,Du følger virksomheden,,,,,,,,,,,Arbejdskrafts tjenester,
2628,SL Vikar ApS,,,,https://www.proff.dk/firma/sl-vikar-aps/randers-sv/arbejdskrafts-tjenester/0PQO4QI10LU,,,Du følger virksomheden,,,,,,,,,,,Arbejdskrafts tjenester,
2629,Bipo Service (Denmark) ApS,,,,https://www.proff.dk/firma/bipo-service-denmark-aps/k%C3%B8benhavn-k/arbejdskrafts-tjenester/0PV0ONI10LU,,,Du følger virksomheden,,,,,,,,,,,Arbejdskrafts tjenester,
2630,"Boomi Denmark, filial af Boomi Global, LLC, USA",,,,https://www.proff.dk/firma/boomi-denmark-filial-af-boomi-global-llc-usa/k%C3%B8benhavn-k/arbejdskrafts-tjenester/0PWV3WI10LU,,,Du følger virksomheden,,,,,,,,,,,Arbejdskrafts tjenester,
2631,Peebls Danmark ApS,,,,https://www.proff.dk/firma/peebls-danmark-aps/k%C3%B8benhavn-k/arbejdskrafts-tjenester/0PX6WHI10LU,,,Du følger virksomheden,,,,,,,,,,,Arbejdskrafts tjenester,
2632,AR-GROUP ApS,,,,https://www.proff.dk/firma/ar-group-aps/haderslev/arbejdskrafts-tjenester/0PXYIRI10LU,,,Du følger virksomheden,,,,,,,,,,,Arbejdskrafts tjenester,
2633,Bonsai Management,,,,https://www.proff.dk/firma/bonsai-management/gredstedbro/arbejdskrafts-tjenester/0PYU1PI10LU,,,Du følger virksomheden,,,,,,,,,,,Arbejdskrafts tjenester,
2634,luxurysupplier ApS,,,,https://www.proff.dk/firma/luxurysupplier-aps/odense-c/arbejdskrafts-tjenester/0PYYUQI10LU,,,Du følger virksomheden,,,,,,,,,,,Arbejdskrafts tjenester,
2635,"Allegis Group (Denmark), filial af Aston Carter International Limited, UK",,,,https://www.proff.dk/firma/allegis-group-denmark-filial-af-aston-carter-international-limited-uk/k%C3%B8benhavn-v/arbejdskrafts-tjenester/0PZW00I10LU,,,Du følger virksomheden,,,,,,,,,,,Arbejdskrafts tjenester,
2636,KBUS 18 nr. 486 ApS,,,,https://www.proff.dk/firma/kbus-18-nr.-486-aps/s%C3%B8borg/arbejdskrafts-tjenester/0Q001XI10LU,,,Du følger virksomheden,,,,,,,,,,,Arbejdskrafts tjenester,
2637,Royal Nordic International ApS,,,,https://www.proff.dk/firma/royal-nordic-international-aps/k%C3%B8benhavn-s/arbejdskrafts-tjenester/0Q26ODI10LU,,,Du følger virksomheden,,,,,,,,,,,Arbejdskrafts tjenester,
2638,Sørensen Byg & Service ApS,,,,https://www.proff.dk/firma/s%C3%B8rensen-byg-service-aps/n%C3%A6stved/arbejdskrafts-tjenester/0Q4LHOI10LU,,,Du følger virksomheden,,,,,,,,,,,Arbejdskrafts tjenester,
2639,MS Consult,,,,https://www.proff.dk/firma/ms-consult/hvidovre/arbejdskrafts-tjenester/0Q6SHCI10LU,,,Du følger virksomheden,,,,,,,,,,,Arbejdskrafts tjenester,
2640,PlusPleje ApS,,,,https://www.proff.dk/firma/pluspleje-aps/taastrup/arbejdskrafts-tjenester/0Q89U3I10LU,,,Du følger virksomheden,,,,,,,,,,,Arbejdskrafts tjenester,
2641,SHARK Transport ApS,,,,https://www.proff.dk/firma/shark-transport-aps/roskilde/arbejdskrafts-tjenester/0QA4EVI10LU,,,Du følger virksomheden,,,,,,,,,,,Arbejdskrafts tjenester,
2642,Staff N' Work ApS,,,,https://www.proff.dk/firma/staff-n-work-aps/k%C3%B8benhavn-s/arbejdskrafts-tjenester/0QB7LII10LU,,,Du følger virksomheden,,,,,,,,,,,Arbejdskrafts tjenester,
2643,dietrüffeljäger.2,,,,https://www.proff.dk/firma/dietr%C3%BCffelj%C3%A4ger.2/krus%C3%A5/arbejdskrafts-tjenester/0QD11FI10LU,,,Du følger virksomheden,,,,,,,,,,,Arbejdskrafts tjenester,
2644,J. Wilkens Holding ApS,,,,https://www.proff.dk/firma/j.-wilkens-holding-aps/munkebo/arbejdskrafts-tjenester/0QGUXBI10LU,,,Du følger virksomheden,,,,,,,,,,,Arbejdskrafts tjenester,
2645,Nordsjællands Brolægning og anlæg ApS,,,+4551556111,https://www.proff.dk/firma/nordsj%C3%A6llands-brol%C3%A6gning-og-anl%C3%A6g-aps/sk%C3%A6vinge/arbejdskrafts-tjenester/0QGWQUI10LU,,,Du følger virksomheden,,,,,,,,,,,Arbejdskrafts tjenester,
2646,Lucas Service,,,,https://www.proff.dk/firma/lucas-service/gentofte/arbejdskrafts-tjenester/0QHKH8I10LU,,,Du følger virksomheden,,,,,,,,,,,Arbejdskrafts tjenester,
2647,BOSTONAIR GROUP LIMITED,,,,https://www.proff.dk/firma/bostonair-group-limited/herlev/arbejdskrafts-tjenester/0QIO8UI10LU,,,Du følger virksomheden,,,,,,,,,,,Arbejdskrafts tjenester,
2648,Dania Vikarbureau ApS,,,,https://www.proff.dk/firma/dania-vikarbureau-aps/k%C3%B8benhavn-sv/arbejdskrafts-tjenester/0QIR1LI10LU,,,Du følger virksomheden,,,,,,,,,,,Arbejdskrafts tjenester,
2649,DLPS I,,,,https://www.proff.dk/firma/dlps-i/ejstrupholm/arbejdskrafts-tjenester/0QKSV6I10LU,,,Du følger virksomheden,,,,,,,,,,,Arbejdskrafts tjenester,
2650,Outworking.dk ApS,,,,https://www.proff.dk/firma/outworking.dk-aps/skamby/arbejdskrafts-tjenester/0QKYWPI10LU,,,Du følger virksomheden,,,,,,,,,,,Arbejdskrafts tjenester,
2651,CareLife,,,,https://www.proff.dk/firma/carelife/k%C3%B8benhavn-s/arbejdskrafts-tjenester/0QMADQI10LU,,,Du følger virksomheden,,,,,,,,,,,Arbejdskrafts tjenester,
2652,JT Multiservice,,,+4530359115,https://www.proff.dk/firma/jt-multiservice/fuglebjerg/arbejdskrafts-tjenester/0QN2NPI10LU,,,Du følger virksomheden,,,,,,,,,,,Arbejdskrafts tjenester,
2653,Risbøl ApS,,,,https://www.proff.dk/firma/risb%C3%B8l-aps/kolding/arbejdskrafts-tjenester/0QNI1PI10LU,,,Du følger virksomheden,,,,,,,,,,,Arbejdskrafts tjenester,
2654,KSK Rathmor Engineering Denmark ApS,,,,https://www.proff.dk/firma/ksk-rathmor-engineering-denmark-aps/k%C3%B8benhavn-%C3%B8/arbejdskrafts-tjenester/0QNM7KI10LU,,,Du følger virksomheden,,,,,,,,,,,Arbejdskrafts tjenester,
2655,Matecare ApS,,,,https://www.proff.dk/firma/matecare-aps/skanderborg/arbejdskrafts-tjenester/0QNS9XI10LU,,,Du følger virksomheden,,,,,,,,,,,Arbejdskrafts tjenester,
2656,Mandskabsudlejning ApS,,,+4529908468,https://www.proff.dk/firma/mandskabsudlejning-aps/vojens/arbejdskrafts-tjenester/0QO4TJI10LU,,,Du følger virksomheden,,,,,,,,,,,Arbejdskrafts tjenester,
2657,EE Power Service ApS,,,,https://www.proff.dk/firma/ee-power-service-aps/helsing%C3%B8r/arbejdskrafts-tjenester/0QP06TI10LU,,,Du følger virksomheden,,,,,,,,,,,Arbejdskrafts tjenester,
2658,Miljøsanering ApS,,,+4523338999,https://www.proff.dk/firma/milj%C3%B8sanering-aps/bording/arbejdskrafts-tjenester/0QQW65I10LU,,,Du følger virksomheden,,,,,,,,,,,Arbejdskrafts tjenester,
2659,YVG Service Group ApS,,,,https://www.proff.dk/firma/yvg-service-group-aps/slagelse/arbejdskrafts-tjenester/0QRKF7I10LU,,,Du følger virksomheden,,,,,,,,,,,Arbejdskrafts tjenester,
2660,First Edge People ApS,,,,https://www.proff.dk/firma/first-edge-people-aps/randers-nv/arbejdskrafts-tjenester/0QSN8CI10LU,,,Du følger virksomheden,,,,,,,,,,,Arbejdskrafts tjenester,
2661,DinVikar,,,,https://www.proff.dk/firma/dinvikar/helsing%C3%B8r/arbejdskrafts-tjenester/0QSQ50I10LU,,,Du følger virksomheden,,,,,,,,,,,Arbejdskrafts tjenester,
2662,Aarhus Contractor ApS,,,,https://www.proff.dk/firma/aarhus-contractor-aps/aarhus-c/arbejdskrafts-tjenester/0QUCWTI10LU,,,Du følger virksomheden,,,,,,,,,,,Arbejdskrafts tjenester,
2663,Folkaet,,,,https://www.proff.dk/firma/folkaet/br%C3%B8nsh%C3%B8j/arbejdskrafts-tjenester/0QUPLEI10LU,,,Du følger virksomheden,,,,,,,,,,,Arbejdskrafts tjenester,
2664,JA Connect ApS,,,+4554556611,https://www.proff.dk/firma/ja-connect-aps/herning/arbejdskrafts-tjenester/0QUXICI10LU,,,Du følger virksomheden,,,,,,,,,,,Arbejdskrafts tjenester,
2665,NEXGENIUS RECRUITMENT APS,,,,https://www.proff.dk/firma/nexgenius-recruitment-aps/k%C3%B8benhavn-k/arbejdskrafts-tjenester/0QVFV6I10LU,,,Du følger virksomheden,,,,,,,,,,,Arbejdskrafts tjenester,
2666,Elena's Vikar Service ApS,,,,https://www.proff.dk/firma/elenas-vikar-service-aps/valby/arbejdskrafts-tjenester/0QVPAXI10LU,,,Du følger virksomheden,,,,,,,,,,,Arbejdskrafts tjenester,
2667,EW Mandskab,,,,https://www.proff.dk/firma/ew-mandskab/herning/arbejdskrafts-tjenester/0QWCR8I10LU,,,Du følger virksomheden,,,,,,,,,,,Arbejdskrafts tjenester,
2668,MB Import ApS,,,,https://www.proff.dk/firma/mb-import-aps/aarhus-c/arbejdskrafts-tjenester/0QWDYNI10LU,,,Du følger virksomheden,,,,,,,,,,,Arbejdskrafts tjenester,
2669,FH Recruit ApS,,,,https://www.proff.dk/firma/fh-recruit-aps/vallensb%C3%A6k/arbejdskrafts-tjenester/0QWOIZI10LU,,,Du følger virksomheden,,,,,,,,,,,Arbejdskrafts tjenester,
2670,Det Pædagogiske Kompas ApS,,,,https://www.proff.dk/firma/det-p%C3%A6dagogiske-kompas-aps/aarhus-n/arbejdskrafts-tjenester/0QWXOLI10LU,,,Du følger virksomheden,,,,,,,,,,,Arbejdskrafts tjenester,
2671,Vikar Partner,,,+4591690097,https://www.proff.dk/firma/vikar-partner/hvidovre/arbejdskrafts-tjenester/0QX32HI10LU,,,Erhvervsstyrelsens signatur,,,,,,,,,,,Arbejdskrafts tjenester,
2672,HKR Manpower ApS,,,,https://www.proff.dk/firma/hkr-manpower-aps/k%C3%B8benhavn-%C3%B8/arbejdskrafts-tjenester/0QXGPDI10LU,,,Du følger virksomheden,,,,,,,,,,,Arbejdskrafts tjenester,
2673,Udenlandsk Arbejdskraft ApS,,,,https://www.proff.dk/firma/udenlandsk-arbejdskraft-aps/munkebo/arbejdskrafts-tjenester/0QZ0ALI10LU,,,Du følger virksomheden,,,,,,,,,,,Arbejdskrafts tjenester,
2674,SOVIA,,,,https://www.proff.dk/firma/sovia/roskilde/arbejdskrafts-tjenester/0QZ2EPI10LU,,,Du følger virksomheden,,,,,,,,,,,Arbejdskrafts tjenester,
2675,Rothenborg Consulting,,,,https://www.proff.dk/firma/rothenborg-consulting/holte/arbejdskrafts-tjenester/0QZC7GI10LU,,,Du følger virksomheden,,,,,,,,,,,Arbejdskrafts tjenester,
2676,VYS Vikar & Rekruttering Services ApS,,,,https://www.proff.dk/firma/vys-vikar-rekruttering-services-aps/taastrup/arbejdskrafts-tjenester/0QZKJ5I10LU,,,Du følger virksomheden,,,,,,,,,,,Arbejdskrafts tjenester,
2677,Praca Danmark ApS,,,+4560143821,https://www.proff.dk/firma/praca-danmark-aps/hornsyld/arbejdskrafts-tjenester/0QZPUCI10LU,,,Du følger virksomheden,,,,,,,,,,,Arbejdskrafts tjenester,
2678,AA Byg & Udlejning ApS,,,,https://www.proff.dk/firma/aa-byg-udlejning-aps/k%C3%B8benhavn-k/arbejdskrafts-tjenester/0QZVR2I10LU,,,Du følger virksomheden,,,,,,,,,,,Arbejdskrafts tjenester,
2679,SBM Agro ApS,,,+4560542271,https://www.proff.dk/firma/sbm-agro-aps/holstebro/arbejdskrafts-tjenester/0QZWIAI10LU,,,Du følger virksomheden,,,,,,,,,,,Arbejdskrafts tjenester,
2680,Byg og Kebab ApS,,,+4531168233,https://www.proff.dk/firma/byg-og-kebab-aps/kalundborg/arbejdskrafts-tjenester/0R0BAJI10LU,,,Du følger virksomheden,,,,,,,,,,,Arbejdskrafts tjenester,
2681,Prime Dynamics ApS,,,,https://www.proff.dk/firma/prime-dynamics-aps/hedehusene/arbejdskrafts-tjenester/0R0CJNI10LU,,,Du følger virksomheden,,,,,,,,,,,Arbejdskrafts tjenester,
2682,RAD services ApS,,,,https://www.proff.dk/firma/rad-services-aps/albertslund/arbejdskrafts-tjenester/0R0ERLI10LU,,,Du følger virksomheden,,,,,,,,,,,Arbejdskrafts tjenester,
2683,Vestjysk Mandskab ApS,,,,https://www.proff.dk/firma/vestjysk-mandskab-aps/herning/arbejdskrafts-tjenester/0R1Y4CI10LU,,,Du følger virksomheden,,,,,,,,,,,Arbejdskrafts tjenester,
2684,Scandia Personale ApS,,,,https://www.proff.dk/firma/scandia-personale-aps/frederiksberg-c/arbejdskrafts-tjenester/0R22REI10LU,,,Du følger virksomheden,,,,,,,,,,,Arbejdskrafts tjenester,
2685,DATICO ApS,,,,https://www.proff.dk/firma/datico-aps/bredebro/arbejdskrafts-tjenester/0R2LRCI10LU,,,Du følger virksomheden,,,,,,,,,,,Arbejdskrafts tjenester,
2686,Vikaria ApS,,,+4541413134,https://www.proff.dk/firma/vikaria-aps/k%C3%B8benhavn-k/arbejdskrafts-tjenester/0R2OCGI10LU,,,Du følger virksomheden,,,,,,,,,,,Arbejdskrafts tjenester,
2687,Personale Vikar ApS,,,,https://www.proff.dk/firma/personale-vikar-aps/br%C3%B8ndby/arbejdskrafts-tjenester/0R2SFVI10LU,,,Du følger virksomheden,,,,,,,,,,,Arbejdskrafts tjenester,
2688,Home & Hire,,,+4591981522,https://www.proff.dk/firma/home-hire/k%C3%B8benhavn-k/arbejdskrafts-tjenester/0R2YMEI10LU,,,Du følger virksomheden,,,,,,,,,,,Arbejdskrafts tjenester,
2689,Bright Move,,,,https://www.proff.dk/firma/bright-move/k%C3%B8benhavn-k/arbejdskrafts-tjenester/0R2YNLI10LU,,,Du følger virksomheden,,,,,,,,,,,Arbejdskrafts tjenester,
2690,NB Multiservice og Mandskab ApS,,,,https://www.proff.dk/firma/nb-multiservice-og-mandskab-aps/slagelse/arbejdskrafts-tjenester/0R2ZPHI10LU,,,Du følger virksomheden,,,,,,,,,,,Arbejdskrafts tjenester,
2691,Mikkelborg Consult,,,,https://www.proff.dk/firma/mikkelborg-consult/h%C3%B8rsholm/arbejdskrafts-tjenester/0R3IQ2I10LU,,,Du følger virksomheden,,,,,,,,,,,Arbejdskrafts tjenester,
2692,Hirex Group ApS,,,50220374,https://www.proff.dk/firma/hirex-group-aps/k%C3%B8benhavn-k/arbejdskrafts-tjenester/0R3SBTI10LU,,,Du følger virksomheden,,,,,,,,,,,Arbejdskrafts tjenester,
2693,Euro Workers ApS,,,+4552818496,https://www.proff.dk/firma/euro-workers-aps/valby/arbejdskrafts-tjenester/0R43D6I10LU,,,Du følger virksomheden,,,,,,,,,,,Arbejdskrafts tjenester,
2694,Nærvikar Gruppen ApS,,,,https://www.proff.dk/firma/n%C3%A6rvikar-gruppen-aps/k%C3%B8benhavn-v/arbejdskrafts-tjenester/0R4QI6I10LU,,,Du følger virksomheden,,,,,,,,,,,Arbejdskrafts tjenester,
2695,VL global ApS,,,+4553650068,https://www.proff.dk/firma/vl-global-aps/roskilde/arbejdskrafts-tjenester/0R4SMYI10LU,,,Du følger virksomheden,,,,,,,,,,,Arbejdskrafts tjenester,
2696,Team Castrup ApS,,,,https://www.proff.dk/firma/team-castrup-aps/glostrup/arbejdskrafts-tjenester/0R4UEZI10LU,,,Du følger virksomheden,,,,,,,,,,,Arbejdskrafts tjenester,
2697,Skandix Group ApS,,,52769364,https://www.proff.dk/firma/skandix-group-aps/br%C3%B8nsh%C3%B8j/arbejdskrafts-tjenester/0R5B8II10LU,,,Du følger virksomheden,,,,,,,,,,,Arbejdskrafts tjenester,
2698,SB Vikarsupport ApS,,,,https://www.proff.dk/firma/sb-vikarsupport-aps/k%C3%B8benhavn-%C3%B8/arbejdskrafts-tjenester/0R5K1FI10LU,,,Du følger virksomheden,,,,,,,,,,,Arbejdskrafts tjenester,
2699,Team Rental ApS,,,,https://www.proff.dk/firma/team-rental-aps/hvidovre/arbejdskrafts-tjenester/0R5OHQI10LU,,,Du følger virksomheden,,,,,,,,,,,Arbejdskrafts tjenester,
2700,TechTemp ApS,,,+4560553566,https://www.proff.dk/firma/techtemp-aps/aarhus-c/arbejdskrafts-tjenester/0R5TOFI10LU,,,Du følger virksomheden,,,,,,,,,,,Arbejdskrafts tjenester,
2701,Dansk Crew Booking ApS,,,+4529854344,https://www.proff.dk/firma/dansk-crew-booking-aps/k%C3%B8benhavn-s/arbejdskrafts-tjenester/0R5VPHI10LU,,,Du følger virksomheden,,,,,,,,,,,Arbejdskrafts tjenester,
2702,HPL Engineering ApS,,,,https://www.proff.dk/firma/hpl-engineering-aps/hellerup/arbejdskrafts-tjenester/0R5W06I10LU,,,Du følger virksomheden,,,,,,,,,,,Arbejdskrafts tjenester,
2703,Klargør ApS,,,+4520776877,https://www.proff.dk/firma/klarg%C3%B8r-aps/k%C3%B8benhavn-s/arbejdskrafts-tjenester/0R6I48I10LU,,,Du følger virksomheden,,,,,,,,,,,Arbejdskrafts tjenester,
2704,Topmech EU ApS,,,,https://www.proff.dk/firma/topmech-eu-aps/tranbjerg-j/arbejdskrafts-tjenester/0R6XCII10LU,,,Du følger virksomheden,,,,,,,,,,,Arbejdskrafts tjenester,
2705,Credenta ApS,,,,https://www.proff.dk/firma/credenta-aps/frederikshavn/arbejdskrafts-tjenester/0R7JB3I10LU,,,Du følger virksomheden,,,,,,,,,,,Arbejdskrafts tjenester,
2706,Vikarfirmaet Svane Gruppen ApS,,,,https://www.proff.dk/firma/vikarfirmaet-svane-gruppen-aps/charlottenlund/arbejdskrafts-tjenester/0R7PA1I10LU,,,Du følger virksomheden,,,,,,,,,,,Arbejdskrafts tjenester,
2707,IMGP Denmark ApS,,,,https://www.proff.dk/firma/imgp-denmark-aps/k%C3%B8benhavn-k/arbejdskrafts-tjenester/0R8286I10LU,,,Du følger virksomheden,,,,,,,,,,,Arbejdskrafts tjenester,
2708,Transport Giganten ApS,,,+4550238877,https://www.proff.dk/firma/transport-giganten-aps/k%C3%B8benhavn-%C3%B8/arbejdskrafts-tjenester/0R8B2PI10LU,,,Du følger virksomheden,,,,,,,,,,,Arbejdskrafts tjenester,
2709,MEN-Service ApS,,,+4540593461,https://www.proff.dk/firma/men-service-aps/aars/arbejdskrafts-tjenester/0R8FEPI10LU,,,Du følger virksomheden,,,,,,,,,,,Arbejdskrafts tjenester,
2710,Mosegaard udlejning,,,+4530642174,https://www.proff.dk/firma/mosegaard-udlejning/kirke-eskilstrup/arbejdskrafts-tjenester/0R8IEZI10LU,,,Du følger virksomheden,,,,,,,,,,,Arbejdskrafts tjenester,
2711,Van Gogh Rekruttering ApS,,,,https://www.proff.dk/firma/van-gogh-rekruttering-aps/odense-c/arbejdskrafts-tjenester/0R8LPZI10LU,,,Du følger virksomheden,,,,,,,,,,,Arbejdskrafts tjenester,
2712,Nowa Byg ApS,,,,https://www.proff.dk/firma/nowa-byg-aps/hedehusene/arbejdskrafts-tjenester/0R8Q9KI10LU,,,Du følger virksomheden,,,,,,,,,,,Arbejdskrafts tjenester,
2713,Skills Aid ApS,,,+4551915122,https://www.proff.dk/firma/skills-aid-aps/s%C3%B8borg/arbejdskrafts-tjenester/0R8TIUI10LU,,,Du følger virksomheden,,,,,,,,,,,Arbejdskrafts tjenester,
2714,Profil-Vikar ApS,,,+4528904467,https://www.proff.dk/firma/profil-vikar-aps/k%C3%B8benhavn-s/arbejdskrafts-tjenester/0R90K1I10LU,,,Du følger virksomheden,,,,,,,,,,,Arbejdskrafts tjenester,
2715,CareRevolt ApS,,,+4591400369,https://www.proff.dk/firma/carerevolt-aps/aarhus-v/arbejdskrafts-tjenester/0R93API10LU,,,Du følger virksomheden,,,,,,,,,,,Arbejdskrafts tjenester,
2716,City Superclean ApS,,,,https://www.proff.dk/firma/city-superclean-aps/k%C3%B8benhavn-%C3%B8/arbejdskrafts-tjenester/0R941RI10LU,,,Du følger virksomheden,,,,,,,,,,,Arbejdskrafts tjenester,
2717,Stålcraft ApS,,,,https://www.proff.dk/firma/st%C3%A5lcraft-aps/langeskov/arbejdskrafts-tjenester/0R944ZI10LU,,,Du følger virksomheden,,,,,,,,,,,Arbejdskrafts tjenester,
2718,Optimus Vikar ApS,,,+4530200050,https://www.proff.dk/firma/optimus-vikar-aps/helsinge/arbejdskrafts-tjenester/0R971LI10LU,,,Du følger virksomheden,,,,,,,,,,,Arbejdskrafts tjenester,
2719,KlugRecruit ApS,,,+4571452730,https://www.proff.dk/firma/klugrecruit-aps/k%C3%B8benhavn-nv/arbejdskrafts-tjenester/0R9CPHI10LU,,,Du følger virksomheden,,,,,,,,,,,Arbejdskrafts tjenester,
2720,BoRa ApS,,,+4553704841,https://www.proff.dk/firma/bora-aps/n%C3%B8rresundby/arbejdskrafts-tjenester/0R9F4OI10LU,,,Du følger virksomheden,,,,,,,,,,,Arbejdskrafts tjenester,
2721,ELECT ApS,,,+4531638686,https://www.proff.dk/firma/elect-aps/randers-c/arbejdskrafts-tjenester/0R9LWXI10LU,,,Du følger virksomheden,,,,,,,,,,,Arbejdskrafts tjenester,
2722,Thorn Vikar A/S,,,55211330,https://www.proff.dk/firma/thorn-vikar-as/n%C3%B8rresundby/arbejdskrafts-tjenester/0R9N0GI10LU,,,Du følger virksomheden,,,,,,,,,,,Arbejdskrafts tjenester,
2723,LG Vikar ApS,,,,https://www.proff.dk/firma/lg-vikar-aps/randers-s%C3%B8/arbejdskrafts-tjenester/0R9XZ4I10LU,,,Du følger virksomheden,,,,,,,,,,,Arbejdskrafts tjenester,
2724,Danheim ApS,,,,https://www.proff.dk/firma/danheim-aps/hvidovre/arbejdskrafts-tjenester/0R9Z3HI10LU,,,Du følger virksomheden,,,,,,,,,,,Arbejdskrafts tjenester,
2725,HotJob ApS,,,+4591870088,https://www.proff.dk/firma/hotjob-aps/ryslinge/arbejdskrafts-tjenester/0R9Z6PI10LU,,,Du følger virksomheden,,,,,,,,,,,Arbejdskrafts tjenester,
2726,"RSB, filial af RSB FIN Oy, Finland",,,,https://www.proff.dk/firma/rsb-filial-af-rsb-fin-oy-finland/k%C3%B8benhavn-k/arbejdskrafts-tjenester/0R9ZP7I10LU,,,Du følger virksomheden,,,,,,,,,,,Arbejdskrafts tjenester,
2727,Tryg Omsorg ApS,,,+4522335812,https://www.proff.dk/firma/tryg-omsorg-aps/k%C3%B8benhavn-s/arbejdskrafts-tjenester/0RA0E6I10LU,,,Du følger virksomheden,,,,,,,,,,,Arbejdskrafts tjenester,
2728,Scandivikarservice ApS,,,,https://www.proff.dk/firma/scandivikarservice-aps/k%C3%B8benhavn-sv/arbejdskrafts-tjenester/0RA62FI10LU,,,Du følger virksomheden,,,,,,,,,,,Arbejdskrafts tjenester,
2729,AutoVolt ApS,,,+4550643407,https://www.proff.dk/firma/autovolt-aps/albertslund/arbejdskrafts-tjenester/0RA867I10LU,,,Du følger virksomheden,,,,,,,,,,,Arbejdskrafts tjenester,
2730,Volden 7 ApS,,,,https://www.proff.dk/firma/volden-7-aps/kastrup/arbejdskrafts-tjenester/0RA9EZI10LU,,,Du følger virksomheden,,,,,,,,,,,Arbejdskrafts tjenester,
2731,TLK Byg ApS,,,,https://www.proff.dk/firma/tlk-byg-aps/nyk%C3%B8bing-f/arbejdskrafts-tjenester/0RAAM0I10LU,,,Du følger virksomheden,,,,,,,,,,,Arbejdskrafts tjenester,
2732,MK E ApS,,,+4591868798,https://www.proff.dk/firma/mk-e-aps/k%C3%B8benhavn-s/arbejdskrafts-tjenester/0RAC6LI10LU,,,Du følger virksomheden,,,,,,,,,,,Arbejdskrafts tjenester,
2733,Scan Con Hol ApS,,,+4540431620,https://www.proff.dk/firma/scan-con-hol-aps/v%C3%A6ggerl%C3%B8se/arbejdskrafts-tjenester/0RAGNLI10LU,,,Du følger virksomheden,,,,,,,,,,,Arbejdskrafts tjenester,
2734,supersub.dk ApS,,,+4551990045,https://www.proff.dk/firma/supersub.dk-aps/fredericia/arbejdskrafts-tjenester/0RAH4EI10LU,,,Du følger virksomheden,,,,,,,,,,,Arbejdskrafts tjenester,
2735,Copenhagen Construction Resources ApS,,,,https://www.proff.dk/firma/copenhagen-construction-resources-aps/holte/arbejdskrafts-tjenester/0RAIVAI10LU,,,Du følger virksomheden,,,,,,,,,,,Arbejdskrafts tjenester,
2736,ConnectPro,,,,https://www.proff.dk/firma/connectpro/aalborg-s%C3%B8/arbejdskrafts-tjenester/0RAJ1VI10LU,,,Du følger virksomheden,,,,,,,,,,,Arbejdskrafts tjenester,
2737,Lyngsø gruppen ApS,,,+4552767986,https://www.proff.dk/firma/lyngs%C3%B8-gruppen-aps/k%C3%B8benhavn-s/arbejdskrafts-tjenester/0RAJ7DI10LU,,,Du følger virksomheden,,,,,,,,,,,Arbejdskrafts tjenester,
2738,Katirachi Groups ApS,,,+4527855379,https://www.proff.dk/firma/katirachi-groups-aps/k%C3%B8benhavn-s/arbejdskrafts-tjenester/0RALLOI10LU,,,Du følger virksomheden,,,,,,,,,,,Arbejdskrafts tjenester,
2739,Nordic Staff ApS,,,,https://www.proff.dk/firma/nordic-staff-aps/greve/arbejdskrafts-tjenester/0RATY7I10LU,,,Du følger virksomheden,,,,,,,,,,,Arbejdskrafts tjenester,
2740,Xpert Care ApS,,,,https://www.proff.dk/firma/xpert-care-aps/br%C3%B8ndby/arbejdskrafts-tjenester/0RAW8KI10LU,,,Du følger virksomheden,,,,,,,,,,,Arbejdskrafts tjenester,
2741,A/E Byggegruppen ApS,,,,https://www.proff.dk/firma/ae-byggegruppen-aps/solr%C3%B8d-strand/arbejdskrafts-tjenester/0RAX8II10LU,,,Du følger virksomheden,,,,,,,,,,,Arbejdskrafts tjenester,
2742,Arnt Vikarservice,,,,https://www.proff.dk/firma/arnt-vikarservice/r%C3%B8nde/arbejdskrafts-tjenester/0RAXTNI10LU,,,Du følger virksomheden,,,,,,,,,,,Arbejdskrafts tjenester,
2743,Opticare-Specialiseret Pleje og Omsorg ApS,,,,https://www.proff.dk/firma/opticare-specialiseret-pleje-og-omsorg-aps/dysseg%C3%A5rd/arbejdskrafts-tjenester/0RB0H8I10LU,,,Du følger virksomheden,,,,,,,,,,,Arbejdskrafts tjenester,
2744,NBB Mandskab ApS,,,,https://www.proff.dk/firma/nbb-mandskab-aps/svenstrup-j/arbejdskrafts-tjenester/0RB2FTI10LU,,,Du følger virksomheden,,,,,,,,,,,Arbejdskrafts tjenester,
2745,MAH Enterprise ApS,,,,https://www.proff.dk/firma/mah-enterprise-aps/kalundborg/arbejdskrafts-tjenester/0RB3GBI10LU,,,Du følger virksomheden,,,,,,,,,,,Arbejdskrafts tjenester,
2746,Tempo Group Holding ApS,,,,https://www.proff.dk/firma/tempo-group-holding-aps/charlottenlund/arbejdskrafts-tjenester/0RB9WVI10LU,,,Du følger virksomheden,,,,,,,,,,,Arbejdskrafts tjenester,
2747,Tempo Group Copenhagen ApS,,,+4541333312,https://www.proff.dk/firma/tempo-group-copenhagen-aps/gentofte/arbejdskrafts-tjenester/0RBAFPI10LU,,,Du følger virksomheden,,,,,,,,,,,Arbejdskrafts tjenester,
2748,Reitz Multiservice,,,+4581903263,https://www.proff.dk/firma/reitz-multiservice/k%C3%B8benhavn-s/arbejdskrafts-tjenester/0RBHMWI10LU,,,Du følger virksomheden,,,,,,,,,,,Arbejdskrafts tjenester,
2749,DentYou Aps,,,+4526782244,https://www.proff.dk/firma/dentyou-aps/k%C3%B8benhavn-k/arbejdskrafts-tjenester/0RBT0CI10LU,,,Du følger virksomheden,,,,,,,,,,,Arbejdskrafts tjenester,
2750,ND Byg & Mandskab ApS,,,,https://www.proff.dk/firma/nd-byg-mandskab-aps/k%C3%B8benhavn-k/arbejdskrafts-tjenester/0RC025I10LU,,,Du følger virksomheden,,,,,,,,,,,Arbejdskrafts tjenester,
2751,winter service,,,+4550309928,https://www.proff.dk/firma/winter-service/give/arbejdskrafts-tjenester/0RC7IAI10LU,,,Du følger virksomheden,,,,,,,,,,,Arbejdskrafts tjenester,
2752,Dansk Arbejdskraft ApS,,,,https://www.proff.dk/firma/dansk-arbejdskraft-aps/ringsted/arbejdskrafts-tjenester/0RCAIMI10LU,,,Du følger virksomheden,,,,,,,,,,,Arbejdskrafts tjenester,
2753,Fobian Dansk Mandskab ApS,,,,https://www.proff.dk/firma/fobian-dansk-mandskab-aps/faaborg/arbejdskrafts-tjenester/0RCAK1I10LU,,,Du følger virksomheden,,,,,,,,,,,Arbejdskrafts tjenester,
2754,Hoigaard Mandskab ApS,,,,https://www.proff.dk/firma/hoigaard-mandskab-aps/roslev/arbejdskrafts-tjenester/0RCB98I10LU,,,Du følger virksomheden,,,,,,,,,,,Arbejdskrafts tjenester,
2755,Dan vikar365 ApS,,,+4522439709,https://www.proff.dk/firma/dan-vikar365-aps/tilst/arbejdskrafts-tjenester/0RCCTXI10LU,,,Du følger virksomheden,,,,,,,,,,,Arbejdskrafts tjenester,
2756,NordicSkills ApS,,,+4542554428,https://www.proff.dk/firma/nordicskills-aps/k%C3%B8benhavn-s/arbejdskrafts-tjenester/0RCE73I10LU,,,Du følger virksomheden,,,,,,,,,,,Arbejdskrafts tjenester,
2757,ApexPlus ApS,,,,https://www.proff.dk/firma/apexplus-aps/br%C3%B8nsh%C3%B8j/arbejdskrafts-tjenester/0RCISXI10LU,,,Du følger virksomheden,,,,,,,,,,,Arbejdskrafts tjenester,
2758,Lawish Service ApS,,,,https://www.proff.dk/firma/lawish-service-aps/n%C3%A6stved/arbejdskrafts-tjenester/0RCOJAI10LU,,,Du følger virksomheden,,,,,,,,,,,Arbejdskrafts tjenester,
2759,C.G.A Entreprise ApS,,,,https://www.proff.dk/firma/c.g.a-entreprise-aps/n%C3%A6stved/arbejdskrafts-tjenester/0RCQZGI10LU,,,Du følger virksomheden,,,,,,,,,,,Arbejdskrafts tjenester,
2760,Jørgensen's ApS,,,,https://www.proff.dk/firma/j%C3%B8rgensens-aps/roskilde/arbejdskrafts-tjenester/0RCTAJI10LU,,,Du følger virksomheden,,,,,,,,,,,Arbejdskrafts tjenester,
2761,Peter Larsen Service,,,+4551761826,https://www.proff.dk/firma/peter-larsen-service/aalestrup/arbejdskrafts-tjenester/0RCWBJI10LU,,,Du følger virksomheden,,,,,,,,,,,Arbejdskrafts tjenester,
2762,HKH Mandskabsudlejning ApS,,,,https://www.proff.dk/firma/hkh-mandskabsudlejning-aps/hiller%C3%B8d/arbejdskrafts-tjenester/0RCZXFI10LU,,,Du følger virksomheden,,,,,,,,,,,Arbejdskrafts tjenester,
2763,Creative Lab Studio ApS,,,+4551774420,https://www.proff.dk/firma/creative-lab-studio-aps/viborg/arbejdskrafts-tjenester/0RD154I10LU,,,Du følger virksomheden,,,,,,,,,,,Arbejdskrafts tjenester,
2764,JSB ApS,,,+4525626561,https://www.proff.dk/firma/jsb-aps/n%C3%A6stved/arbejdskrafts-tjenester/0RD1L9I10LU,,,Du følger virksomheden,,,,,,,,,,,Arbejdskrafts tjenester,
2765,S M Nordic ApS,,,,https://www.proff.dk/firma/s-m-nordic-aps/r%C3%B8dovre/arbejdskrafts-tjenester/0RD8LEI10LU,,,Du følger virksomheden,,,,,,,,,,,Arbejdskrafts tjenester,
2766,GHB ApS,,,,https://www.proff.dk/firma/ghb-aps/kolding/arbejdskrafts-tjenester/0RDLF3I10LU,,,Du følger virksomheden,,,,,,,,,,,Arbejdskrafts tjenester,
2767,Thomsens Vikar service ApS,,,,https://www.proff.dk/firma/thomsens-vikar-service-aps/helsing%C3%B8r/arbejdskrafts-tjenester/0RDLFJI10LU,,,Du følger virksomheden,,,,,,,,,,,Arbejdskrafts tjenester,
2768,Nordic Defence Group ApS,,,,https://www.proff.dk/firma/nordic-defence-group-aps/drag%C3%B8r/arbejdskrafts-tjenester/0RDNI0I10LU,,,Du følger virksomheden,,,,,,,,,,,Arbejdskrafts tjenester,
2769,NordByg Rekruttering ApS,,,+4529834392,https://www.proff.dk/firma/nordbyg-rekruttering-aps/kolding/arbejdskrafts-tjenester/0RE0XNI10LU,,,Du følger virksomheden,,,,,,,,,,,Arbejdskrafts tjenester,
2770,Helhedsplejen ApS,,,,https://www.proff.dk/firma/helhedsplejen-aps/ballerup/arbejdskrafts-tjenester/0RE0XVI10LU,,,Du følger virksomheden,,,,,,,,,,,Arbejdskrafts tjenester,
2771,Promand ApS,,,+4550142163,https://www.proff.dk/firma/promand-aps/ish%C3%B8j/arbejdskrafts-tjenester/0RE2OBI10LU,,,Du følger virksomheden,,,,,,,,,,,Arbejdskrafts tjenester,
2772,rimah ApS,,,,https://www.proff.dk/firma/rimah-aps/brovst/arbejdskrafts-tjenester/0RE4FDI10LU,,,Du følger virksomheden,,,,,,,,,,,Arbejdskrafts tjenester,
2773,Vikar Care ApS,,,+4560569776,https://www.proff.dk/firma/vikar-care-aps/k%C3%B8benhavn-nv/arbejdskrafts-tjenester/0RE68QI10LU,,,Du følger virksomheden,,,,,,,,,,,Arbejdskrafts tjenester,
2774,Vikar-Alliancen DK ApS,,,,https://www.proff.dk/firma/vikar-alliancen-dk-aps/k%C3%B8benhavn-%C3%B8/arbejdskrafts-tjenester/0REBFDI10LU,,,Du følger virksomheden,,,,,,,,,,,Arbejdskrafts tjenester,
2775,Støtteplus ApS,,,+4581759393,https://www.proff.dk/firma/st%C3%B8tteplus-aps/odense-nv/arbejdskrafts-tjenester/0REGJTI10LU,,,Du følger virksomheden,,,,,,,,,,,Arbejdskrafts tjenester,
2776,EcoMove - Danmark ApS,,,,https://www.proff.dk/firma/ecomove-danmark-aps/bagsv%C3%A6rd/arbejdskrafts-tjenester/0REGZUI10LU,,,Du følger virksomheden,,,,,,,,,,,Arbejdskrafts tjenester,
2777,HAI ApS,,,+4531444777,https://www.proff.dk/firma/hai-aps/virum/arbejdskrafts-tjenester/0REH3YI10LU,,,Du følger virksomheden,,,,,,,,,,,Arbejdskrafts tjenester,
2778,Workline Håndværk ApS,,,,https://www.proff.dk/firma/workline-h%C3%A5ndv%C3%A6rk-aps/ballerup/arbejdskrafts-tjenester/0REINLI10LU,,,Du følger virksomheden,,,,,,,,,,,Arbejdskrafts tjenester,
2779,Tea Tao ApS,,,,https://www.proff.dk/firma/tea-tao-aps/tisvildeleje/arbejdskrafts-tjenester/0REUY1I10LU,,,Du følger virksomheden,,,,,,,,,,,Arbejdskrafts tjenester,
2780,Create The World ApS,,,,https://www.proff.dk/firma/create-the-world-aps/kongens-lyngby/arbejdskrafts-tjenester/0RF0DAI10LU,,,Du følger virksomheden,,,,,,,,,,,Arbejdskrafts tjenester,
2781,Yaelp ApS,,,,https://www.proff.dk/firma/yaelp-aps/vejle/arbejdskrafts-tjenester/0RF2ZUI10LU,,,Du følger virksomheden,,,,,,,,,,,Arbejdskrafts tjenester,
2782,All u Need ApS,,,,https://www.proff.dk/firma/all-u-need-aps/hiller%C3%B8d/arbejdskrafts-tjenester/0RF8EPI10LU,,,Du følger virksomheden,,,,,,,,,,,Arbejdskrafts tjenester,
2783,Arbejdskraft gruppen vikar ApS,,,,https://www.proff.dk/firma/arbejdskraft-gruppen-vikar-aps/gedved/arbejdskrafts-tjenester/0RFAELI10LU,,,Du følger virksomheden,,,,,,,,,,,Arbejdskrafts tjenester,
2784,Øresunds maskin og anlæg ApS,,,,https://www.proff.dk/firma/%C3%B8resunds-maskin-og-anl%C3%A6g-aps/k%C3%B8benhavn-s/arbejdskrafts-tjenester/0RFC0II10LU,,,Du følger virksomheden,,,,,,,,,,,Arbejdskrafts tjenester,
2785,BWO Manpower Solutions ApS,,,+4540333115,https://www.proff.dk/firma/bwo-manpower-solutions-aps/vejle/arbejdskrafts-tjenester/0RFC3YI10LU,,,Du følger virksomheden,,,,,,,,,,,Arbejdskrafts tjenester,
2786,Vik-Nordisk ApS,,,+4550362841,https://www.proff.dk/firma/vik-nordisk-aps/birker%C3%B8d/arbejdskrafts-tjenester/0RFDV0I10LU,,,Du følger virksomheden,,,,,,,,,,,Arbejdskrafts tjenester,
2787,IL Agro Group ApS,,,+4550384617,https://www.proff.dk/firma/il-agro-group-aps/bjerringbro/arbejdskrafts-tjenester/0RFJZAI10LU,,,Du følger virksomheden,,,,,,,,,,,Arbejdskrafts tjenester,
2788,Titan Consult ApS,,,,https://www.proff.dk/firma/titan-consult-aps/frederiksv%C3%A6rk/arbejdskrafts-tjenester/0RFN8MI10LU,,,Du følger virksomheden,,,,,,,,,,,Arbejdskrafts tjenester,
2789,Tempeople ApS,,,+4571705116,https://www.proff.dk/firma/tempeople-aps/%C3%A5lsg%C3%A5rde/arbejdskrafts-tjenester/0RFVHGI10LU,,,Du følger virksomheden,,,,,,,,,,,Arbejdskrafts tjenester,
2790,Kirkevikar ApS,,,,https://www.proff.dk/firma/kirkevikar-aps/l%C3%B8gumkloster/arbejdskrafts-tjenester/0RFW67I10LU,,,Du følger virksomheden,,,,,,,,,,,Arbejdskrafts tjenester,
2791,Loyal Omsorg ApS,,,,https://www.proff.dk/firma/loyal-omsorg-aps/%C3%A5lsg%C3%A5rde/arbejdskrafts-tjenester/0RFYUMI10LU,,,Du følger virksomheden,,,,,,,,,,,Arbejdskrafts tjenester,
2792,Workmen ApS,,,,https://www.proff.dk/firma/workmen-aps/k%C3%B8benhavn-sv/arbejdskrafts-tjenester/0RFYV2I10LU,,,Du følger virksomheden,,,,,,,,,,,Arbejdskrafts tjenester,
2793,Medic-Vikar ApS,,,+4542222935,https://www.proff.dk/firma/medic-vikar-aps/vejle/arbejdskrafts-tjenester/0RG2FDI10LU,,,Du følger virksomheden,,,,,,,,,,,Arbejdskrafts tjenester,
2794,Two Rocks 2 ApS,,,+4577173095,https://www.proff.dk/firma/two-rocks-2-aps/ulstrup/arbejdskrafts-tjenester/0RG2YEI10LU,,,Du følger virksomheden,,,,,,,,,,,Arbejdskrafts tjenester,
2795,Zembo Vikar ApS,,,+4560575350,https://www.proff.dk/firma/zembo-vikar-aps/ish%C3%B8j/arbejdskrafts-tjenester/0RG5CSI10LU,,,Du følger virksomheden,,,,,,,,,,,Arbejdskrafts tjenester,
2796,Digital Match ApS,,,,https://www.proff.dk/firma/digital-match-aps/k%C3%B8benhavn-s/arbejdskrafts-tjenester/0RG8P7I10LU,,,Du følger virksomheden,,,,,,,,,,,Arbejdskrafts tjenester,
2797,RMBL M ApS,,,+4591742333,https://www.proff.dk/firma/rmbl-m-aps/vanl%C3%B8se/arbejdskrafts-tjenester/0RGDX3I10LU,,,Du følger virksomheden,,,,,,,,,,,Arbejdskrafts tjenester,
2798,Multistaff ApS,,,+4550359519,https://www.proff.dk/firma/multistaff-aps/bagsv%C3%A6rd/arbejdskrafts-tjenester/0RGEM2I10LU,,,Du følger virksomheden,,,,,,,,,,,Arbejdskrafts tjenester,
2799,Lyngsoe Gruppen ApS,,,+4549907667,https://www.proff.dk/firma/lyngsoe-gruppen-aps/k%C3%B8benhavn-s/arbejdskrafts-tjenester/0RGL65I10LU,,,Du følger virksomheden,,,,,,,,,,,Arbejdskrafts tjenester,
2800,Truva ApS,,,+4560830117,https://www.proff.dk/firma/truva-aps/k%C3%B8benhavn-s/arbejdskrafts-tjenester/0RGL8EI10LU,,,Du følger virksomheden,,,,,,,,,,,Arbejdskrafts tjenester,
2801,JMS Mandskab ApS,,,,https://www.proff.dk/firma/jms-mandskab-aps/slagelse/arbejdskrafts-tjenester/0RGO19I10LU,,,Du følger virksomheden,,,,,,,,,,,Arbejdskrafts tjenester,
2802,Sylvesters ApS,,,,https://www.proff.dk/firma/sylvesters-aps/k%C3%B8benhavn-s/arbejdskrafts-tjenester/0RGXSLI10LU,,,Du følger virksomheden,,,,,,,,,,,Arbejdskrafts tjenester,
2803,PrimeTalent ApS,,,,https://www.proff.dk/firma/primetalent-aps/aarhus-c/arbejdskrafts-tjenester/0RHBD0I10LU,,,Du følger virksomheden,,,,,,,,,,,Arbejdskrafts tjenester,
2804,ProService Vikar ApS,,,,https://www.proff.dk/firma/proservice-vikar-aps/valby/arbejdskrafts-tjenester/0RHDOTI10LU,,,Du følger virksomheden,,,,,,,,,,,Arbejdskrafts tjenester,
2805,Alexander Green Renewables ApS,,,,https://www.proff.dk/firma/alexander-green-renewables-aps/k%C3%B8benhavn-k/arbejdskrafts-tjenester/0RHFJZI10LU,,,Du følger virksomheden,,,,,,,,,,,Arbejdskrafts tjenester,
2806,Vikar & Rekruttering ApS,,,+4522418252,https://www.proff.dk/firma/vikar-rekruttering-aps/tune/arbejdskrafts-tjenester/0RHG48I10LU,,,Du følger virksomheden,,,,,,,,,,,Arbejdskrafts tjenester,
2807,SSO Personnel ApS,,,,https://www.proff.dk/firma/sso-personnel-aps/k%C3%B8benhavn-k/arbejdskrafts-tjenester/0RHHJRI10LU,,,Du følger virksomheden,,,,,,,,,,,Arbejdskrafts tjenester,
2808,Medupdate ApS,,,,https://www.proff.dk/firma/medupdate-aps/k%C3%B8benhavn-s/arbejdskrafts-tjenester/0RHLFNI10LU,,,Du følger virksomheden,,,,,,,,,,,Arbejdskrafts tjenester,
2809,VikaCare ApS,,,,https://www.proff.dk/firma/vikacare-aps/viby-j/arbejdskrafts-tjenester/0RHN5FI10LU,,,Du følger virksomheden,,,,,,,,,,,Arbejdskrafts tjenester,
2810,RenKokken Vikar ApS,,,,https://www.proff.dk/firma/renkokken-vikar-aps/ish%C3%B8j/arbejdskrafts-tjenester/0RHNADI10LU,,,Du følger virksomheden,,,,,,,,,,,Arbejdskrafts tjenester,
2811,Connect Recruitment ApS,,,,https://www.proff.dk/firma/connect-recruitment-aps/k%C3%B8benhavn-k/arbejdskrafts-tjenester/0RHOFHI10LU,,,Du følger virksomheden,,,,,,,,,,,Arbejdskrafts tjenester,
2812,Bill Rene Consulting,,,,https://www.proff.dk/firma/bill-rene-consulting/vordingborg/arbejdskrafts-tjenester/0RHOGOI10LU,,,Du følger virksomheden,,,,,,,,,,,Arbejdskrafts tjenester,
2813,NBH Mandskab ApS,,,+4527242022,https://www.proff.dk/firma/nbh-mandskab-aps/drag%C3%B8r/arbejdskrafts-tjenester/0RHPLWI10LU,,,Du følger virksomheden,,,,,,,,,,,Arbejdskrafts tjenester,
2814,Danvikar ApS,,,,https://www.proff.dk/firma/danvikar-aps/odense-c/arbejdskrafts-tjenester/0RHSEJI10LU,,,Du følger virksomheden,,,,,,,,,,,Arbejdskrafts tjenester,
2815,Fast Vikar ApS,,,,https://www.proff.dk/firma/fast-vikar-aps/vallensb%C3%A6k-strand/arbejdskrafts-tjenester/0RHUL1I10LU,,,Du følger virksomheden,,,,,,,,,,,Arbejdskrafts tjenester,
2816,Avan Group ApS,,,+4581733870,https://www.proff.dk/firma/avan-group-aps/k%C3%B8benhavn-%C3%B8/arbejdskrafts-tjenester/0RHV16I10LU,,,Du følger virksomheden,,,,,,,,,,,Arbejdskrafts tjenester,
2817,LægeLeasing ApS,,,,https://www.proff.dk/firma/l%C3%A6geleasing-aps/k%C3%B8benhavn-k/arbejdskrafts-tjenester/0RHWJVI10LU,,,Du følger virksomheden,,,,,,,,,,,Arbejdskrafts tjenester,
2818,Mks-Workers ApS,,,,https://www.proff.dk/firma/mks-workers-aps/holstebro/arbejdskrafts-tjenester/0RI429I10LU,,,Du følger virksomheden,,,,,,,,,,,Arbejdskrafts tjenester,
2819,Arkon byg ApS,,,,https://www.proff.dk/firma/arkon-byg-aps/hvidovre/arbejdskrafts-tjenester/0RI9MYI10LU,,,Du følger virksomheden,,,,,,,,,,,Arbejdskrafts tjenester,
2820,Tryg pædagog ApS,,,,https://www.proff.dk/firma/tryg-p%C3%A6dagog-aps/odense-n/arbejdskrafts-tjenester/0RIE34I10LU,,,Du følger virksomheden,,,,,,,,,,,Arbejdskrafts tjenester,
2821,VoresIndsatser ApS,,,+4542519099,https://www.proff.dk/firma/voresindsatser-aps/%C3%A5byh%C3%B8j/arbejdskrafts-tjenester/0RIFRHI10LU,,,Du følger virksomheden,,,,,,,,,,,Arbejdskrafts tjenester,
2822,MNM mandskab ApS,,,+4540156731,https://www.proff.dk/firma/mnm-mandskab-aps/hesselager/arbejdskrafts-tjenester/0RIGREI10LU,,,Du følger virksomheden,,,,,,,,,,,Arbejdskrafts tjenester,
2823,JRC Nordic ApS,,,+4527515768,https://www.proff.dk/firma/jrc-nordic-aps/aalborg-%C3%B8st/arbejdskrafts-tjenester/0RIQJPI10LU,,,Du følger virksomheden,,,,,,,,,,,Arbejdskrafts tjenester,
2824,ATD GROUP ApS,,,+4591958706,https://www.proff.dk/firma/atd-group-aps/k%C3%B8benhavn-s/arbejdskrafts-tjenester/0RIYA3I10LU,,,Du følger virksomheden,,,,,,,,,,,Arbejdskrafts tjenester,
2825,Knaegtens montage ApS,,,+4561479530,https://www.proff.dk/firma/knaegtens-montage-aps/svinninge/arbejdskrafts-tjenester/0RIZ92I10LU,,,Du følger virksomheden,,,,,,,,,,,Arbejdskrafts tjenester,
2826,Hattesen ApS,,,+4541626565,https://www.proff.dk/firma/hattesen-aps/k%C3%B8benhavn-s/arbejdskrafts-tjenester/0RIZCYI10LU,,,Du følger virksomheden,,,,,,,,,,,Arbejdskrafts tjenester,
2827,Nordmann Udlejning ApS,,,,https://www.proff.dk/firma/nordmann-udlejning-aps/ish%C3%B8j/arbejdskrafts-tjenester/0RJ4YHI10LU,,,Du følger virksomheden,,,,,,,,,,,Arbejdskrafts tjenester,
2828,Event Operations ApS,,,+4561703190,https://www.proff.dk/firma/event-operations-aps/n%C3%B8rresundby/arbejdskrafts-tjenester/0RJ7OVI10LU,,,Du følger virksomheden,,,,,,,,,,,Arbejdskrafts tjenester,
2829,Vikar24/7 ApS,,,+4591936980,https://www.proff.dk/firma/vikar247-aps/k%C3%B8benhavn-s/arbejdskrafts-tjenester/0RJEIEI10LU,,,Du følger virksomheden,,,,,,,,,,,Arbejdskrafts tjenester,
2830,Fladholt ApS,,,+4521219222,https://www.proff.dk/firma/fladholt-aps/s%C3%A6by/arbejdskrafts-tjenester/0RJO7YI10LU,,,Du følger virksomheden,,,,,,,,,,,Arbejdskrafts tjenester,
2831,Pitters Consulting,,,,https://www.proff.dk/firma/pitters-consulting/vanl%C3%B8se/arbejdskrafts-tjenester/0RJTR8I10LU,,,Du følger virksomheden,,,,,,,,,,,Arbejdskrafts tjenester,
2832,Kompas Konsulenterne,,,,https://www.proff.dk/firma/kompas-konsulenterne/t%C3%B8rring/arbejdskrafts-tjenester/0RK4NLI10LU,,,Du følger virksomheden,,,,,,,,,,,Arbejdskrafts tjenester,
2833,PT Invest gruppen ApS,,,+4540616463,https://www.proff.dk/firma/pt-invest-gruppen-aps/sor%C3%B8/arbejdskrafts-tjenester/0RK6VAI10LU,,,Du følger virksomheden,,,,,,,,,,,Arbejdskrafts tjenester,
2834,Omsorgspartner Syd ApS,,,+4542729909,https://www.proff.dk/firma/omsorgspartner-syd-aps/vejle/arbejdskrafts-tjenester/0RKHJPI10LU,,,Du følger virksomheden,,,,,,,,,,,Arbejdskrafts tjenester,
2835,PRO VIKAR DK,,,+4591855074,https://www.proff.dk/firma/pro-vikar-dk/give/arbejdskrafts-tjenester/0RKHSHI10LU,,,Du følger virksomheden,,,,,,,,,,,Arbejdskrafts tjenester,
2836,Gissel Thom Vikar,,,,https://www.proff.dk/firma/gissel-thom-vikar/tilst/arbejdskrafts-tjenester/0RKJZ2I10LU,,,Du følger virksomheden,,,,,,,,,,,Arbejdskrafts tjenester,
2837,Bent Care ApS,,,+4542910020,https://www.proff.dk/firma/bent-care-aps/skagen/arbejdskrafts-tjenester/0RKLZKI10LU,,,Du følger virksomheden,,,,,,,,,,,Arbejdskrafts tjenester,
2838,Crew Force ApS,,,+4571460128,https://www.proff.dk/firma/crew-force-aps/k%C3%B8benhavn-s/arbejdskrafts-tjenester/0RL3GOI10LU,,,Du følger virksomheden,,,,,,,,,,,Arbejdskrafts tjenester,
2839,SIRISTO ApS,,,+4542223532,https://www.proff.dk/firma/siristo-aps/sk%C3%A6lsk%C3%B8r/arbejdskrafts-tjenester/0RLDC8I10LU,,,Du følger virksomheden,,,,,,,,,,,Arbejdskrafts tjenester,
2840,DanskMandskab ApS,,,+4571475311,https://www.proff.dk/firma/danskmandskab-aps/hiller%C3%B8d/arbejdskrafts-tjenester/0RLH8II10LU,,,Du følger virksomheden,,,,,,,,,,,Arbejdskrafts tjenester,
2841,Personale-Service A/S,,,,https://www.proff.dk/firma/personale-service-as/taastrup/arbejdskrafts-tjenester/0RLJ7JI10LU,,,Du følger virksomheden,,,,,,,,,,,Arbejdskrafts tjenester,
2842,KDMM ApS,,,,https://www.proff.dk/firma/kdmm-aps/aalborg/arbejdskrafts-tjenester/0RLO48I10LU,,,Du følger virksomheden,,,,,,,,,,,Arbejdskrafts tjenester,
2843,Kryds,,,+4542779866,https://www.proff.dk/firma/kryds/valby/arbejdskrafts-tjenester/0RLVA3I10LU,,,Du følger virksomheden,,,,,,,,,,,Arbejdskrafts tjenester,
2844,Ravik ApS,,,,https://www.proff.dk/firma/ravik-aps/odense-c/arbejdskrafts-tjenester/0RLYXDI10LU,,,Du følger virksomheden,,,,,,,,,,,Arbejdskrafts tjenester,
2845,Alpha Service Group ApS,,,+4524942006,https://www.proff.dk/firma/alpha-service-group-aps/k%C3%B8benhavn-s/arbejdskrafts-tjenester/0RLZ3II10LU,,,Du følger virksomheden,,,,,,,,,,,Arbejdskrafts tjenester,
2846,Generobe ApS,,,,https://www.proff.dk/firma/generobe-aps/k%C3%B8benhavn-k/arbejdskrafts-tjenester/0RM1QUI10LU,,,Du følger virksomheden,,,,,,,,,,,Arbejdskrafts tjenester,
2847,Talentia Work Agency ApS,,,,https://www.proff.dk/firma/talentia-work-agency-aps/k%C3%B8benhavn-v/arbejdskrafts-tjenester/0RM25DI10LU,,,Du følger virksomheden,,,,,,,,,,,Arbejdskrafts tjenester,
2848,ABA Vikar ApS,,,+4540531985,https://www.proff.dk/firma/aba-vikar-aps/frederiksv%C3%A6rk/arbejdskrafts-tjenester/0RM84EI10LU,,,Du følger virksomheden,,,,,,,,,,,Arbejdskrafts tjenester,
2849,AMV Partners ApS,,,+4525117121,https://www.proff.dk/firma/amv-partners-aps/vipper%C3%B8d/arbejdskrafts-tjenester/0RM86FI10LU,,,Du følger virksomheden,,,,,,,,,,,Arbejdskrafts tjenester,
2850,Nordjysk transport ApS,,,,https://www.proff.dk/firma/nordjysk-transport-aps/br%C3%B8nderslev/arbejdskrafts-tjenester/0RMF5ZI10LU,,,Du følger virksomheden,,,,,,,,,,,Arbejdskrafts tjenester,
2851,T-Crewing ApS,,,+4520537393,https://www.proff.dk/firma/t-crewing-aps/tj%C3%A6reborg/arbejdskrafts-tjenester/0RMHKFI10LU,,,Du følger virksomheden,,,,,,,,,,,Arbejdskrafts tjenester,
2852,Vikar Nord ApS,,,,https://www.proff.dk/firma/vikar-nord-aps/r%C3%B8dby/arbejdskrafts-tjenester/0RMQ90I10LU,,,Du følger virksomheden,,,,,,,,,,,Arbejdskrafts tjenester,
2853,Faglink ApS,,,+4524801829,https://www.proff.dk/firma/faglink-aps/k%C3%B8benhavn-s/arbejdskrafts-tjenester/0RMR65I10LU,,,Du følger virksomheden,,,,,,,,,,,Arbejdskrafts tjenester,
2854,Emerald Technology Consulting ApS,,,,https://www.proff.dk/firma/emerald-technology-consulting-aps/k%C3%B8benhavn-%C3%B8/arbejdskrafts-tjenester/0RMX6XI10LU,,,Du følger virksomheden,,,,,,,,,,,Arbejdskrafts tjenester,
2855,Completum Denmark ApS,,,+4571889534,https://www.proff.dk/firma/completum-denmark-aps/h%C3%B8rsholm/arbejdskrafts-tjenester/0RMXYFI10LU,,,Du følger virksomheden,,,,,,,,,,,Arbejdskrafts tjenester,
2856,Dansknemtservice ApS,,,,https://www.proff.dk/firma/dansknemtservice-aps/k%C3%B8benhavn-s/arbejdskrafts-tjenester/0RMY92I10LU,,,Du følger virksomheden,,,,,,,,,,,Arbejdskrafts tjenester,
2857,HeyHugo ApS,,,+4560407051,https://www.proff.dk/firma/heyhugo-aps/aalborg-sv/arbejdskrafts-tjenester/0RN1LMI10LU,,,Du følger virksomheden,,,,,,,,,,,Arbejdskrafts tjenester,
2858,WorkSphere Union ApS,,,+4570808687,https://www.proff.dk/firma/worksphere-union-aps/k%C3%B8benhavn-k/arbejdskrafts-tjenester/0RN1ZAI10LU,,,Du følger virksomheden,,,,,,,,,,,Arbejdskrafts tjenester,
2859,NordVogn ApS,,,,https://www.proff.dk/firma/nordvogn-aps/brabrand/arbejdskrafts-tjenester/0RN55HI10LU,,,Du følger virksomheden,,,,,,,,,,,Arbejdskrafts tjenester,
2860,Pike & Owl ApS,,,,https://www.proff.dk/firma/pike-owl-aps/%C3%B8rsted/arbejdskrafts-tjenester/0RN667I10LU,,,Du følger virksomheden,,,,,,,,,,,Arbejdskrafts tjenester,
2861,Holdkraft ApS,,,+4529889537,https://www.proff.dk/firma/holdkraft-aps/lang%C3%A5/arbejdskrafts-tjenester/0RN6LYI10LU,,,Du følger virksomheden,,,,,,,,,,,Arbejdskrafts tjenester,
2862,Søby brand og sikring ApS,,,+4522194515,https://www.proff.dk/firma/s%C3%B8by-brand-og-sikring-aps/fredericia/arbejdskrafts-tjenester/0RNFOFI10LU,,,Du følger virksomheden,,,,,,,,,,,Arbejdskrafts tjenester,
2863,Slotmann Technical Solutions ApS,,,+4522556848,https://www.proff.dk/firma/slotmann-technical-solutions-aps/aabenraa/arbejdskrafts-tjenester/0RNLISI10LU,,,Du følger virksomheden,,,,,,,,,,,Arbejdskrafts tjenester,
2864,Velocity Search ApS,,,,https://www.proff.dk/firma/velocity-search-aps/k%C3%B8benhavn-k/arbejdskrafts-tjenester/0RNM5AI10LU,,,Du følger virksomheden,,,,,,,,,,,Arbejdskrafts tjenester,
2865,Work Service ApS,,,+4591825635,https://www.proff.dk/firma/work-service-aps/vejle/arbejdskrafts-tjenester/0RNN90I10LU,,,Du følger virksomheden,,,,,,,,,,,Arbejdskrafts tjenester,
2866,Bysted & Co. ApS,,,,https://www.proff.dk/firma/bysted-co.-aps/k%C3%B8benhavn-s/arbejdskrafts-tjenester/0RNRWLI10LU,,,Du følger virksomheden,,,,,,,,,,,Arbejdskrafts tjenester,
2867,A P total ApS,,,,https://www.proff.dk/firma/a-p-total-aps/svendborg/arbejdskrafts-tjenester/0RNUORI10LU,,,Du følger virksomheden,,,,,,,,,,,Arbejdskrafts tjenester,
2868,Euro Site Services (Denmark) ApS,,,,https://www.proff.dk/firma/euro-site-services-denmark-aps/k%C3%B8benhavn-k/arbejdskrafts-tjenester/0RNWBHI10LU,,,Du følger virksomheden,,,,,,,,,,,Arbejdskrafts tjenester,
2869,Erhvervstag A/S,,,,https://www.proff.dk/firma/erhvervstag-as/horsens/arbejdskrafts-tjenester/0RO1B7I10LU,,,Du følger virksomheden,,,,,,,,,,,Arbejdskrafts tjenester,
2870,Right People ApS,,,,https://www.proff.dk/firma/right-people-aps/odense-sv/arbejdskrafts-tjenester/0RO1NKI10LU,,,Du følger virksomheden,,,,,,,,,,,Arbejdskrafts tjenester,
2871,DelGroup A/S,,,,https://www.proff.dk/firma/delgroup-as/roskilde/arbejdskrafts-tjenester/0RO7HOI10LU,,,Du følger virksomheden,,,,,,,,,,,Arbejdskrafts tjenester,
2872,TjenerVikar.dk ApS,,,,https://www.proff.dk/firma/tjenervikar.dk-aps/glostrup/arbejdskrafts-tjenester/0RO8W3I10LU,,,Du følger virksomheden,,,,,,,,,,,Arbejdskrafts tjenester,
2873,RAT Music ApS,,,+4550376213,https://www.proff.dk/firma/rat-music-aps/aarhus-v/arbejdskrafts-tjenester/0ROAQEI10LU,,,Du følger virksomheden,,,,,,,,,,,Arbejdskrafts tjenester,
2874,Co-Worker Technology Denmark ApS,,,,https://www.proff.dk/firma/co-worker-technology-denmark-aps/frederiksberg-c/arbejdskrafts-tjenester/0ROKUCI10LU,,,Du følger virksomheden,,,,,,,,,,,Arbejdskrafts tjenester,
2875,Bifrost Recruitment ApS,,,,https://www.proff.dk/firma/bifrost-recruitment-aps/k%C3%B8benhavn-%C3%B8/arbejdskrafts-tjenester/0ROL84I10LU,,,Du følger virksomheden,,,,,,,,,,,Arbejdskrafts tjenester,
2876,AKS Transport og Vikar ApS,,,,https://www.proff.dk/firma/aks-transport-og-vikar-aps/kolind/arbejdskrafts-tjenester/0ROMOBI10LU,,,Du følger virksomheden,,,,,,,,,,,Arbejdskrafts tjenester,
2877,ER Multiservice ApS,,,+4557205264,https://www.proff.dk/firma/er-multiservice-aps/gandrup/arbejdskrafts-tjenester/0RORM6I10LU,,,Du følger virksomheden,,,,,,,,,,,Arbejdskrafts tjenester,
2878,Bestcare ApS,,,,https://www.proff.dk/firma/bestcare-aps/holstebro/arbejdskrafts-tjenester/0ROTYJI10LU,,,Du følger virksomheden,,,,,,,,,,,Arbejdskrafts tjenester,
2879,Crewio ApS,,,+4531560650,https://www.proff.dk/firma/crewio-aps/aalborg-sv/arbejdskrafts-tjenester/0ROWBJI10LU,,,Du følger virksomheden,,,,,,,,,,,Arbejdskrafts tjenester,
2880,CM industries ApS,,,+4528304902,https://www.proff.dk/firma/cm-industries-aps/langeskov/arbejdskrafts-tjenester/0RP7K1I10LU,,,Du følger virksomheden,,,,,,,,,,,Arbejdskrafts tjenester,
2881,P&C Team ApS,,,+4531221050,https://www.proff.dk/firma/pc-team-aps/k%C3%B8ge/arbejdskrafts-tjenester/0RP7MQI10LU,,,Du følger virksomheden,,,,,,,,,,,Arbejdskrafts tjenester,
2882,VikarKoncept ApS,,,,https://www.proff.dk/firma/vikarkoncept-aps/gadstrup/arbejdskrafts-tjenester/0RP8U8I10LU,,,Du følger virksomheden,,,,,,,,,,,Arbejdskrafts tjenester,
2883,Ergoen & Fyssen ApS,,,+4540591057,https://www.proff.dk/firma/ergoen-fyssen-aps/charlottenlund/arbejdskrafts-tjenester/0RPBI6I10LU,,,Du følger virksomheden,,,,,,,,,,,Arbejdskrafts tjenester,
2884,Beyer Entreprise ApS,,,+4560895591,https://www.proff.dk/firma/beyer-entreprise-aps/k%C3%B8benhavn-s/arbejdskrafts-tjenester/0RPEPRI10LU,,,Du følger virksomheden,,,,,,,,,,,Arbejdskrafts tjenester,
2885,Elaghbeg Engineering Denmark ApS,,,,https://www.proff.dk/firma/elaghbeg-engineering-denmark-aps/k%C3%B8benhavn-s/arbejdskrafts-tjenester/0RPQCSI10LU,,,Du følger virksomheden,,,,,,,,,,,Arbejdskrafts tjenester,
2886,Hirev ApS,,,,https://www.proff.dk/firma/hirev-aps/hellerup/arbejdskrafts-tjenester/0RPRE4I10LU,,,Du følger virksomheden,,,,,,,,,,,Arbejdskrafts tjenester,
2887,Talent Network ApS,,,,https://www.proff.dk/firma/talent-network-aps/k%C3%B8benhavn-k/arbejdskrafts-tjenester/0RPRI0I10LU,,,Du følger virksomheden,,,,,,,,,,,Arbejdskrafts tjenester,
2888,Human Cognito A/S,,,,https://www.proff.dk/firma/human-cognito-as/k%C3%B8benhavn-v/arbejdskrafts-tjenester/0RPSZSI10LU,,,Du følger virksomheden,,,,,,,,,,,Arbejdskrafts tjenester,
2889,MPN Contracting ApS,,,,https://www.proff.dk/firma/mpn-contracting-aps/mariager/arbejdskrafts-tjenester/0RQ28GI10LU,,,Du følger virksomheden,,,,,,,,,,,Arbejdskrafts tjenester,
2890,Djurs Rekruttering,,,+4521806669,https://www.proff.dk/firma/djurs-rekruttering/auning/arbejdskrafts-tjenester/0RQ2S9I10LU,,,Du følger virksomheden,,,,,,,,,,,Arbejdskrafts tjenester,
2891,Academo Sports ApS,,,,https://www.proff.dk/firma/academo-sports-aps/k%C3%B8benhavn-%C3%B8/arbejdskrafts-tjenester/0RQ2Y1I10LU,,,Du følger virksomheden,,,,,,,,,,,Arbejdskrafts tjenester,
2892,Scandia workforce ApS,,,+4581928399,https://www.proff.dk/firma/scandia-workforce-aps/h%C3%B8rsholm/arbejdskrafts-tjenester/0RQ3IAI10LU,,,Du følger virksomheden,,,,,,,,,,,Arbejdskrafts tjenester,
2893,M.O Service ApS,,,,https://www.proff.dk/firma/m.o-service-aps/taastrup/arbejdskrafts-tjenester/0RQ5DGI10LU,,,Du følger virksomheden,,,,,,,,,,,Arbejdskrafts tjenester,
2894,Social Beredskab ApS,,,,https://www.proff.dk/firma/social-beredskab-aps/greve/arbejdskrafts-tjenester/0RQEF5I10LU,,,Du følger virksomheden,,,,,,,,,,,Arbejdskrafts tjenester,
2895,MegaBygg ApS,,,,https://www.proff.dk/firma/megabygg-aps/glostrup/arbejdskrafts-tjenester/0RQHNTI10LU,,,Du følger virksomheden,,,,,,,,,,,Arbejdskrafts tjenester,
2896,Psykiatrivikaren ApS,,,+4526701117,https://www.proff.dk/firma/psykiatrivikaren-aps/vejle/arbejdskrafts-tjenester/0RQJCUI10LU,,,Du følger virksomheden,,,,,,,,,,,Arbejdskrafts tjenester,
2897,Job Team Vendsyssel - Kontor ApS,,,,https://www.proff.dk/firma/job-team-vendsyssel-kontor-aps/hj%C3%B8rring/arbejdskrafts-tjenester/0RQUJXI10LU,,,Du følger virksomheden,,,,,,,,,,,Arbejdskrafts tjenester,
2898,Vikarfix ApS,,,+4560184253,https://www.proff.dk/firma/vikarfix-aps/hornsyld/arbejdskrafts-tjenester/0RQWK1I10LU,,,Du følger virksomheden,,,,,,,,,,,Arbejdskrafts tjenester,
2899,Staffia ApS,,,,https://www.proff.dk/firma/staffia-aps/hellerup/arbejdskrafts-tjenester/0RR0CWI10LU,,,Du følger virksomheden,,,,,,,,,,,Arbejdskrafts tjenester,
2900,The Connect Company ApS,,,,https://www.proff.dk/firma/the-connect-company-aps/aarhus-c/arbejdskrafts-tjenester/0RR0KBI10LU,,,Du følger virksomheden,,,,,,,,,,,Arbejdskrafts tjenester,
2901,Nordic Skillforce ApS,,,,https://www.proff.dk/firma/nordic-skillforce-aps/aarhus-v/arbejdskrafts-tjenester/0RR4N4I10LU,,,Du følger virksomheden,,,,,,,,,,,Arbejdskrafts tjenester,
2902,ProVikar ApS,,,+4522373615,https://www.proff.dk/firma/provikar-aps/br%C3%B8nsh%C3%B8j/arbejdskrafts-tjenester/0RR8XXI10LU,,,Du følger virksomheden,,,,,,,,,,,Arbejdskrafts tjenester,
2903,MPL Connect ApS,,,,https://www.proff.dk/firma/mpl-connect-aps/sp%C3%B8ttrup/arbejdskrafts-tjenester/0RRD29I10LU,,,Du følger virksomheden,,,,,,,,,,,Arbejdskrafts tjenester,
2904,Michael Page Denmark ApS,,,,https://www.proff.dk/firma/michael-page-denmark-aps/k%C3%B8benhavn-v/arbejdskrafts-tjenester/0RRIJDI10LU,,,Du følger virksomheden,,,,,,,,,,,Arbejdskrafts tjenester,
2905,HC Mandskabsudlejning ApS,,,,https://www.proff.dk/firma/hc-mandskabsudlejning-aps/k%C3%B8benhavn-%C3%B8/arbejdskrafts-tjenester/0RRSV6I10LU,,,Du følger virksomheden,,,,,,,,,,,Arbejdskrafts tjenester,
2906,NNP SERVICE ApS,,,+4571586164,https://www.proff.dk/firma/nnp-service-aps/%C3%B8lstykke/arbejdskrafts-tjenester/0RRTG1I10LU,,,Du følger virksomheden,,,,,,,,,,,Arbejdskrafts tjenester,
2907,Genvej Vikar ApS,,,,https://www.proff.dk/firma/genvej-vikar-aps/haderslev/arbejdskrafts-tjenester/0RRUK7I10LU,,,Du følger virksomheden,,,,,,,,,,,Arbejdskrafts tjenester,
2908,TPSS ApS,,,+4550146623,https://www.proff.dk/firma/tpss-aps/lejre/arbejdskrafts-tjenester/0RRW5II10LU,,,Du følger virksomheden,,,,,,,,,,,Arbejdskrafts tjenester,
2909,Tvillingvikar ApS,,,+4525170105,https://www.proff.dk/firma/tvillingvikar-aps/slagelse/arbejdskrafts-tjenester/0RRZ4MI10LU,,,Du følger virksomheden,,,,,,,,,,,Arbejdskrafts tjenester,
2910,PlejeTeamet ApS,,,,https://www.proff.dk/firma/plejeteamet-aps/albertslund/arbejdskrafts-tjenester/0RS2FNI10LU,,,Du følger virksomheden,,,,,,,,,,,Arbejdskrafts tjenester,
2911,UNI Bridge,,,+4542301541,https://www.proff.dk/firma/uni-bridge/odense-c/arbejdskrafts-tjenester/0RS30BI10LU,,,Du følger virksomheden,,,,,,,,,,,Arbejdskrafts tjenester,
2912,Future Works ApS,,,,https://www.proff.dk/firma/future-works-aps/k%C3%B8benhavn-v/arbejdskrafts-tjenester/0RS3FZI10LU,,,Du følger virksomheden,,,,,,,,,,,Arbejdskrafts tjenester,
2913,Statistbooking ApS,,,,https://www.proff.dk/firma/statistbooking-aps/k%C3%B8ge/arbejdskrafts-tjenester/0RS5L5I10LU,,,Du følger virksomheden,,,,,,,,,,,Arbejdskrafts tjenester,
2914,CR Recruiting Group ApS,,,+4529923642,https://www.proff.dk/firma/cr-recruiting-group-aps/roskilde/arbejdskrafts-tjenester/0RS6I2I10LU,,,Du følger virksomheden,,,,,,,,,,,Arbejdskrafts tjenester,
2915,Workiio ApS,,,,https://www.proff.dk/firma/workiio-aps/roskilde/arbejdskrafts-tjenester/0RSH7RI10LU,,,Du følger virksomheden,,,,,,,,,,,Arbejdskrafts tjenester,
2916,Wicadet ApS,,,,https://www.proff.dk/firma/wicadet-aps/vamdrup/arbejdskrafts-tjenester/0RSIUDI10LU,,,Du følger virksomheden,,,,,,,,,,,Arbejdskrafts tjenester,
2917,akut biludlejning og mandskab ApS,,,+4521845437,https://www.proff.dk/firma/akut-biludlejning-og-mandskab-aps/k%C3%B8benhavn-s/arbejdskrafts-tjenester/0RSK4KI10LU,,,Du følger virksomheden,,,,,,,,,,,Arbejdskrafts tjenester,
2918,Holms Vikar Match ApS,,,,https://www.proff.dk/firma/holms-vikar-match-aps/k%C3%B8benhavn-k/arbejdskrafts-tjenester/0RSNLUI10LU,,,Du følger virksomheden,,,,,,,,,,,Arbejdskrafts tjenester,
2919,DFS Vikarservice ApS,,,,https://www.proff.dk/firma/dfs-vikarservice-aps/taastrup/arbejdskrafts-tjenester/0RSR9QI10LU,,,Du følger virksomheden,,,,,,,,,,,Arbejdskrafts tjenester,
2920,Davai Entreprise & vikar ApS,,,,https://www.proff.dk/firma/davai-entreprise-vikar-aps/hvide-sande/arbejdskrafts-tjenester/0RSVZCI10LU,,,Du følger virksomheden,,,,,,,,,,,Arbejdskrafts tjenester,
2921,DDD Gruppen ApS,,,+4560722750,https://www.proff.dk/firma/ddd-gruppen-aps/br%C3%B8ndby/arbejdskrafts-tjenester/0RSZ0KI10LU,,,Du følger virksomheden,,,,,,,,,,,Arbejdskrafts tjenester,
2922,InuitJobs ApS,,,+4542532235,https://www.proff.dk/firma/inuitjobs-aps/k%C3%B8benhavn-s/arbejdskrafts-tjenester/0RT625I10LU,,,Du følger virksomheden,,,,,,,,,,,Arbejdskrafts tjenester,
2923,Northern Light Event Staff ApS,,,,https://www.proff.dk/firma/northern-light-event-staff-aps/spentrup/arbejdskrafts-tjenester/0RT8LGI10LU,,,Du følger virksomheden,,,,,,,,,,,Arbejdskrafts tjenester,
2924,Flex Personale Service,,,+4520867186,https://www.proff.dk/firma/flex-personale-service/r%C3%B8nnede/arbejdskrafts-tjenester/0RTE4AI10LU,,,Du følger virksomheden,,,,,,,,,,,Arbejdskrafts tjenester,
2925,KystGlimt ApS,,,,https://www.proff.dk/firma/kystglimt-aps/esbjerg/arbejdskrafts-tjenester/0RTN1TI10LU,,,Du følger virksomheden,,,,,,,,,,,Arbejdskrafts tjenester,
2926,Nordic Work Group ApS,,,+4522487006,https://www.proff.dk/firma/nordic-work-group-aps/kerteminde/arbejdskrafts-tjenester/0RUCHAI10LU,,,Du følger virksomheden,,,,,,,,,,,Arbejdskrafts tjenester,
2927,BA Serviceafdelingen ApS,,,,https://www.proff.dk/firma/ba-serviceafdelingen-aps/greve/arbejdskrafts-tjenester/0RUCW0I10LU,,,Du følger virksomheden,,,,,,,,,,,Arbejdskrafts tjenester,
2928,KL & Co ApS,,,,https://www.proff.dk/firma/kl-co-aps/glamsbjerg/arbejdskrafts-tjenester/0RUFQ6I10LU,,,Du følger virksomheden,,,,,,,,,,,Arbejdskrafts tjenester,
2929,Byvaro ApS,,,,https://www.proff.dk/firma/byvaro-aps/greve/arbejdskrafts-tjenester/0RUKSJI10LU,,,Du følger virksomheden,,,,,,,,,,,Arbejdskrafts tjenester,
2930,Atlas Workforce ApS,,,+4593959824,https://www.proff.dk/firma/atlas-workforce-aps/frederikshavn/arbejdskrafts-tjenester/0RUN6JI10LU,,,Du følger virksomheden,,,,,,,,,,,Arbejdskrafts tjenester,
2931,ELS Weldcraft ApS,,,+4552395340,https://www.proff.dk/firma/els-weldcraft-aps/k%C3%B8benhavn-s/arbejdskrafts-tjenester/0RUOJKI10LU,,,Du følger virksomheden,,,,,,,,,,,Arbejdskrafts tjenester,
2932,Tej Leasing v/Torben E Jensen,,,+4546496165,https://www.proff.dk/firma/tej-leasing-vtorben-e-jensen/lejre/arbejdskrafts-tjenester/0VHCW2I10LU,,,Du følger virksomheden,,,,,,,,,,,Arbejdskrafts tjenester,
2933,Henning Henningsen,,,+4597331421,https://www.proff.dk/firma/henning-henningsen/ulfborg/arbejdskrafts-tjenester/0Y042CI10LU,,,Du følger virksomheden,,,,,,,,,,,Arbejdskrafts tjenester,
2934,GÅRDEJER ANDERS TORBEN HALD,,,+4586674966,https://www.proff.dk/firma/g%C3%A5rdejer-anders-torben-hald/viborg/arbejdskrafts-tjenester/1821B7I10LU,,,Du følger virksomheden,,,,,,,,,,,Arbejdskrafts tjenester,
