stt,ten_cong_ty,ma_phe_duyet,so_luong_nganh_cap_phep,cac_nganh_hoat_dong,cac_hoat_dong_chi_tiet,dia_chi,thanh_pho,ma_buu_chinh,vung_tinh,quoc_gia,ngay_cap_nhat_moi_nhat
1,A. MEŠKAUSKO IĮ SKERDYKLA,53-03,2,RM (Meat of domestic ungulates) | RPM (Meat products),SH - Slaughterhouse | PP - Processing Plant,"Kauno g. 32B, Kėdainiai",Kėdainiai,LT-57244,Kaunas County,Lithuania,2022-01-07
2,A. Ramanausko individuali įmonė gyvulių skerdykla,LT 66-19 EB,1,RM (Meat of domestic ungulates),SH - Slaughterhouse,"Rabikių g., Rabikių k., Panevėžio r.",Rabikiai,LT-38301,Panevezys County,Lithuania,2025-04-24
3,A.Mišeikio įmonė,32-03,3,"MM (Minced meat, meat preparations and mechanically separated meat – MM, MP, MSM) | RM (Meat of domestic ungulates) | RPM (Meat products)",MP - Meat Preparation Plant; MM - Minced Meat Plant | CP - Cutting Plant | PP - Processing Plant,"Smiltinė 20, Akmenės sen., Akmenės r. sav., Šiaulių apskr.",Smiltinė,LT-85365,Siauliai County,Lithuania,2021-03-15
4,"AB ""Išlaužo žuvis""",LT-69-01 EB,1,FFP (Fishery products - EU),PP - Processing Plant,"Šaltupio g. 31, Šaltupis, Prienų r.",Šaltupis,LT-59302,Kaunas County,Lithuania,2021-03-17
5,"AB ""Limarko Laivininkystės Kompanija"" Transportinis Refrižeratorius ""CASSIOPEA""",LT 21-16 EB,1,FFP (Fishery products - EU),RV - Reefer Vessel; ZV - Freezer Vessel,"Naujoji Uosto g. 8, LT-92125 Klaipėda",Klaipėda,LT-92125,Klaipeda County,Lithuania,2021-03-16
6,"AB ""Limarko Laivininkystės Kompanija"" transportinis refrižeratorius ""AURIGA""",LT21-34EB,1,FFP (Fishery products - EU),RV - Reefer Vessel,"Naujoji Uosto g. 8,LT-92125 Klaipėda,  Lietuva",Klaipėda,LT-92125,Klaipeda County,Lithuania,2021-05-21
7,"AB ""Limarko Laivininkystės Kompanija"" transportinis refrižeratorius ""CAPELLA""",LT 21-19 EB,1,FFP (Fishery products - EU),RV - Reefer Vessel; ZV - Freezer Vessel,"Naujoji Uosto g. 8, LT-92125 Klaipėda",Klaipėda,LT-92125,Klaipeda County,Lithuania,2021-03-16
8,"AB ""Limarko Laivininkystės Kompanija"" transportinis refrižeratorius ""LIBRA""",LT 21-13 EB,1,FFP (Fishery products - EU),RV - Reefer Vessel; ZV - Freezer Vessel,"Naujoji Uosto g. 8, LT-92125 Klaipėda",Klaipėda,LT-92125,Klaipeda County,Lithuania,2021-03-16
9,"AB ""Rokiškio sūris""",39-106 P,1,"MMP (Raw milk, dairy products, colostrum and colostrum-based products)",CC - Collection Centre,"Geležinkelio g. 24,  Pilviškių k., Pilviškių sen., Vilkaviškio r. sav.",Pilviškiai,LT-70482,Marijampole County,Lithuania,2021-03-12
10,AB KELMĖS PIENINĖ,77 - 07P; r LT ŽT 287590,1,"MMP (Raw milk, dairy products, colostrum and colostrum-based products)",PP - Processing Plant,"Gaurės g. 23, Tauragė",Tauragė,LT-72340,Taurage County,Lithuania,2025-02-20
11,AB KLAIPĖDOS PIENAS,LT 21-01 P EB; 520001956,2,"MMP (Raw milk, dairy products, colostrum and colostrum-based products) | GEN (General activity establishment - EU)",PP - Processing Plant | WM - Wholesale Market,Šilutės pl. 33,Klaipėda,LT-91107,Klaipeda County,Lithuania,2021-03-18
12,AB Kaišiadorių paukštynas,LT49-01EB,3,"MM (Minced meat, meat preparations and mechanically separated meat – MM, MP, MSM) | PM (Meat from poultry and lagomorphs) | RPM (Meat products)",MM - Minced Meat Plant; MSM - Mechanically Separated Meat Plant; MP - Meat Preparation Plant | SH - Slaughterhouse; CP - Cutting Plant | PP - Processing Plant,"Kaišiadorys, Paukštininkų g. 15",Kaišiadorys,LT-56110,Kaunas County,Lithuania,2021-03-18
13,AB Kiaulių veislininkystė,303212036,1,RM (Meat of domestic ungulates),SH - Slaughterhouse; CP - Cutting Plant,"Jadvimpolio k., Baisogalos sen., Radviliškio r.",Jadvimpolio k.,LT-82329,Siauliai County,Lithuania,2021-03-18
14,AB MODEST,LT 77-01 PEB; 77-01P,2,"MMP (Raw milk, dairy products, colostrum and colostrum-based products) | GEN (General activity establishment - EU)",PP - Processing Plant | CS - Cold Stores,"TAURAGĖ, GAURĖS G.23",Tauragė,LT-72340,Taurage County,Lithuania,2026-06-21
15,AB PREMIA KPC,190009265,1,GEN (General activity establishment - EU),WM - Wholesale Market,"Taikos pr. 94, Kaunas",Kaunas,LT-51178,Kaunas County,Lithuania,2021-03-19
16,AB Pieno Žvaigždės Fil. Mažeikių Pieninė,61-01P,2,"MMP (Raw milk, dairy products, colostrum and colostrum-based products) | GEN (General activity establishment - EU)",PP - Processing Plant | CS - Cold Stores,"Skuodo g. 4, Mažeikiai, Mažeikių r. sav.",Mažeikiai,LT-89100,Telsiai County,Lithuania,2022-03-31
17,AB Pieno žvaigždės,LT 01-25 EB,1,GEN (General activity establishment - EU),CS - Cold Stores; RW - Re-wrapping Establishment,Justiniškių g. 134,Vilnius,05111,Vilnius County,Lithuania,2021-03-25
18,AB Pieno žvaigždės filialas Kauno pienas,19-01 P,1,"MMP (Raw milk, dairy products, colostrum and colostrum-based products)",PP - Processing Plant,Taikos pr. 90,Kaunas,LT-51181,Kaunas County,Lithuania,2021-03-15
19,AB Pieno žvaigždės filialas Panevėžio pienas,LT 27-01P EB,1,"MMP (Raw milk, dairy products, colostrum and colostrum-based products)",PP - Processing Plant,Tinklų g. 9,Panevežys,35115,Panevezys County,Lithuania,2021-03-04
20,AB Pieno žvaigždės filialas Pasvalio sūrinė,LT67-01P EB,1,"MMP (Raw milk, dairy products, colostrum and colostrum-based products)",PP - Processing Plant,Mūšos g. 14,Pasvalys,LT-39104,Panevezys County,Lithuania,2021-03-15
21,AB Rokiškio sūris,LT73-01P,2,"MMP (Raw milk, dairy products, colostrum and colostrum-based products) | GEN (General activity establishment - EU)",PP - Processing Plant | CS - Cold Stores,Pramones g. 3,Rokiškis,LT-42150,Panevezys County,Lithuania,2024-05-08
22,AB VILKYŠKIŲ PIENINĖ,88-03 P; LT 88-03 P EB; 77-04,2,"MMP (Raw milk, dairy products, colostrum and colostrum-based products) | GEN (General activity establishment - EU)",PP - Processing Plant | CS - Cold Stores,"Tauragės apskr., Pagėgių sav., Vilkyškių sen., Vilkyškiai, Prano Lukošaičio g. 14",Vilkyškiai,LT-99290,Taurage County,Lithuania,2023-12-12
23,"AB VILKYŠKIŲ PIENINĖ , On behalf of LACTRADE IURII RUDENKO  Podbipiety str.31/49, Poland",88 - 03P,1,"MMP (Raw milk, dairy products, colostrum and colostrum-based products)",PP - Processing Plant,"P. Lukošaičio g. 14, Vilkyškių mstl. Pagėgių sav.",Vilkyškiai,LT-99290,Taurage County,Lithuania,2023-01-19
24,AB Vilniaus paukštynas,LT 41-28 EU,4,"MM (Minced meat, meat preparations and mechanically separated meat – MM, MP, MSM) | GEN (General activity establishment - EU) | PM (Meat from poultry and lagomorphs) | RPM (Meat products)",MSM - Mechanically Separated Meat Plant; MM - Minced Meat Plant; MP - Meat Preparation Plant | CS - Cold Stores | SH - Slaughterhouse; CP - Cutting Plant | PP - Processing Plant,Gamyklos g. 27,Rudamina,LT-13249,Vilnius County,Lithuania,2025-06-12
25,AB Žemaitijos pienas,190011025; 19-23,1,GEN (General activity establishment - EU),WM - Wholesale Market | CS - Cold Stores; WM - Wholesale Market,"Taikos pr. 106A, Kaunas",Kaunas,LT-51178,Kaunas County,Lithuania,2021-03-18
26,AB Žemaitijos pienas Kauno filialas,190011803,1,GEN (General activity establishment - EU),WM - Wholesale Market,"Europos pr. 38, Kaunas",Kaunas,LT-46369,Kaunas County,Lithuania,2021-03-18
27,AB-F Šilutės Rambynas,LT-88-01P EB,2,"MMP (Raw milk, dairy products, colostrum and colostrum-based products) | GEN (General activity establishment - EU)",PP - Processing Plant | CS - Cold Stores; RW - Re-wrapping Establishment,"Klaipėdos g. 3, LT-99115 Šilutė",Šilutė,,Klaipeda County,Lithuania,2021-03-17
28,"ANA EU, UAB",LT 33-07,1,RPM (Meat products),PP - Processing Plant,"Centrinė g. 30, Kančėnų k., Daugų sen., Alytaus r. sav., Alytaus apskr.",Kančėnai,LT-64133,Alytus County,Lithuania,2024-06-19
29,Agnė Blechertienė,LT 18-14,1,EEP (Eggs and egg products),EPC - Egg-packing Centre,"Fazanų g. 6, Gustabūdžio k., Šunskų k., Marijampolės sav.",Gustabūdis,LT-69360,Marijampole County,Lithuania,2021-03-14
30,Albertas Davidavičius,LT 42-010 Ž,1,FFP (Fishery products - EU),FFPP - Fresh Fishery Products Plant,"Elektrėnų sav., Vievio sen., Zabakos k.",Zabaka,LT-21381,Vilnius County,Lithuania,2021-03-22
31,Aleksandro Pupkevčiaus indviduali veikla,86-05,1,GEN (General activity establishment - EU),WM - Wholesale Market,"Postavų g. 82, Adutiškis, Adutiškio sen., Švenčionių r. sav.",Adutiškis,LT-18290,Vilnius County,Lithuania,2021-03-19
32,Algis Bukauskas,LT 81-007,1,RPM (Meat products),PP - Processing Plant,Alionys,Alionys,,Vilnius County,Lithuania,2022-01-11
33,Artūras Padimanskas,LT 39-07,2,RM (Meat of domestic ungulates) | RPM (Meat products),SH - Slaughterhouse | PP - Processing Plant,"V. Pietario g. 1, Bebrininkų k., Pilviškių sen., Vilkaviškio r. sav.",Bebrininkai,LT-70301,Marijampole County,Lithuania,2021-03-09
34,Arūno Petriko IĮ,LT 78-06 EB,1,RPM (Meat products),PP - Processing Plant,"Purpių k.5E, Ryškėnų sen., Telšių r. sav.",Purplių k.,LT-87150,Telsiai County,Lithuania,2021-03-19
35,Arūno Raulinavičiaus PĮ,LT 41-012 Ž,1,FFP (Fishery products - EU),FFPP - Fresh Fishery Products Plant,Vanaginės k.,Vanaginė,,Vilnius County,Lithuania,2021-03-26
36,Arūno Ševelio ūkis,46-08,1,EEP (Eggs and egg products),EPC - Egg-packing Centre,"Kauno apskr. Jonavos r. sav., Bukonių sen., Narauninkiškių k. 14",Narauninkiškiai,LT-55431,Kaunas County,Lithuania,2021-03-18
37,Audrius Tunaitis,58-024,1,"MM (Minced meat, meat preparations and mechanically separated meat – MM, MP, MSM)",MM - Minced Meat Plant,"Maironio g. 11A, Kazlų Rūda",Kazlu Ruda,69440,Marijampole County,Lithuania,2021-03-14
38,"BALTIC CASTINGS, UAB",LT 11-03,1,"CAS (Treated stomachs, bladders and intestines: casings only)",PP - Processing Plant,Pramonės g. 31,Alytus,LT-62175,Alytus County,Lithuania,2021-03-18
39,"BIOVELA-UTENOS MĖSA, UAB",LT 17 EB,7,"MM (Minced meat, meat preparations and mechanically separated meat – MM, MP, MSM) | WM (Wild game meat) | GEN (General activity establishment - EU) | CAS (Treated stomachs, bladders and intestines: casings only) | RM (Meat of domestic ungulates) | GM (Meat of farmed game) | RPM (Meat products)",MM - Minced Meat Plant; MP - Meat Preparation Plant | CP - Cutting Plant | CS - Cold Stores | PP - Processing Plant | SH - Slaughterhouse; CP - Cutting Plant,Pramonės g. 4,Utena,28216,Utena County,Lithuania,2025-01-24
40,Baltic Air Logistics Terminal,LT 01-01,1,GEN (General activity establishment - EU),CS - Cold Stores,Rodunios kel. 18,Vilnius,LT-02188,Vilnius County,Lithuania,2021-03-25
41,"Baltic Champs, UAB",LT 89-04,1,GEN (General activity establishment - EU),CS - Cold Stores,"Zosinos g. 5, Širvintos",Širvintos,LT-19117,Vilnius County,Lithuania,2021-12-17
42,Birutės Revuckienės IĮ,Lt-12-04,1,RM (Meat of domestic ungulates),SH - Slaughterhouse,Birštono sav.LT-59451,Nemajūnai,,Kaunas County,Lithuania,2021-03-17
43,CAPELLA“ Reefer Vessel RV,21-19,1,FFP (Fishery products - EU),ZV - Freezer Vessel,CAPELLA“ Reefer vessel RV,Klaipėda,LT-92121,Klaipeda County,Lithuania,2020-01-15
44,Dainoros Račkauskienės ind. įmonė,61-17,3,"MM (Minced meat, meat preparations and mechanically separated meat – MM, MP, MSM) | RM (Meat of domestic ungulates) | RPM (Meat products)",MM - Minced Meat Plant; MP - Meat Preparation Plant | CP - Cutting Plant | PP - Processing Plant,"Bažnyčios g. 17, Mažeikiai, Mažeikių sen., Mažeikių r. sav., Telšių apskr.",Mažeikiai,LT-89232,Telsiai County,Lithuania,2021-03-15
45,Danutė Muraškaitė,48-026,1,"MM (Minced meat, meat preparations and mechanically separated meat – MM, MP, MSM)",MM - Minced Meat Plant,"Laisvės g. 20, Kalvarija",Kalvarija,LT-69214,Marijampole County,Lithuania,2021-03-14
46,Deimantė Krivickaitė,53-14,1,RM (Meat of domestic ungulates),SH - Slaughterhouse,"Norkūnų k.,Krakių s.,Kėdainių r.",Norkūnai,,Kaunas County,Lithuania,2022-01-10
47,Donato Vaicikausko IĮ Mėsininkas,68-14,1,RPM (Meat products),PP - Processing Plant,"Minijos g. 31C, Juodeikių k., Plungės r. sav.",Juodeikiai,LT-90373,Telsiai County,Lithuania,2021-03-23
48,EMIRONAS UAB,130018865,1,GEN (General activity establishment - EU),WM - Wholesale Market,"V. A. Graičiūno g. 24A, LT-02241 Vilnius",Vilnius,LT-02241,Vilnius County,Lithuania,2026-01-16
49,EUROCRICKETS UAB,LT38-06,1,GEN (General activity establishment - EU),WM - Wholesale Market,Merkio str. 87,Dargužiai,LT-65444,Alytus County,Lithuania,2024-10-15
50,Edgaras Ivanauskas,190009585,1,GEN (General activity establishment - EU),WM - Wholesale Market,"Pelėdų takas 11, Kaunas",Kaunas,LT-51178,Kaunas County,Lithuania,2021-03-19
51,Edmundas Valatka,Lt-12-03 EB,1,RM (Meat of domestic ungulates),SH - Slaughterhouse,"Gryšios g. 10, Nečiūnai, Birštono sav. LT-59452",Nečiūnai,LT-59218,Kaunas County,Lithuania,2021-03-17
52,Edvardas Gelažius,LT 84-05,1,EEP (Eggs and egg products),EPC - Egg-packing Centre,"Kerų k., Lukšių sen., Šakių r. sav.",Liepalotai,LT-69047,Marijampole County,Lithuania,2021-03-14
53,Espersen Lietuva UAB,LT 21-15 EB,1,FFP (Fishery products - EU),PP - Processing Plant,"Pramonės g. 15, LT-94102 Klaipėda",Klaipėda,LT-94102,Klaipeda County,Lithuania,2021-03-12
54,F. Šlėvės šaltieji sandeliai,9383611,1,GEN (General activity establishment - EU),CS - Cold Stores,"Plento g. 7, Velžių k., Radviliškio rajonas",Velžių k.,LT-82218,Siauliai County,Lithuania,2021-03-18
55,"FMCG prekyba, UAB",190010508; 520001933,1,GEN (General activity establishment - EU),WM - Wholesale Market,"Taikos pr. 94, Kaunas",Kaunas,LT-51178,Kaunas County,Lithuania,2021-03-18
56,"Ferogama, UAB",LT 01-14,1,GEN (General activity establishment - EU),CS - Cold Stores,Agrastų g. 2,Vilnius,LT-02243,Vilnius County,Lithuania,2021-03-25
57,Ferroc UAB,530001547,1,RPM (Meat products),PP - Processing Plant,"Vandenvietės g. 9, LT-57242 Kėdainiai",Kėdainiai,LT-57242,Kaunas County,Lithuania,2024-09-24
58,"Fish Processing Net, UAB",79-09,2,FFP (Fishery products - EU) | GEN (General activity establishment - EU),WM - Wholesale Market; FFPP - Fresh Fishery Products Plant | RW - Re-wrapping Establishment,"Tarpupio g. 29, Mamavio k., Trakų r. sav.",Mamavys,LT-21169,Vilnius County,Lithuania,2025-10-14
59,G. Drakšo IĮ,LT 79-03,1,"MM (Minced meat, meat preparations and mechanically separated meat – MM, MP, MSM)",MP - Meat Preparation Plant,Žiedo g. 30,Vaickūniškės,LT-21242,Vilnius County,Lithuania,2021-03-26
60,"G. Kanaševičiaus PĮ ,,Desė""",LT49-08EB,2,FFP (Fishery products - EU) | GEN (General activity establishment - EU),PP - Processing Plant | RW - Re-wrapping Establishment,"Naujažerio g. 2A, Žaslių mstl., Žaslių sen., Kaišiadorių r. sav.",Naujažeris,LT-56413,Kaunas County,Lithuania,2021-03-18
61,G. Šlinsko individuali įmonė,LT75-04EB,1,GM (Meat of farmed game),SH - Slaughterhouse,"Vingio g. 5, Gėsalų k., Aleksandrijos sen., Skuodo r. sav.",Aleksandrija,LT-98333,Klaipeda County,Lithuania,2021-04-15
62,GINTARO BIČKAUS ĮMONĖ RENGMĖ,LT29-15; LT 01-36 EB,1,GEN (General activity establishment - EU),CS - Cold Stores,"KUPIŠKIO G.7, Šiauliai",Šiauliai,LT-76146,Siauliai County,Lithuania,2021-03-25
63,"GL ""JŪROS VILKAS"" FV",21-32,1,FFP (Fishery products - EU),FV - Factory Vessel,Ukmergės g. 14,Klaipėda,LT-92121,Klaipeda County,Lithuania,2020-01-15
64,"GL ""KARALIUS"" FV",21-31,1,FFP (Fishery products - EU),FV - Factory Vessel,Ukmergės g. 14,Klaipėda,LT-92121,Klaipeda County,Lithuania,2020-01-15
65,Gelena Brokartienė,LT 79-007 Ž,1,FFP (Fishery products - EU),FFPP - Fresh Fishery Products Plant,Vilniaus mažoji g. 2B,Trakai,LT-21117,Vilnius County,Lithuania,2021-03-26
66,"Groward group, UAB",520001871; 190011857; 520001872,1,GEN (General activity establishment - EU),WM - Wholesale Market,"Marijampolės g. 27, Pagiriai, Garliavos sen., Kauno r.",Pagiriai,LT-53282,Kaunas County,Lithuania,2021-03-18
67,Halina Levandovskaja,41-020 M,1,PM (Meat from poultry and lagomorphs),SH - Slaughterhouse,Upelio g. 1,Gineitiškės,LT-14166,Vilnius County,Lithuania,2021-03-16
68,"IKI LOGISTIKOS CENTRAS ,UAB PALINK",LT66-03 EB,1,GEN (General activity establishment - EU),CS - Cold Stores,"VAISVILČIŲ II K., UPYTĖS SEN.,,PANEVĖŽIO R. SAV., LT-38292",Panevėžys,LT-35001,Panevezys County,Lithuania,2021-03-17
69,Ingrida Kirvaitienė,LT 39-05,2,RM (Meat of domestic ungulates) | RPM (Meat products),CP - Cutting Plant | PP - Processing Plant,"M. Valančiaus g. 73, Vilkaviškis",Vilkaviškis,LT-70132,Marijampole County,Lithuania,2021-03-09
70,IĮ Grenesta,LT 41-17,1,RPM (Meat products),PP - Processing Plant,Daškūnų g. 15,Skaidiškės,LT-13268,Vilnius County,Lithuania,2021-06-22
71,IĮ Linolis,LT 54-04,1,RPM (Meat products),PP - Processing Plant,"Šilo Pavėžupio g.16, Laikšių k., Šaukėnų sen., Kelmės r. sav. LT-86422",Kelmė,LT-86137,Siauliai County,Lithuania,2021-03-19
72,IĮ Sigmega,LT 78-04 EB,1,RPM (Meat products),PP - Processing Plant,"Mokyklos g. 2, LT -88202, Kaunatava, Upynos sen., Telšių r. sav.",Kaunatava,LT-88202,Telsiai County,Lithuania,2021-03-19
73,Juozas Burbulevičius,LT--69-03 EB,1,RM (Meat of domestic ungulates),SH - Slaughterhouse,"Lelijų g. 4, Giniūnai, Prienų r.",Giniūnai,LT-59301,Kaunas County,Lithuania,2021-03-17
74,Juozo Žydelio IĮ,LT 39-02,1,PM (Meat from poultry and lagomorphs),CP - Cutting Plant,"Rimgaudo g. 26, Vilkaviškis",Vilkaviškis,LT-70138,Marijampole County,Lithuania,2021-03-09
75,KB Oxmeat,LT 41-02,2,"MM (Minced meat, meat preparations and mechanically separated meat – MM, MP, MSM) | RPM (Meat products)",MP - Meat Preparation Plant | PP - Processing Plant,Švenčionių g. 114,Nemenčinė,LT-15168,Vilnius County,Lithuania,2021-03-25
76,Kooperatyvas  Gera mėsa,63-01,3,"MM (Minced meat, meat preparations and mechanically separated meat – MM, MP, MSM) | RM (Meat of domestic ungulates) | RPM (Meat products)",MM - Minced Meat Plant | CP - Cutting Plant | PP - Processing Plant,"Tauragės apskr., Pagėgių sav., Stoniškių sen., Šilgaliai, Vilkos g. 2",Šilgaliai,LT-99290,Taurage County,Lithuania,2021-03-17
77,Kristina Kučinskienė,LT 18-08,1,RM (Meat of domestic ungulates),SH - Slaughterhouse; CP - Cutting Plant,"Sasnos g. 5, Kantališkių k., Sasnavos  sen., Marijampolės sav.",Kantališkiai,LT-69481,Marijampole County,Lithuania,2021-03-12
78,L. Šemetulskio IĮ,LT 55-31 EB,1,FFP (Fishery products - EU),PP - Processing Plant,"Draugystės g. 13, Girkaliai, Klaipėdos r.",Girkaliai,LT-00100,Klaipeda County,Lithuania,2021-03-15
79,"LIT EGG, UAB",68-70,1,EEP (Eggs and egg products),EPC - Egg-packing Centre,"Vyturio g.2, Plungės r. sav.",Kaušėnai,LT-90143,Telsiai County,Lithuania,2021-03-22
80,"LT Medus, UAB",190006337,1,GEN (General activity establishment - EU),WM - Wholesale Market,"Kauno apskr., Kauno r., Biruliškių k., Terminalo g. 6",Biruliškės,LT-54469,Kaunas County,Lithuania,2022-09-29
81,Laima Rinkevičienė,LT 33-02,1,RM (Meat of domestic ungulates),SH - Slaughterhouse,"Nemuno g. 56, Panemuninkų k., Alytaus sen., Alytaus r. sav.",Panemuninkai,LT-62185,Alytus County,Lithuania,2021-03-09
82,Laimučio Palionio firma,190011815,1,GEN (General activity establishment - EU),WM - Wholesale Market,"Europos pr. 36, Kaunas",Kaunas,LT-46369,Kaunas County,Lithuania,2021-03-18
83,"Lavisos Lez terminalas, UAB",52-24,1,GEN (General activity establishment - EU),CS - Cold Stores; WM - Wholesale Market,"Terminalo g. 6, Kauno raj.",Kaunas,LT-54469,Kaunas County,Lithuania,2022-09-07
84,Leono Kudirkos IĮ,LT 39-06,1,RPM (Meat products),PP - Processing Plant,"Nepriklausomybės g. 41, Kybartų k., Kybartų sen., Vilkaviškio r. sav.",Kybartai,LT-70424,Marijampole County,Lithuania,2021-03-09
85,Litcargus; UAB,LT 01-16 EB,1,GEN (General activity establishment - EU),CS - Cold Stores,Rodūnios kelias 2,Vilnius,02189,Vilnius County,Lithuania,2021-12-03
86,"MAXIMA LT, UAB",01-22; 18-003; 19-42; 520001967; 190012170; 19-13; 19-17; LT 18-09; 19-16,4,"MM (Minced meat, meat preparations and mechanically separated meat – MM, MP, MSM) | GEN (General activity establishment - EU) | RM (Meat of domestic ungulates) | RPM (Meat products)",MM - Minced Meat Plant; MP - Meat Preparation Plant | MM - Minced Meat Plant | MP - Meat Preparation Plant; MM - Minced Meat Plant | WM - Wholesale Market | CP - Cutting Plant | PP - Processing Plant,Savanorių pr. 247,Vilnius,02300,Vilnius County,Lithuania,2021-03-19
87,"MB ""Gurmanas""",61-07,3,"MM (Minced meat, meat preparations and mechanically separated meat – MM, MP, MSM) | RM (Meat of domestic ungulates) | RPM (Meat products)",MM - Minced Meat Plant; MP - Meat Preparation Plant | CP - Cutting Plant | PP - Processing Plant,"Melioratorių g. 1C-1, Mažeikiai. Mažeikių sen., Mažeikių r. sav., Telšių apskr.",Mažeikiai,LT-89145,Telsiai County,Lithuania,2021-03-15
88,"MB ""Kiaulienos ūkis""",LT 18-17 EB,1,RM (Meat of domestic ungulates),SH - Slaughterhouse,"Patašinės g. 44, Patašinės k., Marijampolės sen., Marijampolės sav.",Patašinė,LT-69104,Marijampole County,Lithuania,2022-09-12
89,"MB ""Laigrida""",LT 39-21,2,RM (Meat of domestic ungulates) | RPM (Meat products),CP - Cutting Plant | PP - Processing Plant,"Gluosnių g. 1, Čyčkų k., Šeimenos sen., Vilkaviškio r. sav.",Vilkaviškis,LT-70138,Marijampole County,Lithuania,2021-03-14
90,"MB ""Mėsos klubas""",41-22,3,"MM (Minced meat, meat preparations and mechanically separated meat – MM, MP, MSM) | RM (Meat of domestic ungulates) | RPM (Meat products)",MM - Minced Meat Plant; MP - Meat Preparation Plant | CP - Cutting Plant | PP - Processing Plant,"Vilniaus r. sav., Sudervės sen., Buiniškių k., Adomo Mickevičiaus g. 253",Buiniškės,LT-14202,Vilnius County,Lithuania,2026-03-02
91,"MB ""Patented MT""",46-18,1,"MMP (Raw milk, dairy products, colostrum and colostrum-based products)",PP - Processing Plant,"Jonavos r. sav., Jonavos sen., Jonava, Girelės g. 1C",Jonava,LT-55111,Kaunas County,Lithuania,2026-02-23
92,"MB ""RADŪMA""",LT 56-04 EB,1,RPM (Meat products),PP - Processing Plant,"Metalo g. 7, Kluonalių k., LT-97193 Kretingos r.",Kluonaliai,LT-97133,Klaipeda County,Lithuania,2021-03-22
93,"MB ""Rojaus mėsytė""",LT52-37EB,1,RPM (Meat products),PP - Processing Plant,"Vandžiogalos pl.196, Eigirgalos k.  Domeikavos sen., Kauno r.",Eigirgalos k.,LT-54341,Kaunas County,Lithuania,2021-04-09
94,"MB ""Spirgius""",84-007V,1,"MM (Minced meat, meat preparations and mechanically separated meat – MM, MP, MSM)",MM - Minced Meat Plant,"Kauno g. 1, Lekėčių k., Lekėčių sen., Šakių r. sav.",Lekėčiai,LT-71225,Marijampole County,Lithuania,2021-03-14
95,"MB ""Suvalkijos mėsos gaminiai""",LT 18-10,2,RM (Meat of domestic ungulates) | RPM (Meat products),CP - Cutting Plant | PP - Processing Plant,"Parko g. 3, Narto k., Liudvinavo sen., Marijampolės sav.",Nartas,LT-68124,Marijampole County,Lithuania,2021-03-09
96,"MB ,,Ostvalds fabrica""",LT49-11 P EB,1,"MMP (Raw milk, dairy products, colostrum and colostrum-based products)",PP - Processing Plant,"Jovarų g. 44, Liutonių k., Žiežmarių apyl. sen., Kaišiadorių r. sav., LT-56204",Liutonys,,Kaunas County,Lithuania,2021-03-18
97,"MB ,,Vidneras""",LT49-15EB,1,RPM (Meat products),PP - Processing Plant,"Vytauto Didžiojo g. 112A, Kaišiadorys, Kaišiadorių r. sav.",Kaišiadorys,LT-56111,Kaunas County,Lithuania,2021-03-18
98,MB Aksnita,LT 01-074 Ž,1,FFP (Fishery products - EU),PP - Processing Plant,Liepkalnio g. 188,Vilnius,LT-08200,Vilnius County,Lithuania,2021-03-25
99,MB Avidus,LT 41-12,1,GM (Meat of farmed game),SH - Slaughterhouse,Švenčionių g. 114,Nemenčinė,LT-15168,Vilnius County,Lithuania,2021-03-23
100,MB Bajorų mėsa,LT 41-017 M,1,"MM (Minced meat, meat preparations and mechanically separated meat – MM, MP, MSM)",MP - Meat Preparation Plant,"Pakovarniškių k., Marijampolio sen., Vilniaus r.",Pakovarniškės,,Vilnius County,Lithuania,2021-03-25
101,MB Brazių ūkis,LT 42-009,1,"MM (Minced meat, meat preparations and mechanically separated meat – MM, MP, MSM)",MP - Meat Preparation Plant,"Elektrėnų sav., Vievis, Vilniaus g. 29",Vievis,LT-21376,Vilnius County,Lithuania,2021-03-22
102,MB Brolių mėsinė,LT 01-111 M,1,"MM (Minced meat, meat preparations and mechanically separated meat – MM, MP, MSM)",MP - Meat Preparation Plant,Kalvarijų g. 61,Vilnius,09304,Vilnius County,Lithuania,2021-03-25
103,MB Dumus,LT 01-107 Ž,1,FFP (Fishery products - EU),PP - Processing Plant,Juodasis kelias 30,Vilnius,11346,Vilnius County,Lithuania,2021-03-25
104,MB Dūmykla,01-105 M,1,"MM (Minced meat, meat preparations and mechanically separated meat – MM, MP, MSM)",MP - Meat Preparation Plant,Petro Baublio g. 1a,Vilnius,08419,Vilnius County,Lithuania,2021-03-16
105,"MB FOOD LT, UAB",520001537; 520001536,1,GEN (General activity establishment - EU),WM - Wholesale Market,"Marijampolės g. 27, Pagiriai, Garliavos sen., Kauno r.",Pagiriai,LT-53282,Kaunas County,Lithuania,2021-03-18
106,MB Grainis,520001369,1,SPR (Sprouts),PdP - Producing Plant,"Universiteto g. 8A, Akademija, LT-53341 Kaunas",Kaunas,LT-44240,Kaunas County,Lithuania,2020-01-15
107,MB Grundalas,LT66-33 EB,1,FFP (Fishery products - EU),PP - Processing Plant,"Tilvyčio g. 124, Vaišvilčių II k., LT-38292",Vaišvilčiai II,LT-38365,Panevezys County,Lithuania,2021-03-16
108,MB IMON ITAU,190012355,1,GEN (General activity establishment - EU),WM - Wholesale Market,"Kauno apskr. Kauno m. sav., Kaunas, Raudondvario pl. 162",Kaunas,LT-47174,Kaunas County,Lithuania,2021-03-18
109,MB Ingamina,LT 41-14 EB,1,"MM (Minced meat, meat preparations and mechanically separated meat – MM, MP, MSM)",MP - Meat Preparation Plant,"Sodų g. 1,",Dūkštos,LT-14222,Vilnius County,Lithuania,2021-03-23
110,MB Kaimo mėsinė,LT 54-09,1,RPM (Meat products),PP - Processing Plant,"Šiluvos g.24, Tytuvėnai, Tytuvėnų sen., Kelmės r. sav. LT-86494",Kelmė,LT-86137,Siauliai County,Lithuania,2021-03-19
111,MB Kindziulis,01-55,1,GEN (General activity establishment - EU),WM - Wholesale Market; CS - Cold Stores,"Kirtimų g. 57 A, Vilnius",Vilnius,LT-02244,Vilnius County,Lithuania,2026-01-26
112,MB LILĖS SŪRIAI,53-02P,1,"MMP (Raw milk, dairy products, colostrum and colostrum-based products)",PP - Processing Plant,"Liepupio g., 3, Piliamantas, Dotnuvos sen., Kėdainių r",Piliamantas,LT-58331,Kaunas County,Lithuania,2021-03-18
113,MB LITHUANIAN BEE,86-03,1,GEN (General activity establishment - EU),WM - Wholesale Market,"Postavų g. 82, Adutiškis, Adutiškio sen., Švenčionių r. sav.",Adutiškis,LT-18290,Utena County,Lithuania,2021-03-19
114,MB Lašinukai,LT 41-21,1,"MM (Minced meat, meat preparations and mechanically separated meat – MM, MP, MSM)",MP - Meat Preparation Plant,"Vilniaus r., Jarmališkių k. 7A",Jarmališkės,,Vilnius County,Lithuania,2021-05-19
115,MB Mantų statyba,19-18,1,FFP (Fishery products - EU),PP - Processing Plant,"Jonavos g. 68, Kaunas",Kaunas,LT-44181,Kaunas County,Lithuania,2021-03-18
116,MB Margas lukštas,52-20,1,EEP (Eggs and egg products),PP - Processing Plant,"Marčiupio g. 42, Smiltynų II k., Lapių sen., Kauno r.",Smiltynų II k.,LT-54424,Kaunas County,Lithuania,2021-03-19
117,MB PISCATOR,53-12,1,FFP (Fishery products - EU),PP - Processing Plant,"Parko g., 15C, Akademijos mst., Dotnuvos sen., Kėdainių r.",Akademija,LT-58344,Kaunas County,Lithuania,2021-03-18
118,MB Rūkyklėlė,LT 01-27 EB,1,RPM (Meat products),PP - Processing Plant,Verslo g. 16,Grigaičių k.,LT-11236,Vilnius County,Lithuania,2021-03-25
119,MB Shimas,LT 01-034 M,1,"MM (Minced meat, meat preparations and mechanically separated meat – MM, MP, MSM)",MP - Meat Preparation Plant,Ratnyčios g. 34,Vilnius,08231,Vilnius County,Lithuania,2021-03-25
120,MB Skonio lobis,LT 01-109 M,1,"MM (Minced meat, meat preparations and mechanically separated meat – MM, MP, MSM)",MP - Meat Preparation Plant,Geologų g. 6,Vilnius,02190,Vilnius County,Lithuania,2021-03-25
121,MB TOKA FOOD,520001665,1,GEN (General activity establishment - EU),WM - Wholesale Market,"Kauno apskr., Kauno r. sav., Garliavos apylinkių sen., Pagirių k., Marijampolės g. 27",Pagiriai,LT-53282,Kaunas County,Lithuania,2021-03-19
122,MB Ungurio koja,LT 01-089 Ž,1,FFP (Fishery products - EU),PP - Processing Plant,Meistrų g. 11,Vilnius,02189,Vilnius County,Lithuania,2021-03-26
123,MB Žibartonių mėsa,LT66-02 EB,2,RM (Meat of domestic ungulates) | RPM (Meat products),SH - Slaughterhouse; CP - Cutting Plant | PP - Processing Plant,"Žibartonių g.50, Žibartonių k., Panevėžio r.",Žibartoniai,LT-38301,Panevezys County,Lithuania,2025-04-24
124,"MBA FOOD, UAB",52-03,3,"MM (Minced meat, meat preparations and mechanically separated meat – MM, MP, MSM) | RM (Meat of domestic ungulates) | RPM (Meat products)",MP - Meat Preparation Plant | CP - Cutting Plant | PP - Processing Plant,"Parko g. 8, Bubių k., Batniavos sen., Kauno raj.",Bubiai,LT-54189,Kaunas County,Lithuania,2021-03-19
125,"MEL LT, MB",520001776,1,GEN (General activity establishment - EU),WM - Wholesale Market,"Kauno apskr. Kauno r. sav., Karmėlavos sen., Biruliškių k., Terminalo g. 6",Kaunas,LT-54469,Kaunas County,Lithuania,2021-03-18
126,MV GROUP DISTRIBUTION LT,130001204,1,GEN (General activity establishment - EU),WM - Wholesale Market,"V.A.Graičiūno g. 38, LT-02244 Vilnius",Vilnius,LT-02244,Vilnius County,Lithuania,2024-09-02
127,Mečislovo Mlečkos mėsos gaminių cechas,LT 41-013 M,1,"MM (Minced meat, meat preparations and mechanically separated meat – MM, MP, MSM)",MP - Meat Preparation Plant,Miško g. 21,Skaidiškių k.,LT-13276,Vilnius County,Lithuania,2021-06-22
128,"Mogemas, UAB",LT82-04EB,1,RPM (Meat products),PP - Processing Plant,Pramonės g. 4,Utena,28216,Utena County,Lithuania,2022-02-23
129,Moguntia Baltija UAB,LT 55-01 EB,1,GEN (General activity establishment - EU),CS - Cold Stores; WM - Wholesale Market,"Paupių g. 1, Klemiškės I k., LT-91291 Klaipėdos r.",Klaipėda,LT-91241,Klaipeda County,Lithuania,2021-03-12
130,NOWACO  A/S,62497718,1,GEN (General activity establishment - EU),WM - Wholesale Market,"Taikos pr. 96, Kaunas",Kaunas,LT-51178,Kaunas County,Lithuania,2023-12-11
131,"Premuita, UAB",LT 01-32 EB,1,GEN (General activity establishment - EU),CS - Cold Stores; WM - Wholesale Market,Kirtimų g. 69,Vilnius,02244,Vilnius County,Lithuania,2022-06-14
132,R. Pinaičio IĮ,LT 94-15 EB,3,"MM (Minced meat, meat preparations and mechanically separated meat – MM, MP, MSM) | RM (Meat of domestic ungulates) | RPM (Meat products)",MP - Meat Preparation Plant; MM - Minced Meat Plant | SH - Slaughterhouse; CP - Cutting Plant | PP - Processing Plant,"Ateities g. 5, Girdžiai, Girdžių sen., Jurbarko r. sav., Tauragės apskr.",Girdžiai,,Taurage County,Lithuania,2021-03-19
133,R.Valiulio individuali įmonė,73-05,1,RM (Meat of domestic ungulates),SH - Slaughterhouse,"Juozapavos k. 3, Rokiškio km. sen., Rokiškio r. sav.",Juozapavos k.,LT-42103,Panevezys County,Lithuania,2025-04-24
134,R.ŠLEPIENĖS ĮMONĖ,LT 72-08,1,RM (Meat of domestic ungulates),SH - Slaughterhouse,Jono Pauliaus II g.13,Šiluva,LT-60432,Kaunas County,Lithuania,2021-03-19
135,"RIMI Logistics, UAB",LT 42-04; 42-07,1,GEN (General activity establishment - EU),CS - Cold Stores; WM - Wholesale Market | CS - Cold Stores,"Kauno g. 53, Vievis, Vievio sen., Elektrėnų sav.",Vievis,LT-21371,Vilnius County,Lithuania,2026-06-22
136,ROLANDO LAZDAUSKO ĮMONĖ,190003912,1,GEN (General activity establishment - EU),WM - Wholesale Market,"Kauno apskr. Kauno m. sav., Kaunas, R. Kalantos g. 76",Kaunas,LT-52362,Kaunas County,Lithuania,2021-03-18
137,Rimutės Povilaitienės firma,19-21,2,"MM (Minced meat, meat preparations and mechanically separated meat – MM, MP, MSM) | RPM (Meat products)",MP - Meat Preparation Plant | PP - Processing Plant,"Dvarų g. 47, Kaunas",Kaunas,LT-46399,Kaunas County,Lithuania,2021-03-19
138,Ričardo Lapinsko ūkis,LT 54-08,1,PM (Meat from poultry and lagomorphs),SH - Slaughterhouse,"Vilbėno g.23, Verpenos k., Kelmės apyl .sen., Kelmės r. sav. LT- 86105",Kelmė,LT-86137,Siauliai County,Lithuania,2025-04-03
139,Romo Goštauto įnd. įmonė,46-05,1,RPM (Meat products),PP - Processing Plant,"Kauno apskr., Jonavos r. sav., Šilų sen., Praulių k., Žalioji g. 15",Prauliai,LT-55461,Kaunas County,Lithuania,2021-03-18
140,Romualdo Karbausko ind.įmonė,61-05,3,"MM (Minced meat, meat preparations and mechanically separated meat – MM, MP, MSM) | RM (Meat of domestic ungulates) | RPM (Meat products)",MM - Minced Meat Plant; MP - Meat Preparation Plant | CP - Cutting Plant | PP - Processing Plant,"Pumpurų g.25, Reivyčiai, Reivyčių sen., Mažeikių r.sav., Telšių apskr.",Reivyčiai,LT-89301,Telsiai County,Lithuania,2021-03-17
141,Rytis Matuliauskas,LT 01-102 Ž,1,FFP (Fishery products - EU),PP - Processing Plant,Šlamučių g. 20,Vilnius,10013,Vilnius County,Lithuania,2021-03-26
142,S. Momeniškio firma Gurmanas,LT66-04 EB,1,RPM (Meat products),PP - Processing Plant,"Žalioji g. 1C, Uliūnų k., LT-38241",Uliūnai,,Panevezys County,Lithuania,2021-03-16
143,SANITEX UAB,110443493,1,GEN (General activity establishment - EU),CS - Cold Stores,"Alšėnų str. 8, 12. Kampiškiai.  Kauno district. LT-53303",Kaunas,LT47500,Kaunas County,Lithuania,2024-04-30
144,SKAISTGIRIO ŽŪB ŽAGARĖS PIENINĖ,LT 47-05,1,"MMP (Raw milk, dairy products, colostrum and colostrum-based products)",PP - Processing Plant,"Liepų g. 20C, Skaistgirio mst., Joniškio r. sav.",Skaistgirys,,Siauliai County,Lithuania,2021-03-18
145,SPAISVILĖ UAB,LT 94-05 EB,1,GEN (General activity establishment - EU),CS - Cold Stores; RW - Re-wrapping Establishment,Dirbtuvių g. 5,Sarapiniškiai,LT-74276,Taurage County,Lithuania,2021-03-23
146,Sigitas Petraitis  ŪKININKO ŪKIS,LT 47- 04,1,GM (Meat of farmed game),SH - Slaughterhouse,"Sodų g.2, Ziniūnai, Joniškio r. sav.",Ziniūnai,LT-84143,Siauliai County,Lithuania,2021-03-18
147,TORES LT UAB,190008649,1,GEN (General activity establishment - EU),WM - Wholesale Market,"Kauno apskr. Kauno m. sav., Kaunas, Taikos pr. 94",Kaunas,LT-51178,Kaunas County,Lithuania,2021-03-18
148,Tomas Michalskis,190012015,1,GEN (General activity establishment - EU),WM - Wholesale Market,"Europos pr. 36, Kaunas",Kaunas,LT-46369,Kaunas County,Lithuania,2021-03-18
149,UAB  SCANDI STANDARD - BALTICS,47-08,1,PM (Meat from poultry and lagomorphs),SH - Slaughterhouse; CP - Cutting Plant,"Liliškių k. 4, Skaistgirio sen. LT-84389 , Joniškio r. sav.",Liliškės,,Siauliai County,Lithuania,2024-05-27
150,UAB  ŽVĖRIENA LT,53-15,1,WM (Wild game meat),CP - Cutting Plant; GHE - Game-Handling Establishment,"Kūjėnų k.2, Vilainių sen., Kėdainių r",Kūjėnai II,LT-58411,Kaunas County,Lithuania,2023-11-06
151,"UAB "" Dige""",61-09,1,FFP (Fishery products - EU),PP - Processing Plant,"Laukų 2K, Tirkšliai, Mažeikių r. sav,. Telšių apskr.",Tirkšliai,LT-89330,Telsiai County,Lithuania,2021-03-15
152,"UAB """"KLAIPĖDOS ŠALDYTUVŲ TERMINALAS",LT 21-06 EB,1,GEN (General activity establishment - EU),WM - Wholesale Market; CS - Cold Stores,NEMUNO G. 24,Klaipėda,LT-93172,Klaipeda County,Lithuania,2021-03-12
153,"UAB ""ATLANTIC HIGH SEA FISHING COMPANY"" laivas šaldytuvas JOGVAN I",LT21-44,1,FFP (Fishery products - EU),ZV - Freezer Vessel,Pylimo g. 4,Klaipėda,LT-91249,Klaipeda County,Lithuania,2026-08-17
154,"UAB ""ATLANTIC HIGH SEA FISHING COMPANY"" laivas šaldytuvas MARGIRIS",LT 21-11 EB,1,FFP (Fishery products - EU),ZV - Freezer Vessel; FV - Factory Vessel; FS - Fishing Vessel,"Pylimo g. 4, LT-91249, Klaipėda",Klaipėda,LT-91249,Klaipeda County,Lithuania,2021-03-17
155,"UAB ""ATLANTIC HIGH SEA FISHING COMPANY"" Žuvų Perdirbimo Laivas ""Nida""",LT 21-05 EB,2,FFP (Fishery products - EU) | GEN (General activity establishment - EU),ZV - Freezer Vessel; FV - Factory Vessel | RV - Reefer Vessel,"Pylimo g. 4, LT-91249, Klaipėda",Klaipėda,LT-91249,Klaipeda County,Lithuania,2021-03-17
156,"UAB ""AVITRA""",LT 56-03 EB,1,RPM (Meat products),PP - Processing Plant,"Laukų g. 6, LT-97148 Kretinga",Kretinga,97104,Klaipeda County,Lithuania,2021-03-22
157,"UAB ""Amber Terminal Klaipėda""",21-43,1,GEN (General activity establishment - EU),CS - Cold Stores,"Šilutės pl. 125, Klaipėdos m. sav.",Klaipėda,LT-95112,Klaipeda County,Lithuania,2026-04-23
158,"UAB ""Art Glacio""",LT 39-10P,1,"MMP (Raw milk, dairy products, colostrum and colostrum-based products)",PP - Processing Plant,"Pilviškių g. 48, Vilkaviškis",Vilkaviškis,LT-70150,Marijampole County,Lithuania,2021-03-09
159,"UAB ""Baltic food partners""",520002065,1,GEN (General activity establishment - EU),WM - Wholesale Market,"Veterinarų g. 53, Biruliškių k., Karmėlavos sen., Kauno r.",Biruliškės,LT-54435,Kaunas County,Lithuania,2021-04-09
160,"UAB ""Baltijos mėsos grupės logistika""",LT 21-02 EB,1,GEN (General activity establishment - EU),CS - Cold Stores; WM - Wholesale Market,"Verslo g. 8, Klaipėda",Klaipėda,LT-94102,Klaipeda County,Lithuania,2021-03-12
161,"UAB ""Baltlanta"" Žvejybinis Laivas ""IEVA SIMONAITYTĖ""",LT 21-27 EB,1,FFP (Fishery products - EU),FV - Factory Vessel; ZV - Freezer Vessel; FS - Fishing Vessel,"Liepų g. 48B, LT-92107 Klaipėda",Klaipėda,LT-92107,Klaipeda County,Lithuania,2021-03-17
162,"UAB ""Baltlanta"" Žvejybinis Laivas ""Simonas Daukantas""",LT 21-26 EB,1,FFP (Fishery products - EU),FS - Fishing Vessel; ZV - Freezer Vessel; FV - Factory Vessel; RV - Reefer Vessel,"Liepų g. 48B, LT-92107 Klaipėda",Klaipėda,LT-92107,Klaipeda County,Lithuania,2021-03-17
163,"UAB ""Belvederio""",LT94-02P EB; LT94-03P EB; LT 84-01; LT94-06 EB,2,"MMP (Raw milk, dairy products, colostrum and colostrum-based products) | GEN (General activity establishment - EU)",PP - Processing Plant | CS - Cold Stores,"Belvederio k., Seredžiaus sen., Jurbarko r. sav.",Seredžius,,Taurage County,Lithuania,2021-03-19
164,"UAB ""Bomesa""",LT 84-03,1,RPM (Meat products),PP - Processing Plant,"Sodų g. 3, Baltrušių k., Barzdų sen., Šakių r. sav.",Baltrušiai,LT-71286,Marijampole County,Lithuania,2021-03-09
165,"UAB ""Broileta""",LT-12-01 EB,1,RPM (Meat products),PP - Processing Plant,"Kernuvių k., 3, Birštono sav.",Kernuvės,LT-59218,Kaunas County,Lithuania,2021-03-17
166,"UAB ""DVARO ŽUVYS""",LT 84-04,1,FFP (Fishery products - EU),PP - Processing Plant,"Žeimio k., Kriūkų sen., Šakių r. sav.",Žeimis,LT-71207,Marijampole County,Lithuania,2021-03-09
167,"UAB ""Daivida"" Mėsos gaminių cechas (Tauragės padalinys)",77- 02,1,RPM (Meat products),PP - Processing Plant,"Vėjų g. 8, Ąžuolynės k., Gaurės sen., Taurgaės r.,sav.",Tauragė,LT-72320,Taurage County,Lithuania,2022-03-09
168,"UAB ""Dauparų Žuvis""",LT 88-04 EB,1,FFP (Fishery products - EU),PP - Processing Plant,"Šilo g. 7, LT-99149, Šilutė",Šilute,99149,Klaipeda County,Lithuania,2021-03-17
169,"UAB ""Dragsbaek Lietuva""",01-50,1,GEN (General activity establishment - EU),WM - Wholesale Market; RW - Re-wrapping Establishment,"Zietelos g. 3, Vilnius",Vilnius,LT-03160,Vilnius County,Lithuania,2026-02-10
170,"UAB ""Dulvira""",LT27-18 EB,1,GEN (General activity establishment - EU),CS - Cold Stores,"Kėdainių g. 25, Panevėžys",Panevežys,36220,Panevezys County,Lithuania,2021-03-17
171,"UAB ""FISH FACTORY""",LT 85-07,2,FFP (Fishery products - EU) | GEN (General activity establishment - EU),WM - Wholesale Market; PP - Processing Plant | CS - Cold Stores; RW - Re-wrapping Establishment,"Vilniaus apskr., Šalčininkų r. sav., Šalčininkų sen., Šalčininkai, Vilniaus g. 3",Šalčininkai,LT-17102,Vilnius County,Lithuania,2025-03-04
172,"UAB ""Foksas""",01-60,1,GEN (General activity establishment - EU),WM - Wholesale Market,"Ugniagesių g. 14, Vilniaus m. sav.",Vilnius,LT-02244,Vilnius County,Lithuania,2026-08-26
173,"UAB ""GIEMEDA""",730000934,1,GEN (General activity establishment - EU),WM - Wholesale Market,"Lukštų g. 12-6, Lukštų k., Juodupės sen., Rokiškio r. sav., Lietuva",Lukštai,LT-42495,Panevezys County,Lithuania,2025-11-18
174,"UAB ""Gardulis""",LT 39-24,1,RPM (Meat products),PP - Processing Plant,"J. Basanavičiaus g. 57a, Kybartai",Kybartai,LT-70423,Marijampole County,Lithuania,2021-03-09
175,"UAB ""Geld Baltic""",LT 27-09 EB,2,"MMP (Raw milk, dairy products, colostrum and colostrum-based products) | GEN (General activity establishment - EU)",PP - Processing Plant | RW - Re-wrapping Establishment,Ramygalos g. 149 e,Panevežys,36220,Panevezys County,Lithuania,2021-03-22
176,"UAB ""Gergidita""",18-02,1,RM (Meat of domestic ungulates),CP - Cutting Plant,"Šešupės g. 66, Mokolų k., Šunskų sen., Marijampolės sav.",Mokolai,LT-69360,Marijampole County,Lithuania,2021-03-09
177,"UAB ""Girjuda""",LT 51-09,1,RPM (Meat products),PP - Processing Plant,"Uosio g. 8, Pietarių k., Marijampolės sen., Marijampolės sav.",Pietariai,LT-68100,Marijampole County,Lithuania,2021-03-09
178,"UAB ""Gulbelė""",84-006V,1,"MM (Minced meat, meat preparations and mechanically separated meat – MM, MP, MSM)",MM - Minced Meat Plant,"V. Kudirkos g. 61, Šakiai",Šakiai,LT-71109,Marijampole County,Lithuania,2021-03-14
179,"UAB ""Handelshus""",01-29,1,GEN (General activity establishment - EU),WM - Wholesale Market; RW - Re-wrapping Establishment; CS - Cold Stores,"Savanorių pr. 180, Vilnius, Vilniaus m. sav.",Vilnius,LT-02301,Vilnius County,Lithuania,2026-04-29
180,"UAB ""ICECO Assets""",18-20; LT 51-12,1,GEN (General activity establishment - EU),CS - Cold Stores,"Ledo g. 3, Liepynų k., Liudvinavo sen., Marijampolės sav.",Liepynai,LT-68126,Marijampole County,Lithuania,2025-12-18
181,"UAB ""Iceco Ledai""",LT 51-03 P EB; 520002100,2,"MMP (Raw milk, dairy products, colostrum and colostrum-based products) | GEN (General activity establishment - EU)",PP - Processing Plant | WM - Wholesale Market,"Ledo g. 1, Liepynų k., LT-68126 Marijampolė",Marijampolė,LT-68122,Marijampole County,Lithuania,2021-09-27
182,"UAB ""Iceco Žuvis""",LT 51-06 EB,1,FFP (Fishery products - EU),PP - Processing Plant,"Vasaros g. 99, Liepynų k., Liudvinavo sen., Marijampolės sav.",Liepynai,LT-68126,Marijampole County,Lithuania,2021-09-17
183,"UAB ""Investara""",LT49-10EB,1,FFP (Fishery products - EU),FFPP - Fresh Fishery Products Plant,"Strėvos g. 6A, Būbliai, LT-56362 Kaišiadorių r.",Būbliai,LT-58113,Kaunas County,Lithuania,2021-03-18
184,"UAB ""Jautienos guru""",LT 84-11,1,RM (Meat of domestic ungulates),CP - Cutting Plant,"Valių g. 25b, Giedručių k., Šakių sen., Šakių r. sav.",Giedručiai,LT-71104,Marijampole County,Lithuania,2022-09-12
185,"UAB ""KOGUS""",LT45-06EB; LT 45-06 EB,3,"MM (Minced meat, meat preparations and mechanically separated meat – MM, MP, MSM) | GEN (General activity establishment - EU) | RPM (Meat products)",MP - Meat Preparation Plant | CS - Cold Stores | PP - Processing Plant,"Pramonės g. 17, Karlų k. Visagino sav.",Karlos,LT-30270,Utena County,Lithuania,2024-02-10
186,"UAB ""KOMODA""",LT 55-14 EB,1,GEN (General activity establishment - EU),WM - Wholesale Market; CS - Cold Stores,"Palangos pl. 6, LT96327 Sudmantai, Sendvario sen., Klaipėdos r.",Sudmantai,LT-96327,Klaipeda County,Lithuania,2023-07-07
187,"UAB ""Klaipėdos mėsinė""",88-24,3,"MM (Minced meat, meat preparations and mechanically separated meat – MM, MP, MSM) | RM (Meat of domestic ungulates) | RPM (Meat products)",MM - Minced Meat Plant | CP - Cutting Plant | PP - Processing Plant,"Tauragės apskr., Pagėgių sav., Stoniškių sen., Šilgaliai, Vilkos g. 2",Šilgaliai,LT-99290,Taurage County,Lithuania,2021-03-17
188,"UAB ""Krekenavos agrofirma""",LT 51-07,2,PM (Meat from poultry and lagomorphs) | RPM (Meat products),SH - Slaughterhouse; CP - Cutting Plant | PP - Processing Plant,"Vasaros g. 1, Skriaudučio k., Marijampolės sen., Marijampolės sav.",Skriaudutis,LT-68185,Marijampole County,Lithuania,2021-03-09
189,"UAB ""Leketai""",LT 51-08,1,RM (Meat of domestic ungulates),SH - Slaughterhouse,"Patašinės g. 44, Patašinės k., Marijampolės sen., Marijampolės sav.",Patašinė,LT-69047,Marijampole County,Lithuania,2021-03-09
190,"UAB ""Leketų ūkis""",LT 18-13,1,RPM (Meat products),PP - Processing Plant,"Suvalkijos g. 51, Bitikų k., Sasnavos sen., Marijampolės sav.",Bitikai,LT-69481,Marijampole County,Lithuania,2021-03-12
191,"UAB ""Linegis""",LT 88-25 EB,1,RM (Meat of domestic ungulates),SH - Slaughterhouse,"Šaulių g.4, Gardamas, LT- 99417, Šilutės r. sav",Gardamas,LT-99417,Klaipeda County,Lithuania,2021-03-17
192,"UAB ""Litbona""",190012559,1,GEN (General activity establishment - EU),WM - Wholesale Market,"Taikos pr. 94, Kaunas",Kaunas,LT-51179,Kaunas County,Lithuania,2021-06-17
193,"UAB ""Magnum ICC Lietuva""",61-02P,2,"MMP (Raw milk, dairy products, colostrum and colostrum-based products) | GEN (General activity establishment - EU)",PP - Processing Plant | CS - Cold Stores,"Skuodo g. 28, Mažeikiai, Mažeikių sen., Mažeikių r.sav., Telšių apskr.",Mažeikiai,89100,Telsiai County,Lithuania,2022-03-31
194,"UAB ""Magnuva""",LT 19-31,2,RM (Meat of domestic ungulates) | RPM (Meat products),CP - Cutting Plant | PP - Processing Plant,"Europos pr. 122, Kaunas",Kaunas,LT-46351,Kaunas County,Lithuania,2021-03-09
195,"UAB ""Mantinga""",LT 18-03 EB,1,RPM (Meat products),PP - Processing Plant,Draugystės g. 12,Marijampolė,LT-68261,Marijampole County,Lithuania,2021-09-27
196,"UAB ""Margūnas""",190001165,1,GEN (General activity establishment - EU),WM - Wholesale Market,"Ringuvos g.53, LT-45245, Kaunas",Kaunas,LT-45226,Kaunas County,Lithuania,2025-05-26
197,"UAB ""Marlinas"" Gamyklinis Laivas ""LOKYS""",LT 21-28 EB,1,FFP (Fishery products - EU),ZV - Freezer Vessel; FS - Fishing Vessel; FV - Factory Vessel,"Pylimo g. 4, LT-91249 Klaipėda",Klaipėda,LT-91249,Klaipeda County,Lithuania,2021-03-17
198,"UAB ""Marlinas"" Gamyklinis Laivas ""TAURUS""",LT 21-22 EB,1,FFP (Fishery products - EU),ZV - Freezer Vessel; FS - Fishing Vessel; FV - Factory Vessel,"Pylimo g. 4, LT-91249 Klaipėda",Klaipėda,LT-91249,Klaipeda County,Lithuania,2021-03-17
199,"UAB ""Marės industrija""",LT 55-29 EB,1,FFP (Fishery products - EU),PP - Processing Plant,"Klaipėdos g. 20, Grobštų k., Agluonėnų sen.,
Klaipėdos raj. LT-96250 Lietuva",Grobštai,LT-96252,Klaipeda County,Lithuania,2021-03-15
200,"UAB ""Mažeikių Mėsinė""",61-01,4,"MM (Minced meat, meat preparations and mechanically separated meat – MM, MP, MSM) | GEN (General activity establishment - EU) | RM (Meat of domestic ungulates) | RPM (Meat products)",MP - Meat Preparation Plant; MM - Minced Meat Plant | CS - Cold Stores | CP - Cutting Plant | PP - Processing Plant,"Troškučių g. 2, Mažeikiai, Mažeikių r.sav",Mažeikiai,LT-89100,Telsiai County,Lithuania,2024-01-18
201,"UAB ""Memel Sell""",LT 55-11 EB,1,FFP (Fishery products - EU),PP - Processing Plant,"Stirbių g. 11, Medsėdžiai, Dovilų sen.,LT-96165 Klaipėdos r.",Medsėdžiai,,Klaipeda County,Lithuania,2021-03-15
202,"UAB ""Momblan""",LT 51-02,1,RPM (Meat products),PP - Processing Plant,"J. Andriuškevičiaus g. 6, Želsvos k., Liudvinavo sen., Marijampolės sav.",Želsva,LT-69193,Marijampole County,Lithuania,2021-03-09
203,"UAB ""Mėsos kraitė""",LT-69-02EB,1,RPM (Meat products),PP - Processing Plant,"Žvejų g. 30, Išlaužas, Prienų r.",Išlaužas,LT-59302,Kaunas County,Lithuania,2021-03-17
204,"UAB ""NNL LT""",300151140,1,GEN (General activity establishment - EU),WM - Wholesale Market,"Marijampolės g. 27, Pagiriai, Kauno raj.",Pagiriai,LT-53283,Kaunas County,Lithuania,2024-04-09
205,"UAB ""NOKVĖJA""",LT 56-14 EB,2,FFP (Fishery products - EU) | GEN (General activity establishment - EU),PP - Processing Plant | RW - Re-wrapping Establishment,"Piliakalnio g. 6, Žvainių k., LT- 97319, Kretingos r. sav.",Žvainiai,LT-97318,Klaipeda County,Lithuania,2021-03-22
206,"UAB ""NORDNIX""",LT 21-03 EB; LT21-10EB,1,GEN (General activity establishment - EU),WM - Wholesale Market; CS - Cold Stores | CS - Cold Stores,"Šilutės pl. 9, Klaipėda",Klaipėda,LT-91109,Klaipeda County,Lithuania,2024-08-30
207,"UAB ""Nordic proteins""",36-01 P,1,"MMP (Raw milk, dairy products, colostrum and colostrum-based products)",PP - Processing Plant,"Biržų g. 35, Medeikių k., Biržų r., LT-41456",Medeikiai,,Panevezys County,Lithuania,2025-12-19
208,"UAB ""Norfos mažmena""",18-057; 39-003V; 84-002V; 84-005V; 39-004V; 18-004 V; 18-046; 18-010 V,1,"MM (Minced meat, meat preparations and mechanically separated meat – MM, MP, MSM)",MM - Minced Meat Plant,"Vilkaviškio g. 61C, Marijampolė",Marijampolė,LT-68181,Marijampole County,Lithuania,2021-03-14
209,"UAB ""OSTSEE FISH KRETINGA""",LT 56-05 EB,1,FFP (Fishery products - EU),PP - Processing Plant,"Tiekėjų g. 33A, LT-97187 Kretinga",Kretinga,97104,Klaipeda County,Lithuania,2021-03-22
210,"UAB ""Orka foods""",520002076,1,GEN (General activity establishment - EU),WM - Wholesale Market,"Veterinarų g. 53, Biruliškiškių k., Karmėlavos sen., Kauno r.",Biruliškės,LT-50381,Kaunas County,Lithuania,2021-04-20
211,"UAB ""Orkos""",190012982,1,GEN (General activity establishment - EU),WM - Wholesale Market,"Taikos pr. 96, Kaunas",Kaunas,LT-51178,Kaunas County,Lithuania,2022-01-04
212,"UAB ""PASAULIO ŽUVYS""",LT 55-10 EB,1,FFP (Fishery products - EU),PP - Processing Plant,"Pamarių g. 15, Priekulė, LT-96345 Klaipėdos rajonas",Priekulė,,Klaipeda County,Lithuania,2021-03-12
213,"UAB ""Palink""",18-001 V; 84-004V; 39-006; 39-005V; 39-001V; 18-049; 18-009 V; 18-050,1,"MM (Minced meat, meat preparations and mechanically separated meat – MM, MP, MSM)",MM - Minced Meat Plant,"Vilkaviškio g. 72a, Marijampolė",Marijampolė,LT-68181,Marijampole County,Lithuania,2021-03-14
214,"UAB ""Pecus Balticum""",190012557,1,GEN (General activity establishment - EU),WM - Wholesale Market,"Archeologų g. 6, Kaunas",Kaunas,LT-47132,Kaunas County,Lithuania,2021-06-17
215,"UAB ""Plungės kooperatinė prekyba""",520002064,1,GEN (General activity establishment - EU),WM - Wholesale Market,"Veterinarų g. 53, Biruliškių k., Karmėlavos sen., Kauno r.",Biruliškės,LT-54435,Kaunas County,Lithuania,2021-04-09
216,"UAB ""Provincijos mėsa""",LT 39-08,2,RM (Meat of domestic ungulates) | RPM (Meat products),CP - Cutting Plant | PP - Processing Plant,"Rūdos k., Gižų sen., Vilkaviškio r. sav.",Gižai,LT-70314,Marijampole County,Lithuania,2021-03-12
217,"UAB ""REBA""",LT 56-01 EB,1,FFP (Fishery products - EU),PP - Processing Plant,"Šiaulių pl. 6, Gestautų k., , Kretingos r. sav.",Gestautai,,Klaipeda County,Lithuania,2021-03-22
218,"UAB ""RIMI LIETUVA""",42-11,5,"MM (Minced meat, meat preparations and mechanically separated meat – MM, MP, MSM) | FFP (Fishery products - EU) | RM (Meat of domestic ungulates) | PM (Meat from poultry and lagomorphs) | RPM (Meat products)",MM - Minced Meat Plant; MP - Meat Preparation Plant | PP - Processing Plant; FFPP - Fresh Fishery Products Plant | CP - Cutting Plant | PP - Processing Plant,"Migūčionių g. 1, Migūčionių k., Elektrėnų sen., Elektrėnų sav.",Gilučiai,LT-26131,Vilnius County,Lithuania,2026-09-09
219,"UAB ""ROMVYGA""",r LT PLA288765,1,GEN (General activity establishment - EU),WM - Wholesale Market,"Kirtimų g. 57B, Vilnius",Vilnius,03100,Vilnius County,Lithuania,2021-05-28
220,"UAB ""Rokiškio pieno gamyba""",LT 82-01 P EB,2,"MMP (Raw milk, dairy products, colostrum and colostrum-based products) | GEN (General activity establishment - EU)",PP - Processing Plant | CS - Cold Stores,Pramonės g. 8,Utena,LT-28216,Utena County,Lithuania,2021-03-18
221,"UAB ""Roleka""",LT 39-11,1,RPM (Meat products),PP - Processing Plant,"Vaidotų g. 8, Matlaukio k., Kybartų sen., Vilkaviškio r. sav.",Matlaukys,LT-70349,Marijampole County,Lithuania,2021-03-09
222,"UAB ""Samsonas""",LT 84-02,1,RM (Meat of domestic ungulates),SH - Slaughterhouse; CP - Cutting Plant,"Sodų g. 23, Vilkeliškių k., Šakių sen., Šakių r. sav.",Vilkeliškiai,LT-71124,Marijampole County,Lithuania,2021-03-09
223,"UAB ""Sanitex""",52001016,1,GEN (General activity establishment - EU),WM - Wholesale Market,"Alšėnų g. 10, Kampiškių k., Alšėnų sen., Kauno r.",Alšėnai,LT-53303,Kaunas County,Lithuania,2023-10-11
224,"UAB ""Senieji Teresės mėsos gaminiai""",LT 58-01,2,RM (Meat of domestic ungulates) | RPM (Meat products),CP - Cutting Plant | PP - Processing Plant,"Dariaus ir Girėno g. 3a, Kazlų Rūda",Kazlų Rūda,LT-69428,Marijampole County,Lithuania,2021-03-09
225,"UAB ""TAURYS""",LT 56-02 EB,1,FFP (Fishery products - EU),PP - Processing Plant,"Mokyklos g. 2, Vydmantai LT-97222, Kretingos r. sav.,",Vydmantai,LT-97221,Klaipeda County,Lithuania,2021-03-22
226,"UAB ""Uriga""",84-02 P,1,"MMP (Raw milk, dairy products, colostrum and colostrum-based products)",PP - Processing Plant,"Tatarės g. 54, Lukšių k., Lukšių sen., Šakių r. sav.",Lukšiai,LT-71180,Marijampole County,Lithuania,2021-03-08
227,"UAB ""VIKEDA""",LT 53-05P EB,1,"MMP (Raw milk, dairy products, colostrum and colostrum-based products)",PP - Processing Plant,"J.Basanavičiaus g. 2B, Kėdainiai",Kėdainiai,LT-57151,Kaunas County,Lithuania,2024-03-21
228,"UAB ""VINGĖS LOGISTIKA""",LT 21-04 EB,1,GEN (General activity establishment - EU),CS - Cold Stores; WM - Wholesale Market,"Verslo g. 11, Klaipėda",Klaipėda,LT-94102,Klaipeda County,Lithuania,2021-03-12
229,"UAB ""VPA LOGISTICS""",LT 21-21 EB; LT 21-20 EB,1,GEN (General activity establishment - EU),CS - Cold Stores; WM - Wholesale Market,"Stariškės g. 29, Laistų k.  LT-95369
Klaipėdos r. sav.",Klaipėda,LT-92325,Klaipeda County,Lithuania,2021-03-12
230,"UAB ""Valdaragis""",LT34-04EB,1,"MM (Minced meat, meat preparations and mechanically separated meat – MM, MP, MSM)",MP - Meat Preparation Plant,"Ateities g. 2, Katlėriai, Skiemonių sen., Anykščių r. sav., LT-29162",Katlėriai,,Utena County,Lithuania,2022-02-23
231,"UAB ""Vamėsa""",LT 58-02,2,RM (Meat of domestic ungulates) | RPM (Meat products),CP - Cutting Plant | PP - Processing Plant,"Čečetų k. 7, Kazlų Rūdos sen., Kazlų Rūdos sav.",Čečetai,LT-69394,Marijampole County,Lithuania,2021-03-09
232,"UAB ""Vigesta""",61-12,4,"MM (Minced meat, meat preparations and mechanically separated meat – MM, MP, MSM) | GEN (General activity establishment - EU) | RM (Meat of domestic ungulates) | RPM (Meat products)",MP - Meat Preparation Plant; MM - Minced Meat Plant | CS - Cold Stores | CP - Cutting Plant | PP - Processing Plant,"Naikių g. 16, Mažeikiai, Mažeikių r. sav.",Mažeikiai,LT-89126,Telsiai County,Lithuania,2024-01-18
233,"UAB ""Vičiūnai ir partneriai""",520002066,1,GEN (General activity establishment - EU),WM - Wholesale Market,"Veterinarų g. 53, Biruliškių k., Karmėlavos sen., Kauno r.",Biruliškės,LT-50381,Kaunas County,Lithuania,2021-04-09
234,"UAB ""Šilo garsai""",19-29,2,RM (Meat of domestic ungulates) | RPM (Meat products),CP - Cutting Plant | PP - Processing Plant,"Europos pr. 122, Kaunas",Kaunas,LT-46351,Kaunas County,Lithuania,2022-03-02
235,"UAB ""ŽUVITA""",LT 21-35 EB,1,FFP (Fishery products - EU),PP - Processing Plant,"Verslo g. 6, LT-94102 Klaipėda",Klaipėda,LT-94102,Klaipeda County,Lithuania,2024-05-31
236,"UAB ""Žuvis""",LT 21-07 EB,2,FFP (Fishery products - EU) | GEN (General activity establishment - EU),PP - Processing Plant | RW - Re-wrapping Establishment,"Tilžės g. 51, LT-91260 Klaipėda",Klaipėda,LT-91001,Klaipeda County,Lithuania,2021-03-16
237,"UAB ,,Benerta""",LT49-19EB,2,"MM (Minced meat, meat preparations and mechanically separated meat – MM, MP, MSM) | RM (Meat of domestic ungulates)",MP - Meat Preparation Plant; MM - Minced Meat Plant | CP - Cutting Plant,"Kriaučiškių g. 4, Kriaučiškių k., Žiežmarių apyl. sen. ,Kaišiadorių r. sav., LT-56117",Kriaučiškės,,Kaunas County,Lithuania,2021-03-18
238,"UAB ,,Girelės paukštynas""",LT49-07EB; LT49-02EB; LT49-09EB,3,GEN (General activity establishment - EU) | PM (Meat from poultry and lagomorphs) | EEP (Eggs and egg products),CS - Cold Stores | SH - Slaughterhouse; CP - Cutting Plant | EPC - Egg-packing Centre; LEP - Liquid Egg Plant,"Paukštininkų g. 38, Kaišiadorys",Kaišiadorys,LT-56110,Kaunas County,Lithuania,2021-10-25
239,"UAB ,,Kadagio dūmas""",LT49-17EB,1,RPM (Meat products),PP - Processing Plant,"Sekionių k. Kruonio sen., Kaišiadorių r. sav. LT-56307",Sekionys,,Kaunas County,Lithuania,2021-03-18
240,"UAB ,,LOBBY BALTIC""",61-08,2,"MM (Minced meat, meat preparations and mechanically separated meat – MM, MP, MSM) | RPM (Meat products)",MP - Meat Preparation Plant | PP - Processing Plant,"Naftininkų g. 38-2, Mažeikiai, Mažeikių sen., Mažeikių r.sav., Telšių apskr.",Mažeikiai,LT-89132,Telsiai County,Lithuania,2021-03-15
241,"UAB ,,Žiežmarių mėsa""",LT49-05EB,2,"MM (Minced meat, meat preparations and mechanically separated meat – MM, MP, MSM) | RPM (Meat products)",MP - Meat Preparation Plant | PP - Processing Plant,"Pakertų k., Žiežmarių apyl. sen., Kaišiadorių r. sav.",Pakertai,LT-56239,Kaunas County,Lithuania,2021-03-18
242,UAB AG SEAFOOD LITHUANIA,190006911,1,GEN (General activity establishment - EU),WM - Wholesale Market,"Taikos pr. 94, Kaunas",Kaunas,LT-51178,Kaunas County,Lithuania,2022-03-31
243,UAB AGARAS,LT 36-09,1,RM (Meat of domestic ungulates),SH - Slaughterhouse,"Agaro g. 5, Balandiškių k., Pabiržės sen., Biržų r.",Balandiškiai,LT-41383,Panevezys County,Lithuania,2025-04-24
244,UAB AISVITA,LT 11-02,1,"CAS (Treated stomachs, bladders and intestines: casings only)",PP - Processing Plant,Pievų g. 11,Alytus,LT-62175,Alytus County,Lithuania,2021-03-18
245,UAB AKVAVITUS,190000462; 190006775,1,GEN (General activity establishment - EU),WM - Wholesale Market,"Kauno apskr., Kauno m. sav., Kaunas, Taikos pr. 94",Kaunas,LT-51178,Kaunas County,Lithuania,2021-03-18
246,UAB AUROL LOGISTICS,53-13,1,GEN (General activity establishment - EU),WM - Wholesale Market; CS - Cold Stores,"Vandenvietės g. 9, Kėdainiai",Kėdainiai,LT-57242,Kaunas County,Lithuania,2021-03-17
247,UAB Abela,190006783,1,GEN (General activity establishment - EU),WM - Wholesale Market,"Taikos pr. 94, Kaunas",Kaunas,LT-51178,Kaunas County,Lithuania,2021-03-19
248,UAB Ablatus,520001618,1,GEN (General activity establishment - EU),WM - Wholesale Market,"Marijampolės g. 27, Pagirių k., Garliavos sen., Kauno r.",Pagiriai,LT-53282,Kaunas County,Lithuania,2021-03-18
249,UAB Agrokontraktas,190000463,1,GEN (General activity establishment - EU),WM - Wholesale Market,"Taikos pr. 94, Kaunas",Kaunas,LT-51178,Kaunas County,Lithuania,2021-03-19
250,UAB Agromėsa,LT 42-03,3,GEN (General activity establishment - EU) | PM (Meat from poultry and lagomorphs) | RPM (Meat products),CS - Cold Stores | SH - Slaughterhouse | PP - Processing Plant,"Elektrėnų sav., Vievio sen., Ausieniškių k., Paukštyno g. 9",Ausieniškių k.,LT-21365,Vilnius County,Lithuania,2021-03-22
251,UAB Akvapona,LT 41-15,1,FFP (Fishery products - EU),FFPP - Fresh Fishery Products Plant,"Skaisterių g. 2C,  Mickūnų sen., Vilniaus r.",Skaisterių k.,LT-13118,Vilnius County,Lithuania,2021-03-25
252,UAB Alantos agroservisas,LT62-02 EB; EB62-02,2,GM (Meat of farmed game) | RPM (Meat products),SH - Slaughterhouse | PP - Processing Plant,"Molėtų r. sav., Alanta, Sodo al. 2D",Alanta,LT-33312,Utena County,Lithuania,2022-01-11
253,UAB Alekniškis,LT 89-03,2,GEN (General activity establishment - EU) | RPM (Meat products),CS - Cold Stores | PP - Processing Plant,"Širvintų r. sav., Širvintų sen., Šiaulių k., Plento g. 6",Šiaulių k.,LT-19212,Vilnius County,Lithuania,2021-06-21
254,UAB Alevista,52-17,3,"MM (Minced meat, meat preparations and mechanically separated meat – MM, MP, MSM) | PM (Meat from poultry and lagomorphs) | RPM (Meat products)",MSM - Mechanically Separated Meat Plant; MP - Meat Preparation Plant | CP - Cutting Plant | PP - Processing Plant,"Ežero g. 46, Piliuonos k., Taurakiemio sen., Kauno raj.",Piliuona,LT-53182,Kaunas County,Lithuania,2021-03-19
255,UAB Aljasas,LT 42-01,1,FFP (Fishery products - EU),PP - Processing Plant,"Elektrėnų sav.,  Pastrėvio sen.,  Mustenių  k.,  Elektrėnų  g. 45",Mustenių  k.,LT-21331,Vilnius County,Lithuania,2021-03-22
256,UAB Alksnio dūmas,LT66-26 EB,1,RPM (Meat products),PP - Processing Plant,"Klevų g. 36, Vaivadų k., LT-38444",Vaivadai,LT-38444,Panevezys County,Lithuania,2021-03-16
257,UAB Almasta,52-11,2,"MM (Minced meat, meat preparations and mechanically separated meat – MM, MP, MSM) | RPM (Meat products)",MM - Minced Meat Plant; MP - Meat Preparation Plant | PP - Processing Plant,"Garliavos g. 70, Mastaičiai, Kauno raj.",Mastaičiai,LT-53311,Kaunas County,Lithuania,2021-03-19
258,UAB Appetitum,41-25,1,GEN (General activity establishment - EU),WM - Wholesale Market; RW - Re-wrapping Establishment; CS - Cold Stores,"Vilniaus r. sav., Riešės sen., Naujakiemio k., Vilniaus g. 22",Naujakiemis,LT-14257,Vilnius County,Lithuania,2026-03-30
259,UAB Arkties kelias,37MTSPĮ-112,1,GEN (General activity establishment - EU),CS - Cold Stores,Šilutės pl. 9,Klaipėda,LT-91109,Klaipeda County,Lithuania,2026-04-16
260,UAB Armeni,19-06,1,RPM (Meat products),PP - Processing Plant,"Josvainių g. 36, Kaunas",Kaunas,LT-47141,Kaunas County,Lithuania,2021-03-17
261,UAB Asia Food,LT 01-46,1,GEN (General activity establishment - EU),CS - Cold Stores,S. Dariaus ir S.Girėno g. 42,Vilnius,02189,Vilnius County,Lithuania,2021-03-25
262,UAB Atlas Premium Lietuva,21-41,1,FFP (Fishery products - EU),PP - Processing Plant; WM - Wholesale Market,"Pramonės g.15, Klaipėda",Klaipėda,LT-94130,Klaipeda County,Lithuania,2025-10-15
263,UAB Aujoris,52-10,1,RPM (Meat products),PP - Processing Plant,"Obelyno g. 10, Vaišvydava, Kauno raj.",Vaišvydava,LT-53109,Kaunas County,Lithuania,2021-03-16
264,UAB Aukštaitijos žvėriena,LT66-07 EB,1,WM (Wild game meat),GHE - Game-Handling Establishment; CP - Cutting Plant,"Naruševičiaus g. 103, Molainių k., Panevėžio r., LT-37175",Panevežys,35100,Panevezys County,Lithuania,2021-03-16
265,UAB Avirginida,87-09,1,RM (Meat of domestic ungulates),CP - Cutting Plant; SH - Slaughterhouse,"L. Ivinskio g. 55, 75113 Vingininkai, Šilalės kaimiškoji sen., Šilalės r. sav.",Šilalė,,Taurage County,Lithuania,2021-10-20
266,UAB BALTIC FOODIS,520001686,1,GEN (General activity establishment - EU),WM - Wholesale Market,"Kauno apskr. Kauno r. sav., Ringaudų sen., Virbališkių k., Verslo g. 3",Dievogalos k.,LT-53424,Kaunas County,Lithuania,2021-03-18
267,UAB BALTIC LARUS,520000736; 190011298,1,GEN (General activity establishment - EU),WM - Wholesale Market,"Kauno apskr. Kauno r. sav., Garliavos sen., Pagirių k., Marijampolės g. 27",Pagiriai,LT-53282,Kaunas County,Lithuania,2021-03-18
268,UAB BALTIJOS DELIKATESAI,LT 25-01 EB,1,FFP (Fishery products - EU),PP - Processing Plant,"GANYKLŲ G,8B",Palanga,LT00126,Klaipeda County,Lithuania,2021-03-15
269,UAB BALTIJOS KONSERVAI,LT 55-02 EB,1,FFP (Fishery products - EU),PP - Processing Plant,"Rogainių g.64, Martinų k., LT-91277 Klaipėdos r.",Martinai,LT-91277,Klaipeda County,Lithuania,2021-03-12
270,UAB BALTIJOS SPRENDIMAI,520001532,1,GEN (General activity establishment - EU),WM - Wholesale Market,"Kauno apskr., Kauno r. sav., Karmėlavos sen., Ramučiai, Vijoklių g. 31",Narėpai,LT-54467,Kaunas County,Lithuania,2021-03-18
271,UAB BALTMĖSA,LT 47-11,2,"MM (Minced meat, meat preparations and mechanically separated meat – MM, MP, MSM) | RPM (Meat products)",MP - Meat Preparation Plant | PP - Processing Plant,"Šiaulių apskr. Joniškio r. Saugėlaukio sen., Bariūnų k., Senoji g. 4, LT-84420",Joniškis,LT-84420,Siauliai County,Lithuania,2025-02-24
272,UAB BANDI EUROPE,53-08,1,GEN (General activity establishment - EU),WM - Wholesale Market; CS - Cold Stores,"Pramonės g., 2B, Paobelio k., Kėdainių mst. sen.,",Paobelio k.,LT-58158,Kaunas County,Lithuania,2021-03-17
273,UAB BEER GROUP,190011204,1,GEN (General activity establishment - EU),WM - Wholesale Market,"Kauno apskr. Kauno m. sav., Kaunas, Taikos pr. 96",Kaunas,LT-51178,Kaunas County,Lithuania,2021-03-18
274,UAB BHJ BALTIC,190000409,1,GEN (General activity establishment - EU),WM - Wholesale Market,"Taikos pr. 94, Kaunas",Kaunas,LT-51178,Kaunas County,Lithuania,2021-03-19
275,UAB BLASTERA,LT 81-03,1,FFP (Fishery products - EU),PP - Processing Plant,"Statikų k., Deltuvos sen., Ukmergės r. sav.",Statikai,LT-20126,Vilnius County,Lithuania,2021-03-22
276,UAB Baisogalos bioenergija,171663689,1,FFP (Fishery products - EU),PP - Processing Plant,"Stoties g. 19, Pakiršinio k., Baisogalos sen., Radviliškio r.",Pakiršinio k.,LT-82297,Siauliai County,Lithuania,2021-03-18
277,UAB Bajorų žuvis,73-10,1,FFP (Fishery products - EU),PP - Processing Plant,"Ežero g.4, Bajoų k., Rokiškio km. sen., Rokiškio r. sav.",Rokiškis,LT-42102,Panevezys County,Lithuania,2021-03-17
278,UAB Baltasis Pyragas,460000278,1,GEN (General activity establishment - EU),CS - Cold Stores,"Sodų g. 11, Jonava, LT 55190",Jonava,,Kaunas County,Lithuania,2025-03-20
279,UAB Baltaxia Kaunas,190009628,1,GEN (General activity establishment - EU),WM - Wholesale Market,"Tilžės g. 41, Kaunas",Kaunas,LT-47182,Kaunas County,Lithuania,2021-03-19
280,UAB Baltic Foods,01-31,1,GEN (General activity establishment - EU),CS - Cold Stores; WM - Wholesale Market; RW - Re-wrapping Establishment,Kirtimų g. 57A,Vilnius,02244,Vilnius County,Lithuania,2025-01-14
281,UAB Baltic egg production,68-09,1,EEP (Eggs and egg products),PP - Processing Plant; LEP - Liquid Egg Plant,"Birutės skg. 5, Plungės r. sav.",Maceniai,LT-90100,Telsiai County,Lithuania,2021-03-22
282,UAB Baltic fish export,52-15; 52-36; 19-19,2,FFP (Fishery products - EU) | GEN (General activity establishment - EU),PP - Processing Plant; FFPP - Fresh Fishery Products Plant | CS - Cold Stores; RW - Re-wrapping Establishment; WM - Wholesale Market | CS - Cold Stores; WM - Wholesale Market,"Industrijos g. 1, Biruliškių k., Kauno r.",Biruliškės,LT-54469,Kaunas County,Lithuania,2026-02-12
283,UAB Baltic food partners,68-07; 190011863; 520001875,2,FFP (Fishery products - EU) | GEN (General activity establishment - EU),PP - Processing Plant | WM - Wholesale Market,"Birutes skg. 8, Plungės r. sav.",Maceniai,LT-90100,Telsiai County,Lithuania,2021-03-22
284,UAB Baltic logistic solutions,52-12,1,GEN (General activity establishment - EU),CS - Cold Stores,"Alšėnų g. 8, 12, Kampiškiai, Kauno r.",Alšėnai,LT-53303,Kaunas County,Lithuania,2021-03-17
285,UAB Bandymas,KDS3298736,1,"MMP (Raw milk, dairy products, colostrum and colostrum-based products)",CC - Collection Centre,Gatvės g. 15-36,Vilnius,05001,Vilnius County,Lithuania,2021-11-24
286,UAB Bardra,LT 01-39,1,"MMP (Raw milk, dairy products, colostrum and colostrum-based products)",PP - Processing Plant,Sandėlių g. 38,Vilnius,02244,Vilnius County,Lithuania,2021-03-23
287,UAB Bidfood Lietuva,LT52-26,1,GEN (General activity establishment - EU),CS - Cold Stores; WM - Wholesale Market,"Erdvės g. 6,  Ramučių km., LT-52114 Kauno raj, Lithuania",Ramučių k.,LT-52114,Kaunas County,Lithuania,2025-08-06
288,UAB Bravopasta,LT 41-16,1,"MM (Minced meat, meat preparations and mechanically separated meat – MM, MP, MSM)",MP - Meat Preparation Plant,Centrinė g. 21,Pikutiškės,LT-14300,Vilnius County,Lithuania,2021-03-25
289,UAB Brolių rūkykla,LT 41-018 Ž,1,FFP (Fishery products - EU),FFPP - Fresh Fishery Products Plant,A. Mickevičiaus g. 56,Papiškės,LT-06292,Vilnius County,Lithuania,2021-03-26
290,UAB Bruišė,LT27-08 EB,1,FFP (Fishery products - EU),PP - Processing Plant,Janonio g. 9A,Panevežys,35101,Panevezys County,Lithuania,2021-03-16
291,UAB Bruknė,190010308,1,GEN (General activity establishment - EU),WM - Wholesale Market,"V.Krėvės pr. 43, Kaunas",Kaunas,LT-51178,Kaunas County,Lithuania,2021-03-19
292,UAB CANTALE,18-16,1,RM (Meat of domestic ungulates),SH - Slaughterhouse,"Sasnos g. 5, Kantališkių k., Sasnavos sen., Marijampolės sav.",Kantališkiai,LT-69481,Marijampole County,Lithuania,2022-03-31
293,UAB COMFORT FOODS,52-44,2,"MM (Minced meat, meat preparations and mechanically separated meat – MM, MP, MSM) | RPM (Meat products)",MP - Meat Preparation Plant | PP - Processing Plant,"Kauno r. sav., Samylų sen., Samylų k., J. Biliūno g. 1",Samylai,LT-53143,Kaunas County,Lithuania,2026-02-23
294,UAB Camargo,LT 41-03 EB,1,FLS (Frogs' legs and snails),PP - Processing Plant,"Pakalnės g. 7, Bezdonys",Bezdonys,LT-15203,Vilnius County,Lithuania,2021-03-25
295,UAB Cesta,LT 41-05; LT67-14 EB; LT 41-05 EB,4,"MM (Minced meat, meat preparations and mechanically separated meat – MM, MP, MSM) | RM (Meat of domestic ungulates) | PM (Meat from poultry and lagomorphs) | GM (Meat of farmed game)",MP - Meat Preparation Plant; MM - Minced Meat Plant | SH - Slaughterhouse | SH - Slaughterhouse; CP - Cutting Plant,Riešės g. 10,Riešė,LT-14260,Vilnius County,Lithuania,2025-04-24
296,UAB DAIGINTRAS,520000992,1,GEN (General activity establishment - EU),WM - Wholesale Market,"Kauno apskr. Kauno r. sav., Ringaudų sen., Virbališkių k., Verslo g. 3",Dievogalos k.,LT-53424,Kaunas County,Lithuania,2021-03-18
297,UAB DAIGITA,87-02,1,RPM (Meat products),PP - Processing Plant,"Atgimimo g. 2, 75202 Naujasis Obelynas, Upynos sen., Šilalės r. sav.",Šilalė,,Taurage County,Lithuania,2021-10-20
298,UAB DAISENA,190000223,1,GEN (General activity establishment - EU),WM - Wholesale Market,"SANDRAUGOS 23, Kaunas",Kaunas,LT52102,Kaunas County,Lithuania,2022-11-08
299,UAB DAIVIDA,73-09,1,RPM (Meat products),PP - Processing Plant,Ąžuolų g.21,Rokiškis,LT-42135,Panevezys County,Lithuania,2021-03-16
300,UAB DARVĖJA    LT 71-03,303063941,1,FLS (Frogs' legs and snails),PP - Processing Plant,"ŽVEJŲ  10, ŠEDUVA, RADVILIŠKIO RAJ.",Šeduva,LT-82228,Siauliai County,Lithuania,2021-03-18
301,UAB DELIKATESAS,LT-47-26,1,RPM (Meat products),PP - Processing Plant,V.Kudirkos g.2,Joniškis,LT-84119,Siauliai County,Lithuania,2021-11-18
302,UAB DILMERA,190003699,1,GEN (General activity establishment - EU),WM - Wholesale Market,"Kauno apskr. Kauno m. sav., Kaunas, Partizanų g. 15",Kaunas,LT-50201,Kaunas County,Lithuania,2021-03-18
303,UAB DIVAKS,01-47,1,GEN (General activity establishment - EU),WM - Wholesale Market,"Pulko g. 2, Vilnius",Vilnius,LT-08221,Vilnius County,Lithuania,2024-09-03
304,UAB DORA,LT29-04,1,RPM (Meat products),PP - Processing Plant,Kauno g. 16,Šiauliai,LT-78103,Siauliai County,Lithuania,2021-03-17
305,UAB DR. OETKER LIETUVA,520001734,1,GEN (General activity establishment - EU),WM - Wholesale Market,"Kauno apskr., Kauno r. sav., Karmėlavos sen., Ramučių k., Erdvės g. 47",Kaunas,LT-52109,Kaunas County,Lithuania,2021-03-18
306,UAB DVARO MĖSA,LT 33-06 EB,1,RPM (Meat products),PP - Processing Plant,Olakalnio g. 25A,Bendrės,LT-64235,Alytus County,Lithuania,2021-03-17
307,UAB Dainiai,LT94-16 EB; LT94-16EB,3,"MM (Minced meat, meat preparations and mechanically separated meat – MM, MP, MSM) | RM (Meat of domestic ungulates) | RPM (Meat products)",MP - Meat Preparation Plant; MM - Minced Meat Plant | SH - Slaughterhouse; CP - Cutting Plant | PP - Processing Plant,Eržvilko g. 7,Dainiai,LT-74112,Taurage County,Lithuania,2021-11-18
308,UAB Dairy experts,38-07,1,GEN (General activity establishment - EU),RW - Re-wrapping Establishment,Vilniaus g. 2A,Senoji Varėna,LT-65489,Alytus County,Lithuania,2023-03-02
309,UAB DairyHub.LT,LT 81-08P,1,"MMP (Raw milk, dairy products, colostrum and colostrum-based products)",PP - Processing Plant,"Vilniaus apskr., Ukmergės r. sav., Ukmergės miesto sen., Ukmergė, Kauno g. 65",Ukmergė,LT-20118,Vilnius County,Lithuania,2022-12-09
310,UAB Dargita tau,19-07,3,"MM (Minced meat, meat preparations and mechanically separated meat – MM, MP, MSM) | RM (Meat of domestic ungulates) | RPM (Meat products)",MP - Meat Preparation Plant; MM - Minced Meat Plant | CP - Cutting Plant | PP - Processing Plant,"Samylų g. 17, Kaunas",Kaunas,LT-45444,Kaunas County,Lithuania,2021-03-19
311,UAB Delikana,190011997; 190012368; 190010671,1,GEN (General activity establishment - EU),WM - Wholesale Market,"Europos pr. 38, Kaunas",Kaunas,LT-46369,Kaunas County,Lithuania,2021-03-18
312,UAB Delikatesai,520001709,1,GEN (General activity establishment - EU),WM - Wholesale Market,"Marijampolės g. 27, Pagiriai, Garliavos sen., Kauno r.",Pagiriai,LT-53282,Kaunas County,Lithuania,2021-03-19
313,UAB EDEGA,46-17,2,FFP (Fishery products - EU) | GEN (General activity establishment - EU),PP - Processing Plant | CS - Cold Stores,"Kauno apskr. Jonavos r. sav., Ruklos sen., Rukla, Šaudyklos g. 6",Rukla,LT-55296,Kaunas County,Lithuania,2024-09-13
314,UAB EIRIMĖ IR KO,190002141,1,GEN (General activity establishment - EU),WM - Wholesale Market,"Kauno apskr. Kauno m. sav., Kaunas, Raudondvario pl. 101",Kaunas,LT-47185,Kaunas County,Lithuania,2021-03-18
315,UAB ELITEX BALTIC,190010874,1,GEN (General activity establishment - EU),WM - Wholesale Market,"Kauno apskr. Kauno m. sav., Kaunas, Europos pr. 38",Kaunas,LT-46369,Kaunas County,Lithuania,2021-03-18
316,UAB EMERTA,43-03,1,FLS (Frogs' legs and snails),PP - Processing Plant,"Paskardiškis, Salako sen., Zarasų r. sav.",Paskardiškis,LT-32216,Utena County,Lithuania,2021-03-18
317,UAB EMSI,LT 41-015 Ž,1,FFP (Fishery products - EU),PP - Processing Plant,Bukiškio k.,Bukiškis,,Vilnius County,Lithuania,2021-03-26
318,UAB EUGESTA,LT 01-33 EB,1,GEN (General activity establishment - EU),WM - Wholesale Market; CS - Cold Stores,Veisiejų g. 135,Vilnius,LT-02236,Vilnius County,Lithuania,2021-06-22
319,UAB Eiginta,19-03,3,"MM (Minced meat, meat preparations and mechanically separated meat – MM, MP, MSM) | RM (Meat of domestic ungulates) | RPM (Meat products)",MM - Minced Meat Plant; MP - Meat Preparation Plant | CP - Cutting Plant | PP - Processing Plant,"Panerių g., 58, Kaunas",Kaunas,LT-48349,Kaunas County,Lithuania,2021-03-19
320,UAB Eigirdžių agrofirma,LT 78-02 EB,1,RM (Meat of domestic ungulates),SH - Slaughterhouse,Telšės g.11,Eigirdžiai,LT-88127,Telsiai County,Lithuania,2021-03-19
321,UAB Eko pirk,LT 01-37 P,1,"MMP (Raw milk, dairy products, colostrum and colostrum-based products)",PP - Processing Plant,Mokslininkų g. 6A,Vilnius,08412,Vilnius County,Lithuania,2021-03-25
322,UAB Eladus,LT 01-06,1,GEN (General activity establishment - EU),CS - Cold Stores,Titnago g. 8B,Vilnius,02300,Vilnius County,Lithuania,2021-03-25
323,UAB Euribija,190010807,2,FFP (Fishery products - EU) | GEN (General activity establishment - EU),WM - Wholesale Market,"Taikos pr. 94, Kaunas",Kaunas,LT-51178,Kaunas County,Lithuania,2026-06-09
324,UAB Eurilata,LT 41-10,2,"MM (Minced meat, meat preparations and mechanically separated meat – MM, MP, MSM) | RPM (Meat products)",MM - Minced Meat Plant; MP - Meat Preparation Plant | PP - Processing Plant,Pikeliškių g. 2,Pikeliškės,LT-15140,Vilnius County,Lithuania,2021-03-22
325,UAB Euroginta,LT 41-014 M,1,PM (Meat from poultry and lagomorphs),SH - Slaughterhouse,A. Mickevičiaus g. 58,Papiškės,LT-06292,Vilnius County,Lithuania,2021-06-22
326,UAB Europe eggs,68-04,1,EEP (Eggs and egg products),EPC - Egg-packing Centre,"Birutės sgk. 5, Plungės r. sav.",Maceniai,LT-90100,Telsiai County,Lithuania,2021-03-22
327,UAB FISHNET,LT 79-09,1,FFP (Fishery products - EU),FFPP - Fresh Fishery Products Plant,Tarpupio g. 29,Mamavio k.,LT-21169,Vilnius County,Lithuania,2021-03-26
328,UAB FORSIJA,190014225,1,GEN (General activity establishment - EU),WM - Wholesale Market,"Taikos pr. 106A, Kaunas, Lietuva",Kaunas,LT-51167,Kaunas County,Lithuania,2024-01-24
329,UAB FRUSELA,LT57-01P EB,1,"MMP (Raw milk, dairy products, colostrum and colostrum-based products)",PP - Processing Plant,"GEDIMINO 110, Kupiškis, LT-40134",Kupiškis,40131,Panevezys County,Lithuania,2021-03-22
330,UAB Farmers Circle,LT 81-002 K,1,EEP (Eggs and egg products),PP - Processing Plant,"Žirgyno g. 1, Radiškis, Žemaitkiemio sen.",Radiškis,LT-20364,Vilnius County,Lithuania,2024-04-05
331,UAB Farmers circle processing,81-12,5,"MM (Minced meat, meat preparations and mechanically separated meat – MM, MP, MSM) | WM (Wild game meat) | GEN (General activity establishment - EU) | RM (Meat of domestic ungulates) | RPM (Meat products)",MP - Meat Preparation Plant; MM - Minced Meat Plant | CP - Cutting Plant | CS - Cold Stores | CP - Cutting Plant; SH - Slaughterhouse | PP - Processing Plant,"Žirgyno g. 11, Radiškio k., Žemaitkiemio sen., Ukmergės r. sav.",Radiškis,LT-20364,Vilnius County,Lithuania,2026-06-01
332,UAB Food haus,LT 01-47,2,"MM (Minced meat, meat preparations and mechanically separated meat – MM, MP, MSM) | FFP (Fishery products - EU)",MP - Meat Preparation Plant | PP - Processing Plant,"Pramonės g. 141, Vilniaus m. sav.",Vilnius,LT-11115,Vilnius County,Lithuania,2026-01-13
333,UAB Foodlevel,LT 01-02,1,FFP (Fishery products - EU),WM - Wholesale Market,Liepsnos g. 4,Vilnius,03154,Vilnius County,Lithuania,2023-04-12
334,UAB Frigolita,LT 29-03 EB,1,GEN (General activity establishment - EU),RW - Re-wrapping Establishment; WM - Wholesale Market; CS - Cold Stores,Dvaro g. 162G,Šiauliai,LT-76197,Siauliai County,Lithuania,2026-08-26
335,UAB Fudo,19-37,1,GEN (General activity establishment - EU),CS - Cold Stores,Taikos pr. 96,Kaunas,LT-51178,Kaunas County,Lithuania,2021-03-17
336,UAB GENBA FOOD,520000716,1,GEN (General activity establishment - EU),WM - Wholesale Market,"Kauno apskr. Kauno r. sav., Garliavos sen., Pagirių k., Marijampolės g. 27",Pagiriai,LT-53282,Kaunas County,Lithuania,2021-09-06
337,UAB GERANTA IR PARTNERIAI,77-18,3,"MM (Minced meat, meat preparations and mechanically separated meat – MM, MP, MSM) | RM (Meat of domestic ungulates) | RPM (Meat products)",MM - Minced Meat Plant | CP - Cutting Plant | PP - Processing Plant,"Tauragės apskr., Tauragės r. sav., Tauragės miesto sen., Tauragė, Gedimino g. 50",Tauragė,LT-72185,Taurage County,Lithuania,2021-03-17
338,UAB GODERUS,305580446,1,GEN (General activity establishment - EU),WM - Wholesale Market,MARTINAVOS G.8,Martinava,LT-52249,Kaunas County,Lithuania,2024-05-02
339,UAB GURGUOLĖ,190009819,1,GEN (General activity establishment - EU),WM - Wholesale Market,"Kauno apskr. Kauno m. sav., Kaunas, Taikos pr. 94",Kaunas,LT-51178,Kaunas County,Lithuania,2021-03-18
340,UAB GURMANO SAPNAS,520001565,1,GEN (General activity establishment - EU),WM - Wholesale Market,"Kauno apskr., Kauno r. sav., Garliavos apylinkių sen., Pagiriai, Marijampolės g. 27",Pagiriai,LT-53282,Kaunas County,Lithuania,2021-03-18
341,UAB Galjana,LT 01-05 EB,2,"MM (Minced meat, meat preparations and mechanically separated meat – MM, MP, MSM) | RPM (Meat products)",MP - Meat Preparation Plant | PP - Processing Plant,Untulių g. 6,Vilnius,11115,Vilnius County,Lithuania,2021-03-25
342,UAB Garai,LT 01-19,1,RPM (Meat products),PP - Processing Plant,"Gariūnų g. 71, Vilnius",Vilnius,02300,Vilnius County,Lithuania,2021-03-22
343,UAB Gardumeli,LT 01-03 EB; 01-10,2,GEN (General activity establishment - EU) | FLS (Frogs' legs and snails),WM - Wholesale Market; CS - Cold Stores | PP - Processing Plant,Arimų g. 35,Vilnius,11115,Vilnius County,Lithuania,2021-03-25
344,UAB Genetiniai ištekliai,304979983,1,RM (Meat of domestic ungulates),CP - Cutting Plant; SH - Slaughterhouse,"Arimaičių g. 1, Pavartyčių k., Šeduvos miesto sen., Radviliškio r.",Pavartyčių k.,LT-82215,Siauliai County,Lithuania,2021-11-16
345,UAB Gisnė LT,190012003,1,GEN (General activity establishment - EU),WM - Wholesale Market,"Draugystės g. 19, Kaunas",Kaunas,LT-51178,Kaunas County,Lithuania,2024-07-30
346,UAB Globalfoodconnection,82-10,1,GEN (General activity establishment - EU),CS - Cold Stores; RW - Re-wrapping Establishment,"Paežerės g. 9, Ruklių k., Daugailių sen., Utenos r. sav.",Nuodėguliai,LT-28404,Utena County,Lithuania,2025-12-18
347,UAB Gonas,77-10,1,FFP (Fishery products - EU),PP - Processing Plant,"Ližių g. 1, Ližių km., LT-72364 Tauragės r.",Tauragė,LT-72253,Taurage County,Lithuania,2021-03-17
348,UAB Greita upė,19-20,1,"MMP (Raw milk, dairy products, colostrum and colostrum-based products)",PP - Processing Plant,Raudondvario pl. 76,Kaunas,LT-47182,Kaunas County,Lithuania,2021-03-15
349,UAB Grialtis,LT 01-26; LT 01-09 EB,1,GEN (General activity establishment - EU),CS - Cold Stores; WM - Wholesale Market,Geležinio Vilko g. 2,Vilnius,03150,Vilnius County,Lithuania,2022-03-22
350,UAB Griveta,LT 41-19,1,"MM (Minced meat, meat preparations and mechanically separated meat – MM, MP, MSM)",MP - Meat Preparation Plant,Eglinės k.,Eglinė,LT-15151,Vilnius County,Lithuania,2021-05-19
351,UAB Gyveta,LT66-01 EB,1,RM (Meat of domestic ungulates),SH - Slaughterhouse; CP - Cutting Plant,"Klevų g. 42A, Vaivadų k., Panevėžio r 
LT 38444",Vaivadai,LT-35115,Panevezys County,Lithuania,2021-03-16
352,UAB HES-PRO VILNIUS,33MTSPĮ-1079,1,GEN (General activity establishment - EU),WM - Wholesale Market,"Sodų g. 135, Tirkiliškių k., Alšėnų sen., Kauno r.",Tirkiliškiai,LT-53317,Kaunas County,Lithuania,2021-03-31
353,UAB Handelshus,LT 01-29,1,GEN (General activity establishment - EU),WM - Wholesale Market; CS - Cold Stores,Savanorių pr. 180,Vilnius,03154,Vilnius County,Lithuania,2025-02-05
354,UAB Hantera,68-13,1,WM (Wild game meat),GHE - Game-Handling Establishment,"Paežerės g. 5, Paluokės k., Plungės r. sav.",Paluokė,LT-90441,Telsiai County,Lithuania,2021-03-23
355,UAB ICECO žuvis,LT 51-15 EB; 190011873; 520001880,2,FFP (Fishery products - EU) | GEN (General activity establishment - EU),PP - Processing Plant | WM - Wholesale Market,"Ledo g. 1, Liepynų k., LT-68126 Marijampolė",Liepynai,LT-68122,Marijampole County,Lithuania,2021-09-17
356,UAB IMLITEX,190008791,1,GEN (General activity establishment - EU),WM - Wholesale Market,"Kauno apskr., Kauno m. sav., Kaunas, Europos pr. 38",Kaunas,LT-46369,Kaunas County,Lithuania,2021-03-19
357,UAB INDAS RESOURCES,304258442,1,GEN (General activity establishment - EU),WM - Wholesale Market; CS - Cold Stores,"Kauno apskr., Kauno r. sav., Karmėlavos sen., Biruliškių k., Terminalo g. 6",Biruliškės,LT-54435,Kaunas County,Lithuania,2024-05-07
358,UAB Iceco trade,190011854; 520001858,1,GEN (General activity establishment - EU),WM - Wholesale Market | CS - Cold Stores; WM - Wholesale Market,"B.Brazdžionio g. 21, Kaunas",Kaunas,LT-48184,Kaunas County,Lithuania,2023-09-14
359,UAB JATKANČIŲ MĖSINĖ,77-23,2,RM (Meat of domestic ungulates) | RPM (Meat products),CP - Cutting Plant | PP - Processing Plant,"Tauragės apskr., Tauragės r. sav., Tauragės sen., Jatkančių k.",Jatkančiai,LT-72179,Taurage County,Lithuania,2021-03-17
360,UAB JONIŠKIO MĖSA,LT 47-07,1,RPM (Meat products),PP - Processing Plant,"Mokyklos g. 2, Gasčiūnų k.",Joniškis,LT-84260,Siauliai County,Lithuania,2021-03-18
361,UAB Jolada,86-09; 86-01,2,FFP (Fishery products - EU) | GEN (General activity establishment - EU),PP - Processing Plant | CS - Cold Stores,"Aukštaičių g. 33,Cirkliškis,Cirkliškio sen.,Švenčionių r. sav.",Cirkliškis,LT-18123,Vilnius County,Lithuania,2021-03-19
362,UAB Judex,19-33,1,"MM (Minced meat, meat preparations and mechanically separated meat – MM, MP, MSM)",MP - Meat Preparation Plant,"Europos pr. 96C, Kaunas",Kaunas,LT-46351,Kaunas County,Lithuania,2021-03-19
363,UAB Jurbarkų mėsa,LT 94-04 EB,3,"MM (Minced meat, meat preparations and mechanically separated meat – MM, MP, MSM) | RM (Meat of domestic ungulates) | RPM (Meat products)",MP - Meat Preparation Plant; MM - Minced Meat Plant | SH - Slaughterhouse; CP - Cutting Plant | PP - Processing Plant,"Daržų g. 10, Jurbarkų k.,  Jurbarkų sen., Jurbarko r. sav., Tauragės apskr.",Jurbarkai,LT-74112,Taurage County,Lithuania,2021-03-19
364,UAB Jurestos prekyba,LT 41-18 EB,1,RPM (Meat products),PP - Processing Plant,"Eglinės km., Marijampolio sen., Vilniaus raj.",Eglinė,LT-17249,Vilnius County,Lithuania,2021-03-25
365,UAB Jurginų mėsa,LT 81-304 M,1,"MM (Minced meat, meat preparations and mechanically separated meat – MM, MP, MSM)",MP - Meat Preparation Plant,"Jurįginų k., Deltuvos sen.",Jurginai,LT-20126,Vilnius County,Lithuania,2021-03-22
366,UAB KAIMIŠKAS DŪMAS,77-32,3,"MM (Minced meat, meat preparations and mechanically separated meat – MM, MP, MSM) | RM (Meat of domestic ungulates) | RPM (Meat products)",MM - Minced Meat Plant | CP - Cutting Plant | PP - Processing Plant,"Tauragės apskr., Tauragės r. sav., Tauragės sen., Dacijonai",Dacijonai,,Taurage County,Lithuania,2021-03-17
367,UAB KANRUGĖLĖ,LT65-01 EB,1,RPM (Meat products),PP - Processing Plant,Statybininkų g.26A,Pakruojis,LT-83139,Siauliai County,Lithuania,2021-03-23
368,UAB KAUNO LOBIS,190001159,1,GEN (General activity establishment - EU),WM - Wholesale Market,"Kauno apskr. Kauno m. sav., Kaunas, Draugystės g. 19",Kaunas,LT-51228,Kaunas County,Lithuania,2021-03-18
369,UAB KAUNO ŽUVIS,190000408; LT 19-34,1,GEN (General activity establishment - EU),WM - Wholesale Market | CS - Cold Stores,"Kauno apskr., Kauno m. sav., Kaunas, Taikos pr. 94",Kaunas,LT-51178,Kaunas County,Lithuania,2021-03-19
370,UAB KIAUŠINIŲ ŪKIS,190010141,1,GEN (General activity establishment - EU),WM - Wholesale Market,"Kauno apskr. Kauno m. sav., Kaunas, Taikos pr. 94",Kaunas,LT-51178,Kaunas County,Lithuania,2021-03-18
371,UAB KNYSLYS,190009287,1,GEN (General activity establishment - EU),WM - Wholesale Market,"Kauno apskr. Kauno m. sav., Kaunas, Pramonės pr. 16",Kaunas,LT-51183,Kaunas County,Lithuania,2021-03-18
372,UAB KUNIONIŲ RŪKYKLĖLĖ,53-07,1,RPM (Meat products),PP - Processing Plant,"Liepų g., 1, Kunionių k., Josvainių sen., Kėdainių r",Kunioniai,LT-58201,Kaunas County,Lithuania,2021-03-18
373,UAB KUŽIŲ MĖSA,LT91-01EB,1,RM (Meat of domestic ungulates),SH - Slaughterhouse,"Žalioji g. 2D, Amalių k., Kužių sen., Šiaulių r. LT-80263",Kužiai,LT-80265,Siauliai County,Lithuania,2022-01-10
374,UAB Kadaginė,LT 41-019 M,1,"MM (Minced meat, meat preparations and mechanically separated meat – MM, MP, MSM)",MP - Meat Preparation Plant,"Varniškių k. , Riešės sen., Vilniaus r.",Varniškė,,Vilnius County,Lithuania,2021-03-25
375,UAB Kaišiadorių paukštynas,190011698,1,GEN (General activity establishment - EU),WM - Wholesale Market,"Taikos pr. 96, Kaunas",Kaunas,LT-51178,Kaunas County,Lithuania,2021-03-18
376,UAB Kalėdienės ūkis,52-02,1,RPM (Meat products),PP - Processing Plant,"Dubravų g.12, Šlienava, Kauno raj.",Šlienava,LT-53145,Kaunas County,Lithuania,2021-03-16
377,UAB Kaminatrans,LT 21-12 EB,1,GEN (General activity establishment - EU),WM - Wholesale Market; CS - Cold Stores,"Naujoji uosto 23, Klaipėda",Klaipėda,LT-92121,Klaipeda County,Lithuania,2021-03-12
378,UAB Karališka kibininė,LT 79-06,1,"MM (Minced meat, meat preparations and mechanically separated meat – MM, MP, MSM)",MP - Meat Preparation Plant,Sausiai,Sausiai,LT-21401,Vilnius County,Lithuania,2021-03-26
379,UAB Karališka žuvis,LT 41-09,2,FFP (Fishery products - EU) | GEN (General activity establishment - EU),FFPP - Fresh Fishery Products Plant | CS - Cold Stores,Prašiškių g. 53,Vanaginė,LT-14332,Vilnius County,Lithuania,2021-03-25
380,UAB Karosas,LT 01-097 Ž,1,FFP (Fishery products - EU),PP - Processing Plant,Gariūnų g. 56,Vilnius,02300,Vilnius County,Lithuania,2021-03-26
381,UAB Kazena,52-22,1,RM (Meat of domestic ungulates),CP - Cutting Plant,"Verslo g. 3, Virbališkių k., Ringaudų sen., Kauno raj.",Virbališkiai,LT-53458,Kaunas County,Lithuania,2021-03-17
382,UAB Kelmės pienas,54-01P,1,"MMP (Raw milk, dairy products, colostrum and colostrum-based products)",PP - Processing Plant,"Raseinių g. 2, Kelmė",Kelmė,LT-86160,Siauliai County,Lithuania,2022-01-10
383,UAB Klingai,19-15,1,GEN (General activity establishment - EU),RW - Re-wrapping Establishment; CS - Cold Stores,"Ekskavatorininkų g. 1, Kaunas",Kaunas,LT-52369,Kaunas County,Lithuania,2021-03-19
384,UAB Krekenavos agrofirma,190000459; 190011836; 190011765; LT53-04EB; LT685868716,4,GEN (General activity establishment - EU) | RM (Meat of domestic ungulates) | GM (Meat of farmed game) | RPM (Meat products),WM - Wholesale Market | SH - Slaughterhouse | CP - Cutting Plant | PP - Processing Plant,"Taikos pr. 94, Kaunas",Kaunas,LT-51178,Kaunas County,Lithuania,2026-05-19
385,UAB Kumpeliukas,52-21,1,RPM (Meat products),PP - Processing Plant,"Špokų g. 10, Varluvos k., Kauno raj.",Varluva,LT-54341,Kaunas County,Lithuania,2021-03-16
386,UAB Kėdainių konservų fabrikas,53-01; 53-11,2,FFP (Fishery products - EU) | RPM (Meat products),PP - Processing Plant,"Šingalių k., Josvainių sen., Kėdainių r. LT-58191",Šingaliai,LT-58191,Kaunas County,Lithuania,2021-03-18
387,UAB LESTENA,LT98-01EB; LT 91-08; LT29-10,1,GEN (General activity establishment - EU),CS - Cold Stores,"Šiaulių r., Kairiai, Pramonės g.3A",Kairiai,LT-80114,Siauliai County,Lithuania,2023-10-18
388,UAB LINKUVOS MĖSA,LT65-21 EB,1,RPM (Meat products),PP - Processing Plant,Valakų g. 7,Linkuva,,Siauliai County,Lithuania,2024-03-29
389,UAB LITAMILK,01-35 P,1,"MMP (Raw milk, dairy products, colostrum and colostrum-based products)",PP - Processing Plant,Kirtimų g. 49,Vilnius,02244,Vilnius County,Lithuania,2026-06-04
390,UAB LUKRITMA,181704230,1,GEN (General activity establishment - EU),WM - Wholesale Market,"Kauno apskr., Kauno raj., Karmėlavos se., Veterinarų g. 46",Karmėlava,LT-54085,Kaunas County,Lithuania,2025-03-20
391,UAB LUNA TRADE,520001720; 520001704,1,GEN (General activity establishment - EU),WM - Wholesale Market,"Marijampolės g. 27, Pagiriai, Garliavos sen., Kauno r.",Kalinava,LT-53282,Kaunas County,Lithuania,2021-03-19
392,UAB Ledo broliai,520001620; 190011360,1,GEN (General activity establishment - EU),WM - Wholesale Market,"Marijampolės g. 27, Pagiriai, Garliavos sen., Kauno r.",Pagiriai,LT-53282,Kaunas County,Lithuania,2021-03-18
393,UAB Lestvus,LT 01-098 Ž,1,FFP (Fishery products - EU),PP - Processing Plant,Gurių g. 129,Vilnius,11346,Vilnius County,Lithuania,2021-03-26
394,UAB Lidl Lietuva,520001867,1,GEN (General activity establishment - EU),WM - Wholesale Market,"Erdvės g. 41, Ramučių k., Karmėlavos sen., Kauno  r.",Kaunas,LT-54469,Kaunas County,Lithuania,2021-09-07
395,UAB Litcargus,52-28,1,GEN (General activity establishment - EU),WM - Wholesale Market; CS - Cold Stores,"Oro uosto g. 4, Karmėlava, Kauno r.",Karmėlava,LT-54460,Kaunas County,Lithuania,2021-03-19
396,UAB Liūtukas ir Ko,19-30; 190011840,2,"MM (Minced meat, meat preparations and mechanically separated meat – MM, MP, MSM) | GEN (General activity establishment - EU)",MP - Meat Preparation Plant | WM - Wholesale Market,"Alovės g. 15, Kaunas",Kaunas,LT-46344,Kaunas County,Lithuania,2021-03-19
397,UAB Lukšių pieninė,190003605,1,GEN (General activity establishment - EU),WM - Wholesale Market,"Taikos pr. 94, Kaunas",Kaunas,LT-51178,Kaunas County,Lithuania,2021-03-19
398,UAB Lupra,LT29-02,1,RPM (Meat products),PP - Processing Plant,Girulių g. 24,Šiauliai,78136,Siauliai County,Lithuania,2021-03-17
399,UAB M Logistika,01-13,1,GEN (General activity establishment - EU),WM - Wholesale Market; CS - Cold Stores,Kirtimų g. 57B,Vilnius,02244,Vilnius County,Lithuania,2021-03-10
400,UAB MAISTO ARSENALAS,53-10,1,RPM (Meat products),PP - Processing Plant,"Pašilėlės g.3, Pavermenio k., Truskavos sen., Kėdainių r.",Pavermenys,LT-58466,Kaunas County,Lithuania,2021-03-18
401,UAB MARIJAMPOLĖS PIENO KONSERVAI,LT 51-04 P EU; LT 18-01P EU,1,"MMP (Raw milk, dairy products, colostrum and colostrum-based products)",PP - Processing Plant,"Vytauto g. 74, Kalvarija",Kalvarija,LT-69223,Marijampole County,Lithuania,2026-05-05
402,UAB MARNISTA,190010860,1,GEN (General activity establishment - EU),WM - Wholesale Market,"Kauno apskr. Kauno m. sav., Kaunas, Jonavos g. 196",Kaunas,LT-44136,Kaunas County,Lithuania,2021-03-18
403,UAB MEGA,190010494,1,GEN (General activity establishment - EU),WM - Wholesale Market,"Taikos pr. 94, Kaunas",Kaunas,LT-51178,Kaunas County,Lithuania,2021-03-19
404,UAB MEGA BALTIC,130016837,1,GEN (General activity establishment - EU),WM - Wholesale Market,"Servečės g. 1, LT-02121 Vilnius",Vilnius,LT-02121,Vilnius County,Lithuania,2024-08-02
405,UAB MERCADO PREKYBA,190011162,1,GEN (General activity establishment - EU),WM - Wholesale Market,"Kauno apskr., Kauno m. sav., Kaunas, B. Brazdžionio g. 21",Kaunas,LT-48184,Kaunas County,Lithuania,2021-03-19
406,UAB MEST FOOD,520001676,1,GEN (General activity establishment - EU),WM - Wholesale Market,"Marijampolės g. 27, Pagiriai, Garliavos sen., Kauno r.",Pagiriai,LT-53282,Kaunas County,Lithuania,2021-03-19
407,UAB MILTINUKO RECEPTAS,LT 47-10,1,"MM (Minced meat, meat preparations and mechanically separated meat – MM, MP, MSM)",MP - Meat Preparation Plant,"Sodų g. 2, Ziniūnai, Joniškio r. sav.",Ziniūnai,LT-84143,Siauliai County,Lithuania,2021-03-18
408,UAB MIglūnas,LT 69-04 EB,1,RPM (Meat products),PP - Processing Plant,Kauno pl.78,Liepalotas,LT-59147,Kaunas County,Lithuania,2021-03-17
409,UAB MP Partneriai,520001636,1,GEN (General activity establishment - EU),WM - Wholesale Market,"Kauno apskr. Kauno r. sav., Karmėlavos sen., Biruliškių k., Terminalo g. 6",Kaunas,LT-54469,Kaunas County,Lithuania,2021-03-18
410,UAB Maisto namai,LT27-04 EB,1,RPM (Meat products),PP - Processing Plant,"Beržų g. 44, LT-36144",Panevežys,35100,Panevezys County,Lithuania,2021-03-16
411,UAB Maisto ūkis,LT 01-11,1,RPM (Meat products),PP - Processing Plant,"Eišiškių pl. 26, Vilnius",Vilnius,02190,Vilnius County,Lithuania,2021-03-22
412,UAB Malenus,190007328,1,GEN (General activity establishment - EU),WM - Wholesale Market,"Draugystės g. 19, Kaunas",Kaunas,LT-51178,Kaunas County,Lithuania,2021-03-19
413,UAB Mantinga,190006785; 520001870,1,GEN (General activity establishment - EU),WM - Wholesale Market,"Taikos pr. 96, Kaunas",Kaunas,LT-51178,Kaunas County,Lithuania,2021-03-18
414,UAB Meateksa,190012083,1,GEN (General activity establishment - EU),WM - Wholesale Market,"Europos pr. 36, Kaunas",Kaunas,LT-46369,Kaunas County,Lithuania,2021-03-18
415,UAB Medaus avilys,520001372,1,GEN (General activity establishment - EU),WM - Wholesale Market,"Terminalo g. 6, Biruliškių k., Karmėlavos sen., Kauno r.",Kaunas,LT-54469,Kaunas County,Lithuania,2021-03-19
416,UAB Medeivė,52-09,1,RPM (Meat products),PP - Processing Plant,"Paupio g. 59, Vaistariškių k., Karmėlavos sen., Kauno raj.",Vaistariškiai,LT-44103,Kaunas County,Lithuania,2021-03-17
417,UAB Medrokis,LT 01-24,2,"MM (Minced meat, meat preparations and mechanically separated meat – MM, MP, MSM) | GM (Meat of farmed game)",MM - Minced Meat Plant | CP - Cutting Plant,"Eišiškių pl. 127, Vilnius",Vilnius,02189,Vilnius County,Lithuania,2021-03-22
418,UAB Megaprojektai,190000451,1,GEN (General activity establishment - EU),WM - Wholesale Market,"Taikos pr. 94, Kaunas",Kaunas,LT-51178,Kaunas County,Lithuania,2021-03-19
419,UAB Minriga,52-23,1,RM (Meat of domestic ungulates),CP - Cutting Plant,"Rytmečio g. 10, Voškoniai, Kauno raj.",Voškoniai,LT-54346,Kaunas County,Lithuania,2021-03-19
420,UAB Modepa,LT 01-28 EB,2,"MM (Minced meat, meat preparations and mechanically separated meat – MM, MP, MSM) | RPM (Meat products)",MP - Meat Preparation Plant; MM - Minced Meat Plant | PP - Processing Plant,Strazdų g. 4,Vilnius,LT-14158,Vilnius County,Lithuania,2021-03-25
421,UAB Mėsinga,LT 41-13 EB,1,RPM (Meat products),PP - Processing Plant,A. Mickevičiaus g. 257,Buiniškės,LT-14202,Vilnius County,Lithuania,2021-03-25
422,UAB NIklita,190000248,1,GEN (General activity establishment - EU),WM - Wholesale Market,"Taikos pr. 94, Kaunas",Kaunas,LT-51178,Kaunas County,Lithuania,2021-03-19
423,UAB NNL LT,520001375,1,GEN (General activity establishment - EU),WM - Wholesale Market,"Marijampolės g. 27, Pagiriai, Garliavos sen., Kauno r.",Pagiriai,LT-53282,Kaunas County,Lithuania,2024-04-09
424,UAB NNL Procurement,520001210,1,GEN (General activity establishment - EU),WM - Wholesale Market,"Kauno apskr., Kauno r. sav., Garliavos apylinkių sen., Pagiriai, Marijampolės g. 27",Pagiriai,LT-53282,Kaunas County,Lithuania,2021-03-19
425,UAB NORDNIX,LT 21-10EB,1,GEN (General activity establishment - EU),CS - Cold Stores,Nemuno g.24,Klaipėda,LT-93277,Klaipeda County,Lithuania,2024-08-30
426,UAB NORVELITA,72-09,1,FFP (Fishery products - EU),PP - Processing Plant,"PRAMONĖS G. 1, GABŠIŲ K., RASEINIŲ RAJ.",Gabšiai,LT-60180,Kaunas County,Lithuania,2023-06-01
427,UAB NOVIALIS,520002546,1,GEN (General activity establishment - EU),WM - Wholesale Market,"Marijampolės g. 27, Pagirių k., Kauno r.",Pagiriai,LT-53283,Kaunas County,Lithuania,2023-11-20
428,UAB NS TRADING,72-01,1,FFP (Fishery products - EU),PP - Processing Plant,"Pramonės g. 5, Raseinių sen.",Gabšiai,LT-60180,Kaunas County,Lithuania,2023-06-01
429,UAB Našmita,LT 01-20 EB,1,RPM (Meat products),PP - Processing Plant,Ukrainiečių g. 32,Vilnius,LT-11351,Vilnius County,Lithuania,2021-03-25
430,UAB Nordnet,52-01,1,GEN (General activity establishment - EU),CS - Cold Stores,"Marijampolės g. 27, Pagiriai, Garliavos sen., Kauno r.",Pagiriai,LT-53282,Kaunas County,Lithuania,2021-03-19
431,UAB Northern Supplies,33MTSPĮ-274,1,GEN (General activity establishment - EU),WM - Wholesale Market,"B. Brazdžionio g. 21, Kaunas",Kaunas,LT-48134,Kaunas County,Lithuania,2021-04-09
432,UAB Norvelina,52-18,1,RPM (Meat products),PP - Processing Plant,"Svirno g.2, Eigirgalos k., Domeikavos sen., Kauno raj.",Eigirgalos k.,LT-54341,Kaunas County,Lithuania,2021-03-16
433,UAB Oksvidos mėsa,LT57-10 EB,1,RM (Meat of domestic ungulates),SH - Slaughterhouse,"Stuburų 1, Salamiesčio k., Alizavos sen., Kupiškio r., LT-40438",Salamiestis,LT-40438,Panevezys County,Lithuania,2025-04-24
434,UAB Olkusjana,LT 85-18,3,"MM (Minced meat, meat preparations and mechanically separated meat – MM, MP, MSM) | RM (Meat of domestic ungulates) | GM (Meat of farmed game)",MP - Meat Preparation Plant | SH - Slaughterhouse,Lydos g. 32,Jasiūnai,LT-17247,Vilnius County,Lithuania,2023-06-08
435,UAB Orka foods,68-03P; 68-06; 520001878; 68-05,4,"MMP (Raw milk, dairy products, colostrum and colostrum-based products) | FFP (Fishery products - EU) | GEN (General activity establishment - EU) | RPM (Meat products)",PP - Processing Plant | WM - Wholesale Market,"Birutės skg. 10, Macenių k., Plungės r. sav.",Maceniai,LT-90100,Telsiai County,Lithuania,2021-03-23
436,UAB Orteda,190011324; 19-28,2,GEN (General activity establishment - EU) | PM (Meat from poultry and lagomorphs),WM - Wholesale Market | CS - Cold Stores; WM - Wholesale Market | CP - Cutting Plant,"Draugystės g. 19, Kaunas",Kaunas,LT-51178,Kaunas County,Lithuania,2021-03-19
437,UAB PELICANO FOOD,190010121,1,GEN (General activity establishment - EU),WM - Wholesale Market,"Kauno apskr., Kauno m. sav., Kaunas, Taikos pr. 94",Pagiriai,LT-53282,Kaunas County,Lithuania,2021-03-18
438,UAB PRO INDUSTRIJA,LT 21-18 EB,1,FFP (Fishery products - EU),PP - Processing Plant,Turgaus g. 5-4,Klaipėda,LT-91247,Klaipeda County,Lithuania,2021-03-12
439,UAB Pajuva,LT 27-05 EB,1,GEN (General activity establishment - EU),RW - Re-wrapping Establishment,"Rėklių g. 1 A, Panevėžys",Panevežys,35101,Panevezys County,Lithuania,2021-03-16
440,UAB Palink,LT 01-15 EB,1,FFP (Fishery products - EU),FFPP - Fresh Fishery Products Plant,Kirtimų g. 57D,Vilnius,02244,Vilnius County,Lithuania,2021-03-25
441,UAB Palink-kulinarijos centras,LT66-05 EB,1,RPM (Meat products),PP - Processing Plant,"J. Tilvyčio g. 179, Vaišvilčių I k., Panevėžio r., LT-38292",Vaišvilčiai I,LT-38365,Panevezys County,Lithuania,2021-03-16
442,UAB Petro mėsinė,LT27-03 EB,1,RPM (Meat products),PP - Processing Plant,"Beržų g. 8, LT-36233",Panevėžys,LT-35001,Panevezys County,Lithuania,2021-03-16
443,UAB Pieno partneriai,68-15P,1,"MMP (Raw milk, dairy products, colostrum and colostrum-based products)",CC - Collection Centre,Birutės g. 49A,Plungė,LT-90122,Telsiai County,Lithuania,2021-03-22
444,UAB Pilkasis ruonis,52-13,1,RPM (Meat products),PP - Processing Plant,"Baterijos pl. 1, Kaunas",Kaunas,LT-45375,Kaunas County,Lithuania,2021-03-17
445,UAB Plungės kooperatinė prekyba,68-08; 190011861; 520001873,2,FFP (Fishery products - EU) | GEN (General activity establishment - EU),PP - Processing Plant | WM - Wholesale Market,Birutės g. 50,Plungė,LT-90112,Telsiai County,Lithuania,2021-03-22
446,UAB Plungės šaltis,68-10,1,FFP (Fishery products - EU),PP - Processing Plant,Stoties g. 9,Plungė,LT-90115,Telsiai County,Lithuania,2021-03-22
447,UAB Prosperity A,660000823,1,GEN (General activity establishment - EU),WM - Wholesale Market,"J. Tilvyčio g. 124., Vaišvilčių II k., Panevėžio r.",Vaišvilčiai II,LT-38365,Panevezys County,Lithuania,2021-03-19
448,UAB Proximus Global,LT 01-04 EB,1,GEN (General activity establishment - EU),CS - Cold Stores,Sandėlių g. 44B,Vilnius,02246,Vilnius County,Lithuania,2021-03-23
449,UAB RASEINIŲ ŽUVININKYSTĖ,LT 72-07,1,FFP (Fishery products - EU),PP - Processing Plant,"Pramonės g. 1, Gabšių k., Raseinių sen., Raseinių r.",Gabšiai,LT-60180,Kaunas County,Lithuania,2021-03-15
450,UAB REITAN CONVENIENCE LITHUANIA,190008846,1,GEN (General activity establishment - EU),WM - Wholesale Market,"Kauno apskr. Kauno r. sav., Garliavos sen., Pagirių k., Marijampolės g. 27",Pagiriai,LT-53282,Kaunas County,Lithuania,2021-03-18
451,UAB REKETUKAS,LT 71-09 EB,1,"MMP (Raw milk, dairy products, colostrum and colostrum-based products)",PP - Processing Plant,"Pkaruojo street 2, Radviliskis disctrict",Gražioniai,LT-82481,Siauliai County,Lithuania,2025-09-19
452,UAB RENGMĖ,LT29-09,2,FFP (Fishery products - EU) | GEN (General activity establishment - EU),PP - Processing Plant | RW - Re-wrapping Establishment; CS - Cold Stores,"Šiauliai, Kupiškio g. 7",Šiauliai,LT-76146,Siauliai County,Lithuania,2022-05-19
453,UAB RIMGEMA,190010983,1,GEN (General activity establishment - EU),WM - Wholesale Market,"Kauno apskr. Kauno m. sav., Kaunas, Europos pr. 38",Kaunas,LT-46369,Kaunas County,Lithuania,2021-03-18
454,UAB RIMI LIETUVA,01-41; LT 01-40 EB; 19-09,4,"MM (Minced meat, meat preparations and mechanically separated meat – MM, MP, MSM) | RM (Meat of domestic ungulates) | GM (Meat of farmed game) | RPM (Meat products)",MP - Meat Preparation Plant; MM - Minced Meat Plant | MP - Meat Preparation Plant | MM - Minced Meat Plant; MP - Meat Preparation Plant | CP - Cutting Plant | PP - Processing Plant,"Saltoniškių g. 9, Vilnius",Vilnius,08105,Vilnius County,Lithuania,2021-03-25
455,UAB RIVONA,LT 11-01P; 53-09; 520001358; 530000141; 87-10; 53-06,5,"MMP (Raw milk, dairy products, colostrum and colostrum-based products) | FFP (Fishery products - EU) | GEN (General activity establishment - EU) | RM (Meat of domestic ungulates) | RPM (Meat products)",PP - Processing Plant | WM - Wholesale Market | SH - Slaughterhouse; CP - Cutting Plant,Putinų g. 33,Alytus,LT-62114,Alytus County,Lithuania,2025-11-27
456,UAB RIVONA Greitai gendančių maisto produktų sandėlys,530000586,1,GEN (General activity establishment - EU),WM - Wholesale Market,"Pramonės g., 15, Kėdainiai",Kėdainiai,LT-57241,Kaunas County,Lithuania,2021-03-18
457,UAB RSP,19-05,2,FFP (Fishery products - EU) | GEN (General activity establishment - EU),PP - Processing Plant | WM - Wholesale Market,"Taikos pr. 106D, Kaunas",Kaunas,LT-52265,Kaunas County,Lithuania,2021-03-19
458,UAB RUNEDA,190008839,1,GEN (General activity establishment - EU),WM - Wholesale Market,"Kauno apskr., Kauno m. sav., Kaunas, Dvarų g. 47",Kaunas,LT-46399,Kaunas County,Lithuania,2021-03-19
459,UAB Ramvida,19-01,1,"MM (Minced meat, meat preparations and mechanically separated meat – MM, MP, MSM)",MP - Meat Preparation Plant,"Draugystės g.19, Kaunas",Kaunas,LT-51230,Kaunas County,Lithuania,2021-03-19
460,UAB Ratutela,19-14,1,"MM (Minced meat, meat preparations and mechanically separated meat – MM, MP, MSM)",MP - Meat Preparation Plant,"Veiverių g. 151, Kaunas",Kaunas,LT-46417,Kaunas County,Lithuania,2021-03-19
461,UAB Raučulys,52-08,3,"MM (Minced meat, meat preparations and mechanically separated meat – MM, MP, MSM) | RM (Meat of domestic ungulates) | RPM (Meat products)",MP - Meat Preparation Plant | CP - Cutting Plant | PP - Processing Plant,"Čekiškės g. 86, Vilkija, Kauno raj.",Vilkija,LT-54221,Kaunas County,Lithuania,2021-03-19
462,UAB Redvida,LT 79-10,1,GEN (General activity establishment - EU),CS - Cold Stores; WM - Wholesale Market,Aluonos g. 37,Jelščizna,LT-21171,Vilnius County,Lithuania,2021-03-26
463,UAB Restera,LT 78-05 EB,1,RPM (Meat products),PP - Processing Plant,"Statybininkų g.3, Telšiai",Telšiai,LT-87101,Telsiai County,Lithuania,2021-03-19
464,UAB Revijoma,61-04,4,"MM (Minced meat, meat preparations and mechanically separated meat – MM, MP, MSM) | RM (Meat of domestic ungulates) | GM (Meat of farmed game) | RPM (Meat products)",MM - Minced Meat Plant; MP - Meat Preparation Plant | SH - Slaughterhouse; CP - Cutting Plant | PP - Processing Plant,"Viekšnių g. 33, Užventes km. Viekšniu sen. Mažeikių r. sav., Telšių apskr.",Užventes k.,LT-89494,Telsiai County,Lithuania,2021-03-17
465,UAB Riamona,LT 33-13EB,1,RPM (Meat products),PP - Processing Plant,"Taikos g. 94, Verebiejų k., Simno sen., Alytaus r. sav.",Verabiejai,LT-64353,Alytus County,Lithuania,2024-02-29
466,UAB Rineka,LT 54-05,1,RPM (Meat products),PP - Processing Plant,"Šiaulių g.2, Beržėnų k., Užvenčio sen., Kelmės r. sav. LT-86357",Kelmė,LT-86137,Siauliai County,Lithuania,2021-03-19
467,UAB Ristva ir Ko,LT66-31 EB,1,RPM (Meat products),PP - Processing Plant,"Kapinės g. 3, Daukniūnų k., LT-38361",Daukniūnai,LT-35290,Panevezys County,Lithuania,2021-03-16
468,UAB Rokiškio pieno gamyba,LT 81-01P,1,"MMP (Raw milk, dairy products, colostrum and colostrum-based products)",PP - Processing Plant,Kauno g. 65,Ukmergė,LT-20118,Vilnius County,Lithuania,2021-03-22
469,UAB Romega,52-27,2,GEN (General activity establishment - EU) | PM (Meat from poultry and lagomorphs),CS - Cold Stores; WM - Wholesale Market; RW - Re-wrapping Establishment | CP - Cutting Plant,"S. Lozoraičio g. 17E, Garliava, Kauno raj.",Garliava,LT-50111,Kaunas County,Lithuania,2021-03-19
470,UAB Rūkoriai,LT 01-083 Ž; LT 13-107 Ž,1,FFP (Fishery products - EU),PP - Processing Plant,Tarandės g. 9,Vilnius,LT-08200,Vilnius County,Lithuania,2021-03-26
471,UAB SALDOGA,LT 72-03; 52-38; 52-16,1,FFP (Fishery products - EU),PP - Processing Plant,"Pramonės g. 3, Raseinių sen.",Gabšiai,LT-60180,Kaunas County,Lithuania,2024-02-28
472,UAB SANITEX,520001016,1,GEN (General activity establishment - EU),WM - Wholesale Market,"Kauno apskr. Kauno r. sav., Alšėnų sen., Kampiškių k., Alšėnų g. 8",Alšėnai,LT-53303,Kaunas County,Lithuania,2021-12-13
473,UAB SANJAGA,46-10,1,RPM (Meat products),PP - Processing Plant,"Kauno apskr. Jonavos r. sav., Jonavos miesto sen., Jonava, Fabriko g. 3",Jonava,LT-55111,Kaunas County,Lithuania,2021-03-18
474,UAB SAUVA,520000869,1,GEN (General activity establishment - EU),WM - Wholesale Market,"Kauno apskr. Kauno r. sav., Neveronių sen., Neveronys",Neveronys,LT-54481,Kaunas County,Lithuania,2021-03-18
475,UAB SBE,LT 62-01 EB,1,"CAS (Treated stomachs, bladders and intestines: casings only)",PP - Processing Plant,"Suojos g. 5, Runionių k., Alantos sen., Molėtų r. sav.",Runionys,LT-33315,Utena County,Lithuania,2025-03-18
476,UAB SENASIS MALŪNAS,87-01,2,RM (Meat of domestic ungulates) | RPM (Meat products),CP - Cutting Plant | PP - Processing Plant,"Bažnyčios g. 1, 75102 Balsiai, Šilalės kaimiškoji sen., Šilalės r. sav.",Šilalė,,Taurage County,Lithuania,2021-10-20
477,UAB SINANO KEBABAI,LT 01-066 M,1,"MM (Minced meat, meat preparations and mechanically separated meat – MM, MP, MSM)",MP - Meat Preparation Plant,A. Basanavičiaus g. 37,Vilnius,03100,Vilnius County,Lithuania,2021-03-25
478,UAB SKONIO PASLAPTIS,LT 41-07 EB,1,"MM (Minced meat, meat preparations and mechanically separated meat – MM, MP, MSM)",MP - Meat Preparation Plant,Vaikystės g. 2,Avižieniai,,Vilnius County,Lithuania,2021-03-25
479,UAB SMILGIAI,18-060,1,RPM (Meat products),PP - Processing Plant,"Parko g. 3, Smilgių k., Sasnavos sen., Marijampolės sav.",Smilgiai,LT-69481,Marijampole County,Lithuania,2022-03-31
480,UAB Saldukas,41-04,1,GEN (General activity establishment - EU),RW - Re-wrapping Establishment; WM - Wholesale Market,Pušų g. 9,Kalviškių k.,LT-14105,Vilnius County,Lithuania,2021-06-22
481,UAB Samsonas,190007584; 19-11; LT 84-07,2,GEN (General activity establishment - EU) | RPM (Meat products),WM - Wholesale Market | CS - Cold Stores; RW - Re-wrapping Establishment | PP - Processing Plant,"Europos pr. 36, Kaunas",Kaunas,LT-46369,Kaunas County,Lithuania,2021-03-19
482,UAB Santamed,52-29,1,GEN (General activity establishment - EU),RW - Re-wrapping Establishment,"Liepų g. 9, Linksmakalnis, Kauno r.",Linksmakalnis,LT-59302,Kaunas County,Lithuania,2021-03-19
483,UAB Sauda,52-04,1,GEN (General activity establishment - EU),RW - Re-wrapping Establishment,"Pramonės g. 11, Stanaičių k., Kauno r.",Stanaičių k.,LT-53285,Kaunas County,Lithuania,2021-03-19
484,UAB Saudona LT,520001515,1,GEN (General activity establishment - EU),WM - Wholesale Market,"Politechnikos g. 219, Naujasodžio k., Karmėlavos sen., Kauno r.",Kaunas,LT-49107,Kaunas County,Lithuania,2021-03-19
485,UAB Scandinavian Seafood Factory,LT 85-03,2,GEN (General activity establishment - EU) | RPM (Meat products),RW - Re-wrapping Establishment; CS - Cold Stores | PP - Processing Plant,Vilniaus g. 3,Šalčininkai,LT-17102,Vilnius County,Lithuania,2021-04-12
486,UAB Seafood Market LT,01-57,2,FFP (Fishery products - EU) | GEN (General activity establishment - EU),WM - Wholesale Market | RW - Re-wrapping Establishment; CS - Cold Stores,"Servečės g. 2, Vilniaus m. sav.",Vilnius,LT-02121,Vilnius County,Lithuania,2026-06-18
487,UAB Sedva,19-12,1,RM (Meat of domestic ungulates),CP - Cutting Plant,"Europos pr. 106 A, Kaunas",Kaunas,LT-46351,Kaunas County,Lithuania,2021-03-17
488,UAB Senolių alksnynė,52-05,1,RPM (Meat products),PP - Processing Plant,"Plento g. 13, Ramučiai, Kauno raj.",Ramučiai,LT-54464,Kaunas County,Lithuania,2021-03-16
489,UAB Senolių gardumynai,52-06,1,RPM (Meat products),PP - Processing Plant,"Varluvos g. 9, Varluvos k., Kauno raj.",Varluva,LT-54341,Kaunas County,Lithuania,2021-03-16
490,UAB Skaistės mėsa,19-22,2,RM (Meat of domestic ungulates) | RPM (Meat products),CP - Cutting Plant | PP - Processing Plant,"Marijampolės pl. 14, Kaunas",Kaunas,LT-45447,Kaunas County,Lithuania,2021-03-19
491,UAB Skonio iššūkis,LT 11-08 EB,1,RPM (Meat products),PP - Processing Plant,"Naujoji g. 124-1, Alytus",Alytus,LT-62175,Alytus County,Lithuania,2024-02-29
492,UAB Sraigių delikatesai,520001550,1,GEN (General activity establishment - EU),WM - Wholesale Market,"Marijampolės g. 27, Pagiriai, Garliavos sen., Kauno r.",Pagiriai,LT-53282,Kaunas County,Lithuania,2021-03-18
493,UAB Stilsas,LT29-01,1,RPM (Meat products),PP - Processing Plant,Verdulių g. 4,Šiauliai,LT-78112,Siauliai County,Lithuania,2021-03-17
494,UAB Stoniškių žara,88-33,3,"MM (Minced meat, meat preparations and mechanically separated meat – MM, MP, MSM) | RM (Meat of domestic ungulates) | RPM (Meat products)",MM - Minced Meat Plant | CP - Cutting Plant | PP - Processing Plant,"Tauragės apskr., Pagėgių sav., Stoniškių sen., Rukai, Vilties g. 1",Rukai,LT-99290,Taurage County,Lithuania,2021-03-17
495,UAB Takažolė,LT 62-04 EB,3,RM (Meat of domestic ungulates) | GM (Meat of farmed game) | RPM (Meat products),SH - Slaughterhouse | CP - Cutting Plant; SH - Slaughterhouse | PP - Processing Plant,"Molėtų r. sav., Čiulėnų sen., Toliejų k., Aukštakalnio g. 5",Toliejai,,Utena County,Lithuania,2025-07-16
496,UAB Tasiga,LT 29-06,1,RPM (Meat products),PP - Processing Plant,Ragainės g.3,Šiauliai,LT-78112,Siauliai County,Lithuania,2021-03-17
497,UAB Tavijuta,LT27-02 EB,1,RPM (Meat products),PP - Processing Plant,Pramonės g. 8,Panevežys,35100,Panevezys County,Lithuania,2021-03-16
498,UAB Tikras dūmas,68-12,1,RPM (Meat products),PP - Processing Plant,"Liepų g. 3, Stanelių k., Plungės r. sav.",Staneliai,LT-90487,Telsiai County,Lithuania,2021-03-23
499,UAB Tisara,LT 85-06,2,GEN (General activity establishment - EU) | RPM (Meat products),CS - Cold Stores | PP - Processing Plant,Naujoji g. 6,Šalčininkėliai,LT-17124,Vilnius County,Lithuania,2021-03-26
500,UAB Tradita,LT 85-17,2,"MM (Minced meat, meat preparations and mechanically separated meat – MM, MP, MSM) | RPM (Meat products)",MP - Meat Preparation Plant; MM - Minced Meat Plant | PP - Processing Plant,Naujoji g.11,Mantviliškės,LT-17161,Vilnius County,Lithuania,2021-03-26
501,UAB Transneda,21-42,1,GEN (General activity establishment - EU),WM - Wholesale Market; CS - Cold Stores,"Šilutės pl. 15A, Klaipėda, Klaipėdos m. sav.",Klaipėda,LT-91109,Klaipeda County,Lithuania,2026-02-19
502,UAB Trinas,190012141,1,GEN (General activity establishment - EU),WM - Wholesale Market,"Taikos pr. 96, Kaunas",Kaunas,LT-51178,Kaunas County,Lithuania,2021-03-18
503,UAB VALDARAGIS,LT 34-04 EB,1,"MM (Minced meat, meat preparations and mechanically separated meat – MM, MP, MSM)",MP - Meat Preparation Plant,"Ateities g. 2  Katlėriai Skiemonių sen, Anykščių sen",Anykšciai,29147,Utena County,Lithuania,2021-03-30
504,UAB VARĖNOS PIENELIS,LT 38-01P EB,2,"MMP (Raw milk, dairy products, colostrum and colostrum-based products) | GEN (General activity establishment - EU)",PP - Processing Plant | CS - Cold Stores,"J. Basanavičiaus g. 52, Varėna",Varėna,LT-65210,Alytus County,Lithuania,2025-03-07
505,UAB VASAKNOS,43-02 EB,1,FFP (Fishery products - EU),PP - Processing Plant,"Vasaknos, Dusetų sen., Zarasų r. sav.",Vasaknos,LT-32309,Utena County,Lithuania,2021-03-19
506,UAB VENDITOR,520000991,1,GEN (General activity establishment - EU),WM - Wholesale Market,"Kauno apskr. Kauno r. sav., Ringaudų sen., Virbališkių k., Verslo g. 3",Dievogalos k.,LT-53424,Kaunas County,Lithuania,2021-03-18
507,UAB VETROLITA,46-03,1,RPM (Meat products),PP - Processing Plant,"Kauno apskr. Jonavos r. sav., Jonavos miesto sen., Jonava, Alksnių g. 14",Jonava,LT-55117,Kaunas County,Lithuania,2021-03-18
508,UAB VIA 3L LT,LT 41-01,1,GEN (General activity establishment - EU),CS - Cold Stores,Minsko pl. 55,Kuprioniškės,LT-13279,Vilnius County,Lithuania,2021-03-25
509,UAB VIKEDA,53-05P; 190011766; 520001360; 520001361,2,"MMP (Raw milk, dairy products, colostrum and colostrum-based products) | GEN (General activity establishment - EU)",PP - Processing Plant | CS - Cold Stores | WM - Wholesale Market,"J.Basanavičiaus g 2B, Kėdainiai",Kėdainiai,LT-57151,Kaunas County,Lithuania,2021-03-18
510,UAB VITANEDA,77-11,3,WM (Wild game meat) | RM (Meat of domestic ungulates) | RPM (Meat products),CP - Cutting Plant | SH - Slaughterhouse; CP - Cutting Plant | PP - Processing Plant,"Tauragės apskr., Tauragės r. sav., Skaudvilės sen., Skaudvilė, Maironio skg. 14",Skaudvilė,LT-73436,Taurage County,Lithuania,2021-03-16
511,UAB VIČIŪNAI IR KO,135571967; 190011844; 520002055; 520001167,2,FFP (Fishery products - EU) | GEN (General activity establishment - EU),WM - Wholesale Market,Karaliaus Mindaugo pr. 38.,Kaunas,LT-44307,Kaunas County,Lithuania,2026-02-04
512,UAB VLANTANA,LT 55-09 EB; 55-34,1,GEN (General activity establishment - EU),CS - Cold Stores; WM - Wholesale Market | CS - Cold Stores,"Dvaro g.1, LT-92498 Gobergiškės k. Klaipėdos r.",Gobergiškė,LT-96173,Klaipeda County,Lithuania,2026-03-02
513,UAB VPA Logistics,LT 21-36 EB,1,GEN (General activity establishment - EU),CS - Cold Stores; WM - Wholesale Market,"Stariškės g. 25, Laistų k., Dovilų sen., Klaipėdos r. sav.",Laistai,LT-95369,Klaipeda County,Lithuania,2022-12-07
514,UAB Vadus,190011701,1,GEN (General activity establishment - EU),WM - Wholesale Market,"Pramonės pr. 16F, Kaunas",Kaunas,LT-51178,Kaunas County,Lithuania,2021-03-18
515,UAB Vesta inter,19-02,1,"MM (Minced meat, meat preparations and mechanically separated meat – MM, MP, MSM)",MP - Meat Preparation Plant; MM - Minced Meat Plant,"Ateities pl.34, Kaunas",Kaunas,LT-52165,Kaunas County,Lithuania,2021-03-19
516,UAB Vievio paukštynas,LT 42-06,1,EEP (Eggs and egg products),EPC - Egg-packing Centre,"Paukštyno g. 9, Ausieniškės k. Elektrėnų sav. Lietuva",Ausieniškių k.,LT-21365,Vilnius County,Lithuania,2021-03-22
517,UAB Vikonas,LT 34-02 EB,1,RM (Meat of domestic ungulates),SH - Slaughterhouse,"Panevėžio g. 3B, Janušavos km., Kavarsko sen., Anykščių raj",Janušava,LT-29257,Utena County,Lithuania,2021-03-30
518,UAB Vilniaus Citma,LT 01-34,1,GEN (General activity establishment - EU),CS - Cold Stores; WM - Wholesale Market,Kirtimų g. 57A,Vilnius,02244,Vilnius County,Lithuania,2021-03-25
519,UAB Vilniaus bakalėja,LT 01-08 EB,1,GEN (General activity establishment - EU),CS - Cold Stores,Kirtimų g. 47,Vilnius,02244,Vilnius County,Lithuania,2021-03-25
520,UAB Vilnė,01-53,1,GEN (General activity establishment - EU),WM - Wholesale Market; CS - Cold Stores,"Kirtimų g. 57D-101, Vilnius",Vilnius,LT-02244,Vilnius County,Lithuania,2025-10-29
521,UAB Vingės Transsphere logistika,LT 79-02 EB,1,GEN (General activity establishment - EU),CS - Cold Stores,"2 SAUSIU K, LENTVARIS",Vilniškės,LT-14292,Vilnius County,Lithuania,2021-03-25
522,UAB Vipita,190011178,1,GEN (General activity establishment - EU),WM - Wholesale Market,"Taikos pr. 94, Kaunas",Kaunas,LT-51178,Kaunas County,Lithuania,2021-03-19
523,UAB Vičiūnai ir partneriai,68-11; 520001874; 190011862,2,FFP (Fishery products - EU) | GEN (General activity establishment - EU),PP - Processing Plant | WM - Wholesale Market,Birutės g. 48,Plungė,LT-90112,Telsiai County,Lithuania,2021-03-22
524,UAB Voveriškiai LT,LT91-03,1,RPM (Meat products),PP - Processing Plant,"Ringuvos g. 6, Voveriškių kaimas, Šiaulių rajonas",Voveriškių k.,LT-77194,Siauliai County,Lithuania,2021-03-17
525,UAB Vytas ir KO,190010758,1,GEN (General activity establishment - EU),WM - Wholesale Market,"Taikos pr. 94, Kaunas",Kaunas,LT-51178,Kaunas County,Lithuania,2021-03-19
526,UAB Zeinarus,190011743,1,GEN (General activity establishment - EU),WM - Wholesale Market,"Europos pr. 36, Kaunas",Kaunas,LT-46369,Kaunas County,Lithuania,2021-03-18
527,UAB Zūbiškių konservai,49-13,2,GM (Meat of farmed game) | RPM (Meat products),CP - Cutting Plant | PP - Processing Plant,"Kaštonų g. 3, Zūbiškės, Palemonės sen., Kaišiadorių raj.",Zūbiškės,LT-56176,Kaunas County,Lithuania,2021-03-19
528,UAB jFish,52-19,1,FFP (Fishery products - EU),PP - Processing Plant,"Vingio g. 13, Naujieji Muniškiai, Kauno r.",Naujieji Muniškiai,LT-54317,Kaunas County,Lithuania,2021-03-18
529,UAB Šaldymo technologijos,LT66-08 EB,1,GEN (General activity establishment - EU),CS - Cold Stores,"Nausodės g. 33, Paviešečių k., Panevėžio r.",Paviešečiai,LT-38365,Panevezys County,Lithuania,2021-03-16
530,UAB Šerno pėda,LT27-07 EB,1,RPM (Meat products),PP - Processing Plant,"Stoties g. 42, LT-35106, Panevėžys",Panevežys,35100,Panevezys County,Lithuania,2021-03-16
531,UAB Švaistūnas,19-08,3,"MM (Minced meat, meat preparations and mechanically separated meat – MM, MP, MSM) | RM (Meat of domestic ungulates) | RPM (Meat products)",MM - Minced Meat Plant; MP - Meat Preparation Plant | CP - Cutting Plant | PP - Processing Plant,"Vandžiogalos pl. 98, Kaunas",Kaunas,LT-47470,Kaunas County,Lithuania,2021-03-19
532,UAB Žemaira,LT 54-17,1,RPM (Meat products),PP - Processing Plant,"Žemaitės g.18a, Užvenčio mstl., Užvenčio sen., Kelmės r. sav., LT-86343",Kelmė,LT-86137,Siauliai County,Lithuania,2021-03-19
533,UAB Žemaitijos pienas,LT 01-12,1,GEN (General activity establishment - EU),CS - Cold Stores; RW - Re-wrapping Establishment; WM - Wholesale Market,Algirdo g. 40/13,Vilnius,03230,Vilnius County,Lithuania,2021-03-25
534,UAB Žuvies šaldytuvai,LT 01-21,1,GEN (General activity establishment - EU),CS - Cold Stores,V.A. Graičiūno g. 22,Vilnius,02241,Vilnius County,Lithuania,2021-03-25
535,UAB „Gardama“,LT 88-07 EB,4,"MM (Minced meat, meat preparations and mechanically separated meat – MM, MP, MSM) | GEN (General activity establishment - EU) | RM (Meat of domestic ungulates) | RPM (Meat products)",MP - Meat Preparation Plant | CS - Cold Stores | CP - Cutting Plant | PP - Processing Plant,"Liepų g. 2, Gardamas, LT-99417 Šilutės r.",Gardamas,LT-99417,Klaipeda County,Lithuania,2021-03-17
536,UAB „Gilanda“,LT 88-03 EB,1,"MM (Minced meat, meat preparations and mechanically separated meat – MM, MP, MSM)",MP - Meat Preparation Plant,"Šilojų g. 2A, Traksėdžių k., LT-99106 Šilutės r.",Traksėdžiai,LT-99104,Klaipeda County,Lithuania,2021-03-17
537,UAB „Jūros Vėjas“,LT 88-06 EB,2,FFP (Fishery products - EU) | GEN (General activity establishment - EU),FFPP - Fresh Fishery Products Plant | CS - Cold Stores,"K. Donelaičio g. 9F, Rusnė, LT-99344, Šilutės r. sav.",Rusnė,LT-99350,Klaipeda County,Lithuania,2021-03-18
538,UAB „Kintai“,LT 88-05 EB,2,FFP (Fishery products - EU) | GEN (General activity establishment - EU),FFPP - Fresh Fishery Products Plant; PP - Processing Plant | CS - Cold Stores,"Povilų g. 1, Povilai, Kintų sen., LT- 99360, Šilutės r. sav.,",Povilai,,Klaipeda County,Lithuania,2021-03-18
539,UAB „Marlinas“ žuvų perdirbimo laivą „VILKAS“,LT 21-40 EB,1,FFP (Fishery products - EU),FV - Factory Vessel; ZV - Freezer Vessel,"Pylimo g. 4, Klaipėda",Klaipėda,LT-91249,Klaipeda County,Lithuania,2025-04-23
540,UAB „Pas Virgą“,LT 88-09 EB,2,"MM (Minced meat, meat preparations and mechanically separated meat – MM, MP, MSM) | RM (Meat of domestic ungulates)",MP - Meat Preparation Plant; MM - Minced Meat Plant | CP - Cutting Plant,"Pergalės a. 2, Žemaičių Naumiestis, LT-99206 Šilutės r.",Žemaičių Naumiestis,LT-99207,Klaipeda County,Lithuania,2021-03-17
541,"UAB, PRODINVEST EU",130016966,1,GEN (General activity establishment - EU),CS - Cold Stores,"Nemėžio sen., Kupriotiškės, Terminalo g. 6",Vilnius,02243,Vilnius County,Lithuania,2021-12-14
542,"UAB,,D. Gelombickienė ir partneriai""",LT49-03EB,2,"MM (Minced meat, meat preparations and mechanically separated meat – MM, MP, MSM) | RPM (Meat products)",MP - Meat Preparation Plant | PP - Processing Plant,"Šlaito aklg. 2, Rumšiškių mstl., Kaišiadorių r. sav.",Dovainonys,LT-56335,Kaunas County,Lithuania,2021-03-18
543,"UAB“Aisytės Mėsinė""",LT88-08 EB,4,"MM (Minced meat, meat preparations and mechanically separated meat – MM, MP, MSM) | GEN (General activity establishment - EU) | RM (Meat of domestic ungulates) | RPM (Meat products)",MP - Meat Preparation Plant | CS - Cold Stores | CP - Cutting Plant | PP - Processing Plant,"Klaipėdos apskr., Šilutės r. sav., Saugų sen., Sakūtėliai, Žolynų g. 8",Sakūtėliai,LT-99402,Klaipeda County,Lithuania,2021-03-17
544,UAB“Rusnės Žuvis“,LT88-02 EB,1,FFP (Fishery products - EU),PP - Processing Plant,"Kūdros g. 27, Grabupių k., Šilutės r.sav.",Grabupiai,LT-99152,Klaipeda County,Lithuania,2021-03-17
545,"Utenos prekyba, UAB",82-03,2,"MM (Minced meat, meat preparations and mechanically separated meat – MM, MP, MSM) | RPM (Meat products)",MM - Minced Meat Plant | PP - Processing Plant,Molėtų g. 72,Utena,28135,Utena County,Lithuania,2021-03-18
546,"Uždaroji akcinė bendrovė ""Birvėtos tvenkiniai""",LT45-02EB,1,FFP (Fishery products - EU),FFPP - Fresh Fishery Products Plant,"Kalno g.65, Dysnos k., Didžiasalio sen., Ignalinos r. sav., LT-30151",Dysna,,Utena County,Lithuania,2021-03-19
547,"Uždaroji akcinė bendrovė ""Romnesa""",LT45-10EB,1,"CAS (Treated stomachs, bladders and intestines: casings only)",PP - Processing Plant,"Liepų g.4, Ceikinių k., Ceikinių  sen., Ignalinos r.sav, LT-30185",Ceikiniai,,Utena County,Lithuania,2021-03-19
548,V. Baliūno individuali įmonė,LT 66-21 EB,1,RM (Meat of domestic ungulates),SH - Slaughterhouse,"Durpyno g.6, Paežerio k., Panevėžio r.",Paežerys I,LT-35115,Panevezys County,Lithuania,2025-04-24
549,V. Kartenio firma „Elektrėnų mėsa“,LT 79-20,3,RM (Meat of domestic ungulates) | GM (Meat of farmed game) | RPM (Meat products),SH - Slaughterhouse | PP - Processing Plant,"Elektrėnų sav., Kietaviškių sen., Obenių k.",Obeniai,LT-26110,Vilnius County,Lithuania,2023-06-13
550,V. Urbono Mėsos Gamybos Įmonė,LT 55-24 EB,1,RM (Meat of domestic ungulates),SH - Slaughterhouse,"Verslo g. 11, Kretingalė, LT- 96332 Klaipėdos r.",Kretingalė,LT-96337,Klaipeda County,Lithuania,2021-03-15
551,V. Vinckevičiaus PĮ,LT 79-004 V,1,"MM (Minced meat, meat preparations and mechanically separated meat – MM, MP, MSM)",MP - Meat Preparation Plant; MM - Minced Meat Plant,Trakų g. 13,Rūdiškės,LT-21171,Vilnius County,Lithuania,2021-03-26
552,V.Kavoliūnienės įmonė,46-06,1,RPM (Meat products),PP - Processing Plant,"Kauno apskr., Jonavos r. sav., Šilų sen., Praulių k., Saulės g. 20",Prauliai,LT-55461,Kaunas County,Lithuania,2021-03-18
553,VALERIJOS DUKNAUSKIENĖS IĮ,LT 81-301M,1,"MM (Minced meat, meat preparations and mechanically separated meat – MM, MP, MSM)",MP - Meat Preparation Plant,Aušros g. 31,Ukmergė,LT-20133,Vilnius County,Lithuania,2021-06-21
554,VESTEY FOODS BALTICS UAB,LT 27-11 EB,1,GEN (General activity establishment - EU),CS - Cold Stores,Kėdainių g. 25,Panevėžys,LT-36255,Panevezys County,Lithuania,2023-08-01
555,VG MARINE FOODS UAB,68-17; 302629799,2,FFP (Fishery products - EU) | GEN (General activity establishment - EU),PP - Processing Plant | WM - Wholesale Market,"Birutės skrg. 10, Macenių k., Nausodžio sen., Plungės r. sav.",Maceniai,LT-90100,Telsiai County,Lithuania,2026-02-17
556,VILNIAUS TRANZITAS; UAB,01-30,1,GEN (General activity establishment - EU),WM - Wholesale Market; CS - Cold Stores,J.Dobkevičiaus str. 7,Vilnius,02189,Vilnius County,Lithuania,2021-03-10
557,Vaidanto Jurgelevičiaus įmonė,LT45-07EB,1,RM (Meat of domestic ungulates),SH - Slaughterhouse,"Pusvarsnėliai 8., Linkmenų sen., Ignalinos r. sav., LT-30216",Pusvarsnėliai,,Utena County,Lithuania,2025-04-24
558,Vaidos Vinčiauskienės ūkis,48-027,1,PM (Meat from poultry and lagomorphs),SH - Slaughterhouse,"Žalioji g. 9, Mikalaukos k., Kalvarijos sen., Kalvarijos sav.",Mikalauka,,Marijampole County,Lithuania,2022-03-31
559,Valdo Saukaičio IĮ,LT 39-26,1,RPM (Meat products),PP - Processing Plant,"Pievu g. 4, Kybartų k., Kybartų sen., Vilkaviškio r. sav.",Kybartai,LT-70412,Marijampole County,Lithuania,2021-03-09
560,"Van Hessen Lithuania, UAB",LT 01-17,1,"CAS (Treated stomachs, bladders and intestines: casings only)",PP - Processing Plant,Titnago g. 15,Vilnius,02300,Vilnius County,Lithuania,2021-03-25
561,Vidos Monkevič TŪB Baltupėnai,LT 29-12,1,RPM (Meat products),PP - Processing Plant,Baltupėnų g. 8,Šiauliai,,Siauliai County,Lithuania,2021-03-17
562,Vingės terminalas; UAB,LT 41-06,1,GEN (General activity establishment - EU),CS - Cold Stores,Minsko pl. 202,Bareikiškiu k.,13176,,Lithuania,2021-03-25
563,Virginijus Monkevičius,LT 41-016 Ž,1,FFP (Fishery products - EU),PP - Processing Plant,Jadvygiškių g. 39,Jadvygiškės,LT-14257,Vilnius County,Lithuania,2021-03-26
564,Vitalija Ginelevičienė,520001690,1,GEN (General activity establishment - EU),WM - Wholesale Market,"Sodų g. 1, Domeikava, Domeikavos sen., Kauno r.",Domeikava,LT-54358,Kaunas County,Lithuania,2021-03-19
565,Vladislav Bojarun,LT 85-01,2,"MM (Minced meat, meat preparations and mechanically separated meat – MM, MP, MSM) | GEN (General activity establishment - EU)",MP - Meat Preparation Plant; MM - Minced Meat Plant | CS - Cold Stores,Lakštingalų g. 4,Buikų k.,LT-17245,Vilnius County,Lithuania,2021-03-19
566,Vytautas Šimkus,87-15,1,EEP (Eggs and egg products),EPC - Egg-packing Centre,"Jūros g. 6, Drobūkščių k., Traksėdžio sen., Šilalės r.",Drobūkščiai,,Taurage County,Lithuania,2025-12-02
567,Z.Selsko firma „Germėsa“,LT 79-14,2,"MM (Minced meat, meat preparations and mechanically separated meat – MM, MP, MSM) | RPM (Meat products)",MP - Meat Preparation Plant | PP - Processing Plant,Liepų  g. 40,Vievis,LT-31383,Vilnius County,Lithuania,2021-03-22
568,Zarasų rajono žemės ūkio bendrovė SPARNAI,43-70 EB,1,EEP (Eggs and egg products),EPC - Egg-packing Centre,"Liaudiškiai, Zarasų sen., Zarasų r. sav.",Liaudiškiai,LT-32100,Utena County,Lithuania,2021-03-19
569,uab alsių paukštynas,LT-47-26 EB,2,GEN (General activity establishment - EU) | RPM (Meat products),CS - Cold Stores; RW - Re-wrapping Establishment; WM - Wholesale Market | PP - Processing Plant,"Joniškis, V. Kudirkos 2,",Joniškis,LT-84133,Siauliai County,Lithuania,2024-09-25
570,Č. Zachaževskij IĮ,LT 79-05,3,GEN (General activity establishment - EU) | RM (Meat of domestic ungulates) | GM (Meat of farmed game),CS - Cold Stores | SH - Slaughterhouse,"Kranto g. 7, Paluknio k., Paluknio sen., Trakų r.",Trakai,LT-21110,Vilnius County,Lithuania,2023-06-13
571,ĮI AIRONA,77-09,2,RM (Meat of domestic ungulates) | RPM (Meat products),SH - Slaughterhouse; CP - Cutting Plant | PP - Processing Plant,"Tauragės apskr., Tauragės r. sav., Skaudvilės sen., Šidagiai",Tauragė,LT-72185,Taurage County,Lithuania,2021-03-16
572,Šakių rajono Grinaičių ŽŪB 89-05P,CC,1,"MMP (Raw milk, dairy products, colostrum and colostrum-based products)",CC - Collection Centre; PP - Processing Plant,"Kalnalaukio g. 1, Širvintos",Širvintos,LT-19107,Vilnius County,Lithuania,2023-08-29
573,ŪKININKĖ DIANA ALARBIED MAJEVSKAJA,LT 72-05,1,RPM (Meat products),PP - Processing Plant,"Viduklės sen., Raseinių r.",Paalsys,LT-60352,Kaunas County,Lithuania,2021-03-19
574,ŪKININKĖs LAIMUTĖS SUGINTIENĖS ŪKIS,77-06,1,RM (Meat of domestic ungulates),SH - Slaughterhouse; CP - Cutting Plant,"Tauragės apskr., Tauragės r. sav., Žygaičių sen., Girininkai 6",Tauragė,LT-72253,Taurage County,Lithuania,2021-03-16
575,ŪKININKŲ LAIMOS IR IMEDO MONKŲ MĖSOS CH.,87-04,2,RM (Meat of domestic ungulates) | RPM (Meat products),CP - Cutting Plant | PP - Processing Plant,"Svirno g. 8, 75117 Lingiškė, Traksėdžio sen., Šilalės r. sav.",Šilalė,,Taurage County,Lithuania,2021-10-20
576,Ūkininkas  Valentin Juchnevič,LT 85-001,1,PM (Meat from poultry and lagomorphs),SH - Slaughterhouse,Anuliškių g. 7,Anuliškės,,Vilnius County,Lithuania,2021-03-26
577,Ūkininkas Aivaras Pliatkus,711344901728,1,FLS (Frogs' legs and snails),PP - Processing Plant,"Radviliškio r. sav. Aukštelkų sen. Aukštelkų k. Liaudiškių g. 4, LITHUANIA",Aukštelkai,LT-82486,Siauliai County,Lithuania,2024-03-04
578,Ūkininkas Artūras Tkačenka,LT 41-010 M,1,PM (Meat from poultry and lagomorphs),SH - Slaughterhouse,"Vilniaus r., Padvarionių k., Medininkų sen.",Padvarionys,LT-21103,Vilnius County,Lithuania,2021-03-24
579,Ūkininkas Donatas Čepelis,LT 81-303 M; LT 81-04,2,"MM (Minced meat, meat preparations and mechanically separated meat – MM, MP, MSM) | GM (Meat of farmed game)",MP - Meat Preparation Plant | SH - Slaughterhouse,Vidiškių sen.Baublių k.,Baubliai,LT-20179,Vilnius County,Lithuania,2021-03-22
580,Ūkininkas Eimantas Vasiliauskas,61-10,2,"MM (Minced meat, meat preparations and mechanically separated meat – MM, MP, MSM) | RM (Meat of domestic ungulates)",MM - Minced Meat Plant | CP - Cutting Plant,"A. Baranausko g. 12A, Mažeikiai, Mažeikių sen., Mažeikių r. sav., Telšių apskr.",Mažeikiai,LT-89224,Telsiai County,Lithuania,2021-03-15
581,Ūkininkas Gediminas Varevičius,LT 81-001 K,1,EEP (Eggs and egg products),PP - Processing Plant,"Dvarninių k., Šešuolių sen.",Dvarniniai,,Vilnius County,Lithuania,2021-03-22
582,Ūkininkas H. Gineika,LT57-02 EB,1,RM (Meat of domestic ungulates),CP - Cutting Plant,"Mazgeliškių k., Šimonių sen., Kupiškio r. LT-40312",Mazgeliškiai,,Panevezys County,Lithuania,2021-03-19
583,Ūkininkas Ladas Katinas,LT 34-05 EB,2,"MM (Minced meat, meat preparations and mechanically separated meat – MM, MP, MSM) | RM (Meat of domestic ungulates)",MM - Minced Meat Plant; MP - Meat Preparation Plant | SH - Slaughterhouse; CP - Cutting Plant,Žvejų g. 76A Anykščiai,Anykšciai,29147,Utena County,Lithuania,2021-03-30
584,Ūkininkas Paulius Ruškys,LT 71-06 EB; LT 71-06EB,4,"MMP (Raw milk, dairy products, colostrum and colostrum-based products) | FFP (Fishery products - EU) | LBM (Live bivalve molluscs) | RPM (Meat products)",CC - Collection Centre; PP - Processing Plant | PP - Processing Plant | Z - Production Areas,"Pakruojo g.2, Gražionių k., Aukštelkų sen., Radviliškio r. sav.",Radviliškis,LT-82180,Siauliai County,Lithuania,2026-06-17
585,Ūkininkas Vaidas Purmalis,LT 56-06 EB,1,RPM (Meat products),PP - Processing Plant,"Bažnyčios g. 10, Tūbausių k., LT-97241Kretingos r. sav.",Tūbausiai,LT-97241,Klaipeda County,Lithuania,2021-03-22
586,Ūkininkas Vladas Baltuonis,LT 56-07 EB,2,"MM (Minced meat, meat preparations and mechanically separated meat – MM, MP, MSM) | PM (Meat from poultry and lagomorphs)",MP - Meat Preparation Plant; MM - Minced Meat Plant | CP - Cutting Plant; SH - Slaughterhouse,"Paukščių g. 9 Kalniškių k., LT-97319 Kretingos r. sav.",Kartena,LT-97340,Klaipeda County,Lithuania,2025-04-11
587,Ūkininko A. Petrėno gyvulių skerdykla,43-04,1,RM (Meat of domestic ungulates),SH - Slaughterhouse,"Akmens g. 6, Samanių k., Suvieko sen., Zarasų r. sav.",Samaniai,,Utena County,Lithuania,2025-04-24
588,Ūkininko A. Čimolonsko gyvulių skerdykla,LT66-06 EB,1,RM (Meat of domestic ungulates),SH - Slaughterhouse,"Bernotų k., Panevėžio r.",Bernotai,LT-38441,Panevezys County,Lithuania,2021-03-16
589,Ūkininko Algio Bukausko ūkis,LT 81-07,2,RM (Meat of domestic ungulates) | GM (Meat of farmed game),SH - Slaughterhouse | CP - Cutting Plant; SH - Slaughterhouse,"Alionių k., Pivonijos sen.",Alionys,,Vilnius County,Lithuania,2023-06-07
590,Ūkininko Audriaus Banionio galvijų skerdykla,52-30,1,RM (Meat of domestic ungulates),SH - Slaughterhouse,"Centrinė g. 28, Margininkų k., Taurakiemio sen., Kauno r.",Margininkai,LT-53180,Kaunas County,Lithuania,2021-03-16
591,Ūkininko Audriaus Banionio pieno perdirbimo cechas,52-35 P,1,"MMP (Raw milk, dairy products, colostrum and colostrum-based products)",PP - Processing Plant,"Kepyklos g. 8, Margininkų k., Taurakiemio sen.,  Kauno r.",Margininkų k.,LT-53180,Kaunas County,Lithuania,2021-03-15
592,Ūkininko Audriaus Banionio ūkio skerdykla,52-14,1,RM (Meat of domestic ungulates),SH - Slaughterhouse,"Kepyklos g. 8, Margininkų k., Taurakiemio sen., Kauno raj.",Margininkai,LT-53180,Kaunas County,Lithuania,2021-03-16
593,Ūkininko Audriaus Banionio ūkis,52-07,3,"MM (Minced meat, meat preparations and mechanically separated meat – MM, MP, MSM) | RM (Meat of domestic ungulates) | RPM (Meat products)",MP - Meat Preparation Plant; MM - Minced Meat Plant | CP - Cutting Plant | PP - Processing Plant,"Kepyklos g. 8, Margininkų k., Taurakiemio sen., Kauno raj.",Margininkai,LT-53180,Kaunas County,Lithuania,2024-01-25
594,Ūkininko Ernesto Vaičiaus ūkis,LT49-16EB,1,FLS (Frogs' legs and snails),PP - Processing Plant,"Žaslių g. 11, Žiežmariai, Kaišiadorių r. sav.",Žiežmariai,LT-56235,Kaunas County,Lithuania,2021-03-18
595,Ūkininko Gintauto Migonio gyvulių skerdykla,LT 42-05,2,GM (Meat of farmed game) | RPM (Meat products),SH - Slaughterhouse | PP - Processing Plant,"Elektrėnų sav., Pastrėvio sen., Lunkiškių k. 3A",Lunkiškės,,Vilnius County,Lithuania,2021-03-22
596,Ūkininko Kazimiero Baginsko mėsinė,68-02,1,RPM (Meat products),PP - Processing Plant,Pramonės pr. 5,Plungė,LT-90112,Telsiai County,Lithuania,2021-03-23
597,Ūkininko Kazimiero Baginsko mėsos cechas,68-01,2,RM (Meat of domestic ungulates) | RPM (Meat products),SH - Slaughterhouse | PP - Processing Plant,"Varkalių k., Nausodžio sen., Plungės r. sav.",Varkaliai,LT-90104,Telsiai County,Lithuania,2023-06-09
598,Ūkininko Kazimiero Baginsko paukščių skerdykla,68-16,1,RPM (Meat products),PP - Processing Plant,"Sodo g.46, Varkalių k., Nausodžio sen., Plungės r. sav.",Varkaliai,LT-90104,Telsiai County,Lithuania,2021-03-23
599,Ūkininko Leono Rutkausko ūkis,LT 89-01,2,PM (Meat from poultry and lagomorphs) | RPM (Meat products),SH - Slaughterhouse | PP - Processing Plant,Širvintų g. 5,Motiejūnai,LT-19128,Vilnius County,Lithuania,2022-02-14
600,Ūkininko Mindaugo Ralio ūkio avių skerdykla,LT45-01 EB,1,RM (Meat of domestic ungulates),SH - Slaughterhouse,"Dvaro g.2., Ligūnų k., Kazitiškio sen., Ignalinos r. sav, LT-30263",Ligūnai,,Utena County,Lithuania,2021-03-21
601,Ūkininko Ričardo Kvekšo ūkis,LT 81-02,2,PM (Meat from poultry and lagomorphs) | GM (Meat of farmed game),SH - Slaughterhouse,"Berzgainių k. 7, Žemaitkiemio sen.",Berzgainiai,,Vilnius County,Lithuania,2021-03-22
602,Ūkininkė Audronė Žilienė,LT72-04; LT 72-04,2,RM (Meat of domestic ungulates) | RPM (Meat products),SH - Slaughterhouse | PP - Processing Plant,"Algimantų k., Ariogalos sen., Raseinių r. sav.",Algimantai,,Kaunas County,Lithuania,2024-09-09
603,Ūkininkė Daiva Urbonavičiūtė,LT 42-71,1,EEP (Eggs and egg products),EPC - Egg-packing Centre,"Elektrėnų sav., Vievio sen., Matukiškių k., Rusakalnio g. 36",Matukiškių k.,LT-21384,Vilnius County,Lithuania,2024-02-06
604,Ūkininkė Jolanta Jasiūnienė,LT 79-010,1,"MMP (Raw milk, dairy products, colostrum and colostrum-based products)",PP - Processing Plant,Žalioji g. 20,Drabužininkai,LT-21034,Vilnius County,Lithuania,2021-03-26
605,Ūkininkė Jūratė Ancikienė,LT 91-04,1,PM (Meat from poultry and lagomorphs),SH - Slaughterhouse,"Marmų kaimas , Kužių sen. Šiaulių rajonas",Marmų k.,LT-81112,Siauliai County,Lithuania,2021-03-17
606,Ūkininkė Milda Puodžiukaitė,LT 79-08,1,EEP (Eggs and egg products),EPC - Egg-packing Centre,Jurgionių kaim.,Jurgionys,,Vilnius County,Lithuania,2021-03-26
607,Ūkininkė Romualda Ona Vansevičienė,LT 42-014 P,1,"MMP (Raw milk, dairy products, colostrum and colostrum-based products)",PP - Processing Plant,"Elektrėnų  sav., Kietaviškių sen.,  Naujųjų Kietaviškių k., Bažnyčios  g. 9",Kietaviškės,LT-21214,Vilnius County,Lithuania,2021-03-26
608,"ŽL ""ANUVA"" FV",LT-010,1,FFP (Fishery products - EU),FV - Factory Vessel,S.Šimkaus g. 14-1,Klaipėda,LT-92121,Klaipeda County,Lithuania,2020-01-15
609,"ŽL ""IEVA SIMONAITYTĖ"" ZV",21-27,1,FFP (Fishery products - EU),ZV - Freezer Vessel,Artojo g. 7E,Klaipėda,LT-92121,Klaipeda County,Lithuania,2020-01-15
610,"ŽL ""KOVAS"" ZV",21-07,1,FFP (Fishery products - EU),ZV - Freezer Vessel,Artojo g. 7E,Klaipėda,LT-92121,Klaipeda County,Lithuania,2020-01-15
611,"ŽL ""PLUTONAS"" ZV",21-14,1,FFP (Fishery products - EU),ZV - Freezer Vessel,S.Šimkaus g. 14-1,Klaipėda,LT-92121,Klaipeda County,Lithuania,2020-01-15
612,"ŽL ""SIMONAS DAUKANTAS"" ZV",21-26,1,FFP (Fishery products - EU),ZV - Freezer Vessel,Artojo g. 7E,Klaipėda,LT-92121,Klaipeda County,Lithuania,2020-01-15
613,"ŽL ""VINCAS KUDIRKA"" ZV",21-08,1,FFP (Fishery products - EU),ZV - Freezer Vessel,Artojo g. 7E,Klaipėda,LT-92121,Klaipeda County,Lithuania,2020-01-15
614,"ŽPL ""NIDA"" FV",21-05,1,FFP (Fishery products - EU),FV - Factory Vessel,Pylimo g. 4,Klaipėda,LT-92121,Klaipeda County,Lithuania,2020-01-15
615,"Žemaitijos pienas, AB",78-01P EB,1,"MMP (Raw milk, dairy products, colostrum and colostrum-based products)",PP - Processing Plant,Sedos 35 g.,Telšiai,87101,Telsiai County,Lithuania,2021-02-22
616,Žemės ūkio UAB Pauliukai,46-01,1,RM (Meat of domestic ungulates),SH - Slaughterhouse; CP - Cutting Plant,"Kauno apskr. Jonavos r. sav., Žeimių sen., Juškonių k., Jonavos g. 1",Pauliukai,LT-55402,Kaunas County,Lithuania,2022-10-04
617,Žemės ūkio kooperatyvas SARTŲ LANKŲ JAUTIENA,LT43-01EB,2,"MM (Minced meat, meat preparations and mechanically separated meat – MM, MP, MSM) | RPM (Meat products)",MP - Meat Preparation Plant; MM - Minced Meat Plant | PP - Processing Plant,"Akmens g. 6-2, Samanių k., Suvieko sen., Zarasų r. sav.",Zarasai,LT-32110,Utena County,Lithuania,2022-02-23
618,"ŽŪB ""Šaltekšnis""",51-01 P,1,"MMP (Raw milk, dairy products, colostrum and colostrum-based products)",PP - Processing Plant,"Sūsninkų k., Kalvarijos sen., Kalvarijos sav.",Sūsninkai,LT-69227,Marijampole County,Lithuania,2021-03-12
619,"ŽŪB ,,Agreksa""",LT49-18EB,1,EEP (Eggs and egg products),EPC - Egg-packing Centre,"Nėries g. 4, Zūbiškių k., Palomenės sen., Kaišiadorių r. sav., LT-56394",Zūbiškės,LT-56394,Kaunas County,Lithuania,2021-03-18
620,"ŽŪB ,,Nematekas""",LT49-04EB; LT49-06EB,4,"MM (Minced meat, meat preparations and mechanically separated meat – MM, MP, MSM) | GEN (General activity establishment - EU) | PM (Meat from poultry and lagomorphs) | RPM (Meat products)",MP - Meat Preparation Plant; MM - Minced Meat Plant | MP - Meat Preparation Plant; MSM - Mechanically Separated Meat Plant | RW - Re-wrapping Establishment | SH - Slaughterhouse; CP - Cutting Plant | PP - Processing Plant,"Rusonių g.19, Dovainonių k., Rumšiškių sen., Kaišiadorių r. sav.",Dovainonys,LT-56335,Kaunas County,Lithuania,2021-03-18
621,ŽŪB Audrupio paukštynas,73-70,1,EEP (Eggs and egg products),EPC - Egg-packing Centre,"Kovelių k.12, Jūžintų sen., Rokiškio r. sav",Kovelių k.,LT-42275,Panevezys County,Lithuania,2022-02-28
622,ŽŪB Auga Lankesa,46-09,1,EEP (Eggs and egg products),EPC - Egg-packing Centre,"Kauno apskr. Jonavos r. sav., Bukonių sen., Bukonių k., Lankesos g. 2",Šapova,LT-55418,Kaunas County,Lithuania,2021-03-18
623,ŽŪB Ginkūnų paukštynas,LT91-70,1,EEP (Eggs and egg products),EPC - Egg-packing Centre,"Malavėnų kaimas, Šiaulių rajonas",Malavėnų k.,LT-76111,Siauliai County,Lithuania,2021-03-17
624,ŽŪB KONTAUTĖLIAI,87-11,2,RM (Meat of domestic ungulates) | RPM (Meat products),CP - Cutting Plant | PP - Processing Plant,"Kantautaliai 10, 75404, Laukuvos sen., Šilalės r. sav.",Šilalė,,Taurage County,Lithuania,2021-10-20
625,"ŽŪK ""Melbras""",LT 39-109 P,1,"MMP (Raw milk, dairy products, colostrum and colostrum-based products)",CC - Collection Centre,"Ąžuolyno g. 4, Bartninkų k., Bartninkų sen., Vilkaviškio r. sav.",Bartninkai,LT-70021,Marijampole County,Lithuania,2021-03-09
626,"ŽŪK ""Senoji kryžkelė""",39-111 P,1,"MMP (Raw milk, dairy products, colostrum and colostrum-based products)",CC - Collection Centre,"Bažnyčios g. 6, Alksnėnų k., Pilviškių sen., Vilkaviškio r. sav.",Alksnėnai,LT-70478,Marijampole County,Lithuania,2021-03-12
627,"ŽŪK ""Sintautų pienas""",LT 84-07P,1,"MMP (Raw milk, dairy products, colostrum and colostrum-based products)",CC - Collection Centre,"P. Vaičaičio g. 65, Sintautų k., Sintautų sen., Šakių r. sav.",Sintautai,LT-71336,Marijampole County,Lithuania,2021-03-09
628,"ŽŪK ""Suvalkijos pienas""",LT 84-004,1,"MMP (Raw milk, dairy products, colostrum and colostrum-based products)",CC - Collection Centre,"Pergalės g. 10, Lukšių k., Lukšių sen., Šakių r. sav.",Lukšiai,LT-71177,Marijampole County,Lithuania,2021-03-09
629,ŽŪK DOBILO LAPAS,77-03 P,1,"MMP (Raw milk, dairy products, colostrum and colostrum-based products)",CC - Collection Centre,"Tauragės r. sav., Tauragės miesto sen., Tauragė  Švyturio g. 2",Tauragė,LT-72312,Taurage County,Lithuania,2021-03-17
630,ŽŪK DUSETŲ KRAŠTO GASPADORIAI,LT43-06EB,2,"MM (Minced meat, meat preparations and mechanically separated meat – MM, MP, MSM) | RPM (Meat products)",MP - Meat Preparation Plant; MM - Minced Meat Plant | PP - Processing Plant,"Vytauto g. 70, Dusetos, Zarasų r. sav.",Dusetos,LT-32309,Utena County,Lithuania,2022-02-23
631,ŽŪK Pienas LT,19-52 P; 520001922,2,"MMP (Raw milk, dairy products, colostrum and colostrum-based products) | GEN (General activity establishment - EU)",PP - Processing Plant | WM - Wholesale Market,"Kokybės g. 1, Biruliškių k., Kauno r.",Kaunas,LT-54469,Kaunas County,Lithuania,2021-03-18
632,ŽŪK Rešketėnai Žarėnų PSC,LT 78-022 P EB,1,"MMP (Raw milk, dairy products, colostrum and colostrum-based products)",CC - Collection Centre,"Alytaus g.7, Žarėnai, Žarėnų sen., Telšių r. sav.,",Žarėnai,LT-88381,Telsiai County,Lithuania,2021-03-22
633,ŽŪK STRUČIŲ GENETIKOS CENTRAS,190004140; 190003366,1,GEN (General activity establishment - EU),WM - Wholesale Market,"Kauno apskr., Kauno m. sav., Kaunas, Europos pr. 38",Kaunas,LT-46369,Kaunas County,Lithuania,2021-03-19
634,“CASSIOPEA“ Reefer Vessel “RV“,21-16,1,FFP (Fishery products - EU),ZV - Freezer Vessel,"Naujoji uosto str. 8, Klaipėda",Klaipėda,LT-92121,Klaipeda County,Lithuania,2020-01-15
635,“LIBRA“ Reefer Vessel “RV“,21-13,1,FFP (Fishery products - EU),ZV - Freezer Vessel,“LIBRA“ Reefer vessel “RV“,Klaipėda,LT-92121,Klaipeda County,Lithuania,2020-01-15
