stt,ten_cong_ty,ma_phe_duyet,ma_nganh,ten_nganh,hoat_dong,dia_chi,thanh_pho,ma_buu_chinh,vung_tinh,quoc_gia,ngay_cap_nhat,ghi_chu,traces_url
1,"AB ""Rokiškio sūris""",39-106 P,MMP,"Raw milk, dairy products, colostrum and colostrum-based products",CC - Collection Centre,"Geležinkelio g. 24,  Pilviškių k., Pilviškių sen., Vilkaviškio r. sav.",Pilviškiai,LT-70482,Marijampole County,Lithuania,2021-03-12,,https://webgate.ec.europa.eu/tracesnt/directory/listing/establishment/publication/index#!/view/LT/RAW_MILK_EU
2,AB KELMĖS PIENINĖ,77 - 07P,MMP,"Raw milk, dairy products, colostrum and colostrum-based products",PP - Processing Plant,"Gaurės g. 23, Tauragė",Tauragė,LT-72340,Taurage County,Lithuania,2023-01-19,,https://webgate.ec.europa.eu/tracesnt/directory/listing/establishment/publication/index#!/view/LT/RAW_MILK_EU
3,AB KLAIPĖDOS PIENAS,LT 21-01 P EB,MMP,"Raw milk, dairy products, colostrum and colostrum-based products",PP - Processing Plant,Šilutės pl. 33,Klaipėda,LT-91107,Klaipeda County,Lithuania,2021-03-12,,https://webgate.ec.europa.eu/tracesnt/directory/listing/establishment/publication/index#!/view/LT/RAW_MILK_EU
4,AB Kelmės pieninė,r LT ŽT 287590,MMP,"Raw milk, dairy products, colostrum and colostrum-based products",PP - Processing Plant,"Gaurės g. 23, Tauragė, Tauragės miesto sen., Tauragės r. sav.",Tauragė,LT-72341,Taurage County,Lithuania,2025-02-20,"{'translation': 'Bovinae', 'code': 'B'}",https://webgate.ec.europa.eu/tracesnt/directory/listing/establishment/publication/index#!/view/LT/RAW_MILK_EU
5,AB MODEST,LT 77-01 PEB,MMP,"Raw milk, dairy products, colostrum and colostrum-based products",PP - Processing Plant,"TAURAGĖ, GAURĖS G.23",Tauragė,LT-72340,Taurage County,Lithuania,2026-06-21,"{'translation': 'Bovinae', 'code': 'B'}",https://webgate.ec.europa.eu/tracesnt/directory/listing/establishment/publication/index#!/view/LT/RAW_MILK_EU
6,AB MODEST,77-01 P,MMP,"Raw milk, dairy products, colostrum and colostrum-based products",PP - Processing Plant,"Tauragės apskr., Tauragės r. sav., Tauragės miesto sen., Tauragė, Gaurės g. 23",Tauragė,LT-72185,Taurage County,Lithuania,2021-03-17,,https://webgate.ec.europa.eu/tracesnt/directory/listing/establishment/publication/index#!/view/LT/RAW_MILK_EU
7,AB Modest,77-01P,MMP,"Raw milk, dairy products, colostrum and colostrum-based products",PP - Processing Plant,Gaurės g. 23,Tauragė,LT-72221,Taurage County,Lithuania,2021-12-16,,https://webgate.ec.europa.eu/tracesnt/directory/listing/establishment/publication/index#!/view/LT/RAW_MILK_EU
8,AB Pieno Žvaigždės Fil. Mažeikių Pieninė,61-01P,MMP,"Raw milk, dairy products, colostrum and colostrum-based products",PP - Processing Plant,"Skuodo g. 4, Mažeikiai, Mažeikių r. sav.",Mažeikiai,LT-89100,Telsiai County,Lithuania,2021-03-08,,https://webgate.ec.europa.eu/tracesnt/directory/listing/establishment/publication/index#!/view/LT/RAW_MILK_EU
9,AB Pieno žvaigždės filialas Kauno pienas,19-01 P,MMP,"Raw milk, dairy products, colostrum and colostrum-based products",PP - Processing Plant,Taikos pr. 90,Kaunas,LT-51181,Kaunas County,Lithuania,2021-03-15,,https://webgate.ec.europa.eu/tracesnt/directory/listing/establishment/publication/index#!/view/LT/RAW_MILK_EU
10,AB Pieno žvaigždės filialas Panevėžio pienas,LT 27-01P EB,MMP,"Raw milk, dairy products, colostrum and colostrum-based products",PP - Processing Plant,Tinklų g. 9,Panevežys,35115,Panevezys County,Lithuania,2021-03-04,,https://webgate.ec.europa.eu/tracesnt/directory/listing/establishment/publication/index#!/view/LT/RAW_MILK_EU
11,AB Pieno žvaigždės filialas Pasvalio sūrinė,LT67-01P EB,MMP,"Raw milk, dairy products, colostrum and colostrum-based products",PP - Processing Plant,Mūšos g. 14,Pasvalys,LT-39104,Panevezys County,Lithuania,2021-03-15,,https://webgate.ec.europa.eu/tracesnt/directory/listing/establishment/publication/index#!/view/LT/RAW_MILK_EU
12,AB Rokiškio sūris,LT73-01P,MMP,"Raw milk, dairy products, colostrum and colostrum-based products",PP - Processing Plant,Pramones g. 3,Rokiškis,LT-42150,Panevezys County,Lithuania,2021-03-04,,https://webgate.ec.europa.eu/tracesnt/directory/listing/establishment/publication/index#!/view/LT/RAW_MILK_EU
13,AB VILKYŠKIŲ PIENINĖ,88-03 P,MMP,"Raw milk, dairy products, colostrum and colostrum-based products",PP - Processing Plant,"Tauragės apskr., Pagėgių sav., Vilkyškių sen., Vilkyškiai, Prano Lukošaičio g. 14",Vilkyškiai,LT-99290,Taurage County,Lithuania,2021-03-17,,https://webgate.ec.europa.eu/tracesnt/directory/listing/establishment/publication/index#!/view/LT/RAW_MILK_EU
14,"AB VILKYŠKIŲ PIENINĖ , On behalf of LACTRADE IURII RUDENKO  Podbipiety str.31/49, Poland",88 - 03P,MMP,"Raw milk, dairy products, colostrum and colostrum-based products",PP - Processing Plant,"P. Lukošaičio g. 14, Vilkyškių mstl. Pagėgių sav.",Vilkyškiai,LT-99290,Taurage County,Lithuania,2023-01-19,,https://webgate.ec.europa.eu/tracesnt/directory/listing/establishment/publication/index#!/view/LT/RAW_MILK_EU
15,AB Vilkyškių pieninė,LT 88-03 P EB,MMP,"Raw milk, dairy products, colostrum and colostrum-based products",PP - Processing Plant,"Prano Lukošaičio g. 14, Vilkyškiai, Vilkyškių sen., Pagėgių sav.",Vilkyškiai,LT-99254,Taurage County,Lithuania,2023-12-12,,https://webgate.ec.europa.eu/tracesnt/directory/listing/establishment/publication/index#!/view/LT/RAW_MILK_EU
16,AB-F Šilutės Rambynas,LT-88-01P EB,MMP,"Raw milk, dairy products, colostrum and colostrum-based products",PP - Processing Plant,"Klaipėdos g. 3, LT-99115 Šilutė",Šilutė,,Klaipeda County,Lithuania,2021-03-17,,https://webgate.ec.europa.eu/tracesnt/directory/listing/establishment/publication/index#!/view/LT/RAW_MILK_EU
17,"MB ""Patented MT""",46-18,MMP,"Raw milk, dairy products, colostrum and colostrum-based products",PP - Processing Plant,"Jonavos r. sav., Jonavos sen., Jonava, Girelės g. 1C",Jonava,LT-55111,Kaunas County,Lithuania,2026-02-23,,https://webgate.ec.europa.eu/tracesnt/directory/listing/establishment/publication/index#!/view/LT/RAW_MILK_EU
18,"MB ,,Ostvalds fabrica""",LT49-11 P EB,MMP,"Raw milk, dairy products, colostrum and colostrum-based products",PP - Processing Plant,"Jovarų g. 44, Liutonių k., Žiežmarių apyl. sen., Kaišiadorių r. sav., LT-56204",Liutonys,,Kaunas County,Lithuania,2021-03-18,,https://webgate.ec.europa.eu/tracesnt/directory/listing/establishment/publication/index#!/view/LT/RAW_MILK_EU
19,MB LILĖS SŪRIAI,53-02P,MMP,"Raw milk, dairy products, colostrum and colostrum-based products",PP - Processing Plant,"Liepupio g., 3, Piliamantas, Dotnuvos sen., Kėdainių r",Piliamantas,LT-58331,Kaunas County,Lithuania,2021-03-18,,https://webgate.ec.europa.eu/tracesnt/directory/listing/establishment/publication/index#!/view/LT/RAW_MILK_EU
20,SKAISTGIRIO ŽŪB ŽAGARĖS PIENINĖ,LT 47-05,MMP,"Raw milk, dairy products, colostrum and colostrum-based products",PP - Processing Plant,"Liepų g. 20C, Skaistgirio mst., Joniškio r. sav.",Skaistgirys,,Siauliai County,Lithuania,2021-03-18,,https://webgate.ec.europa.eu/tracesnt/directory/listing/establishment/publication/index#!/view/LT/RAW_MILK_EU
21,"UAB ""Art Glacio""",LT 39-10P,MMP,"Raw milk, dairy products, colostrum and colostrum-based products",PP - Processing Plant,"Pilviškių g. 48, Vilkaviškis",Vilkaviškis,LT-70150,Marijampole County,Lithuania,2021-03-09,,https://webgate.ec.europa.eu/tracesnt/directory/listing/establishment/publication/index#!/view/LT/RAW_MILK_EU
22,"UAB ""Belvederio""",LT94-02P EB,MMP,"Raw milk, dairy products, colostrum and colostrum-based products",PP - Processing Plant,"Belvederio k., Seredžiaus sen., Jurbarko r. sav.",Seredžius,,Taurage County,Lithuania,2021-03-18,,https://webgate.ec.europa.eu/tracesnt/directory/listing/establishment/publication/index#!/view/LT/RAW_MILK_EU
23,"UAB ""Belvederio""",LT94-03P EB,MMP,"Raw milk, dairy products, colostrum and colostrum-based products",PP - Processing Plant,"Barkūnų g. 25, Jurbarkas, Jurbarko r. sav. Tauragės apskritis",Jurbarkas,,Taurage County,Lithuania,2021-03-18,,https://webgate.ec.europa.eu/tracesnt/directory/listing/establishment/publication/index#!/view/LT/RAW_MILK_EU
24,"UAB ""Belvederio""",LT 84-01,MMP,"Raw milk, dairy products, colostrum and colostrum-based products",PP - Processing Plant,"A. Tatarės g. 54, Lukšių k., Lukšių sen., Šakių r. sav.",Lukšiai,LT-71180,Marijampole County,Lithuania,2021-03-09,,https://webgate.ec.europa.eu/tracesnt/directory/listing/establishment/publication/index#!/view/LT/RAW_MILK_EU
25,"UAB ""Geld Baltic""",LT 27-09 EB,MMP,"Raw milk, dairy products, colostrum and colostrum-based products",PP - Processing Plant,Ramygalos g. 149 e,Panevežys,36220,Panevezys County,Lithuania,2021-03-22,,https://webgate.ec.europa.eu/tracesnt/directory/listing/establishment/publication/index#!/view/LT/RAW_MILK_EU
26,"UAB ""Iceco Ledai""",LT 51-03 P EB,MMP,"Raw milk, dairy products, colostrum and colostrum-based products",PP - Processing Plant,"Ledo g. 1, Liepynų k., LT-68126 Marijampolė",Marijampolė,LT-68122,Marijampole County,Lithuania,2021-09-27,,https://webgate.ec.europa.eu/tracesnt/directory/listing/establishment/publication/index#!/view/LT/RAW_MILK_EU
27,"UAB ""Magnum ICC Lietuva""",61-02P,MMP,"Raw milk, dairy products, colostrum and colostrum-based products",PP - Processing Plant,"Skuodo g. 28, Mažeikiai, Mažeikių sen., Mažeikių r.sav., Telšių apskr.",Mažeikiai,89100,Telsiai County,Lithuania,2021-03-08,,https://webgate.ec.europa.eu/tracesnt/directory/listing/establishment/publication/index#!/view/LT/RAW_MILK_EU
28,"UAB ""Nordic proteins""",36-01 P,MMP,"Raw milk, dairy products, colostrum and colostrum-based products",PP - Processing Plant,"Biržų g. 35, Medeikių k., Biržų r., LT-41456",Medeikiai,,Panevezys County,Lithuania,2025-12-19,,https://webgate.ec.europa.eu/tracesnt/directory/listing/establishment/publication/index#!/view/LT/RAW_MILK_EU
29,"UAB ""Rokiškio pieno gamyba""",LT 82-01 P EB,MMP,"Raw milk, dairy products, colostrum and colostrum-based products",PP - Processing Plant,Pramonės g. 8,Utena,LT-28216,Utena County,Lithuania,2021-03-18,,https://webgate.ec.europa.eu/tracesnt/directory/listing/establishment/publication/index#!/view/LT/RAW_MILK_EU
30,"UAB ""Uriga""",84-02 P,MMP,"Raw milk, dairy products, colostrum and colostrum-based products",PP - Processing Plant,"Tatarės g. 54, Lukšių k., Lukšių sen., Šakių r. sav.",Lukšiai,LT-71180,Marijampole County,Lithuania,2021-03-08,,https://webgate.ec.europa.eu/tracesnt/directory/listing/establishment/publication/index#!/view/LT/RAW_MILK_EU
31,"UAB ""VIKEDA""",LT 53-05P EB,MMP,"Raw milk, dairy products, colostrum and colostrum-based products",PP - Processing Plant,"J.Basanavičiaus g. 2B, Kėdainiai",Kėdainiai,LT-57151,Kaunas County,Lithuania,2024-03-21,,https://webgate.ec.europa.eu/tracesnt/directory/listing/establishment/publication/index#!/view/LT/RAW_MILK_EU
32,UAB Bandymas,KDS3298736,MMP,"Raw milk, dairy products, colostrum and colostrum-based products",CC - Collection Centre,Gatvės g. 15-36,Vilnius,05001,Vilnius County,Lithuania,2021-11-24,,https://webgate.ec.europa.eu/tracesnt/directory/listing/establishment/publication/index#!/view/LT/RAW_MILK_EU
33,UAB Bardra,LT 01-39,MMP,"Raw milk, dairy products, colostrum and colostrum-based products",PP - Processing Plant,Sandėlių g. 38,Vilnius,02244,Vilnius County,Lithuania,2021-03-23,,https://webgate.ec.europa.eu/tracesnt/directory/listing/establishment/publication/index#!/view/LT/RAW_MILK_EU
34,UAB DairyHub.LT,LT 81-08P,MMP,"Raw milk, dairy products, colostrum and colostrum-based products",PP - Processing Plant,"Vilniaus apskr., Ukmergės r. sav., Ukmergės miesto sen., Ukmergė, Kauno g. 65",Ukmergė,LT-20118,Vilnius County,Lithuania,2022-12-09,,https://webgate.ec.europa.eu/tracesnt/directory/listing/establishment/publication/index#!/view/LT/RAW_MILK_EU
35,UAB Eko pirk,LT 01-37 P,MMP,"Raw milk, dairy products, colostrum and colostrum-based products",PP - Processing Plant,Mokslininkų g. 6A,Vilnius,08412,Vilnius County,Lithuania,2021-03-25,,https://webgate.ec.europa.eu/tracesnt/directory/listing/establishment/publication/index#!/view/LT/RAW_MILK_EU
36,UAB FRUSELA,LT57-01P EB,MMP,"Raw milk, dairy products, colostrum and colostrum-based products",PP - Processing Plant,"GEDIMINO 110, Kupiškis, LT-40134",Kupiškis,40131,Panevezys County,Lithuania,2021-03-22,,https://webgate.ec.europa.eu/tracesnt/directory/listing/establishment/publication/index#!/view/LT/RAW_MILK_EU
37,UAB Greita upė,19-20,MMP,"Raw milk, dairy products, colostrum and colostrum-based products",PP - Processing Plant,Raudondvario pl. 76,Kaunas,LT-47182,Kaunas County,Lithuania,2021-03-15,,https://webgate.ec.europa.eu/tracesnt/directory/listing/establishment/publication/index#!/view/LT/RAW_MILK_EU
38,UAB Kelmės pienas,54-01P,MMP,"Raw milk, dairy products, colostrum and colostrum-based products",PP - Processing Plant,"Raseinių g. 2, Kelmė",Kelmė,LT-86160,Siauliai County,Lithuania,2022-01-10,,https://webgate.ec.europa.eu/tracesnt/directory/listing/establishment/publication/index#!/view/LT/RAW_MILK_EU
39,UAB LITAMILK,01-35 P,MMP,"Raw milk, dairy products, colostrum and colostrum-based products",PP - Processing Plant,Kirtimų g. 49,Vilnius,02244,Vilnius County,Lithuania,2026-06-04,,https://webgate.ec.europa.eu/tracesnt/directory/listing/establishment/publication/index#!/view/LT/RAW_MILK_EU
40,UAB MARIJAMPOLĖS PIENO KONSERVAI,LT 51-04 P EU,MMP,"Raw milk, dairy products, colostrum and colostrum-based products",PP - Processing Plant,"Vytauto g. 74, Kalvarija",Kalvarija,LT-69223,Marijampole County,Lithuania,2026-05-05,,https://webgate.ec.europa.eu/tracesnt/directory/listing/establishment/publication/index#!/view/LT/RAW_MILK_EU
41,UAB MARIJAMPOLĖS PIENO KONSERVAI,LT 18-01P EU,MMP,"Raw milk, dairy products, colostrum and colostrum-based products",PP - Processing Plant,Kauno g.114,Marijampolė,LT-68108,Marijampole County,Lithuania,2026-05-05,,https://webgate.ec.europa.eu/tracesnt/directory/listing/establishment/publication/index#!/view/LT/RAW_MILK_EU
42,UAB Orka foods,68-03P,MMP,"Raw milk, dairy products, colostrum and colostrum-based products",PP - Processing Plant,"Birutės skg. 10, Macenių k., Plungės r. sav.",Maceniai,LT-90100,Telsiai County,Lithuania,2021-03-23,,https://webgate.ec.europa.eu/tracesnt/directory/listing/establishment/publication/index#!/view/LT/RAW_MILK_EU
43,UAB Pieno partneriai,68-15P,MMP,"Raw milk, dairy products, colostrum and colostrum-based products",CC - Collection Centre,Birutės g. 49A,Plungė,LT-90122,Telsiai County,Lithuania,2021-03-22,,https://webgate.ec.europa.eu/tracesnt/directory/listing/establishment/publication/index#!/view/LT/RAW_MILK_EU
44,UAB REKETUKAS,LT 71-09 EB,MMP,"Raw milk, dairy products, colostrum and colostrum-based products",PP - Processing Plant,"Pkaruojo street 2, Radviliskis disctrict",Gražioniai,LT-82481,Siauliai County,Lithuania,2025-09-19,,https://webgate.ec.europa.eu/tracesnt/directory/listing/establishment/publication/index#!/view/LT/RAW_MILK_EU
45,UAB RIVONA,LT 11-01P,MMP,"Raw milk, dairy products, colostrum and colostrum-based products",PP - Processing Plant,Putinų g. 33,Alytus,LT-62114,Alytus County,Lithuania,2021-03-18,,https://webgate.ec.europa.eu/tracesnt/directory/listing/establishment/publication/index#!/view/LT/RAW_MILK_EU
46,UAB Rokiškio pieno gamyba,LT 81-01P,MMP,"Raw milk, dairy products, colostrum and colostrum-based products",PP - Processing Plant,Kauno g. 65,Ukmergė,LT-20118,Vilnius County,Lithuania,2021-03-22,,https://webgate.ec.europa.eu/tracesnt/directory/listing/establishment/publication/index#!/view/LT/RAW_MILK_EU
47,UAB VARĖNOS PIENELIS,LT 38-01P EB,MMP,"Raw milk, dairy products, colostrum and colostrum-based products",PP - Processing Plant,"J. Basanavičiaus g. 52, Varėna",Varėna,LT-65210,Alytus County,Lithuania,2024-03-26,,https://webgate.ec.europa.eu/tracesnt/directory/listing/establishment/publication/index#!/view/LT/RAW_MILK_EU
48,UAB VIKEDA,53-05P,MMP,"Raw milk, dairy products, colostrum and colostrum-based products",PP - Processing Plant,"J.Basanavičiaus g 2B, Kėdainiai",Kėdainiai,LT-57151,Kaunas County,Lithuania,2021-03-18,,https://webgate.ec.europa.eu/tracesnt/directory/listing/establishment/publication/index#!/view/LT/RAW_MILK_EU
49,Šakių rajono Grinaičių ŽŪB 89-05P,CC,MMP,"Raw milk, dairy products, colostrum and colostrum-based products",CC - Collection Centre; PP - Processing Plant,"Kalnalaukio g. 1, Širvintos",Širvintos,LT-19107,Vilnius County,Lithuania,2023-08-29,,https://webgate.ec.europa.eu/tracesnt/directory/listing/establishment/publication/index#!/view/LT/RAW_MILK_EU
50,Ūkininkas Paulius Ruškys,LT 71-06 EB,MMP,"Raw milk, dairy products, colostrum and colostrum-based products",CC - Collection Centre; PP - Processing Plant,"Pakruojo g.2, Gražionių k., Aukštelkų sen., Radviliškio r. sav.",Radviliškis,LT-82180,Siauliai County,Lithuania,2023-11-29,,https://webgate.ec.europa.eu/tracesnt/directory/listing/establishment/publication/index#!/view/LT/RAW_MILK_EU
51,Ūkininko Audriaus Banionio pieno perdirbimo cechas,52-35 P,MMP,"Raw milk, dairy products, colostrum and colostrum-based products",PP - Processing Plant,"Kepyklos g. 8, Margininkų k., Taurakiemio sen.,  Kauno r.",Margininkų k.,LT-53180,Kaunas County,Lithuania,2021-03-15,,https://webgate.ec.europa.eu/tracesnt/directory/listing/establishment/publication/index#!/view/LT/RAW_MILK_EU
52,Ūkininkė Jolanta Jasiūnienė,LT 79-010,MMP,"Raw milk, dairy products, colostrum and colostrum-based products",PP - Processing Plant,Žalioji g. 20,Drabužininkai,LT-21034,Vilnius County,Lithuania,2021-03-26,,https://webgate.ec.europa.eu/tracesnt/directory/listing/establishment/publication/index#!/view/LT/RAW_MILK_EU
53,Ūkininkė Romualda Ona Vansevičienė,LT 42-014 P,MMP,"Raw milk, dairy products, colostrum and colostrum-based products",PP - Processing Plant,"Elektrėnų  sav., Kietaviškių sen.,  Naujųjų Kietaviškių k., Bažnyčios  g. 9",Kietaviškės,LT-21214,Vilnius County,Lithuania,2021-03-26,,https://webgate.ec.europa.eu/tracesnt/directory/listing/establishment/publication/index#!/view/LT/RAW_MILK_EU
54,"Žemaitijos pienas, AB",78-01P EB,MMP,"Raw milk, dairy products, colostrum and colostrum-based products",PP - Processing Plant,Sedos 35 g.,Telšiai,87101,Telsiai County,Lithuania,2021-02-22,,https://webgate.ec.europa.eu/tracesnt/directory/listing/establishment/publication/index#!/view/LT/RAW_MILK_EU
55,"ŽŪB ""Šaltekšnis""",51-01 P,MMP,"Raw milk, dairy products, colostrum and colostrum-based products",PP - Processing Plant,"Sūsninkų k., Kalvarijos sen., Kalvarijos sav.",Sūsninkai,LT-69227,Marijampole County,Lithuania,2021-03-12,,https://webgate.ec.europa.eu/tracesnt/directory/listing/establishment/publication/index#!/view/LT/RAW_MILK_EU
56,"ŽŪK ""Melbras""",LT 39-109 P,MMP,"Raw milk, dairy products, colostrum and colostrum-based products",CC - Collection Centre,"Ąžuolyno g. 4, Bartninkų k., Bartninkų sen., Vilkaviškio r. sav.",Bartninkai,LT-70021,Marijampole County,Lithuania,2021-03-09,,https://webgate.ec.europa.eu/tracesnt/directory/listing/establishment/publication/index#!/view/LT/RAW_MILK_EU
57,"ŽŪK ""Senoji kryžkelė""",39-111 P,MMP,"Raw milk, dairy products, colostrum and colostrum-based products",CC - Collection Centre,"Bažnyčios g. 6, Alksnėnų k., Pilviškių sen., Vilkaviškio r. sav.",Alksnėnai,LT-70478,Marijampole County,Lithuania,2021-03-12,,https://webgate.ec.europa.eu/tracesnt/directory/listing/establishment/publication/index#!/view/LT/RAW_MILK_EU
58,"ŽŪK ""Sintautų pienas""",LT 84-07P,MMP,"Raw milk, dairy products, colostrum and colostrum-based products",CC - Collection Centre,"P. Vaičaičio g. 65, Sintautų k., Sintautų sen., Šakių r. sav.",Sintautai,LT-71336,Marijampole County,Lithuania,2021-03-09,,https://webgate.ec.europa.eu/tracesnt/directory/listing/establishment/publication/index#!/view/LT/RAW_MILK_EU
59,"ŽŪK ""Suvalkijos pienas""",LT 84-004,MMP,"Raw milk, dairy products, colostrum and colostrum-based products",CC - Collection Centre,"Pergalės g. 10, Lukšių k., Lukšių sen., Šakių r. sav.",Lukšiai,LT-71177,Marijampole County,Lithuania,2021-03-09,,https://webgate.ec.europa.eu/tracesnt/directory/listing/establishment/publication/index#!/view/LT/RAW_MILK_EU
60,ŽŪK DOBILO LAPAS,77-03 P,MMP,"Raw milk, dairy products, colostrum and colostrum-based products",CC - Collection Centre,"Tauragės r. sav., Tauragės miesto sen., Tauragė  Švyturio g. 2",Tauragė,LT-72312,Taurage County,Lithuania,2021-03-17,,https://webgate.ec.europa.eu/tracesnt/directory/listing/establishment/publication/index#!/view/LT/RAW_MILK_EU
61,ŽŪK Pienas LT,19-52 P,MMP,"Raw milk, dairy products, colostrum and colostrum-based products",PP - Processing Plant,"Kokybės g. 1, Biruliškių k., Kauno r.",Kaunas,LT-54469,Kaunas County,Lithuania,2021-03-15,,https://webgate.ec.europa.eu/tracesnt/directory/listing/establishment/publication/index#!/view/LT/RAW_MILK_EU
62,ŽŪK Rešketėnai Žarėnų PSC,LT 78-022 P EB,MMP,"Raw milk, dairy products, colostrum and colostrum-based products",CC - Collection Centre,"Alytaus g.7, Žarėnai, Žarėnų sen., Telšių r. sav.,",Žarėnai,LT-88381,Telsiai County,Lithuania,2021-03-22,,https://webgate.ec.europa.eu/tracesnt/directory/listing/establishment/publication/index#!/view/LT/RAW_MILK_EU
63,A.Mišeikio įmonė,32-03,MM,"Minced meat, meat preparations and mechanically separated meat – MM, MP, MSM",MP - Meat Preparation Plant; MM - Minced Meat Plant,"Smiltinė 20, Akmenės sen., Akmenės r. sav., Šiaulių apskr.",Smiltinė,LT-85365,Siauliai County,Lithuania,2021-03-15,,https://webgate.ec.europa.eu/tracesnt/directory/listing/establishment/publication/index#!/view/LT/MINCED_MEAT_EU
64,AB Kaišiadorių paukštynas,LT49-01EB,MM,"Minced meat, meat preparations and mechanically separated meat – MM, MP, MSM",MM - Minced Meat Plant; MSM - Mechanically Separated Meat Plant; MP - Meat Preparation Plant,"Kaišiadorys, Paukštininkų g. 15",Kaišiadorys,LT-56110,Kaunas County,Lithuania,2021-03-18,,https://webgate.ec.europa.eu/tracesnt/directory/listing/establishment/publication/index#!/view/LT/MINCED_MEAT_EU
65,AB Vilniaus paukštynas,LT 41-28 EU,MM,"Minced meat, meat preparations and mechanically separated meat – MM, MP, MSM",MSM - Mechanically Separated Meat Plant; MM - Minced Meat Plant; MP - Meat Preparation Plant,Gamyklos g. 27,Rudamina,LT-13249,Vilnius County,Lithuania,2025-06-12,,https://webgate.ec.europa.eu/tracesnt/directory/listing/establishment/publication/index#!/view/LT/MINCED_MEAT_EU
66,Audrius Tunaitis,58-024,MM,"Minced meat, meat preparations and mechanically separated meat – MM, MP, MSM",MM - Minced Meat Plant,"Maironio g. 11A, Kazlų Rūda",Kazlu Ruda,69440,Marijampole County,Lithuania,2021-03-14,,https://webgate.ec.europa.eu/tracesnt/directory/listing/establishment/publication/index#!/view/LT/MINCED_MEAT_EU
67,"BIOVELA-UTENOS MĖSA, UAB",LT 17 EB,MM,"Minced meat, meat preparations and mechanically separated meat – MM, MP, MSM",MM - Minced Meat Plant; MP - Meat Preparation Plant,Pramonės g. 4,Utena,28216,Utena County,Lithuania,2021-03-19,,https://webgate.ec.europa.eu/tracesnt/directory/listing/establishment/publication/index#!/view/LT/MINCED_MEAT_EU
68,Dainoros Račkauskienės ind. įmonė,61-17,MM,"Minced meat, meat preparations and mechanically separated meat – MM, MP, MSM",MM - Minced Meat Plant; MP - Meat Preparation Plant,"Bažnyčios g. 17, Mažeikiai, Mažeikių sen., Mažeikių r. sav., Telšių apskr.",Mažeikiai,LT-89232,Telsiai County,Lithuania,2021-03-15,,https://webgate.ec.europa.eu/tracesnt/directory/listing/establishment/publication/index#!/view/LT/MINCED_MEAT_EU
69,Danutė Muraškaitė,48-026,MM,"Minced meat, meat preparations and mechanically separated meat – MM, MP, MSM",MM - Minced Meat Plant,"Laisvės g. 20, Kalvarija",Kalvarija,LT-69214,Marijampole County,Lithuania,2021-03-14,,https://webgate.ec.europa.eu/tracesnt/directory/listing/establishment/publication/index#!/view/LT/MINCED_MEAT_EU
70,G. Drakšo IĮ,LT 79-03,MM,"Minced meat, meat preparations and mechanically separated meat – MM, MP, MSM",MP - Meat Preparation Plant,Žiedo g. 30,Vaickūniškės,LT-21242,Vilnius County,Lithuania,2021-03-26,,https://webgate.ec.europa.eu/tracesnt/directory/listing/establishment/publication/index#!/view/LT/MINCED_MEAT_EU
71,KB Oxmeat,LT 41-02,MM,"Minced meat, meat preparations and mechanically separated meat – MM, MP, MSM",MP - Meat Preparation Plant,Švenčionių g. 114,Nemenčinė,LT-15168,Vilnius County,Lithuania,2021-03-25,,https://webgate.ec.europa.eu/tracesnt/directory/listing/establishment/publication/index#!/view/LT/MINCED_MEAT_EU
72,Kooperatyvas  Gera mėsa,63-01,MM,"Minced meat, meat preparations and mechanically separated meat – MM, MP, MSM",MM - Minced Meat Plant,"Tauragės apskr., Pagėgių sav., Stoniškių sen., Šilgaliai, Vilkos g. 2",Šilgaliai,LT-99290,Taurage County,Lithuania,2021-03-17,,https://webgate.ec.europa.eu/tracesnt/directory/listing/establishment/publication/index#!/view/LT/MINCED_MEAT_EU
73,"MAXIMA LT, UAB",01-22,MM,"Minced meat, meat preparations and mechanically separated meat – MM, MP, MSM",MM - Minced Meat Plant; MP - Meat Preparation Plant,Savanorių pr. 247,Vilnius,02300,Vilnius County,Lithuania,2021-03-16,,https://webgate.ec.europa.eu/tracesnt/directory/listing/establishment/publication/index#!/view/LT/MINCED_MEAT_EU
74,"MB ""Gurmanas""",61-07,MM,"Minced meat, meat preparations and mechanically separated meat – MM, MP, MSM",MM - Minced Meat Plant; MP - Meat Preparation Plant,"Melioratorių g. 1C-1, Mažeikiai. Mažeikių sen., Mažeikių r. sav., Telšių apskr.",Mažeikiai,LT-89145,Telsiai County,Lithuania,2021-03-15,,https://webgate.ec.europa.eu/tracesnt/directory/listing/establishment/publication/index#!/view/LT/MINCED_MEAT_EU
75,"MB ""Mėsos klubas""",41-22,MM,"Minced meat, meat preparations and mechanically separated meat – MM, MP, MSM",MM - Minced Meat Plant; MP - Meat Preparation Plant,"Vilniaus r. sav., Sudervės sen., Buiniškių k., Adomo Mickevičiaus g. 253",Buiniškės,LT-14202,Vilnius County,Lithuania,2026-03-02,,https://webgate.ec.europa.eu/tracesnt/directory/listing/establishment/publication/index#!/view/LT/MINCED_MEAT_EU
76,"MB ""Spirgius""",84-007V,MM,"Minced meat, meat preparations and mechanically separated meat – MM, MP, MSM",MM - Minced Meat Plant,"Kauno g. 1, Lekėčių k., Lekėčių sen., Šakių r. sav.",Lekėčiai,LT-71225,Marijampole County,Lithuania,2021-03-14,,https://webgate.ec.europa.eu/tracesnt/directory/listing/establishment/publication/index#!/view/LT/MINCED_MEAT_EU
77,MB Bajorų mėsa,LT 41-017 M,MM,"Minced meat, meat preparations and mechanically separated meat – MM, MP, MSM",MP - Meat Preparation Plant,"Pakovarniškių k., Marijampolio sen., Vilniaus r.",Pakovarniškės,,Vilnius County,Lithuania,2021-03-25,,https://webgate.ec.europa.eu/tracesnt/directory/listing/establishment/publication/index#!/view/LT/MINCED_MEAT_EU
78,MB Brazių ūkis,LT 42-009,MM,"Minced meat, meat preparations and mechanically separated meat – MM, MP, MSM",MP - Meat Preparation Plant,"Elektrėnų sav., Vievis, Vilniaus g. 29",Vievis,LT-21376,Vilnius County,Lithuania,2021-03-22,,https://webgate.ec.europa.eu/tracesnt/directory/listing/establishment/publication/index#!/view/LT/MINCED_MEAT_EU
79,MB Brolių mėsinė,LT 01-111 M,MM,"Minced meat, meat preparations and mechanically separated meat – MM, MP, MSM",MP - Meat Preparation Plant,Kalvarijų g. 61,Vilnius,09304,Vilnius County,Lithuania,2021-03-25,,https://webgate.ec.europa.eu/tracesnt/directory/listing/establishment/publication/index#!/view/LT/MINCED_MEAT_EU
80,MB Dūmykla,01-105 M,MM,"Minced meat, meat preparations and mechanically separated meat – MM, MP, MSM",MP - Meat Preparation Plant,Petro Baublio g. 1a,Vilnius,08419,Vilnius County,Lithuania,2021-03-16,,https://webgate.ec.europa.eu/tracesnt/directory/listing/establishment/publication/index#!/view/LT/MINCED_MEAT_EU
81,MB Ingamina,LT 41-14 EB,MM,"Minced meat, meat preparations and mechanically separated meat – MM, MP, MSM",MP - Meat Preparation Plant,"Sodų g. 1,",Dūkštos,LT-14222,Vilnius County,Lithuania,2021-03-23,,https://webgate.ec.europa.eu/tracesnt/directory/listing/establishment/publication/index#!/view/LT/MINCED_MEAT_EU
82,MB Lašinukai,LT 41-21,MM,"Minced meat, meat preparations and mechanically separated meat – MM, MP, MSM",MP - Meat Preparation Plant,"Vilniaus r., Jarmališkių k. 7A",Jarmališkės,,Vilnius County,Lithuania,2021-05-19,,https://webgate.ec.europa.eu/tracesnt/directory/listing/establishment/publication/index#!/view/LT/MINCED_MEAT_EU
83,MB Shimas,LT 01-034 M,MM,"Minced meat, meat preparations and mechanically separated meat – MM, MP, MSM",MP - Meat Preparation Plant,Ratnyčios g. 34,Vilnius,08231,Vilnius County,Lithuania,2021-03-25,,https://webgate.ec.europa.eu/tracesnt/directory/listing/establishment/publication/index#!/view/LT/MINCED_MEAT_EU
84,MB Skonio lobis,LT 01-109 M,MM,"Minced meat, meat preparations and mechanically separated meat – MM, MP, MSM",MP - Meat Preparation Plant,Geologų g. 6,Vilnius,02190,Vilnius County,Lithuania,2021-03-25,,https://webgate.ec.europa.eu/tracesnt/directory/listing/establishment/publication/index#!/view/LT/MINCED_MEAT_EU
85,"MBA FOOD, UAB",52-03,MM,"Minced meat, meat preparations and mechanically separated meat – MM, MP, MSM",MP - Meat Preparation Plant,"Parko g. 8, Bubių k., Batniavos sen., Kauno raj.",Bubiai,LT-54189,Kaunas County,Lithuania,2021-03-19,,https://webgate.ec.europa.eu/tracesnt/directory/listing/establishment/publication/index#!/view/LT/MINCED_MEAT_EU
86,"Maxima LT, UAB",18-003,MM,"Minced meat, meat preparations and mechanically separated meat – MM, MP, MSM",MM - Minced Meat Plant,"Kudirkos g. 3,  Marijampolė",Marijampolė,LT-68181,Marijampole County,Lithuania,2021-03-14,,https://webgate.ec.europa.eu/tracesnt/directory/listing/establishment/publication/index#!/view/LT/MINCED_MEAT_EU
87,"Maxima LT, UAB",19-42,MM,"Minced meat, meat preparations and mechanically separated meat – MM, MP, MSM",MP - Meat Preparation Plant; MM - Minced Meat Plant,"Savanorių pr. 255, Kaunas",Kaunas,LT-50147,Kaunas County,Lithuania,2021-03-19,,https://webgate.ec.europa.eu/tracesnt/directory/listing/establishment/publication/index#!/view/LT/MINCED_MEAT_EU
88,Mečislovo Mlečkos mėsos gaminių cechas,LT 41-013 M,MM,"Minced meat, meat preparations and mechanically separated meat – MM, MP, MSM",MP - Meat Preparation Plant,Miško g. 21,Skaidiškių k.,LT-13276,Vilnius County,Lithuania,2021-06-22,,https://webgate.ec.europa.eu/tracesnt/directory/listing/establishment/publication/index#!/view/LT/MINCED_MEAT_EU
89,R. Pinaičio IĮ,LT 94-15 EB,MM,"Minced meat, meat preparations and mechanically separated meat – MM, MP, MSM",MP - Meat Preparation Plant; MM - Minced Meat Plant,"Ateities g. 5, Girdžiai, Girdžių sen., Jurbarko r. sav., Tauragės apskr.",Girdžiai,,Taurage County,Lithuania,2021-03-19,,https://webgate.ec.europa.eu/tracesnt/directory/listing/establishment/publication/index#!/view/LT/MINCED_MEAT_EU
90,Rimutės Povilaitienės firma,19-21,MM,"Minced meat, meat preparations and mechanically separated meat – MM, MP, MSM",MP - Meat Preparation Plant,"Dvarų g. 47, Kaunas",Kaunas,LT-46399,Kaunas County,Lithuania,2021-03-19,,https://webgate.ec.europa.eu/tracesnt/directory/listing/establishment/publication/index#!/view/LT/MINCED_MEAT_EU
91,Romualdo Karbausko ind.įmonė,61-05,MM,"Minced meat, meat preparations and mechanically separated meat – MM, MP, MSM",MM - Minced Meat Plant; MP - Meat Preparation Plant,"Pumpurų g.25, Reivyčiai, Reivyčių sen., Mažeikių r.sav., Telšių apskr.",Reivyčiai,LT-89301,Telsiai County,Lithuania,2021-03-17,,https://webgate.ec.europa.eu/tracesnt/directory/listing/establishment/publication/index#!/view/LT/MINCED_MEAT_EU
92,"UAB ""Gulbelė""",84-006V,MM,"Minced meat, meat preparations and mechanically separated meat – MM, MP, MSM",MM - Minced Meat Plant,"V. Kudirkos g. 61, Šakiai",Šakiai,LT-71109,Marijampole County,Lithuania,2021-03-14,,https://webgate.ec.europa.eu/tracesnt/directory/listing/establishment/publication/index#!/view/LT/MINCED_MEAT_EU
93,"UAB ""KOGUS""",LT45-06EB,MM,"Minced meat, meat preparations and mechanically separated meat – MM, MP, MSM",MP - Meat Preparation Plant,"Pramonės g. 17, Karlų k. Visagino sav.",Karlos,LT-30270,Utena County,Lithuania,2024-02-10,,https://webgate.ec.europa.eu/tracesnt/directory/listing/establishment/publication/index#!/view/LT/MINCED_MEAT_EU
94,"UAB ""Klaipėdos mėsinė""",88-24,MM,"Minced meat, meat preparations and mechanically separated meat – MM, MP, MSM",MM - Minced Meat Plant,"Tauragės apskr., Pagėgių sav., Stoniškių sen., Šilgaliai, Vilkos g. 2",Šilgaliai,LT-99290,Taurage County,Lithuania,2021-03-17,,https://webgate.ec.europa.eu/tracesnt/directory/listing/establishment/publication/index#!/view/LT/MINCED_MEAT_EU
95,"UAB ""Mažeikių Mėsinė""",61-01,MM,"Minced meat, meat preparations and mechanically separated meat – MM, MP, MSM",MP - Meat Preparation Plant; MM - Minced Meat Plant,"Troškučių g. 2, Mažeikiai, Mažeikių r.sav",Mažeikiai,LT-89100,Telsiai County,Lithuania,2021-03-16,,https://webgate.ec.europa.eu/tracesnt/directory/listing/establishment/publication/index#!/view/LT/MINCED_MEAT_EU
96,"UAB ""Norfos mažmena""",18-057,MM,"Minced meat, meat preparations and mechanically separated meat – MM, MP, MSM",MM - Minced Meat Plant,"Vilkaviškio g. 61C, Marijampolė",Marijampolė,LT-68181,Marijampole County,Lithuania,2021-03-14,,https://webgate.ec.europa.eu/tracesnt/directory/listing/establishment/publication/index#!/view/LT/MINCED_MEAT_EU
97,"UAB ""Norfos mažmena""",39-003V,MM,"Minced meat, meat preparations and mechanically separated meat – MM, MP, MSM",MM - Minced Meat Plant,"Vištyčio g. 40, Kybartų k., Kybartų sen., Vilkaviškio r. sav.",Kybartai,LT-70427,Marijampole County,Lithuania,2021-03-14,,https://webgate.ec.europa.eu/tracesnt/directory/listing/establishment/publication/index#!/view/LT/MINCED_MEAT_EU
98,"UAB ""Norfos mažmena""",84-002V,MM,"Minced meat, meat preparations and mechanically separated meat – MM, MP, MSM",MM - Minced Meat Plant,"V. Kudirkos g. 91, Šakiai",Šakiai,LT-71109,Marijampole County,Lithuania,2021-03-14,,https://webgate.ec.europa.eu/tracesnt/directory/listing/establishment/publication/index#!/view/LT/MINCED_MEAT_EU
99,"UAB ""Norfos mažmena""",84-005V,MM,"Minced meat, meat preparations and mechanically separated meat – MM, MP, MSM",MM - Minced Meat Plant,"Šaulių g. 49, Šakiai",Šakiai,LT-71109,Marijampole County,Lithuania,2021-03-14,,https://webgate.ec.europa.eu/tracesnt/directory/listing/establishment/publication/index#!/view/LT/MINCED_MEAT_EU
100,"UAB ""Norfos mažmena""",39-004V,MM,"Minced meat, meat preparations and mechanically separated meat – MM, MP, MSM",MM - Minced Meat Plant,"Nepriklausomybės g. 61, Vilkaviškis",Vilkaviškis,LT-70132,Marijampole County,Lithuania,2021-03-14,,https://webgate.ec.europa.eu/tracesnt/directory/listing/establishment/publication/index#!/view/LT/MINCED_MEAT_EU
101,"UAB ""Norfos mažmena""",18-004 V,MM,"Minced meat, meat preparations and mechanically separated meat – MM, MP, MSM",MM - Minced Meat Plant,"Draugystės g. 14, Marijampolė",Marijampolė,LT-68261,Marijampole County,Lithuania,2021-03-14,,https://webgate.ec.europa.eu/tracesnt/directory/listing/establishment/publication/index#!/view/LT/MINCED_MEAT_EU
102,"UAB ""Norfos mažmena""",18-046,MM,"Minced meat, meat preparations and mechanically separated meat – MM, MP, MSM",MM - Minced Meat Plant,"Dariaus ir Girėno 3a, Marijampolė",Marijampolė,LT-68261,Marijampole County,Lithuania,2021-03-14,,https://webgate.ec.europa.eu/tracesnt/directory/listing/establishment/publication/index#!/view/LT/MINCED_MEAT_EU
103,"UAB ""Norfos mažmena""",18-010 V,MM,"Minced meat, meat preparations and mechanically separated meat – MM, MP, MSM",MM - Minced Meat Plant,"Klaipėdos g. 1, Marijampolė",Marijampolė,LT-68261,Marijampole County,Lithuania,2021-03-14,,https://webgate.ec.europa.eu/tracesnt/directory/listing/establishment/publication/index#!/view/LT/MINCED_MEAT_EU
104,"UAB ""Palink""",18-001 V,MM,"Minced meat, meat preparations and mechanically separated meat – MM, MP, MSM",MM - Minced Meat Plant,"Vilkaviškio g. 72a, Marijampolė",Marijampolė,LT-68181,Marijampole County,Lithuania,2021-03-14,,https://webgate.ec.europa.eu/tracesnt/directory/listing/establishment/publication/index#!/view/LT/MINCED_MEAT_EU
105,"UAB ""Palink""",84-004V,MM,"Minced meat, meat preparations and mechanically separated meat – MM, MP, MSM",MM - Minced Meat Plant,"Bažnyčios g. 16, Marijampolė",Šakiai,LT-71109,Marijampole County,Lithuania,2021-03-14,,https://webgate.ec.europa.eu/tracesnt/directory/listing/establishment/publication/index#!/view/LT/MINCED_MEAT_EU
106,"UAB ""Palink""",39-006,MM,"Minced meat, meat preparations and mechanically separated meat – MM, MP, MSM",MM - Minced Meat Plant,"Vytauto g. 101, Vilkaviškis",Vilkaviškis,LT-70132,Marijampole County,Lithuania,2021-03-14,,https://webgate.ec.europa.eu/tracesnt/directory/listing/establishment/publication/index#!/view/LT/MINCED_MEAT_EU
107,"UAB ""Palink""",39-005V,MM,"Minced meat, meat preparations and mechanically separated meat – MM, MP, MSM",MM - Minced Meat Plant,"Kęstučio g. 15, Vilkaviškis",Vilkaviškis,LT-70199,Marijampole County,Lithuania,2021-03-14,,https://webgate.ec.europa.eu/tracesnt/directory/listing/establishment/publication/index#!/view/LT/MINCED_MEAT_EU
108,"UAB ""Palink""",39-001V,MM,"Minced meat, meat preparations and mechanically separated meat – MM, MP, MSM",MM - Minced Meat Plant,"Vienybės g. 47, Vilkaviškis",Vilkaviškis,LT-70150,Marijampole County,Lithuania,2021-03-14,,https://webgate.ec.europa.eu/tracesnt/directory/listing/establishment/publication/index#!/view/LT/MINCED_MEAT_EU
109,"UAB ""Palink""",18-049,MM,"Minced meat, meat preparations and mechanically separated meat – MM, MP, MSM",MM - Minced Meat Plant,Vytauto g. 48A,Marijampolė,LT-68283,Marijampole County,Lithuania,2021-03-14,,https://webgate.ec.europa.eu/tracesnt/directory/listing/establishment/publication/index#!/view/LT/MINCED_MEAT_EU
110,"UAB ""Palink""",18-009 V,MM,"Minced meat, meat preparations and mechanically separated meat – MM, MP, MSM",MM - Minced Meat Plant,"Šaulių g. 37, Marijampolė",Marijampolė,LT-68186,Marijampole County,Lithuania,2021-03-14,,https://webgate.ec.europa.eu/tracesnt/directory/listing/establishment/publication/index#!/view/LT/MINCED_MEAT_EU
111,"UAB ""Palink""",18-050,MM,"Minced meat, meat preparations and mechanically separated meat – MM, MP, MSM",MM - Minced Meat Plant,"Jaunimo g. 2-8, Marijampolė",Marijampolė,LT-68261,Marijampole County,Lithuania,2021-03-14,,https://webgate.ec.europa.eu/tracesnt/directory/listing/establishment/publication/index#!/view/LT/MINCED_MEAT_EU
112,"UAB ""RIMI LIETUVA""",42-11,MM,"Minced meat, meat preparations and mechanically separated meat – MM, MP, MSM",MM - Minced Meat Plant; MP - Meat Preparation Plant,"Migūčionių g. 1, Migūčionių k., Elektrėnų sen., Elektrėnų sav.",Gilučiai,LT-26131,Vilnius County,Lithuania,2026-09-09,,https://webgate.ec.europa.eu/tracesnt/directory/listing/establishment/publication/index#!/view/LT/MINCED_MEAT_EU
113,"UAB ""Valdaragis""",LT34-04EB,MM,"Minced meat, meat preparations and mechanically separated meat – MM, MP, MSM",MP - Meat Preparation Plant,"Ateities g. 2, Katlėriai, Skiemonių sen., Anykščių r. sav., LT-29162",Katlėriai,,Utena County,Lithuania,2022-02-23,,https://webgate.ec.europa.eu/tracesnt/directory/listing/establishment/publication/index#!/view/LT/MINCED_MEAT_EU
114,"UAB ""Vigesta""",61-12,MM,"Minced meat, meat preparations and mechanically separated meat – MM, MP, MSM",MP - Meat Preparation Plant; MM - Minced Meat Plant,"Naikių g. 16, Mažeikiai, Mažeikių r. sav.",Mažeikiai,LT-89126,Telsiai County,Lithuania,2021-03-16,,https://webgate.ec.europa.eu/tracesnt/directory/listing/establishment/publication/index#!/view/LT/MINCED_MEAT_EU
115,"UAB ,,Benerta""",LT49-19EB,MM,"Minced meat, meat preparations and mechanically separated meat – MM, MP, MSM",MP - Meat Preparation Plant; MM - Minced Meat Plant,"Kriaučiškių g. 4, Kriaučiškių k., Žiežmarių apyl. sen. ,Kaišiadorių r. sav., LT-56117",Kriaučiškės,,Kaunas County,Lithuania,2021-03-18,,https://webgate.ec.europa.eu/tracesnt/directory/listing/establishment/publication/index#!/view/LT/MINCED_MEAT_EU
116,"UAB ,,LOBBY BALTIC""",61-08,MM,"Minced meat, meat preparations and mechanically separated meat – MM, MP, MSM",MP - Meat Preparation Plant,"Naftininkų g. 38-2, Mažeikiai, Mažeikių sen., Mažeikių r.sav., Telšių apskr.",Mažeikiai,LT-89132,Telsiai County,Lithuania,2021-03-15,,https://webgate.ec.europa.eu/tracesnt/directory/listing/establishment/publication/index#!/view/LT/MINCED_MEAT_EU
117,"UAB ,,Žiežmarių mėsa""",LT49-05EB,MM,"Minced meat, meat preparations and mechanically separated meat – MM, MP, MSM",MP - Meat Preparation Plant,"Pakertų k., Žiežmarių apyl. sen., Kaišiadorių r. sav.",Pakertai,LT-56239,Kaunas County,Lithuania,2021-03-18,,https://webgate.ec.europa.eu/tracesnt/directory/listing/establishment/publication/index#!/view/LT/MINCED_MEAT_EU
118,UAB Alevista,52-17,MM,"Minced meat, meat preparations and mechanically separated meat – MM, MP, MSM",MSM - Mechanically Separated Meat Plant; MP - Meat Preparation Plant,"Ežero g. 46, Piliuonos k., Taurakiemio sen., Kauno raj.",Piliuona,LT-53182,Kaunas County,Lithuania,2021-03-19,,https://webgate.ec.europa.eu/tracesnt/directory/listing/establishment/publication/index#!/view/LT/MINCED_MEAT_EU
119,UAB Almasta,52-11,MM,"Minced meat, meat preparations and mechanically separated meat – MM, MP, MSM",MM - Minced Meat Plant; MP - Meat Preparation Plant,"Garliavos g. 70, Mastaičiai, Kauno raj.",Mastaičiai,LT-53311,Kaunas County,Lithuania,2021-03-19,,https://webgate.ec.europa.eu/tracesnt/directory/listing/establishment/publication/index#!/view/LT/MINCED_MEAT_EU
120,UAB BALTMĖSA,LT 47-11,MM,"Minced meat, meat preparations and mechanically separated meat – MM, MP, MSM",MP - Meat Preparation Plant,"Šiaulių apskr. Joniškio r. Saugėlaukio sen., Bariūnų k., Senoji g. 4, LT-84420",Joniškis,LT-84420,Siauliai County,Lithuania,2025-02-24,,https://webgate.ec.europa.eu/tracesnt/directory/listing/establishment/publication/index#!/view/LT/MINCED_MEAT_EU
121,UAB Bravopasta,LT 41-16,MM,"Minced meat, meat preparations and mechanically separated meat – MM, MP, MSM",MP - Meat Preparation Plant,Centrinė g. 21,Pikutiškės,LT-14300,Vilnius County,Lithuania,2021-03-25,,https://webgate.ec.europa.eu/tracesnt/directory/listing/establishment/publication/index#!/view/LT/MINCED_MEAT_EU
122,UAB COMFORT FOODS,52-44,MM,"Minced meat, meat preparations and mechanically separated meat – MM, MP, MSM",MP - Meat Preparation Plant,"Kauno r. sav., Samylų sen., Samylų k., J. Biliūno g. 1",Samylai,LT-53143,Kaunas County,Lithuania,2026-02-23,,https://webgate.ec.europa.eu/tracesnt/directory/listing/establishment/publication/index#!/view/LT/MINCED_MEAT_EU
123,UAB Cesta,LT 41-05,MM,"Minced meat, meat preparations and mechanically separated meat – MM, MP, MSM",MP - Meat Preparation Plant; MM - Minced Meat Plant,Riešės g. 10,Riešė,LT-14260,Vilnius County,Lithuania,2023-06-09,"{'translation': 'Suidae', 'code': 'P'}",https://webgate.ec.europa.eu/tracesnt/directory/listing/establishment/publication/index#!/view/LT/MINCED_MEAT_EU
124,UAB Dainiai,LT94-16 EB,MM,"Minced meat, meat preparations and mechanically separated meat – MM, MP, MSM",MP - Meat Preparation Plant; MM - Minced Meat Plant,Eržvilko g. 7,Dainiai,LT-74112,Taurage County,Lithuania,2021-11-18,,https://webgate.ec.europa.eu/tracesnt/directory/listing/establishment/publication/index#!/view/LT/MINCED_MEAT_EU
125,UAB Dargita tau,19-07,MM,"Minced meat, meat preparations and mechanically separated meat – MM, MP, MSM",MP - Meat Preparation Plant; MM - Minced Meat Plant,"Samylų g. 17, Kaunas",Kaunas,LT-45444,Kaunas County,Lithuania,2021-03-19,,https://webgate.ec.europa.eu/tracesnt/directory/listing/establishment/publication/index#!/view/LT/MINCED_MEAT_EU
126,UAB Eiginta,19-03,MM,"Minced meat, meat preparations and mechanically separated meat – MM, MP, MSM",MM - Minced Meat Plant; MP - Meat Preparation Plant,"Panerių g., 58, Kaunas",Kaunas,LT-48349,Kaunas County,Lithuania,2021-03-19,,https://webgate.ec.europa.eu/tracesnt/directory/listing/establishment/publication/index#!/view/LT/MINCED_MEAT_EU
127,UAB Eurilata,LT 41-10,MM,"Minced meat, meat preparations and mechanically separated meat – MM, MP, MSM",MM - Minced Meat Plant; MP - Meat Preparation Plant,Pikeliškių g. 2,Pikeliškės,LT-15140,Vilnius County,Lithuania,2021-03-22,,https://webgate.ec.europa.eu/tracesnt/directory/listing/establishment/publication/index#!/view/LT/MINCED_MEAT_EU
128,UAB Farmers circle processing,81-12,MM,"Minced meat, meat preparations and mechanically separated meat – MM, MP, MSM",MP - Meat Preparation Plant; MM - Minced Meat Plant,"Žirgyno g. 11, Radiškio k., Žemaitkiemio sen., Ukmergės r. sav.",Radiškis,LT-20364,Vilnius County,Lithuania,2026-06-01,,https://webgate.ec.europa.eu/tracesnt/directory/listing/establishment/publication/index#!/view/LT/MINCED_MEAT_EU
129,UAB Food haus,LT 01-47,MM,"Minced meat, meat preparations and mechanically separated meat – MM, MP, MSM",MP - Meat Preparation Plant,"Pramonės g. 141, Vilniaus m. sav.",Vilnius,LT-11115,Vilnius County,Lithuania,2026-01-13,,https://webgate.ec.europa.eu/tracesnt/directory/listing/establishment/publication/index#!/view/LT/MINCED_MEAT_EU
130,UAB GERANTA IR PARTNERIAI,77-18,MM,"Minced meat, meat preparations and mechanically separated meat – MM, MP, MSM",MM - Minced Meat Plant,"Tauragės apskr., Tauragės r. sav., Tauragės miesto sen., Tauragė, Gedimino g. 50",Tauragė,LT-72185,Taurage County,Lithuania,2021-03-17,,https://webgate.ec.europa.eu/tracesnt/directory/listing/establishment/publication/index#!/view/LT/MINCED_MEAT_EU
131,UAB Galjana,LT 01-05 EB,MM,"Minced meat, meat preparations and mechanically separated meat – MM, MP, MSM",MP - Meat Preparation Plant,Untulių g. 6,Vilnius,11115,Vilnius County,Lithuania,2021-03-25,,https://webgate.ec.europa.eu/tracesnt/directory/listing/establishment/publication/index#!/view/LT/MINCED_MEAT_EU
132,UAB Griveta,LT 41-19,MM,"Minced meat, meat preparations and mechanically separated meat – MM, MP, MSM",MP - Meat Preparation Plant,Eglinės k.,Eglinė,LT-15151,Vilnius County,Lithuania,2021-05-19,,https://webgate.ec.europa.eu/tracesnt/directory/listing/establishment/publication/index#!/view/LT/MINCED_MEAT_EU
133,UAB Judex,19-33,MM,"Minced meat, meat preparations and mechanically separated meat – MM, MP, MSM",MP - Meat Preparation Plant,"Europos pr. 96C, Kaunas",Kaunas,LT-46351,Kaunas County,Lithuania,2021-03-19,,https://webgate.ec.europa.eu/tracesnt/directory/listing/establishment/publication/index#!/view/LT/MINCED_MEAT_EU
134,UAB Jurbarkų mėsa,LT 94-04 EB,MM,"Minced meat, meat preparations and mechanically separated meat – MM, MP, MSM",MP - Meat Preparation Plant; MM - Minced Meat Plant,"Daržų g. 10, Jurbarkų k.,  Jurbarkų sen., Jurbarko r. sav., Tauragės apskr.",Jurbarkai,LT-74112,Taurage County,Lithuania,2021-03-19,,https://webgate.ec.europa.eu/tracesnt/directory/listing/establishment/publication/index#!/view/LT/MINCED_MEAT_EU
135,UAB Jurginų mėsa,LT 81-304 M,MM,"Minced meat, meat preparations and mechanically separated meat – MM, MP, MSM",MP - Meat Preparation Plant,"Jurįginų k., Deltuvos sen.",Jurginai,LT-20126,Vilnius County,Lithuania,2021-03-22,,https://webgate.ec.europa.eu/tracesnt/directory/listing/establishment/publication/index#!/view/LT/MINCED_MEAT_EU
136,UAB KAIMIŠKAS DŪMAS,77-32,MM,"Minced meat, meat preparations and mechanically separated meat – MM, MP, MSM",MM - Minced Meat Plant,"Tauragės apskr., Tauragės r. sav., Tauragės sen., Dacijonai",Dacijonai,,Taurage County,Lithuania,2021-03-17,,https://webgate.ec.europa.eu/tracesnt/directory/listing/establishment/publication/index#!/view/LT/MINCED_MEAT_EU
137,UAB Kadaginė,LT 41-019 M,MM,"Minced meat, meat preparations and mechanically separated meat – MM, MP, MSM",MP - Meat Preparation Plant,"Varniškių k. , Riešės sen., Vilniaus r.",Varniškė,,Vilnius County,Lithuania,2021-03-25,,https://webgate.ec.europa.eu/tracesnt/directory/listing/establishment/publication/index#!/view/LT/MINCED_MEAT_EU
138,UAB Karališka kibininė,LT 79-06,MM,"Minced meat, meat preparations and mechanically separated meat – MM, MP, MSM",MP - Meat Preparation Plant,Sausiai,Sausiai,LT-21401,Vilnius County,Lithuania,2021-03-26,,https://webgate.ec.europa.eu/tracesnt/directory/listing/establishment/publication/index#!/view/LT/MINCED_MEAT_EU
139,UAB Liūtukas ir Ko,19-30,MM,"Minced meat, meat preparations and mechanically separated meat – MM, MP, MSM",MP - Meat Preparation Plant,"Alovės g. 15, Kaunas",Kaunas,LT-46344,Kaunas County,Lithuania,2021-03-19,,https://webgate.ec.europa.eu/tracesnt/directory/listing/establishment/publication/index#!/view/LT/MINCED_MEAT_EU
140,UAB MILTINUKO RECEPTAS,LT 47-10,MM,"Minced meat, meat preparations and mechanically separated meat – MM, MP, MSM",MP - Meat Preparation Plant,"Sodų g. 2, Ziniūnai, Joniškio r. sav.",Ziniūnai,LT-84143,Siauliai County,Lithuania,2021-03-18,,https://webgate.ec.europa.eu/tracesnt/directory/listing/establishment/publication/index#!/view/LT/MINCED_MEAT_EU
141,UAB Medrokis,LT 01-24,MM,"Minced meat, meat preparations and mechanically separated meat – MM, MP, MSM",MM - Minced Meat Plant,"Eišiškių pl. 127, Vilnius",Vilnius,02189,Vilnius County,Lithuania,2021-03-22,,https://webgate.ec.europa.eu/tracesnt/directory/listing/establishment/publication/index#!/view/LT/MINCED_MEAT_EU
142,UAB Modepa,LT 01-28 EB,MM,"Minced meat, meat preparations and mechanically separated meat – MM, MP, MSM",MP - Meat Preparation Plant; MM - Minced Meat Plant,Strazdų g. 4,Vilnius,LT-14158,Vilnius County,Lithuania,2021-03-25,,https://webgate.ec.europa.eu/tracesnt/directory/listing/establishment/publication/index#!/view/LT/MINCED_MEAT_EU
143,UAB Olkusjana,LT 85-18,MM,"Minced meat, meat preparations and mechanically separated meat – MM, MP, MSM",MP - Meat Preparation Plant,Lydos g. 32,Jasiūnai,LT-17247,Vilnius County,Lithuania,2021-10-13,,https://webgate.ec.europa.eu/tracesnt/directory/listing/establishment/publication/index#!/view/LT/MINCED_MEAT_EU
144,UAB RIMI LIETUVA,01-41,MM,"Minced meat, meat preparations and mechanically separated meat – MM, MP, MSM",MP - Meat Preparation Plant; MM - Minced Meat Plant,"Saltoniškių g. 9, Vilnius",Vilnius,08105,Vilnius County,Lithuania,2021-03-16,,https://webgate.ec.europa.eu/tracesnt/directory/listing/establishment/publication/index#!/view/LT/MINCED_MEAT_EU
145,UAB RIMI LIETUVA,LT 01-40 EB,MM,"Minced meat, meat preparations and mechanically separated meat – MM, MP, MSM",MP - Meat Preparation Plant,Žirmūnų g. 64,Vilnius,09117,Vilnius County,Lithuania,2021-03-25,,https://webgate.ec.europa.eu/tracesnt/directory/listing/establishment/publication/index#!/view/LT/MINCED_MEAT_EU
146,UAB Ramvida,19-01,MM,"Minced meat, meat preparations and mechanically separated meat – MM, MP, MSM",MP - Meat Preparation Plant,"Draugystės g.19, Kaunas",Kaunas,LT-51230,Kaunas County,Lithuania,2021-03-19,,https://webgate.ec.europa.eu/tracesnt/directory/listing/establishment/publication/index#!/view/LT/MINCED_MEAT_EU
147,UAB Ratutela,19-14,MM,"Minced meat, meat preparations and mechanically separated meat – MM, MP, MSM",MP - Meat Preparation Plant,"Veiverių g. 151, Kaunas",Kaunas,LT-46417,Kaunas County,Lithuania,2021-03-19,,https://webgate.ec.europa.eu/tracesnt/directory/listing/establishment/publication/index#!/view/LT/MINCED_MEAT_EU
148,UAB Raučulys,52-08,MM,"Minced meat, meat preparations and mechanically separated meat – MM, MP, MSM",MP - Meat Preparation Plant,"Čekiškės g. 86, Vilkija, Kauno raj.",Vilkija,LT-54221,Kaunas County,Lithuania,2021-03-19,,https://webgate.ec.europa.eu/tracesnt/directory/listing/establishment/publication/index#!/view/LT/MINCED_MEAT_EU
149,UAB Revijoma,61-04,MM,"Minced meat, meat preparations and mechanically separated meat – MM, MP, MSM",MM - Minced Meat Plant; MP - Meat Preparation Plant,"Viekšnių g. 33, Užventes km. Viekšniu sen. Mažeikių r. sav., Telšių apskr.",Užventes k.,LT-89494,Telsiai County,Lithuania,2021-03-17,,https://webgate.ec.europa.eu/tracesnt/directory/listing/establishment/publication/index#!/view/LT/MINCED_MEAT_EU
150,UAB Rimi Lietuva,19-09,MM,"Minced meat, meat preparations and mechanically separated meat – MM, MP, MSM",MM - Minced Meat Plant; MP - Meat Preparation Plant,"Islandijos pl. 32, Kaunas",Kaunas,LT-47446,Kaunas County,Lithuania,2021-03-19,,https://webgate.ec.europa.eu/tracesnt/directory/listing/establishment/publication/index#!/view/LT/MINCED_MEAT_EU
151,UAB SINANO KEBABAI,LT 01-066 M,MM,"Minced meat, meat preparations and mechanically separated meat – MM, MP, MSM",MP - Meat Preparation Plant,A. Basanavičiaus g. 37,Vilnius,03100,Vilnius County,Lithuania,2021-03-25,,https://webgate.ec.europa.eu/tracesnt/directory/listing/establishment/publication/index#!/view/LT/MINCED_MEAT_EU
152,UAB SKONIO PASLAPTIS,LT 41-07 EB,MM,"Minced meat, meat preparations and mechanically separated meat – MM, MP, MSM",MP - Meat Preparation Plant,Vaikystės g. 2,Avižieniai,,Vilnius County,Lithuania,2021-03-25,,https://webgate.ec.europa.eu/tracesnt/directory/listing/establishment/publication/index#!/view/LT/MINCED_MEAT_EU
153,UAB Stoniškių žara,88-33,MM,"Minced meat, meat preparations and mechanically separated meat – MM, MP, MSM",MM - Minced Meat Plant,"Tauragės apskr., Pagėgių sav., Stoniškių sen., Rukai, Vilties g. 1",Rukai,LT-99290,Taurage County,Lithuania,2021-03-17,,https://webgate.ec.europa.eu/tracesnt/directory/listing/establishment/publication/index#!/view/LT/MINCED_MEAT_EU
154,UAB Tradita,LT 85-17,MM,"Minced meat, meat preparations and mechanically separated meat – MM, MP, MSM",MP - Meat Preparation Plant; MM - Minced Meat Plant,Naujoji g.11,Mantviliškės,LT-17161,Vilnius County,Lithuania,2021-03-26,,https://webgate.ec.europa.eu/tracesnt/directory/listing/establishment/publication/index#!/view/LT/MINCED_MEAT_EU
155,UAB VALDARAGIS,LT 34-04 EB,MM,"Minced meat, meat preparations and mechanically separated meat – MM, MP, MSM",MP - Meat Preparation Plant,"Ateities g. 2  Katlėriai Skiemonių sen, Anykščių sen",Anykšciai,29147,Utena County,Lithuania,2021-03-30,,https://webgate.ec.europa.eu/tracesnt/directory/listing/establishment/publication/index#!/view/LT/MINCED_MEAT_EU
156,UAB Vesta inter,19-02,MM,"Minced meat, meat preparations and mechanically separated meat – MM, MP, MSM",MP - Meat Preparation Plant; MM - Minced Meat Plant,"Ateities pl.34, Kaunas",Kaunas,LT-52165,Kaunas County,Lithuania,2021-03-19,,https://webgate.ec.europa.eu/tracesnt/directory/listing/establishment/publication/index#!/view/LT/MINCED_MEAT_EU
157,UAB Švaistūnas,19-08,MM,"Minced meat, meat preparations and mechanically separated meat – MM, MP, MSM",MM - Minced Meat Plant; MP - Meat Preparation Plant,"Vandžiogalos pl. 98, Kaunas",Kaunas,LT-47470,Kaunas County,Lithuania,2021-03-19,,https://webgate.ec.europa.eu/tracesnt/directory/listing/establishment/publication/index#!/view/LT/MINCED_MEAT_EU
158,UAB „Gardama“,LT 88-07 EB,MM,"Minced meat, meat preparations and mechanically separated meat – MM, MP, MSM",MP - Meat Preparation Plant,"Liepų g. 2, Gardamas, LT-99417 Šilutės r.",Gardamas,LT-99417,Klaipeda County,Lithuania,2021-03-17,,https://webgate.ec.europa.eu/tracesnt/directory/listing/establishment/publication/index#!/view/LT/MINCED_MEAT_EU
159,UAB „Gilanda“,LT 88-03 EB,MM,"Minced meat, meat preparations and mechanically separated meat – MM, MP, MSM",MP - Meat Preparation Plant,"Šilojų g. 2A, Traksėdžių k., LT-99106 Šilutės r.",Traksėdžiai,LT-99104,Klaipeda County,Lithuania,2021-03-17,,https://webgate.ec.europa.eu/tracesnt/directory/listing/establishment/publication/index#!/view/LT/MINCED_MEAT_EU
160,UAB „Pas Virgą“,LT 88-09 EB,MM,"Minced meat, meat preparations and mechanically separated meat – MM, MP, MSM",MP - Meat Preparation Plant; MM - Minced Meat Plant,"Pergalės a. 2, Žemaičių Naumiestis, LT-99206 Šilutės r.",Žemaičių Naumiestis,LT-99207,Klaipeda County,Lithuania,2021-03-17,,https://webgate.ec.europa.eu/tracesnt/directory/listing/establishment/publication/index#!/view/LT/MINCED_MEAT_EU
161,"UAB,,D. Gelombickienė ir partneriai""",LT49-03EB,MM,"Minced meat, meat preparations and mechanically separated meat – MM, MP, MSM",MP - Meat Preparation Plant,"Šlaito aklg. 2, Rumšiškių mstl., Kaišiadorių r. sav.",Dovainonys,LT-56335,Kaunas County,Lithuania,2021-03-18,,https://webgate.ec.europa.eu/tracesnt/directory/listing/establishment/publication/index#!/view/LT/MINCED_MEAT_EU
162,"UAB“Aisytės Mėsinė""",LT88-08 EB,MM,"Minced meat, meat preparations and mechanically separated meat – MM, MP, MSM",MP - Meat Preparation Plant,"Klaipėdos apskr., Šilutės r. sav., Saugų sen., Sakūtėliai, Žolynų g. 8",Sakūtėliai,LT-99402,Klaipeda County,Lithuania,2021-03-17,,https://webgate.ec.europa.eu/tracesnt/directory/listing/establishment/publication/index#!/view/LT/MINCED_MEAT_EU
163,"Utenos prekyba, UAB",82-03,MM,"Minced meat, meat preparations and mechanically separated meat – MM, MP, MSM",MM - Minced Meat Plant,Molėtų g. 72,Utena,28135,Utena County,Lithuania,2021-03-18,,https://webgate.ec.europa.eu/tracesnt/directory/listing/establishment/publication/index#!/view/LT/MINCED_MEAT_EU
164,V. Vinckevičiaus PĮ,LT 79-004 V,MM,"Minced meat, meat preparations and mechanically separated meat – MM, MP, MSM",MP - Meat Preparation Plant; MM - Minced Meat Plant,Trakų g. 13,Rūdiškės,LT-21171,Vilnius County,Lithuania,2021-03-26,,https://webgate.ec.europa.eu/tracesnt/directory/listing/establishment/publication/index#!/view/LT/MINCED_MEAT_EU
165,VALERIJOS DUKNAUSKIENĖS IĮ,LT 81-301M,MM,"Minced meat, meat preparations and mechanically separated meat – MM, MP, MSM",MP - Meat Preparation Plant,Aušros g. 31,Ukmergė,LT-20133,Vilnius County,Lithuania,2021-06-21,,https://webgate.ec.europa.eu/tracesnt/directory/listing/establishment/publication/index#!/view/LT/MINCED_MEAT_EU
166,Vladislav Bojarun,LT 85-01,MM,"Minced meat, meat preparations and mechanically separated meat – MM, MP, MSM",MP - Meat Preparation Plant; MM - Minced Meat Plant,Lakštingalų g. 4,Buikų k.,LT-17245,Vilnius County,Lithuania,2021-03-19,,https://webgate.ec.europa.eu/tracesnt/directory/listing/establishment/publication/index#!/view/LT/MINCED_MEAT_EU
167,Z.Selsko firma „Germėsa“,LT 79-14,MM,"Minced meat, meat preparations and mechanically separated meat – MM, MP, MSM",MP - Meat Preparation Plant,Liepų  g. 40,Vievis,LT-31383,Vilnius County,Lithuania,2021-03-22,,https://webgate.ec.europa.eu/tracesnt/directory/listing/establishment/publication/index#!/view/LT/MINCED_MEAT_EU
168,Ūkininkas Donatas Čepelis,LT 81-303 M,MM,"Minced meat, meat preparations and mechanically separated meat – MM, MP, MSM",MP - Meat Preparation Plant,Vidiškių sen.Baublių k.,Baubliai,LT-20179,Vilnius County,Lithuania,2021-03-22,,https://webgate.ec.europa.eu/tracesnt/directory/listing/establishment/publication/index#!/view/LT/MINCED_MEAT_EU
169,Ūkininkas Eimantas Vasiliauskas,61-10,MM,"Minced meat, meat preparations and mechanically separated meat – MM, MP, MSM",MM - Minced Meat Plant,"A. Baranausko g. 12A, Mažeikiai, Mažeikių sen., Mažeikių r. sav., Telšių apskr.",Mažeikiai,LT-89224,Telsiai County,Lithuania,2021-03-15,,https://webgate.ec.europa.eu/tracesnt/directory/listing/establishment/publication/index#!/view/LT/MINCED_MEAT_EU
170,Ūkininkas Ladas Katinas,LT 34-05 EB,MM,"Minced meat, meat preparations and mechanically separated meat – MM, MP, MSM",MM - Minced Meat Plant; MP - Meat Preparation Plant,Žvejų g. 76A Anykščiai,Anykšciai,29147,Utena County,Lithuania,2021-03-30,,https://webgate.ec.europa.eu/tracesnt/directory/listing/establishment/publication/index#!/view/LT/MINCED_MEAT_EU
171,Ūkininkas Vladas Baltuonis,LT 56-07 EB,MM,"Minced meat, meat preparations and mechanically separated meat – MM, MP, MSM",MP - Meat Preparation Plant; MM - Minced Meat Plant,"Paukščių g. 9 Kalniškių k., LT-97319 Kretingos r. sav.",Kartena,LT-97340,Klaipeda County,Lithuania,2021-03-22,,https://webgate.ec.europa.eu/tracesnt/directory/listing/establishment/publication/index#!/view/LT/MINCED_MEAT_EU
172,Ūkininko Audriaus Banionio ūkis,52-07,MM,"Minced meat, meat preparations and mechanically separated meat – MM, MP, MSM",MP - Meat Preparation Plant; MM - Minced Meat Plant,"Kepyklos g. 8, Margininkų k., Taurakiemio sen., Kauno raj.",Margininkai,LT-53180,Kaunas County,Lithuania,2021-03-19,,https://webgate.ec.europa.eu/tracesnt/directory/listing/establishment/publication/index#!/view/LT/MINCED_MEAT_EU
173,Žemės ūkio kooperatyvas SARTŲ LANKŲ JAUTIENA,LT43-01EB,MM,"Minced meat, meat preparations and mechanically separated meat – MM, MP, MSM",MP - Meat Preparation Plant; MM - Minced Meat Plant,"Akmens g. 6-2, Samanių k., Suvieko sen., Zarasų r. sav.",Zarasai,LT-32110,Utena County,Lithuania,2022-02-23,,https://webgate.ec.europa.eu/tracesnt/directory/listing/establishment/publication/index#!/view/LT/MINCED_MEAT_EU
174,"ŽŪB ,,Nematekas""",LT49-04EB,MM,"Minced meat, meat preparations and mechanically separated meat – MM, MP, MSM",MP - Meat Preparation Plant; MM - Minced Meat Plant,"Rusonių g.19, Dovainonių k., Rumšiškių sen., Kaišiadorių r. sav.",Dovainonys,LT-56335,Kaunas County,Lithuania,2021-03-18,,https://webgate.ec.europa.eu/tracesnt/directory/listing/establishment/publication/index#!/view/LT/MINCED_MEAT_EU
175,"ŽŪB ,,Nematekas""",LT49-06EB,MM,"Minced meat, meat preparations and mechanically separated meat – MM, MP, MSM",MP - Meat Preparation Plant; MSM - Mechanically Separated Meat Plant,"Uolės g. 10, Dovainonių k., Rumšiškių sen., Kaišiadorių r. sav.",Dovainonys,LT-56335,Kaunas County,Lithuania,2021-03-18,,https://webgate.ec.europa.eu/tracesnt/directory/listing/establishment/publication/index#!/view/LT/MINCED_MEAT_EU
176,ŽŪK DUSETŲ KRAŠTO GASPADORIAI,LT43-06EB,MM,"Minced meat, meat preparations and mechanically separated meat – MM, MP, MSM",MP - Meat Preparation Plant; MM - Minced Meat Plant,"Vytauto g. 70, Dusetos, Zarasų r. sav.",Dusetos,LT-32309,Utena County,Lithuania,2022-02-23,,https://webgate.ec.europa.eu/tracesnt/directory/listing/establishment/publication/index#!/view/LT/MINCED_MEAT_EU
177,"AB ""Išlaužo žuvis""",LT-69-01 EB,FFP,Fishery products - EU,PP - Processing Plant,"Šaltupio g. 31, Šaltupis, Prienų r.",Šaltupis,LT-59302,Kaunas County,Lithuania,2021-03-17,,https://webgate.ec.europa.eu/tracesnt/directory/listing/establishment/publication/index#!/view/LT/FISHERY_PRODUCTS_EU
178,"AB ""Limarko Laivininkystės Kompanija"" Transportinis Refrižeratorius ""CASSIOPEA""",LT 21-16 EB,FFP,Fishery products - EU,RV - Reefer Vessel; ZV - Freezer Vessel,"Naujoji Uosto g. 8, LT-92125 Klaipėda",Klaipėda,LT-92125,Klaipeda County,Lithuania,2021-03-16,,https://webgate.ec.europa.eu/tracesnt/directory/listing/establishment/publication/index#!/view/LT/FISHERY_PRODUCTS_EU
179,"AB ""Limarko Laivininkystės Kompanija"" transportinis refrižeratorius ""AURIGA""",LT21-34EB,FFP,Fishery products - EU,RV - Reefer Vessel,"Naujoji Uosto g. 8,LT-92125 Klaipėda,  Lietuva",Klaipėda,LT-92125,Klaipeda County,Lithuania,2021-05-21,,https://webgate.ec.europa.eu/tracesnt/directory/listing/establishment/publication/index#!/view/LT/FISHERY_PRODUCTS_EU
180,"AB ""Limarko Laivininkystės Kompanija"" transportinis refrižeratorius ""CAPELLA""",LT 21-19 EB,FFP,Fishery products - EU,RV - Reefer Vessel; ZV - Freezer Vessel,"Naujoji Uosto g. 8, LT-92125 Klaipėda",Klaipėda,LT-92125,Klaipeda County,Lithuania,2021-03-16,,https://webgate.ec.europa.eu/tracesnt/directory/listing/establishment/publication/index#!/view/LT/FISHERY_PRODUCTS_EU
181,"AB ""Limarko Laivininkystės Kompanija"" transportinis refrižeratorius ""LIBRA""",LT 21-13 EB,FFP,Fishery products - EU,RV - Reefer Vessel; ZV - Freezer Vessel,"Naujoji Uosto g. 8, LT-92125 Klaipėda",Klaipėda,LT-92125,Klaipeda County,Lithuania,2021-03-16,,https://webgate.ec.europa.eu/tracesnt/directory/listing/establishment/publication/index#!/view/LT/FISHERY_PRODUCTS_EU
182,Albertas Davidavičius,LT 42-010 Ž,FFP,Fishery products - EU,FFPP - Fresh Fishery Products Plant,"Elektrėnų sav., Vievio sen., Zabakos k.",Zabaka,LT-21381,Vilnius County,Lithuania,2021-03-22,,https://webgate.ec.europa.eu/tracesnt/directory/listing/establishment/publication/index#!/view/LT/FISHERY_PRODUCTS_EU
183,Arūno Raulinavičiaus PĮ,LT 41-012 Ž,FFP,Fishery products - EU,FFPP - Fresh Fishery Products Plant,Vanaginės k.,Vanaginė,,Vilnius County,Lithuania,2021-03-26,,https://webgate.ec.europa.eu/tracesnt/directory/listing/establishment/publication/index#!/view/LT/FISHERY_PRODUCTS_EU
184,CAPELLA“ Reefer Vessel RV,21-19,FFP,Fishery products - EU,ZV - Freezer Vessel,CAPELLA“ Reefer vessel RV,Klaipėda,LT-92121,Klaipeda County,Lithuania,2020-01-15,,https://webgate.ec.europa.eu/tracesnt/directory/listing/establishment/publication/index#!/view/LT/FISHERY_PRODUCTS_EU
185,Espersen Lietuva UAB,LT 21-15 EB,FFP,Fishery products - EU,PP - Processing Plant,"Pramonės g. 15, LT-94102 Klaipėda",Klaipėda,LT-94102,Klaipeda County,Lithuania,2021-03-12,,https://webgate.ec.europa.eu/tracesnt/directory/listing/establishment/publication/index#!/view/LT/FISHERY_PRODUCTS_EU
186,"Fish Processing Net, UAB",79-09,FFP,Fishery products - EU,WM - Wholesale Market; FFPP - Fresh Fishery Products Plant,"Tarpupio g. 29, Mamavio k., Trakų r. sav.",Mamavys,LT-21169,Vilnius County,Lithuania,2025-10-14,,https://webgate.ec.europa.eu/tracesnt/directory/listing/establishment/publication/index#!/view/LT/FISHERY_PRODUCTS_EU
187,"G. Kanaševičiaus PĮ ,,Desė""",LT49-08EB,FFP,Fishery products - EU,PP - Processing Plant,"Naujažerio g. 2A, Žaslių mstl., Žaslių sen., Kaišiadorių r. sav.",Naujažeris,LT-56413,Kaunas County,Lithuania,2021-03-18,,https://webgate.ec.europa.eu/tracesnt/directory/listing/establishment/publication/index#!/view/LT/FISHERY_PRODUCTS_EU
188,"GL ""JŪROS VILKAS"" FV",21-32,FFP,Fishery products - EU,FV - Factory Vessel,Ukmergės g. 14,Klaipėda,LT-92121,Klaipeda County,Lithuania,2020-01-15,,https://webgate.ec.europa.eu/tracesnt/directory/listing/establishment/publication/index#!/view/LT/FISHERY_PRODUCTS_EU
189,"GL ""KARALIUS"" FV",21-31,FFP,Fishery products - EU,FV - Factory Vessel,Ukmergės g. 14,Klaipėda,LT-92121,Klaipeda County,Lithuania,2020-01-15,,https://webgate.ec.europa.eu/tracesnt/directory/listing/establishment/publication/index#!/view/LT/FISHERY_PRODUCTS_EU
190,Gelena Brokartienė,LT 79-007 Ž,FFP,Fishery products - EU,FFPP - Fresh Fishery Products Plant,Vilniaus mažoji g. 2B,Trakai,LT-21117,Vilnius County,Lithuania,2021-03-26,,https://webgate.ec.europa.eu/tracesnt/directory/listing/establishment/publication/index#!/view/LT/FISHERY_PRODUCTS_EU
191,L. Šemetulskio IĮ,LT 55-31 EB,FFP,Fishery products - EU,PP - Processing Plant,"Draugystės g. 13, Girkaliai, Klaipėdos r.",Girkaliai,LT-00100,Klaipeda County,Lithuania,2021-03-15,,https://webgate.ec.europa.eu/tracesnt/directory/listing/establishment/publication/index#!/view/LT/FISHERY_PRODUCTS_EU
192,MB Aksnita,LT 01-074 Ž,FFP,Fishery products - EU,PP - Processing Plant,Liepkalnio g. 188,Vilnius,LT-08200,Vilnius County,Lithuania,2021-03-25,,https://webgate.ec.europa.eu/tracesnt/directory/listing/establishment/publication/index#!/view/LT/FISHERY_PRODUCTS_EU
193,MB Dumus,LT 01-107 Ž,FFP,Fishery products - EU,PP - Processing Plant,Juodasis kelias 30,Vilnius,11346,Vilnius County,Lithuania,2021-03-25,,https://webgate.ec.europa.eu/tracesnt/directory/listing/establishment/publication/index#!/view/LT/FISHERY_PRODUCTS_EU
194,MB Grundalas,LT66-33 EB,FFP,Fishery products - EU,PP - Processing Plant,"Tilvyčio g. 124, Vaišvilčių II k., LT-38292",Vaišvilčiai II,LT-38365,Panevezys County,Lithuania,2021-03-16,,https://webgate.ec.europa.eu/tracesnt/directory/listing/establishment/publication/index#!/view/LT/FISHERY_PRODUCTS_EU
195,MB Mantų statyba,19-18,FFP,Fishery products - EU,PP - Processing Plant,"Jonavos g. 68, Kaunas",Kaunas,LT-44181,Kaunas County,Lithuania,2021-03-18,,https://webgate.ec.europa.eu/tracesnt/directory/listing/establishment/publication/index#!/view/LT/FISHERY_PRODUCTS_EU
196,MB PISCATOR,53-12,FFP,Fishery products - EU,PP - Processing Plant,"Parko g., 15C, Akademijos mst., Dotnuvos sen., Kėdainių r.",Akademija,LT-58344,Kaunas County,Lithuania,2021-03-18,,https://webgate.ec.europa.eu/tracesnt/directory/listing/establishment/publication/index#!/view/LT/FISHERY_PRODUCTS_EU
197,MB Ungurio koja,LT 01-089 Ž,FFP,Fishery products - EU,PP - Processing Plant,Meistrų g. 11,Vilnius,02189,Vilnius County,Lithuania,2021-03-26,,https://webgate.ec.europa.eu/tracesnt/directory/listing/establishment/publication/index#!/view/LT/FISHERY_PRODUCTS_EU
198,Rytis Matuliauskas,LT 01-102 Ž,FFP,Fishery products - EU,PP - Processing Plant,Šlamučių g. 20,Vilnius,10013,Vilnius County,Lithuania,2021-03-26,,https://webgate.ec.europa.eu/tracesnt/directory/listing/establishment/publication/index#!/view/LT/FISHERY_PRODUCTS_EU
199,"UAB "" Dige""",61-09,FFP,Fishery products - EU,PP - Processing Plant,"Laukų 2K, Tirkšliai, Mažeikių r. sav,. Telšių apskr.",Tirkšliai,LT-89330,Telsiai County,Lithuania,2021-03-15,,https://webgate.ec.europa.eu/tracesnt/directory/listing/establishment/publication/index#!/view/LT/FISHERY_PRODUCTS_EU
200,"UAB ""ATLANTIC HIGH SEA FISHING COMPANY"" laivas šaldytuvas JOGVAN I",LT21-44,FFP,Fishery products - EU,ZV - Freezer Vessel,Pylimo g. 4,Klaipėda,LT-91249,Klaipeda County,Lithuania,2026-08-17,,https://webgate.ec.europa.eu/tracesnt/directory/listing/establishment/publication/index#!/view/LT/FISHERY_PRODUCTS_EU
201,"UAB ""ATLANTIC HIGH SEA FISHING COMPANY"" laivas šaldytuvas MARGIRIS",LT 21-11 EB,FFP,Fishery products - EU,ZV - Freezer Vessel; FV - Factory Vessel; FS - Fishing Vessel,"Pylimo g. 4, LT-91249, Klaipėda",Klaipėda,LT-91249,Klaipeda County,Lithuania,2021-03-17,,https://webgate.ec.europa.eu/tracesnt/directory/listing/establishment/publication/index#!/view/LT/FISHERY_PRODUCTS_EU
202,"UAB ""ATLANTIC HIGH SEA FISHING COMPANY"" Žuvų Perdirbimo Laivas ""Nida""",LT 21-05 EB,FFP,Fishery products - EU,ZV - Freezer Vessel; FV - Factory Vessel,"Pylimo g. 4, LT-91249, Klaipėda",Klaipėda,LT-91249,Klaipeda County,Lithuania,2021-03-17,,https://webgate.ec.europa.eu/tracesnt/directory/listing/establishment/publication/index#!/view/LT/FISHERY_PRODUCTS_EU
203,"UAB ""Baltlanta"" Žvejybinis Laivas ""IEVA SIMONAITYTĖ""",LT 21-27 EB,FFP,Fishery products - EU,FV - Factory Vessel; ZV - Freezer Vessel; FS - Fishing Vessel,"Liepų g. 48B, LT-92107 Klaipėda",Klaipėda,LT-92107,Klaipeda County,Lithuania,2021-03-17,,https://webgate.ec.europa.eu/tracesnt/directory/listing/establishment/publication/index#!/view/LT/FISHERY_PRODUCTS_EU
204,"UAB ""Baltlanta"" Žvejybinis Laivas ""Simonas Daukantas""",LT 21-26 EB,FFP,Fishery products - EU,FS - Fishing Vessel; ZV - Freezer Vessel; FV - Factory Vessel; RV - Reefer Vessel,"Liepų g. 48B, LT-92107 Klaipėda",Klaipėda,LT-92107,Klaipeda County,Lithuania,2021-03-17,,https://webgate.ec.europa.eu/tracesnt/directory/listing/establishment/publication/index#!/view/LT/FISHERY_PRODUCTS_EU
205,"UAB ""DVARO ŽUVYS""",LT 84-04,FFP,Fishery products - EU,PP - Processing Plant,"Žeimio k., Kriūkų sen., Šakių r. sav.",Žeimis,LT-71207,Marijampole County,Lithuania,2021-03-09,,https://webgate.ec.europa.eu/tracesnt/directory/listing/establishment/publication/index#!/view/LT/FISHERY_PRODUCTS_EU
206,"UAB ""Dauparų Žuvis""",LT 88-04 EB,FFP,Fishery products - EU,PP - Processing Plant,"Šilo g. 7, LT-99149, Šilutė",Šilute,99149,Klaipeda County,Lithuania,2021-03-17,,https://webgate.ec.europa.eu/tracesnt/directory/listing/establishment/publication/index#!/view/LT/FISHERY_PRODUCTS_EU
207,"UAB ""FISH FACTORY""",LT 85-07,FFP,Fishery products - EU,WM - Wholesale Market; PP - Processing Plant,"Vilniaus apskr., Šalčininkų r. sav., Šalčininkų sen., Šalčininkai, Vilniaus g. 3",Šalčininkai,LT-17102,Vilnius County,Lithuania,2025-03-04,,https://webgate.ec.europa.eu/tracesnt/directory/listing/establishment/publication/index#!/view/LT/FISHERY_PRODUCTS_EU
208,"UAB ""Iceco Žuvis""",LT 51-06 EB,FFP,Fishery products - EU,PP - Processing Plant,"Vasaros g. 99, Liepynų k., Liudvinavo sen., Marijampolės sav.",Liepynai,LT-68126,Marijampole County,Lithuania,2021-09-17,,https://webgate.ec.europa.eu/tracesnt/directory/listing/establishment/publication/index#!/view/LT/FISHERY_PRODUCTS_EU
209,"UAB ""Investara""",LT49-10EB,FFP,Fishery products - EU,FFPP - Fresh Fishery Products Plant,"Strėvos g. 6A, Būbliai, LT-56362 Kaišiadorių r.",Būbliai,LT-58113,Kaunas County,Lithuania,2021-03-18,,https://webgate.ec.europa.eu/tracesnt/directory/listing/establishment/publication/index#!/view/LT/FISHERY_PRODUCTS_EU
210,"UAB ""Marlinas"" Gamyklinis Laivas ""LOKYS""",LT 21-28 EB,FFP,Fishery products - EU,ZV - Freezer Vessel; FS - Fishing Vessel; FV - Factory Vessel,"Pylimo g. 4, LT-91249 Klaipėda",Klaipėda,LT-91249,Klaipeda County,Lithuania,2021-03-17,,https://webgate.ec.europa.eu/tracesnt/directory/listing/establishment/publication/index#!/view/LT/FISHERY_PRODUCTS_EU
211,"UAB ""Marlinas"" Gamyklinis Laivas ""TAURUS""",LT 21-22 EB,FFP,Fishery products - EU,ZV - Freezer Vessel; FS - Fishing Vessel; FV - Factory Vessel,"Pylimo g. 4, LT-91249 Klaipėda",Klaipėda,LT-91249,Klaipeda County,Lithuania,2021-03-17,,https://webgate.ec.europa.eu/tracesnt/directory/listing/establishment/publication/index#!/view/LT/FISHERY_PRODUCTS_EU
212,"UAB ""Marės industrija""",LT 55-29 EB,FFP,Fishery products - EU,PP - Processing Plant,"Klaipėdos g. 20, Grobštų k., Agluonėnų sen.,
Klaipėdos raj. LT-96250 Lietuva",Grobštai,LT-96252,Klaipeda County,Lithuania,2021-03-15,,https://webgate.ec.europa.eu/tracesnt/directory/listing/establishment/publication/index#!/view/LT/FISHERY_PRODUCTS_EU
213,"UAB ""Memel Sell""",LT 55-11 EB,FFP,Fishery products - EU,PP - Processing Plant,"Stirbių g. 11, Medsėdžiai, Dovilų sen.,LT-96165 Klaipėdos r.",Medsėdžiai,,Klaipeda County,Lithuania,2021-03-15,,https://webgate.ec.europa.eu/tracesnt/directory/listing/establishment/publication/index#!/view/LT/FISHERY_PRODUCTS_EU
214,"UAB ""NOKVĖJA""",LT 56-14 EB,FFP,Fishery products - EU,PP - Processing Plant,"Piliakalnio g. 6, Žvainių k., LT- 97319, Kretingos r. sav.",Žvainiai,LT-97318,Klaipeda County,Lithuania,2021-03-22,,https://webgate.ec.europa.eu/tracesnt/directory/listing/establishment/publication/index#!/view/LT/FISHERY_PRODUCTS_EU
215,"UAB ""OSTSEE FISH KRETINGA""",LT 56-05 EB,FFP,Fishery products - EU,PP - Processing Plant,"Tiekėjų g. 33A, LT-97187 Kretinga",Kretinga,97104,Klaipeda County,Lithuania,2021-03-22,,https://webgate.ec.europa.eu/tracesnt/directory/listing/establishment/publication/index#!/view/LT/FISHERY_PRODUCTS_EU
216,"UAB ""PASAULIO ŽUVYS""",LT 55-10 EB,FFP,Fishery products - EU,PP - Processing Plant,"Pamarių g. 15, Priekulė, LT-96345 Klaipėdos rajonas",Priekulė,,Klaipeda County,Lithuania,2021-03-12,,https://webgate.ec.europa.eu/tracesnt/directory/listing/establishment/publication/index#!/view/LT/FISHERY_PRODUCTS_EU
217,"UAB ""REBA""",LT 56-01 EB,FFP,Fishery products - EU,PP - Processing Plant,"Šiaulių pl. 6, Gestautų k., , Kretingos r. sav.",Gestautai,,Klaipeda County,Lithuania,2021-03-22,,https://webgate.ec.europa.eu/tracesnt/directory/listing/establishment/publication/index#!/view/LT/FISHERY_PRODUCTS_EU
218,"UAB ""RIMI LIETUVA""",42-11,FFP,Fishery products - EU,PP - Processing Plant; FFPP - Fresh Fishery Products Plant,"Migūčionių g. 1, Migūčionių k., Elektrėnų sen., Elektrėnų sav.",Gilučiai,LT-26131,Vilnius County,Lithuania,2026-09-09,,https://webgate.ec.europa.eu/tracesnt/directory/listing/establishment/publication/index#!/view/LT/FISHERY_PRODUCTS_EU
219,"UAB ""TAURYS""",LT 56-02 EB,FFP,Fishery products - EU,PP - Processing Plant,"Mokyklos g. 2, Vydmantai LT-97222, Kretingos r. sav.,",Vydmantai,LT-97221,Klaipeda County,Lithuania,2021-03-22,,https://webgate.ec.europa.eu/tracesnt/directory/listing/establishment/publication/index#!/view/LT/FISHERY_PRODUCTS_EU
220,"UAB ""ŽUVITA""",LT 21-35 EB,FFP,Fishery products - EU,PP - Processing Plant,"Verslo g. 6, LT-94102 Klaipėda",Klaipėda,LT-94102,Klaipeda County,Lithuania,2024-05-31,,https://webgate.ec.europa.eu/tracesnt/directory/listing/establishment/publication/index#!/view/LT/FISHERY_PRODUCTS_EU
221,"UAB ""Žuvis""",LT 21-07 EB,FFP,Fishery products - EU,PP - Processing Plant,"Tilžės g. 51, LT-91260 Klaipėda",Klaipėda,LT-91001,Klaipeda County,Lithuania,2021-03-16,,https://webgate.ec.europa.eu/tracesnt/directory/listing/establishment/publication/index#!/view/LT/FISHERY_PRODUCTS_EU
222,UAB Akvapona,LT 41-15,FFP,Fishery products - EU,FFPP - Fresh Fishery Products Plant,"Skaisterių g. 2C,  Mickūnų sen., Vilniaus r.",Skaisterių k.,LT-13118,Vilnius County,Lithuania,2021-03-25,,https://webgate.ec.europa.eu/tracesnt/directory/listing/establishment/publication/index#!/view/LT/FISHERY_PRODUCTS_EU
223,UAB Aljasas,LT 42-01,FFP,Fishery products - EU,PP - Processing Plant,"Elektrėnų sav.,  Pastrėvio sen.,  Mustenių  k.,  Elektrėnų  g. 45",Mustenių  k.,LT-21331,Vilnius County,Lithuania,2021-03-22,,https://webgate.ec.europa.eu/tracesnt/directory/listing/establishment/publication/index#!/view/LT/FISHERY_PRODUCTS_EU
224,UAB Atlas Premium Lietuva,21-41,FFP,Fishery products - EU,PP - Processing Plant; WM - Wholesale Market,"Pramonės g.15, Klaipėda",Klaipėda,LT-94130,Klaipeda County,Lithuania,2025-10-15,,https://webgate.ec.europa.eu/tracesnt/directory/listing/establishment/publication/index#!/view/LT/FISHERY_PRODUCTS_EU
225,UAB BALTIJOS DELIKATESAI,LT 25-01 EB,FFP,Fishery products - EU,PP - Processing Plant,"GANYKLŲ G,8B",Palanga,LT00126,Klaipeda County,Lithuania,2021-03-15,,https://webgate.ec.europa.eu/tracesnt/directory/listing/establishment/publication/index#!/view/LT/FISHERY_PRODUCTS_EU
226,UAB BALTIJOS KONSERVAI,LT 55-02 EB,FFP,Fishery products - EU,PP - Processing Plant,"Rogainių g.64, Martinų k., LT-91277 Klaipėdos r.",Martinai,LT-91277,Klaipeda County,Lithuania,2021-03-12,,https://webgate.ec.europa.eu/tracesnt/directory/listing/establishment/publication/index#!/view/LT/FISHERY_PRODUCTS_EU
227,UAB BLASTERA,LT 81-03,FFP,Fishery products - EU,PP - Processing Plant,"Statikų k., Deltuvos sen., Ukmergės r. sav.",Statikai,LT-20126,Vilnius County,Lithuania,2021-03-22,,https://webgate.ec.europa.eu/tracesnt/directory/listing/establishment/publication/index#!/view/LT/FISHERY_PRODUCTS_EU
228,UAB Baisogalos bioenergija,171663689,FFP,Fishery products - EU,PP - Processing Plant,"Stoties g. 19, Pakiršinio k., Baisogalos sen., Radviliškio r.",Pakiršinio k.,LT-82297,Siauliai County,Lithuania,2021-03-18,,https://webgate.ec.europa.eu/tracesnt/directory/listing/establishment/publication/index#!/view/LT/FISHERY_PRODUCTS_EU
229,UAB Bajorų žuvis,73-10,FFP,Fishery products - EU,PP - Processing Plant,"Ežero g.4, Bajoų k., Rokiškio km. sen., Rokiškio r. sav.",Rokiškis,LT-42102,Panevezys County,Lithuania,2021-03-17,,https://webgate.ec.europa.eu/tracesnt/directory/listing/establishment/publication/index#!/view/LT/FISHERY_PRODUCTS_EU
230,UAB Baltic fish export,52-15,FFP,Fishery products - EU,PP - Processing Plant; FFPP - Fresh Fishery Products Plant,"Industrijos g. 1, Biruliškių k., Kauno r.",Biruliškės,LT-54469,Kaunas County,Lithuania,2022-04-22,,https://webgate.ec.europa.eu/tracesnt/directory/listing/establishment/publication/index#!/view/LT/FISHERY_PRODUCTS_EU
231,UAB Baltic food partners,68-07,FFP,Fishery products - EU,PP - Processing Plant,"Birutes skg. 8, Plungės r. sav.",Maceniai,LT-90100,Telsiai County,Lithuania,2021-03-22,,https://webgate.ec.europa.eu/tracesnt/directory/listing/establishment/publication/index#!/view/LT/FISHERY_PRODUCTS_EU
232,UAB Brolių rūkykla,LT 41-018 Ž,FFP,Fishery products - EU,FFPP - Fresh Fishery Products Plant,A. Mickevičiaus g. 56,Papiškės,LT-06292,Vilnius County,Lithuania,2021-03-26,,https://webgate.ec.europa.eu/tracesnt/directory/listing/establishment/publication/index#!/view/LT/FISHERY_PRODUCTS_EU
233,UAB Bruišė,LT27-08 EB,FFP,Fishery products - EU,PP - Processing Plant,Janonio g. 9A,Panevežys,35101,Panevezys County,Lithuania,2021-03-16,,https://webgate.ec.europa.eu/tracesnt/directory/listing/establishment/publication/index#!/view/LT/FISHERY_PRODUCTS_EU
234,UAB EDEGA,46-17,FFP,Fishery products - EU,PP - Processing Plant,"Kauno apskr. Jonavos r. sav., Ruklos sen., Rukla, Šaudyklos g. 6",Rukla,LT-55296,Kaunas County,Lithuania,2024-09-13,,https://webgate.ec.europa.eu/tracesnt/directory/listing/establishment/publication/index#!/view/LT/FISHERY_PRODUCTS_EU
235,UAB EMSI,LT 41-015 Ž,FFP,Fishery products - EU,PP - Processing Plant,Bukiškio k.,Bukiškis,,Vilnius County,Lithuania,2021-03-26,,https://webgate.ec.europa.eu/tracesnt/directory/listing/establishment/publication/index#!/view/LT/FISHERY_PRODUCTS_EU
236,UAB Euribija,190010807,FFP,Fishery products - EU,WM - Wholesale Market,"Taikos pr. 94, Kaunas",Kaunas,LT-51178,Kaunas County,Lithuania,2026-06-09,,https://webgate.ec.europa.eu/tracesnt/directory/listing/establishment/publication/index#!/view/LT/FISHERY_PRODUCTS_EU
237,UAB FISHNET,LT 79-09,FFP,Fishery products - EU,FFPP - Fresh Fishery Products Plant,Tarpupio g. 29,Mamavio k.,LT-21169,Vilnius County,Lithuania,2021-03-26,,https://webgate.ec.europa.eu/tracesnt/directory/listing/establishment/publication/index#!/view/LT/FISHERY_PRODUCTS_EU
238,UAB Food haus,LT 01-47,FFP,Fishery products - EU,PP - Processing Plant,"Pramonės g. 141, Vilniaus m. sav.",Vilnius,LT-11115,Vilnius County,Lithuania,2026-01-13,,https://webgate.ec.europa.eu/tracesnt/directory/listing/establishment/publication/index#!/view/LT/FISHERY_PRODUCTS_EU
239,UAB Foodlevel,LT 01-02,FFP,Fishery products - EU,WM - Wholesale Market,Liepsnos g. 4,Vilnius,03154,Vilnius County,Lithuania,2023-04-12,,https://webgate.ec.europa.eu/tracesnt/directory/listing/establishment/publication/index#!/view/LT/FISHERY_PRODUCTS_EU
240,UAB Gonas,77-10,FFP,Fishery products - EU,PP - Processing Plant,"Ližių g. 1, Ližių km., LT-72364 Tauragės r.",Tauragė,LT-72253,Taurage County,Lithuania,2021-03-17,,https://webgate.ec.europa.eu/tracesnt/directory/listing/establishment/publication/index#!/view/LT/FISHERY_PRODUCTS_EU
241,UAB ICECO žuvis,LT 51-15 EB,FFP,Fishery products - EU,PP - Processing Plant,"Ledo g. 1, Liepynų k., LT-68126 Marijampolė",Liepynai,LT-68122,Marijampole County,Lithuania,2021-09-17,,https://webgate.ec.europa.eu/tracesnt/directory/listing/establishment/publication/index#!/view/LT/FISHERY_PRODUCTS_EU
242,UAB Jolada,86-09,FFP,Fishery products - EU,PP - Processing Plant,"Aukštaičių g. 33,Cirkliškis,Cirkliškio sen.,Švenčionių r. sav.",Cirkliškis,LT-18123,Vilnius County,Lithuania,2021-03-16,,https://webgate.ec.europa.eu/tracesnt/directory/listing/establishment/publication/index#!/view/LT/FISHERY_PRODUCTS_EU
243,UAB Karališka žuvis,LT 41-09,FFP,Fishery products - EU,FFPP - Fresh Fishery Products Plant,Prašiškių g. 53,Vanaginė,LT-14332,Vilnius County,Lithuania,2021-03-25,,https://webgate.ec.europa.eu/tracesnt/directory/listing/establishment/publication/index#!/view/LT/FISHERY_PRODUCTS_EU
244,UAB Karosas,LT 01-097 Ž,FFP,Fishery products - EU,PP - Processing Plant,Gariūnų g. 56,Vilnius,02300,Vilnius County,Lithuania,2021-03-26,,https://webgate.ec.europa.eu/tracesnt/directory/listing/establishment/publication/index#!/view/LT/FISHERY_PRODUCTS_EU
245,UAB Kėdainių konservų fabrikas,53-01,FFP,Fishery products - EU,PP - Processing Plant,"Šingalių k., Josvainių sen., Kėdainių r. LT-58191",Šingaliai,LT-58191,Kaunas County,Lithuania,2021-03-18,,https://webgate.ec.europa.eu/tracesnt/directory/listing/establishment/publication/index#!/view/LT/FISHERY_PRODUCTS_EU
246,UAB Lestvus,LT 01-098 Ž,FFP,Fishery products - EU,PP - Processing Plant,Gurių g. 129,Vilnius,11346,Vilnius County,Lithuania,2021-03-26,,https://webgate.ec.europa.eu/tracesnt/directory/listing/establishment/publication/index#!/view/LT/FISHERY_PRODUCTS_EU
247,UAB NORVELITA,72-09,FFP,Fishery products - EU,PP - Processing Plant,"PRAMONĖS G. 1, GABŠIŲ K., RASEINIŲ RAJ.",Gabšiai,LT-60180,Kaunas County,Lithuania,2023-06-01,,https://webgate.ec.europa.eu/tracesnt/directory/listing/establishment/publication/index#!/view/LT/FISHERY_PRODUCTS_EU
248,UAB NS TRADING,72-01,FFP,Fishery products - EU,PP - Processing Plant,"Pramonės g. 5, Raseinių sen.",Gabšiai,LT-60180,Kaunas County,Lithuania,2023-06-01,,https://webgate.ec.europa.eu/tracesnt/directory/listing/establishment/publication/index#!/view/LT/FISHERY_PRODUCTS_EU
249,UAB Orka foods,68-06,FFP,Fishery products - EU,PP - Processing Plant,"Birutės skg. 10, Macenių k., Plungės r. sav.",Maceniai,LT-90100,Telsiai County,Lithuania,2021-03-23,,https://webgate.ec.europa.eu/tracesnt/directory/listing/establishment/publication/index#!/view/LT/FISHERY_PRODUCTS_EU
250,UAB PRO INDUSTRIJA,LT 21-18 EB,FFP,Fishery products - EU,PP - Processing Plant,Turgaus g. 5-4,Klaipėda,LT-91247,Klaipeda County,Lithuania,2021-03-12,,https://webgate.ec.europa.eu/tracesnt/directory/listing/establishment/publication/index#!/view/LT/FISHERY_PRODUCTS_EU
251,UAB Palink,LT 01-15 EB,FFP,Fishery products - EU,FFPP - Fresh Fishery Products Plant,Kirtimų g. 57D,Vilnius,02244,Vilnius County,Lithuania,2021-03-25,,https://webgate.ec.europa.eu/tracesnt/directory/listing/establishment/publication/index#!/view/LT/FISHERY_PRODUCTS_EU
252,UAB Plungės kooperatinė prekyba,68-08,FFP,Fishery products - EU,PP - Processing Plant,Birutės g. 50,Plungė,LT-90112,Telsiai County,Lithuania,2021-03-22,,https://webgate.ec.europa.eu/tracesnt/directory/listing/establishment/publication/index#!/view/LT/FISHERY_PRODUCTS_EU
253,UAB Plungės šaltis,68-10,FFP,Fishery products - EU,PP - Processing Plant,Stoties g. 9,Plungė,LT-90115,Telsiai County,Lithuania,2021-03-22,,https://webgate.ec.europa.eu/tracesnt/directory/listing/establishment/publication/index#!/view/LT/FISHERY_PRODUCTS_EU
254,UAB RASEINIŲ ŽUVININKYSTĖ,LT 72-07,FFP,Fishery products - EU,PP - Processing Plant,"Pramonės g. 1, Gabšių k., Raseinių sen., Raseinių r.",Gabšiai,LT-60180,Kaunas County,Lithuania,2021-03-15,,https://webgate.ec.europa.eu/tracesnt/directory/listing/establishment/publication/index#!/view/LT/FISHERY_PRODUCTS_EU
255,UAB RENGMĖ,LT29-09,FFP,Fishery products - EU,PP - Processing Plant,"Šiauliai, Kupiškio g. 7",Šiauliai,LT-76146,Siauliai County,Lithuania,2022-05-19,,https://webgate.ec.europa.eu/tracesnt/directory/listing/establishment/publication/index#!/view/LT/FISHERY_PRODUCTS_EU
256,UAB RIVONA,53-09,FFP,Fishery products - EU,PP - Processing Plant,"Pramonės g.15, Kėdainiai",Kėdainiai,LT-57241,Kaunas County,Lithuania,2021-03-18,,https://webgate.ec.europa.eu/tracesnt/directory/listing/establishment/publication/index#!/view/LT/FISHERY_PRODUCTS_EU
257,UAB RSP,19-05,FFP,Fishery products - EU,PP - Processing Plant,"Taikos pr. 106D, Kaunas",Kaunas,LT-52265,Kaunas County,Lithuania,2021-03-19,,https://webgate.ec.europa.eu/tracesnt/directory/listing/establishment/publication/index#!/view/LT/FISHERY_PRODUCTS_EU
258,UAB Rūkoriai,LT 01-083 Ž; LT 13-107 Ž,FFP,Fishery products - EU,PP - Processing Plant,Tarandės g. 9,Vilnius,LT-08200,Vilnius County,Lithuania,2021-03-26,,https://webgate.ec.europa.eu/tracesnt/directory/listing/establishment/publication/index#!/view/LT/FISHERY_PRODUCTS_EU
259,UAB SALDOGA,LT 72-03,FFP,Fishery products - EU,PP - Processing Plant,"Pramonės g. 3, Raseinių sen.",Gabšiai,LT-60180,Kaunas County,Lithuania,2024-02-28,,https://webgate.ec.europa.eu/tracesnt/directory/listing/establishment/publication/index#!/view/LT/FISHERY_PRODUCTS_EU
260,UAB Saldoga,52-38,FFP,Fishery products - EU,PP - Processing Plant,"Jiesios g. 6, Ilgakiemis, Kauno r.",Ilgakiemis,LT-53288,Kaunas County,Lithuania,2021-03-18,,https://webgate.ec.europa.eu/tracesnt/directory/listing/establishment/publication/index#!/view/LT/FISHERY_PRODUCTS_EU
261,UAB Saldoga,52-16,FFP,Fishery products - EU,PP - Processing Plant,"Technikos g. 13, Ilgakiemis, Kauno r.",Ilgakiemis,LT-53288,Kaunas County,Lithuania,2021-03-18,,https://webgate.ec.europa.eu/tracesnt/directory/listing/establishment/publication/index#!/view/LT/FISHERY_PRODUCTS_EU
262,UAB Seafood Market LT,01-57,FFP,Fishery products - EU,WM - Wholesale Market,"Servečės g. 2, Vilniaus m. sav.",Vilnius,LT-02121,Vilnius County,Lithuania,2026-06-18,,https://webgate.ec.europa.eu/tracesnt/directory/listing/establishment/publication/index#!/view/LT/FISHERY_PRODUCTS_EU
263,UAB VASAKNOS,43-02 EB,FFP,Fishery products - EU,PP - Processing Plant,"Vasaknos, Dusetų sen., Zarasų r. sav.",Vasaknos,LT-32309,Utena County,Lithuania,2021-03-19,,https://webgate.ec.europa.eu/tracesnt/directory/listing/establishment/publication/index#!/view/LT/FISHERY_PRODUCTS_EU
264,UAB VIČIŪNAI IR KO,135571967,FFP,Fishery products - EU,WM - Wholesale Market,Karaliaus Mindaugo pr. 38.,Kaunas,LT-44307,Kaunas County,Lithuania,2026-02-04,,https://webgate.ec.europa.eu/tracesnt/directory/listing/establishment/publication/index#!/view/LT/FISHERY_PRODUCTS_EU
265,UAB Vičiūnai ir partneriai,68-11,FFP,Fishery products - EU,PP - Processing Plant,Birutės g. 48,Plungė,LT-90112,Telsiai County,Lithuania,2021-03-22,,https://webgate.ec.europa.eu/tracesnt/directory/listing/establishment/publication/index#!/view/LT/FISHERY_PRODUCTS_EU
266,UAB jFish,52-19,FFP,Fishery products - EU,PP - Processing Plant,"Vingio g. 13, Naujieji Muniškiai, Kauno r.",Naujieji Muniškiai,LT-54317,Kaunas County,Lithuania,2021-03-18,,https://webgate.ec.europa.eu/tracesnt/directory/listing/establishment/publication/index#!/view/LT/FISHERY_PRODUCTS_EU
267,UAB „Jūros Vėjas“,LT 88-06 EB,FFP,Fishery products - EU,FFPP - Fresh Fishery Products Plant,"K. Donelaičio g. 9F, Rusnė, LT-99344, Šilutės r. sav.",Rusnė,LT-99350,Klaipeda County,Lithuania,2021-03-18,,https://webgate.ec.europa.eu/tracesnt/directory/listing/establishment/publication/index#!/view/LT/FISHERY_PRODUCTS_EU
268,UAB „Kintai“,LT 88-05 EB,FFP,Fishery products - EU,FFPP - Fresh Fishery Products Plant; PP - Processing Plant,"Povilų g. 1, Povilai, Kintų sen., LT- 99360, Šilutės r. sav.,",Povilai,,Klaipeda County,Lithuania,2021-03-18,,https://webgate.ec.europa.eu/tracesnt/directory/listing/establishment/publication/index#!/view/LT/FISHERY_PRODUCTS_EU
269,UAB „Marlinas“ žuvų perdirbimo laivą „VILKAS“,LT 21-40 EB,FFP,Fishery products - EU,FV - Factory Vessel; ZV - Freezer Vessel,"Pylimo g. 4, Klaipėda",Klaipėda,LT-91249,Klaipeda County,Lithuania,2025-04-23,,https://webgate.ec.europa.eu/tracesnt/directory/listing/establishment/publication/index#!/view/LT/FISHERY_PRODUCTS_EU
270,UAB“Rusnės Žuvis“,LT88-02 EB,FFP,Fishery products - EU,PP - Processing Plant,"Kūdros g. 27, Grabupių k., Šilutės r.sav.",Grabupiai,LT-99152,Klaipeda County,Lithuania,2021-03-17,,https://webgate.ec.europa.eu/tracesnt/directory/listing/establishment/publication/index#!/view/LT/FISHERY_PRODUCTS_EU
271,"Uždaroji akcinė bendrovė ""Birvėtos tvenkiniai""",LT45-02EB,FFP,Fishery products - EU,FFPP - Fresh Fishery Products Plant,"Kalno g.65, Dysnos k., Didžiasalio sen., Ignalinos r. sav., LT-30151",Dysna,,Utena County,Lithuania,2021-03-19,,https://webgate.ec.europa.eu/tracesnt/directory/listing/establishment/publication/index#!/view/LT/FISHERY_PRODUCTS_EU
272,VG MARINE FOODS UAB,68-17,FFP,Fishery products - EU,PP - Processing Plant,"Birutės skrg. 10, Macenių k., Nausodžio sen., Plungės r. sav.",Maceniai,LT-90100,Telsiai County,Lithuania,2026-02-17,,https://webgate.ec.europa.eu/tracesnt/directory/listing/establishment/publication/index#!/view/LT/FISHERY_PRODUCTS_EU
273,Virginijus Monkevičius,LT 41-016 Ž,FFP,Fishery products - EU,PP - Processing Plant,Jadvygiškių g. 39,Jadvygiškės,LT-14257,Vilnius County,Lithuania,2021-03-26,,https://webgate.ec.europa.eu/tracesnt/directory/listing/establishment/publication/index#!/view/LT/FISHERY_PRODUCTS_EU
274,Ūkininkas Paulius Ruškys,LT 71-06EB,FFP,Fishery products - EU,PP - Processing Plant,"Pakruojo g.2, Gražionių k., Aukštelkų sen., Radviliškio r. sav.",Radviliškis,LT-82180,Siauliai County,Lithuania,2026-06-17,,https://webgate.ec.europa.eu/tracesnt/directory/listing/establishment/publication/index#!/view/LT/FISHERY_PRODUCTS_EU
275,"ŽL ""ANUVA"" FV",LT-010,FFP,Fishery products - EU,FV - Factory Vessel,S.Šimkaus g. 14-1,Klaipėda,LT-92121,Klaipeda County,Lithuania,2020-01-15,,https://webgate.ec.europa.eu/tracesnt/directory/listing/establishment/publication/index#!/view/LT/FISHERY_PRODUCTS_EU
276,"ŽL ""IEVA SIMONAITYTĖ"" ZV",21-27,FFP,Fishery products - EU,ZV - Freezer Vessel,Artojo g. 7E,Klaipėda,LT-92121,Klaipeda County,Lithuania,2020-01-15,,https://webgate.ec.europa.eu/tracesnt/directory/listing/establishment/publication/index#!/view/LT/FISHERY_PRODUCTS_EU
277,"ŽL ""KOVAS"" ZV",21-07,FFP,Fishery products - EU,ZV - Freezer Vessel,Artojo g. 7E,Klaipėda,LT-92121,Klaipeda County,Lithuania,2020-01-15,,https://webgate.ec.europa.eu/tracesnt/directory/listing/establishment/publication/index#!/view/LT/FISHERY_PRODUCTS_EU
278,"ŽL ""PLUTONAS"" ZV",21-14,FFP,Fishery products - EU,ZV - Freezer Vessel,S.Šimkaus g. 14-1,Klaipėda,LT-92121,Klaipeda County,Lithuania,2020-01-15,,https://webgate.ec.europa.eu/tracesnt/directory/listing/establishment/publication/index#!/view/LT/FISHERY_PRODUCTS_EU
279,"ŽL ""SIMONAS DAUKANTAS"" ZV",21-26,FFP,Fishery products - EU,ZV - Freezer Vessel,Artojo g. 7E,Klaipėda,LT-92121,Klaipeda County,Lithuania,2020-01-15,,https://webgate.ec.europa.eu/tracesnt/directory/listing/establishment/publication/index#!/view/LT/FISHERY_PRODUCTS_EU
280,"ŽL ""VINCAS KUDIRKA"" ZV",21-08,FFP,Fishery products - EU,ZV - Freezer Vessel,Artojo g. 7E,Klaipėda,LT-92121,Klaipeda County,Lithuania,2020-01-15,,https://webgate.ec.europa.eu/tracesnt/directory/listing/establishment/publication/index#!/view/LT/FISHERY_PRODUCTS_EU
281,"ŽPL ""NIDA"" FV",21-05,FFP,Fishery products - EU,FV - Factory Vessel,Pylimo g. 4,Klaipėda,LT-92121,Klaipeda County,Lithuania,2020-01-15,,https://webgate.ec.europa.eu/tracesnt/directory/listing/establishment/publication/index#!/view/LT/FISHERY_PRODUCTS_EU
282,“CASSIOPEA“ Reefer Vessel “RV“,21-16,FFP,Fishery products - EU,ZV - Freezer Vessel,"Naujoji uosto str. 8, Klaipėda",Klaipėda,LT-92121,Klaipeda County,Lithuania,2020-01-15,,https://webgate.ec.europa.eu/tracesnt/directory/listing/establishment/publication/index#!/view/LT/FISHERY_PRODUCTS_EU
283,“LIBRA“ Reefer Vessel “RV“,21-13,FFP,Fishery products - EU,ZV - Freezer Vessel,“LIBRA“ Reefer vessel “RV“,Klaipėda,LT-92121,Klaipeda County,Lithuania,2020-01-15,,https://webgate.ec.europa.eu/tracesnt/directory/listing/establishment/publication/index#!/view/LT/FISHERY_PRODUCTS_EU
284,MB Grainis,520001369,SPR,Sprouts,PdP - Producing Plant,"Universiteto g. 8A, Akademija, LT-53341 Kaunas",Kaunas,LT-44240,Kaunas County,Lithuania,2020-01-15,,https://webgate.ec.europa.eu/tracesnt/directory/listing/establishment/publication/index#!/view/LT/SPROUTS
285,Ūkininkas Paulius Ruškys,LT 71-06 EB,LBM,Live bivalve molluscs,Z - Production Areas,"Pakruojo g.2, Gražionių k., Aukštelkų sen., Radviliškio r. sav.",Radviliškis,LT-82180,Siauliai County,Lithuania,2026-06-17,,https://webgate.ec.europa.eu/tracesnt/directory/listing/establishment/publication/index#!/view/LT/LIVE_BIVALVE_MOLLUSCS_EU
286,"BIOVELA-UTENOS MĖSA, UAB",LT 17 EB,WM,Wild game meat,CP - Cutting Plant,Pramonės g. 4,Utena,28216,Utena County,Lithuania,2021-03-19,,https://webgate.ec.europa.eu/tracesnt/directory/listing/establishment/publication/index#!/view/LT/WILD_GAME_MEAT_EU
287,UAB  ŽVĖRIENA LT,53-15,WM,Wild game meat,CP - Cutting Plant; GHE - Game-Handling Establishment,"Kūjėnų k.2, Vilainių sen., Kėdainių r",Kūjėnai II,LT-58411,Kaunas County,Lithuania,2023-11-06,,https://webgate.ec.europa.eu/tracesnt/directory/listing/establishment/publication/index#!/view/LT/WILD_GAME_MEAT_EU
288,UAB Aukštaitijos žvėriena,LT66-07 EB,WM,Wild game meat,GHE - Game-Handling Establishment; CP - Cutting Plant,"Naruševičiaus g. 103, Molainių k., Panevėžio r., LT-37175",Panevežys,35100,Panevezys County,Lithuania,2021-03-16,,https://webgate.ec.europa.eu/tracesnt/directory/listing/establishment/publication/index#!/view/LT/WILD_GAME_MEAT_EU
289,UAB Farmers circle processing,81-12,WM,Wild game meat,CP - Cutting Plant,"Žirgyno g. 11, Radiškio k., Žemaitkiemio sen., Ukmergės r. sav.",Radiškis,LT-20364,Vilnius County,Lithuania,2026-06-01,,https://webgate.ec.europa.eu/tracesnt/directory/listing/establishment/publication/index#!/view/LT/WILD_GAME_MEAT_EU
290,UAB Hantera,68-13,WM,Wild game meat,GHE - Game-Handling Establishment,"Paežerės g. 5, Paluokės k., Plungės r. sav.",Paluokė,LT-90441,Telsiai County,Lithuania,2021-03-23,,https://webgate.ec.europa.eu/tracesnt/directory/listing/establishment/publication/index#!/view/LT/WILD_GAME_MEAT_EU
291,UAB VITANEDA,77-11,WM,Wild game meat,CP - Cutting Plant,"Tauragės apskr., Tauragės r. sav., Skaudvilės sen., Skaudvilė, Maironio skg. 14",Skaudvilė,LT-73436,Taurage County,Lithuania,2021-03-16,,https://webgate.ec.europa.eu/tracesnt/directory/listing/establishment/publication/index#!/view/LT/WILD_GAME_MEAT_EU
292,AB Klaipėdos pienas,520001956,GEN,General activity establishment - EU,WM - Wholesale Market,"Marijampolės g. 27, Pagiriai, Garliavos sen., Kauno r.",Pagiriai,LT-53282,Kaunas County,Lithuania,2021-03-18,,https://webgate.ec.europa.eu/tracesnt/directory/listing/establishment/publication/index#!/view/LT/GENERAL_ACTIVITY_ESTABLISHMENT
293,AB MODEST,77-01 P,GEN,General activity establishment - EU,CS - Cold Stores,"Tauragės apskr., Tauragės r. sav., Tauragės miesto sen., Tauragė, Gaurės g. 23",Tauragė,LT-72185,Taurage County,Lithuania,2021-03-17,,https://webgate.ec.europa.eu/tracesnt/directory/listing/establishment/publication/index#!/view/LT/GENERAL_ACTIVITY_ESTABLISHMENT
294,AB PREMIA KPC,190009265,GEN,General activity establishment - EU,WM - Wholesale Market,"Taikos pr. 94, Kaunas",Kaunas,LT-51178,Kaunas County,Lithuania,2021-03-19,,https://webgate.ec.europa.eu/tracesnt/directory/listing/establishment/publication/index#!/view/LT/GENERAL_ACTIVITY_ESTABLISHMENT
295,AB Pieno Žvaigždės Fil. Mažeikių Pieninė,61-01P,GEN,General activity establishment - EU,CS - Cold Stores,"Skuodo g. 4, Mažeikiai, Mažeikių r. sav.",Mažeikiai,LT-89100,Telsiai County,Lithuania,2022-03-31,,https://webgate.ec.europa.eu/tracesnt/directory/listing/establishment/publication/index#!/view/LT/GENERAL_ACTIVITY_ESTABLISHMENT
296,AB Pieno žvaigždės,LT 01-25 EB,GEN,General activity establishment - EU,CS - Cold Stores; RW - Re-wrapping Establishment,Justiniškių g. 134,Vilnius,05111,Vilnius County,Lithuania,2021-03-25,,https://webgate.ec.europa.eu/tracesnt/directory/listing/establishment/publication/index#!/view/LT/GENERAL_ACTIVITY_ESTABLISHMENT
297,AB Rokiškio sūris,LT73-01P,GEN,General activity establishment - EU,CS - Cold Stores,Pramones g. 3,Rokiškis,LT-42150,Panevezys County,Lithuania,2024-05-08,,https://webgate.ec.europa.eu/tracesnt/directory/listing/establishment/publication/index#!/view/LT/GENERAL_ACTIVITY_ESTABLISHMENT
298,AB VILKYŠKIŲ PIENINĖ,88-03 P,GEN,General activity establishment - EU,CS - Cold Stores,"Tauragės apskr., Pagėgių sav., Vilkyškių sen., Vilkyškiai, Prano Lukošaičio g. 14",Vilkyškiai,LT-99290,Taurage County,Lithuania,2021-03-17,,https://webgate.ec.europa.eu/tracesnt/directory/listing/establishment/publication/index#!/view/LT/GENERAL_ACTIVITY_ESTABLISHMENT
299,AB Vilkyškių pieninė,77-04,GEN,General activity establishment - EU,CS - Cold Stores,"Tauragės apskr., Tauragės r.sav., Tauragės sen., Tauragė Gaurės g. 31",Tauragė,LT-72312,Taurage County,Lithuania,2021-03-17,,https://webgate.ec.europa.eu/tracesnt/directory/listing/establishment/publication/index#!/view/LT/GENERAL_ACTIVITY_ESTABLISHMENT
300,AB Vilniaus paukštynas,LT 41-28 EU,GEN,General activity establishment - EU,CS - Cold Stores,Gamyklos g. 27,Rudamina,LT-13249,Vilnius County,Lithuania,2025-06-12,,https://webgate.ec.europa.eu/tracesnt/directory/listing/establishment/publication/index#!/view/LT/GENERAL_ACTIVITY_ESTABLISHMENT
301,AB Žemaitijos pienas,190011025,GEN,General activity establishment - EU,WM - Wholesale Market,"Taikos pr. 106A, Kaunas",Kaunas,LT-51178,Kaunas County,Lithuania,2021-03-18,,https://webgate.ec.europa.eu/tracesnt/directory/listing/establishment/publication/index#!/view/LT/GENERAL_ACTIVITY_ESTABLISHMENT
302,AB Žemaitijos pienas,19-23,GEN,General activity establishment - EU,CS - Cold Stores; WM - Wholesale Market,"Taikos pr. 106A, Kaunas",Kaunas,LT-51178,Kaunas County,Lithuania,2021-03-18,,https://webgate.ec.europa.eu/tracesnt/directory/listing/establishment/publication/index#!/view/LT/GENERAL_ACTIVITY_ESTABLISHMENT
303,AB Žemaitijos pienas Kauno filialas,190011803,GEN,General activity establishment - EU,WM - Wholesale Market,"Europos pr. 38, Kaunas",Kaunas,LT-46369,Kaunas County,Lithuania,2021-03-18,,https://webgate.ec.europa.eu/tracesnt/directory/listing/establishment/publication/index#!/view/LT/GENERAL_ACTIVITY_ESTABLISHMENT
304,AB-F Šilutės Rambynas,LT-88-01P EB,GEN,General activity establishment - EU,CS - Cold Stores; RW - Re-wrapping Establishment,"Klaipėdos g. 3, LT-99115 Šilutė",Šilutė,,Klaipeda County,Lithuania,2021-03-17,,https://webgate.ec.europa.eu/tracesnt/directory/listing/establishment/publication/index#!/view/LT/GENERAL_ACTIVITY_ESTABLISHMENT
305,Aleksandro Pupkevčiaus indviduali veikla,86-05,GEN,General activity establishment - EU,WM - Wholesale Market,"Postavų g. 82, Adutiškis, Adutiškio sen., Švenčionių r. sav.",Adutiškis,LT-18290,Vilnius County,Lithuania,2021-03-19,,https://webgate.ec.europa.eu/tracesnt/directory/listing/establishment/publication/index#!/view/LT/GENERAL_ACTIVITY_ESTABLISHMENT
306,"BIOVELA-UTENOS MĖSA, UAB",LT 17 EB,GEN,General activity establishment - EU,CS - Cold Stores,Pramonės g. 4,Utena,28216,Utena County,Lithuania,2024-01-25,,https://webgate.ec.europa.eu/tracesnt/directory/listing/establishment/publication/index#!/view/LT/GENERAL_ACTIVITY_ESTABLISHMENT
307,Baltic Air Logistics Terminal,LT 01-01,GEN,General activity establishment - EU,CS - Cold Stores,Rodunios kel. 18,Vilnius,LT-02188,Vilnius County,Lithuania,2021-03-25,,https://webgate.ec.europa.eu/tracesnt/directory/listing/establishment/publication/index#!/view/LT/GENERAL_ACTIVITY_ESTABLISHMENT
308,"Baltic Champs, UAB",LT 89-04,GEN,General activity establishment - EU,CS - Cold Stores,"Zosinos g. 5, Širvintos",Širvintos,LT-19117,Vilnius County,Lithuania,2021-12-17,,https://webgate.ec.europa.eu/tracesnt/directory/listing/establishment/publication/index#!/view/LT/GENERAL_ACTIVITY_ESTABLISHMENT
309,EMIRONAS UAB,130018865,GEN,General activity establishment - EU,WM - Wholesale Market,"V. A. Graičiūno g. 24A, LT-02241 Vilnius",Vilnius,LT-02241,Vilnius County,Lithuania,2026-01-16,,https://webgate.ec.europa.eu/tracesnt/directory/listing/establishment/publication/index#!/view/LT/GENERAL_ACTIVITY_ESTABLISHMENT
310,EUROCRICKETS UAB,LT38-06,GEN,General activity establishment - EU,WM - Wholesale Market,Merkio str. 87,Dargužiai,LT-65444,Alytus County,Lithuania,2024-10-15,,https://webgate.ec.europa.eu/tracesnt/directory/listing/establishment/publication/index#!/view/LT/GENERAL_ACTIVITY_ESTABLISHMENT
311,Edgaras Ivanauskas,190009585,GEN,General activity establishment - EU,WM - Wholesale Market,"Pelėdų takas 11, Kaunas",Kaunas,LT-51178,Kaunas County,Lithuania,2021-03-19,,https://webgate.ec.europa.eu/tracesnt/directory/listing/establishment/publication/index#!/view/LT/GENERAL_ACTIVITY_ESTABLISHMENT
312,F. Šlėvės šaltieji sandeliai,9383611,GEN,General activity establishment - EU,CS - Cold Stores,"Plento g. 7, Velžių k., Radviliškio rajonas",Velžių k.,LT-82218,Siauliai County,Lithuania,2021-03-18,,https://webgate.ec.europa.eu/tracesnt/directory/listing/establishment/publication/index#!/view/LT/GENERAL_ACTIVITY_ESTABLISHMENT
313,"FMCG prekyba, UAB",190010508,GEN,General activity establishment - EU,WM - Wholesale Market,"Taikos pr. 94, Kaunas",Kaunas,LT-51178,Kaunas County,Lithuania,2021-03-18,,https://webgate.ec.europa.eu/tracesnt/directory/listing/establishment/publication/index#!/view/LT/GENERAL_ACTIVITY_ESTABLISHMENT
314,"FMCG prekyba, UAB",520001933,GEN,General activity establishment - EU,WM - Wholesale Market,"Marijampolės g. 27, Pagirių k., Garliavos sen., Kauno r.",Pagiriai,LT-53282,Kaunas County,Lithuania,2021-03-18,,https://webgate.ec.europa.eu/tracesnt/directory/listing/establishment/publication/index#!/view/LT/GENERAL_ACTIVITY_ESTABLISHMENT
315,"Ferogama, UAB",LT 01-14,GEN,General activity establishment - EU,CS - Cold Stores,Agrastų g. 2,Vilnius,LT-02243,Vilnius County,Lithuania,2021-03-25,,https://webgate.ec.europa.eu/tracesnt/directory/listing/establishment/publication/index#!/view/LT/GENERAL_ACTIVITY_ESTABLISHMENT
316,"Fish Processing Net, UAB",79-09,GEN,General activity establishment - EU,RW - Re-wrapping Establishment,"Tarpupio g. 29, Mamavio k., Trakų r. sav.",Mamavys,LT-21169,Vilnius County,Lithuania,2025-10-14,,https://webgate.ec.europa.eu/tracesnt/directory/listing/establishment/publication/index#!/view/LT/GENERAL_ACTIVITY_ESTABLISHMENT
317,"G. Kanaševičiaus PĮ ,,Desė""",LT49-08EB,GEN,General activity establishment - EU,RW - Re-wrapping Establishment,"Naujažerio g. 2A, Žaslių mstl., Žaslių sen., Kaišiadorių r. sav.",Naujažeris,LT-56413,Kaunas County,Lithuania,2021-03-18,,https://webgate.ec.europa.eu/tracesnt/directory/listing/establishment/publication/index#!/view/LT/GENERAL_ACTIVITY_ESTABLISHMENT
318,GINTARO BIČKAUS ĮMONĖ RENGMĖ,LT29-15,GEN,General activity establishment - EU,CS - Cold Stores,"KUPIŠKIO G.7, Šiauliai",Šiauliai,LT-76146,Siauliai County,Lithuania,2021-03-17,,https://webgate.ec.europa.eu/tracesnt/directory/listing/establishment/publication/index#!/view/LT/GENERAL_ACTIVITY_ESTABLISHMENT
319,Gintaro Bičkaus įmonė Rengmė,LT 01-36 EB,GEN,General activity establishment - EU,CS - Cold Stores,L. Asanavičiūtės g. 5 A,Vilnius,04304,Vilnius County,Lithuania,2021-03-25,,https://webgate.ec.europa.eu/tracesnt/directory/listing/establishment/publication/index#!/view/LT/GENERAL_ACTIVITY_ESTABLISHMENT
320,"Groward group, UAB",520001871,GEN,General activity establishment - EU,WM - Wholesale Market,"Marijampolės g. 27, Pagiriai, Garliavos sen., Kauno r.",Pagiriai,LT-53282,Kaunas County,Lithuania,2021-03-18,,https://webgate.ec.europa.eu/tracesnt/directory/listing/establishment/publication/index#!/view/LT/GENERAL_ACTIVITY_ESTABLISHMENT
321,"Groward group, UAB",190011857,GEN,General activity establishment - EU,WM - Wholesale Market,"B.Brazdžionio g. 21, Kaunas",Kaunas,LT-48184,Kaunas County,Lithuania,2021-03-18,,https://webgate.ec.europa.eu/tracesnt/directory/listing/establishment/publication/index#!/view/LT/GENERAL_ACTIVITY_ESTABLISHMENT
322,"Groward group, UAB",520001872,GEN,General activity establishment - EU,WM - Wholesale Market,"Industrijos g. 1, Biruliškių k., Karmėlavos sen., Kauno r.",Kaunas,LT-54469,Kaunas County,Lithuania,2021-03-18,,https://webgate.ec.europa.eu/tracesnt/directory/listing/establishment/publication/index#!/view/LT/GENERAL_ACTIVITY_ESTABLISHMENT
323,"IKI LOGISTIKOS CENTRAS ,UAB PALINK",LT66-03 EB,GEN,General activity establishment - EU,CS - Cold Stores,"VAISVILČIŲ II K., UPYTĖS SEN.,,PANEVĖŽIO R. SAV., LT-38292",Panevėžys,LT-35001,Panevezys County,Lithuania,2021-03-17,,https://webgate.ec.europa.eu/tracesnt/directory/listing/establishment/publication/index#!/view/LT/GENERAL_ACTIVITY_ESTABLISHMENT
324,"LT Medus, UAB",190006337,GEN,General activity establishment - EU,WM - Wholesale Market,"Kauno apskr., Kauno r., Biruliškių k., Terminalo g. 6",Biruliškės,LT-54469,Kaunas County,Lithuania,2022-09-29,,https://webgate.ec.europa.eu/tracesnt/directory/listing/establishment/publication/index#!/view/LT/GENERAL_ACTIVITY_ESTABLISHMENT
325,Laimučio Palionio firma,190011815,GEN,General activity establishment - EU,WM - Wholesale Market,"Europos pr. 36, Kaunas",Kaunas,LT-46369,Kaunas County,Lithuania,2021-03-18,,https://webgate.ec.europa.eu/tracesnt/directory/listing/establishment/publication/index#!/view/LT/GENERAL_ACTIVITY_ESTABLISHMENT
326,"Lavisos Lez terminalas, UAB",52-24,GEN,General activity establishment - EU,CS - Cold Stores; WM - Wholesale Market,"Terminalo g. 6, Kauno raj.",Kaunas,LT-54469,Kaunas County,Lithuania,2022-09-07,,https://webgate.ec.europa.eu/tracesnt/directory/listing/establishment/publication/index#!/view/LT/GENERAL_ACTIVITY_ESTABLISHMENT
327,Litcargus; UAB,LT 01-16 EB,GEN,General activity establishment - EU,CS - Cold Stores,Rodūnios kelias 2,Vilnius,02189,Vilnius County,Lithuania,2021-12-03,,https://webgate.ec.europa.eu/tracesnt/directory/listing/establishment/publication/index#!/view/LT/GENERAL_ACTIVITY_ESTABLISHMENT
328,"MAXIMA LT, UAB",520001967,GEN,General activity establishment - EU,WM - Wholesale Market,"Kauno apskr. Kauno r. sav., Garliavos sen., Pagirių k., Marijampolės g. 27",Pagiriai,LT-53282,Kaunas County,Lithuania,2021-03-18,,https://webgate.ec.europa.eu/tracesnt/directory/listing/establishment/publication/index#!/view/LT/GENERAL_ACTIVITY_ESTABLISHMENT
329,"MAXIMA LT, UAB",190012170,GEN,General activity establishment - EU,WM - Wholesale Market,"Kauno apskr. Kauno m. sav., Kaunas, Brazdžionio g. 21",Kaunas,LT-48184,Kaunas County,Lithuania,2021-03-18,,https://webgate.ec.europa.eu/tracesnt/directory/listing/establishment/publication/index#!/view/LT/GENERAL_ACTIVITY_ESTABLISHMENT
330,"MB FOOD LT, UAB",520001537,GEN,General activity establishment - EU,WM - Wholesale Market,"Marijampolės g. 27, Pagiriai, Garliavos sen., Kauno r.",Pagiriai,LT-53282,Kaunas County,Lithuania,2021-03-18,,https://webgate.ec.europa.eu/tracesnt/directory/listing/establishment/publication/index#!/view/LT/GENERAL_ACTIVITY_ESTABLISHMENT
331,"MB FOOD LT, UAB",520001536,GEN,General activity establishment - EU,WM - Wholesale Market,"Alšėnų g. 8, Kampiškiai, Alšėnų sen., Kauno r.",Alšėnai,LT-53303,Kaunas County,Lithuania,2021-03-18,,https://webgate.ec.europa.eu/tracesnt/directory/listing/establishment/publication/index#!/view/LT/GENERAL_ACTIVITY_ESTABLISHMENT
332,MB IMON ITAU,190012355,GEN,General activity establishment - EU,WM - Wholesale Market,"Kauno apskr. Kauno m. sav., Kaunas, Raudondvario pl. 162",Kaunas,LT-47174,Kaunas County,Lithuania,2021-03-18,,https://webgate.ec.europa.eu/tracesnt/directory/listing/establishment/publication/index#!/view/LT/GENERAL_ACTIVITY_ESTABLISHMENT
333,MB Kindziulis,01-55,GEN,General activity establishment - EU,WM - Wholesale Market; CS - Cold Stores,"Kirtimų g. 57 A, Vilnius",Vilnius,LT-02244,Vilnius County,Lithuania,2026-01-26,,https://webgate.ec.europa.eu/tracesnt/directory/listing/establishment/publication/index#!/view/LT/GENERAL_ACTIVITY_ESTABLISHMENT
334,MB LITHUANIAN BEE,86-03,GEN,General activity establishment - EU,WM - Wholesale Market,"Postavų g. 82, Adutiškis, Adutiškio sen., Švenčionių r. sav.",Adutiškis,LT-18290,Utena County,Lithuania,2021-03-19,,https://webgate.ec.europa.eu/tracesnt/directory/listing/establishment/publication/index#!/view/LT/GENERAL_ACTIVITY_ESTABLISHMENT
335,MB TOKA FOOD,520001665,GEN,General activity establishment - EU,WM - Wholesale Market,"Kauno apskr., Kauno r. sav., Garliavos apylinkių sen., Pagirių k., Marijampolės g. 27",Pagiriai,LT-53282,Kaunas County,Lithuania,2021-03-19,,https://webgate.ec.europa.eu/tracesnt/directory/listing/establishment/publication/index#!/view/LT/GENERAL_ACTIVITY_ESTABLISHMENT
336,"MEL LT, MB",520001776,GEN,General activity establishment - EU,WM - Wholesale Market,"Kauno apskr. Kauno r. sav., Karmėlavos sen., Biruliškių k., Terminalo g. 6",Kaunas,LT-54469,Kaunas County,Lithuania,2021-03-18,,https://webgate.ec.europa.eu/tracesnt/directory/listing/establishment/publication/index#!/view/LT/GENERAL_ACTIVITY_ESTABLISHMENT
337,MV GROUP DISTRIBUTION LT,130001204,GEN,General activity establishment - EU,WM - Wholesale Market,"V.A.Graičiūno g. 38, LT-02244 Vilnius",Vilnius,LT-02244,Vilnius County,Lithuania,2024-09-02,,https://webgate.ec.europa.eu/tracesnt/directory/listing/establishment/publication/index#!/view/LT/GENERAL_ACTIVITY_ESTABLISHMENT
338,Moguntia Baltija UAB,LT 55-01 EB,GEN,General activity establishment - EU,CS - Cold Stores; WM - Wholesale Market,"Paupių g. 1, Klemiškės I k., LT-91291 Klaipėdos r.",Klaipėda,LT-91241,Klaipeda County,Lithuania,2021-03-12,,https://webgate.ec.europa.eu/tracesnt/directory/listing/establishment/publication/index#!/view/LT/GENERAL_ACTIVITY_ESTABLISHMENT
339,NOWACO  A/S,62497718,GEN,General activity establishment - EU,WM - Wholesale Market,"Taikos pr. 96, Kaunas",Kaunas,LT-51178,Kaunas County,Lithuania,2023-12-11,,https://webgate.ec.europa.eu/tracesnt/directory/listing/establishment/publication/index#!/view/LT/GENERAL_ACTIVITY_ESTABLISHMENT
340,"Premuita, UAB",LT 01-32 EB,GEN,General activity establishment - EU,CS - Cold Stores; WM - Wholesale Market,Kirtimų g. 69,Vilnius,02244,Vilnius County,Lithuania,2022-06-14,,https://webgate.ec.europa.eu/tracesnt/directory/listing/establishment/publication/index#!/view/LT/GENERAL_ACTIVITY_ESTABLISHMENT
341,"RIMI Logistics, UAB",LT 42-04,GEN,General activity establishment - EU,CS - Cold Stores; WM - Wholesale Market,"Kauno g. 53, Vievis, Vievio sen., Elektrėnų sav.",Vievis,LT-21371,Vilnius County,Lithuania,2026-05-26,,https://webgate.ec.europa.eu/tracesnt/directory/listing/establishment/publication/index#!/view/LT/GENERAL_ACTIVITY_ESTABLISHMENT
342,"RIMI Logistics, UAB",42-07,GEN,General activity establishment - EU,CS - Cold Stores,"Vilniaus apskr., Elektrėnų sav., Elektrėnų sen., Migūčionių k., Migūčionių g. 1A",Gilučiai,LT-26131,Vilnius County,Lithuania,2026-06-22,,https://webgate.ec.europa.eu/tracesnt/directory/listing/establishment/publication/index#!/view/LT/GENERAL_ACTIVITY_ESTABLISHMENT
343,ROLANDO LAZDAUSKO ĮMONĖ,190003912,GEN,General activity establishment - EU,WM - Wholesale Market,"Kauno apskr. Kauno m. sav., Kaunas, R. Kalantos g. 76",Kaunas,LT-52362,Kaunas County,Lithuania,2021-03-18,,https://webgate.ec.europa.eu/tracesnt/directory/listing/establishment/publication/index#!/view/LT/GENERAL_ACTIVITY_ESTABLISHMENT
344,SANITEX UAB,110443493,GEN,General activity establishment - EU,CS - Cold Stores,"Alšėnų str. 8, 12. Kampiškiai.  Kauno district. LT-53303",Kaunas,LT47500,Kaunas County,Lithuania,2024-04-30,,https://webgate.ec.europa.eu/tracesnt/directory/listing/establishment/publication/index#!/view/LT/GENERAL_ACTIVITY_ESTABLISHMENT
345,SPAISVILĖ UAB,LT 94-05 EB,GEN,General activity establishment - EU,CS - Cold Stores; RW - Re-wrapping Establishment,Dirbtuvių g. 5,Sarapiniškiai,LT-74276,Taurage County,Lithuania,2021-03-23,,https://webgate.ec.europa.eu/tracesnt/directory/listing/establishment/publication/index#!/view/LT/GENERAL_ACTIVITY_ESTABLISHMENT
346,TORES LT UAB,190008649,GEN,General activity establishment - EU,WM - Wholesale Market,"Kauno apskr. Kauno m. sav., Kaunas, Taikos pr. 94",Kaunas,LT-51178,Kaunas County,Lithuania,2021-03-18,,https://webgate.ec.europa.eu/tracesnt/directory/listing/establishment/publication/index#!/view/LT/GENERAL_ACTIVITY_ESTABLISHMENT
347,Tomas Michalskis,190012015,GEN,General activity establishment - EU,WM - Wholesale Market,"Europos pr. 36, Kaunas",Kaunas,LT-46369,Kaunas County,Lithuania,2021-03-18,,https://webgate.ec.europa.eu/tracesnt/directory/listing/establishment/publication/index#!/view/LT/GENERAL_ACTIVITY_ESTABLISHMENT
348,"UAB """"KLAIPĖDOS ŠALDYTUVŲ TERMINALAS",LT 21-06 EB,GEN,General activity establishment - EU,WM - Wholesale Market; CS - Cold Stores,NEMUNO G. 24,Klaipėda,LT-93172,Klaipeda County,Lithuania,2021-03-12,,https://webgate.ec.europa.eu/tracesnt/directory/listing/establishment/publication/index#!/view/LT/GENERAL_ACTIVITY_ESTABLISHMENT
349,"UAB ""ATLANTIC HIGH SEA FISHING COMPANY"" Žuvų Perdirbimo Laivas ""Nida""",LT 21-05 EB,GEN,General activity establishment - EU,RV - Reefer Vessel,"Pylimo g. 4, LT-91249, Klaipėda",Klaipėda,LT-91249,Klaipeda County,Lithuania,2021-03-16,,https://webgate.ec.europa.eu/tracesnt/directory/listing/establishment/publication/index#!/view/LT/GENERAL_ACTIVITY_ESTABLISHMENT
350,"UAB ""Amber Terminal Klaipėda""",21-43,GEN,General activity establishment - EU,CS - Cold Stores,"Šilutės pl. 125, Klaipėdos m. sav.",Klaipėda,LT-95112,Klaipeda County,Lithuania,2026-04-23,,https://webgate.ec.europa.eu/tracesnt/directory/listing/establishment/publication/index#!/view/LT/GENERAL_ACTIVITY_ESTABLISHMENT
351,"UAB ""Baltic food partners""",520002065,GEN,General activity establishment - EU,WM - Wholesale Market,"Veterinarų g. 53, Biruliškių k., Karmėlavos sen., Kauno r.",Biruliškės,LT-54435,Kaunas County,Lithuania,2021-04-09,,https://webgate.ec.europa.eu/tracesnt/directory/listing/establishment/publication/index#!/view/LT/GENERAL_ACTIVITY_ESTABLISHMENT
352,"UAB ""Baltijos mėsos grupės logistika""",LT 21-02 EB,GEN,General activity establishment - EU,CS - Cold Stores; WM - Wholesale Market,"Verslo g. 8, Klaipėda",Klaipėda,LT-94102,Klaipeda County,Lithuania,2021-03-12,,https://webgate.ec.europa.eu/tracesnt/directory/listing/establishment/publication/index#!/view/LT/GENERAL_ACTIVITY_ESTABLISHMENT
353,"UAB ""Belvederio""",LT94-06 EB,GEN,General activity establishment - EU,CS - Cold Stores,"Barkūnų g. 25, Jurbarkas, Jurbarko r. sav.",Jurbarkas,,Taurage County,Lithuania,2021-03-19,,https://webgate.ec.europa.eu/tracesnt/directory/listing/establishment/publication/index#!/view/LT/GENERAL_ACTIVITY_ESTABLISHMENT
354,"UAB ""Dragsbaek Lietuva""",01-50,GEN,General activity establishment - EU,WM - Wholesale Market; RW - Re-wrapping Establishment,"Zietelos g. 3, Vilnius",Vilnius,LT-03160,Vilnius County,Lithuania,2026-02-10,,https://webgate.ec.europa.eu/tracesnt/directory/listing/establishment/publication/index#!/view/LT/GENERAL_ACTIVITY_ESTABLISHMENT
355,"UAB ""Dulvira""",LT27-18 EB,GEN,General activity establishment - EU,CS - Cold Stores,"Kėdainių g. 25, Panevėžys",Panevežys,36220,Panevezys County,Lithuania,2021-03-17,,https://webgate.ec.europa.eu/tracesnt/directory/listing/establishment/publication/index#!/view/LT/GENERAL_ACTIVITY_ESTABLISHMENT
356,"UAB ""FISH FACTORY""",LT 85-07,GEN,General activity establishment - EU,CS - Cold Stores; RW - Re-wrapping Establishment,"Vilniaus apskr., Šalčininkų r. sav., Šalčininkų sen., Šalčininkai, Vilniaus g. 3",Šalčininkai,LT-17102,Vilnius County,Lithuania,2025-03-04,,https://webgate.ec.europa.eu/tracesnt/directory/listing/establishment/publication/index#!/view/LT/GENERAL_ACTIVITY_ESTABLISHMENT
357,"UAB ""Foksas""",01-60,GEN,General activity establishment - EU,WM - Wholesale Market,"Ugniagesių g. 14, Vilniaus m. sav.",Vilnius,LT-02244,Vilnius County,Lithuania,2026-08-26,,https://webgate.ec.europa.eu/tracesnt/directory/listing/establishment/publication/index#!/view/LT/GENERAL_ACTIVITY_ESTABLISHMENT
358,"UAB ""GIEMEDA""",730000934,GEN,General activity establishment - EU,WM - Wholesale Market,"Lukštų g. 12-6, Lukštų k., Juodupės sen., Rokiškio r. sav., Lietuva",Lukštai,LT-42495,Panevezys County,Lithuania,2025-11-18,,https://webgate.ec.europa.eu/tracesnt/directory/listing/establishment/publication/index#!/view/LT/GENERAL_ACTIVITY_ESTABLISHMENT
359,"UAB ""Geld Baltic""",LT 27-09 EB,GEN,General activity establishment - EU,RW - Re-wrapping Establishment,Ramygalos g. 149 e,Panevežys,36220,Panevezys County,Lithuania,2021-03-16,,https://webgate.ec.europa.eu/tracesnt/directory/listing/establishment/publication/index#!/view/LT/GENERAL_ACTIVITY_ESTABLISHMENT
360,"UAB ""Handelshus""",01-29,GEN,General activity establishment - EU,WM - Wholesale Market; RW - Re-wrapping Establishment; CS - Cold Stores,"Savanorių pr. 180, Vilnius, Vilniaus m. sav.",Vilnius,LT-02301,Vilnius County,Lithuania,2026-04-29,,https://webgate.ec.europa.eu/tracesnt/directory/listing/establishment/publication/index#!/view/LT/GENERAL_ACTIVITY_ESTABLISHMENT
361,"UAB ""ICECO Assets""",18-20,GEN,General activity establishment - EU,CS - Cold Stores,"Ledo g. 3, Liepynų k., Liudvinavo sen., Marijampolės sav.",Liepynai,LT-68126,Marijampole County,Lithuania,2025-12-18,,https://webgate.ec.europa.eu/tracesnt/directory/listing/establishment/publication/index#!/view/LT/GENERAL_ACTIVITY_ESTABLISHMENT
362,"UAB ""Iceco Assets""",LT 51-12,GEN,General activity establishment - EU,CS - Cold Stores,"Ledo g. 1, Liepynų k., Liudvinavo sen., Marijampolės sav.",Liepynai,LT-68126,Marijampole County,Lithuania,2021-03-09,,https://webgate.ec.europa.eu/tracesnt/directory/listing/establishment/publication/index#!/view/LT/GENERAL_ACTIVITY_ESTABLISHMENT
363,"UAB ""Iceco ledai""",520002100,GEN,General activity establishment - EU,WM - Wholesale Market,"Marijampolės pl. 27, Pagirių k., Kauno r.",Kaunas,LT-52449,Kaunas County,Lithuania,2021-06-17,,https://webgate.ec.europa.eu/tracesnt/directory/listing/establishment/publication/index#!/view/LT/GENERAL_ACTIVITY_ESTABLISHMENT
364,"UAB ""KOGUS""",LT45-06EB,GEN,General activity establishment - EU,CS - Cold Stores,"Pramonės g. 17, Karlų k. Visagino sav.",Karlos,LT-30270,Utena County,Lithuania,2024-02-10,,https://webgate.ec.europa.eu/tracesnt/directory/listing/establishment/publication/index#!/view/LT/GENERAL_ACTIVITY_ESTABLISHMENT
365,"UAB ""KOMODA""",LT 55-14 EB,GEN,General activity establishment - EU,WM - Wholesale Market; CS - Cold Stores,"Palangos pl. 6, LT96327 Sudmantai, Sendvario sen., Klaipėdos r.",Sudmantai,LT-96327,Klaipeda County,Lithuania,2023-07-07,,https://webgate.ec.europa.eu/tracesnt/directory/listing/establishment/publication/index#!/view/LT/GENERAL_ACTIVITY_ESTABLISHMENT
366,"UAB ""Litbona""",190012559,GEN,General activity establishment - EU,WM - Wholesale Market,"Taikos pr. 94, Kaunas",Kaunas,LT-51179,Kaunas County,Lithuania,2021-06-17,,https://webgate.ec.europa.eu/tracesnt/directory/listing/establishment/publication/index#!/view/LT/GENERAL_ACTIVITY_ESTABLISHMENT
367,"UAB ""Magnum ICC Lietuva""",61-02P,GEN,General activity establishment - EU,CS - Cold Stores,"Skuodo g. 28, Mažeikiai, Mažeikių sen., Mažeikių r.sav., Telšių apskr.",Mažeikiai,89100,Telsiai County,Lithuania,2022-03-31,,https://webgate.ec.europa.eu/tracesnt/directory/listing/establishment/publication/index#!/view/LT/GENERAL_ACTIVITY_ESTABLISHMENT
368,"UAB ""Margūnas""",190001165,GEN,General activity establishment - EU,WM - Wholesale Market,"Ringuvos g.53, LT-45245, Kaunas",Kaunas,LT-45226,Kaunas County,Lithuania,2025-05-26,,https://webgate.ec.europa.eu/tracesnt/directory/listing/establishment/publication/index#!/view/LT/GENERAL_ACTIVITY_ESTABLISHMENT
369,"UAB ""Mažeikių Mėsinė""",61-01,GEN,General activity establishment - EU,CS - Cold Stores,"Troškučių g. 2, Mažeikiai, Mažeikių r.sav",Mažeikiai,LT-89100,Telsiai County,Lithuania,2024-01-18,,https://webgate.ec.europa.eu/tracesnt/directory/listing/establishment/publication/index#!/view/LT/GENERAL_ACTIVITY_ESTABLISHMENT
370,"UAB ""NNL LT""",300151140,GEN,General activity establishment - EU,WM - Wholesale Market,"Marijampolės g. 27, Pagiriai, Kauno raj.",Pagiriai,LT-53283,Kaunas County,Lithuania,2024-04-09,,https://webgate.ec.europa.eu/tracesnt/directory/listing/establishment/publication/index#!/view/LT/GENERAL_ACTIVITY_ESTABLISHMENT
371,"UAB ""NOKVĖJA""",LT 56-14 EB,GEN,General activity establishment - EU,RW - Re-wrapping Establishment,"Piliakalnio g. 6, Žvainių k., LT- 97319, Kretingos r. sav.",Žvainiai,LT-97318,Klaipeda County,Lithuania,2021-03-22,,https://webgate.ec.europa.eu/tracesnt/directory/listing/establishment/publication/index#!/view/LT/GENERAL_ACTIVITY_ESTABLISHMENT
372,"UAB ""NORDNIX""",LT 21-03 EB,GEN,General activity establishment - EU,WM - Wholesale Market; CS - Cold Stores,"Šilutės pl. 9, Klaipėda",Klaipėda,LT-91109,Klaipeda County,Lithuania,2021-03-12,,https://webgate.ec.europa.eu/tracesnt/directory/listing/establishment/publication/index#!/view/LT/GENERAL_ACTIVITY_ESTABLISHMENT
373,"UAB ""Nordnix""",LT21-10EB,GEN,General activity establishment - EU,CS - Cold Stores,"Nemuno g. 24, Klaipėda",Klaipėda,LT-93263,Klaipeda County,Lithuania,2024-08-30,,https://webgate.ec.europa.eu/tracesnt/directory/listing/establishment/publication/index#!/view/LT/GENERAL_ACTIVITY_ESTABLISHMENT
374,"UAB ""Orka foods""",520002076,GEN,General activity establishment - EU,WM - Wholesale Market,"Veterinarų g. 53, Biruliškiškių k., Karmėlavos sen., Kauno r.",Biruliškės,LT-50381,Kaunas County,Lithuania,2021-04-20,,https://webgate.ec.europa.eu/tracesnt/directory/listing/establishment/publication/index#!/view/LT/GENERAL_ACTIVITY_ESTABLISHMENT
375,"UAB ""Orkos""",190012982,GEN,General activity establishment - EU,WM - Wholesale Market,"Taikos pr. 96, Kaunas",Kaunas,LT-51178,Kaunas County,Lithuania,2022-01-04,,https://webgate.ec.europa.eu/tracesnt/directory/listing/establishment/publication/index#!/view/LT/GENERAL_ACTIVITY_ESTABLISHMENT
376,"UAB ""Pecus Balticum""",190012557,GEN,General activity establishment - EU,WM - Wholesale Market,"Archeologų g. 6, Kaunas",Kaunas,LT-47132,Kaunas County,Lithuania,2021-06-17,,https://webgate.ec.europa.eu/tracesnt/directory/listing/establishment/publication/index#!/view/LT/GENERAL_ACTIVITY_ESTABLISHMENT
377,"UAB ""Plungės kooperatinė prekyba""",520002064,GEN,General activity establishment - EU,WM - Wholesale Market,"Veterinarų g. 53, Biruliškių k., Karmėlavos sen., Kauno r.",Biruliškės,LT-54435,Kaunas County,Lithuania,2021-04-09,,https://webgate.ec.europa.eu/tracesnt/directory/listing/establishment/publication/index#!/view/LT/GENERAL_ACTIVITY_ESTABLISHMENT
378,"UAB ""ROMVYGA""",r LT PLA288765,GEN,General activity establishment - EU,WM - Wholesale Market,"Kirtimų g. 57B, Vilnius",Vilnius,03100,Vilnius County,Lithuania,2021-05-28,,https://webgate.ec.europa.eu/tracesnt/directory/listing/establishment/publication/index#!/view/LT/GENERAL_ACTIVITY_ESTABLISHMENT
379,"UAB ""Rokiškio pieno gamyba""",LT 82-01 P EB,GEN,General activity establishment - EU,CS - Cold Stores,Pramonės g. 8,Utena,LT-28216,Utena County,Lithuania,2021-03-18,,https://webgate.ec.europa.eu/tracesnt/directory/listing/establishment/publication/index#!/view/LT/GENERAL_ACTIVITY_ESTABLISHMENT
380,"UAB ""Sanitex""",52001016,GEN,General activity establishment - EU,WM - Wholesale Market,"Alšėnų g. 10, Kampiškių k., Alšėnų sen., Kauno r.",Alšėnai,LT-53303,Kaunas County,Lithuania,2023-10-11,,https://webgate.ec.europa.eu/tracesnt/directory/listing/establishment/publication/index#!/view/LT/GENERAL_ACTIVITY_ESTABLISHMENT
381,"UAB ""VINGĖS LOGISTIKA""",LT 21-04 EB,GEN,General activity establishment - EU,CS - Cold Stores; WM - Wholesale Market,"Verslo g. 11, Klaipėda",Klaipėda,LT-94102,Klaipeda County,Lithuania,2021-03-12,,https://webgate.ec.europa.eu/tracesnt/directory/listing/establishment/publication/index#!/view/LT/GENERAL_ACTIVITY_ESTABLISHMENT
382,"UAB ""VPA LOGISTICS""",LT 21-21 EB,GEN,General activity establishment - EU,CS - Cold Stores; WM - Wholesale Market,"Stariškės g. 29, Laistų k.  LT-95369
Klaipėdos r. sav.",Klaipėda,LT-92325,Klaipeda County,Lithuania,2021-03-12,,https://webgate.ec.europa.eu/tracesnt/directory/listing/establishment/publication/index#!/view/LT/GENERAL_ACTIVITY_ESTABLISHMENT
383,"UAB ""VPA LOGISTICS""",LT 21-20 EB,GEN,General activity establishment - EU,CS - Cold Stores; WM - Wholesale Market,"Stariškės str. 27, Laistu k. Dovian sen., LT-95367 Klaipėda",Klaipėda,LT-95367,Klaipeda County,Lithuania,2021-03-12,,https://webgate.ec.europa.eu/tracesnt/directory/listing/establishment/publication/index#!/view/LT/GENERAL_ACTIVITY_ESTABLISHMENT
384,"UAB ""Vigesta""",61-12,GEN,General activity establishment - EU,CS - Cold Stores,"Naikių g. 16, Mažeikiai, Mažeikių r. sav.",Mažeikiai,LT-89126,Telsiai County,Lithuania,2024-01-18,,https://webgate.ec.europa.eu/tracesnt/directory/listing/establishment/publication/index#!/view/LT/GENERAL_ACTIVITY_ESTABLISHMENT
385,"UAB ""Vičiūnai ir partneriai""",520002066,GEN,General activity establishment - EU,WM - Wholesale Market,"Veterinarų g. 53, Biruliškių k., Karmėlavos sen., Kauno r.",Biruliškės,LT-50381,Kaunas County,Lithuania,2021-04-09,,https://webgate.ec.europa.eu/tracesnt/directory/listing/establishment/publication/index#!/view/LT/GENERAL_ACTIVITY_ESTABLISHMENT
386,"UAB ""Žuvis""",LT 21-07 EB,GEN,General activity establishment - EU,RW - Re-wrapping Establishment,"Tilžės g. 51, LT-91260 Klaipėda",Klaipėda,LT-91001,Klaipeda County,Lithuania,2021-03-16,,https://webgate.ec.europa.eu/tracesnt/directory/listing/establishment/publication/index#!/view/LT/GENERAL_ACTIVITY_ESTABLISHMENT
387,"UAB ,,Girelės paukštynas""",LT49-07EB,GEN,General activity establishment - EU,CS - Cold Stores,"Paukštininkų g. 38, Kaišiadorys",Kaišiadorys,LT-56110,Kaunas County,Lithuania,2021-03-18,,https://webgate.ec.europa.eu/tracesnt/directory/listing/establishment/publication/index#!/view/LT/GENERAL_ACTIVITY_ESTABLISHMENT
388,UAB AG SEAFOOD LITHUANIA,190006911,GEN,General activity establishment - EU,WM - Wholesale Market,"Taikos pr. 94, Kaunas",Kaunas,LT-51178,Kaunas County,Lithuania,2022-03-31,,https://webgate.ec.europa.eu/tracesnt/directory/listing/establishment/publication/index#!/view/LT/GENERAL_ACTIVITY_ESTABLISHMENT
389,UAB AKVAVITUS,190000462,GEN,General activity establishment - EU,WM - Wholesale Market,"Kauno apskr., Kauno m. sav., Kaunas, Taikos pr. 94",Kaunas,LT-51178,Kaunas County,Lithuania,2021-03-18,,https://webgate.ec.europa.eu/tracesnt/directory/listing/establishment/publication/index#!/view/LT/GENERAL_ACTIVITY_ESTABLISHMENT
390,UAB AKVAVITUS,190006775,GEN,General activity establishment - EU,WM - Wholesale Market,"Kauno apskr., Kauno m. sav., Kaunas, Taikos pr. 96",Kaunas,LT-51178,Kaunas County,Lithuania,2021-03-18,,https://webgate.ec.europa.eu/tracesnt/directory/listing/establishment/publication/index#!/view/LT/GENERAL_ACTIVITY_ESTABLISHMENT
391,UAB AUROL LOGISTICS,53-13,GEN,General activity establishment - EU,WM - Wholesale Market; CS - Cold Stores,"Vandenvietės g. 9, Kėdainiai",Kėdainiai,LT-57242,Kaunas County,Lithuania,2021-03-17,,https://webgate.ec.europa.eu/tracesnt/directory/listing/establishment/publication/index#!/view/LT/GENERAL_ACTIVITY_ESTABLISHMENT
392,UAB Abela,190006783,GEN,General activity establishment - EU,WM - Wholesale Market,"Taikos pr. 94, Kaunas",Kaunas,LT-51178,Kaunas County,Lithuania,2021-03-19,,https://webgate.ec.europa.eu/tracesnt/directory/listing/establishment/publication/index#!/view/LT/GENERAL_ACTIVITY_ESTABLISHMENT
393,UAB Ablatus,520001618,GEN,General activity establishment - EU,WM - Wholesale Market,"Marijampolės g. 27, Pagirių k., Garliavos sen., Kauno r.",Pagiriai,LT-53282,Kaunas County,Lithuania,2021-03-18,,https://webgate.ec.europa.eu/tracesnt/directory/listing/establishment/publication/index#!/view/LT/GENERAL_ACTIVITY_ESTABLISHMENT
394,UAB Agrokontraktas,190000463,GEN,General activity establishment - EU,WM - Wholesale Market,"Taikos pr. 94, Kaunas",Kaunas,LT-51178,Kaunas County,Lithuania,2021-03-19,,https://webgate.ec.europa.eu/tracesnt/directory/listing/establishment/publication/index#!/view/LT/GENERAL_ACTIVITY_ESTABLISHMENT
395,UAB Agromėsa,LT 42-03,GEN,General activity establishment - EU,CS - Cold Stores,"Elektrėnų sav., Vievio sen., Ausieniškių k., Paukštyno g. 9",Ausieniškių k.,LT-21365,Vilnius County,Lithuania,2021-03-22,,https://webgate.ec.europa.eu/tracesnt/directory/listing/establishment/publication/index#!/view/LT/GENERAL_ACTIVITY_ESTABLISHMENT
396,UAB Alekniškis,LT 89-03,GEN,General activity establishment - EU,CS - Cold Stores,"Širvintų r. sav., Širvintų sen., Šiaulių k., Plento g. 6",Šiaulių k.,LT-19212,Vilnius County,Lithuania,2021-06-21,,https://webgate.ec.europa.eu/tracesnt/directory/listing/establishment/publication/index#!/view/LT/GENERAL_ACTIVITY_ESTABLISHMENT
397,UAB Appetitum,41-25,GEN,General activity establishment - EU,WM - Wholesale Market; RW - Re-wrapping Establishment; CS - Cold Stores,"Vilniaus r. sav., Riešės sen., Naujakiemio k., Vilniaus g. 22",Naujakiemis,LT-14257,Vilnius County,Lithuania,2026-03-30,,https://webgate.ec.europa.eu/tracesnt/directory/listing/establishment/publication/index#!/view/LT/GENERAL_ACTIVITY_ESTABLISHMENT
398,UAB Arkties kelias,37MTSPĮ-112,GEN,General activity establishment - EU,CS - Cold Stores,Šilutės pl. 9,Klaipėda,LT-91109,Klaipeda County,Lithuania,2026-04-16,,https://webgate.ec.europa.eu/tracesnt/directory/listing/establishment/publication/index#!/view/LT/GENERAL_ACTIVITY_ESTABLISHMENT
399,UAB Asia Food,LT 01-46,GEN,General activity establishment - EU,CS - Cold Stores,S. Dariaus ir S.Girėno g. 42,Vilnius,02189,Vilnius County,Lithuania,2021-03-25,,https://webgate.ec.europa.eu/tracesnt/directory/listing/establishment/publication/index#!/view/LT/GENERAL_ACTIVITY_ESTABLISHMENT
400,UAB BALTIC FOOD PARTNERS,190011863,GEN,General activity establishment - EU,WM - Wholesale Market,"Savanorių pr. 404G, Kaunas",Kaunas,LT-50300,Kaunas County,Lithuania,2021-03-18,,https://webgate.ec.europa.eu/tracesnt/directory/listing/establishment/publication/index#!/view/LT/GENERAL_ACTIVITY_ESTABLISHMENT
401,UAB BALTIC FOOD PARTNERS,520001875,GEN,General activity establishment - EU,WM - Wholesale Market,"Industrijos g. 1, Biruliškių k., Karmėlavos sen., Kauno r.",Kaunas,LT-54469,Kaunas County,Lithuania,2021-03-18,,https://webgate.ec.europa.eu/tracesnt/directory/listing/establishment/publication/index#!/view/LT/GENERAL_ACTIVITY_ESTABLISHMENT
402,UAB BALTIC FOODIS,520001686,GEN,General activity establishment - EU,WM - Wholesale Market,"Kauno apskr. Kauno r. sav., Ringaudų sen., Virbališkių k., Verslo g. 3",Dievogalos k.,LT-53424,Kaunas County,Lithuania,2021-03-18,,https://webgate.ec.europa.eu/tracesnt/directory/listing/establishment/publication/index#!/view/LT/GENERAL_ACTIVITY_ESTABLISHMENT
403,UAB BALTIC LARUS,520000736,GEN,General activity establishment - EU,WM - Wholesale Market,"Kauno apskr. Kauno r. sav., Garliavos sen., Pagirių k., Marijampolės g. 27",Pagiriai,LT-53282,Kaunas County,Lithuania,2021-03-18,,https://webgate.ec.europa.eu/tracesnt/directory/listing/establishment/publication/index#!/view/LT/GENERAL_ACTIVITY_ESTABLISHMENT
404,UAB BALTIC LARUS,190011298,GEN,General activity establishment - EU,WM - Wholesale Market,"Kauno apskr. Kauno m. sav., Kaunas, Brazdžionio g. 21",Kaunas,LT-48184,Kaunas County,Lithuania,2021-03-18,,https://webgate.ec.europa.eu/tracesnt/directory/listing/establishment/publication/index#!/view/LT/GENERAL_ACTIVITY_ESTABLISHMENT
405,UAB BALTIJOS SPRENDIMAI,520001532,GEN,General activity establishment - EU,WM - Wholesale Market,"Kauno apskr., Kauno r. sav., Karmėlavos sen., Ramučiai, Vijoklių g. 31",Narėpai,LT-54467,Kaunas County,Lithuania,2021-03-18,,https://webgate.ec.europa.eu/tracesnt/directory/listing/establishment/publication/index#!/view/LT/GENERAL_ACTIVITY_ESTABLISHMENT
406,UAB BANDI EUROPE,53-08,GEN,General activity establishment - EU,WM - Wholesale Market; CS - Cold Stores,"Pramonės g., 2B, Paobelio k., Kėdainių mst. sen.,",Paobelio k.,LT-58158,Kaunas County,Lithuania,2021-03-17,,https://webgate.ec.europa.eu/tracesnt/directory/listing/establishment/publication/index#!/view/LT/GENERAL_ACTIVITY_ESTABLISHMENT
407,UAB BEER GROUP,190011204,GEN,General activity establishment - EU,WM - Wholesale Market,"Kauno apskr. Kauno m. sav., Kaunas, Taikos pr. 96",Kaunas,LT-51178,Kaunas County,Lithuania,2021-03-18,,https://webgate.ec.europa.eu/tracesnt/directory/listing/establishment/publication/index#!/view/LT/GENERAL_ACTIVITY_ESTABLISHMENT
408,UAB BHJ BALTIC,190000409,GEN,General activity establishment - EU,WM - Wholesale Market,"Taikos pr. 94, Kaunas",Kaunas,LT-51178,Kaunas County,Lithuania,2021-03-19,,https://webgate.ec.europa.eu/tracesnt/directory/listing/establishment/publication/index#!/view/LT/GENERAL_ACTIVITY_ESTABLISHMENT
409,UAB Baltasis Pyragas,460000278,GEN,General activity establishment - EU,CS - Cold Stores,"Sodų g. 11, Jonava, LT 55190",Jonava,,Kaunas County,Lithuania,2025-03-20,,https://webgate.ec.europa.eu/tracesnt/directory/listing/establishment/publication/index#!/view/LT/GENERAL_ACTIVITY_ESTABLISHMENT
410,UAB Baltaxia Kaunas,190009628,GEN,General activity establishment - EU,WM - Wholesale Market,"Tilžės g. 41, Kaunas",Kaunas,LT-47182,Kaunas County,Lithuania,2021-03-19,,https://webgate.ec.europa.eu/tracesnt/directory/listing/establishment/publication/index#!/view/LT/GENERAL_ACTIVITY_ESTABLISHMENT
411,UAB Baltic Foods,01-31,GEN,General activity establishment - EU,CS - Cold Stores; WM - Wholesale Market; RW - Re-wrapping Establishment,Kirtimų g. 57A,Vilnius,02244,Vilnius County,Lithuania,2025-01-14,,https://webgate.ec.europa.eu/tracesnt/directory/listing/establishment/publication/index#!/view/LT/GENERAL_ACTIVITY_ESTABLISHMENT
412,UAB Baltic fish export,52-15,GEN,General activity establishment - EU,CS - Cold Stores; RW - Re-wrapping Establishment; WM - Wholesale Market,"Industrijos g. 1, Biruliškių k., Kauno r.",Biruliškės,LT-54469,Kaunas County,Lithuania,2021-03-19,,https://webgate.ec.europa.eu/tracesnt/directory/listing/establishment/publication/index#!/view/LT/GENERAL_ACTIVITY_ESTABLISHMENT
413,UAB Baltic fish export,52-36,GEN,General activity establishment - EU,CS - Cold Stores; WM - Wholesale Market,"Veterinarų g. 53, Biruliškių k., Kauno r.",Biruliškės,LT-50381,Kaunas County,Lithuania,2026-02-12,,https://webgate.ec.europa.eu/tracesnt/directory/listing/establishment/publication/index#!/view/LT/GENERAL_ACTIVITY_ESTABLISHMENT
414,UAB Baltic fish export,19-19,GEN,General activity establishment - EU,CS - Cold Stores; WM - Wholesale Market,"Savanorių pr. 404G, Kaunas",Kaunas,LT-50301,Kaunas County,Lithuania,2021-03-19,,https://webgate.ec.europa.eu/tracesnt/directory/listing/establishment/publication/index#!/view/LT/GENERAL_ACTIVITY_ESTABLISHMENT
415,UAB Baltic logistic solutions,52-12,GEN,General activity establishment - EU,CS - Cold Stores,"Alšėnų g. 8, 12, Kampiškiai, Kauno r.",Alšėnai,LT-53303,Kaunas County,Lithuania,2021-03-17,,https://webgate.ec.europa.eu/tracesnt/directory/listing/establishment/publication/index#!/view/LT/GENERAL_ACTIVITY_ESTABLISHMENT
416,UAB Bidfood Lietuva,LT52-26,GEN,General activity establishment - EU,CS - Cold Stores; WM - Wholesale Market,"Erdvės g. 6,  Ramučių km., LT-52114 Kauno raj, Lithuania",Ramučių k.,LT-52114,Kaunas County,Lithuania,2025-08-06,,https://webgate.ec.europa.eu/tracesnt/directory/listing/establishment/publication/index#!/view/LT/GENERAL_ACTIVITY_ESTABLISHMENT
417,UAB Bruknė,190010308,GEN,General activity establishment - EU,WM - Wholesale Market,"V.Krėvės pr. 43, Kaunas",Kaunas,LT-51178,Kaunas County,Lithuania,2021-03-19,,https://webgate.ec.europa.eu/tracesnt/directory/listing/establishment/publication/index#!/view/LT/GENERAL_ACTIVITY_ESTABLISHMENT
418,UAB DAIGINTRAS,520000992,GEN,General activity establishment - EU,WM - Wholesale Market,"Kauno apskr. Kauno r. sav., Ringaudų sen., Virbališkių k., Verslo g. 3",Dievogalos k.,LT-53424,Kaunas County,Lithuania,2021-03-18,,https://webgate.ec.europa.eu/tracesnt/directory/listing/establishment/publication/index#!/view/LT/GENERAL_ACTIVITY_ESTABLISHMENT
419,UAB DAISENA,190000223,GEN,General activity establishment - EU,WM - Wholesale Market,"SANDRAUGOS 23, Kaunas",Kaunas,LT52102,Kaunas County,Lithuania,2022-11-08,,https://webgate.ec.europa.eu/tracesnt/directory/listing/establishment/publication/index#!/view/LT/GENERAL_ACTIVITY_ESTABLISHMENT
420,UAB DILMERA,190003699,GEN,General activity establishment - EU,WM - Wholesale Market,"Kauno apskr. Kauno m. sav., Kaunas, Partizanų g. 15",Kaunas,LT-50201,Kaunas County,Lithuania,2021-03-18,,https://webgate.ec.europa.eu/tracesnt/directory/listing/establishment/publication/index#!/view/LT/GENERAL_ACTIVITY_ESTABLISHMENT
421,UAB DIVAKS,01-47,GEN,General activity establishment - EU,WM - Wholesale Market,"Pulko g. 2, Vilnius",Vilnius,LT-08221,Vilnius County,Lithuania,2024-09-03,,https://webgate.ec.europa.eu/tracesnt/directory/listing/establishment/publication/index#!/view/LT/GENERAL_ACTIVITY_ESTABLISHMENT
422,UAB DR. OETKER LIETUVA,520001734,GEN,General activity establishment - EU,WM - Wholesale Market,"Kauno apskr., Kauno r. sav., Karmėlavos sen., Ramučių k., Erdvės g. 47",Kaunas,LT-52109,Kaunas County,Lithuania,2021-03-18,,https://webgate.ec.europa.eu/tracesnt/directory/listing/establishment/publication/index#!/view/LT/GENERAL_ACTIVITY_ESTABLISHMENT
423,UAB Dairy experts,38-07,GEN,General activity establishment - EU,RW - Re-wrapping Establishment,Vilniaus g. 2A,Senoji Varėna,LT-65489,Alytus County,Lithuania,2023-03-02,,https://webgate.ec.europa.eu/tracesnt/directory/listing/establishment/publication/index#!/view/LT/GENERAL_ACTIVITY_ESTABLISHMENT
424,UAB Delikana,190011997,GEN,General activity establishment - EU,WM - Wholesale Market,"Europos pr. 38, Kaunas",Kaunas,LT-46369,Kaunas County,Lithuania,2021-03-18,,https://webgate.ec.europa.eu/tracesnt/directory/listing/establishment/publication/index#!/view/LT/GENERAL_ACTIVITY_ESTABLISHMENT
425,UAB Delikana,190012368,GEN,General activity establishment - EU,WM - Wholesale Market,"Taikos pr. 94, Kaunas",Kaunas,LT-51178,Kaunas County,Lithuania,2021-03-18,,https://webgate.ec.europa.eu/tracesnt/directory/listing/establishment/publication/index#!/view/LT/GENERAL_ACTIVITY_ESTABLISHMENT
426,UAB Delikana,190010671,GEN,General activity establishment - EU,WM - Wholesale Market,"Pramonės pr. 16, Kaunas",Kaunas,LT-51183,Kaunas County,Lithuania,2021-03-18,,https://webgate.ec.europa.eu/tracesnt/directory/listing/establishment/publication/index#!/view/LT/GENERAL_ACTIVITY_ESTABLISHMENT
427,UAB Delikatesai,520001709,GEN,General activity establishment - EU,WM - Wholesale Market,"Marijampolės g. 27, Pagiriai, Garliavos sen., Kauno r.",Pagiriai,LT-53282,Kaunas County,Lithuania,2021-03-19,,https://webgate.ec.europa.eu/tracesnt/directory/listing/establishment/publication/index#!/view/LT/GENERAL_ACTIVITY_ESTABLISHMENT
428,UAB EDEGA,46-17,GEN,General activity establishment - EU,CS - Cold Stores,"Kauno apskr. Jonavos r. sav., Ruklos sen., Rukla, Šaudyklos g. 6",Rukla,LT-55296,Kaunas County,Lithuania,2024-09-13,,https://webgate.ec.europa.eu/tracesnt/directory/listing/establishment/publication/index#!/view/LT/GENERAL_ACTIVITY_ESTABLISHMENT
429,UAB EIRIMĖ IR KO,190002141,GEN,General activity establishment - EU,WM - Wholesale Market,"Kauno apskr. Kauno m. sav., Kaunas, Raudondvario pl. 101",Kaunas,LT-47185,Kaunas County,Lithuania,2021-03-18,,https://webgate.ec.europa.eu/tracesnt/directory/listing/establishment/publication/index#!/view/LT/GENERAL_ACTIVITY_ESTABLISHMENT
430,UAB ELITEX BALTIC,190010874,GEN,General activity establishment - EU,WM - Wholesale Market,"Kauno apskr. Kauno m. sav., Kaunas, Europos pr. 38",Kaunas,LT-46369,Kaunas County,Lithuania,2021-03-18,,https://webgate.ec.europa.eu/tracesnt/directory/listing/establishment/publication/index#!/view/LT/GENERAL_ACTIVITY_ESTABLISHMENT
431,UAB EUGESTA,LT 01-33 EB,GEN,General activity establishment - EU,WM - Wholesale Market; CS - Cold Stores,Veisiejų g. 135,Vilnius,LT-02236,Vilnius County,Lithuania,2021-06-22,,https://webgate.ec.europa.eu/tracesnt/directory/listing/establishment/publication/index#!/view/LT/GENERAL_ACTIVITY_ESTABLISHMENT
432,UAB Eladus,LT 01-06,GEN,General activity establishment - EU,CS - Cold Stores,Titnago g. 8B,Vilnius,02300,Vilnius County,Lithuania,2021-03-25,,https://webgate.ec.europa.eu/tracesnt/directory/listing/establishment/publication/index#!/view/LT/GENERAL_ACTIVITY_ESTABLISHMENT
433,UAB Euribija,190010807,GEN,General activity establishment - EU,WM - Wholesale Market,"Taikos pr. 94, Kaunas",Kaunas,LT-51178,Kaunas County,Lithuania,2021-03-19,,https://webgate.ec.europa.eu/tracesnt/directory/listing/establishment/publication/index#!/view/LT/GENERAL_ACTIVITY_ESTABLISHMENT
434,UAB FORSIJA,190014225,GEN,General activity establishment - EU,WM - Wholesale Market,"Taikos pr. 106A, Kaunas, Lietuva",Kaunas,LT-51167,Kaunas County,Lithuania,2024-01-24,,https://webgate.ec.europa.eu/tracesnt/directory/listing/establishment/publication/index#!/view/LT/GENERAL_ACTIVITY_ESTABLISHMENT
435,UAB Farmers circle processing,81-12,GEN,General activity establishment - EU,CS - Cold Stores,"Žirgyno g. 11, Radiškio k., Žemaitkiemio sen., Ukmergės r. sav.",Radiškis,LT-20364,Vilnius County,Lithuania,2026-06-01,,https://webgate.ec.europa.eu/tracesnt/directory/listing/establishment/publication/index#!/view/LT/GENERAL_ACTIVITY_ESTABLISHMENT
436,UAB Frigolita,LT 29-03 EB,GEN,General activity establishment - EU,RW - Re-wrapping Establishment; WM - Wholesale Market; CS - Cold Stores,Dvaro g. 162G,Šiauliai,LT-76197,Siauliai County,Lithuania,2026-08-26,,https://webgate.ec.europa.eu/tracesnt/directory/listing/establishment/publication/index#!/view/LT/GENERAL_ACTIVITY_ESTABLISHMENT
437,UAB Fudo,19-37,GEN,General activity establishment - EU,CS - Cold Stores,Taikos pr. 96,Kaunas,LT-51178,Kaunas County,Lithuania,2021-03-17,,https://webgate.ec.europa.eu/tracesnt/directory/listing/establishment/publication/index#!/view/LT/GENERAL_ACTIVITY_ESTABLISHMENT
438,UAB GENBA FOOD,520000716,GEN,General activity establishment - EU,WM - Wholesale Market,"Kauno apskr. Kauno r. sav., Garliavos sen., Pagirių k., Marijampolės g. 27",Pagiriai,LT-53282,Kaunas County,Lithuania,2021-09-06,,https://webgate.ec.europa.eu/tracesnt/directory/listing/establishment/publication/index#!/view/LT/GENERAL_ACTIVITY_ESTABLISHMENT
439,UAB GODERUS,305580446,GEN,General activity establishment - EU,WM - Wholesale Market,MARTINAVOS G.8,Martinava,LT-52249,Kaunas County,Lithuania,2024-05-02,,https://webgate.ec.europa.eu/tracesnt/directory/listing/establishment/publication/index#!/view/LT/GENERAL_ACTIVITY_ESTABLISHMENT
440,UAB GURGUOLĖ,190009819,GEN,General activity establishment - EU,WM - Wholesale Market,"Kauno apskr. Kauno m. sav., Kaunas, Taikos pr. 94",Kaunas,LT-51178,Kaunas County,Lithuania,2021-03-18,,https://webgate.ec.europa.eu/tracesnt/directory/listing/establishment/publication/index#!/view/LT/GENERAL_ACTIVITY_ESTABLISHMENT
441,UAB GURMANO SAPNAS,520001565,GEN,General activity establishment - EU,WM - Wholesale Market,"Kauno apskr., Kauno r. sav., Garliavos apylinkių sen., Pagiriai, Marijampolės g. 27",Pagiriai,LT-53282,Kaunas County,Lithuania,2021-03-18,,https://webgate.ec.europa.eu/tracesnt/directory/listing/establishment/publication/index#!/view/LT/GENERAL_ACTIVITY_ESTABLISHMENT
442,UAB Gardumeli,LT 01-03 EB,GEN,General activity establishment - EU,WM - Wholesale Market; CS - Cold Stores,Arimų g. 35,Vilnius,11115,Vilnius County,Lithuania,2021-03-25,,https://webgate.ec.europa.eu/tracesnt/directory/listing/establishment/publication/index#!/view/LT/GENERAL_ACTIVITY_ESTABLISHMENT
443,UAB Gisnė LT,190012003,GEN,General activity establishment - EU,WM - Wholesale Market,"Draugystės g. 19, Kaunas",Kaunas,LT-51178,Kaunas County,Lithuania,2024-07-30,,https://webgate.ec.europa.eu/tracesnt/directory/listing/establishment/publication/index#!/view/LT/GENERAL_ACTIVITY_ESTABLISHMENT
444,UAB Globalfoodconnection,82-10,GEN,General activity establishment - EU,CS - Cold Stores; RW - Re-wrapping Establishment,"Paežerės g. 9, Ruklių k., Daugailių sen., Utenos r. sav.",Nuodėguliai,LT-28404,Utena County,Lithuania,2025-12-18,,https://webgate.ec.europa.eu/tracesnt/directory/listing/establishment/publication/index#!/view/LT/GENERAL_ACTIVITY_ESTABLISHMENT
445,UAB Grialtis,LT 01-26,GEN,General activity establishment - EU,CS - Cold Stores; WM - Wholesale Market,Geležinio Vilko g. 2,Vilnius,03150,Vilnius County,Lithuania,2022-03-22,,https://webgate.ec.europa.eu/tracesnt/directory/listing/establishment/publication/index#!/view/LT/GENERAL_ACTIVITY_ESTABLISHMENT
446,UAB Grialtis,LT 01-09 EB,GEN,General activity establishment - EU,CS - Cold Stores; WM - Wholesale Market,Kelmiškių g. 15,Vilnius,LT-08200,Vilnius County,Lithuania,2022-03-22,,https://webgate.ec.europa.eu/tracesnt/directory/listing/establishment/publication/index#!/view/LT/GENERAL_ACTIVITY_ESTABLISHMENT
447,UAB HES-PRO VILNIUS,33MTSPĮ-1079,GEN,General activity establishment - EU,WM - Wholesale Market,"Sodų g. 135, Tirkiliškių k., Alšėnų sen., Kauno r.",Tirkiliškiai,LT-53317,Kaunas County,Lithuania,2021-03-31,,https://webgate.ec.europa.eu/tracesnt/directory/listing/establishment/publication/index#!/view/LT/GENERAL_ACTIVITY_ESTABLISHMENT
448,UAB Handelshus,LT 01-29,GEN,General activity establishment - EU,WM - Wholesale Market; CS - Cold Stores,Savanorių pr. 180,Vilnius,03154,Vilnius County,Lithuania,2025-02-05,,https://webgate.ec.europa.eu/tracesnt/directory/listing/establishment/publication/index#!/view/LT/GENERAL_ACTIVITY_ESTABLISHMENT
449,UAB IMLITEX,190008791,GEN,General activity establishment - EU,WM - Wholesale Market,"Kauno apskr., Kauno m. sav., Kaunas, Europos pr. 38",Kaunas,LT-46369,Kaunas County,Lithuania,2021-03-19,,https://webgate.ec.europa.eu/tracesnt/directory/listing/establishment/publication/index#!/view/LT/GENERAL_ACTIVITY_ESTABLISHMENT
450,UAB INDAS RESOURCES,304258442,GEN,General activity establishment - EU,WM - Wholesale Market; CS - Cold Stores,"Kauno apskr., Kauno r. sav., Karmėlavos sen., Biruliškių k., Terminalo g. 6",Biruliškės,LT-54435,Kaunas County,Lithuania,2024-05-07,,https://webgate.ec.europa.eu/tracesnt/directory/listing/establishment/publication/index#!/view/LT/GENERAL_ACTIVITY_ESTABLISHMENT
451,UAB Iceco trade,190011854,GEN,General activity establishment - EU,WM - Wholesale Market,"B.Brazdžionio g. 21, Kaunas",Kaunas,LT-48184,Kaunas County,Lithuania,2021-03-18,,https://webgate.ec.europa.eu/tracesnt/directory/listing/establishment/publication/index#!/view/LT/GENERAL_ACTIVITY_ESTABLISHMENT
452,UAB Iceco trade,520001858,GEN,General activity establishment - EU,CS - Cold Stores; WM - Wholesale Market,"Marijampolės g. 27, Pagiriai, Garliavos sen., Kauno r.",Pagiriai,LT-53282,Kaunas County,Lithuania,2023-09-14,,https://webgate.ec.europa.eu/tracesnt/directory/listing/establishment/publication/index#!/view/LT/GENERAL_ACTIVITY_ESTABLISHMENT
453,UAB Iceco žuvis,190011873,GEN,General activity establishment - EU,WM - Wholesale Market,"B.Brazdžionio g. 21, Kaunas",Kaunas,LT-48184,Kaunas County,Lithuania,2021-03-18,,https://webgate.ec.europa.eu/tracesnt/directory/listing/establishment/publication/index#!/view/LT/GENERAL_ACTIVITY_ESTABLISHMENT
454,UAB Iceco žuvis,520001880,GEN,General activity establishment - EU,WM - Wholesale Market,"Marijampolės g. 27, Pagiriai, Garliavos sen., Kauno r.",Pagiriai,LT-53282,Kaunas County,Lithuania,2021-03-18,,https://webgate.ec.europa.eu/tracesnt/directory/listing/establishment/publication/index#!/view/LT/GENERAL_ACTIVITY_ESTABLISHMENT
455,UAB Jolada,86-01,GEN,General activity establishment - EU,CS - Cold Stores,"Strūnaičio g. 43, Švenčionys,Švenčionių miesto sen., Švenčionių r. sav.,",Švenčionys,LT-18001,Utena County,Lithuania,2021-03-19,,https://webgate.ec.europa.eu/tracesnt/directory/listing/establishment/publication/index#!/view/LT/GENERAL_ACTIVITY_ESTABLISHMENT
456,UAB KAUNO LOBIS,190001159,GEN,General activity establishment - EU,WM - Wholesale Market,"Kauno apskr. Kauno m. sav., Kaunas, Draugystės g. 19",Kaunas,LT-51228,Kaunas County,Lithuania,2021-03-18,,https://webgate.ec.europa.eu/tracesnt/directory/listing/establishment/publication/index#!/view/LT/GENERAL_ACTIVITY_ESTABLISHMENT
457,UAB KAUNO ŽUVIS,190000408,GEN,General activity establishment - EU,WM - Wholesale Market,"Kauno apskr., Kauno m. sav., Kaunas, Taikos pr. 94",Kaunas,LT-51178,Kaunas County,Lithuania,2021-03-19,,https://webgate.ec.europa.eu/tracesnt/directory/listing/establishment/publication/index#!/view/LT/GENERAL_ACTIVITY_ESTABLISHMENT
458,UAB KIAUŠINIŲ ŪKIS,190010141,GEN,General activity establishment - EU,WM - Wholesale Market,"Kauno apskr. Kauno m. sav., Kaunas, Taikos pr. 94",Kaunas,LT-51178,Kaunas County,Lithuania,2021-03-18,,https://webgate.ec.europa.eu/tracesnt/directory/listing/establishment/publication/index#!/view/LT/GENERAL_ACTIVITY_ESTABLISHMENT
459,UAB KNYSLYS,190009287,GEN,General activity establishment - EU,WM - Wholesale Market,"Kauno apskr. Kauno m. sav., Kaunas, Pramonės pr. 16",Kaunas,LT-51183,Kaunas County,Lithuania,2021-03-18,,https://webgate.ec.europa.eu/tracesnt/directory/listing/establishment/publication/index#!/view/LT/GENERAL_ACTIVITY_ESTABLISHMENT
460,UAB Kaišiadorių paukštynas,190011698,GEN,General activity establishment - EU,WM - Wholesale Market,"Taikos pr. 96, Kaunas",Kaunas,LT-51178,Kaunas County,Lithuania,2021-03-18,,https://webgate.ec.europa.eu/tracesnt/directory/listing/establishment/publication/index#!/view/LT/GENERAL_ACTIVITY_ESTABLISHMENT
461,UAB Kaminatrans,LT 21-12 EB,GEN,General activity establishment - EU,WM - Wholesale Market; CS - Cold Stores,"Naujoji uosto 23, Klaipėda",Klaipėda,LT-92121,Klaipeda County,Lithuania,2021-03-12,,https://webgate.ec.europa.eu/tracesnt/directory/listing/establishment/publication/index#!/view/LT/GENERAL_ACTIVITY_ESTABLISHMENT
462,UAB Karališka žuvis,LT 41-09,GEN,General activity establishment - EU,CS - Cold Stores,Prašiškių g. 53,Vanaginė,LT-14332,Vilnius County,Lithuania,2021-03-25,,https://webgate.ec.europa.eu/tracesnt/directory/listing/establishment/publication/index#!/view/LT/GENERAL_ACTIVITY_ESTABLISHMENT
463,UAB Kauno žuvis,LT 19-34,GEN,General activity establishment - EU,CS - Cold Stores,"Taikos pr. 94, Kaunas",Kaunas,LT-51179,Kaunas County,Lithuania,2021-03-19,,https://webgate.ec.europa.eu/tracesnt/directory/listing/establishment/publication/index#!/view/LT/GENERAL_ACTIVITY_ESTABLISHMENT
464,UAB Klingai,19-15,GEN,General activity establishment - EU,RW - Re-wrapping Establishment; CS - Cold Stores,"Ekskavatorininkų g. 1, Kaunas",Kaunas,LT-52369,Kaunas County,Lithuania,2021-03-19,,https://webgate.ec.europa.eu/tracesnt/directory/listing/establishment/publication/index#!/view/LT/GENERAL_ACTIVITY_ESTABLISHMENT
465,UAB Krekenavos agrofirma,190000459,GEN,General activity establishment - EU,WM - Wholesale Market,"Taikos pr. 94, Kaunas",Kaunas,LT-51178,Kaunas County,Lithuania,2021-03-18,,https://webgate.ec.europa.eu/tracesnt/directory/listing/establishment/publication/index#!/view/LT/GENERAL_ACTIVITY_ESTABLISHMENT
466,UAB Krekenavos agrofirma,190011836,GEN,General activity establishment - EU,WM - Wholesale Market,"Taikos pr. 96, Kaunas",Kaunas,LT-51178,Kaunas County,Lithuania,2021-03-18,,https://webgate.ec.europa.eu/tracesnt/directory/listing/establishment/publication/index#!/view/LT/GENERAL_ACTIVITY_ESTABLISHMENT
467,UAB Krekenavos agrofirma,190011765,GEN,General activity establishment - EU,WM - Wholesale Market,"Europos pr. 38, Kaunas",Kaunas,LT-46369,Kaunas County,Lithuania,2021-03-18,,https://webgate.ec.europa.eu/tracesnt/directory/listing/establishment/publication/index#!/view/LT/GENERAL_ACTIVITY_ESTABLISHMENT
468,UAB LESTENA,LT98-01EB,GEN,General activity establishment - EU,CS - Cold Stores,"Šiaulių r., Kairiai, Pramonės g.3A",Kairiai,LT-80114,Siauliai County,Lithuania,2023-10-18,,https://webgate.ec.europa.eu/tracesnt/directory/listing/establishment/publication/index#!/view/LT/GENERAL_ACTIVITY_ESTABLISHMENT
469,UAB LUKRITMA,181704230,GEN,General activity establishment - EU,WM - Wholesale Market,"Kauno apskr., Kauno raj., Karmėlavos se., Veterinarų g. 46",Karmėlava,LT-54085,Kaunas County,Lithuania,2025-03-20,,https://webgate.ec.europa.eu/tracesnt/directory/listing/establishment/publication/index#!/view/LT/GENERAL_ACTIVITY_ESTABLISHMENT
470,UAB LUNA TRADE,520001720,GEN,General activity establishment - EU,WM - Wholesale Market,"Marijampolės g. 27, Pagiriai, Garliavos sen., Kauno r.",Kalinava,LT-53282,Kaunas County,Lithuania,2021-03-19,,https://webgate.ec.europa.eu/tracesnt/directory/listing/establishment/publication/index#!/view/LT/GENERAL_ACTIVITY_ESTABLISHMENT
471,UAB Ledo broliai,520001620,GEN,General activity establishment - EU,WM - Wholesale Market,"Marijampolės g. 27, Pagiriai, Garliavos sen., Kauno r.",Pagiriai,LT-53282,Kaunas County,Lithuania,2021-03-18,,https://webgate.ec.europa.eu/tracesnt/directory/listing/establishment/publication/index#!/view/LT/GENERAL_ACTIVITY_ESTABLISHMENT
472,UAB Ledo broliai,190011360,GEN,General activity establishment - EU,WM - Wholesale Market,"Taikos pr. 96, Kaunas",Kaunas,LT-51178,Kaunas County,Lithuania,2021-03-18,,https://webgate.ec.europa.eu/tracesnt/directory/listing/establishment/publication/index#!/view/LT/GENERAL_ACTIVITY_ESTABLISHMENT
473,UAB Lestena,LT 91-08,GEN,General activity establishment - EU,CS - Cold Stores,"Pramonės g 3A, Kairiai, Šiaulių rajonas",Kairiai,LT-80114,Siauliai County,Lithuania,2021-03-17,,https://webgate.ec.europa.eu/tracesnt/directory/listing/establishment/publication/index#!/view/LT/GENERAL_ACTIVITY_ESTABLISHMENT
474,UAB Lestena,LT29-10,GEN,General activity establishment - EU,CS - Cold Stores,"Vaidoto g.29, Šiauliai",Šiauliai,LT-76146,Siauliai County,Lithuania,2021-05-18,,https://webgate.ec.europa.eu/tracesnt/directory/listing/establishment/publication/index#!/view/LT/GENERAL_ACTIVITY_ESTABLISHMENT
475,UAB Lidl Lietuva,520001867,GEN,General activity establishment - EU,WM - Wholesale Market,"Erdvės g. 41, Ramučių k., Karmėlavos sen., Kauno  r.",Kaunas,LT-54469,Kaunas County,Lithuania,2021-09-07,,https://webgate.ec.europa.eu/tracesnt/directory/listing/establishment/publication/index#!/view/LT/GENERAL_ACTIVITY_ESTABLISHMENT
476,UAB Litcargus,52-28,GEN,General activity establishment - EU,WM - Wholesale Market; CS - Cold Stores,"Oro uosto g. 4, Karmėlava, Kauno r.",Karmėlava,LT-54460,Kaunas County,Lithuania,2021-03-19,,https://webgate.ec.europa.eu/tracesnt/directory/listing/establishment/publication/index#!/view/LT/GENERAL_ACTIVITY_ESTABLISHMENT
477,UAB Liūtukas ir KO,190011840,GEN,General activity establishment - EU,WM - Wholesale Market,"Taikos pr. 94, Kaunas",Kaunas,LT-51178,Kaunas County,Lithuania,2021-03-18,,https://webgate.ec.europa.eu/tracesnt/directory/listing/establishment/publication/index#!/view/LT/GENERAL_ACTIVITY_ESTABLISHMENT
478,UAB Lukšių pieninė,190003605,GEN,General activity establishment - EU,WM - Wholesale Market,"Taikos pr. 94, Kaunas",Kaunas,LT-51178,Kaunas County,Lithuania,2021-03-19,,https://webgate.ec.europa.eu/tracesnt/directory/listing/establishment/publication/index#!/view/LT/GENERAL_ACTIVITY_ESTABLISHMENT
479,UAB Luna Trade,520001704,GEN,General activity establishment - EU,WM - Wholesale Market,"Kauno r. sav., Karmėlavos sen., Biruliškių k., Terminalo g. 6",Kaunas,LT-54469,Kaunas County,Lithuania,2021-03-19,,https://webgate.ec.europa.eu/tracesnt/directory/listing/establishment/publication/index#!/view/LT/GENERAL_ACTIVITY_ESTABLISHMENT
480,UAB M Logistika,01-13,GEN,General activity establishment - EU,WM - Wholesale Market; CS - Cold Stores,Kirtimų g. 57B,Vilnius,02244,Vilnius County,Lithuania,2021-03-10,,https://webgate.ec.europa.eu/tracesnt/directory/listing/establishment/publication/index#!/view/LT/GENERAL_ACTIVITY_ESTABLISHMENT
481,UAB MARNISTA,190010860,GEN,General activity establishment - EU,WM - Wholesale Market,"Kauno apskr. Kauno m. sav., Kaunas, Jonavos g. 196",Kaunas,LT-44136,Kaunas County,Lithuania,2021-03-18,,https://webgate.ec.europa.eu/tracesnt/directory/listing/establishment/publication/index#!/view/LT/GENERAL_ACTIVITY_ESTABLISHMENT
482,UAB MEGA,190010494,GEN,General activity establishment - EU,WM - Wholesale Market,"Taikos pr. 94, Kaunas",Kaunas,LT-51178,Kaunas County,Lithuania,2021-03-19,,https://webgate.ec.europa.eu/tracesnt/directory/listing/establishment/publication/index#!/view/LT/GENERAL_ACTIVITY_ESTABLISHMENT
483,UAB MEGA BALTIC,130016837,GEN,General activity establishment - EU,WM - Wholesale Market,"Servečės g. 1, LT-02121 Vilnius",Vilnius,LT-02121,Vilnius County,Lithuania,2024-08-02,,https://webgate.ec.europa.eu/tracesnt/directory/listing/establishment/publication/index#!/view/LT/GENERAL_ACTIVITY_ESTABLISHMENT
484,UAB MERCADO PREKYBA,190011162,GEN,General activity establishment - EU,WM - Wholesale Market,"Kauno apskr., Kauno m. sav., Kaunas, B. Brazdžionio g. 21",Kaunas,LT-48184,Kaunas County,Lithuania,2021-03-19,,https://webgate.ec.europa.eu/tracesnt/directory/listing/establishment/publication/index#!/view/LT/GENERAL_ACTIVITY_ESTABLISHMENT
485,UAB MEST FOOD,520001676,GEN,General activity establishment - EU,WM - Wholesale Market,"Marijampolės g. 27, Pagiriai, Garliavos sen., Kauno r.",Pagiriai,LT-53282,Kaunas County,Lithuania,2021-03-19,,https://webgate.ec.europa.eu/tracesnt/directory/listing/establishment/publication/index#!/view/LT/GENERAL_ACTIVITY_ESTABLISHMENT
486,UAB MP Partneriai,520001636,GEN,General activity establishment - EU,WM - Wholesale Market,"Kauno apskr. Kauno r. sav., Karmėlavos sen., Biruliškių k., Terminalo g. 6",Kaunas,LT-54469,Kaunas County,Lithuania,2021-03-18,,https://webgate.ec.europa.eu/tracesnt/directory/listing/establishment/publication/index#!/view/LT/GENERAL_ACTIVITY_ESTABLISHMENT
487,UAB Malenus,190007328,GEN,General activity establishment - EU,WM - Wholesale Market,"Draugystės g. 19, Kaunas",Kaunas,LT-51178,Kaunas County,Lithuania,2021-03-19,,https://webgate.ec.europa.eu/tracesnt/directory/listing/establishment/publication/index#!/view/LT/GENERAL_ACTIVITY_ESTABLISHMENT
488,UAB Mantinga,190006785,GEN,General activity establishment - EU,WM - Wholesale Market,"Taikos pr. 96, Kaunas",Kaunas,LT-51178,Kaunas County,Lithuania,2021-03-18,,https://webgate.ec.europa.eu/tracesnt/directory/listing/establishment/publication/index#!/view/LT/GENERAL_ACTIVITY_ESTABLISHMENT
489,UAB Mantinga,520001870,GEN,General activity establishment - EU,WM - Wholesale Market,"Erdvės g. 47, Ramučių k., Karmėlavos sen., Kauno r.",Kaunas,LT-54469,Kaunas County,Lithuania,2021-03-18,,https://webgate.ec.europa.eu/tracesnt/directory/listing/establishment/publication/index#!/view/LT/GENERAL_ACTIVITY_ESTABLISHMENT
490,UAB Meateksa,190012083,GEN,General activity establishment - EU,WM - Wholesale Market,"Europos pr. 36, Kaunas",Kaunas,LT-46369,Kaunas County,Lithuania,2021-03-18,,https://webgate.ec.europa.eu/tracesnt/directory/listing/establishment/publication/index#!/view/LT/GENERAL_ACTIVITY_ESTABLISHMENT
491,UAB Medaus avilys,520001372,GEN,General activity establishment - EU,WM - Wholesale Market,"Terminalo g. 6, Biruliškių k., Karmėlavos sen., Kauno r.",Kaunas,LT-54469,Kaunas County,Lithuania,2021-03-19,,https://webgate.ec.europa.eu/tracesnt/directory/listing/establishment/publication/index#!/view/LT/GENERAL_ACTIVITY_ESTABLISHMENT
492,UAB Megaprojektai,190000451,GEN,General activity establishment - EU,WM - Wholesale Market,"Taikos pr. 94, Kaunas",Kaunas,LT-51178,Kaunas County,Lithuania,2021-03-19,,https://webgate.ec.europa.eu/tracesnt/directory/listing/establishment/publication/index#!/view/LT/GENERAL_ACTIVITY_ESTABLISHMENT
493,UAB NIklita,190000248,GEN,General activity establishment - EU,WM - Wholesale Market,"Taikos pr. 94, Kaunas",Kaunas,LT-51178,Kaunas County,Lithuania,2021-03-19,,https://webgate.ec.europa.eu/tracesnt/directory/listing/establishment/publication/index#!/view/LT/GENERAL_ACTIVITY_ESTABLISHMENT
494,UAB NNL LT,520001375,GEN,General activity establishment - EU,WM - Wholesale Market,"Marijampolės g. 27, Pagiriai, Garliavos sen., Kauno r.",Pagiriai,LT-53282,Kaunas County,Lithuania,2024-04-09,,https://webgate.ec.europa.eu/tracesnt/directory/listing/establishment/publication/index#!/view/LT/GENERAL_ACTIVITY_ESTABLISHMENT
495,UAB NNL Procurement,520001210,GEN,General activity establishment - EU,WM - Wholesale Market,"Kauno apskr., Kauno r. sav., Garliavos apylinkių sen., Pagiriai, Marijampolės g. 27",Pagiriai,LT-53282,Kaunas County,Lithuania,2021-03-19,,https://webgate.ec.europa.eu/tracesnt/directory/listing/establishment/publication/index#!/view/LT/GENERAL_ACTIVITY_ESTABLISHMENT
496,UAB NORDNIX,LT 21-10EB,GEN,General activity establishment - EU,CS - Cold Stores,Nemuno g.24,Klaipėda,LT-93277,Klaipeda County,Lithuania,2024-08-30,,https://webgate.ec.europa.eu/tracesnt/directory/listing/establishment/publication/index#!/view/LT/GENERAL_ACTIVITY_ESTABLISHMENT
497,UAB NOVIALIS,520002546,GEN,General activity establishment - EU,WM - Wholesale Market,"Marijampolės g. 27, Pagirių k., Kauno r.",Pagiriai,LT-53283,Kaunas County,Lithuania,2023-11-20,,https://webgate.ec.europa.eu/tracesnt/directory/listing/establishment/publication/index#!/view/LT/GENERAL_ACTIVITY_ESTABLISHMENT
498,UAB Nordnet,52-01,GEN,General activity establishment - EU,CS - Cold Stores,"Marijampolės g. 27, Pagiriai, Garliavos sen., Kauno r.",Pagiriai,LT-53282,Kaunas County,Lithuania,2021-03-19,,https://webgate.ec.europa.eu/tracesnt/directory/listing/establishment/publication/index#!/view/LT/GENERAL_ACTIVITY_ESTABLISHMENT
499,UAB Northern Supplies,33MTSPĮ-274,GEN,General activity establishment - EU,WM - Wholesale Market,"B. Brazdžionio g. 21, Kaunas",Kaunas,LT-48134,Kaunas County,Lithuania,2021-04-09,,https://webgate.ec.europa.eu/tracesnt/directory/listing/establishment/publication/index#!/view/LT/GENERAL_ACTIVITY_ESTABLISHMENT
500,UAB Orka Foods,520001878,GEN,General activity establishment - EU,WM - Wholesale Market,"Industrijos g. 1, Biruliškių k., Karmėlavos sen., Kauno r.",Kaunas,LT-54469,Kaunas County,Lithuania,2021-03-18,,https://webgate.ec.europa.eu/tracesnt/directory/listing/establishment/publication/index#!/view/LT/GENERAL_ACTIVITY_ESTABLISHMENT
501,UAB Orteda,190011324,GEN,General activity establishment - EU,WM - Wholesale Market,"Draugystės g. 19, Kaunas",Kaunas,LT-51178,Kaunas County,Lithuania,2021-03-18,,https://webgate.ec.europa.eu/tracesnt/directory/listing/establishment/publication/index#!/view/LT/GENERAL_ACTIVITY_ESTABLISHMENT
502,UAB Orteda,19-28,GEN,General activity establishment - EU,CS - Cold Stores; WM - Wholesale Market,"Taikos pr. 98, Kaunas",Kaunas,LT-51176,Kaunas County,Lithuania,2021-03-19,,https://webgate.ec.europa.eu/tracesnt/directory/listing/establishment/publication/index#!/view/LT/GENERAL_ACTIVITY_ESTABLISHMENT
503,UAB PELICANO FOOD,190010121,GEN,General activity establishment - EU,WM - Wholesale Market,"Kauno apskr., Kauno m. sav., Kaunas, Taikos pr. 94",Pagiriai,LT-53282,Kaunas County,Lithuania,2021-03-18,,https://webgate.ec.europa.eu/tracesnt/directory/listing/establishment/publication/index#!/view/LT/GENERAL_ACTIVITY_ESTABLISHMENT
504,UAB Pajuva,LT 27-05 EB,GEN,General activity establishment - EU,RW - Re-wrapping Establishment,"Rėklių g. 1 A, Panevėžys",Panevežys,35101,Panevezys County,Lithuania,2021-03-16,,https://webgate.ec.europa.eu/tracesnt/directory/listing/establishment/publication/index#!/view/LT/GENERAL_ACTIVITY_ESTABLISHMENT
505,UAB Plungės kooperatinė prekyba,190011861,GEN,General activity establishment - EU,WM - Wholesale Market,"Savanorių pr. 404G, Kaunas",Kaunas,LT-50300,Kaunas County,Lithuania,2021-03-18,,https://webgate.ec.europa.eu/tracesnt/directory/listing/establishment/publication/index#!/view/LT/GENERAL_ACTIVITY_ESTABLISHMENT
506,UAB Plungės kooperatinė prekyba,520001873,GEN,General activity establishment - EU,WM - Wholesale Market,"Industrijos g. 1, Biruliškės, Karmėlavos sen., Kauno r.",Kaunas,LT-54469,Kaunas County,Lithuania,2021-03-18,,https://webgate.ec.europa.eu/tracesnt/directory/listing/establishment/publication/index#!/view/LT/GENERAL_ACTIVITY_ESTABLISHMENT
507,UAB Prosperity A,660000823,GEN,General activity establishment - EU,WM - Wholesale Market,"J. Tilvyčio g. 124., Vaišvilčių II k., Panevėžio r.",Vaišvilčiai II,LT-38365,Panevezys County,Lithuania,2021-03-19,,https://webgate.ec.europa.eu/tracesnt/directory/listing/establishment/publication/index#!/view/LT/GENERAL_ACTIVITY_ESTABLISHMENT
508,UAB Proximus Global,LT 01-04 EB,GEN,General activity establishment - EU,CS - Cold Stores,Sandėlių g. 44B,Vilnius,02246,Vilnius County,Lithuania,2021-03-23,,https://webgate.ec.europa.eu/tracesnt/directory/listing/establishment/publication/index#!/view/LT/GENERAL_ACTIVITY_ESTABLISHMENT
509,UAB REITAN CONVENIENCE LITHUANIA,190008846,GEN,General activity establishment - EU,WM - Wholesale Market,"Kauno apskr. Kauno r. sav., Garliavos sen., Pagirių k., Marijampolės g. 27",Pagiriai,LT-53282,Kaunas County,Lithuania,2021-03-18,,https://webgate.ec.europa.eu/tracesnt/directory/listing/establishment/publication/index#!/view/LT/GENERAL_ACTIVITY_ESTABLISHMENT
510,UAB RENGMĖ,LT29-09,GEN,General activity establishment - EU,RW - Re-wrapping Establishment; CS - Cold Stores,"Šiauliai, Kupiškio g. 7",Šiauliai,LT-76146,Siauliai County,Lithuania,2022-05-19,,https://webgate.ec.europa.eu/tracesnt/directory/listing/establishment/publication/index#!/view/LT/GENERAL_ACTIVITY_ESTABLISHMENT
511,UAB RIMGEMA,190010983,GEN,General activity establishment - EU,WM - Wholesale Market,"Kauno apskr. Kauno m. sav., Kaunas, Europos pr. 38",Kaunas,LT-46369,Kaunas County,Lithuania,2021-03-18,,https://webgate.ec.europa.eu/tracesnt/directory/listing/establishment/publication/index#!/view/LT/GENERAL_ACTIVITY_ESTABLISHMENT
512,UAB RIVONA,520001358,GEN,General activity establishment - EU,WM - Wholesale Market,"Kauno apskr. Kauno r. sav., Garliavos sen., Pagirių k., Marijampolės g. 27",Garliava,LT-53254,Kaunas County,Lithuania,2021-03-18,,https://webgate.ec.europa.eu/tracesnt/directory/listing/establishment/publication/index#!/view/LT/GENERAL_ACTIVITY_ESTABLISHMENT
513,UAB RIVONA,530000141,GEN,General activity establishment - EU,WM - Wholesale Market,"Pramonės g. 19, Kėdainiai",Kėdainiai,LT-57241,Kaunas County,Lithuania,2021-03-22,,https://webgate.ec.europa.eu/tracesnt/directory/listing/establishment/publication/index#!/view/LT/GENERAL_ACTIVITY_ESTABLISHMENT
514,UAB RIVONA Greitai gendančių maisto produktų sandėlys,530000586,GEN,General activity establishment - EU,WM - Wholesale Market,"Pramonės g., 15, Kėdainiai",Kėdainiai,LT-57241,Kaunas County,Lithuania,2021-03-18,,https://webgate.ec.europa.eu/tracesnt/directory/listing/establishment/publication/index#!/view/LT/GENERAL_ACTIVITY_ESTABLISHMENT
515,UAB RSP,19-05,GEN,General activity establishment - EU,WM - Wholesale Market,"Taikos pr. 106D, Kaunas",Kaunas,LT-52265,Kaunas County,Lithuania,2021-03-19,,https://webgate.ec.europa.eu/tracesnt/directory/listing/establishment/publication/index#!/view/LT/GENERAL_ACTIVITY_ESTABLISHMENT
516,UAB RUNEDA,190008839,GEN,General activity establishment - EU,WM - Wholesale Market,"Kauno apskr., Kauno m. sav., Kaunas, Dvarų g. 47",Kaunas,LT-46399,Kaunas County,Lithuania,2021-03-19,,https://webgate.ec.europa.eu/tracesnt/directory/listing/establishment/publication/index#!/view/LT/GENERAL_ACTIVITY_ESTABLISHMENT
517,UAB Redvida,LT 79-10,GEN,General activity establishment - EU,CS - Cold Stores; WM - Wholesale Market,Aluonos g. 37,Jelščizna,LT-21171,Vilnius County,Lithuania,2021-03-26,,https://webgate.ec.europa.eu/tracesnt/directory/listing/establishment/publication/index#!/view/LT/GENERAL_ACTIVITY_ESTABLISHMENT
518,UAB Romega,52-27,GEN,General activity establishment - EU,CS - Cold Stores; WM - Wholesale Market; RW - Re-wrapping Establishment,"S. Lozoraičio g. 17E, Garliava, Kauno raj.",Garliava,LT-50111,Kaunas County,Lithuania,2021-03-19,,https://webgate.ec.europa.eu/tracesnt/directory/listing/establishment/publication/index#!/view/LT/GENERAL_ACTIVITY_ESTABLISHMENT
519,UAB SANITEX,520001016,GEN,General activity establishment - EU,WM - Wholesale Market,"Kauno apskr. Kauno r. sav., Alšėnų sen., Kampiškių k., Alšėnų g. 8",Alšėnai,LT-53303,Kaunas County,Lithuania,2021-12-13,,https://webgate.ec.europa.eu/tracesnt/directory/listing/establishment/publication/index#!/view/LT/GENERAL_ACTIVITY_ESTABLISHMENT
520,UAB SAUVA,520000869,GEN,General activity establishment - EU,WM - Wholesale Market,"Kauno apskr. Kauno r. sav., Neveronių sen., Neveronys",Neveronys,LT-54481,Kaunas County,Lithuania,2021-03-18,,https://webgate.ec.europa.eu/tracesnt/directory/listing/establishment/publication/index#!/view/LT/GENERAL_ACTIVITY_ESTABLISHMENT
521,UAB Saldukas,41-04,GEN,General activity establishment - EU,RW - Re-wrapping Establishment; WM - Wholesale Market,Pušų g. 9,Kalviškių k.,LT-14105,Vilnius County,Lithuania,2021-06-22,,https://webgate.ec.europa.eu/tracesnt/directory/listing/establishment/publication/index#!/view/LT/GENERAL_ACTIVITY_ESTABLISHMENT
522,UAB Samsonas,190007584,GEN,General activity establishment - EU,WM - Wholesale Market,"Europos pr. 36, Kaunas",Kaunas,LT-46369,Kaunas County,Lithuania,2021-03-19,,https://webgate.ec.europa.eu/tracesnt/directory/listing/establishment/publication/index#!/view/LT/GENERAL_ACTIVITY_ESTABLISHMENT
523,UAB Samsonas,19-11,GEN,General activity establishment - EU,CS - Cold Stores; RW - Re-wrapping Establishment,"Europos pr. 38,  LT-46369 Kaunas",Kaunas,LT-46353,Kaunas County,Lithuania,2021-03-19,,https://webgate.ec.europa.eu/tracesnt/directory/listing/establishment/publication/index#!/view/LT/GENERAL_ACTIVITY_ESTABLISHMENT
524,UAB Santamed,52-29,GEN,General activity establishment - EU,RW - Re-wrapping Establishment,"Liepų g. 9, Linksmakalnis, Kauno r.",Linksmakalnis,LT-59302,Kaunas County,Lithuania,2021-03-19,,https://webgate.ec.europa.eu/tracesnt/directory/listing/establishment/publication/index#!/view/LT/GENERAL_ACTIVITY_ESTABLISHMENT
525,UAB Sauda,52-04,GEN,General activity establishment - EU,RW - Re-wrapping Establishment,"Pramonės g. 11, Stanaičių k., Kauno r.",Stanaičių k.,LT-53285,Kaunas County,Lithuania,2021-03-19,,https://webgate.ec.europa.eu/tracesnt/directory/listing/establishment/publication/index#!/view/LT/GENERAL_ACTIVITY_ESTABLISHMENT
526,UAB Saudona LT,520001515,GEN,General activity establishment - EU,WM - Wholesale Market,"Politechnikos g. 219, Naujasodžio k., Karmėlavos sen., Kauno r.",Kaunas,LT-49107,Kaunas County,Lithuania,2021-03-19,,https://webgate.ec.europa.eu/tracesnt/directory/listing/establishment/publication/index#!/view/LT/GENERAL_ACTIVITY_ESTABLISHMENT
527,UAB Scandinavian Seafood Factory,LT 85-03,GEN,General activity establishment - EU,RW - Re-wrapping Establishment; CS - Cold Stores,Vilniaus g. 3,Šalčininkai,LT-17102,Vilnius County,Lithuania,2021-04-12,,https://webgate.ec.europa.eu/tracesnt/directory/listing/establishment/publication/index#!/view/LT/GENERAL_ACTIVITY_ESTABLISHMENT
528,UAB Seafood Market LT,01-57,GEN,General activity establishment - EU,RW - Re-wrapping Establishment; CS - Cold Stores,"Servečės g. 2, Vilniaus m. sav.",Vilnius,LT-02121,Vilnius County,Lithuania,2026-06-18,,https://webgate.ec.europa.eu/tracesnt/directory/listing/establishment/publication/index#!/view/LT/GENERAL_ACTIVITY_ESTABLISHMENT
529,UAB Sraigių delikatesai,520001550,GEN,General activity establishment - EU,WM - Wholesale Market,"Marijampolės g. 27, Pagiriai, Garliavos sen., Kauno r.",Pagiriai,LT-53282,Kaunas County,Lithuania,2021-03-18,,https://webgate.ec.europa.eu/tracesnt/directory/listing/establishment/publication/index#!/view/LT/GENERAL_ACTIVITY_ESTABLISHMENT
530,UAB Tisara,LT 85-06,GEN,General activity establishment - EU,CS - Cold Stores,Naujoji g. 6,Šalčininkėliai,LT-17124,Vilnius County,Lithuania,2021-03-26,,https://webgate.ec.europa.eu/tracesnt/directory/listing/establishment/publication/index#!/view/LT/GENERAL_ACTIVITY_ESTABLISHMENT
531,UAB Transneda,21-42,GEN,General activity establishment - EU,WM - Wholesale Market; CS - Cold Stores,"Šilutės pl. 15A, Klaipėda, Klaipėdos m. sav.",Klaipėda,LT-91109,Klaipeda County,Lithuania,2026-02-19,,https://webgate.ec.europa.eu/tracesnt/directory/listing/establishment/publication/index#!/view/LT/GENERAL_ACTIVITY_ESTABLISHMENT
532,UAB Trinas,190012141,GEN,General activity establishment - EU,WM - Wholesale Market,"Taikos pr. 96, Kaunas",Kaunas,LT-51178,Kaunas County,Lithuania,2021-03-18,,https://webgate.ec.europa.eu/tracesnt/directory/listing/establishment/publication/index#!/view/LT/GENERAL_ACTIVITY_ESTABLISHMENT
533,UAB VARĖNOS PIENELIS,LT 38-01P,GEN,General activity establishment - EU,CS - Cold Stores,"J. Basanavičiaus g. 52, Varėna",Varėna,LT-65210,Alytus County,Lithuania,2025-03-07,,https://webgate.ec.europa.eu/tracesnt/directory/listing/establishment/publication/index#!/view/LT/GENERAL_ACTIVITY_ESTABLISHMENT
534,UAB VENDITOR,520000991,GEN,General activity establishment - EU,WM - Wholesale Market,"Kauno apskr. Kauno r. sav., Ringaudų sen., Virbališkių k., Verslo g. 3",Dievogalos k.,LT-53424,Kaunas County,Lithuania,2021-03-18,,https://webgate.ec.europa.eu/tracesnt/directory/listing/establishment/publication/index#!/view/LT/GENERAL_ACTIVITY_ESTABLISHMENT
535,UAB VIA 3L LT,LT 41-01,GEN,General activity establishment - EU,CS - Cold Stores,Minsko pl. 55,Kuprioniškės,LT-13279,Vilnius County,Lithuania,2021-03-25,,https://webgate.ec.europa.eu/tracesnt/directory/listing/establishment/publication/index#!/view/LT/GENERAL_ACTIVITY_ESTABLISHMENT
536,UAB VIKEDA,53-05P,GEN,General activity establishment - EU,CS - Cold Stores,"J.Basanavičiaus g 2B, Kėdainiai",Kėdainiai,LT-57151,Kaunas County,Lithuania,2021-03-18,,https://webgate.ec.europa.eu/tracesnt/directory/listing/establishment/publication/index#!/view/LT/GENERAL_ACTIVITY_ESTABLISHMENT
537,UAB VIČIŪNAI IR KO,135571967,GEN,General activity establishment - EU,WM - Wholesale Market,Karaliaus Mindaugo pr. 38.,Kaunas,LT-44307,Kaunas County,Lithuania,2024-01-25,,https://webgate.ec.europa.eu/tracesnt/directory/listing/establishment/publication/index#!/view/LT/GENERAL_ACTIVITY_ESTABLISHMENT
538,UAB VLANTANA,LT 55-09 EB,GEN,General activity establishment - EU,CS - Cold Stores; WM - Wholesale Market,"Dvaro g.1, LT-92498 Gobergiškės k. Klaipėdos r.",Gobergiškė,LT-96173,Klaipeda County,Lithuania,2021-03-12,,https://webgate.ec.europa.eu/tracesnt/directory/listing/establishment/publication/index#!/view/LT/GENERAL_ACTIVITY_ESTABLISHMENT
539,UAB VPA Logistics,LT 21-36 EB,GEN,General activity establishment - EU,CS - Cold Stores; WM - Wholesale Market,"Stariškės g. 25, Laistų k., Dovilų sen., Klaipėdos r. sav.",Laistai,LT-95369,Klaipeda County,Lithuania,2022-12-07,,https://webgate.ec.europa.eu/tracesnt/directory/listing/establishment/publication/index#!/view/LT/GENERAL_ACTIVITY_ESTABLISHMENT
540,UAB Vadus,190011701,GEN,General activity establishment - EU,WM - Wholesale Market,"Pramonės pr. 16F, Kaunas",Kaunas,LT-51178,Kaunas County,Lithuania,2021-03-18,,https://webgate.ec.europa.eu/tracesnt/directory/listing/establishment/publication/index#!/view/LT/GENERAL_ACTIVITY_ESTABLISHMENT
541,UAB Vikeda,190011766,GEN,General activity establishment - EU,WM - Wholesale Market,Taikos pr. 96,Kaunas,LT-51178,Kaunas County,Lithuania,2021-03-18,,https://webgate.ec.europa.eu/tracesnt/directory/listing/establishment/publication/index#!/view/LT/GENERAL_ACTIVITY_ESTABLISHMENT
542,UAB Vikeda,520001360,GEN,General activity establishment - EU,WM - Wholesale Market,"Alšėnų g. 8, Kampiškiai, Alšėnų sen., Kauno r.",Juragiai,LT-53303,Kaunas County,Lithuania,2021-03-18,,https://webgate.ec.europa.eu/tracesnt/directory/listing/establishment/publication/index#!/view/LT/GENERAL_ACTIVITY_ESTABLISHMENT
543,UAB Vikeda,520001361,GEN,General activity establishment - EU,WM - Wholesale Market,"Marijampolės g. 27, Pagiriai, Garliavos sen., Kauno r.",Pagiriai,LT-53282,Kaunas County,Lithuania,2021-03-18,,https://webgate.ec.europa.eu/tracesnt/directory/listing/establishment/publication/index#!/view/LT/GENERAL_ACTIVITY_ESTABLISHMENT
544,UAB Vilniaus Citma,LT 01-34,GEN,General activity establishment - EU,CS - Cold Stores; WM - Wholesale Market,Kirtimų g. 57A,Vilnius,02244,Vilnius County,Lithuania,2021-03-25,,https://webgate.ec.europa.eu/tracesnt/directory/listing/establishment/publication/index#!/view/LT/GENERAL_ACTIVITY_ESTABLISHMENT
545,UAB Vilniaus bakalėja,LT 01-08 EB,GEN,General activity establishment - EU,CS - Cold Stores,Kirtimų g. 47,Vilnius,02244,Vilnius County,Lithuania,2021-03-25,,https://webgate.ec.europa.eu/tracesnt/directory/listing/establishment/publication/index#!/view/LT/GENERAL_ACTIVITY_ESTABLISHMENT
546,UAB Vilnė,01-53,GEN,General activity establishment - EU,WM - Wholesale Market; CS - Cold Stores,"Kirtimų g. 57D-101, Vilnius",Vilnius,LT-02244,Vilnius County,Lithuania,2025-10-29,,https://webgate.ec.europa.eu/tracesnt/directory/listing/establishment/publication/index#!/view/LT/GENERAL_ACTIVITY_ESTABLISHMENT
547,UAB Vingės Transsphere logistika,LT 79-02 EB,GEN,General activity establishment - EU,CS - Cold Stores,"2 SAUSIU K, LENTVARIS",Vilniškės,LT-14292,Vilnius County,Lithuania,2021-03-25,,https://webgate.ec.europa.eu/tracesnt/directory/listing/establishment/publication/index#!/view/LT/GENERAL_ACTIVITY_ESTABLISHMENT
548,UAB Vipita,190011178,GEN,General activity establishment - EU,WM - Wholesale Market,"Taikos pr. 94, Kaunas",Kaunas,LT-51178,Kaunas County,Lithuania,2021-03-19,,https://webgate.ec.europa.eu/tracesnt/directory/listing/establishment/publication/index#!/view/LT/GENERAL_ACTIVITY_ESTABLISHMENT
549,UAB Vičiūnai ir KO,190011844,GEN,General activity establishment - EU,WM - Wholesale Market,"Savanorių pr. 404G, Kaunas",Kaunas,LT-50300,Kaunas County,Lithuania,2021-03-18,,https://webgate.ec.europa.eu/tracesnt/directory/listing/establishment/publication/index#!/view/LT/GENERAL_ACTIVITY_ESTABLISHMENT
550,UAB Vičiūnai ir KO,520002055,GEN,General activity establishment - EU,WM - Wholesale Market,"Veterinarų g. 53, Biruliškių k., Karmėlavos sen., Kauno r.",Kaunas,LT-54469,Kaunas County,Lithuania,2021-03-18,,https://webgate.ec.europa.eu/tracesnt/directory/listing/establishment/publication/index#!/view/LT/GENERAL_ACTIVITY_ESTABLISHMENT
551,UAB Vičiūnai ir KO,520001167,GEN,General activity establishment - EU,WM - Wholesale Market,"Industrijos g. 1, Biruliškių k., Karmėlavos sen., Kauno r.",Kaunas,LT-54469,Kaunas County,Lithuania,2021-03-18,,https://webgate.ec.europa.eu/tracesnt/directory/listing/establishment/publication/index#!/view/LT/GENERAL_ACTIVITY_ESTABLISHMENT
552,UAB Vičiūnai ir partneriai,520001874,GEN,General activity establishment - EU,WM - Wholesale Market,"Industrijos g. 1, Biruliškės, Karmėlavos sen., Kauno r.",Kaunas,LT-54469,Kaunas County,Lithuania,2021-03-18,,https://webgate.ec.europa.eu/tracesnt/directory/listing/establishment/publication/index#!/view/LT/GENERAL_ACTIVITY_ESTABLISHMENT
553,UAB Vičiūnai ir partneriai,190011862,GEN,General activity establishment - EU,WM - Wholesale Market,"Savanorių pr. 404G, Kaunas",Kaunas,LT-50300,Kaunas County,Lithuania,2021-03-18,,https://webgate.ec.europa.eu/tracesnt/directory/listing/establishment/publication/index#!/view/LT/GENERAL_ACTIVITY_ESTABLISHMENT
554,UAB Vlantana,55-34,GEN,General activity establishment - EU,CS - Cold Stores,"Klaipėdos r. sav., Dauparų-Kvietinių sen., Gobergiškės k., Dvaro g. 4",Gobergiškė,LT-96173,Klaipeda County,Lithuania,2026-03-02,,https://webgate.ec.europa.eu/tracesnt/directory/listing/establishment/publication/index#!/view/LT/GENERAL_ACTIVITY_ESTABLISHMENT
555,UAB Vytas ir KO,190010758,GEN,General activity establishment - EU,WM - Wholesale Market,"Taikos pr. 94, Kaunas",Kaunas,LT-51178,Kaunas County,Lithuania,2021-03-19,,https://webgate.ec.europa.eu/tracesnt/directory/listing/establishment/publication/index#!/view/LT/GENERAL_ACTIVITY_ESTABLISHMENT
556,UAB Zeinarus,190011743,GEN,General activity establishment - EU,WM - Wholesale Market,"Europos pr. 36, Kaunas",Kaunas,LT-46369,Kaunas County,Lithuania,2021-03-18,,https://webgate.ec.europa.eu/tracesnt/directory/listing/establishment/publication/index#!/view/LT/GENERAL_ACTIVITY_ESTABLISHMENT
557,UAB Šaldymo technologijos,LT66-08 EB,GEN,General activity establishment - EU,CS - Cold Stores,"Nausodės g. 33, Paviešečių k., Panevėžio r.",Paviešečiai,LT-38365,Panevezys County,Lithuania,2021-03-16,,https://webgate.ec.europa.eu/tracesnt/directory/listing/establishment/publication/index#!/view/LT/GENERAL_ACTIVITY_ESTABLISHMENT
558,UAB Žemaitijos pienas,LT 01-12,GEN,General activity establishment - EU,CS - Cold Stores; RW - Re-wrapping Establishment; WM - Wholesale Market,Algirdo g. 40/13,Vilnius,03230,Vilnius County,Lithuania,2021-03-25,,https://webgate.ec.europa.eu/tracesnt/directory/listing/establishment/publication/index#!/view/LT/GENERAL_ACTIVITY_ESTABLISHMENT
559,UAB Žuvies šaldytuvai,LT 01-21,GEN,General activity establishment - EU,CS - Cold Stores,V.A. Graičiūno g. 22,Vilnius,02241,Vilnius County,Lithuania,2021-03-25,,https://webgate.ec.europa.eu/tracesnt/directory/listing/establishment/publication/index#!/view/LT/GENERAL_ACTIVITY_ESTABLISHMENT
560,UAB „Gardama“,LT 88-07 EB,GEN,General activity establishment - EU,CS - Cold Stores,"Liepų g. 2, Gardamas, LT-99417 Šilutės r.",Gardamas,LT-99417,Klaipeda County,Lithuania,2021-03-17,,https://webgate.ec.europa.eu/tracesnt/directory/listing/establishment/publication/index#!/view/LT/GENERAL_ACTIVITY_ESTABLISHMENT
561,UAB „Jūros Vėjas“,LT 88-06 EB,GEN,General activity establishment - EU,CS - Cold Stores,"K. Donelaičio g. 9F, Rusnė, LT-99344, Šilutės r. sav.",Rusnė,LT-99350,Klaipeda County,Lithuania,2021-03-18,,https://webgate.ec.europa.eu/tracesnt/directory/listing/establishment/publication/index#!/view/LT/GENERAL_ACTIVITY_ESTABLISHMENT
562,UAB „Kintai“,LT 88-05 EB,GEN,General activity establishment - EU,CS - Cold Stores,"Povilų g. 1, Povilai, Kintų sen., LT- 99360, Šilutės r. sav.,",Povilai,,Klaipeda County,Lithuania,2021-03-18,,https://webgate.ec.europa.eu/tracesnt/directory/listing/establishment/publication/index#!/view/LT/GENERAL_ACTIVITY_ESTABLISHMENT
563,"UAB, PRODINVEST EU",130016966,GEN,General activity establishment - EU,CS - Cold Stores,"Nemėžio sen., Kupriotiškės, Terminalo g. 6",Vilnius,02243,Vilnius County,Lithuania,2021-12-14,,https://webgate.ec.europa.eu/tracesnt/directory/listing/establishment/publication/index#!/view/LT/GENERAL_ACTIVITY_ESTABLISHMENT
564,"UAB“Aisytės Mėsinė""",LT88-08 EB,GEN,General activity establishment - EU,CS - Cold Stores,"Klaipėdos apskr., Šilutės r. sav., Saugų sen., Sakūtėliai, Žolynų g. 8",Sakūtėliai,LT-99402,Klaipeda County,Lithuania,2021-03-17,,https://webgate.ec.europa.eu/tracesnt/directory/listing/establishment/publication/index#!/view/LT/GENERAL_ACTIVITY_ESTABLISHMENT
565,VESTEY FOODS BALTICS UAB,LT 27-11 EB,GEN,General activity establishment - EU,CS - Cold Stores,Kėdainių g. 25,Panevėžys,LT-36255,Panevezys County,Lithuania,2023-08-01,,https://webgate.ec.europa.eu/tracesnt/directory/listing/establishment/publication/index#!/view/LT/GENERAL_ACTIVITY_ESTABLISHMENT
566,VG MARINE FOODS UAB,302629799,GEN,General activity establishment - EU,WM - Wholesale Market,"Kauno apskr., Kauno r. sav., Karmėlavos sen., Biruliškių k., Industrijos g. 1",Biruliškės,LT-54469,Kaunas County,Lithuania,2025-10-23,,https://webgate.ec.europa.eu/tracesnt/directory/listing/establishment/publication/index#!/view/LT/GENERAL_ACTIVITY_ESTABLISHMENT
567,VILNIAUS TRANZITAS; UAB,01-30,GEN,General activity establishment - EU,WM - Wholesale Market; CS - Cold Stores,J.Dobkevičiaus str. 7,Vilnius,02189,Vilnius County,Lithuania,2021-03-10,,https://webgate.ec.europa.eu/tracesnt/directory/listing/establishment/publication/index#!/view/LT/GENERAL_ACTIVITY_ESTABLISHMENT
568,Vingės terminalas; UAB,LT 41-06,GEN,General activity establishment - EU,CS - Cold Stores,Minsko pl. 202,Bareikiškiu k.,13176,,Lithuania,2021-03-25,,https://webgate.ec.europa.eu/tracesnt/directory/listing/establishment/publication/index#!/view/LT/GENERAL_ACTIVITY_ESTABLISHMENT
569,Vitalija Ginelevičienė,520001690,GEN,General activity establishment - EU,WM - Wholesale Market,"Sodų g. 1, Domeikava, Domeikavos sen., Kauno r.",Domeikava,LT-54358,Kaunas County,Lithuania,2021-03-19,,https://webgate.ec.europa.eu/tracesnt/directory/listing/establishment/publication/index#!/view/LT/GENERAL_ACTIVITY_ESTABLISHMENT
570,Vladislav Bojarun,LT 85-01,GEN,General activity establishment - EU,CS - Cold Stores,Lakštingalų g. 4,Buikų k.,LT-17245,Vilnius County,Lithuania,2021-03-19,,https://webgate.ec.europa.eu/tracesnt/directory/listing/establishment/publication/index#!/view/LT/GENERAL_ACTIVITY_ESTABLISHMENT
571,uab alsių paukštynas,LT-47-26 EB,GEN,General activity establishment - EU,CS - Cold Stores; RW - Re-wrapping Establishment; WM - Wholesale Market,"Joniškis, V. Kudirkos 2,",Joniškis,LT-84133,Siauliai County,Lithuania,2024-09-25,,https://webgate.ec.europa.eu/tracesnt/directory/listing/establishment/publication/index#!/view/LT/GENERAL_ACTIVITY_ESTABLISHMENT
572,Č. Zachaževskij IĮ,LT 79-05,GEN,General activity establishment - EU,CS - Cold Stores,"Kranto g. 7, Paluknio k., Paluknio sen., Trakų r.",Trakai,LT-21110,Vilnius County,Lithuania,2022-02-09,,https://webgate.ec.europa.eu/tracesnt/directory/listing/establishment/publication/index#!/view/LT/GENERAL_ACTIVITY_ESTABLISHMENT
573,"ŽŪB ,,Nematekas""",LT49-04EB,GEN,General activity establishment - EU,RW - Re-wrapping Establishment,"Rusonių g.19, Dovainonių k., Rumšiškių sen., Kaišiadorių r. sav.",Dovainonys,LT-56335,Kaunas County,Lithuania,2021-03-18,,https://webgate.ec.europa.eu/tracesnt/directory/listing/establishment/publication/index#!/view/LT/GENERAL_ACTIVITY_ESTABLISHMENT
574,ŽŪK Pienas LT,520001922,GEN,General activity establishment - EU,WM - Wholesale Market,"Martinavos g. 8, Martinavos k., Karmėlavos sen., Kauno r.",Martinava,LT-52249,Kaunas County,Lithuania,2021-03-18,,https://webgate.ec.europa.eu/tracesnt/directory/listing/establishment/publication/index#!/view/LT/GENERAL_ACTIVITY_ESTABLISHMENT
575,ŽŪK STRUČIŲ GENETIKOS CENTRAS,190004140,GEN,General activity establishment - EU,WM - Wholesale Market,"Kauno apskr., Kauno m. sav., Kaunas, Europos pr. 38",Kaunas,LT-46369,Kaunas County,Lithuania,2021-03-19,,https://webgate.ec.europa.eu/tracesnt/directory/listing/establishment/publication/index#!/view/LT/GENERAL_ACTIVITY_ESTABLISHMENT
576,ŽŪK STRUČIŲ GENETIKOS CENTRAS,190003366,GEN,General activity establishment - EU,WM - Wholesale Market,"Kauno apskr., Kauno m. sav., Kaunas, Europos pr. 124",Kaunas,LT-46351,Kaunas County,Lithuania,2021-03-19,,https://webgate.ec.europa.eu/tracesnt/directory/listing/establishment/publication/index#!/view/LT/GENERAL_ACTIVITY_ESTABLISHMENT
577,"BALTIC CASTINGS, UAB",LT 11-03,CAS,"Treated stomachs, bladders and intestines: casings only",PP - Processing Plant,Pramonės g. 31,Alytus,LT-62175,Alytus County,Lithuania,2021-03-18,,https://webgate.ec.europa.eu/tracesnt/directory/listing/establishment/publication/index#!/view/LT/TREATED_STOMACHS_BLADDERS_AND_INTESTINES_CASING_ONLY
578,"BIOVELA-UTENOS MĖSA, UAB",LT 17 EB,CAS,"Treated stomachs, bladders and intestines: casings only",PP - Processing Plant,Pramonės g. 4,Utena,28216,Utena County,Lithuania,2021-03-19,,https://webgate.ec.europa.eu/tracesnt/directory/listing/establishment/publication/index#!/view/LT/TREATED_STOMACHS_BLADDERS_AND_INTESTINES_CASING_ONLY
579,UAB AISVITA,LT 11-02,CAS,"Treated stomachs, bladders and intestines: casings only",PP - Processing Plant,Pievų g. 11,Alytus,LT-62175,Alytus County,Lithuania,2021-03-18,,https://webgate.ec.europa.eu/tracesnt/directory/listing/establishment/publication/index#!/view/LT/TREATED_STOMACHS_BLADDERS_AND_INTESTINES_CASING_ONLY
580,UAB SBE,LT 62-01 EB,CAS,"Treated stomachs, bladders and intestines: casings only",PP - Processing Plant,"Suojos g. 5, Runionių k., Alantos sen., Molėtų r. sav.",Runionys,LT-33315,Utena County,Lithuania,2025-03-18,"{'translation': 'Treated stomachs, bladders and intestines', 'code': 'st'}",https://webgate.ec.europa.eu/tracesnt/directory/listing/establishment/publication/index#!/view/LT/TREATED_STOMACHS_BLADDERS_AND_INTESTINES_CASING_ONLY
581,"Uždaroji akcinė bendrovė ""Romnesa""",LT45-10EB,CAS,"Treated stomachs, bladders and intestines: casings only",PP - Processing Plant,"Liepų g.4, Ceikinių k., Ceikinių  sen., Ignalinos r.sav, LT-30185",Ceikiniai,,Utena County,Lithuania,2021-03-19,,https://webgate.ec.europa.eu/tracesnt/directory/listing/establishment/publication/index#!/view/LT/TREATED_STOMACHS_BLADDERS_AND_INTESTINES_CASING_ONLY
582,"Van Hessen Lithuania, UAB",LT 01-17,CAS,"Treated stomachs, bladders and intestines: casings only",PP - Processing Plant,Titnago g. 15,Vilnius,02300,Vilnius County,Lithuania,2021-03-25,,https://webgate.ec.europa.eu/tracesnt/directory/listing/establishment/publication/index#!/view/LT/TREATED_STOMACHS_BLADDERS_AND_INTESTINES_CASING_ONLY
583,UAB Camargo,LT 41-03 EB,FLS,Frogs' legs and snails,PP - Processing Plant,"Pakalnės g. 7, Bezdonys",Bezdonys,LT-15203,Vilnius County,Lithuania,2021-03-25,,https://webgate.ec.europa.eu/tracesnt/directory/listing/establishment/publication/index#!/view/LT/FROGS_LEGS_AND_SNAILS_EU
584,UAB DARVĖJA    LT 71-03,303063941,FLS,Frogs' legs and snails,PP - Processing Plant,"ŽVEJŲ  10, ŠEDUVA, RADVILIŠKIO RAJ.",Šeduva,LT-82228,Siauliai County,Lithuania,2021-03-18,,https://webgate.ec.europa.eu/tracesnt/directory/listing/establishment/publication/index#!/view/LT/FROGS_LEGS_AND_SNAILS_EU
585,UAB EMERTA,43-03,FLS,Frogs' legs and snails,PP - Processing Plant,"Paskardiškis, Salako sen., Zarasų r. sav.",Paskardiškis,LT-32216,Utena County,Lithuania,2021-03-18,,https://webgate.ec.europa.eu/tracesnt/directory/listing/establishment/publication/index#!/view/LT/FROGS_LEGS_AND_SNAILS_EU
586,UAB GARDUMELI,01-10,FLS,Frogs' legs and snails,PP - Processing Plant,Retkonių g. 4,Vilnius,LT-11114,Vilnius County,Lithuania,2021-03-10,,https://webgate.ec.europa.eu/tracesnt/directory/listing/establishment/publication/index#!/view/LT/FROGS_LEGS_AND_SNAILS_EU
587,Ūkininkas Aivaras Pliatkus,711344901728,FLS,Frogs' legs and snails,PP - Processing Plant,"Radviliškio r. sav. Aukštelkų sen. Aukštelkų k. Liaudiškių g. 4, LITHUANIA",Aukštelkai,LT-82486,Siauliai County,Lithuania,2024-03-04,,https://webgate.ec.europa.eu/tracesnt/directory/listing/establishment/publication/index#!/view/LT/FROGS_LEGS_AND_SNAILS_EU
588,Ūkininko Ernesto Vaičiaus ūkis,LT49-16EB,FLS,Frogs' legs and snails,PP - Processing Plant,"Žaslių g. 11, Žiežmariai, Kaišiadorių r. sav.",Žiežmariai,LT-56235,Kaunas County,Lithuania,2021-03-18,,https://webgate.ec.europa.eu/tracesnt/directory/listing/establishment/publication/index#!/view/LT/FROGS_LEGS_AND_SNAILS_EU
589,A. MEŠKAUSKO IĮ SKERDYKLA,53-03,RM,Meat of domestic ungulates,SH - Slaughterhouse,"Kauno g. 32B, Kėdainiai",Kėdainiai,LT-57244,Kaunas County,Lithuania,2022-01-07,,https://webgate.ec.europa.eu/tracesnt/directory/listing/establishment/publication/index#!/view/LT/MEAT_OF_DOMESTIC_UNGULATES_EU
590,A. Ramanausko individuali įmonė gyvulių skerdykla,LT 66-19 EB,RM,Meat of domestic ungulates,SH - Slaughterhouse,"Rabikių g., Rabikių k., Panevėžio r.",Rabikiai,LT-38301,Panevezys County,Lithuania,2025-04-24,"{'translation': 'Suidae', 'code': 'P'}",https://webgate.ec.europa.eu/tracesnt/directory/listing/establishment/publication/index#!/view/LT/MEAT_OF_DOMESTIC_UNGULATES_EU
591,A.Mišeikio įmonė,32-03,RM,Meat of domestic ungulates,CP - Cutting Plant,"Smiltinė 20, Akmenės sen., Akmenės r. sav., Šiaulių apskr.",Smiltinė,LT-85365,Siauliai County,Lithuania,2021-03-15,,https://webgate.ec.europa.eu/tracesnt/directory/listing/establishment/publication/index#!/view/LT/MEAT_OF_DOMESTIC_UNGULATES_EU
592,AB Kiaulių veislininkystė,303212036,RM,Meat of domestic ungulates,SH - Slaughterhouse; CP - Cutting Plant,"Jadvimpolio k., Baisogalos sen., Radviliškio r.",Jadvimpolio k.,LT-82329,Siauliai County,Lithuania,2021-03-18,,https://webgate.ec.europa.eu/tracesnt/directory/listing/establishment/publication/index#!/view/LT/MEAT_OF_DOMESTIC_UNGULATES_EU
593,Artūras Padimanskas,LT 39-07,RM,Meat of domestic ungulates,SH - Slaughterhouse,"V. Pietario g. 1, Bebrininkų k., Pilviškių sen., Vilkaviškio r. sav.",Bebrininkai,LT-70301,Marijampole County,Lithuania,2021-03-09,,https://webgate.ec.europa.eu/tracesnt/directory/listing/establishment/publication/index#!/view/LT/MEAT_OF_DOMESTIC_UNGULATES_EU
594,"BIOVELA-UTENOS MĖSA, UAB",LT 17 EB,RM,Meat of domestic ungulates,SH - Slaughterhouse; CP - Cutting Plant,Pramonės g. 4,Utena,28216,Utena County,Lithuania,2025-01-24,"{'translation': 'Bovinae', 'code': 'B'}; {'translation': 'Ovis aries', 'code': 'O'}; {'translation': 'Suidae', 'code': 'P'}",https://webgate.ec.europa.eu/tracesnt/directory/listing/establishment/publication/index#!/view/LT/MEAT_OF_DOMESTIC_UNGULATES_EU
595,Birutės Revuckienės IĮ,Lt-12-04,RM,Meat of domestic ungulates,SH - Slaughterhouse,Birštono sav.LT-59451,Nemajūnai,,Kaunas County,Lithuania,2021-03-17,,https://webgate.ec.europa.eu/tracesnt/directory/listing/establishment/publication/index#!/view/LT/MEAT_OF_DOMESTIC_UNGULATES_EU
596,Dainoros Račkauskienės ind. įmonė,61-17,RM,Meat of domestic ungulates,CP - Cutting Plant,"Bažnyčios g. 17, Mažeikiai, Mažeikių sen., Mažeikių r. sav., Telšių apskr.",Mažeikiai,LT-89232,Telsiai County,Lithuania,2021-03-15,,https://webgate.ec.europa.eu/tracesnt/directory/listing/establishment/publication/index#!/view/LT/MEAT_OF_DOMESTIC_UNGULATES_EU
597,Deimantė Krivickaitė,53-14,RM,Meat of domestic ungulates,SH - Slaughterhouse,"Norkūnų k.,Krakių s.,Kėdainių r.",Norkūnai,,Kaunas County,Lithuania,2022-01-10,,https://webgate.ec.europa.eu/tracesnt/directory/listing/establishment/publication/index#!/view/LT/MEAT_OF_DOMESTIC_UNGULATES_EU
598,Edmundas Valatka,Lt-12-03 EB,RM,Meat of domestic ungulates,SH - Slaughterhouse,"Gryšios g. 10, Nečiūnai, Birštono sav. LT-59452",Nečiūnai,LT-59218,Kaunas County,Lithuania,2021-03-17,,https://webgate.ec.europa.eu/tracesnt/directory/listing/establishment/publication/index#!/view/LT/MEAT_OF_DOMESTIC_UNGULATES_EU
599,Ingrida Kirvaitienė,LT 39-05,RM,Meat of domestic ungulates,CP - Cutting Plant,"M. Valančiaus g. 73, Vilkaviškis",Vilkaviškis,LT-70132,Marijampole County,Lithuania,2021-03-09,,https://webgate.ec.europa.eu/tracesnt/directory/listing/establishment/publication/index#!/view/LT/MEAT_OF_DOMESTIC_UNGULATES_EU
600,Juozas Burbulevičius,LT--69-03 EB,RM,Meat of domestic ungulates,SH - Slaughterhouse,"Lelijų g. 4, Giniūnai, Prienų r.",Giniūnai,LT-59301,Kaunas County,Lithuania,2021-03-17,,https://webgate.ec.europa.eu/tracesnt/directory/listing/establishment/publication/index#!/view/LT/MEAT_OF_DOMESTIC_UNGULATES_EU
601,Kooperatyvas  Gera mėsa,63-01,RM,Meat of domestic ungulates,CP - Cutting Plant,"Tauragės apskr., Pagėgių sav., Stoniškių sen., Šilgaliai, Vilkos g. 2",Šilgaliai,LT-99290,Taurage County,Lithuania,2021-03-17,,https://webgate.ec.europa.eu/tracesnt/directory/listing/establishment/publication/index#!/view/LT/MEAT_OF_DOMESTIC_UNGULATES_EU
602,Kristina Kučinskienė,LT 18-08,RM,Meat of domestic ungulates,SH - Slaughterhouse; CP - Cutting Plant,"Sasnos g. 5, Kantališkių k., Sasnavos  sen., Marijampolės sav.",Kantališkiai,LT-69481,Marijampole County,Lithuania,2021-03-12,,https://webgate.ec.europa.eu/tracesnt/directory/listing/establishment/publication/index#!/view/LT/MEAT_OF_DOMESTIC_UNGULATES_EU
603,Laima Rinkevičienė,LT 33-02,RM,Meat of domestic ungulates,SH - Slaughterhouse,"Nemuno g. 56, Panemuninkų k., Alytaus sen., Alytaus r. sav.",Panemuninkai,LT-62185,Alytus County,Lithuania,2021-03-09,,https://webgate.ec.europa.eu/tracesnt/directory/listing/establishment/publication/index#!/view/LT/MEAT_OF_DOMESTIC_UNGULATES_EU
604,"MB ""Gurmanas""",61-07,RM,Meat of domestic ungulates,CP - Cutting Plant,"Melioratorių g. 1C-1, Mažeikiai. Mažeikių sen., Mažeikių r. sav., Telšių apskr.",Mažeikiai,LT-89145,Telsiai County,Lithuania,2021-03-15,,https://webgate.ec.europa.eu/tracesnt/directory/listing/establishment/publication/index#!/view/LT/MEAT_OF_DOMESTIC_UNGULATES_EU
605,"MB ""Kiaulienos ūkis""",LT 18-17 EB,RM,Meat of domestic ungulates,SH - Slaughterhouse,"Patašinės g. 44, Patašinės k., Marijampolės sen., Marijampolės sav.",Patašinė,LT-69104,Marijampole County,Lithuania,2022-09-12,"{'translation': 'Suidae', 'code': 'P'}",https://webgate.ec.europa.eu/tracesnt/directory/listing/establishment/publication/index#!/view/LT/MEAT_OF_DOMESTIC_UNGULATES_EU
606,"MB ""Laigrida""",LT 39-21,RM,Meat of domestic ungulates,CP - Cutting Plant,"Gluosnių g. 1, Čyčkų k., Šeimenos sen., Vilkaviškio r. sav.",Vilkaviškis,LT-70138,Marijampole County,Lithuania,2021-03-14,,https://webgate.ec.europa.eu/tracesnt/directory/listing/establishment/publication/index#!/view/LT/MEAT_OF_DOMESTIC_UNGULATES_EU
607,"MB ""Mėsos klubas""",41-22,RM,Meat of domestic ungulates,CP - Cutting Plant,"Vilniaus r. sav., Sudervės sen., Buiniškių k., Adomo Mickevičiaus g. 253",Buiniškės,LT-14202,Vilnius County,Lithuania,2026-03-02,,https://webgate.ec.europa.eu/tracesnt/directory/listing/establishment/publication/index#!/view/LT/MEAT_OF_DOMESTIC_UNGULATES_EU
608,"MB ""Suvalkijos mėsos gaminiai""",LT 18-10,RM,Meat of domestic ungulates,CP - Cutting Plant,"Parko g. 3, Narto k., Liudvinavo sen., Marijampolės sav.",Nartas,LT-68124,Marijampole County,Lithuania,2021-03-09,,https://webgate.ec.europa.eu/tracesnt/directory/listing/establishment/publication/index#!/view/LT/MEAT_OF_DOMESTIC_UNGULATES_EU
609,MB Žibartonių mėsa,LT66-02 EB,RM,Meat of domestic ungulates,SH - Slaughterhouse; CP - Cutting Plant,"Žibartonių g.50, Žibartonių k., Panevėžio r.",Žibartoniai,LT-38301,Panevezys County,Lithuania,2025-04-24,"{'translation': 'Bovinae', 'code': 'B'}; {'translation': 'Suidae', 'code': 'P'}",https://webgate.ec.europa.eu/tracesnt/directory/listing/establishment/publication/index#!/view/LT/MEAT_OF_DOMESTIC_UNGULATES_EU
610,"MBA FOOD, UAB",52-03,RM,Meat of domestic ungulates,CP - Cutting Plant,"Parko g. 8, Bubių k., Batniavos sen., Kauno raj.",Bubiai,LT-54189,Kaunas County,Lithuania,2021-03-19,,https://webgate.ec.europa.eu/tracesnt/directory/listing/establishment/publication/index#!/view/LT/MEAT_OF_DOMESTIC_UNGULATES_EU
611,"Maxima LT, UAB",19-42,RM,Meat of domestic ungulates,CP - Cutting Plant,"Savanorių pr. 255, Kaunas",Kaunas,LT-50147,Kaunas County,Lithuania,2021-03-19,,https://webgate.ec.europa.eu/tracesnt/directory/listing/establishment/publication/index#!/view/LT/MEAT_OF_DOMESTIC_UNGULATES_EU
612,R. Pinaičio IĮ,LT 94-15 EB,RM,Meat of domestic ungulates,SH - Slaughterhouse; CP - Cutting Plant,"Ateities g. 5, Girdžiai, Girdžių sen., Jurbarko r. sav., Tauragės apskr.",Girdžiai,,Taurage County,Lithuania,2021-03-19,,https://webgate.ec.europa.eu/tracesnt/directory/listing/establishment/publication/index#!/view/LT/MEAT_OF_DOMESTIC_UNGULATES_EU
613,R.Valiulio individuali įmonė,73-05,RM,Meat of domestic ungulates,SH - Slaughterhouse,"Juozapavos k. 3, Rokiškio km. sen., Rokiškio r. sav.",Juozapavos k.,LT-42103,Panevezys County,Lithuania,2025-04-24,"{'translation': 'Bovinae', 'code': 'B'}; {'translation': 'Ovis aries', 'code': 'O'}; {'translation': 'Suidae', 'code': 'P'}",https://webgate.ec.europa.eu/tracesnt/directory/listing/establishment/publication/index#!/view/LT/MEAT_OF_DOMESTIC_UNGULATES_EU
614,R.ŠLEPIENĖS ĮMONĖ,LT 72-08,RM,Meat of domestic ungulates,SH - Slaughterhouse,Jono Pauliaus II g.13,Šiluva,LT-60432,Kaunas County,Lithuania,2021-03-19,,https://webgate.ec.europa.eu/tracesnt/directory/listing/establishment/publication/index#!/view/LT/MEAT_OF_DOMESTIC_UNGULATES_EU
615,Romualdo Karbausko ind.įmonė,61-05,RM,Meat of domestic ungulates,CP - Cutting Plant,"Pumpurų g.25, Reivyčiai, Reivyčių sen., Mažeikių r.sav., Telšių apskr.",Reivyčiai,LT-89301,Telsiai County,Lithuania,2021-03-17,,https://webgate.ec.europa.eu/tracesnt/directory/listing/establishment/publication/index#!/view/LT/MEAT_OF_DOMESTIC_UNGULATES_EU
616,"UAB ""Gergidita""",18-02,RM,Meat of domestic ungulates,CP - Cutting Plant,"Šešupės g. 66, Mokolų k., Šunskų sen., Marijampolės sav.",Mokolai,LT-69360,Marijampole County,Lithuania,2021-03-09,,https://webgate.ec.europa.eu/tracesnt/directory/listing/establishment/publication/index#!/view/LT/MEAT_OF_DOMESTIC_UNGULATES_EU
617,"UAB ""Jautienos guru""",LT 84-11,RM,Meat of domestic ungulates,CP - Cutting Plant,"Valių g. 25b, Giedručių k., Šakių sen., Šakių r. sav.",Giedručiai,LT-71104,Marijampole County,Lithuania,2022-09-12,,https://webgate.ec.europa.eu/tracesnt/directory/listing/establishment/publication/index#!/view/LT/MEAT_OF_DOMESTIC_UNGULATES_EU
618,"UAB ""Klaipėdos mėsinė""",88-24,RM,Meat of domestic ungulates,CP - Cutting Plant,"Tauragės apskr., Pagėgių sav., Stoniškių sen., Šilgaliai, Vilkos g. 2",Šilgaliai,LT-99290,Taurage County,Lithuania,2021-03-17,,https://webgate.ec.europa.eu/tracesnt/directory/listing/establishment/publication/index#!/view/LT/MEAT_OF_DOMESTIC_UNGULATES_EU
619,"UAB ""Leketai""",LT 51-08,RM,Meat of domestic ungulates,SH - Slaughterhouse,"Patašinės g. 44, Patašinės k., Marijampolės sen., Marijampolės sav.",Patašinė,LT-69047,Marijampole County,Lithuania,2021-03-09,,https://webgate.ec.europa.eu/tracesnt/directory/listing/establishment/publication/index#!/view/LT/MEAT_OF_DOMESTIC_UNGULATES_EU
620,"UAB ""Linegis""",LT 88-25 EB,RM,Meat of domestic ungulates,SH - Slaughterhouse,"Šaulių g.4, Gardamas, LT- 99417, Šilutės r. sav",Gardamas,LT-99417,Klaipeda County,Lithuania,2021-03-17,,https://webgate.ec.europa.eu/tracesnt/directory/listing/establishment/publication/index#!/view/LT/MEAT_OF_DOMESTIC_UNGULATES_EU
621,"UAB ""Magnuva""",LT 19-31,RM,Meat of domestic ungulates,CP - Cutting Plant,"Europos pr. 122, Kaunas",Kaunas,LT-46351,Kaunas County,Lithuania,2021-03-09,,https://webgate.ec.europa.eu/tracesnt/directory/listing/establishment/publication/index#!/view/LT/MEAT_OF_DOMESTIC_UNGULATES_EU
622,"UAB ""Mažeikių Mėsinė""",61-01,RM,Meat of domestic ungulates,CP - Cutting Plant,"Troškučių g. 2, Mažeikiai, Mažeikių r.sav",Mažeikiai,LT-89100,Telsiai County,Lithuania,2021-03-16,,https://webgate.ec.europa.eu/tracesnt/directory/listing/establishment/publication/index#!/view/LT/MEAT_OF_DOMESTIC_UNGULATES_EU
623,"UAB ""Provincijos mėsa""",LT 39-08,RM,Meat of domestic ungulates,CP - Cutting Plant,"Rūdos k., Gižų sen., Vilkaviškio r. sav.",Gižai,LT-70314,Marijampole County,Lithuania,2021-03-12,,https://webgate.ec.europa.eu/tracesnt/directory/listing/establishment/publication/index#!/view/LT/MEAT_OF_DOMESTIC_UNGULATES_EU
624,"UAB ""RIMI LIETUVA""",42-11,RM,Meat of domestic ungulates,CP - Cutting Plant,"Migūčionių g. 1, Migūčionių k., Elektrėnų sen., Elektrėnų sav.",Gilučiai,LT-26131,Vilnius County,Lithuania,2026-09-09,,https://webgate.ec.europa.eu/tracesnt/directory/listing/establishment/publication/index#!/view/LT/MEAT_OF_DOMESTIC_UNGULATES_EU
625,"UAB ""Samsonas""",LT 84-02,RM,Meat of domestic ungulates,SH - Slaughterhouse; CP - Cutting Plant,"Sodų g. 23, Vilkeliškių k., Šakių sen., Šakių r. sav.",Vilkeliškiai,LT-71124,Marijampole County,Lithuania,2021-03-09,,https://webgate.ec.europa.eu/tracesnt/directory/listing/establishment/publication/index#!/view/LT/MEAT_OF_DOMESTIC_UNGULATES_EU
626,"UAB ""Senieji Teresės mėsos gaminiai""",LT 58-01,RM,Meat of domestic ungulates,CP - Cutting Plant,"Dariaus ir Girėno g. 3a, Kazlų Rūda",Kazlų Rūda,LT-69428,Marijampole County,Lithuania,2021-03-09,,https://webgate.ec.europa.eu/tracesnt/directory/listing/establishment/publication/index#!/view/LT/MEAT_OF_DOMESTIC_UNGULATES_EU
627,"UAB ""Vamėsa""",LT 58-02,RM,Meat of domestic ungulates,CP - Cutting Plant,"Čečetų k. 7, Kazlų Rūdos sen., Kazlų Rūdos sav.",Čečetai,LT-69394,Marijampole County,Lithuania,2021-03-09,,https://webgate.ec.europa.eu/tracesnt/directory/listing/establishment/publication/index#!/view/LT/MEAT_OF_DOMESTIC_UNGULATES_EU
628,"UAB ""Vigesta""",61-12,RM,Meat of domestic ungulates,CP - Cutting Plant,"Naikių g. 16, Mažeikiai, Mažeikių r. sav.",Mažeikiai,LT-89126,Telsiai County,Lithuania,2021-03-16,,https://webgate.ec.europa.eu/tracesnt/directory/listing/establishment/publication/index#!/view/LT/MEAT_OF_DOMESTIC_UNGULATES_EU
629,"UAB ""Šilo garsai""",19-29,RM,Meat of domestic ungulates,CP - Cutting Plant,"Europos pr. 122, Kaunas",Kaunas,LT-46351,Kaunas County,Lithuania,2022-03-02,,https://webgate.ec.europa.eu/tracesnt/directory/listing/establishment/publication/index#!/view/LT/MEAT_OF_DOMESTIC_UNGULATES_EU
630,"UAB ,,Benerta""",LT49-19EB,RM,Meat of domestic ungulates,CP - Cutting Plant,"Kriaučiškių g. 4, Kriaučiškių k., Žiežmarių apyl. sen. ,Kaišiadorių r. sav., LT-56117",Kriaučiškės,,Kaunas County,Lithuania,2021-03-18,,https://webgate.ec.europa.eu/tracesnt/directory/listing/establishment/publication/index#!/view/LT/MEAT_OF_DOMESTIC_UNGULATES_EU
631,UAB AGARAS,LT 36-09,RM,Meat of domestic ungulates,SH - Slaughterhouse,"Agaro g. 5, Balandiškių k., Pabiržės sen., Biržų r.",Balandiškiai,LT-41383,Panevezys County,Lithuania,2025-04-24,"{'translation': 'Bovinae', 'code': 'B'}; {'translation': 'Suidae', 'code': 'P'}",https://webgate.ec.europa.eu/tracesnt/directory/listing/establishment/publication/index#!/view/LT/MEAT_OF_DOMESTIC_UNGULATES_EU
632,UAB Avirginida,87-09,RM,Meat of domestic ungulates,CP - Cutting Plant; SH - Slaughterhouse,"L. Ivinskio g. 55, 75113 Vingininkai, Šilalės kaimiškoji sen., Šilalės r. sav.",Šilalė,,Taurage County,Lithuania,2021-10-20,,https://webgate.ec.europa.eu/tracesnt/directory/listing/establishment/publication/index#!/view/LT/MEAT_OF_DOMESTIC_UNGULATES_EU
633,UAB CANTALE,18-16,RM,Meat of domestic ungulates,SH - Slaughterhouse,"Sasnos g. 5, Kantališkių k., Sasnavos sen., Marijampolės sav.",Kantališkiai,LT-69481,Marijampole County,Lithuania,2022-03-31,"{'translation': 'Ovis aries', 'code': 'O'}",https://webgate.ec.europa.eu/tracesnt/directory/listing/establishment/publication/index#!/view/LT/MEAT_OF_DOMESTIC_UNGULATES_EU
634,UAB Cesta,LT 41-05,RM,Meat of domestic ungulates,SH - Slaughterhouse,Riešės g. 10,Riešė,LT-14260,Vilnius County,Lithuania,2023-06-09,,https://webgate.ec.europa.eu/tracesnt/directory/listing/establishment/publication/index#!/view/LT/MEAT_OF_DOMESTIC_UNGULATES_EU
635,UAB Dainiai,LT94-16EB,RM,Meat of domestic ungulates,SH - Slaughterhouse; CP - Cutting Plant,Eržvilko g. 7,Dainiai,LT-74112,Taurage County,Lithuania,2021-11-18,,https://webgate.ec.europa.eu/tracesnt/directory/listing/establishment/publication/index#!/view/LT/MEAT_OF_DOMESTIC_UNGULATES_EU
636,UAB Dargita tau,19-07,RM,Meat of domestic ungulates,CP - Cutting Plant,"Samylų g. 17, Kaunas",Kaunas,LT-45444,Kaunas County,Lithuania,2021-03-19,,https://webgate.ec.europa.eu/tracesnt/directory/listing/establishment/publication/index#!/view/LT/MEAT_OF_DOMESTIC_UNGULATES_EU
637,UAB Eiginta,19-03,RM,Meat of domestic ungulates,CP - Cutting Plant,"Panerių g., 58, Kaunas",Kaunas,LT-48349,Kaunas County,Lithuania,2021-03-19,,https://webgate.ec.europa.eu/tracesnt/directory/listing/establishment/publication/index#!/view/LT/MEAT_OF_DOMESTIC_UNGULATES_EU
638,UAB Eigirdžių agrofirma,LT 78-02 EB,RM,Meat of domestic ungulates,SH - Slaughterhouse,Telšės g.11,Eigirdžiai,LT-88127,Telsiai County,Lithuania,2021-03-19,,https://webgate.ec.europa.eu/tracesnt/directory/listing/establishment/publication/index#!/view/LT/MEAT_OF_DOMESTIC_UNGULATES_EU
639,UAB Farmers circle processing,81-12,RM,Meat of domestic ungulates,CP - Cutting Plant; SH - Slaughterhouse,"Žirgyno g. 11, Radiškio k., Žemaitkiemio sen., Ukmergės r. sav.",Radiškis,LT-20364,Vilnius County,Lithuania,2026-06-01,,https://webgate.ec.europa.eu/tracesnt/directory/listing/establishment/publication/index#!/view/LT/MEAT_OF_DOMESTIC_UNGULATES_EU
640,UAB GERANTA IR PARTNERIAI,77-18,RM,Meat of domestic ungulates,CP - Cutting Plant,"Tauragės apskr., Tauragės r. sav., Tauragės miesto sen., Tauragė, Gedimino g. 50",Tauragė,LT-72185,Taurage County,Lithuania,2021-03-17,,https://webgate.ec.europa.eu/tracesnt/directory/listing/establishment/publication/index#!/view/LT/MEAT_OF_DOMESTIC_UNGULATES_EU
641,UAB Genetiniai ištekliai,304979983,RM,Meat of domestic ungulates,CP - Cutting Plant; SH - Slaughterhouse,"Arimaičių g. 1, Pavartyčių k., Šeduvos miesto sen., Radviliškio r.",Pavartyčių k.,LT-82215,Siauliai County,Lithuania,2021-11-16,,https://webgate.ec.europa.eu/tracesnt/directory/listing/establishment/publication/index#!/view/LT/MEAT_OF_DOMESTIC_UNGULATES_EU
642,UAB Gyveta,LT66-01 EB,RM,Meat of domestic ungulates,SH - Slaughterhouse; CP - Cutting Plant,"Klevų g. 42A, Vaivadų k., Panevėžio r 
LT 38444",Vaivadai,LT-35115,Panevezys County,Lithuania,2021-03-16,,https://webgate.ec.europa.eu/tracesnt/directory/listing/establishment/publication/index#!/view/LT/MEAT_OF_DOMESTIC_UNGULATES_EU
643,UAB JATKANČIŲ MĖSINĖ,77-23,RM,Meat of domestic ungulates,CP - Cutting Plant,"Tauragės apskr., Tauragės r. sav., Tauragės sen., Jatkančių k.",Jatkančiai,LT-72179,Taurage County,Lithuania,2021-03-17,,https://webgate.ec.europa.eu/tracesnt/directory/listing/establishment/publication/index#!/view/LT/MEAT_OF_DOMESTIC_UNGULATES_EU
644,UAB Jurbarkų mėsa,LT 94-04 EB,RM,Meat of domestic ungulates,SH - Slaughterhouse; CP - Cutting Plant,"Daržų g. 10, Jurbarkų k.,  Jurbarkų sen., Jurbarko r. sav., Tauragės apskr.",Jurbarkai,LT-74112,Taurage County,Lithuania,2021-03-19,,https://webgate.ec.europa.eu/tracesnt/directory/listing/establishment/publication/index#!/view/LT/MEAT_OF_DOMESTIC_UNGULATES_EU
645,UAB KAIMIŠKAS DŪMAS,77-32,RM,Meat of domestic ungulates,CP - Cutting Plant,"Tauragės apskr., Tauragės r. sav., Tauragės sen., Dacijonai",Dacijonai,,Taurage County,Lithuania,2021-03-17,,https://webgate.ec.europa.eu/tracesnt/directory/listing/establishment/publication/index#!/view/LT/MEAT_OF_DOMESTIC_UNGULATES_EU
646,UAB KREKENAVOS AGROFIRMA,LT53-04EB,RM,Meat of domestic ungulates,SH - Slaughterhouse,"Mantvilonių k. 1, Kėdainių miesto sen. Kėdainių r",Mantviloniai,LT-57346,Kaunas County,Lithuania,2022-07-05,,https://webgate.ec.europa.eu/tracesnt/directory/listing/establishment/publication/index#!/view/LT/MEAT_OF_DOMESTIC_UNGULATES_EU
647,UAB KUŽIŲ MĖSA,LT91-01EB,RM,Meat of domestic ungulates,SH - Slaughterhouse,"Žalioji g. 2D, Amalių k., Kužių sen., Šiaulių r. LT-80263",Kužiai,LT-80265,Siauliai County,Lithuania,2022-01-10,,https://webgate.ec.europa.eu/tracesnt/directory/listing/establishment/publication/index#!/view/LT/MEAT_OF_DOMESTIC_UNGULATES_EU
648,UAB Kazena,52-22,RM,Meat of domestic ungulates,CP - Cutting Plant,"Verslo g. 3, Virbališkių k., Ringaudų sen., Kauno raj.",Virbališkiai,LT-53458,Kaunas County,Lithuania,2021-03-17,,https://webgate.ec.europa.eu/tracesnt/directory/listing/establishment/publication/index#!/view/LT/MEAT_OF_DOMESTIC_UNGULATES_EU
649,UAB Minriga,52-23,RM,Meat of domestic ungulates,CP - Cutting Plant,"Rytmečio g. 10, Voškoniai, Kauno raj.",Voškoniai,LT-54346,Kaunas County,Lithuania,2021-03-19,,https://webgate.ec.europa.eu/tracesnt/directory/listing/establishment/publication/index#!/view/LT/MEAT_OF_DOMESTIC_UNGULATES_EU
650,UAB Oksvidos mėsa,LT57-10 EB,RM,Meat of domestic ungulates,SH - Slaughterhouse,"Stuburų 1, Salamiesčio k., Alizavos sen., Kupiškio r., LT-40438",Salamiestis,LT-40438,Panevezys County,Lithuania,2025-04-24,"{'translation': 'Bovinae', 'code': 'B'}; {'translation': 'Ovis aries', 'code': 'O'}; {'translation': 'Suidae', 'code': 'P'}",https://webgate.ec.europa.eu/tracesnt/directory/listing/establishment/publication/index#!/view/LT/MEAT_OF_DOMESTIC_UNGULATES_EU
651,UAB Olkusjana,LT 85-18,RM,Meat of domestic ungulates,SH - Slaughterhouse,Lydos g. 32,Jasiūnai,LT-17247,Vilnius County,Lithuania,2023-06-08,,https://webgate.ec.europa.eu/tracesnt/directory/listing/establishment/publication/index#!/view/LT/MEAT_OF_DOMESTIC_UNGULATES_EU
652,UAB RIVONA,87-10,RM,Meat of domestic ungulates,SH - Slaughterhouse; CP - Cutting Plant,"Sodininkų g. 3, 75110 Struikai, Šilalės kaimiškoji sen., Šilalės r. sav.",Šilalė,,Taurage County,Lithuania,2021-10-20,,https://webgate.ec.europa.eu/tracesnt/directory/listing/establishment/publication/index#!/view/LT/MEAT_OF_DOMESTIC_UNGULATES_EU
653,UAB Raučulys,52-08,RM,Meat of domestic ungulates,CP - Cutting Plant,"Čekiškės g. 86, Vilkija, Kauno raj.",Vilkija,LT-54221,Kaunas County,Lithuania,2021-03-19,,https://webgate.ec.europa.eu/tracesnt/directory/listing/establishment/publication/index#!/view/LT/MEAT_OF_DOMESTIC_UNGULATES_EU
654,UAB Revijoma,61-04,RM,Meat of domestic ungulates,SH - Slaughterhouse; CP - Cutting Plant,"Viekšnių g. 33, Užventes km. Viekšniu sen. Mažeikių r. sav., Telšių apskr.",Užventes k.,LT-89494,Telsiai County,Lithuania,2021-03-17,,https://webgate.ec.europa.eu/tracesnt/directory/listing/establishment/publication/index#!/view/LT/MEAT_OF_DOMESTIC_UNGULATES_EU
655,UAB Rimi Lietuva,19-09,RM,Meat of domestic ungulates,CP - Cutting Plant,"Islandijos pl. 32, Kaunas",Kaunas,LT-47446,Kaunas County,Lithuania,2021-03-19,,https://webgate.ec.europa.eu/tracesnt/directory/listing/establishment/publication/index#!/view/LT/MEAT_OF_DOMESTIC_UNGULATES_EU
656,UAB SENASIS MALŪNAS,87-01,RM,Meat of domestic ungulates,CP - Cutting Plant,"Bažnyčios g. 1, 75102 Balsiai, Šilalės kaimiškoji sen., Šilalės r. sav.",Šilalė,,Taurage County,Lithuania,2021-10-20,,https://webgate.ec.europa.eu/tracesnt/directory/listing/establishment/publication/index#!/view/LT/MEAT_OF_DOMESTIC_UNGULATES_EU
657,UAB Sedva,19-12,RM,Meat of domestic ungulates,CP - Cutting Plant,"Europos pr. 106 A, Kaunas",Kaunas,LT-46351,Kaunas County,Lithuania,2021-03-17,,https://webgate.ec.europa.eu/tracesnt/directory/listing/establishment/publication/index#!/view/LT/MEAT_OF_DOMESTIC_UNGULATES_EU
658,UAB Skaistės mėsa,19-22,RM,Meat of domestic ungulates,CP - Cutting Plant,"Marijampolės pl. 14, Kaunas",Kaunas,LT-45447,Kaunas County,Lithuania,2021-03-19,,https://webgate.ec.europa.eu/tracesnt/directory/listing/establishment/publication/index#!/view/LT/MEAT_OF_DOMESTIC_UNGULATES_EU
659,UAB Stoniškių žara,88-33,RM,Meat of domestic ungulates,CP - Cutting Plant,"Tauragės apskr., Pagėgių sav., Stoniškių sen., Rukai, Vilties g. 1",Rukai,LT-99290,Taurage County,Lithuania,2021-03-17,,https://webgate.ec.europa.eu/tracesnt/directory/listing/establishment/publication/index#!/view/LT/MEAT_OF_DOMESTIC_UNGULATES_EU
660,UAB Takažolė,LT 62-04 EB,RM,Meat of domestic ungulates,SH - Slaughterhouse,"Molėtų r. sav., Čiulėnų sen., Toliejų k., Aukštakalnio g. 5",Toliejai,,Utena County,Lithuania,2025-07-16,"{'translation': 'Suidae', 'code': 'P'}",https://webgate.ec.europa.eu/tracesnt/directory/listing/establishment/publication/index#!/view/LT/MEAT_OF_DOMESTIC_UNGULATES_EU
661,UAB VITANEDA,77-11,RM,Meat of domestic ungulates,SH - Slaughterhouse; CP - Cutting Plant,"Tauragės apskr., Tauragės r. sav., Skaudvilės sen., Skaudvilė, Maironio skg. 14",Skaudvilė,LT-73436,Taurage County,Lithuania,2021-03-16,,https://webgate.ec.europa.eu/tracesnt/directory/listing/establishment/publication/index#!/view/LT/MEAT_OF_DOMESTIC_UNGULATES_EU
662,UAB Vikonas,LT 34-02 EB,RM,Meat of domestic ungulates,SH - Slaughterhouse,"Panevėžio g. 3B, Janušavos km., Kavarsko sen., Anykščių raj",Janušava,LT-29257,Utena County,Lithuania,2021-03-30,,https://webgate.ec.europa.eu/tracesnt/directory/listing/establishment/publication/index#!/view/LT/MEAT_OF_DOMESTIC_UNGULATES_EU
663,UAB Švaistūnas,19-08,RM,Meat of domestic ungulates,CP - Cutting Plant,"Vandžiogalos pl. 98, Kaunas",Kaunas,LT-47470,Kaunas County,Lithuania,2021-03-19,,https://webgate.ec.europa.eu/tracesnt/directory/listing/establishment/publication/index#!/view/LT/MEAT_OF_DOMESTIC_UNGULATES_EU
664,UAB „Gardama“,LT 88-07 EB,RM,Meat of domestic ungulates,CP - Cutting Plant,"Liepų g. 2, Gardamas, LT-99417 Šilutės r.",Gardamas,LT-99417,Klaipeda County,Lithuania,2021-03-17,,https://webgate.ec.europa.eu/tracesnt/directory/listing/establishment/publication/index#!/view/LT/MEAT_OF_DOMESTIC_UNGULATES_EU
665,UAB „Pas Virgą“,LT 88-09 EB,RM,Meat of domestic ungulates,CP - Cutting Plant,"Pergalės a. 2, Žemaičių Naumiestis, LT-99206 Šilutės r.",Žemaičių Naumiestis,LT-99207,Klaipeda County,Lithuania,2021-03-17,,https://webgate.ec.europa.eu/tracesnt/directory/listing/establishment/publication/index#!/view/LT/MEAT_OF_DOMESTIC_UNGULATES_EU
666,"UAB“Aisytės Mėsinė""",LT88-08 EB,RM,Meat of domestic ungulates,CP - Cutting Plant,"Klaipėdos apskr., Šilutės r. sav., Saugų sen., Sakūtėliai, Žolynų g. 8",Sakūtėliai,LT-99402,Klaipeda County,Lithuania,2021-03-17,,https://webgate.ec.europa.eu/tracesnt/directory/listing/establishment/publication/index#!/view/LT/MEAT_OF_DOMESTIC_UNGULATES_EU
667,V. Baliūno individuali įmonė,LT 66-21 EB,RM,Meat of domestic ungulates,SH - Slaughterhouse,"Durpyno g.6, Paežerio k., Panevėžio r.",Paežerys I,LT-35115,Panevezys County,Lithuania,2025-04-24,"{'translation': 'Bovinae', 'code': 'B'}; {'translation': 'Ovis aries', 'code': 'O'}; {'translation': 'Suidae', 'code': 'P'}",https://webgate.ec.europa.eu/tracesnt/directory/listing/establishment/publication/index#!/view/LT/MEAT_OF_DOMESTIC_UNGULATES_EU
668,V. Kartenio firma „Elektrėnų mėsa“,LT 79-20,RM,Meat of domestic ungulates,SH - Slaughterhouse,"Elektrėnų sav., Kietaviškių sen., Obenių k.",Obeniai,LT-26110,Vilnius County,Lithuania,2023-06-13,,https://webgate.ec.europa.eu/tracesnt/directory/listing/establishment/publication/index#!/view/LT/MEAT_OF_DOMESTIC_UNGULATES_EU
669,V. Urbono Mėsos Gamybos Įmonė,LT 55-24 EB,RM,Meat of domestic ungulates,SH - Slaughterhouse,"Verslo g. 11, Kretingalė, LT- 96332 Klaipėdos r.",Kretingalė,LT-96337,Klaipeda County,Lithuania,2021-03-15,,https://webgate.ec.europa.eu/tracesnt/directory/listing/establishment/publication/index#!/view/LT/MEAT_OF_DOMESTIC_UNGULATES_EU
670,Vaidanto Jurgelevičiaus įmonė,LT45-07EB,RM,Meat of domestic ungulates,SH - Slaughterhouse,"Pusvarsnėliai 8., Linkmenų sen., Ignalinos r. sav., LT-30216",Pusvarsnėliai,,Utena County,Lithuania,2025-04-24,"{'translation': 'Bovinae', 'code': 'B'}; {'translation': 'Ovis aries', 'code': 'O'}; {'translation': 'Capra hircus', 'code': 'C'}",https://webgate.ec.europa.eu/tracesnt/directory/listing/establishment/publication/index#!/view/LT/MEAT_OF_DOMESTIC_UNGULATES_EU
671,Č. Zachaževskij IĮ,LT 79-05,RM,Meat of domestic ungulates,SH - Slaughterhouse,"Kranto g. 7, Paluknio k., Paluknio sen., Trakų r.",Trakai,LT-21110,Vilnius County,Lithuania,2023-06-13,,https://webgate.ec.europa.eu/tracesnt/directory/listing/establishment/publication/index#!/view/LT/MEAT_OF_DOMESTIC_UNGULATES_EU
672,ĮI AIRONA,77-09,RM,Meat of domestic ungulates,SH - Slaughterhouse; CP - Cutting Plant,"Tauragės apskr., Tauragės r. sav., Skaudvilės sen., Šidagiai",Tauragė,LT-72185,Taurage County,Lithuania,2021-03-16,,https://webgate.ec.europa.eu/tracesnt/directory/listing/establishment/publication/index#!/view/LT/MEAT_OF_DOMESTIC_UNGULATES_EU
673,ŪKININKĖs LAIMUTĖS SUGINTIENĖS ŪKIS,77-06,RM,Meat of domestic ungulates,SH - Slaughterhouse; CP - Cutting Plant,"Tauragės apskr., Tauragės r. sav., Žygaičių sen., Girininkai 6",Tauragė,LT-72253,Taurage County,Lithuania,2021-03-16,,https://webgate.ec.europa.eu/tracesnt/directory/listing/establishment/publication/index#!/view/LT/MEAT_OF_DOMESTIC_UNGULATES_EU
674,ŪKININKŲ LAIMOS IR IMEDO MONKŲ MĖSOS CH.,87-04,RM,Meat of domestic ungulates,CP - Cutting Plant,"Svirno g. 8, 75117 Lingiškė, Traksėdžio sen., Šilalės r. sav.",Šilalė,,Taurage County,Lithuania,2021-10-20,,https://webgate.ec.europa.eu/tracesnt/directory/listing/establishment/publication/index#!/view/LT/MEAT_OF_DOMESTIC_UNGULATES_EU
675,Ūkininkas Eimantas Vasiliauskas,61-10,RM,Meat of domestic ungulates,CP - Cutting Plant,"A. Baranausko g. 12A, Mažeikiai, Mažeikių sen., Mažeikių r. sav., Telšių apskr.",Mažeikiai,LT-89224,Telsiai County,Lithuania,2021-03-15,,https://webgate.ec.europa.eu/tracesnt/directory/listing/establishment/publication/index#!/view/LT/MEAT_OF_DOMESTIC_UNGULATES_EU
676,Ūkininkas H. Gineika,LT57-02 EB,RM,Meat of domestic ungulates,CP - Cutting Plant,"Mazgeliškių k., Šimonių sen., Kupiškio r. LT-40312",Mazgeliškiai,,Panevezys County,Lithuania,2021-03-19,,https://webgate.ec.europa.eu/tracesnt/directory/listing/establishment/publication/index#!/view/LT/MEAT_OF_DOMESTIC_UNGULATES_EU
677,Ūkininkas Ladas Katinas,LT 34-05 EB,RM,Meat of domestic ungulates,SH - Slaughterhouse; CP - Cutting Plant,Žvejų g. 76A Anykščiai,Anykšciai,29147,Utena County,Lithuania,2021-03-30,,https://webgate.ec.europa.eu/tracesnt/directory/listing/establishment/publication/index#!/view/LT/MEAT_OF_DOMESTIC_UNGULATES_EU
678,Ūkininko A. Petrėno gyvulių skerdykla,43-04,RM,Meat of domestic ungulates,SH - Slaughterhouse,"Akmens g. 6, Samanių k., Suvieko sen., Zarasų r. sav.",Samaniai,,Utena County,Lithuania,2025-04-24,"{'translation': 'Bovinae', 'code': 'B'}",https://webgate.ec.europa.eu/tracesnt/directory/listing/establishment/publication/index#!/view/LT/MEAT_OF_DOMESTIC_UNGULATES_EU
679,Ūkininko A. Čimolonsko gyvulių skerdykla,LT66-06 EB,RM,Meat of domestic ungulates,SH - Slaughterhouse,"Bernotų k., Panevėžio r.",Bernotai,LT-38441,Panevezys County,Lithuania,2021-03-16,,https://webgate.ec.europa.eu/tracesnt/directory/listing/establishment/publication/index#!/view/LT/MEAT_OF_DOMESTIC_UNGULATES_EU
680,Ūkininko Algio Bukausko ūkis,LT 81-07,RM,Meat of domestic ungulates,SH - Slaughterhouse,"Alionių k., Pivonijos sen.",Alionys,,Vilnius County,Lithuania,2023-06-07,,https://webgate.ec.europa.eu/tracesnt/directory/listing/establishment/publication/index#!/view/LT/MEAT_OF_DOMESTIC_UNGULATES_EU
681,Ūkininko Audriaus Banionio galvijų skerdykla,52-30,RM,Meat of domestic ungulates,SH - Slaughterhouse,"Centrinė g. 28, Margininkų k., Taurakiemio sen., Kauno r.",Margininkai,LT-53180,Kaunas County,Lithuania,2021-03-16,,https://webgate.ec.europa.eu/tracesnt/directory/listing/establishment/publication/index#!/view/LT/MEAT_OF_DOMESTIC_UNGULATES_EU
682,Ūkininko Audriaus Banionio ūkio skerdykla,52-14,RM,Meat of domestic ungulates,SH - Slaughterhouse,"Kepyklos g. 8, Margininkų k., Taurakiemio sen., Kauno raj.",Margininkai,LT-53180,Kaunas County,Lithuania,2021-03-16,,https://webgate.ec.europa.eu/tracesnt/directory/listing/establishment/publication/index#!/view/LT/MEAT_OF_DOMESTIC_UNGULATES_EU
683,Ūkininko Audriaus Banionio ūkis,52-07,RM,Meat of domestic ungulates,CP - Cutting Plant,"Kepyklos g. 8, Margininkų k., Taurakiemio sen., Kauno raj.",Margininkai,LT-53180,Kaunas County,Lithuania,2024-01-25,,https://webgate.ec.europa.eu/tracesnt/directory/listing/establishment/publication/index#!/view/LT/MEAT_OF_DOMESTIC_UNGULATES_EU
684,Ūkininko Kazimiero Baginsko mėsos cechas,68-01,RM,Meat of domestic ungulates,SH - Slaughterhouse,"Varkalių k., Nausodžio sen., Plungės r. sav.",Varkaliai,LT-90104,Telsiai County,Lithuania,2023-06-09,"{'translation': 'Bovinae', 'code': 'B'}; {'translation': 'Suidae', 'code': 'P'}",https://webgate.ec.europa.eu/tracesnt/directory/listing/establishment/publication/index#!/view/LT/MEAT_OF_DOMESTIC_UNGULATES_EU
685,Ūkininko Mindaugo Ralio ūkio avių skerdykla,LT45-01 EB,RM,Meat of domestic ungulates,SH - Slaughterhouse,"Dvaro g.2., Ligūnų k., Kazitiškio sen., Ignalinos r. sav, LT-30263",Ligūnai,,Utena County,Lithuania,2021-03-21,,https://webgate.ec.europa.eu/tracesnt/directory/listing/establishment/publication/index#!/view/LT/MEAT_OF_DOMESTIC_UNGULATES_EU
686,Ūkininkė Audronė Žilienė,LT72-04,RM,Meat of domestic ungulates,SH - Slaughterhouse,"Algimantų k., Ariogalos sen., Raseinių r. sav.",Algimantai,,Kaunas County,Lithuania,2024-09-09,,https://webgate.ec.europa.eu/tracesnt/directory/listing/establishment/publication/index#!/view/LT/MEAT_OF_DOMESTIC_UNGULATES_EU
687,Žemės ūkio UAB Pauliukai,46-01,RM,Meat of domestic ungulates,SH - Slaughterhouse; CP - Cutting Plant,"Kauno apskr. Jonavos r. sav., Žeimių sen., Juškonių k., Jonavos g. 1",Pauliukai,LT-55402,Kaunas County,Lithuania,2022-10-04,,https://webgate.ec.europa.eu/tracesnt/directory/listing/establishment/publication/index#!/view/LT/MEAT_OF_DOMESTIC_UNGULATES_EU
688,ŽŪB KONTAUTĖLIAI,87-11,RM,Meat of domestic ungulates,CP - Cutting Plant,"Kantautaliai 10, 75404, Laukuvos sen., Šilalės r. sav.",Šilalė,,Taurage County,Lithuania,2021-10-20,,https://webgate.ec.europa.eu/tracesnt/directory/listing/establishment/publication/index#!/view/LT/MEAT_OF_DOMESTIC_UNGULATES_EU
689,AB Kaišiadorių paukštynas,LT49-01EB,PM,Meat from poultry and lagomorphs,SH - Slaughterhouse; CP - Cutting Plant,"Kaišiadorys, Paukštininkų g. 15",Kaišiadorys,LT-56110,Kaunas County,Lithuania,2021-03-18,,https://webgate.ec.europa.eu/tracesnt/directory/listing/establishment/publication/index#!/view/LT/MEAT_FROM_POULTRY_AND_LAGOMORPHS_EU
690,AB Vilniaus paukštynas,LT 41-28 EU,PM,Meat from poultry and lagomorphs,SH - Slaughterhouse; CP - Cutting Plant,Gamyklos g. 27,Rudamina,LT-13249,Vilnius County,Lithuania,2025-06-12,,https://webgate.ec.europa.eu/tracesnt/directory/listing/establishment/publication/index#!/view/LT/MEAT_FROM_POULTRY_AND_LAGOMORPHS_EU
691,Halina Levandovskaja,41-020 M,PM,Meat from poultry and lagomorphs,SH - Slaughterhouse,Upelio g. 1,Gineitiškės,LT-14166,Vilnius County,Lithuania,2021-03-16,,https://webgate.ec.europa.eu/tracesnt/directory/listing/establishment/publication/index#!/view/LT/MEAT_FROM_POULTRY_AND_LAGOMORPHS_EU
692,Juozo Žydelio IĮ,LT 39-02,PM,Meat from poultry and lagomorphs,CP - Cutting Plant,"Rimgaudo g. 26, Vilkaviškis",Vilkaviškis,LT-70138,Marijampole County,Lithuania,2021-03-09,,https://webgate.ec.europa.eu/tracesnt/directory/listing/establishment/publication/index#!/view/LT/MEAT_FROM_POULTRY_AND_LAGOMORPHS_EU
693,Ričardo Lapinsko ūkis,LT 54-08,PM,Meat from poultry and lagomorphs,SH - Slaughterhouse,"Vilbėno g.23, Verpenos k., Kelmės apyl .sen., Kelmės r. sav. LT- 86105",Kelmė,LT-86137,Siauliai County,Lithuania,2025-04-03,,https://webgate.ec.europa.eu/tracesnt/directory/listing/establishment/publication/index#!/view/LT/MEAT_FROM_POULTRY_AND_LAGOMORPHS_EU
694,UAB  SCANDI STANDARD - BALTICS,47-08,PM,Meat from poultry and lagomorphs,SH - Slaughterhouse; CP - Cutting Plant,"Liliškių k. 4, Skaistgirio sen. LT-84389 , Joniškio r. sav.",Liliškės,,Siauliai County,Lithuania,2024-05-27,"{'translation': 'Poultry', 'code': 'A'}",https://webgate.ec.europa.eu/tracesnt/directory/listing/establishment/publication/index#!/view/LT/MEAT_FROM_POULTRY_AND_LAGOMORPHS_EU
695,"UAB ""Krekenavos agrofirma""",LT 51-07,PM,Meat from poultry and lagomorphs,SH - Slaughterhouse; CP - Cutting Plant,"Vasaros g. 1, Skriaudučio k., Marijampolės sen., Marijampolės sav.",Skriaudutis,LT-68185,Marijampole County,Lithuania,2021-03-09,,https://webgate.ec.europa.eu/tracesnt/directory/listing/establishment/publication/index#!/view/LT/MEAT_FROM_POULTRY_AND_LAGOMORPHS_EU
696,"UAB ""RIMI LIETUVA""",42-11,PM,Meat from poultry and lagomorphs,CP - Cutting Plant,"Migūčionių g. 1, Migūčionių k., Elektrėnų sen., Elektrėnų sav.",Gilučiai,LT-26131,Vilnius County,Lithuania,2026-09-09,,https://webgate.ec.europa.eu/tracesnt/directory/listing/establishment/publication/index#!/view/LT/MEAT_FROM_POULTRY_AND_LAGOMORPHS_EU
697,"UAB ,,Girelės paukštynas""",LT49-02EB,PM,Meat from poultry and lagomorphs,SH - Slaughterhouse; CP - Cutting Plant,"Paukštininkų g. 38, Kaišiadorys",Kaišiadorys,LT-56110,Kaunas County,Lithuania,2021-03-18,,https://webgate.ec.europa.eu/tracesnt/directory/listing/establishment/publication/index#!/view/LT/MEAT_FROM_POULTRY_AND_LAGOMORPHS_EU
698,UAB Agromėsa,LT 42-03,PM,Meat from poultry and lagomorphs,SH - Slaughterhouse,"Elektrėnų sav., Vievio sen., Ausieniškių k., Paukštyno g. 9",Ausieniškių k.,LT-21365,Vilnius County,Lithuania,2021-03-22,,https://webgate.ec.europa.eu/tracesnt/directory/listing/establishment/publication/index#!/view/LT/MEAT_FROM_POULTRY_AND_LAGOMORPHS_EU
699,UAB Alevista,52-17,PM,Meat from poultry and lagomorphs,CP - Cutting Plant,"Ežero g. 46, Piliuonos k., Taurakiemio sen., Kauno raj.",Piliuona,LT-53182,Kaunas County,Lithuania,2021-03-19,,https://webgate.ec.europa.eu/tracesnt/directory/listing/establishment/publication/index#!/view/LT/MEAT_FROM_POULTRY_AND_LAGOMORPHS_EU
700,UAB Cesta,LT67-14 EB,PM,Meat from poultry and lagomorphs,SH - Slaughterhouse; CP - Cutting Plant,Pušaloto g. 2F,Mikoliškis,LT-39264,Panevezys County,Lithuania,2025-04-24,"{'translation': 'Poultry', 'code': 'A'}",https://webgate.ec.europa.eu/tracesnt/directory/listing/establishment/publication/index#!/view/LT/MEAT_FROM_POULTRY_AND_LAGOMORPHS_EU
701,UAB Euroginta,LT 41-014 M,PM,Meat from poultry and lagomorphs,SH - Slaughterhouse,A. Mickevičiaus g. 58,Papiškės,LT-06292,Vilnius County,Lithuania,2021-06-22,,https://webgate.ec.europa.eu/tracesnt/directory/listing/establishment/publication/index#!/view/LT/MEAT_FROM_POULTRY_AND_LAGOMORPHS_EU
702,UAB Orteda,19-28,PM,Meat from poultry and lagomorphs,CP - Cutting Plant,"Taikos pr. 98, Kaunas",Kaunas,LT-51176,Kaunas County,Lithuania,2021-03-19,,https://webgate.ec.europa.eu/tracesnt/directory/listing/establishment/publication/index#!/view/LT/MEAT_FROM_POULTRY_AND_LAGOMORPHS_EU
703,UAB Romega,52-27,PM,Meat from poultry and lagomorphs,CP - Cutting Plant,"S. Lozoraičio g. 17E, Garliava, Kauno raj.",Garliava,LT-50111,Kaunas County,Lithuania,2021-03-17,,https://webgate.ec.europa.eu/tracesnt/directory/listing/establishment/publication/index#!/view/LT/MEAT_FROM_POULTRY_AND_LAGOMORPHS_EU
704,Vaidos Vinčiauskienės ūkis,48-027,PM,Meat from poultry and lagomorphs,SH - Slaughterhouse,"Žalioji g. 9, Mikalaukos k., Kalvarijos sen., Kalvarijos sav.",Mikalauka,,Marijampole County,Lithuania,2022-03-31,"{'translation': 'Poultry', 'code': 'A'}",https://webgate.ec.europa.eu/tracesnt/directory/listing/establishment/publication/index#!/view/LT/MEAT_FROM_POULTRY_AND_LAGOMORPHS_EU
705,Ūkininkas  Valentin Juchnevič,LT 85-001,PM,Meat from poultry and lagomorphs,SH - Slaughterhouse,Anuliškių g. 7,Anuliškės,,Vilnius County,Lithuania,2021-03-26,,https://webgate.ec.europa.eu/tracesnt/directory/listing/establishment/publication/index#!/view/LT/MEAT_FROM_POULTRY_AND_LAGOMORPHS_EU
706,Ūkininkas Artūras Tkačenka,LT 41-010 M,PM,Meat from poultry and lagomorphs,SH - Slaughterhouse,"Vilniaus r., Padvarionių k., Medininkų sen.",Padvarionys,LT-21103,Vilnius County,Lithuania,2021-03-24,,https://webgate.ec.europa.eu/tracesnt/directory/listing/establishment/publication/index#!/view/LT/MEAT_FROM_POULTRY_AND_LAGOMORPHS_EU
707,Ūkininkas Vladas Baltuonis,LT 56-07 EB,PM,Meat from poultry and lagomorphs,CP - Cutting Plant; SH - Slaughterhouse,"Paukščių g. 9 Kalniškių k., LT-97319 Kretingos r. sav.",Kartena,LT-97340,Klaipeda County,Lithuania,2025-04-11,,https://webgate.ec.europa.eu/tracesnt/directory/listing/establishment/publication/index#!/view/LT/MEAT_FROM_POULTRY_AND_LAGOMORPHS_EU
708,Ūkininko Leono Rutkausko ūkis,LT 89-01,PM,Meat from poultry and lagomorphs,SH - Slaughterhouse,Širvintų g. 5,Motiejūnai,LT-19128,Vilnius County,Lithuania,2022-02-14,,https://webgate.ec.europa.eu/tracesnt/directory/listing/establishment/publication/index#!/view/LT/MEAT_FROM_POULTRY_AND_LAGOMORPHS_EU
709,Ūkininko Ričardo Kvekšo ūkis,LT 81-02,PM,Meat from poultry and lagomorphs,SH - Slaughterhouse,"Berzgainių k. 7, Žemaitkiemio sen.",Berzgainiai,,Vilnius County,Lithuania,2021-03-22,,https://webgate.ec.europa.eu/tracesnt/directory/listing/establishment/publication/index#!/view/LT/MEAT_FROM_POULTRY_AND_LAGOMORPHS_EU
710,Ūkininkė Jūratė Ancikienė,LT 91-04,PM,Meat from poultry and lagomorphs,SH - Slaughterhouse,"Marmų kaimas , Kužių sen. Šiaulių rajonas",Marmų k.,LT-81112,Siauliai County,Lithuania,2021-03-17,,https://webgate.ec.europa.eu/tracesnt/directory/listing/establishment/publication/index#!/view/LT/MEAT_FROM_POULTRY_AND_LAGOMORPHS_EU
711,"ŽŪB ,,Nematekas""",LT49-06EB,PM,Meat from poultry and lagomorphs,SH - Slaughterhouse; CP - Cutting Plant,"Uolės g. 10, Dovainonių k., Rumšiškių sen., Kaišiadorių r. sav.",Dovainonys,LT-56335,Kaunas County,Lithuania,2021-03-18,,https://webgate.ec.europa.eu/tracesnt/directory/listing/establishment/publication/index#!/view/LT/MEAT_FROM_POULTRY_AND_LAGOMORPHS_EU
712,Agnė Blechertienė,LT 18-14,EEP,Eggs and egg products,EPC - Egg-packing Centre,"Fazanų g. 6, Gustabūdžio k., Šunskų k., Marijampolės sav.",Gustabūdis,LT-69360,Marijampole County,Lithuania,2021-03-14,,https://webgate.ec.europa.eu/tracesnt/directory/listing/establishment/publication/index#!/view/LT/EGGS_AND_EGG_PRODUCTS_EU
713,Arūno Ševelio ūkis,46-08,EEP,Eggs and egg products,EPC - Egg-packing Centre,"Kauno apskr. Jonavos r. sav., Bukonių sen., Narauninkiškių k. 14",Narauninkiškiai,LT-55431,Kaunas County,Lithuania,2021-03-18,,https://webgate.ec.europa.eu/tracesnt/directory/listing/establishment/publication/index#!/view/LT/EGGS_AND_EGG_PRODUCTS_EU
714,Edvardas Gelažius,LT 84-05,EEP,Eggs and egg products,EPC - Egg-packing Centre,"Kerų k., Lukšių sen., Šakių r. sav.",Liepalotai,LT-69047,Marijampole County,Lithuania,2021-03-14,,https://webgate.ec.europa.eu/tracesnt/directory/listing/establishment/publication/index#!/view/LT/EGGS_AND_EGG_PRODUCTS_EU
715,"LIT EGG, UAB",68-70,EEP,Eggs and egg products,EPC - Egg-packing Centre,"Vyturio g.2, Plungės r. sav.",Kaušėnai,LT-90143,Telsiai County,Lithuania,2021-03-22,,https://webgate.ec.europa.eu/tracesnt/directory/listing/establishment/publication/index#!/view/LT/EGGS_AND_EGG_PRODUCTS_EU
716,MB Margas lukštas,52-20,EEP,Eggs and egg products,PP - Processing Plant,"Marčiupio g. 42, Smiltynų II k., Lapių sen., Kauno r.",Smiltynų II k.,LT-54424,Kaunas County,Lithuania,2021-03-19,,https://webgate.ec.europa.eu/tracesnt/directory/listing/establishment/publication/index#!/view/LT/EGGS_AND_EGG_PRODUCTS_EU
717,"UAB ,,Girelės paukštynas""",LT49-09EB,EEP,Eggs and egg products,EPC - Egg-packing Centre; LEP - Liquid Egg Plant,"Paukštininkų g. 38, Kaišiadorys",Kaišiadorys,LT-56110,Kaunas County,Lithuania,2021-10-25,,https://webgate.ec.europa.eu/tracesnt/directory/listing/establishment/publication/index#!/view/LT/EGGS_AND_EGG_PRODUCTS_EU
718,UAB Baltic egg production,68-09,EEP,Eggs and egg products,PP - Processing Plant; LEP - Liquid Egg Plant,"Birutės skg. 5, Plungės r. sav.",Maceniai,LT-90100,Telsiai County,Lithuania,2021-03-22,,https://webgate.ec.europa.eu/tracesnt/directory/listing/establishment/publication/index#!/view/LT/EGGS_AND_EGG_PRODUCTS_EU
719,UAB Europe eggs,68-04,EEP,Eggs and egg products,EPC - Egg-packing Centre,"Birutės sgk. 5, Plungės r. sav.",Maceniai,LT-90100,Telsiai County,Lithuania,2021-03-22,,https://webgate.ec.europa.eu/tracesnt/directory/listing/establishment/publication/index#!/view/LT/EGGS_AND_EGG_PRODUCTS_EU
720,UAB Farmers Circle,LT 81-002 K,EEP,Eggs and egg products,PP - Processing Plant,"Žirgyno g. 1, Radiškis, Žemaitkiemio sen.",Radiškis,LT-20364,Vilnius County,Lithuania,2024-04-05,,https://webgate.ec.europa.eu/tracesnt/directory/listing/establishment/publication/index#!/view/LT/EGGS_AND_EGG_PRODUCTS_EU
721,UAB Vievio paukštynas,LT 42-06,EEP,Eggs and egg products,EPC - Egg-packing Centre,"Paukštyno g. 9, Ausieniškės k. Elektrėnų sav. Lietuva",Ausieniškių k.,LT-21365,Vilnius County,Lithuania,2021-03-22,,https://webgate.ec.europa.eu/tracesnt/directory/listing/establishment/publication/index#!/view/LT/EGGS_AND_EGG_PRODUCTS_EU
722,Vytautas Šimkus,87-15,EEP,Eggs and egg products,EPC - Egg-packing Centre,"Jūros g. 6, Drobūkščių k., Traksėdžio sen., Šilalės r.",Drobūkščiai,,Taurage County,Lithuania,2025-12-02,,https://webgate.ec.europa.eu/tracesnt/directory/listing/establishment/publication/index#!/view/LT/EGGS_AND_EGG_PRODUCTS_EU
723,Zarasų rajono žemės ūkio bendrovė SPARNAI,43-70 EB,EEP,Eggs and egg products,EPC - Egg-packing Centre,"Liaudiškiai, Zarasų sen., Zarasų r. sav.",Liaudiškiai,LT-32100,Utena County,Lithuania,2021-03-19,,https://webgate.ec.europa.eu/tracesnt/directory/listing/establishment/publication/index#!/view/LT/EGGS_AND_EGG_PRODUCTS_EU
724,Ūkininkas Gediminas Varevičius,LT 81-001 K,EEP,Eggs and egg products,PP - Processing Plant,"Dvarninių k., Šešuolių sen.",Dvarniniai,,Vilnius County,Lithuania,2021-03-22,,https://webgate.ec.europa.eu/tracesnt/directory/listing/establishment/publication/index#!/view/LT/EGGS_AND_EGG_PRODUCTS_EU
725,Ūkininkė Daiva Urbonavičiūtė,LT 42-71,EEP,Eggs and egg products,EPC - Egg-packing Centre,"Elektrėnų sav., Vievio sen., Matukiškių k., Rusakalnio g. 36",Matukiškių k.,LT-21384,Vilnius County,Lithuania,2024-02-06,,https://webgate.ec.europa.eu/tracesnt/directory/listing/establishment/publication/index#!/view/LT/EGGS_AND_EGG_PRODUCTS_EU
726,Ūkininkė Milda Puodžiukaitė,LT 79-08,EEP,Eggs and egg products,EPC - Egg-packing Centre,Jurgionių kaim.,Jurgionys,,Vilnius County,Lithuania,2021-03-26,,https://webgate.ec.europa.eu/tracesnt/directory/listing/establishment/publication/index#!/view/LT/EGGS_AND_EGG_PRODUCTS_EU
727,"ŽŪB ,,Agreksa""",LT49-18EB,EEP,Eggs and egg products,EPC - Egg-packing Centre,"Nėries g. 4, Zūbiškių k., Palomenės sen., Kaišiadorių r. sav., LT-56394",Zūbiškės,LT-56394,Kaunas County,Lithuania,2021-03-18,,https://webgate.ec.europa.eu/tracesnt/directory/listing/establishment/publication/index#!/view/LT/EGGS_AND_EGG_PRODUCTS_EU
728,ŽŪB Audrupio paukštynas,73-70,EEP,Eggs and egg products,EPC - Egg-packing Centre,"Kovelių k.12, Jūžintų sen., Rokiškio r. sav",Kovelių k.,LT-42275,Panevezys County,Lithuania,2022-02-28,,https://webgate.ec.europa.eu/tracesnt/directory/listing/establishment/publication/index#!/view/LT/EGGS_AND_EGG_PRODUCTS_EU
729,ŽŪB Auga Lankesa,46-09,EEP,Eggs and egg products,EPC - Egg-packing Centre,"Kauno apskr. Jonavos r. sav., Bukonių sen., Bukonių k., Lankesos g. 2",Šapova,LT-55418,Kaunas County,Lithuania,2021-03-18,,https://webgate.ec.europa.eu/tracesnt/directory/listing/establishment/publication/index#!/view/LT/EGGS_AND_EGG_PRODUCTS_EU
730,ŽŪB Ginkūnų paukštynas,LT91-70,EEP,Eggs and egg products,EPC - Egg-packing Centre,"Malavėnų kaimas, Šiaulių rajonas",Malavėnų k.,LT-76111,Siauliai County,Lithuania,2021-03-17,,https://webgate.ec.europa.eu/tracesnt/directory/listing/establishment/publication/index#!/view/LT/EGGS_AND_EGG_PRODUCTS_EU
731,"BIOVELA-UTENOS MĖSA, UAB",LT 17 EB,GM,Meat of farmed game,CP - Cutting Plant,Pramonės g. 4,Utena,28216,Utena County,Lithuania,2021-03-19,,https://webgate.ec.europa.eu/tracesnt/directory/listing/establishment/publication/index#!/view/LT/MEAT_OF_FARMED_GAME_EU
732,G. Šlinsko individuali įmonė,LT75-04EB,GM,Meat of farmed game,SH - Slaughterhouse,"Vingio g. 5, Gėsalų k., Aleksandrijos sen., Skuodo r. sav.",Aleksandrija,LT-98333,Klaipeda County,Lithuania,2021-04-15,,https://webgate.ec.europa.eu/tracesnt/directory/listing/establishment/publication/index#!/view/LT/MEAT_OF_FARMED_GAME_EU
733,MB Avidus,LT 41-12,GM,Meat of farmed game,SH - Slaughterhouse,Švenčionių g. 114,Nemenčinė,LT-15168,Vilnius County,Lithuania,2021-03-23,,https://webgate.ec.europa.eu/tracesnt/directory/listing/establishment/publication/index#!/view/LT/MEAT_OF_FARMED_GAME_EU
734,Sigitas Petraitis  ŪKININKO ŪKIS,LT 47- 04,GM,Meat of farmed game,SH - Slaughterhouse,"Sodų g.2, Ziniūnai, Joniškio r. sav.",Ziniūnai,LT-84143,Siauliai County,Lithuania,2021-03-18,,https://webgate.ec.europa.eu/tracesnt/directory/listing/establishment/publication/index#!/view/LT/MEAT_OF_FARMED_GAME_EU
735,UAB Alantos agroservisas,LT62-02 EB,GM,Meat of farmed game,SH - Slaughterhouse,"Molėtų r. sav., Alanta, Sodo al. 2D",Alanta,LT-33312,Utena County,Lithuania,2022-01-11,,https://webgate.ec.europa.eu/tracesnt/directory/listing/establishment/publication/index#!/view/LT/MEAT_OF_FARMED_GAME_EU
736,UAB Cesta,LT 41-05 EB,GM,Meat of farmed game,SH - Slaughterhouse,Riešės g. 10,Riešė,LT-14260,Vilnius County,Lithuania,2023-06-09,"{'translation': 'Suidae', 'code': 'P'}",https://webgate.ec.europa.eu/tracesnt/directory/listing/establishment/publication/index#!/view/LT/MEAT_OF_FARMED_GAME_EU
737,UAB KREKENAVOS AGROFIRMA,LT53-04EB,GM,Meat of farmed game,CP - Cutting Plant,"Mantvilonių k. 1, Kėdainių miesto sen. Kėdainių r",Mantviloniai,LT-57346,Kaunas County,Lithuania,2026-05-19,,https://webgate.ec.europa.eu/tracesnt/directory/listing/establishment/publication/index#!/view/LT/MEAT_OF_FARMED_GAME_EU
738,UAB Medrokis,LT 01-24,GM,Meat of farmed game,CP - Cutting Plant,"Eišiškių pl. 127, Vilnius",Vilnius,02189,Vilnius County,Lithuania,2021-03-22,,https://webgate.ec.europa.eu/tracesnt/directory/listing/establishment/publication/index#!/view/LT/MEAT_OF_FARMED_GAME_EU
739,UAB Olkusjana,LT 85-18,GM,Meat of farmed game,SH - Slaughterhouse,Lydos g. 32,Jasiūnai,LT-17247,Vilnius County,Lithuania,2021-10-13,,https://webgate.ec.europa.eu/tracesnt/directory/listing/establishment/publication/index#!/view/LT/MEAT_OF_FARMED_GAME_EU
740,UAB RIMI LIETUVA,01-41,GM,Meat of farmed game,CP - Cutting Plant,"Saltoniškių g. 9, Vilnius",Vilnius,08105,Vilnius County,Lithuania,2021-03-08,,https://webgate.ec.europa.eu/tracesnt/directory/listing/establishment/publication/index#!/view/LT/MEAT_OF_FARMED_GAME_EU
741,UAB Revijoma,61-04,GM,Meat of farmed game,SH - Slaughterhouse; CP - Cutting Plant,"Viekšnių g. 33, Užventes km. Viekšniu sen. Mažeikių r. sav., Telšių apskr.",Užventes k.,LT-89494,Telsiai County,Lithuania,2021-03-17,,https://webgate.ec.europa.eu/tracesnt/directory/listing/establishment/publication/index#!/view/LT/MEAT_OF_FARMED_GAME_EU
742,UAB Takažolė,LT 62-04 EB,GM,Meat of farmed game,CP - Cutting Plant; SH - Slaughterhouse,"Molėtų r. sav., Čiulėnų sen., Toliejų k., Aukštakalnio g. 5",Toliejai,,Utena County,Lithuania,2025-07-16,"{'translation': 'Suidae', 'code': 'P'}",https://webgate.ec.europa.eu/tracesnt/directory/listing/establishment/publication/index#!/view/LT/MEAT_OF_FARMED_GAME_EU
743,UAB Zūbiškių konservai,49-13,GM,Meat of farmed game,CP - Cutting Plant,"Kaštonų g. 3, Zūbiškės, Palemonės sen., Kaišiadorių raj.",Zūbiškės,LT-56176,Kaunas County,Lithuania,2021-03-19,,https://webgate.ec.europa.eu/tracesnt/directory/listing/establishment/publication/index#!/view/LT/MEAT_OF_FARMED_GAME_EU
744,V. Kartenio firma „Elektrėnų mėsa“,LT 79-20,GM,Meat of farmed game,SH - Slaughterhouse,"Elektrėnų sav., Kietaviškių sen., Obenių k.",Obeniai,LT-26110,Vilnius County,Lithuania,2022-01-12,,https://webgate.ec.europa.eu/tracesnt/directory/listing/establishment/publication/index#!/view/LT/MEAT_OF_FARMED_GAME_EU
745,Č. Zachaževskij IĮ,LT 79-05,GM,Meat of farmed game,SH - Slaughterhouse,"Kranto g. 7, Paluknio k., Paluknio sen., Trakų r.",Trakai,LT-21110,Vilnius County,Lithuania,2022-02-09,,https://webgate.ec.europa.eu/tracesnt/directory/listing/establishment/publication/index#!/view/LT/MEAT_OF_FARMED_GAME_EU
746,Ūkininkas Donatas Čepelis,LT 81-04,GM,Meat of farmed game,SH - Slaughterhouse,Vidiškių sen.Baublių k.,Baubliai,LT-20179,Vilnius County,Lithuania,2021-03-22,,https://webgate.ec.europa.eu/tracesnt/directory/listing/establishment/publication/index#!/view/LT/MEAT_OF_FARMED_GAME_EU
747,Ūkininko Algio Bukausko ūkis,LT 81-07,GM,Meat of farmed game,CP - Cutting Plant; SH - Slaughterhouse,"Alionių k., Pivonijos sen.",Alionys,,Vilnius County,Lithuania,2022-01-12,,https://webgate.ec.europa.eu/tracesnt/directory/listing/establishment/publication/index#!/view/LT/MEAT_OF_FARMED_GAME_EU
748,Ūkininko Gintauto Migonio gyvulių skerdykla,LT 42-05,GM,Meat of farmed game,SH - Slaughterhouse,"Elektrėnų sav., Pastrėvio sen., Lunkiškių k. 3A",Lunkiškės,,Vilnius County,Lithuania,2021-03-22,,https://webgate.ec.europa.eu/tracesnt/directory/listing/establishment/publication/index#!/view/LT/MEAT_OF_FARMED_GAME_EU
749,Ūkininko Ričardo Kvekšo ūkis,LT 81-02,GM,Meat of farmed game,SH - Slaughterhouse,"Berzgainių k. 7, Žemaitkiemio sen.",Berzgainiai,,Vilnius County,Lithuania,2021-03-22,,https://webgate.ec.europa.eu/tracesnt/directory/listing/establishment/publication/index#!/view/LT/MEAT_OF_FARMED_GAME_EU
750,A. MEŠKAUSKO IĮ SKERDYKLA,53-03,RPM,Meat products,PP - Processing Plant,"Kauno g. 32B, Kėdainiai",Kėdainiai,LT-57244,Kaunas County,Lithuania,2021-03-22,,https://webgate.ec.europa.eu/tracesnt/directory/listing/establishment/publication/index#!/view/LT/MEAT_PRODUCTS_EU
751,A.Mišeikio įmonė,32-03,RPM,Meat products,PP - Processing Plant,"Smiltinė 20, Akmenės sen., Akmenės r. sav., Šiaulių apskr.",Smiltinė,LT-85365,Siauliai County,Lithuania,2021-03-15,,https://webgate.ec.europa.eu/tracesnt/directory/listing/establishment/publication/index#!/view/LT/MEAT_PRODUCTS_EU
752,AB Kaišiadorių paukštynas,LT49-01EB,RPM,Meat products,PP - Processing Plant,"Kaišiadorys, Paukštininkų g. 15",Kaišiadorys,LT-56110,Kaunas County,Lithuania,2021-03-18,,https://webgate.ec.europa.eu/tracesnt/directory/listing/establishment/publication/index#!/view/LT/MEAT_PRODUCTS_EU
753,AB Vilniaus paukštynas,LT 41-28 EU,RPM,Meat products,PP - Processing Plant,Gamyklos g. 27,Rudamina,LT-13249,Vilnius County,Lithuania,2025-06-12,,https://webgate.ec.europa.eu/tracesnt/directory/listing/establishment/publication/index#!/view/LT/MEAT_PRODUCTS_EU
754,"ANA EU, UAB",LT 33-07,RPM,Meat products,PP - Processing Plant,"Centrinė g. 30, Kančėnų k., Daugų sen., Alytaus r. sav., Alytaus apskr.",Kančėnai,LT-64133,Alytus County,Lithuania,2024-06-19,,https://webgate.ec.europa.eu/tracesnt/directory/listing/establishment/publication/index#!/view/LT/MEAT_PRODUCTS_EU
755,Algis Bukauskas,LT 81-007,RPM,Meat products,PP - Processing Plant,Alionys,Alionys,,Vilnius County,Lithuania,2022-01-11,,https://webgate.ec.europa.eu/tracesnt/directory/listing/establishment/publication/index#!/view/LT/MEAT_PRODUCTS_EU
756,Artūras Padimanskas,LT 39-07,RPM,Meat products,PP - Processing Plant,"V. Pietario g. 1, Bebrininkų k., Pilviškių sen., Vilkaviškio r. sav.",Bebrininkai,LT-70301,Marijampole County,Lithuania,2021-03-09,,https://webgate.ec.europa.eu/tracesnt/directory/listing/establishment/publication/index#!/view/LT/MEAT_PRODUCTS_EU
757,Arūno Petriko IĮ,LT 78-06 EB,RPM,Meat products,PP - Processing Plant,"Purpių k.5E, Ryškėnų sen., Telšių r. sav.",Purplių k.,LT-87150,Telsiai County,Lithuania,2021-03-19,,https://webgate.ec.europa.eu/tracesnt/directory/listing/establishment/publication/index#!/view/LT/MEAT_PRODUCTS_EU
758,"BIOVELA-UTENOS MĖSA, UAB",LT 17 EB,RPM,Meat products,PP - Processing Plant,Pramonės g. 4,Utena,28216,Utena County,Lithuania,2021-03-19,,https://webgate.ec.europa.eu/tracesnt/directory/listing/establishment/publication/index#!/view/LT/MEAT_PRODUCTS_EU
759,Dainoros Račkauskienės ind. įmonė,61-17,RPM,Meat products,PP - Processing Plant,"Bažnyčios g. 17, Mažeikiai, Mažeikių sen., Mažeikių r. sav., Telšių apskr.",Mažeikiai,LT-89232,Telsiai County,Lithuania,2021-03-15,,https://webgate.ec.europa.eu/tracesnt/directory/listing/establishment/publication/index#!/view/LT/MEAT_PRODUCTS_EU
760,Donato Vaicikausko IĮ Mėsininkas,68-14,RPM,Meat products,PP - Processing Plant,"Minijos g. 31C, Juodeikių k., Plungės r. sav.",Juodeikiai,LT-90373,Telsiai County,Lithuania,2021-03-23,,https://webgate.ec.europa.eu/tracesnt/directory/listing/establishment/publication/index#!/view/LT/MEAT_PRODUCTS_EU
761,Ferroc UAB,530001547,RPM,Meat products,PP - Processing Plant,"Vandenvietės g. 9, LT-57242 Kėdainiai",Kėdainiai,LT-57242,Kaunas County,Lithuania,2024-09-24,"{'translation': 'Meat products', 'code': 'mp'}",https://webgate.ec.europa.eu/tracesnt/directory/listing/establishment/publication/index#!/view/LT/MEAT_PRODUCTS_EU
762,Ingrida Kirvaitienė,LT 39-05,RPM,Meat products,PP - Processing Plant,"M. Valančiaus g. 73, Vilkaviškis",Vilkaviškis,LT-70132,Marijampole County,Lithuania,2021-03-09,,https://webgate.ec.europa.eu/tracesnt/directory/listing/establishment/publication/index#!/view/LT/MEAT_PRODUCTS_EU
763,IĮ Grenesta,LT 41-17,RPM,Meat products,PP - Processing Plant,Daškūnų g. 15,Skaidiškės,LT-13268,Vilnius County,Lithuania,2021-06-22,,https://webgate.ec.europa.eu/tracesnt/directory/listing/establishment/publication/index#!/view/LT/MEAT_PRODUCTS_EU
764,IĮ Linolis,LT 54-04,RPM,Meat products,PP - Processing Plant,"Šilo Pavėžupio g.16, Laikšių k., Šaukėnų sen., Kelmės r. sav. LT-86422",Kelmė,LT-86137,Siauliai County,Lithuania,2021-03-19,,https://webgate.ec.europa.eu/tracesnt/directory/listing/establishment/publication/index#!/view/LT/MEAT_PRODUCTS_EU
765,IĮ Sigmega,LT 78-04 EB,RPM,Meat products,PP - Processing Plant,"Mokyklos g. 2, LT -88202, Kaunatava, Upynos sen., Telšių r. sav.",Kaunatava,LT-88202,Telsiai County,Lithuania,2021-03-19,,https://webgate.ec.europa.eu/tracesnt/directory/listing/establishment/publication/index#!/view/LT/MEAT_PRODUCTS_EU
766,KB Oxmeat,LT 41-02,RPM,Meat products,PP - Processing Plant,Švenčionių g. 114,Nemenčinė,LT-15168,Vilnius County,Lithuania,2021-03-25,,https://webgate.ec.europa.eu/tracesnt/directory/listing/establishment/publication/index#!/view/LT/MEAT_PRODUCTS_EU
767,Kooperatyvas  Gera mėsa,63-01,RPM,Meat products,PP - Processing Plant,"Tauragės apskr., Pagėgių sav., Stoniškių sen., Šilgaliai, Vilkos g. 2",Šilgaliai,LT-99290,Taurage County,Lithuania,2021-03-17,,https://webgate.ec.europa.eu/tracesnt/directory/listing/establishment/publication/index#!/view/LT/MEAT_PRODUCTS_EU
768,Leono Kudirkos IĮ,LT 39-06,RPM,Meat products,PP - Processing Plant,"Nepriklausomybės g. 41, Kybartų k., Kybartų sen., Vilkaviškio r. sav.",Kybartai,LT-70424,Marijampole County,Lithuania,2021-03-09,,https://webgate.ec.europa.eu/tracesnt/directory/listing/establishment/publication/index#!/view/LT/MEAT_PRODUCTS_EU
769,"MB ""Gurmanas""",61-07,RPM,Meat products,PP - Processing Plant,"Melioratorių g. 1C-1, Mažeikiai. Mažeikių sen., Mažeikių r. sav., Telšių apskr.",Mažeikiai,LT-89145,Telsiai County,Lithuania,2021-03-15,,https://webgate.ec.europa.eu/tracesnt/directory/listing/establishment/publication/index#!/view/LT/MEAT_PRODUCTS_EU
770,"MB ""Laigrida""",LT 39-21,RPM,Meat products,PP - Processing Plant,"Gluosnių g. 1, Čyčkų k., Šeimenos sen., Vilkaviškio r. sav.",Vilkaviškis,LT-70138,Marijampole County,Lithuania,2021-03-14,,https://webgate.ec.europa.eu/tracesnt/directory/listing/establishment/publication/index#!/view/LT/MEAT_PRODUCTS_EU
771,"MB ""Mėsos klubas""",41-22,RPM,Meat products,PP - Processing Plant,"Vilniaus r. sav., Sudervės sen., Buiniškių k., Adomo Mickevičiaus g. 253",Buiniškės,LT-14202,Vilnius County,Lithuania,2026-03-02,,https://webgate.ec.europa.eu/tracesnt/directory/listing/establishment/publication/index#!/view/LT/MEAT_PRODUCTS_EU
772,"MB ""RADŪMA""",LT 56-04 EB,RPM,Meat products,PP - Processing Plant,"Metalo g. 7, Kluonalių k., LT-97193 Kretingos r.",Kluonaliai,LT-97133,Klaipeda County,Lithuania,2021-03-22,,https://webgate.ec.europa.eu/tracesnt/directory/listing/establishment/publication/index#!/view/LT/MEAT_PRODUCTS_EU
773,"MB ""Rojaus mėsytė""",LT52-37EB,RPM,Meat products,PP - Processing Plant,"Vandžiogalos pl.196, Eigirgalos k.  Domeikavos sen., Kauno r.",Eigirgalos k.,LT-54341,Kaunas County,Lithuania,2021-04-09,,https://webgate.ec.europa.eu/tracesnt/directory/listing/establishment/publication/index#!/view/LT/MEAT_PRODUCTS_EU
774,"MB ""Suvalkijos mėsos gaminiai""",LT 18-10,RPM,Meat products,PP - Processing Plant,"Parko g. 3, Narto k., Liudvinavo sen., Marijampolės sav.",Nartas,LT-68124,Marijampole County,Lithuania,2021-03-09,,https://webgate.ec.europa.eu/tracesnt/directory/listing/establishment/publication/index#!/view/LT/MEAT_PRODUCTS_EU
775,"MB ,,Vidneras""",LT49-15EB,RPM,Meat products,PP - Processing Plant,"Vytauto Didžiojo g. 112A, Kaišiadorys, Kaišiadorių r. sav.",Kaišiadorys,LT-56111,Kaunas County,Lithuania,2021-03-18,,https://webgate.ec.europa.eu/tracesnt/directory/listing/establishment/publication/index#!/view/LT/MEAT_PRODUCTS_EU
776,MB Kaimo mėsinė,LT 54-09,RPM,Meat products,PP - Processing Plant,"Šiluvos g.24, Tytuvėnai, Tytuvėnų sen., Kelmės r. sav. LT-86494",Kelmė,LT-86137,Siauliai County,Lithuania,2021-03-19,,https://webgate.ec.europa.eu/tracesnt/directory/listing/establishment/publication/index#!/view/LT/MEAT_PRODUCTS_EU
777,MB Rūkyklėlė,LT 01-27 EB,RPM,Meat products,PP - Processing Plant,Verslo g. 16,Grigaičių k.,LT-11236,Vilnius County,Lithuania,2021-03-25,,https://webgate.ec.europa.eu/tracesnt/directory/listing/establishment/publication/index#!/view/LT/MEAT_PRODUCTS_EU
778,MB Žibartonių mėsa,LT66-02 EB,RPM,Meat products,PP - Processing Plant,"Žibartonių g.50, Žibartonių k., Panevėžio r.",Žibartoniai,LT-38301,Panevezys County,Lithuania,2021-03-16,,https://webgate.ec.europa.eu/tracesnt/directory/listing/establishment/publication/index#!/view/LT/MEAT_PRODUCTS_EU
779,"MBA FOOD, UAB",52-03,RPM,Meat products,PP - Processing Plant,"Parko g. 8, Bubių k., Batniavos sen., Kauno raj.",Bubiai,LT-54189,Kaunas County,Lithuania,2021-03-19,,https://webgate.ec.europa.eu/tracesnt/directory/listing/establishment/publication/index#!/view/LT/MEAT_PRODUCTS_EU
780,"Maxima LT, UAB",19-13,RPM,Meat products,PP - Processing Plant,"Veiverių g. 150B, Kaunas",Kaunas,LT-46391,Kaunas County,Lithuania,2021-03-18,,https://webgate.ec.europa.eu/tracesnt/directory/listing/establishment/publication/index#!/view/LT/MEAT_PRODUCTS_EU
781,"Maxima LT, UAB",19-17,RPM,Meat products,PP - Processing Plant,"Šiaurės pr. 8D, Kaunas",Kaunas,LT-49155,Kaunas County,Lithuania,2021-03-18,,https://webgate.ec.europa.eu/tracesnt/directory/listing/establishment/publication/index#!/view/LT/MEAT_PRODUCTS_EU
782,"Maxima LT, UAB",LT 18-09,RPM,Meat products,PP - Processing Plant,"Kudirkos g. 3,  Marijampolė",Marijampolė,LT-68181,Marijampole County,Lithuania,2021-03-14,,https://webgate.ec.europa.eu/tracesnt/directory/listing/establishment/publication/index#!/view/LT/MEAT_PRODUCTS_EU
783,"Maxima LT, UAB",19-16,RPM,Meat products,PP - Processing Plant,"Pramonės  pr. 29, Kaunas",Kaunas,LT-51270,Kaunas County,Lithuania,2021-03-17,,https://webgate.ec.europa.eu/tracesnt/directory/listing/establishment/publication/index#!/view/LT/MEAT_PRODUCTS_EU
784,"Mogemas, UAB",LT82-04EB,RPM,Meat products,PP - Processing Plant,Pramonės g. 4,Utena,28216,Utena County,Lithuania,2022-02-23,,https://webgate.ec.europa.eu/tracesnt/directory/listing/establishment/publication/index#!/view/LT/MEAT_PRODUCTS_EU
785,R. Pinaičio IĮ,LT 94-15 EB,RPM,Meat products,PP - Processing Plant,"Ateities g. 5, Girdžiai, Girdžių sen., Jurbarko r. sav., Tauragės apskr.",Girdžiai,,Taurage County,Lithuania,2021-03-19,,https://webgate.ec.europa.eu/tracesnt/directory/listing/establishment/publication/index#!/view/LT/MEAT_PRODUCTS_EU
786,Rimutės Povilaitienės firma,19-21,RPM,Meat products,PP - Processing Plant,"Dvarų g. 47, Kaunas",Kaunas,LT-46399,Kaunas County,Lithuania,2021-03-17,,https://webgate.ec.europa.eu/tracesnt/directory/listing/establishment/publication/index#!/view/LT/MEAT_PRODUCTS_EU
787,Romo Goštauto įnd. įmonė,46-05,RPM,Meat products,PP - Processing Plant,"Kauno apskr., Jonavos r. sav., Šilų sen., Praulių k., Žalioji g. 15",Prauliai,LT-55461,Kaunas County,Lithuania,2021-03-18,,https://webgate.ec.europa.eu/tracesnt/directory/listing/establishment/publication/index#!/view/LT/MEAT_PRODUCTS_EU
788,Romualdo Karbausko ind.įmonė,61-05,RPM,Meat products,PP - Processing Plant,"Pumpurų g.25, Reivyčiai, Reivyčių sen., Mažeikių r.sav., Telšių apskr.",Reivyčiai,LT-89301,Telsiai County,Lithuania,2021-03-17,,https://webgate.ec.europa.eu/tracesnt/directory/listing/establishment/publication/index#!/view/LT/MEAT_PRODUCTS_EU
789,S. Momeniškio firma Gurmanas,LT66-04 EB,RPM,Meat products,PP - Processing Plant,"Žalioji g. 1C, Uliūnų k., LT-38241",Uliūnai,,Panevezys County,Lithuania,2021-03-16,,https://webgate.ec.europa.eu/tracesnt/directory/listing/establishment/publication/index#!/view/LT/MEAT_PRODUCTS_EU
790,"UAB ""AVITRA""",LT 56-03 EB,RPM,Meat products,PP - Processing Plant,"Laukų g. 6, LT-97148 Kretinga",Kretinga,97104,Klaipeda County,Lithuania,2021-03-22,,https://webgate.ec.europa.eu/tracesnt/directory/listing/establishment/publication/index#!/view/LT/MEAT_PRODUCTS_EU
791,"UAB ""Bomesa""",LT 84-03,RPM,Meat products,PP - Processing Plant,"Sodų g. 3, Baltrušių k., Barzdų sen., Šakių r. sav.",Baltrušiai,LT-71286,Marijampole County,Lithuania,2021-03-09,,https://webgate.ec.europa.eu/tracesnt/directory/listing/establishment/publication/index#!/view/LT/MEAT_PRODUCTS_EU
792,"UAB ""Broileta""",LT-12-01 EB,RPM,Meat products,PP - Processing Plant,"Kernuvių k., 3, Birštono sav.",Kernuvės,LT-59218,Kaunas County,Lithuania,2021-03-17,,https://webgate.ec.europa.eu/tracesnt/directory/listing/establishment/publication/index#!/view/LT/MEAT_PRODUCTS_EU
793,"UAB ""Daivida"" Mėsos gaminių cechas (Tauragės padalinys)",77- 02,RPM,Meat products,PP - Processing Plant,"Vėjų g. 8, Ąžuolynės k., Gaurės sen., Taurgaės r.,sav.",Tauragė,LT-72320,Taurage County,Lithuania,2022-03-09,"{'translation': 'Meat products', 'code': 'mp'}",https://webgate.ec.europa.eu/tracesnt/directory/listing/establishment/publication/index#!/view/LT/MEAT_PRODUCTS_EU
794,"UAB ""Gardulis""",LT 39-24,RPM,Meat products,PP - Processing Plant,"J. Basanavičiaus g. 57a, Kybartai",Kybartai,LT-70423,Marijampole County,Lithuania,2021-03-09,,https://webgate.ec.europa.eu/tracesnt/directory/listing/establishment/publication/index#!/view/LT/MEAT_PRODUCTS_EU
795,"UAB ""Girjuda""",LT 51-09,RPM,Meat products,PP - Processing Plant,"Uosio g. 8, Pietarių k., Marijampolės sen., Marijampolės sav.",Pietariai,LT-68100,Marijampole County,Lithuania,2021-03-09,,https://webgate.ec.europa.eu/tracesnt/directory/listing/establishment/publication/index#!/view/LT/MEAT_PRODUCTS_EU
796,"UAB ""KOGUS""",LT 45-06 EB,RPM,Meat products,PP - Processing Plant,"Pramonės g. 17, Karlų k. Visagino sav.",Karlos,LT-30270,Utena County,Lithuania,2021-03-19,,https://webgate.ec.europa.eu/tracesnt/directory/listing/establishment/publication/index#!/view/LT/MEAT_PRODUCTS_EU
797,"UAB ""Klaipėdos mėsinė""",88-24,RPM,Meat products,PP - Processing Plant,"Tauragės apskr., Pagėgių sav., Stoniškių sen., Šilgaliai, Vilkos g. 2",Šilgaliai,LT-99290,Taurage County,Lithuania,2021-03-17,,https://webgate.ec.europa.eu/tracesnt/directory/listing/establishment/publication/index#!/view/LT/MEAT_PRODUCTS_EU
798,"UAB ""Krekenavos agrofirma""",LT 51-07,RPM,Meat products,PP - Processing Plant,"Vasaros g. 1, Skriaudučio k., Marijampolės sen., Marijampolės sav.",Skriaudutis,LT-68185,Marijampole County,Lithuania,2021-03-09,,https://webgate.ec.europa.eu/tracesnt/directory/listing/establishment/publication/index#!/view/LT/MEAT_PRODUCTS_EU
799,"UAB ""Leketų ūkis""",LT 18-13,RPM,Meat products,PP - Processing Plant,"Suvalkijos g. 51, Bitikų k., Sasnavos sen., Marijampolės sav.",Bitikai,LT-69481,Marijampole County,Lithuania,2021-03-12,,https://webgate.ec.europa.eu/tracesnt/directory/listing/establishment/publication/index#!/view/LT/MEAT_PRODUCTS_EU
800,"UAB ""Magnuva""",LT 19-31,RPM,Meat products,PP - Processing Plant,"Europos pr. 122, Kaunas",Kaunas,LT-46351,Kaunas County,Lithuania,2021-03-09,,https://webgate.ec.europa.eu/tracesnt/directory/listing/establishment/publication/index#!/view/LT/MEAT_PRODUCTS_EU
801,"UAB ""Mantinga""",LT 18-03 EB,RPM,Meat products,PP - Processing Plant,Draugystės g. 12,Marijampolė,LT-68261,Marijampole County,Lithuania,2021-09-27,,https://webgate.ec.europa.eu/tracesnt/directory/listing/establishment/publication/index#!/view/LT/MEAT_PRODUCTS_EU
802,"UAB ""Mažeikių Mėsinė""",61-01,RPM,Meat products,PP - Processing Plant,"Troškučių g. 2, Mažeikiai, Mažeikių r.sav",Mažeikiai,LT-89100,Telsiai County,Lithuania,2021-03-08,,https://webgate.ec.europa.eu/tracesnt/directory/listing/establishment/publication/index#!/view/LT/MEAT_PRODUCTS_EU
803,"UAB ""Momblan""",LT 51-02,RPM,Meat products,PP - Processing Plant,"J. Andriuškevičiaus g. 6, Želsvos k., Liudvinavo sen., Marijampolės sav.",Želsva,LT-69193,Marijampole County,Lithuania,2021-03-09,,https://webgate.ec.europa.eu/tracesnt/directory/listing/establishment/publication/index#!/view/LT/MEAT_PRODUCTS_EU
804,"UAB ""Mėsos kraitė""",LT-69-02EB,RPM,Meat products,PP - Processing Plant,"Žvejų g. 30, Išlaužas, Prienų r.",Išlaužas,LT-59302,Kaunas County,Lithuania,2021-03-17,,https://webgate.ec.europa.eu/tracesnt/directory/listing/establishment/publication/index#!/view/LT/MEAT_PRODUCTS_EU
805,"UAB ""Provincijos mėsa""",LT 39-08,RPM,Meat products,PP - Processing Plant,"Rūdos k., Gižų sen., Vilkaviškio r. sav.",Gižai,LT-70314,Marijampole County,Lithuania,2021-03-12,,https://webgate.ec.europa.eu/tracesnt/directory/listing/establishment/publication/index#!/view/LT/MEAT_PRODUCTS_EU
806,"UAB ""RIMI LIETUVA""",42-11,RPM,Meat products,PP - Processing Plant,"Migūčionių g. 1, Migūčionių k., Elektrėnų sen., Elektrėnų sav.",Gilučiai,LT-26131,Vilnius County,Lithuania,2026-09-09,,https://webgate.ec.europa.eu/tracesnt/directory/listing/establishment/publication/index#!/view/LT/MEAT_PRODUCTS_EU
807,"UAB ""Roleka""",LT 39-11,RPM,Meat products,PP - Processing Plant,"Vaidotų g. 8, Matlaukio k., Kybartų sen., Vilkaviškio r. sav.",Matlaukys,LT-70349,Marijampole County,Lithuania,2021-03-09,,https://webgate.ec.europa.eu/tracesnt/directory/listing/establishment/publication/index#!/view/LT/MEAT_PRODUCTS_EU
808,"UAB ""Senieji Teresės mėsos gaminiai""",LT 58-01,RPM,Meat products,PP - Processing Plant,"Dariaus ir Girėno g. 3a, Kazlų Rūda",Kazlų Rūda,LT-69428,Marijampole County,Lithuania,2021-03-09,,https://webgate.ec.europa.eu/tracesnt/directory/listing/establishment/publication/index#!/view/LT/MEAT_PRODUCTS_EU
809,"UAB ""Vamėsa""",LT 58-02,RPM,Meat products,PP - Processing Plant,"Čečetų k. 7, Kazlų Rūdos sen., Kazlų Rūdos sav.",Čečetai,LT-69394,Marijampole County,Lithuania,2021-03-09,,https://webgate.ec.europa.eu/tracesnt/directory/listing/establishment/publication/index#!/view/LT/MEAT_PRODUCTS_EU
810,"UAB ""Vigesta""",61-12,RPM,Meat products,PP - Processing Plant,"Naikių g. 16, Mažeikiai, Mažeikių r. sav.",Mažeikiai,LT-89126,Telsiai County,Lithuania,2021-03-08,,https://webgate.ec.europa.eu/tracesnt/directory/listing/establishment/publication/index#!/view/LT/MEAT_PRODUCTS_EU
811,"UAB ""Šilo garsai""",19-29,RPM,Meat products,PP - Processing Plant,"Europos pr. 122, Kaunas",Kaunas,LT-46351,Kaunas County,Lithuania,2022-03-02,"{'translation': 'Meat products', 'code': 'mp'}",https://webgate.ec.europa.eu/tracesnt/directory/listing/establishment/publication/index#!/view/LT/MEAT_PRODUCTS_EU
812,"UAB ,,Kadagio dūmas""",LT49-17EB,RPM,Meat products,PP - Processing Plant,"Sekionių k. Kruonio sen., Kaišiadorių r. sav. LT-56307",Sekionys,,Kaunas County,Lithuania,2021-03-18,,https://webgate.ec.europa.eu/tracesnt/directory/listing/establishment/publication/index#!/view/LT/MEAT_PRODUCTS_EU
813,"UAB ,,LOBBY BALTIC""",61-08,RPM,Meat products,PP - Processing Plant,"Naftininkų g. 38-2, Mažeikiai, Mažeikių sen., Mažeikių r.sav., Telšių apskr.",Mažeikiai,LT-89132,Telsiai County,Lithuania,2021-03-15,,https://webgate.ec.europa.eu/tracesnt/directory/listing/establishment/publication/index#!/view/LT/MEAT_PRODUCTS_EU
814,"UAB ,,Žiežmarių mėsa""",LT49-05EB,RPM,Meat products,PP - Processing Plant,"Pakertų k., Žiežmarių apyl. sen., Kaišiadorių r. sav.",Pakertai,LT-56239,Kaunas County,Lithuania,2021-03-18,,https://webgate.ec.europa.eu/tracesnt/directory/listing/establishment/publication/index#!/view/LT/MEAT_PRODUCTS_EU
815,UAB Agromėsa,LT 42-03,RPM,Meat products,PP - Processing Plant,"Elektrėnų sav., Vievio sen., Ausieniškių k., Paukštyno g. 9",Ausieniškių k.,LT-21365,Vilnius County,Lithuania,2021-03-22,,https://webgate.ec.europa.eu/tracesnt/directory/listing/establishment/publication/index#!/view/LT/MEAT_PRODUCTS_EU
816,UAB Alantos agroservisas,EB62-02,RPM,Meat products,PP - Processing Plant,"Molėtų r. sav., Alanta, Sodo al. 2D",Alanta,LT-33312,Utena County,Lithuania,2021-03-19,,https://webgate.ec.europa.eu/tracesnt/directory/listing/establishment/publication/index#!/view/LT/MEAT_PRODUCTS_EU
817,UAB Alekniškis,LT 89-03,RPM,Meat products,PP - Processing Plant,"Širvintų r. sav., Širvintų sen., Šiaulių k., Plento g. 6",Šiaulių k.,LT-19212,Vilnius County,Lithuania,2021-06-21,,https://webgate.ec.europa.eu/tracesnt/directory/listing/establishment/publication/index#!/view/LT/MEAT_PRODUCTS_EU
818,UAB Alevista,52-17,RPM,Meat products,PP - Processing Plant,"Ežero g. 46, Piliuonos k., Taurakiemio sen., Kauno raj.",Piliuona,LT-53182,Kaunas County,Lithuania,2021-03-16,,https://webgate.ec.europa.eu/tracesnt/directory/listing/establishment/publication/index#!/view/LT/MEAT_PRODUCTS_EU
819,UAB Alksnio dūmas,LT66-26 EB,RPM,Meat products,PP - Processing Plant,"Klevų g. 36, Vaivadų k., LT-38444",Vaivadai,LT-38444,Panevezys County,Lithuania,2021-03-16,,https://webgate.ec.europa.eu/tracesnt/directory/listing/establishment/publication/index#!/view/LT/MEAT_PRODUCTS_EU
820,UAB Almasta,52-11,RPM,Meat products,PP - Processing Plant,"Garliavos g. 70, Mastaičiai, Kauno raj.",Mastaičiai,LT-53311,Kaunas County,Lithuania,2021-03-16,,https://webgate.ec.europa.eu/tracesnt/directory/listing/establishment/publication/index#!/view/LT/MEAT_PRODUCTS_EU
821,UAB Armeni,19-06,RPM,Meat products,PP - Processing Plant,"Josvainių g. 36, Kaunas",Kaunas,LT-47141,Kaunas County,Lithuania,2021-03-17,,https://webgate.ec.europa.eu/tracesnt/directory/listing/establishment/publication/index#!/view/LT/MEAT_PRODUCTS_EU
822,UAB Aujoris,52-10,RPM,Meat products,PP - Processing Plant,"Obelyno g. 10, Vaišvydava, Kauno raj.",Vaišvydava,LT-53109,Kaunas County,Lithuania,2021-03-16,,https://webgate.ec.europa.eu/tracesnt/directory/listing/establishment/publication/index#!/view/LT/MEAT_PRODUCTS_EU
823,UAB BALTMĖSA,LT 47-11,RPM,Meat products,PP - Processing Plant,"Šiaulių apskr. Joniškio r. Saugėlaukio sen., Bariūnų k., Senoji g. 4, LT-84420",Joniškis,LT-84420,Siauliai County,Lithuania,2025-02-24,,https://webgate.ec.europa.eu/tracesnt/directory/listing/establishment/publication/index#!/view/LT/MEAT_PRODUCTS_EU
824,UAB COMFORT FOODS,52-44,RPM,Meat products,PP - Processing Plant,"Kauno r. sav., Samylų sen., Samylų k., J. Biliūno g. 1",Samylai,LT-53143,Kaunas County,Lithuania,2026-02-23,,https://webgate.ec.europa.eu/tracesnt/directory/listing/establishment/publication/index#!/view/LT/MEAT_PRODUCTS_EU
825,UAB DAIGITA,87-02,RPM,Meat products,PP - Processing Plant,"Atgimimo g. 2, 75202 Naujasis Obelynas, Upynos sen., Šilalės r. sav.",Šilalė,,Taurage County,Lithuania,2021-10-20,,https://webgate.ec.europa.eu/tracesnt/directory/listing/establishment/publication/index#!/view/LT/MEAT_PRODUCTS_EU
826,UAB DAIVIDA,73-09,RPM,Meat products,PP - Processing Plant,Ąžuolų g.21,Rokiškis,LT-42135,Panevezys County,Lithuania,2021-03-16,,https://webgate.ec.europa.eu/tracesnt/directory/listing/establishment/publication/index#!/view/LT/MEAT_PRODUCTS_EU
827,UAB DELIKATESAS,LT-47-26,RPM,Meat products,PP - Processing Plant,V.Kudirkos g.2,Joniškis,LT-84119,Siauliai County,Lithuania,2021-11-18,,https://webgate.ec.europa.eu/tracesnt/directory/listing/establishment/publication/index#!/view/LT/MEAT_PRODUCTS_EU
828,UAB DORA,LT29-04,RPM,Meat products,PP - Processing Plant,Kauno g. 16,Šiauliai,LT-78103,Siauliai County,Lithuania,2021-03-17,,https://webgate.ec.europa.eu/tracesnt/directory/listing/establishment/publication/index#!/view/LT/MEAT_PRODUCTS_EU
829,UAB DVARO MĖSA,LT 33-06 EB,RPM,Meat products,PP - Processing Plant,Olakalnio g. 25A,Bendrės,LT-64235,Alytus County,Lithuania,2021-03-17,,https://webgate.ec.europa.eu/tracesnt/directory/listing/establishment/publication/index#!/view/LT/MEAT_PRODUCTS_EU
830,UAB Dainiai,94-16,RPM,Meat products,PP - Processing Plant,Eržvilko g. 7,Dainiai,LT-74112,Taurage County,Lithuania,2021-03-15,,https://webgate.ec.europa.eu/tracesnt/directory/listing/establishment/publication/index#!/view/LT/MEAT_PRODUCTS_EU
831,UAB Dargita tau,19-07,RPM,Meat products,PP - Processing Plant,"Samylų g. 17, Kaunas",Kaunas,LT-45444,Kaunas County,Lithuania,2021-03-16,,https://webgate.ec.europa.eu/tracesnt/directory/listing/establishment/publication/index#!/view/LT/MEAT_PRODUCTS_EU
832,UAB Eiginta,19-03,RPM,Meat products,PP - Processing Plant,"Panerių g., 58, Kaunas",Kaunas,LT-48349,Kaunas County,Lithuania,2021-03-17,,https://webgate.ec.europa.eu/tracesnt/directory/listing/establishment/publication/index#!/view/LT/MEAT_PRODUCTS_EU
833,UAB Eurilata,LT 41-10,RPM,Meat products,PP - Processing Plant,Pikeliškių g. 2,Pikeliškės,LT-15140,Vilnius County,Lithuania,2021-03-22,,https://webgate.ec.europa.eu/tracesnt/directory/listing/establishment/publication/index#!/view/LT/MEAT_PRODUCTS_EU
834,UAB Farmers circle processing,81-12,RPM,Meat products,PP - Processing Plant,"Žirgyno g. 11, Radiškio k., Žemaitkiemio sen., Ukmergės r. sav.",Radiškis,LT-20364,Vilnius County,Lithuania,2026-06-01,,https://webgate.ec.europa.eu/tracesnt/directory/listing/establishment/publication/index#!/view/LT/MEAT_PRODUCTS_EU
835,UAB GERANTA IR PARTNERIAI,77-18,RPM,Meat products,PP - Processing Plant,"Tauragės apskr., Tauragės r. sav., Tauragės miesto sen., Tauragė, Gedimino g. 50",Tauragė,LT-72185,Taurage County,Lithuania,2021-03-17,,https://webgate.ec.europa.eu/tracesnt/directory/listing/establishment/publication/index#!/view/LT/MEAT_PRODUCTS_EU
836,UAB Galjana,LT 01-05 EB,RPM,Meat products,PP - Processing Plant,Untulių g. 6,Vilnius,11115,Vilnius County,Lithuania,2021-03-25,,https://webgate.ec.europa.eu/tracesnt/directory/listing/establishment/publication/index#!/view/LT/MEAT_PRODUCTS_EU
837,UAB Garai,LT 01-19,RPM,Meat products,PP - Processing Plant,"Gariūnų g. 71, Vilnius",Vilnius,02300,Vilnius County,Lithuania,2021-03-22,,https://webgate.ec.europa.eu/tracesnt/directory/listing/establishment/publication/index#!/view/LT/MEAT_PRODUCTS_EU
838,UAB JATKANČIŲ MĖSINĖ,77-23,RPM,Meat products,PP - Processing Plant,"Tauragės apskr., Tauragės r. sav., Tauragės sen., Jatkančių k.",Jatkančiai,LT-72179,Taurage County,Lithuania,2021-03-16,,https://webgate.ec.europa.eu/tracesnt/directory/listing/establishment/publication/index#!/view/LT/MEAT_PRODUCTS_EU
839,UAB JONIŠKIO MĖSA,LT 47-07,RPM,Meat products,PP - Processing Plant,"Mokyklos g. 2, Gasčiūnų k.",Joniškis,LT-84260,Siauliai County,Lithuania,2021-03-18,,https://webgate.ec.europa.eu/tracesnt/directory/listing/establishment/publication/index#!/view/LT/MEAT_PRODUCTS_EU
840,UAB Jurbarkų mėsa,LT 94-04 EB,RPM,Meat products,PP - Processing Plant,"Daržų g. 10, Jurbarkų k.,  Jurbarkų sen., Jurbarko r. sav., Tauragės apskr.",Jurbarkai,LT-74112,Taurage County,Lithuania,2021-03-19,,https://webgate.ec.europa.eu/tracesnt/directory/listing/establishment/publication/index#!/view/LT/MEAT_PRODUCTS_EU
841,UAB Jurestos prekyba,LT 41-18 EB,RPM,Meat products,PP - Processing Plant,"Eglinės km., Marijampolio sen., Vilniaus raj.",Eglinė,LT-17249,Vilnius County,Lithuania,2021-03-25,,https://webgate.ec.europa.eu/tracesnt/directory/listing/establishment/publication/index#!/view/LT/MEAT_PRODUCTS_EU
842,UAB KAIMIŠKAS DŪMAS,77-32,RPM,Meat products,PP - Processing Plant,"Tauragės apskr., Tauragės r. sav., Tauragės sen., Dacijonai",Dacijonai,,Taurage County,Lithuania,2021-03-17,,https://webgate.ec.europa.eu/tracesnt/directory/listing/establishment/publication/index#!/view/LT/MEAT_PRODUCTS_EU
843,UAB KANRUGĖLĖ,LT65-01 EB,RPM,Meat products,PP - Processing Plant,Statybininkų g.26A,Pakruojis,LT-83139,Siauliai County,Lithuania,2021-03-23,,https://webgate.ec.europa.eu/tracesnt/directory/listing/establishment/publication/index#!/view/LT/MEAT_PRODUCTS_EU
844,UAB KREKENAVOS AGROFIRMA,LT53-04EB,RPM,Meat products,PP - Processing Plant,"Mantvilonių k. 1, Kėdainių miesto sen. Kėdainių r",Mantviloniai,LT-57346,Kaunas County,Lithuania,2026-05-19,,https://webgate.ec.europa.eu/tracesnt/directory/listing/establishment/publication/index#!/view/LT/MEAT_PRODUCTS_EU
845,UAB KREKENAVOS AGROFIRMA,LT685868716,RPM,Meat products,PP - Processing Plant,"Mantviloniai 1,  Kėdainių rajonas",Mantviloniai,LT-57346,Kaunas County,Lithuania,2022-03-15,,https://webgate.ec.europa.eu/tracesnt/directory/listing/establishment/publication/index#!/view/LT/MEAT_PRODUCTS_EU
846,UAB KUNIONIŲ RŪKYKLĖLĖ,53-07,RPM,Meat products,PP - Processing Plant,"Liepų g., 1, Kunionių k., Josvainių sen., Kėdainių r",Kunioniai,LT-58201,Kaunas County,Lithuania,2021-03-18,,https://webgate.ec.europa.eu/tracesnt/directory/listing/establishment/publication/index#!/view/LT/MEAT_PRODUCTS_EU
847,UAB Kalėdienės ūkis,52-02,RPM,Meat products,PP - Processing Plant,"Dubravų g.12, Šlienava, Kauno raj.",Šlienava,LT-53145,Kaunas County,Lithuania,2021-03-16,,https://webgate.ec.europa.eu/tracesnt/directory/listing/establishment/publication/index#!/view/LT/MEAT_PRODUCTS_EU
848,UAB Kumpeliukas,52-21,RPM,Meat products,PP - Processing Plant,"Špokų g. 10, Varluvos k., Kauno raj.",Varluva,LT-54341,Kaunas County,Lithuania,2021-03-16,,https://webgate.ec.europa.eu/tracesnt/directory/listing/establishment/publication/index#!/view/LT/MEAT_PRODUCTS_EU
849,UAB Kėdainių konservų fabrikas,53-11,RPM,Meat products,PP - Processing Plant,"Šingalių k., Josvainių sen., Kėdainių r. LT-58191",Šingaliai,LT-58191,Kaunas County,Lithuania,2021-03-18,,https://webgate.ec.europa.eu/tracesnt/directory/listing/establishment/publication/index#!/view/LT/MEAT_PRODUCTS_EU
850,UAB LINKUVOS MĖSA,LT65-21 EB,RPM,Meat products,PP - Processing Plant,Valakų g. 7,Linkuva,,Siauliai County,Lithuania,2024-03-29,,https://webgate.ec.europa.eu/tracesnt/directory/listing/establishment/publication/index#!/view/LT/MEAT_PRODUCTS_EU
851,UAB Lupra,LT29-02,RPM,Meat products,PP - Processing Plant,Girulių g. 24,Šiauliai,78136,Siauliai County,Lithuania,2021-03-17,,https://webgate.ec.europa.eu/tracesnt/directory/listing/establishment/publication/index#!/view/LT/MEAT_PRODUCTS_EU
852,UAB MAISTO ARSENALAS,53-10,RPM,Meat products,PP - Processing Plant,"Pašilėlės g.3, Pavermenio k., Truskavos sen., Kėdainių r.",Pavermenys,LT-58466,Kaunas County,Lithuania,2021-03-18,,https://webgate.ec.europa.eu/tracesnt/directory/listing/establishment/publication/index#!/view/LT/MEAT_PRODUCTS_EU
853,UAB MIglūnas,LT 69-04 EB,RPM,Meat products,PP - Processing Plant,Kauno pl.78,Liepalotas,LT-59147,Kaunas County,Lithuania,2021-03-17,,https://webgate.ec.europa.eu/tracesnt/directory/listing/establishment/publication/index#!/view/LT/MEAT_PRODUCTS_EU
854,UAB Maisto namai,LT27-04 EB,RPM,Meat products,PP - Processing Plant,"Beržų g. 44, LT-36144",Panevežys,35100,Panevezys County,Lithuania,2021-03-16,,https://webgate.ec.europa.eu/tracesnt/directory/listing/establishment/publication/index#!/view/LT/MEAT_PRODUCTS_EU
855,UAB Maisto ūkis,LT 01-11,RPM,Meat products,PP - Processing Plant,"Eišiškių pl. 26, Vilnius",Vilnius,02190,Vilnius County,Lithuania,2021-03-22,,https://webgate.ec.europa.eu/tracesnt/directory/listing/establishment/publication/index#!/view/LT/MEAT_PRODUCTS_EU
856,UAB Medeivė,52-09,RPM,Meat products,PP - Processing Plant,"Paupio g. 59, Vaistariškių k., Karmėlavos sen., Kauno raj.",Vaistariškiai,LT-44103,Kaunas County,Lithuania,2021-03-17,,https://webgate.ec.europa.eu/tracesnt/directory/listing/establishment/publication/index#!/view/LT/MEAT_PRODUCTS_EU
857,UAB Modepa,LT 01-28 EB,RPM,Meat products,PP - Processing Plant,Strazdų g. 4,Vilnius,LT-14158,Vilnius County,Lithuania,2021-03-25,,https://webgate.ec.europa.eu/tracesnt/directory/listing/establishment/publication/index#!/view/LT/MEAT_PRODUCTS_EU
858,UAB Mėsinga,LT 41-13 EB,RPM,Meat products,PP - Processing Plant,A. Mickevičiaus g. 257,Buiniškės,LT-14202,Vilnius County,Lithuania,2021-03-25,,https://webgate.ec.europa.eu/tracesnt/directory/listing/establishment/publication/index#!/view/LT/MEAT_PRODUCTS_EU
859,UAB Našmita,LT 01-20 EB,RPM,Meat products,PP - Processing Plant,Ukrainiečių g. 32,Vilnius,LT-11351,Vilnius County,Lithuania,2021-03-25,,https://webgate.ec.europa.eu/tracesnt/directory/listing/establishment/publication/index#!/view/LT/MEAT_PRODUCTS_EU
860,UAB Norvelina,52-18,RPM,Meat products,PP - Processing Plant,"Svirno g.2, Eigirgalos k., Domeikavos sen., Kauno raj.",Eigirgalos k.,LT-54341,Kaunas County,Lithuania,2021-03-16,,https://webgate.ec.europa.eu/tracesnt/directory/listing/establishment/publication/index#!/view/LT/MEAT_PRODUCTS_EU
861,UAB Orka foods,68-05,RPM,Meat products,PP - Processing Plant,"Birutės skg.10, Macenių k., Plungės r. sav.",Maceniai,LT-90100,Telsiai County,Lithuania,2021-03-23,,https://webgate.ec.europa.eu/tracesnt/directory/listing/establishment/publication/index#!/view/LT/MEAT_PRODUCTS_EU
862,UAB Palink-kulinarijos centras,LT66-05 EB,RPM,Meat products,PP - Processing Plant,"J. Tilvyčio g. 179, Vaišvilčių I k., Panevėžio r., LT-38292",Vaišvilčiai I,LT-38365,Panevezys County,Lithuania,2021-03-16,,https://webgate.ec.europa.eu/tracesnt/directory/listing/establishment/publication/index#!/view/LT/MEAT_PRODUCTS_EU
863,UAB Petro mėsinė,LT27-03 EB,RPM,Meat products,PP - Processing Plant,"Beržų g. 8, LT-36233",Panevėžys,LT-35001,Panevezys County,Lithuania,2021-03-16,,https://webgate.ec.europa.eu/tracesnt/directory/listing/establishment/publication/index#!/view/LT/MEAT_PRODUCTS_EU
864,UAB Pilkasis ruonis,52-13,RPM,Meat products,PP - Processing Plant,"Baterijos pl. 1, Kaunas",Kaunas,LT-45375,Kaunas County,Lithuania,2021-03-17,,https://webgate.ec.europa.eu/tracesnt/directory/listing/establishment/publication/index#!/view/LT/MEAT_PRODUCTS_EU
865,UAB RIMI LIETUVA,LT 01-40 EB,RPM,Meat products,PP - Processing Plant,Žirmūnų g. 64,Vilnius,09117,Vilnius County,Lithuania,2021-03-25,,https://webgate.ec.europa.eu/tracesnt/directory/listing/establishment/publication/index#!/view/LT/MEAT_PRODUCTS_EU
866,UAB RIVONA,53-06,RPM,Meat products,PP - Processing Plant,"Pramonės g. 15, Kėdainiai",Kėdainiai,LT-57241,Kaunas County,Lithuania,2021-03-18,,https://webgate.ec.europa.eu/tracesnt/directory/listing/establishment/publication/index#!/view/LT/MEAT_PRODUCTS_EU
867,UAB RIVONA,87-10,RPM,Meat products,PP - Processing Plant,"Sodininkų g. 3, 75110 Struikai, Šilalės kaimiškoji sen., Šilalės r. sav.",Šilalė,,Taurage County,Lithuania,2025-11-27,,https://webgate.ec.europa.eu/tracesnt/directory/listing/establishment/publication/index#!/view/LT/MEAT_PRODUCTS_EU
868,UAB Raučulys,52-08,RPM,Meat products,PP - Processing Plant,"Čekiškės g. 86, Vilkija, Kauno raj.",Vilkija,LT-54221,Kaunas County,Lithuania,2021-03-16,,https://webgate.ec.europa.eu/tracesnt/directory/listing/establishment/publication/index#!/view/LT/MEAT_PRODUCTS_EU
869,UAB Restera,LT 78-05 EB,RPM,Meat products,PP - Processing Plant,"Statybininkų g.3, Telšiai",Telšiai,LT-87101,Telsiai County,Lithuania,2021-03-19,,https://webgate.ec.europa.eu/tracesnt/directory/listing/establishment/publication/index#!/view/LT/MEAT_PRODUCTS_EU
870,UAB Revijoma,61-04,RPM,Meat products,PP - Processing Plant,"Viekšnių g. 33, Užventes km. Viekšniu sen. Mažeikių r. sav., Telšių apskr.",Užventes k.,LT-89494,Telsiai County,Lithuania,2021-03-17,,https://webgate.ec.europa.eu/tracesnt/directory/listing/establishment/publication/index#!/view/LT/MEAT_PRODUCTS_EU
871,UAB Riamona,LT 33-13EB,RPM,Meat products,PP - Processing Plant,"Taikos g. 94, Verebiejų k., Simno sen., Alytaus r. sav.",Verabiejai,LT-64353,Alytus County,Lithuania,2024-02-29,,https://webgate.ec.europa.eu/tracesnt/directory/listing/establishment/publication/index#!/view/LT/MEAT_PRODUCTS_EU
872,UAB Rineka,LT 54-05,RPM,Meat products,PP - Processing Plant,"Šiaulių g.2, Beržėnų k., Užvenčio sen., Kelmės r. sav. LT-86357",Kelmė,LT-86137,Siauliai County,Lithuania,2021-03-19,,https://webgate.ec.europa.eu/tracesnt/directory/listing/establishment/publication/index#!/view/LT/MEAT_PRODUCTS_EU
873,UAB Ristva ir Ko,LT66-31 EB,RPM,Meat products,PP - Processing Plant,"Kapinės g. 3, Daukniūnų k., LT-38361",Daukniūnai,LT-35290,Panevezys County,Lithuania,2021-03-16,,https://webgate.ec.europa.eu/tracesnt/directory/listing/establishment/publication/index#!/view/LT/MEAT_PRODUCTS_EU
874,UAB SANJAGA,46-10,RPM,Meat products,PP - Processing Plant,"Kauno apskr. Jonavos r. sav., Jonavos miesto sen., Jonava, Fabriko g. 3",Jonava,LT-55111,Kaunas County,Lithuania,2021-03-18,,https://webgate.ec.europa.eu/tracesnt/directory/listing/establishment/publication/index#!/view/LT/MEAT_PRODUCTS_EU
875,UAB SENASIS MALŪNAS,87-01,RPM,Meat products,PP - Processing Plant,"Bažnyčios g. 1, 75102 Balsiai, Šilalės kaimiškoji sen., Šilalės r. sav.",Šilalė,,Taurage County,Lithuania,2021-10-20,,https://webgate.ec.europa.eu/tracesnt/directory/listing/establishment/publication/index#!/view/LT/MEAT_PRODUCTS_EU
876,UAB SMILGIAI,18-060,RPM,Meat products,PP - Processing Plant,"Parko g. 3, Smilgių k., Sasnavos sen., Marijampolės sav.",Smilgiai,LT-69481,Marijampole County,Lithuania,2022-03-31,"{'translation': 'Suidae', 'code': 'P'}; {'translation': 'Meat products', 'code': 'mp'}",https://webgate.ec.europa.eu/tracesnt/directory/listing/establishment/publication/index#!/view/LT/MEAT_PRODUCTS_EU
877,UAB Samsonas,LT 84-07,RPM,Meat products,PP - Processing Plant,"Sirvydų k., Lekėčių sen., Šakių r. sav.",Sirvydai,LT-71225,Marijampole County,Lithuania,2021-02-23,,https://webgate.ec.europa.eu/tracesnt/directory/listing/establishment/publication/index#!/view/LT/MEAT_PRODUCTS_EU
878,UAB Scandinavian Seafood Factory,LT 85-03,RPM,Meat products,PP - Processing Plant,Vilniaus g. 3,Šalčininkai,LT-17102,Vilnius County,Lithuania,2021-04-12,,https://webgate.ec.europa.eu/tracesnt/directory/listing/establishment/publication/index#!/view/LT/MEAT_PRODUCTS_EU
879,UAB Senolių alksnynė,52-05,RPM,Meat products,PP - Processing Plant,"Plento g. 13, Ramučiai, Kauno raj.",Ramučiai,LT-54464,Kaunas County,Lithuania,2021-03-16,,https://webgate.ec.europa.eu/tracesnt/directory/listing/establishment/publication/index#!/view/LT/MEAT_PRODUCTS_EU
880,UAB Senolių gardumynai,52-06,RPM,Meat products,PP - Processing Plant,"Varluvos g. 9, Varluvos k., Kauno raj.",Varluva,LT-54341,Kaunas County,Lithuania,2021-03-16,,https://webgate.ec.europa.eu/tracesnt/directory/listing/establishment/publication/index#!/view/LT/MEAT_PRODUCTS_EU
881,UAB Skaistės mėsa,19-22,RPM,Meat products,PP - Processing Plant,"Marijampolės pl. 14, Kaunas",Kaunas,LT-45447,Kaunas County,Lithuania,2021-03-17,,https://webgate.ec.europa.eu/tracesnt/directory/listing/establishment/publication/index#!/view/LT/MEAT_PRODUCTS_EU
882,UAB Skonio iššūkis,LT 11-08 EB,RPM,Meat products,PP - Processing Plant,"Naujoji g. 124-1, Alytus",Alytus,LT-62175,Alytus County,Lithuania,2024-02-29,,https://webgate.ec.europa.eu/tracesnt/directory/listing/establishment/publication/index#!/view/LT/MEAT_PRODUCTS_EU
883,UAB Stilsas,LT29-01,RPM,Meat products,PP - Processing Plant,Verdulių g. 4,Šiauliai,LT-78112,Siauliai County,Lithuania,2021-03-17,,https://webgate.ec.europa.eu/tracesnt/directory/listing/establishment/publication/index#!/view/LT/MEAT_PRODUCTS_EU
884,UAB Stoniškių žara,88-33,RPM,Meat products,PP - Processing Plant,"Tauragės apskr., Pagėgių sav., Stoniškių sen., Rukai, Vilties g. 1",Rukai,LT-99290,Taurage County,Lithuania,2021-03-17,,https://webgate.ec.europa.eu/tracesnt/directory/listing/establishment/publication/index#!/view/LT/MEAT_PRODUCTS_EU
885,UAB Takažolė,LT 62-04 EB,RPM,Meat products,PP - Processing Plant,"Molėtų r. sav., Čiulėnų sen., Toliejų k., Aukštakalnio g. 5",Toliejai,,Utena County,Lithuania,2025-07-16,,https://webgate.ec.europa.eu/tracesnt/directory/listing/establishment/publication/index#!/view/LT/MEAT_PRODUCTS_EU
886,UAB Tasiga,LT 29-06,RPM,Meat products,PP - Processing Plant,Ragainės g.3,Šiauliai,LT-78112,Siauliai County,Lithuania,2021-03-17,,https://webgate.ec.europa.eu/tracesnt/directory/listing/establishment/publication/index#!/view/LT/MEAT_PRODUCTS_EU
887,UAB Tavijuta,LT27-02 EB,RPM,Meat products,PP - Processing Plant,Pramonės g. 8,Panevežys,35100,Panevezys County,Lithuania,2021-03-16,,https://webgate.ec.europa.eu/tracesnt/directory/listing/establishment/publication/index#!/view/LT/MEAT_PRODUCTS_EU
888,UAB Tikras dūmas,68-12,RPM,Meat products,PP - Processing Plant,"Liepų g. 3, Stanelių k., Plungės r. sav.",Staneliai,LT-90487,Telsiai County,Lithuania,2021-03-23,,https://webgate.ec.europa.eu/tracesnt/directory/listing/establishment/publication/index#!/view/LT/MEAT_PRODUCTS_EU
889,UAB Tisara,LT 85-06,RPM,Meat products,PP - Processing Plant,Naujoji g. 6,Šalčininkėliai,LT-17124,Vilnius County,Lithuania,2021-03-26,,https://webgate.ec.europa.eu/tracesnt/directory/listing/establishment/publication/index#!/view/LT/MEAT_PRODUCTS_EU
890,UAB Tradita,LT 85-17,RPM,Meat products,PP - Processing Plant,Naujoji g.11,Mantviliškės,LT-17161,Vilnius County,Lithuania,2021-03-26,,https://webgate.ec.europa.eu/tracesnt/directory/listing/establishment/publication/index#!/view/LT/MEAT_PRODUCTS_EU
891,UAB VETROLITA,46-03,RPM,Meat products,PP - Processing Plant,"Kauno apskr. Jonavos r. sav., Jonavos miesto sen., Jonava, Alksnių g. 14",Jonava,LT-55117,Kaunas County,Lithuania,2021-03-18,,https://webgate.ec.europa.eu/tracesnt/directory/listing/establishment/publication/index#!/view/LT/MEAT_PRODUCTS_EU
892,UAB VITANEDA,77-11,RPM,Meat products,PP - Processing Plant,"Tauragės apskr., Tauragės r. sav., Skaudvilės sen., Skaudvilė, Maironio skg. 14",Skaudvilė,LT-73436,Taurage County,Lithuania,2021-03-16,,https://webgate.ec.europa.eu/tracesnt/directory/listing/establishment/publication/index#!/view/LT/MEAT_PRODUCTS_EU
893,UAB Voveriškiai LT,LT91-03,RPM,Meat products,PP - Processing Plant,"Ringuvos g. 6, Voveriškių kaimas, Šiaulių rajonas",Voveriškių k.,LT-77194,Siauliai County,Lithuania,2021-03-17,,https://webgate.ec.europa.eu/tracesnt/directory/listing/establishment/publication/index#!/view/LT/MEAT_PRODUCTS_EU
894,UAB Zūbiškių konservai,49-13,RPM,Meat products,PP - Processing Plant,"Kaštonų g. 3, Zūbiškės, Palemonės sen., Kaišiadorių raj.",Zūbiškės,LT-56176,Kaunas County,Lithuania,2021-03-17,,https://webgate.ec.europa.eu/tracesnt/directory/listing/establishment/publication/index#!/view/LT/MEAT_PRODUCTS_EU
895,UAB Šerno pėda,LT27-07 EB,RPM,Meat products,PP - Processing Plant,"Stoties g. 42, LT-35106, Panevėžys",Panevežys,35100,Panevezys County,Lithuania,2021-03-16,,https://webgate.ec.europa.eu/tracesnt/directory/listing/establishment/publication/index#!/view/LT/MEAT_PRODUCTS_EU
896,UAB Švaistūnas,19-08,RPM,Meat products,PP - Processing Plant,"Vandžiogalos pl. 98, Kaunas",Kaunas,LT-47470,Kaunas County,Lithuania,2021-03-16,,https://webgate.ec.europa.eu/tracesnt/directory/listing/establishment/publication/index#!/view/LT/MEAT_PRODUCTS_EU
897,UAB Žemaira,LT 54-17,RPM,Meat products,PP - Processing Plant,"Žemaitės g.18a, Užvenčio mstl., Užvenčio sen., Kelmės r. sav., LT-86343",Kelmė,LT-86137,Siauliai County,Lithuania,2021-03-19,,https://webgate.ec.europa.eu/tracesnt/directory/listing/establishment/publication/index#!/view/LT/MEAT_PRODUCTS_EU
898,UAB „Gardama“,LT 88-07 EB,RPM,Meat products,PP - Processing Plant,"Liepų g. 2, Gardamas, LT-99417 Šilutės r.",Gardamas,LT-99417,Klaipeda County,Lithuania,2021-03-17,,https://webgate.ec.europa.eu/tracesnt/directory/listing/establishment/publication/index#!/view/LT/MEAT_PRODUCTS_EU
899,"UAB,,D. Gelombickienė ir partneriai""",LT49-03EB,RPM,Meat products,PP - Processing Plant,"Šlaito aklg. 2, Rumšiškių mstl., Kaišiadorių r. sav.",Dovainonys,LT-56335,Kaunas County,Lithuania,2021-03-18,,https://webgate.ec.europa.eu/tracesnt/directory/listing/establishment/publication/index#!/view/LT/MEAT_PRODUCTS_EU
900,"UAB“Aisytės Mėsinė""",LT88-08 EB,RPM,Meat products,PP - Processing Plant,"Klaipėdos apskr., Šilutės r. sav., Saugų sen., Sakūtėliai, Žolynų g. 8",Sakūtėliai,LT-99402,Klaipeda County,Lithuania,2021-03-17,,https://webgate.ec.europa.eu/tracesnt/directory/listing/establishment/publication/index#!/view/LT/MEAT_PRODUCTS_EU
901,"Utenos prekyba, UAB",82-03,RPM,Meat products,PP - Processing Plant,Molėtų g. 72,Utena,28135,Utena County,Lithuania,2021-03-18,,https://webgate.ec.europa.eu/tracesnt/directory/listing/establishment/publication/index#!/view/LT/MEAT_PRODUCTS_EU
902,V. Kartenio firma „Elektrėnų mėsa“,LT 79-20,RPM,Meat products,PP - Processing Plant,"Elektrėnų sav., Kietaviškių sen., Obenių k.",Obeniai,LT-26110,Vilnius County,Lithuania,2022-01-12,,https://webgate.ec.europa.eu/tracesnt/directory/listing/establishment/publication/index#!/view/LT/MEAT_PRODUCTS_EU
903,V.Kavoliūnienės įmonė,46-06,RPM,Meat products,PP - Processing Plant,"Kauno apskr., Jonavos r. sav., Šilų sen., Praulių k., Saulės g. 20",Prauliai,LT-55461,Kaunas County,Lithuania,2021-03-18,,https://webgate.ec.europa.eu/tracesnt/directory/listing/establishment/publication/index#!/view/LT/MEAT_PRODUCTS_EU
904,Valdo Saukaičio IĮ,LT 39-26,RPM,Meat products,PP - Processing Plant,"Pievu g. 4, Kybartų k., Kybartų sen., Vilkaviškio r. sav.",Kybartai,LT-70412,Marijampole County,Lithuania,2021-03-09,,https://webgate.ec.europa.eu/tracesnt/directory/listing/establishment/publication/index#!/view/LT/MEAT_PRODUCTS_EU
905,Vidos Monkevič TŪB Baltupėnai,LT 29-12,RPM,Meat products,PP - Processing Plant,Baltupėnų g. 8,Šiauliai,,Siauliai County,Lithuania,2021-03-17,,https://webgate.ec.europa.eu/tracesnt/directory/listing/establishment/publication/index#!/view/LT/MEAT_PRODUCTS_EU
906,Z.Selsko firma „Germėsa“,LT 79-14,RPM,Meat products,PP - Processing Plant,Liepų  g. 40,Vievis,LT-31383,Vilnius County,Lithuania,2021-03-22,,https://webgate.ec.europa.eu/tracesnt/directory/listing/establishment/publication/index#!/view/LT/MEAT_PRODUCTS_EU
907,uab alsių paukštynas,LT-47-26 EB,RPM,Meat products,PP - Processing Plant,"Joniškis, V. Kudirkos 2,",Joniškis,LT-84133,Siauliai County,Lithuania,2024-09-25,,https://webgate.ec.europa.eu/tracesnt/directory/listing/establishment/publication/index#!/view/LT/MEAT_PRODUCTS_EU
908,ĮI AIRONA,77-09,RPM,Meat products,PP - Processing Plant,"Tauragės apskr., Tauragės r. sav., Skaudvilės sen., Šidagiai",Tauragė,LT-72185,Taurage County,Lithuania,2021-03-16,,https://webgate.ec.europa.eu/tracesnt/directory/listing/establishment/publication/index#!/view/LT/MEAT_PRODUCTS_EU
909,ŪKININKĖ AUDRONĖ ŽILIENĖ,LT 72-04,RPM,Meat products,PP - Processing Plant,"Ariogalos sen.,LT-60247 Raseinių r.",Algimantai,,Kaunas County,Lithuania,2021-03-19,,https://webgate.ec.europa.eu/tracesnt/directory/listing/establishment/publication/index#!/view/LT/MEAT_PRODUCTS_EU
910,ŪKININKĖ DIANA ALARBIED MAJEVSKAJA,LT 72-05,RPM,Meat products,PP - Processing Plant,"Viduklės sen., Raseinių r.",Paalsys,LT-60352,Kaunas County,Lithuania,2021-03-19,,https://webgate.ec.europa.eu/tracesnt/directory/listing/establishment/publication/index#!/view/LT/MEAT_PRODUCTS_EU
911,ŪKININKŲ LAIMOS IR IMEDO MONKŲ MĖSOS CH.,87-04,RPM,Meat products,PP - Processing Plant,"Svirno g. 8, 75117 Lingiškė, Traksėdžio sen., Šilalės r. sav.",Šilalė,,Taurage County,Lithuania,2021-10-20,,https://webgate.ec.europa.eu/tracesnt/directory/listing/establishment/publication/index#!/view/LT/MEAT_PRODUCTS_EU
912,Ūkininkas Paulius Ruškys,LT 71-06 EB,RPM,Meat products,PP - Processing Plant,"Pakruojo g.2, Gražionių k., Aukštelkų sen., Radviliškio r. sav.",Radviliškis,LT-82180,Siauliai County,Lithuania,2026-06-17,,https://webgate.ec.europa.eu/tracesnt/directory/listing/establishment/publication/index#!/view/LT/MEAT_PRODUCTS_EU
913,Ūkininkas Vaidas Purmalis,LT 56-06 EB,RPM,Meat products,PP - Processing Plant,"Bažnyčios g. 10, Tūbausių k., LT-97241Kretingos r. sav.",Tūbausiai,LT-97241,Klaipeda County,Lithuania,2021-03-22,,https://webgate.ec.europa.eu/tracesnt/directory/listing/establishment/publication/index#!/view/LT/MEAT_PRODUCTS_EU
914,Ūkininko Audriaus Banionio ūkis,52-07,RPM,Meat products,PP - Processing Plant,"Kepyklos g. 8, Margininkų k., Taurakiemio sen., Kauno raj.",Margininkai,LT-53180,Kaunas County,Lithuania,2021-03-16,,https://webgate.ec.europa.eu/tracesnt/directory/listing/establishment/publication/index#!/view/LT/MEAT_PRODUCTS_EU
915,Ūkininko Gintauto Migonio gyvulių skerdykla,LT 42-05,RPM,Meat products,PP - Processing Plant,"Elektrėnų sav., Pastrėvio sen., Lunkiškių k. 3A",Lunkiškės,,Vilnius County,Lithuania,2021-03-22,,https://webgate.ec.europa.eu/tracesnt/directory/listing/establishment/publication/index#!/view/LT/MEAT_PRODUCTS_EU
916,Ūkininko Kazimiero Baginsko mėsinė,68-02,RPM,Meat products,PP - Processing Plant,Pramonės pr. 5,Plungė,LT-90112,Telsiai County,Lithuania,2021-03-23,,https://webgate.ec.europa.eu/tracesnt/directory/listing/establishment/publication/index#!/view/LT/MEAT_PRODUCTS_EU
917,Ūkininko Kazimiero Baginsko mėsos cechas,68-01,RPM,Meat products,PP - Processing Plant,"Varkalių k., Nausodžio sen., Plungės r. sav.",Varkaliai,LT-90104,Telsiai County,Lithuania,2021-03-23,,https://webgate.ec.europa.eu/tracesnt/directory/listing/establishment/publication/index#!/view/LT/MEAT_PRODUCTS_EU
918,Ūkininko Kazimiero Baginsko paukščių skerdykla,68-16,RPM,Meat products,PP - Processing Plant,"Sodo g.46, Varkalių k., Nausodžio sen., Plungės r. sav.",Varkaliai,LT-90104,Telsiai County,Lithuania,2021-03-23,,https://webgate.ec.europa.eu/tracesnt/directory/listing/establishment/publication/index#!/view/LT/MEAT_PRODUCTS_EU
919,Ūkininko Leono Rutkausko ūkis,LT 89-01,RPM,Meat products,PP - Processing Plant,Širvintų g. 5,Motiejūnai,LT-19128,Vilnius County,Lithuania,2022-02-14,,https://webgate.ec.europa.eu/tracesnt/directory/listing/establishment/publication/index#!/view/LT/MEAT_PRODUCTS_EU
920,Žemės ūkio kooperatyvas SARTŲ LANKŲ JAUTIENA,43-01,RPM,Meat products,PP - Processing Plant,"Akmens g. 6-2, Samanių k., Suvieko sen., Zarasų r. sav.",Zarasai,LT-32110,Utena County,Lithuania,2021-03-18,,https://webgate.ec.europa.eu/tracesnt/directory/listing/establishment/publication/index#!/view/LT/MEAT_PRODUCTS_EU
921,"ŽŪB ,,Nematekas""",LT49-04EB,RPM,Meat products,PP - Processing Plant,"Rusonių g.19, Dovainonių k., Rumšiškių sen., Kaišiadorių r. sav.",Dovainonys,LT-56335,Kaunas County,Lithuania,2021-03-18,,https://webgate.ec.europa.eu/tracesnt/directory/listing/establishment/publication/index#!/view/LT/MEAT_PRODUCTS_EU
922,ŽŪB KONTAUTĖLIAI,87-11,RPM,Meat products,PP - Processing Plant,"Kantautaliai 10, 75404, Laukuvos sen., Šilalės r. sav.",Šilalė,,Taurage County,Lithuania,2021-10-20,,https://webgate.ec.europa.eu/tracesnt/directory/listing/establishment/publication/index#!/view/LT/MEAT_PRODUCTS_EU
923,ŽŪK DUSETŲ KRAŠTO GASPADORIAI,43-06,RPM,Meat products,PP - Processing Plant,"Vytauto g. 70, Dusetos, Zarasų r. sav.",Dusetos,LT-32309,Utena County,Lithuania,2021-03-18,,https://webgate.ec.europa.eu/tracesnt/directory/listing/establishment/publication/index#!/view/LT/MEAT_PRODUCTS_EU
