stt,ten_cong_ty,trang_thai_khop,ten_chinh_thuc_rekvizitai,ma_so_doanh_nghiep,ma_so_thue_vat,so_dien_thoai,email,website,nguoi_dai_dien,chuc_vu,so_nhan_vien,dia_chi_dang_ky,thanh_pho_dang_ky,ma_buu_chinh_dang_ky,nganh_nghe_dang_ky,rekvizitai_url,ma_phe_duyet_traces,so_luong_nganh_cap_phep,cac_nganh_hoat_dong,cac_hoat_dong_chi_tiet,dia_chi_traces,thanh_pho_traces,vung_tinh_traces,quoc_gia,tag_doanh_nghiep_maps,facebook_url,dia_chi_maps,nguon_enrich
1,A. MEŠKAUSKO IĮ SKERDYKLA,NO_MATCH,,,,,,,,,,,,,,,53-03,2,RM (Meat of domestic ungulates) | RPM (Meat products),SH - Slaughterhouse | PP - Processing Plant,"Kauno g. 32B, Kėdainiai",Kėdainiai,Kaunas County,Lithuania,,,,None
2,A. Ramanausko individuali įmonė gyvulių skerdykla,NO_MATCH,,,,,,,,,,,,,,,LT 66-19 EB,1,RM (Meat of domestic ungulates),SH - Slaughterhouse,"Rabikių g., Rabikių k., Panevėžio r.",Rabikiai,Panevezys County,Lithuania,,,,None
3,A.Mišeikio įmonė,MATCH,A. Mišeikio įmonė,153004744,LT530047415,+370 686 98344,,,Audrius Mišeikis,,4,"Smiltinės g. 20-1, Smiltinės k., Akmenės r.",Akmenės r.,LT-85365,"Maisto produktai; Gamyba; Mėsa, mėsos produktai",https://rekvizitai.vz.lt/imone/a_miseikio_imone/,32-03,3,"MM (Minced meat, meat preparations and mechanically separated meat – MM, MP, MSM) | RM (Meat of domestic ungulates) | RPM (Meat products)",MP - Meat Preparation Plant; MM - Minced Meat Plant | CP - Cutting Plant | PP - Processing Plant,"Smiltinė 20, Akmenės sen., Akmenės r. sav., Šiaulių apskr.",Smiltinė,Siauliai County,Lithuania,,,,None
4,"AB ""Išlaužo žuvis""",MATCH,"Išlaužo žuvis, AB",170694265,LT706942610,+370 37 746615,info@islauzozuvis.lt; kokybe@islauzozuvis.lt; buhalterija@islauzozuvis.lt; vadyba@islauzozuvis.lt; ingridasalcute@gmail.com,https://www.islauzozuvis.lt,Darius Svirskis,direktorius,53,"Išlaužas, Prienų r.",Prienų r.,LT-59303,"Žuvininkystė, žuvies produktai",https://rekvizitai.vz.lt/imone/islauzo_zuvis/,LT-69-01 EB,1,FFP (Fishery products - EU),PP - Processing Plant,"Šaltupio g. 31, Šaltupis, Prienų r.",Šaltupis,Kaunas County,Lithuania,Žuvies parduotuvė,https://www.facebook.com/islauzozuvis,"Dainavos g. 2A, Išlaužas, 59301 Prienų r. sav., Lietuva","GoogleMaps, Website"
5,"AB ""Limarko Laivininkystės Kompanija"" Transportinis Refrižeratorius ""CASSIOPEA""",NO_MATCH,,,,,,,,,,,,,,,LT 21-16 EB,1,FFP (Fishery products - EU),RV - Reefer Vessel; ZV - Freezer Vessel,"Naujoji Uosto g. 8, LT-92125 Klaipėda",Klaipėda,Klaipeda County,Lithuania,,,,None
6,"AB ""Limarko Laivininkystės Kompanija"" transportinis refrižeratorius ""AURIGA""",NO_MATCH,,,,,,,,,,,,,,,LT21-34EB,1,FFP (Fishery products - EU),RV - Reefer Vessel,"Naujoji Uosto g. 8,LT-92125 Klaipėda,  Lietuva",Klaipėda,Klaipeda County,Lithuania,,,,
7,"AB ""Limarko Laivininkystės Kompanija"" transportinis refrižeratorius ""CAPELLA""",NO_MATCH,,,,,,,,,,,,,,,LT 21-19 EB,1,FFP (Fishery products - EU),RV - Reefer Vessel; ZV - Freezer Vessel,"Naujoji Uosto g. 8, LT-92125 Klaipėda",Klaipėda,Klaipeda County,Lithuania,,,,
8,"AB ""Limarko Laivininkystės Kompanija"" transportinis refrižeratorius ""LIBRA""",NO_MATCH,,,,,,,,,,,,,,,LT 21-13 EB,1,FFP (Fishery products - EU),RV - Reefer Vessel; ZV - Freezer Vessel,"Naujoji Uosto g. 8, LT-92125 Klaipėda",Klaipėda,Klaipeda County,Lithuania,,,,
9,"AB ""Rokiškio sūris""",MATCH,"Rokiškio sūris, AB",173057512,LT730575113,+370 458 55200,,http://www.rokiskio.com,Dalius Trumpa,CEO,666,"Pramonės g. 3, LT-42150 Rokiškis",Rokiškis,LT-42150,"Maisto produktai; Gamyba; Pienas, pieno produktai",https://rekvizitai.vz.lt/imone/rokiskio_suris/,39-106 P,1,"MMP (Raw milk, dairy products, colostrum and colostrum-based products)",CC - Collection Centre,"Geležinkelio g. 24,  Pilviškių k., Pilviškių sen., Vilkaviškio r. sav.",Pilviškiai,Marijampole County,Lithuania,,,,
10,AB KELMĖS PIENINĖ,MATCH,"Kelmės pieninė, AB",162403450,LT624034515,+370 446 72693,,https://vilvigroup.lt/,Arvydas Zaranka,direktorius,18,"Gaurės g. 23, LT-72340 Tauragė",Tauragė,LT-72340,"Pienas, pieno produktai; Eksportas; Gamyba; Maisto produktai",https://rekvizitai.vz.lt/imone/kelmes_pienine/,77 - 07P; r LT ŽT 287590,1,"MMP (Raw milk, dairy products, colostrum and colostrum-based products)",PP - Processing Plant,"Gaurės g. 23, Tauragė",Tauragė,Taurage County,Lithuania,,,,
11,AB KLAIPĖDOS PIENAS,MATCH,"Klaipėdos pienas, AB",240026930,LT400269314,+370 46 397820,,https://dioneicecream.com/,Rita Pažemeckaitė-Digrienė,Generalinė direktorė,124,"Šilutės pl. 33, LT-91107 Klaipėda",Klaipėda,LT-91107,"Maisto produktai; Eksportas; Gamyba; Pienas, pieno produktai",https://rekvizitai.vz.lt/imone/klaipedos_pienas_ab/,LT 21-01 P EB; 520001956,2,"MMP (Raw milk, dairy products, colostrum and colostrum-based products) | GEN (General activity establishment - EU)",PP - Processing Plant | WM - Wholesale Market,Šilutės pl. 33,Klaipėda,Klaipeda County,Lithuania,,,,
12,AB Kaišiadorių paukštynas,MATCH,"Kaišiadorių paukštynas, AB",158891218,LT588912113,+370 346 51034,,http://www.paukstynas.eu,Saulius Petkevičius,generalinis direktorius,247,"Paukštininkų g. 15, LT-56110 Kaišiadorys",Kaišiadorys,LT-56110,"Gyvuliai, žvėrys, paukščiai ir jų veisimas; Didmeninė prekyba; Mėsa, mėsos produktai; Šaldyti maisto produktai",https://rekvizitai.vz.lt/imone/kaisiadoriu_paukstynas/,LT49-01EB,3,"MM (Minced meat, meat preparations and mechanically separated meat – MM, MP, MSM) | PM (Meat from poultry and lagomorphs) | RPM (Meat products)",MM - Minced Meat Plant; MSM - Mechanically Separated Meat Plant; MP - Meat Preparation Plant | SH - Slaughterhouse; CP - Cutting Plant | PP - Processing Plant,"Kaišiadorys, Paukštininkų g. 15",Kaišiadorys,Kaunas County,Lithuania,,,,
13,AB Kiaulių veislininkystė,NO_MATCH,,,,,,,,,,,,,,,303212036,1,RM (Meat of domestic ungulates),SH - Slaughterhouse; CP - Cutting Plant,"Jadvimpolio k., Baisogalos sen., Radviliškio r.",Jadvimpolio k.,Siauliai County,Lithuania,,,,
14,AB MODEST,MATCH,"Modest, AB",121313693,LT213136917,+370 446 72693,,https://vilvigroup.lt/,Matas Pozingis,,211,"Gaurės g. 23, LT-72340 Tauragė",Tauragė,LT-72340,"Pienas, pieno produktai; Eksportas; Gamyba; Maisto produktai",https://rekvizitai.vz.lt/imone/modest/,LT 77-01 PEB; 77-01P,2,"MMP (Raw milk, dairy products, colostrum and colostrum-based products) | GEN (General activity establishment - EU)",PP - Processing Plant | CS - Cold Stores,"TAURAGĖ, GAURĖS G.23",Tauragė,Taurage County,Lithuania,,,,
15,AB PREMIA KPC,MATCH,"Premia KPC, AB",304045355,LT100009613719,+370 37 322816,,http://www.premia.lt/,Alvydas Malakauskas,generalinis direktorius,82,"Taikos pr. 94, LT-51179 Kaunas",Kaunas,LT-51179,"Maisto produktai; Konditerija, saldumynai",https://rekvizitai.vz.lt/imone/premia_kpc_kaunas/,190009265,1,GEN (General activity establishment - EU),WM - Wholesale Market,"Taikos pr. 94, Kaunas",Kaunas,Kaunas County,Lithuania,,,,
16,AB Pieno Žvaigždės Fil. Mažeikių Pieninė,NO_MATCH,,,,,,,,,,,,,,,61-01P,2,"MMP (Raw milk, dairy products, colostrum and colostrum-based products) | GEN (General activity establishment - EU)",PP - Processing Plant | CS - Cold Stores,"Skuodo g. 4, Mažeikiai, Mažeikių r. sav.",Mažeikiai,Telsiai County,Lithuania,,,,
17,AB Pieno žvaigždės,MATCH,"Pieno žvaigždės, AB",124665536,LT246655314,+370 5 2461414,,http://www.pienozvaigzdes.lt,Aleksandr Smagin,generalinis direktorius,205,"Perkūnkiemio g. 3, LT-12127 Vilnius",Vilnius,LT-12127,"Maisto produktai; Eksportas; Gamyba; Pienas, pieno produktai",https://rekvizitai.vz.lt/imone/pieno_zvaigzdes/,LT 01-25 EB,1,GEN (General activity establishment - EU),CS - Cold Stores; RW - Re-wrapping Establishment,Justiniškių g. 134,Vilnius,Vilnius County,Lithuania,,,,
18,AB Pieno žvaigždės filialas Kauno pienas,MATCH,"Pieno žvaigždės filialas Kauno pienas, AB",135688116,,+370 37 402595,,http://www.pienozvaigzdes.lt,Dalia Kačerauskienė,,366,"Taikos pr. 90, LT-51181 Kaunas",Kaunas,LT-51181,Maisto produktai; Didmeninė prekyba; Gamyba,https://rekvizitai.vz.lt/imone/pieno_zvaigzdes_filialas_kauno_pienas_ab/,19-01 P,1,"MMP (Raw milk, dairy products, colostrum and colostrum-based products)",PP - Processing Plant,Taikos pr. 90,Kaunas,Kaunas County,Lithuania,,,,
19,AB Pieno žvaigždės filialas Panevėžio pienas,NO_MATCH,,,,,,,,,,,,,,,LT 27-01P EB,1,"MMP (Raw milk, dairy products, colostrum and colostrum-based products)",PP - Processing Plant,Tinklų g. 9,Panevežys,Panevezys County,Lithuania,,,,
20,AB Pieno žvaigždės filialas Pasvalio sūrinė,NO_MATCH,,,,,,,,,,,,,,,LT67-01P EB,1,"MMP (Raw milk, dairy products, colostrum and colostrum-based products)",PP - Processing Plant,Mūšos g. 14,Pasvalys,Panevezys County,Lithuania,,,,
21,AB Rokiškio sūris,MATCH,"Rokiškio sūris, AB",173057512,LT730575113,+370 458 55200,,http://www.rokiskio.com,Dalius Trumpa,CEO,666,"Pramonės g. 3, LT-42150 Rokiškis",Rokiškis,LT-42150,"Maisto produktai; Gamyba; Pienas, pieno produktai",https://rekvizitai.vz.lt/imone/rokiskio_suris/,LT73-01P,2,"MMP (Raw milk, dairy products, colostrum and colostrum-based products) | GEN (General activity establishment - EU)",PP - Processing Plant | CS - Cold Stores,Pramones g. 3,Rokiškis,Panevezys County,Lithuania,,,,
22,AB VILKYŠKIŲ PIENINĖ,MATCH,"Vilkyškių pieninė, AB",277160980,LT771609811,+370 441 55330,,https://vilvigroup.lt/,Gintaras Bertašius,generalinis direktorius,453,"Prano Lukošaičio g. 14, Vilkyškiai, LT-99254 Pagėgiai",Pagėgiai,LT-99254,"Pienas, pieno produktai; Eksportas; Gamyba; Maisto produktai",https://rekvizitai.vz.lt/imone/vilkyskiu_pienine/,88-03 P; LT 88-03 P EB; 77-04,2,"MMP (Raw milk, dairy products, colostrum and colostrum-based products) | GEN (General activity establishment - EU)",PP - Processing Plant | CS - Cold Stores,"Tauragės apskr., Pagėgių sav., Vilkyškių sen., Vilkyškiai, Prano Lukošaičio g. 14",Vilkyškiai,Taurage County,Lithuania,,,,
23,"AB VILKYŠKIŲ PIENINĖ , On behalf of LACTRADE IURII RUDENKO  Podbipiety str.31/49, Poland",MATCH,"Vilkyškių pieninė, AB",277160980,LT771609811,+370 441 55330,,https://vilvigroup.lt/,Gintaras Bertašius,generalinis direktorius,453,"Prano Lukošaičio g. 14, Vilkyškiai, LT-99254 Pagėgiai",Pagėgiai,LT-99254,"Pienas, pieno produktai; Eksportas; Gamyba; Maisto produktai",https://rekvizitai.vz.lt/imone/vilkyskiu_pienine/,88 - 03P,1,"MMP (Raw milk, dairy products, colostrum and colostrum-based products)",PP - Processing Plant,"P. Lukošaičio g. 14, Vilkyškių mstl. Pagėgių sav.",Vilkyškiai,Taurage County,Lithuania,,,,
24,AB Vilniaus paukštynas,MATCH,"Vilniaus paukštynas, AB",186107463,LT861074610,+370 5 2687331,,http://www.paukstynas.eu,Saulius Petkevičius,generalinis direktorius,1288,"Gamyklos g. 27, Rudaminos k., LT-13249 Vilniaus r.",Vilniaus r.,LT-13249,"Maisto produktai; Eksportas; Gyvuliai, žvėrys, paukščiai ir jų veisimas; Šaldyti maisto produktai",https://rekvizitai.vz.lt/imone/vilniaus_paukstynas/,LT 41-28 EU,4,"MM (Minced meat, meat preparations and mechanically separated meat – MM, MP, MSM) | GEN (General activity establishment - EU) | PM (Meat from poultry and lagomorphs) | RPM (Meat products)",MSM - Mechanically Separated Meat Plant; MM - Minced Meat Plant; MP - Meat Preparation Plant | CS - Cold Stores | SH - Slaughterhouse; CP - Cutting Plant | PP - Processing Plant,Gamyklos g. 27,Rudamina,Vilnius County,Lithuania,,,,
25,AB Žemaitijos pienas,MATCH,"ŽEMAITIJOS PIENAS, AB",180240752,LT802407515,+370 444 22201,,http://www.zpienas.lt,Robertas Pažemeckas,generalinis direktorius,1304,"Sedos g. 35, LT-87101 Telšiai",Telšiai,LT-87101,"Maisto produktai; Gamyba; Kavinės, klubai, barai, restoranai; Pienas, pieno produktai",https://rekvizitai.vz.lt/imone/zemaitijos_pienas/,190011025; 19-23,1,GEN (General activity establishment - EU),WM - Wholesale Market | CS - Cold Stores; WM - Wholesale Market,"Taikos pr. 106A, Kaunas",Kaunas,Kaunas County,Lithuania,,,,
26,AB Žemaitijos pienas Kauno filialas,NO_MATCH,,,,,,,,,,,,,,,190011803,1,GEN (General activity establishment - EU),WM - Wholesale Market,"Europos pr. 38, Kaunas",Kaunas,Kaunas County,Lithuania,,,,
27,AB-F Šilutės Rambynas,NO_MATCH,,,,,,,,,,,,,,,LT-88-01P EB,2,"MMP (Raw milk, dairy products, colostrum and colostrum-based products) | GEN (General activity establishment - EU)",PP - Processing Plant | CS - Cold Stores; RW - Re-wrapping Establishment,"Klaipėdos g. 3, LT-99115 Šilutė",Šilutė,Klaipeda County,Lithuania,,,,
28,"ANA EU, UAB",MATCH,"ANA EU, UAB",306398304,LT100016377512,+370 641 85451,,,Eisvinas Sasnauskas,direktorius,10,"Daugų g. 3, Daugai, LT-64139 Alytaus r.",Alytaus r.,LT-64139,"Mėsa, mėsos produktai; Maisto gamyba; Maisto produktai",https://rekvizitai.vz.lt/imone/ana_eu/,LT 33-07,1,RPM (Meat products),PP - Processing Plant,"Centrinė g. 30, Kančėnų k., Daugų sen., Alytaus r. sav., Alytaus apskr.",Kančėnai,Alytus County,Lithuania,,,,
29,Agnė Blechertienė,NO_MATCH,,,,,,,,,,,,,,,LT 18-14,1,EEP (Eggs and egg products),EPC - Egg-packing Centre,"Fazanų g. 6, Gustabūdžio k., Šunskų k., Marijampolės sav.",Gustabūdis,Marijampole County,Lithuania,,,,
30,Albertas Davidavičius,NO_MATCH,,,,,,,,,,,,,,,LT 42-010 Ž,1,FFP (Fishery products - EU),FFPP - Fresh Fishery Products Plant,"Elektrėnų sav., Vievio sen., Zabakos k.",Zabaka,Vilnius County,Lithuania,,,,
31,Aleksandro Pupkevčiaus indviduali veikla,NO_MATCH,,,,,,,,,,,,,,,86-05,1,GEN (General activity establishment - EU),WM - Wholesale Market,"Postavų g. 82, Adutiškis, Adutiškio sen., Švenčionių r. sav.",Adutiškis,Vilnius County,Lithuania,,,,
32,Algis Bukauskas,NO_MATCH,,,,,,,,,,,,,,,LT 81-007,1,RPM (Meat products),PP - Processing Plant,Alionys,Alionys,Vilnius County,Lithuania,,,,
33,Artūras Padimanskas,NO_MATCH,,,,,,,,,,,,,,,LT 39-07,2,RM (Meat of domestic ungulates) | RPM (Meat products),SH - Slaughterhouse | PP - Processing Plant,"V. Pietario g. 1, Bebrininkų k., Pilviškių sen., Vilkaviškio r. sav.",Bebrininkai,Marijampole County,Lithuania,,,,
34,Arūno Petriko IĮ,MATCH,Arūno Petriko IĮ,303391482,LT100009293711,+370 600 25230,,,Arūnas Petrikas,direktorius,7,"Purplių k. 5E, Purplių k., LT-87150 Telšių r.",Telšių r.,LT-87150,"Mėsa, mėsos produktai",https://rekvizitai.vz.lt/imone/aruno_petriko_ii/,LT 78-06 EB,1,RPM (Meat products),PP - Processing Plant,"Purpių k.5E, Ryškėnų sen., Telšių r. sav.",Purplių k.,Telsiai County,Lithuania,,,,
35,Arūno Raulinavičiaus PĮ,NO_MATCH,,,,,,,,,,,,,,,LT 41-012 Ž,1,FFP (Fishery products - EU),FFPP - Fresh Fishery Products Plant,Vanaginės k.,Vanaginė,Vilnius County,Lithuania,,,,
36,Arūno Ševelio ūkis,NO_MATCH,,,,,,,,,,,,,,,46-08,1,EEP (Eggs and egg products),EPC - Egg-packing Centre,"Kauno apskr. Jonavos r. sav., Bukonių sen., Narauninkiškių k. 14",Narauninkiškiai,Kaunas County,Lithuania,,,,
37,Audrius Tunaitis,NO_MATCH,,,,,,,,,,,,,,,58-024,1,"MM (Minced meat, meat preparations and mechanically separated meat – MM, MP, MSM)",MM - Minced Meat Plant,"Maironio g. 11A, Kazlų Rūda",Kazlu Ruda,Marijampole County,Lithuania,,,,
38,"BALTIC CASTINGS, UAB",NO_MATCH,,,,,,,,,,,,,,,LT 11-03,1,"CAS (Treated stomachs, bladders and intestines: casings only)",PP - Processing Plant,Pramonės g. 31,Alytus,Alytus County,Lithuania,,,,
39,"BIOVELA-UTENOS MĖSA, UAB",MATCH,"BIOVELA-UTENOS MĖSA, UAB",284268020,LT842680219,+370 389 63504,,http://www.biovela.lt,Žilvinas Lenktaitis,generalinis direktorius,1626,"Pramonės g. 4, LT-28216 Utena",Utena,LT-28216,"Maisto produktai; Gamyba; Mėsa, mėsos produktai",https://rekvizitai.vz.lt/imone/biovela_utenos_mesa/,LT 17 EB,7,"MM (Minced meat, meat preparations and mechanically separated meat – MM, MP, MSM) | WM (Wild game meat) | GEN (General activity establishment - EU) | CAS (Treated stomachs, bladders and intestines: casings only) | RM (Meat of domestic ungulates) | GM (Meat of farmed game) | RPM (Meat products)",MM - Minced Meat Plant; MP - Meat Preparation Plant | CP - Cutting Plant | CS - Cold Stores | PP - Processing Plant | SH - Slaughterhouse; CP - Cutting Plant,Pramonės g. 4,Utena,Utena County,Lithuania,,,,
40,Baltic Air Logistics Terminal,MATCH,"Baltic Air Logistics Terminal, UAB",124430488,LT244304811,+370 5 2329269,,http://www.balt-cargo.lt,Olegas Kairys,direktorius,27,"Rodūnios kel. 18, LT-02188 Vilnius",Vilnius,LT-02188,"Sandėliavimas; Muitinių paslaugos, muitinės; Oro transportas, aviacija",https://rekvizitai.vz.lt/imone/lietuvos_avialinijos_cargo/,LT 01-01,1,GEN (General activity establishment - EU),CS - Cold Stores,Rodunios kel. 18,Vilnius,Vilnius County,Lithuania,,,,
41,"Baltic Champs, UAB",MATCH,"Baltic Champs, UAB",302942064,LT100007785610,+370 41 372494,,http://www.champs.lt,Generalinis direktorius Arūnas Radzevičius,,368,"Poviliškių k. 15, Gruzdžių sen., LT-81411 Šiaulių r.",Šiaulių r.,LT-81411,"Žemės ūkis, paslaugos; Maisto produktai; Miško gėrybės",https://rekvizitai.vz.lt/imone/baltic_champs_uab/,LT 89-04,1,GEN (General activity establishment - EU),CS - Cold Stores,"Zosinos g. 5, Širvintos",Širvintos,Vilnius County,Lithuania,,,,
42,Birutės Revuckienės IĮ,MATCH,Birutės Revuckienės IĮ,170778418,LT707784113,+370 611 35973,,,Birutė Revuckienė,direktorė,,"Nemajūnų k., Birštono sen., Birštonas",Birštonas,,Maisto produktai,https://rekvizitai.vz.lt/imone/birutes_revuckienes_ii/,Lt-12-04,1,RM (Meat of domestic ungulates),SH - Slaughterhouse,Birštono sav.LT-59451,Nemajūnai,Kaunas County,Lithuania,,,,
43,CAPELLA“ Reefer Vessel RV,NO_MATCH,,,,,,,,,,,,,,,21-19,1,FFP (Fishery products - EU),ZV - Freezer Vessel,CAPELLA“ Reefer vessel RV,Klaipėda,Klaipeda County,Lithuania,,,,
44,Dainoros Račkauskienės ind. įmonė,NO_MATCH,,,,,,,,,,,,,,,61-17,3,"MM (Minced meat, meat preparations and mechanically separated meat – MM, MP, MSM) | RM (Meat of domestic ungulates) | RPM (Meat products)",MM - Minced Meat Plant; MP - Meat Preparation Plant | CP - Cutting Plant | PP - Processing Plant,"Bažnyčios g. 17, Mažeikiai, Mažeikių sen., Mažeikių r. sav., Telšių apskr.",Mažeikiai,Telsiai County,Lithuania,,,,
45,Danutė Muraškaitė,NO_MATCH,,,,,,,,,,,,,,,48-026,1,"MM (Minced meat, meat preparations and mechanically separated meat – MM, MP, MSM)",MM - Minced Meat Plant,"Laisvės g. 20, Kalvarija",Kalvarija,Marijampole County,Lithuania,,,,
46,Deimantė Krivickaitė,NO_MATCH,,,,,,,,,,,,,,,53-14,1,RM (Meat of domestic ungulates),SH - Slaughterhouse,"Norkūnų k.,Krakių s.,Kėdainių r.",Norkūnai,Kaunas County,Lithuania,,,,
47,Donato Vaicikausko IĮ Mėsininkas,NO_MATCH,,,,,,,,,,,,,,,68-14,1,RPM (Meat products),PP - Processing Plant,"Minijos g. 31C, Juodeikių k., Plungės r. sav.",Juodeikiai,Telsiai County,Lithuania,,,,
48,EMIRONAS UAB,MATCH,"UAB ""Emironas""",302526240,LT100005507918,+370 699 30003,,,Linas Jovaiša,direktorius,28,"V. A. Graičiūno g. 24A, LT-02241 Vilnius",Vilnius,LT-02241,Maisto produktai; Didmeninė prekyba,https://rekvizitai.vz.lt/imone/uab_emironas/,130018865,1,GEN (General activity establishment - EU),WM - Wholesale Market,"V. A. Graičiūno g. 24A, LT-02241 Vilnius",Vilnius,Vilnius County,Lithuania,,,,
49,EUROCRICKETS UAB,MATCH,"Eurocrickets, UAB",305379952,LT100012869511,+370 631 99779,,http://www.eurocrickets.com,,,15,"Merkio g. 87, Dargužiai, LT-65445 Varėnos r.",Varėnos r.,LT-65445,"Didmeninė prekyba; Gyvuliai, žvėrys, paukščiai ir jų veisimas; Maisto gamyba; Pašarai, gyvulinis maistas",https://rekvizitai.vz.lt/imone/eurocrickets/,LT38-06,1,GEN (General activity establishment - EU),WM - Wholesale Market,Merkio str. 87,Dargužiai,Alytus County,Lithuania,,,,
50,Edgaras Ivanauskas,NO_MATCH,,,,,,,,,,,,,,,190009585,1,GEN (General activity establishment - EU),WM - Wholesale Market,"Pelėdų takas 11, Kaunas",Kaunas,Kaunas County,Lithuania,,,,
51,Edmundas Valatka,NO_MATCH,,,,,,,,,,,,,,,Lt-12-03 EB,1,RM (Meat of domestic ungulates),SH - Slaughterhouse,"Gryšios g. 10, Nečiūnai, Birštono sav. LT-59452",Nečiūnai,Kaunas County,Lithuania,,,,
52,Edvardas Gelažius,NO_MATCH,,,,,,,,,,,,,,,LT 84-05,1,EEP (Eggs and egg products),EPC - Egg-packing Centre,"Kerų k., Lukšių sen., Šakių r. sav.",Liepalotai,Marijampole County,Lithuania,,,,
53,Espersen Lietuva UAB,MATCH,"Espersen Lietuva, UAB",163679793,LT636797917,+370 46 347526,,http://www.espersen.com,Nerija Kėrytė-Arnašienė,,,"Pramonės g. 15, LT-94102 Klaipėda",Klaipėda,LT-94102,"Žuvininkystė, žuvies produktai; Didmeninė prekyba; Eksportas; Gamyba",https://rekvizitai.vz.lt/imone/espersen_lietuva/,LT 21-15 EB,1,FFP (Fishery products - EU),PP - Processing Plant,"Pramonės g. 15, LT-94102 Klaipėda",Klaipėda,Klaipeda County,Lithuania,,,,
54,F. Šlėvės šaltieji sandeliai,NO_MATCH,,,,,,,,,,,,,,,9383611,1,GEN (General activity establishment - EU),CS - Cold Stores,"Plento g. 7, Velžių k., Radviliškio rajonas",Velžių k.,Siauliai County,Lithuania,,,,
55,"FMCG prekyba, UAB",MATCH,"FMCG prekyba, UAB",304651381,LT100011199116,+370 37 280861,,,,,1,"Vytenio g. 55-42, LT-03209 Vilnius",Vilnius,LT-03209,Maisto produktai,https://rekvizitai.vz.lt/imone/fmcg_prekyba/,190010508; 520001933,1,GEN (General activity establishment - EU),WM - Wholesale Market,"Taikos pr. 94, Kaunas",Kaunas,Kaunas County,Lithuania,,,,
56,"Ferogama, UAB",MATCH,"UAB ""FEROGAMA""",301133896,LT100003679315,+370 5 2311500,,http://www.ferogama.lt,Romualdas Gėgžnas,,24,"Agrastų g. 2, Vilnius",Vilnius,LT-02243,"Logistikos paslaugos; Muitinių paslaugos, muitinės; Patalpų nuoma; Sandėliavimas",https://rekvizitai.vz.lt/imone/uab_ferogama/,LT 01-14,1,GEN (General activity establishment - EU),CS - Cold Stores,Agrastų g. 2,Vilnius,Vilnius County,Lithuania,,,,
57,Ferroc UAB,MATCH,"Ferroc, UAB",302590136,LT100005913918,+370 654 70105,,,Jurgita Olonovienė,direktorė,2,"Perkūnkiemio g. 13-91, Vilnius",Vilnius,LT-12114,Didmeninė prekyba,https://rekvizitai.vz.lt/imone/ferroc/,530001547,1,RPM (Meat products),PP - Processing Plant,"Vandenvietės g. 9, LT-57242 Kėdainiai",Kėdainiai,Kaunas County,Lithuania,,,,
58,"Fish Processing Net, UAB",MATCH,"Fish Processing Net, UAB",307013537,LT100017472019,+370 606 09575,,,Vaidas Juodis,direktorius,12,"Tarpupio g. 29, Mamavio k., LT-21169 Trakų r.",Trakų r.,LT-21169,"Žuvininkystė, žuvies produktai; Maisto produktai",https://rekvizitai.vz.lt/imone/fish_processing_net/,79-09,2,FFP (Fishery products - EU) | GEN (General activity establishment - EU),WM - Wholesale Market; FFPP - Fresh Fishery Products Plant | RW - Re-wrapping Establishment,"Tarpupio g. 29, Mamavio k., Trakų r. sav.",Mamavys,Vilnius County,Lithuania,,,,
59,G. Drakšo IĮ,NO_MATCH,,,,,,,,,,,,,,,LT 79-03,1,"MM (Minced meat, meat preparations and mechanically separated meat – MM, MP, MSM)",MP - Meat Preparation Plant,Žiedo g. 30,Vaickūniškės,Vilnius County,Lithuania,,,,
60,"G. Kanaševičiaus PĮ ,,Desė""",MATCH,"G. Kanaševičiaus PĮ ""DESĖ""",158906339,LT589063314,+370 346 44434,,http://www.dese.lt,Tovaldas Kanaševičius,,131,"Naujažerio g. 2A, Žasliai, LT-56413 Kaišiadorių r.",Kaišiadorių r.,LT-56413,"Žuvininkystė, žuvies produktai; Antrinės žaliavos; Gamyba",https://rekvizitai.vz.lt/imone/dese_g_kanaseviciaus_ii/,LT49-08EB,2,FFP (Fishery products - EU) | GEN (General activity establishment - EU),PP - Processing Plant | RW - Re-wrapping Establishment,"Naujažerio g. 2A, Žaslių mstl., Žaslių sen., Kaišiadorių r. sav.",Naujažeris,Kaunas County,Lithuania,,,,
61,G. Šlinsko individuali įmonė,NO_MATCH,,,,,,,,,,,,,,,LT75-04EB,1,GM (Meat of farmed game),SH - Slaughterhouse,"Vingio g. 5, Gėsalų k., Aleksandrijos sen., Skuodo r. sav.",Aleksandrija,Klaipeda County,Lithuania,,,,
62,GINTARO BIČKAUS ĮMONĖ RENGMĖ,MATCH,"Gintaro Bičkaus įmonė ""Rengmė""",144863899,LT448638917,+370 415 44050,,,Gintaras Bičkus,,,"Liubarto g. 19-1, LT-08118 Vilnius",Vilnius,LT-08118,"Didmeninė prekyba; Maisto produktai; Muitinių paslaugos, muitinės; Žuvininkystė, žuvies produktai",https://rekvizitai.vz.lt/imone/rengme_g_bickaus_imone/,LT29-15; LT 01-36 EB,1,GEN (General activity establishment - EU),CS - Cold Stores,"KUPIŠKIO G.7, Šiauliai",Šiauliai,Siauliai County,Lithuania,,,,
63,"GL ""JŪROS VILKAS"" FV",NO_MATCH,,,,,,,,,,,,,,,21-32,1,FFP (Fishery products - EU),FV - Factory Vessel,Ukmergės g. 14,Klaipėda,Klaipeda County,Lithuania,,,,
64,"GL ""KARALIUS"" FV",NO_MATCH,,,,,,,,,,,,,,,21-31,1,FFP (Fishery products - EU),FV - Factory Vessel,Ukmergės g. 14,Klaipėda,Klaipeda County,Lithuania,,,,
65,Gelena Brokartienė,NO_MATCH,,,,,,,,,,,,,,,LT 79-007 Ž,1,FFP (Fishery products - EU),FFPP - Fresh Fishery Products Plant,Vilniaus mažoji g. 2B,Trakai,Vilnius County,Lithuania,,,,
66,"Groward group, UAB",MATCH,"Groward Group, UAB",302764932,LT100007083216,+370 612 61666,,http://groward.eu/,Generalinis direktorius Dainius Matijošaitis,,42,"Karaliaus Mindaugo pr. 38, LT-44307 Kaunas",Kaunas,LT-44307,Didmeninė prekyba; Eksportas; Grūdininkystė,https://rekvizitai.vz.lt/imone/vg_agroholding/,520001871; 190011857; 520001872,1,GEN (General activity establishment - EU),WM - Wholesale Market,"Marijampolės g. 27, Pagiriai, Garliavos sen., Kauno r.",Pagiriai,Kaunas County,Lithuania,,,,
67,Halina Levandovskaja,NO_MATCH,,,,,,,,,,,,,,,41-020 M,1,PM (Meat from poultry and lagomorphs),SH - Slaughterhouse,Upelio g. 1,Gineitiškės,Vilnius County,Lithuania,,,,
68,"IKI LOGISTIKOS CENTRAS ,UAB PALINK",NO_MATCH,,,,,,,,,,,,,,,LT66-03 EB,1,GEN (General activity establishment - EU),CS - Cold Stores,"VAISVILČIŲ II K., UPYTĖS SEN.,,PANEVĖŽIO R. SAV., LT-38292",Panevėžys,Panevezys County,Lithuania,,,,
69,Ingrida Kirvaitienė,NO_MATCH,,,,,,,,,,,,,,,LT 39-05,2,RM (Meat of domestic ungulates) | RPM (Meat products),CP - Cutting Plant | PP - Processing Plant,"M. Valančiaus g. 73, Vilkaviškis",Vilkaviškis,Marijampole County,Lithuania,,,,
70,IĮ Grenesta,MATCH,"Grenesta, IĮ",303989953,LT100009466414,+370 601 29755,,,Jelena Pukel,direktorė,11,"Daškūnų g. 15, Skaidiškių k., LT-13268 Vilniaus r.",Vilniaus r.,LT-13268,"Mėsa, mėsos produktai; Gamyba",https://rekvizitai.vz.lt/imone/grenesta/,LT 41-17,1,RPM (Meat products),PP - Processing Plant,Daškūnų g. 15,Skaidiškės,Vilnius County,Lithuania,,,,
71,IĮ Linolis,MATCH,"Linolis, IĮ",144759548,LT447595412,+370 698 27152,,,Algirdas Jarutis,,6,"Skalvių g. 3-8, LT-78222 Šiauliai",Šiauliai,LT-78222,"Mėsa, mėsos produktai; Didmeninė prekyba; Gamyba; Patalpų apdaila, remontas",https://rekvizitai.vz.lt/imone/linolis/,LT 54-04,1,RPM (Meat products),PP - Processing Plant,"Šilo Pavėžupio g.16, Laikšių k., Šaukėnų sen., Kelmės r. sav. LT-86422",Kelmė,Siauliai County,Lithuania,,,,
72,IĮ Sigmega,MATCH,"Sigmega, UAB",145543973,LT455439716,+370 41 581950,,,,,30,"V. Kudirkos g. 14B, Kuršėnai, LT-81184 Šiaulių r.",Šiaulių r.,LT-81184,Maisto parduotuvės; Mažmeninė prekyba,https://rekvizitai.vz.lt/imone/ii_sigmega/,LT 78-04 EB,1,RPM (Meat products),PP - Processing Plant,"Mokyklos g. 2, LT -88202, Kaunatava, Upynos sen., Telšių r. sav.",Kaunatava,Telsiai County,Lithuania,,,,
73,Juozas Burbulevičius,NO_MATCH,,,,,,,,,,,,,,,LT--69-03 EB,1,RM (Meat of domestic ungulates),SH - Slaughterhouse,"Lelijų g. 4, Giniūnai, Prienų r.",Giniūnai,Kaunas County,Lithuania,,,,
74,Juozo Žydelio IĮ,MATCH,Juozo Žydelio IĮ,300082694,LT100001436318,+370 342 51060,,,Aušra Žydelytė,,,"Šviesos g. 12, LT-70141 Vilkaviškis",Vilkaviškis,LT-70141,Maisto produktai,https://rekvizitai.vz.lt/imone/j_zydelio_ii/,LT 39-02,1,PM (Meat from poultry and lagomorphs),CP - Cutting Plant,"Rimgaudo g. 26, Vilkaviškis",Vilkaviškis,Marijampole County,Lithuania,,,,
75,KB Oxmeat,MATCH,"Oxmeat, KB",304178291,LT100009985311,+370 632 77772,,,Žilvinas Aidas Žilinskas,administracijos vadovas,7,"Švenčionių g. 114, Nemenčinė, LT-15168 Vilniaus r.",Vilniaus r.,LT-15168,"Mėsa, mėsos produktai; Gyvuliai, žvėrys, paukščiai ir jų veisimas; Maisto gamyba",https://rekvizitai.vz.lt/imone/oxmeat/,LT 41-02,2,"MM (Minced meat, meat preparations and mechanically separated meat – MM, MP, MSM) | RPM (Meat products)",MP - Meat Preparation Plant | PP - Processing Plant,Švenčionių g. 114,Nemenčinė,Vilnius County,Lithuania,,,,
76,Kooperatyvas  Gera mėsa,MATCH,"Kooperatyvas ""Gera mėsa""",302331817,LT100004904812,+370 46 390222,,,Gintaras Valančius,,3,"Karklininkų g. 51, Karklės k., LT-92383 Klaipėdos r.",Klaipėdos r.,LT-92383,"Mėsa, mėsos produktai; Maisto produktai",https://rekvizitai.vz.lt/imone/gera_mesa_kooperatyvas/,63-01,3,"MM (Minced meat, meat preparations and mechanically separated meat – MM, MP, MSM) | RM (Meat of domestic ungulates) | RPM (Meat products)",MM - Minced Meat Plant | CP - Cutting Plant | PP - Processing Plant,"Tauragės apskr., Pagėgių sav., Stoniškių sen., Šilgaliai, Vilkos g. 2",Šilgaliai,Taurage County,Lithuania,,,,
77,Kristina Kučinskienė,NO_MATCH,,,,,,,,,,,,,,,LT 18-08,1,RM (Meat of domestic ungulates),SH - Slaughterhouse; CP - Cutting Plant,"Sasnos g. 5, Kantališkių k., Sasnavos  sen., Marijampolės sav.",Kantališkiai,Marijampole County,Lithuania,,,,
78,L. Šemetulskio IĮ,NO_MATCH,,,,,,,,,,,,,,,LT 55-31 EB,1,FFP (Fishery products - EU),PP - Processing Plant,"Draugystės g. 13, Girkaliai, Klaipėdos r.",Girkaliai,Klaipeda County,Lithuania,,,,
79,"LIT EGG, UAB",MATCH,"LIT EGG, UAB",305174577,LT100012496715,+370 615 84532,,,,,117,"Vyturio g. 2, Kaušėnų k., LT-90100 Plungės r.",Plungės r.,LT-90100,Maisto produktai,https://rekvizitai.vz.lt/imone/lit_egg/,68-70,1,EEP (Eggs and egg products),EPC - Egg-packing Centre,"Vyturio g.2, Plungės r. sav.",Kaušėnai,Telsiai County,Lithuania,,,,
80,"LT Medus, UAB",MATCH,"LT MEDUS, UAB",302475319,LT100005168319,+370 640 41144,,http://www.ltmedus.lt,,,3,"V. Putvinskio g. 45-16, Kaunas",Kaunas,LT-44243,Maisto parduotuvės; Maisto produktai,https://rekvizitai.vz.lt/imone/uab_lietuviskas_medus/,190006337,1,GEN (General activity establishment - EU),WM - Wholesale Market,"Kauno apskr., Kauno r., Biruliškių k., Terminalo g. 6",Biruliškės,Kaunas County,Lithuania,,,,
81,Laima Rinkevičienė,NO_MATCH,,,,,,,,,,,,,,,LT 33-02,1,RM (Meat of domestic ungulates),SH - Slaughterhouse,"Nemuno g. 56, Panemuninkų k., Alytaus sen., Alytaus r. sav.",Panemuninkai,Alytus County,Lithuania,,,,
82,Laimučio Palionio firma,MATCH,Laimučio Palionio firma,165243360,LT652433610,+370 318 51231,,,Laimutis Palionis,,14,"Mechanizatorių g. 17, Kapčiamiestis, LT-67313 Lazdijų r.",Lazdijų r.,LT-67313,"Gyvuliai, žvėrys, paukščiai ir jų veisimas; Maisto produktai; Mėsa, mėsos produktai",https://rekvizitai.vz.lt/imone/l_palionio_firma/,190011815,1,GEN (General activity establishment - EU),WM - Wholesale Market,"Europos pr. 36, Kaunas",Kaunas,Kaunas County,Lithuania,,,,
83,"Lavisos Lez terminalas, UAB",MATCH,"Lavisos Lez terminalas, UAB",135940713,LT100002254218,+370 37 068534,,http://www.lez-terminalas.lt,Vladas Šleževičius,,28,"Terminalo g. 6, Biruliškių k., LT-54469 Kauno r.",Kauno r.,LT-54469,Logistikos paslaugos; Importas,https://rekvizitai.vz.lt/imone/lavisos_lez_terminalas/,52-24,1,GEN (General activity establishment - EU),CS - Cold Stores; WM - Wholesale Market,"Terminalo g. 6, Kauno raj.",Kaunas,Kaunas County,Lithuania,,,,
84,Leono Kudirkos IĮ,NO_MATCH,,,,,,,,,,,,,,,LT 39-06,1,RPM (Meat products),PP - Processing Plant,"Nepriklausomybės g. 41, Kybartų k., Kybartų sen., Vilkaviškio r. sav.",Kybartai,Marijampole County,Lithuania,,,,
85,Litcargus; UAB,MATCH,"Litcargus, UAB",110530770,LT105307716,+370 5 2329290,,http://www.litcargus.lt,Generalinis direktorius Linas Vaškys,,408,"Rodūnios kel. 2, LT-02189 Vilnius",Vilnius,LT-02189,"Oro transportas, aviacija; Logistikos paslaugos",https://rekvizitai.vz.lt/imone/litcargus/,LT 01-16 EB,1,GEN (General activity establishment - EU),CS - Cold Stores,Rodūnios kelias 2,Vilnius,Vilnius County,Lithuania,,,,
86,"MAXIMA LT, UAB",MATCH,"Maxima LT, UAB",123033512,LT230335113,+370 800 20050,,http://www.maxima.lt,Kristupas Buzys,,10983,"Naugarduko g. 84, LT-03160 Vilnius",Vilnius,LT-03160,Maisto parduotuvės; Maisto produktai; Mažmeninė prekyba; Ūkio prekės,https://rekvizitai.vz.lt/imone/maxima_lt_uab/,01-22; 18-003; 19-42; 520001967; 190012170; 19-13; 19-17; LT 18-09; 19-16,4,"MM (Minced meat, meat preparations and mechanically separated meat – MM, MP, MSM) | GEN (General activity establishment - EU) | RM (Meat of domestic ungulates) | RPM (Meat products)",MM - Minced Meat Plant; MP - Meat Preparation Plant | MM - Minced Meat Plant | MP - Meat Preparation Plant; MM - Minced Meat Plant | WM - Wholesale Market | CP - Cutting Plant | PP - Processing Plant,Savanorių pr. 247,Vilnius,Vilnius County,Lithuania,,,,
87,"MB ""Gurmanas""",MATCH,"Gurmanas, MB",304382358,LT100010376713,+370 693 90704,,,Alvydas Karbauskas,direktorius,11,"Melioratorių g. 1C-1, Mažeikiai",Mažeikiai,LT-89145,"Mėsa, mėsos produktai; Gamyba; Maisto gamyba",https://rekvizitai.vz.lt/imone/gurmanas/,61-07,3,"MM (Minced meat, meat preparations and mechanically separated meat – MM, MP, MSM) | RM (Meat of domestic ungulates) | RPM (Meat products)",MM - Minced Meat Plant; MP - Meat Preparation Plant | CP - Cutting Plant | PP - Processing Plant,"Melioratorių g. 1C-1, Mažeikiai. Mažeikių sen., Mažeikių r. sav., Telšių apskr.",Mažeikiai,Telsiai County,Lithuania,,,,
88,"MB ""Kiaulienos ūkis""",MATCH,"Kiaulienos ūkis, MB",306014426,LT100015264710,+370 646 95202,,,Dainius Klimaitis,,8,"Špokų g. 2, Varluvos k., Kauno r.",Kauno r.,LT-54341,"Mėsa, mėsos produktai",https://rekvizitai.vz.lt/imone/kiaulienos_ukis/,LT 18-17 EB,1,RM (Meat of domestic ungulates),SH - Slaughterhouse,"Patašinės g. 44, Patašinės k., Marijampolės sen., Marijampolės sav.",Patašinė,Marijampole County,Lithuania,,,,
89,"MB ""Laigrida""",MATCH,"Laigrida, MB",305468504,,+370 652 18117,,,Ingrida Akucevičienė,,,"Gluosnių g. 1, Čyčkų k., LT-70376 Vilkaviškio r.",Vilkaviškio r.,LT-70376,"Mėsa, mėsos produktai; Maisto gamyba; Maisto produktai",https://rekvizitai.vz.lt/imone/laigrida/,LT 39-21,2,RM (Meat of domestic ungulates) | RPM (Meat products),CP - Cutting Plant | PP - Processing Plant,"Gluosnių g. 1, Čyčkų k., Šeimenos sen., Vilkaviškio r. sav.",Vilkaviškis,Marijampole County,Lithuania,,,,
90,"MB ""Mėsos klubas""",MATCH,"Mėsos klubas, MB",305617581,LT100014656518,+370 635 69619,,http://www.turgelisinamus.lt,Aurimas Gadeikis,direktorius,13,"Adomo Mickevičiaus g. 253, Buiniškių k., LT-14202 Vilniaus r.",Vilniaus r.,LT-14202,"Mėsa, mėsos produktai",https://rekvizitai.vz.lt/imone/broliu_mesine/,41-22,3,"MM (Minced meat, meat preparations and mechanically separated meat – MM, MP, MSM) | RM (Meat of domestic ungulates) | RPM (Meat products)",MM - Minced Meat Plant; MP - Meat Preparation Plant | CP - Cutting Plant | PP - Processing Plant,"Vilniaus r. sav., Sudervės sen., Buiniškių k., Adomo Mickevičiaus g. 253",Buiniškės,Vilnius County,Lithuania,,,,
91,"MB ""Patented MT""",MATCH,"Patented MT, MB",306462237,,+370 672 89578,,https://www.patmedtech.com,,,,"Karaliaus Mindaugo g. 18, Rukla, LT-55285 Jonavos r.",Jonavos r.,LT-55285,"Tyrimai, ekspertizės",https://rekvizitai.vz.lt/imone/patented_mt/,46-18,1,"MMP (Raw milk, dairy products, colostrum and colostrum-based products)",PP - Processing Plant,"Jonavos r. sav., Jonavos sen., Jonava, Girelės g. 1C",Jonava,Kaunas County,Lithuania,,,,
92,"MB ""RADŪMA""",MATCH,"Radūma, MB",303361368,,+370 601 36308,,,Rasa Kubilienė,administracijos vadovas,,"Metalo g. 7, Kluonalių k., LT-97193 Kretingos r.",Kretingos r.,LT-97193,"Mėsa, mėsos produktai",https://rekvizitai.vz.lt/imone/raduma/,LT 56-04 EB,1,RPM (Meat products),PP - Processing Plant,"Metalo g. 7, Kluonalių k., LT-97193 Kretingos r.",Kluonaliai,Klaipeda County,Lithuania,,,,
93,"MB ""Rojaus mėsytė""",NO_MATCH,,,,,,,,,,,,,,,LT52-37EB,1,RPM (Meat products),PP - Processing Plant,"Vandžiogalos pl.196, Eigirgalos k.  Domeikavos sen., Kauno r.",Eigirgalos k.,Kaunas County,Lithuania,,,,
94,"MB ""Spirgius""",MATCH,"Spirgius, MB",304453360,LT100010699419,+370 606 76353,,,Judita Kačiušienė,direktorė,5,"Kauno g. 1-10, Lekėčiai, LT-71226 Šakių r.",Šakių r.,LT-71226,Maisto parduotuvės,https://rekvizitai.vz.lt/imone/spirgius/,84-007V,1,"MM (Minced meat, meat preparations and mechanically separated meat – MM, MP, MSM)",MM - Minced Meat Plant,"Kauno g. 1, Lekėčių k., Lekėčių sen., Šakių r. sav.",Lekėčiai,Marijampole County,Lithuania,,,,
95,"MB ""Suvalkijos mėsos gaminiai""",NO_MATCH,,,,,,,,,,,,,,,LT 18-10,2,RM (Meat of domestic ungulates) | RPM (Meat products),CP - Cutting Plant | PP - Processing Plant,"Parko g. 3, Narto k., Liudvinavo sen., Marijampolės sav.",Nartas,Marijampole County,Lithuania,,,,
96,"MB ,,Ostvalds fabrica""",NO_MATCH,,,,,,,,,,,,,,,LT49-11 P EB,1,"MMP (Raw milk, dairy products, colostrum and colostrum-based products)",PP - Processing Plant,"Jovarų g. 44, Liutonių k., Žiežmarių apyl. sen., Kaišiadorių r. sav., LT-56204",Liutonys,Kaunas County,Lithuania,,,,
97,"MB ,,Vidneras""",NO_MATCH,,,,,,,,,,,,,,,LT49-15EB,1,RPM (Meat products),PP - Processing Plant,"Vytauto Didžiojo g. 112A, Kaišiadorys, Kaišiadorių r. sav.",Kaišiadorys,Kaunas County,Lithuania,,,,
98,MB Aksnita,MATCH,"Aksnita, MB",305235934,LT100012591912,+370 694 28895,,,Tomas Maslauskas,,2,"S. Stanevičiaus g. 74-4, LT-07112 Vilnius",Vilnius,LT-07112,"Žuvininkystė, žuvies produktai",https://rekvizitai.vz.lt/imone/aksnita/,LT 01-074 Ž,1,FFP (Fishery products - EU),PP - Processing Plant,Liepkalnio g. 188,Vilnius,Vilnius County,Lithuania,,,,
99,MB Avidus,MATCH,"Avidus, MB",302892597,LT100009305315,+370 610 21500,,,,,,"Švenčionių g. 114, Nemenčinė, LT-15168 Vilniaus r.",Vilniaus r.,LT-15168,"Mėsa, mėsos produktai",https://rekvizitai.vz.lt/imone/avidus/,LT 41-12,1,GM (Meat of farmed game),SH - Slaughterhouse,Švenčionių g. 114,Nemenčinė,Vilnius County,Lithuania,,,,
100,MB Bajorų mėsa,MATCH,"Bajorų mėsa, MB",304499991,LT100011388218,+370 670 61768,,https://bajorumesa.lt/,Česlav Bezliapovič,,5,"Taikos g. 5, Lyduokiai, LT-20387 Ukmergės r.",Ukmergės r.,LT-20387,"Mėsa, mėsos produktai",https://rekvizitai.vz.lt/imone/bajoru_mesa/,LT 41-017 M,1,"MM (Minced meat, meat preparations and mechanically separated meat – MM, MP, MSM)",MP - Meat Preparation Plant,"Pakovarniškių k., Marijampolio sen., Vilniaus r.",Pakovarniškės,Vilnius County,Lithuania,,,,
101,MB Brazių ūkis,MATCH,"Brazių ūkis, MB",304546156,LT100012287219,+370 652 59059,,,,,,"Vilniaus g. 29, Vievis, Elektrėnai",Elektrėnai,LT-21376,"Mėsa, mėsos produktai",https://rekvizitai.vz.lt/imone/braziu_ukis/,LT 42-009,1,"MM (Minced meat, meat preparations and mechanically separated meat – MM, MP, MSM)",MP - Meat Preparation Plant,"Elektrėnų sav., Vievis, Vilniaus g. 29",Vievis,Vilnius County,Lithuania,,,,
102,MB Brolių mėsinė,NO_MATCH,,,,,,,,,,,,,,,LT 01-111 M,1,"MM (Minced meat, meat preparations and mechanically separated meat – MM, MP, MSM)",MP - Meat Preparation Plant,Kalvarijų g. 61,Vilnius,Vilnius County,Lithuania,,,,
103,MB Dumus,MATCH,"Dumus, MB",305279382,LT100013930013,+370 612 59888,,,Tomas Lazauskas,direktorius,,"Girulių g. 10, LT-12112 Vilnius",Vilnius,LT-12112,"Žuvininkystė, žuvies produktai; Maisto produktai",https://rekvizitai.vz.lt/imone/dumus/,LT 01-107 Ž,1,FFP (Fishery products - EU),PP - Processing Plant,Juodasis kelias 30,Vilnius,Vilnius County,Lithuania,,,,
104,MB Dūmykla,MATCH,"Dūmykla, MB",305553755,,+370 612 93727,,,,,,"Vytauto g. 110-20, LT-76345 Šiauliai",Šiauliai,LT-76345,Kita veikla,https://rekvizitai.vz.lt/imone/dumykla/,01-105 M,1,"MM (Minced meat, meat preparations and mechanically separated meat – MM, MP, MSM)",MP - Meat Preparation Plant,Petro Baublio g. 1a,Vilnius,Vilnius County,Lithuania,,,,
105,"MB FOOD LT, UAB",MATCH,"MB Food Lt, UAB",302461508,LT100005049810,+370 620 40790,,,Andrius Beržinis,direktorius,4,"Pušyno skg. 1-2, Klaipėda",Klaipėda,LT-92266,"Maisto parduotuvės; Mėsa, mėsos produktai",https://rekvizitai.vz.lt/imone/mb_food_lt_uab/,520001537; 520001536,1,GEN (General activity establishment - EU),WM - Wholesale Market,"Marijampolės g. 27, Pagiriai, Garliavos sen., Kauno r.",Pagiriai,Kaunas County,Lithuania,,,,
106,MB Grainis,MATCH,"Grainis, MB",303288920,LT100008677215,+370 614 57301,,http://www.mikrozalumynai.lt,Mindaugas Maziliauskas,direktorius,16,"Universiteto g. 8A, Akademija, LT-53341 Kauno r.",Kauno r.,LT-53341,"Daržininkystė, sodininkystė; Daržovės; Didmeninė prekyba; Mažmeninė prekyba",https://rekvizitai.vz.lt/imone/grainis/,520001369,1,SPR (Sprouts),PdP - Producing Plant,"Universiteto g. 8A, Akademija, LT-53341 Kaunas",Kaunas,Kaunas County,Lithuania,,,,
107,MB Grundalas,MATCH,"Grundalas, MB",168644013,LT686440113,+370 45 581041,,http://www.grundalas.lt,Vidmantas Želnys,,9,"J. Tilvyčio g. 124, Vaišvilčių II k., LT-38292 Panevėžio r.",Panevėžio r.,LT-38292,"Žuvininkystė, žuvies produktai; Gamyba",https://rekvizitai.vz.lt/imone/grundalas_k_zelnio_imone/,LT66-33 EB,1,FFP (Fishery products - EU),PP - Processing Plant,"Tilvyčio g. 124, Vaišvilčių II k., LT-38292",Vaišvilčiai II,Panevezys County,Lithuania,,,,
108,MB IMON ITAU,MATCH,"Imon itau, MB",305657978,LT100013573516,+370 616 23632,,,,,,"Bitininkų g. 43D-74, LT-46375 Kaunas",Kaunas,LT-46375,"Pienas, pieno produktai; Konsultacijų paslaugos",https://rekvizitai.vz.lt/imone/imon_itau/,190012355,1,GEN (General activity establishment - EU),WM - Wholesale Market,"Kauno apskr. Kauno m. sav., Kaunas, Raudondvario pl. 162",Kaunas,Kaunas County,Lithuania,,,,
109,MB Ingamina,MATCH,"Ingamina, MB",304743253,LT100011385916,+370 670 10439,,,Inga Šamšonaitė,,2,"Jonažolių g. 15-79, Vilnius",Vilnius,LT-04136,Maisto gamyba; Gamyba; Kita veikla,https://rekvizitai.vz.lt/imone/ingamina/,LT 41-14 EB,1,"MM (Minced meat, meat preparations and mechanically separated meat – MM, MP, MSM)",MP - Meat Preparation Plant,"Sodų g. 1,",Dūkštos,Vilnius County,Lithuania,,,,
110,MB Kaimo mėsinė,MATCH,"Kaimo mėsinė, MB",304991455,LT100012353115,+370 672 52247,,,Žydrūnas Stankūnas,direktorius,5,"Dubysos g. 1, Bulavėnų k., LT-86211 Kelmės r.",Kelmės r.,LT-86211,"Mėsa, mėsos produktai",https://rekvizitai.vz.lt/imone/kaimo_mesine/,LT 54-09,1,RPM (Meat products),PP - Processing Plant,"Šiluvos g.24, Tytuvėnai, Tytuvėnų sen., Kelmės r. sav. LT-86494",Kelmė,Siauliai County,Lithuania,,,,
111,MB Kindziulis,MATCH,"Kindziulis, MB",304772995,LT100011489717,+370 696 53000,,,Algirdas Antanavičius,,4,"Kirtimų g. 57A, LT-02244 Vilnius",Vilnius,LT-02244,"Maisto parduotuvės; Didmeninė prekyba; Maisto produktai; Mėsa, mėsos produktai",https://rekvizitai.vz.lt/imone/kindziulis/,01-55,1,GEN (General activity establishment - EU),WM - Wholesale Market; CS - Cold Stores,"Kirtimų g. 57 A, Vilnius",Vilnius,Vilnius County,Lithuania,,,,
112,MB LILĖS SŪRIAI,MATCH,"Lilės sūriai, MB",304596853,LT100011404617,+370 611 39597,,,Lilija Liutkevičienė,direktorė,10,"Liepupio g. 1, Piliamanto k., LT-58331 Kėdainių r.",Kėdainių r.,LT-58331,"Pienas, pieno produktai",https://rekvizitai.vz.lt/imone/liles_suriai/,53-02P,1,"MMP (Raw milk, dairy products, colostrum and colostrum-based products)",PP - Processing Plant,"Liepupio g., 3, Piliamantas, Dotnuvos sen., Kėdainių r",Piliamantas,Kaunas County,Lithuania,,,,
113,MB LITHUANIAN BEE,MATCH,"Lithuanian bee, MB",305582486,LT100013254319,+370 686 02958,,,Aleksandras Pupkevičius,direktorius,8,"Postavų g. 82, Adutiškis, Švenčionių r.",Švenčionių r.,LT-18290,Mažmeninė prekyba,https://rekvizitai.vz.lt/imone/lithuanian_bee/,86-03,1,GEN (General activity establishment - EU),WM - Wholesale Market,"Postavų g. 82, Adutiškis, Adutiškio sen., Švenčionių r. sav.",Adutiškis,Utena County,Lithuania,,,,
114,MB Lašinukai,MATCH,"Lašinukai, MB",305331181,LT100012766218,+370 675 34999,,,Jaroslav Juralovič,direktorius,,"Jarmališkių g. 16, Jarmališkių k., LT-13241 Vilniaus r.",Vilniaus r.,LT-13241,"Mėsa, mėsos produktai",https://rekvizitai.vz.lt/imone/lasinukai/,LT 41-21,1,"MM (Minced meat, meat preparations and mechanically separated meat – MM, MP, MSM)",MP - Meat Preparation Plant,"Vilniaus r., Jarmališkių k. 7A",Jarmališkės,Vilnius County,Lithuania,,,,
115,MB Mantų statyba,MATCH,"Mantų statyba, MB",305060463,LT100012272917,+370 640 30007,,,Mantas Beržinis,direktorius,3,"Jonavos g. 20, LT-44262 Kaunas",Kaunas,LT-44262,Statyba,https://rekvizitai.vz.lt/imone/mantu_statyba/,19-18,1,FFP (Fishery products - EU),PP - Processing Plant,"Jonavos g. 68, Kaunas",Kaunas,Kaunas County,Lithuania,,,,
116,MB Margas lukštas,MATCH,"Margas lukštas, MB",304921421,,+370 613 44444,,,Jolanta Barysienė,,,"Marčiupio g. 42, Smiltynų II k., LT-54424 Kauno r.",Kauno r.,LT-54424,Maisto produktai,https://rekvizitai.vz.lt/imone/margas_lukstas/,52-20,1,EEP (Eggs and egg products),PP - Processing Plant,"Marčiupio g. 42, Smiltynų II k., Lapių sen., Kauno r.",Smiltynų II k.,Kaunas County,Lithuania,,,,
117,MB PISCATOR,MATCH,"Piscator investments, UAB",300014519,LT100015483714,+370 672 71415,,,Mindaugas Milius,direktorius,5,"Skauduliškių g. 124, Skrudėnų k., LT-14245 Vilniaus r.",Vilniaus r.,LT-14245,Transporto paslaugos,https://rekvizitai.vz.lt/imone/piscator_investments/,53-12,1,FFP (Fishery products - EU),PP - Processing Plant,"Parko g., 15C, Akademijos mst., Dotnuvos sen., Kėdainių r.",Akademija,Kaunas County,Lithuania,,,,
118,MB Rūkyklėlė,MATCH,"Rūkyklėlė, UAB",304444062,LT100011398114,+370 652 37977,,,Deimantė Zabulienė,direktorė,4,"Verslo g. 16, Grigaičių k., LT-11236 Vilniaus r.",Vilniaus r.,LT-11236,"Mėsa, mėsos produktai; Maisto gamyba; Maisto produktai",https://rekvizitai.vz.lt/imone/rukyklele/,LT 01-27 EB,1,RPM (Meat products),PP - Processing Plant,Verslo g. 16,Grigaičių k.,Vilnius County,Lithuania,,,,
119,MB Shimas,MATCH,"Shimas, MB",305452902,,+370 686 47697,,,Rolandas Šimonėlis,direktorius,,"Ratnyčios g. 34, LT-08215 Vilnius",Vilnius,LT-08215,Kita veikla,https://rekvizitai.vz.lt/imone/shimas/,LT 01-034 M,1,"MM (Minced meat, meat preparations and mechanically separated meat – MM, MP, MSM)",MP - Meat Preparation Plant,Ratnyčios g. 34,Vilnius,Vilnius County,Lithuania,,,,
120,MB Skonio lobis,MATCH,"Skonio lobis, MB",305565896,LT100016329512,,,,Artūras Povilenskas,,2,"Geologų g. 6, LT-02190 Vilnius",Vilnius,LT-02190,"Maistas į namus, biurą; Maisto gamyba",https://rekvizitai.vz.lt/imone/skonio_lobis/,LT 01-109 M,1,"MM (Minced meat, meat preparations and mechanically separated meat – MM, MP, MSM)",MP - Meat Preparation Plant,Geologų g. 6,Vilnius,Vilnius County,Lithuania,,,,
121,MB TOKA FOOD,MATCH,"Toka food, MB",304749797,LT100011400513,+370 610 19191,,http://www.tokafood.lt,Tomas Karlonas,,1,"Kaštonų g. 56, LT-54310 Kaunas",Kaunas,LT-54310,"Mėsa, mėsos produktai; Tarpininkavimas; Trąšos",https://rekvizitai.vz.lt/imone/toka_food/,520001665,1,GEN (General activity establishment - EU),WM - Wholesale Market,"Kauno apskr., Kauno r. sav., Garliavos apylinkių sen., Pagirių k., Marijampolės g. 27",Pagiriai,Kaunas County,Lithuania,,,,
122,MB Ungurio koja,MATCH,"Ungurio koja, MB",305163577,LT100013310717,+370 620 14301,,,Spyglys Vaitiekūnas,direktorius,10,"Jono Kairiūkščio g. 11-23, LT-08409 Vilnius",Vilnius,LT-08409,Turgavietės,https://rekvizitai.vz.lt/imone/ungurio_koja/,LT 01-089 Ž,1,FFP (Fishery products - EU),PP - Processing Plant,Meistrų g. 11,Vilnius,Vilnius County,Lithuania,,,,
123,MB Žibartonių mėsa,MATCH,"Žibartonių mėsa, MB",168961679,LT689616716,+370 45 559116,,http://zibartoniumesa.lt,Evaldas Lukoševičius,,25,"Žibartonių g. 50A, Žibartonių k., LT-38323 Panevėžio r.",Panevėžio r.,LT-38323,"Mėsa, mėsos produktai; Maisto gamyba; Maisto produktai",https://rekvizitai.vz.lt/imone/aurelijaus_sadzeviciaus_imone/,LT66-02 EB,2,RM (Meat of domestic ungulates) | RPM (Meat products),SH - Slaughterhouse; CP - Cutting Plant | PP - Processing Plant,"Žibartonių g.50, Žibartonių k., Panevėžio r.",Žibartoniai,Panevezys County,Lithuania,,,,
124,"MBA FOOD, UAB",MATCH,"MBA FOOD, UAB",302720163,LT100006709317,+370 682 18134,,https://www.mesakebabams.lt/,Rasa Gavrilovienė,,6,"Pašto g. 1, Bubiai, LT-54189 Kauno r.",Kauno r.,LT-54189,"Mėsa, mėsos produktai; Didmeninė prekyba; Gamyba; Maisto gamyba; Maisto produktai; Mažmeninė prekyba",https://rekvizitai.vz.lt/imone/mba_food_uab/,52-03,3,"MM (Minced meat, meat preparations and mechanically separated meat – MM, MP, MSM) | RM (Meat of domestic ungulates) | RPM (Meat products)",MP - Meat Preparation Plant | CP - Cutting Plant | PP - Processing Plant,"Parko g. 8, Bubių k., Batniavos sen., Kauno raj.",Bubiai,Kaunas County,Lithuania,,,,
125,"MEL LT, MB",MATCH,"Mel LT, MB",305097903,LT100012294514,+370 655 18014,,,Mindaugas Dumčius,,,"Žalgirio g. 24A, Raudondvario k., Kauno r.",Kauno r.,LT-54115,Maisto produktai,https://rekvizitai.vz.lt/imone/lumeli_lt/,520001776,1,GEN (General activity establishment - EU),WM - Wholesale Market,"Kauno apskr. Kauno r. sav., Karmėlavos sen., Biruliškių k., Terminalo g. 6",Kaunas,Kaunas County,Lithuania,,,,
126,MV GROUP DISTRIBUTION LT,MATCH,"MV GROUP Distribution LT, UAB",121702328,LT217023219,+370 5 2786069,,http://www.mvgroup.eu,Marijus Cilcius,generalinis direktorius,291,"Aukštaičių g. 7, LT-11341 Vilnius",Vilnius,LT-11341,Gėrimai (alkoholiniai); Didmeninė prekyba; Tabakas,https://rekvizitai.vz.lt/imone/mineraliniai_vandenys/,130001204,1,GEN (General activity establishment - EU),WM - Wholesale Market,"V.A.Graičiūno g. 38, LT-02244 Vilnius",Vilnius,Vilnius County,Lithuania,,,,
127,Mečislovo Mlečkos mėsos gaminių cechas,NO_MATCH,,,,,,,,,,,,,,,LT 41-013 M,1,"MM (Minced meat, meat preparations and mechanically separated meat – MM, MP, MSM)",MP - Meat Preparation Plant,Miško g. 21,Skaidiškių k.,Vilnius County,Lithuania,,,,
128,"Mogemas, UAB",MATCH,"Mogemas, UAB",175818756,LT758187515,+370 612 22832,,http://www.mogemas.lt,,,12,"Joniškėlio g. 18, LT-39115 Pasvalys",Pasvalys,LT-39115,"Vaistai, medicininės medžiagos; Gamyba",https://rekvizitai.vz.lt/imone/mogemas/,LT82-04EB,1,RPM (Meat products),PP - Processing Plant,Pramonės g. 4,Utena,Utena County,Lithuania,,,,
129,Moguntia Baltija UAB,MATCH,"Moguntia Baltija, UAB",141573894,LT415738917,+370 46 421211,,http://www.moguntia.lt,Vilimas Minkauskas,direktorius,18,"Paupių g. 1, Klemiškės I k., LT-91283 Klaipėdos r.",Klaipėdos r.,LT-91283,Maisto produktai; Konsultacijų paslaugos,https://rekvizitai.vz.lt/imone/moguntia_baltija/,LT 55-01 EB,1,GEN (General activity establishment - EU),CS - Cold Stores; WM - Wholesale Market,"Paupių g. 1, Klemiškės I k., LT-91291 Klaipėdos r.",Klaipėda,Klaipeda County,Lithuania,,,,
130,NOWACO  A/S,NO_MATCH,,,,,,,,,,,,,,,62497718,1,GEN (General activity establishment - EU),WM - Wholesale Market,"Taikos pr. 96, Kaunas",Kaunas,Kaunas County,Lithuania,,,,
131,"Premuita, UAB",MATCH,"Premuita, UAB",123958422,LT239584219,+370 5 2685307,,http://www.premuita.lt,Raimundas Galinauskas,direktorius,28,"Kirtimų g. 69, LT-02244 Vilnius",Vilnius,LT-02244,"Muitinių paslaugos, muitinės; Sandėliavimas; Tarpininkavimas",https://rekvizitai.vz.lt/imone/premuita/,LT 01-32 EB,1,GEN (General activity establishment - EU),CS - Cold Stores; WM - Wholesale Market,Kirtimų g. 69,Vilnius,Vilnius County,Lithuania,,,,
132,R. Pinaičio IĮ,MATCH,R. Pinaičio IĮ,158299362,LT582993610,+370 447 49717,,,Rimantas Pinaitis,,47,"Ateities g. 5, Girdžių k., LT-74253 Jurbarko r.",Jurbarko r.,LT-74253,"Maisto produktai; Gamyba; Mėsa, mėsos produktai",https://rekvizitai.vz.lt/imone/r_pinaicio_ii/,LT 94-15 EB,3,"MM (Minced meat, meat preparations and mechanically separated meat – MM, MP, MSM) | RM (Meat of domestic ungulates) | RPM (Meat products)",MP - Meat Preparation Plant; MM - Minced Meat Plant | SH - Slaughterhouse; CP - Cutting Plant | PP - Processing Plant,"Ateities g. 5, Girdžiai, Girdžių sen., Jurbarko r. sav., Tauragės apskr.",Girdžiai,Taurage County,Lithuania,,,,
133,R.Valiulio individuali įmonė,MATCH,"R. Valiulio Firma ""Skreitas""",122349169,,+370 698 23680,,,Remigijus Valiulis,,,"A. Goštauto g. 4-65, Vilnius",Vilnius,,Maisto parduotuvės; Mažmeninė prekyba,https://rekvizitai.vz.lt/imone/r_valiulio_firma_skreitas/,73-05,1,RM (Meat of domestic ungulates),SH - Slaughterhouse,"Juozapavos k. 3, Rokiškio km. sen., Rokiškio r. sav.",Juozapavos k.,Panevezys County,Lithuania,,,,
134,R.ŠLEPIENĖS ĮMONĖ,NO_MATCH,,,,,,,,,,,,,,,LT 72-08,1,RM (Meat of domestic ungulates),SH - Slaughterhouse,Jono Pauliaus II g.13,Šiluva,Kaunas County,Lithuania,,,,
135,"RIMI Logistics, UAB",MATCH,"RIMI Logistics, UAB",111765230,LT117652314,+370 5 2826001,,http://www.rimi.lt,Vaidas Lukoševičius,,158,"Migūčionių g. 1A, Migūčionių k., LT-26131 Elektrėnai",Elektrėnai,LT-26131,Logistikos paslaugos; Transporto paslaugos,https://rekvizitai.vz.lt/imone/rimi_logistics/,LT 42-04; 42-07,1,GEN (General activity establishment - EU),CS - Cold Stores; WM - Wholesale Market | CS - Cold Stores,"Kauno g. 53, Vievis, Vievio sen., Elektrėnų sav.",Vievis,Vilnius County,Lithuania,,,,
136,ROLANDO LAZDAUSKO ĮMONĖ,MATCH,"Rolando Lazdausko įmonė, IĮ",135072042,LT350720411,+370 615 15423,,,Rolandas Lazdauskas,,,"V. Krėvės pr. 46-23, Kaunas",Kaunas,,Maisto parduotuvės; Didmeninė prekyba,https://rekvizitai.vz.lt/imone/rolando_lazdausko_imone/,190003912,1,GEN (General activity establishment - EU),WM - Wholesale Market,"Kauno apskr. Kauno m. sav., Kaunas, R. Kalantos g. 76",Kaunas,Kaunas County,Lithuania,,,,
137,Rimutės Povilaitienės firma,MATCH,Rimutės Povilaitienės Firma,159826942,LT598269411,+370 37 540159,,,Rimutė Povilaitienė,,2,"Dvarų g. 47, Kaunas",Kaunas,LT-46399,"Maisto produktai; Gamyba; Mėsa, mėsos produktai",https://rekvizitai.vz.lt/imone/rimutes_povilaitienes_firma/,19-21,2,"MM (Minced meat, meat preparations and mechanically separated meat – MM, MP, MSM) | RPM (Meat products)",MP - Meat Preparation Plant | PP - Processing Plant,"Dvarų g. 47, Kaunas",Kaunas,Kaunas County,Lithuania,,,,
138,Ričardo Lapinsko ūkis,MATCH,Ričardo Lapinsko ūkis,,LT100009455610,+370 686 53527,,http://www.kelmespaukstynas.lt,Savininkas Ričardas Lapinskas,,,"Vilbėno g. 27, Verpenos k., LT-86105 Kelmės r.",Kelmės r.,LT-86105,"Gyvuliai, žvėrys, paukščiai ir jų veisimas",https://rekvizitai.vz.lt/imone/ricardo_lapinsko_ukis/,LT 54-08,1,PM (Meat from poultry and lagomorphs),SH - Slaughterhouse,"Vilbėno g.23, Verpenos k., Kelmės apyl .sen., Kelmės r. sav. LT- 86105",Kelmė,Siauliai County,Lithuania,,,,
139,Romo Goštauto įnd. įmonė,NO_MATCH,,,,,,,,,,,,,,,46-05,1,RPM (Meat products),PP - Processing Plant,"Kauno apskr., Jonavos r. sav., Šilų sen., Praulių k., Žalioji g. 15",Prauliai,Kaunas County,Lithuania,,,,
140,Romualdo Karbausko ind.įmonė,NO_MATCH,,,,,,,,,,,,,,,61-05,3,"MM (Minced meat, meat preparations and mechanically separated meat – MM, MP, MSM) | RM (Meat of domestic ungulates) | RPM (Meat products)",MM - Minced Meat Plant; MP - Meat Preparation Plant | CP - Cutting Plant | PP - Processing Plant,"Pumpurų g.25, Reivyčiai, Reivyčių sen., Mažeikių r.sav., Telšių apskr.",Reivyčiai,Telsiai County,Lithuania,,,,
141,Rytis Matuliauskas,NO_MATCH,,,,,,,,,,,,,,,LT 01-102 Ž,1,FFP (Fishery products - EU),PP - Processing Plant,Šlamučių g. 20,Vilnius,Vilnius County,Lithuania,,,,
142,S. Momeniškio firma Gurmanas,NO_MATCH,,,,,,,,,,,,,,,LT66-04 EB,1,RPM (Meat products),PP - Processing Plant,"Žalioji g. 1C, Uliūnų k., LT-38241",Uliūnai,Panevezys County,Lithuania,,,,
143,SANITEX UAB,MATCH,UAB SANITEX,110443493,LT104434917,+370 37 401111,,http://www.sanitex.eu,Ramūnas Kairys,,1178,"Raudondvario pl. 131C, LT-47501 Kaunas",Kaunas,LT-47501,Didmeninė prekyba; Kanceliarijos prekės; Logistikos paslaugos; Pardavimo automatai,https://rekvizitai.vz.lt/imone/sanitex_bendra_lietuvos_jav_imone_uab/,110443493,1,GEN (General activity establishment - EU),CS - Cold Stores,"Alšėnų str. 8, 12. Kampiškiai.  Kauno district. LT-53303",Kaunas,Kaunas County,Lithuania,,,,
144,SKAISTGIRIO ŽŪB ŽAGARĖS PIENINĖ,NO_MATCH,,,,,,,,,,,,,,,LT 47-05,1,"MMP (Raw milk, dairy products, colostrum and colostrum-based products)",PP - Processing Plant,"Liepų g. 20C, Skaistgirio mst., Joniškio r. sav.",Skaistgirys,Siauliai County,Lithuania,,,,
145,SPAISVILĖ UAB,MATCH,"Spaisvilė, UAB",300571728,LT100002419010,+370 447 49532,,http://www.spaisvile.lt/index.php/lt/,Sigita Ditkutė,direktorius,84,"Ližių g. 27, Ližių k., Tauragės r.",Tauragės r.,LT-72364,Maisto produktai; Didmeninė prekyba,https://rekvizitai.vz.lt/imone/spaisvile/,LT 94-05 EB,1,GEN (General activity establishment - EU),CS - Cold Stores; RW - Re-wrapping Establishment,Dirbtuvių g. 5,Sarapiniškiai,Taurage County,Lithuania,,,,
146,Sigitas Petraitis  ŪKININKO ŪKIS,NO_MATCH,,,,,,,,,,,,,,,LT 47- 04,1,GM (Meat of farmed game),SH - Slaughterhouse,"Sodų g.2, Ziniūnai, Joniškio r. sav.",Ziniūnai,Siauliai County,Lithuania,,,,
147,TORES LT UAB,MATCH,"UAB ""Tores LT""",302952546,LT100007414410,+370 686 95443,,,Laimonas Teresa,direktorius,2,"Tvenkinio g. 55, Neveronių k., LT-54478 Kauno r.",Kauno r.,LT-54478,Reklamos paslaugos; Renginių organizavimas,https://rekvizitai.vz.lt/imone/tores_lt/,190008649,1,GEN (General activity establishment - EU),WM - Wholesale Market,"Kauno apskr. Kauno m. sav., Kaunas, Taikos pr. 94",Kaunas,Kaunas County,Lithuania,,,,
148,Tomas Michalskis,NO_MATCH,,,,,,,,,,,,,,,190012015,1,GEN (General activity establishment - EU),WM - Wholesale Market,"Europos pr. 36, Kaunas",Kaunas,Kaunas County,Lithuania,,,,
149,UAB  SCANDI STANDARD - BALTICS,MATCH,"Scandi Standard-Baltics, UAB",157547221,LT575472219,+370 662 76037,,http://www.scandistandard.com,Mantas Rudaitis,,163,"Liliškių k. 4, Skaistgirys, LT-84385 Joniškio r.",Joniškio r.,LT-84385,"Maisto produktai; Gamyba; Mėsa, mėsos produktai",https://rekvizitai.vz.lt/imone/delikatesas/,47-08,1,PM (Meat from poultry and lagomorphs),SH - Slaughterhouse; CP - Cutting Plant,"Liliškių k. 4, Skaistgirio sen. LT-84389 , Joniškio r. sav.",Liliškės,Siauliai County,Lithuania,,,,
150,UAB  ŽVĖRIENA LT,MATCH,"Žvėriena LT, UAB",306050244,LT100015345115,+370 609 27564,,,Martynas Pareigis,,3,"Zavišinės k. 2, Zavišinės k., Kėdainių r.",Kėdainių r.,LT-58410,"Mėsa, mėsos produktai; Maisto gamyba; Maisto produktai",https://rekvizitai.vz.lt/imone/zveriena_lt/,53-15,1,WM (Wild game meat),CP - Cutting Plant; GHE - Game-Handling Establishment,"Kūjėnų k.2, Vilainių sen., Kėdainių r",Kūjėnai II,Kaunas County,Lithuania,,,,
151,"UAB "" Dige""",MATCH,"Dige, UAB",302414483,LT100004784515,+370 687 82597,,http://www.dige.lt,Inga Petrušonienė,direktorius,5,"Laukų g. 2K, Tirkšliai, LT-89330 Mažeikių r.",Mažeikių r.,LT-89330,"Žuvininkystė, žuvies produktai; Didmeninė prekyba; Mažmeninė prekyba",https://rekvizitai.vz.lt/imone/uab_dige/,61-09,1,FFP (Fishery products - EU),PP - Processing Plant,"Laukų 2K, Tirkšliai, Mažeikių r. sav,. Telšių apskr.",Tirkšliai,Telsiai County,Lithuania,,,,
152,"UAB """"KLAIPĖDOS ŠALDYTUVŲ TERMINALAS",MATCH,"Klaipėdos šaldytuvų terminalas, UAB",141888089,LT418880811,+370 658 22997,,http://www.nordnix.eu,Sigita Padriezė,direktorė,5,"Šilutės pl. 9, LT-91109 Klaipėda",Klaipėda,LT-91109,Logistikos paslaugos; Ekspedijavimas; Eksportas; Sandėliavimas,https://rekvizitai.vz.lt/imone/klaipedos_saldytuvu_terminalas/,LT 21-06 EB,1,GEN (General activity establishment - EU),WM - Wholesale Market; CS - Cold Stores,NEMUNO G. 24,Klaipėda,Klaipeda County,Lithuania,,,,
153,"UAB ""ATLANTIC HIGH SEA FISHING COMPANY"" laivas šaldytuvas JOGVAN I",NO_MATCH,,,,,,,,,,,,,,,LT21-44,1,FFP (Fishery products - EU),ZV - Freezer Vessel,Pylimo g. 4,Klaipėda,Klaipeda County,Lithuania,,,,
154,"UAB ""ATLANTIC HIGH SEA FISHING COMPANY"" laivas šaldytuvas MARGIRIS",NO_MATCH,,,,,,,,,,,,,,,LT 21-11 EB,1,FFP (Fishery products - EU),ZV - Freezer Vessel; FV - Factory Vessel; FS - Fishing Vessel,"Pylimo g. 4, LT-91249, Klaipėda",Klaipėda,Klaipeda County,Lithuania,,,,
155,"UAB ""ATLANTIC HIGH SEA FISHING COMPANY"" Žuvų Perdirbimo Laivas ""Nida""",NO_MATCH,,,,,,,,,,,,,,,LT 21-05 EB,2,FFP (Fishery products - EU) | GEN (General activity establishment - EU),ZV - Freezer Vessel; FV - Factory Vessel | RV - Reefer Vessel,"Pylimo g. 4, LT-91249, Klaipėda",Klaipėda,Klaipeda County,Lithuania,,,,
156,"UAB ""AVITRA""",MATCH,"Avitra, UAB",300128362,LT100009444211,+370 610 39361,,,,,5,"Laukų g. 6, LT-97148 Kretinga",Kretinga,LT-97148,Maisto produktai; Gamyba,https://rekvizitai.vz.lt/imone/avitra/,LT 56-03 EB,1,RPM (Meat products),PP - Processing Plant,"Laukų g. 6, LT-97148 Kretinga",Kretinga,Klaipeda County,Lithuania,,,,
157,"UAB ""Amber Terminal Klaipėda""",MATCH,"Amber Terminal Klaipėda, UAB",305196890,LT100012450717,+370 674 99610,,,Julius Žilinskas,direktorius,66,"Šilutės pl. 125, Klaipėda",Klaipėda,LT-95112,Transporto paslaugos,https://rekvizitai.vz.lt/imone/klaipedos_intermodalinis_terminalas/,21-43,1,GEN (General activity establishment - EU),CS - Cold Stores,"Šilutės pl. 125, Klaipėdos m. sav.",Klaipėda,Klaipeda County,Lithuania,,,,
158,"UAB ""Art Glacio""",MATCH,"Art Glacio, UAB",303131399,LT100008019714,+370 698 29759,,https://www.artglacio.lt/,Arūnas Simutis,direktorius,126,"Pilviškių g. 48, Vilkaviškis",Vilkaviškis,LT-70150,"Pienas, pieno produktai; Gamyba; Kita veikla; Maisto gamyba",https://rekvizitai.vz.lt/imone/art_glacio/,LT 39-10P,1,"MMP (Raw milk, dairy products, colostrum and colostrum-based products)",PP - Processing Plant,"Pilviškių g. 48, Vilkaviškis",Vilkaviškis,Marijampole County,Lithuania,,,,
159,"UAB ""Baltic food partners""",MATCH,"Baltic food partners, UAB",302410321,LT100004953911,+370 448 73170,,,Mantas Baltraitis,,328,"Birutės skg. 8, Macenių k., Plungės r.",Plungės r.,LT-90100,Maisto produktai; Gamyba,https://rekvizitai.vz.lt/imone/uab_baltic_food_partners/,520002065,1,GEN (General activity establishment - EU),WM - Wholesale Market,"Veterinarų g. 53, Biruliškių k., Karmėlavos sen., Kauno r.",Biruliškės,Kaunas County,Lithuania,,,,
160,"UAB ""Baltijos mėsos grupės logistika""",MATCH,"UAB ""Baltijos Mėsos Grupės Logistika""",300594164,LT100003647811,+370 655 10000,,http://www.bmglogistika.lt,Gintaras Valančius,,1,"Karklinikų g. 51, Karklė, LT-92383 Klaipėdos r.",Klaipėdos r.,LT-92383,Investicinė veikla,https://rekvizitai.vz.lt/imone/uab_baltijos_mesos_grupes_logistika/,LT 21-02 EB,1,GEN (General activity establishment - EU),CS - Cold Stores; WM - Wholesale Market,"Verslo g. 8, Klaipėda",Klaipėda,Klaipeda County,Lithuania,,,,
161,"UAB ""Baltlanta"" Žvejybinis Laivas ""IEVA SIMONAITYTĖ""",NO_MATCH,,,,,,,,,,,,,,,LT 21-27 EB,1,FFP (Fishery products - EU),FV - Factory Vessel; ZV - Freezer Vessel; FS - Fishing Vessel,"Liepų g. 48B, LT-92107 Klaipėda",Klaipėda,Klaipeda County,Lithuania,,,,
162,"UAB ""Baltlanta"" Žvejybinis Laivas ""Simonas Daukantas""",NO_MATCH,,,,,,,,,,,,,,,LT 21-26 EB,1,FFP (Fishery products - EU),FS - Fishing Vessel; ZV - Freezer Vessel; FV - Factory Vessel; RV - Reefer Vessel,"Liepų g. 48B, LT-92107 Klaipėda",Klaipėda,Klaipeda County,Lithuania,,,,
163,"UAB ""Belvederio""",MATCH,"Belvederio, UAB",300106070,LT100001602417,+370 345 44224,,http://www.luksiupienine.lt,Žygimantas Čiūta,,109,"Barkūnų g. 25, LT-74111 Jurbarkas",Jurbarkas,LT-74111,"Maisto produktai; Didmeninė prekyba; Gamyba; Pienas, pieno produktai",https://rekvizitai.vz.lt/imone/luksiu_pienine/,LT94-02P EB; LT94-03P EB; LT 84-01; LT94-06 EB,2,"MMP (Raw milk, dairy products, colostrum and colostrum-based products) | GEN (General activity establishment - EU)",PP - Processing Plant | CS - Cold Stores,"Belvederio k., Seredžiaus sen., Jurbarko r. sav.",Seredžius,Taurage County,Lithuania,,,,
164,"UAB ""Bomesa""",MATCH,"Bomesa, UAB",301505859,LT100003752219,+370 671 65005,,,Giedrius Ralys,direktorius,10,"Sodų g. 3, Baltrušių k., LT-71286 Šakių r.",Šakių r.,LT-71286,"Mėsa, mėsos produktai; Gamyba; Maisto produktai",https://rekvizitai.vz.lt/imone/uab_bomesa/,LT 84-03,1,RPM (Meat products),PP - Processing Plant,"Sodų g. 3, Baltrušių k., Barzdų sen., Šakių r. sav.",Baltrušiai,Marijampole County,Lithuania,,,,
165,"UAB ""Broileta""",MATCH,"Broileta, UAB",300574037,LT100002884218,+370 687 72186,,,Edita Baranauskienė,direktorė,17,"Kernuvių k. 3, Kernuvių k., LT-59221 Birštonas",Birštonas,LT-59221,"Maisto produktai; Didmeninė prekyba; Mažmeninė prekyba; Mėsa, mėsos produktai",https://rekvizitai.vz.lt/imone/broileta/,LT-12-01 EB,1,RPM (Meat products),PP - Processing Plant,"Kernuvių k., 3, Birštono sav.",Kernuvės,Kaunas County,Lithuania,,,,
166,"UAB ""DVARO ŽUVYS""",MATCH,"Dvaro žuvys, UAB",174369828,LT743698219,+370 345 68742,,,Mindaugas Simutis,,18,"Morkų k. 8, Morkų k., LT-71205 Šakių r.",Šakių r.,LT-71205,"Žuvininkystė, žuvies produktai; Gamyba; Maisto produktai",https://rekvizitai.vz.lt/imone/smulkios_zuvys/,LT 84-04,1,FFP (Fishery products - EU),PP - Processing Plant,"Žeimio k., Kriūkų sen., Šakių r. sav.",Žeimis,Marijampole County,Lithuania,,,,
167,"UAB ""Daivida"" Mėsos gaminių cechas (Tauragės padalinys)",NO_MATCH,,,,,,,,,,,,,,,77- 02,1,RPM (Meat products),PP - Processing Plant,"Vėjų g. 8, Ąžuolynės k., Gaurės sen., Taurgaės r.,sav.",Tauragė,Taurage County,Lithuania,,,,
168,"UAB ""Dauparų Žuvis""",MATCH,"Dauparų žuvis, UAB",163659762,LT636597610,+370 650 16651,,,Ramūnas Vaškys,,89,"Šilo g. 7, LT-99149 Šilutė",Šilutė,LT-99149,"Žuvininkystė, žuvies produktai; Didmeninė prekyba; Gamyba",https://rekvizitai.vz.lt/imone/dauparu_zuvis/,LT 88-04 EB,1,FFP (Fishery products - EU),PP - Processing Plant,"Šilo g. 7, LT-99149, Šilutė",Šilute,Klaipeda County,Lithuania,,,,
169,"UAB ""Dragsbaek Lietuva""",MATCH,"Dragsbaek Lietuva, UAB",110810384,LT108103811,+370 5 2333164,,http://www.vmg.lt,Christian Munk,,24,"Zietelos g. 3, LT-03160 Vilnius",Vilnius,LT-03160,Maisto produktai; Gamyba; Maisto gamyba,https://rekvizitai.vz.lt/imone/vilniaus_margarino_gamykla/,01-50,1,GEN (General activity establishment - EU),WM - Wholesale Market; RW - Re-wrapping Establishment,"Zietelos g. 3, Vilnius",Vilnius,Vilnius County,Lithuania,,,,
170,"UAB ""Dulvira""",MATCH,"Dulvira, UAB",148162283,LT481622811,+370 45 436226,,,,,1,"Kėdainių g. 25, Panevėžys",Panevėžys,LT-36255,Nekilnojamasis turtas; Patalpų nuoma,https://rekvizitai.vz.lt/imone/dulvira/,LT27-18 EB,1,GEN (General activity establishment - EU),CS - Cold Stores,"Kėdainių g. 25, Panevėžys",Panevežys,Panevezys County,Lithuania,,,,
171,"UAB ""FISH FACTORY""",MATCH,"Fish factory, UAB",305931870,LT100014528415,+370 655 63510,,http://fishfactory.lt,,,31,"Taikos pr. 15B-2, LT-31107 Visaginas",Visaginas,LT-31107,"Žuvininkystė, žuvies produktai",https://rekvizitai.vz.lt/imone/fish_factory/,LT 85-07,2,FFP (Fishery products - EU) | GEN (General activity establishment - EU),WM - Wholesale Market; PP - Processing Plant | CS - Cold Stores; RW - Re-wrapping Establishment,"Vilniaus apskr., Šalčininkų r. sav., Šalčininkų sen., Šalčininkai, Vilniaus g. 3",Šalčininkai,Vilnius County,Lithuania,,,,
172,"UAB ""Foksas""",MATCH,"FOKSAS, UAB",302546225,LT100005640310,+370 670 06760,,http://www.foksas.com,Aurimas Bagdanavičius,,32,"Raudondvario k. 1C, Raudondvario k., Zarasų r.",Zarasų r.,LT-32101,Maisto produktai; Importas; Maisto gamyba; Sveiki produktai,https://rekvizitai.vz.lt/imone/foksas/,01-60,1,GEN (General activity establishment - EU),WM - Wholesale Market,"Ugniagesių g. 14, Vilniaus m. sav.",Vilnius,Vilnius County,Lithuania,,,,
173,"UAB ""GIEMEDA""",NOT_FOUND,,,,,,,,,,,,,,,730000934,1,GEN (General activity establishment - EU),WM - Wholesale Market,"Lukštų g. 12-6, Lukštų k., Juodupės sen., Rokiškio r. sav., Lietuva",Lukštai,Panevezys County,Lithuania,,,,
174,"UAB ""Gardulis""",NOT_FOUND,,,,,,,,,,,,,,,LT 39-24,1,RPM (Meat products),PP - Processing Plant,"J. Basanavičiaus g. 57a, Kybartai",Kybartai,Marijampole County,Lithuania,,,,
175,"UAB ""Geld Baltic""",NOT_FOUND,,,,,,,,,,,,,,,LT 27-09 EB,2,"MMP (Raw milk, dairy products, colostrum and colostrum-based products) | GEN (General activity establishment - EU)",PP - Processing Plant | RW - Re-wrapping Establishment,Ramygalos g. 149 e,Panevežys,Panevezys County,Lithuania,,,,
176,"UAB ""Gergidita""",NOT_FOUND,,,,,,,,,,,,,,,18-02,1,RM (Meat of domestic ungulates),CP - Cutting Plant,"Šešupės g. 66, Mokolų k., Šunskų sen., Marijampolės sav.",Mokolai,Marijampole County,Lithuania,,,,
177,"UAB ""Girjuda""",NOT_FOUND,,,,,,,,,,,,,,,LT 51-09,1,RPM (Meat products),PP - Processing Plant,"Uosio g. 8, Pietarių k., Marijampolės sen., Marijampolės sav.",Pietariai,Marijampole County,Lithuania,,,,
178,"UAB ""Gulbelė""",NOT_FOUND,,,,,,,,,,,,,,,84-006V,1,"MM (Minced meat, meat preparations and mechanically separated meat – MM, MP, MSM)",MM - Minced Meat Plant,"V. Kudirkos g. 61, Šakiai",Šakiai,Marijampole County,Lithuania,,,,
179,"UAB ""Handelshus""",NOT_FOUND,,,,,,,,,,,,,,,01-29,1,GEN (General activity establishment - EU),WM - Wholesale Market; RW - Re-wrapping Establishment; CS - Cold Stores,"Savanorių pr. 180, Vilnius, Vilniaus m. sav.",Vilnius,Vilnius County,Lithuania,,,,
180,"UAB ""ICECO Assets""",NOT_FOUND,,,,,,,,,,,,,,,18-20; LT 51-12,1,GEN (General activity establishment - EU),CS - Cold Stores,"Ledo g. 3, Liepynų k., Liudvinavo sen., Marijampolės sav.",Liepynai,Marijampole County,Lithuania,,,,
181,"UAB ""Iceco Ledai""",NOT_FOUND,,,,,,,,,,,,,,,LT 51-03 P EB; 520002100,2,"MMP (Raw milk, dairy products, colostrum and colostrum-based products) | GEN (General activity establishment - EU)",PP - Processing Plant | WM - Wholesale Market,"Ledo g. 1, Liepynų k., LT-68126 Marijampolė",Marijampolė,Marijampole County,Lithuania,,,,
182,"UAB ""Iceco Žuvis""",NOT_FOUND,,,,,,,,,,,,,,,LT 51-06 EB,1,FFP (Fishery products - EU),PP - Processing Plant,"Vasaros g. 99, Liepynų k., Liudvinavo sen., Marijampolės sav.",Liepynai,Marijampole County,Lithuania,,,,
183,"UAB ""Investara""",NOT_FOUND,,,,,,,,,,,,,,,LT49-10EB,1,FFP (Fishery products - EU),FFPP - Fresh Fishery Products Plant,"Strėvos g. 6A, Būbliai, LT-56362 Kaišiadorių r.",Būbliai,Kaunas County,Lithuania,,,,
184,"UAB ""Jautienos guru""",NOT_FOUND,,,,,,,,,,,,,,,LT 84-11,1,RM (Meat of domestic ungulates),CP - Cutting Plant,"Valių g. 25b, Giedručių k., Šakių sen., Šakių r. sav.",Giedručiai,Marijampole County,Lithuania,,,,
185,"UAB ""KOGUS""",NOT_FOUND,,,,,,,,,,,,,,,LT45-06EB; LT 45-06 EB,3,"MM (Minced meat, meat preparations and mechanically separated meat – MM, MP, MSM) | GEN (General activity establishment - EU) | RPM (Meat products)",MP - Meat Preparation Plant | CS - Cold Stores | PP - Processing Plant,"Pramonės g. 17, Karlų k. Visagino sav.",Karlos,Utena County,Lithuania,,,,
186,"UAB ""KOMODA""",NOT_FOUND,,,,,,,,,,,,,,,LT 55-14 EB,1,GEN (General activity establishment - EU),WM - Wholesale Market; CS - Cold Stores,"Palangos pl. 6, LT96327 Sudmantai, Sendvario sen., Klaipėdos r.",Sudmantai,Klaipeda County,Lithuania,,,,
187,"UAB ""Klaipėdos mėsinė""",NOT_FOUND,,,,,,,,,,,,,,,88-24,3,"MM (Minced meat, meat preparations and mechanically separated meat – MM, MP, MSM) | RM (Meat of domestic ungulates) | RPM (Meat products)",MM - Minced Meat Plant | CP - Cutting Plant | PP - Processing Plant,"Tauragės apskr., Pagėgių sav., Stoniškių sen., Šilgaliai, Vilkos g. 2",Šilgaliai,Taurage County,Lithuania,,,,
188,"UAB ""Krekenavos agrofirma""",NOT_FOUND,,,,,,,,,,,,,,,LT 51-07,2,PM (Meat from poultry and lagomorphs) | RPM (Meat products),SH - Slaughterhouse; CP - Cutting Plant | PP - Processing Plant,"Vasaros g. 1, Skriaudučio k., Marijampolės sen., Marijampolės sav.",Skriaudutis,Marijampole County,Lithuania,,,,
189,"UAB ""Leketai""",NOT_FOUND,,,,,,,,,,,,,,,LT 51-08,1,RM (Meat of domestic ungulates),SH - Slaughterhouse,"Patašinės g. 44, Patašinės k., Marijampolės sen., Marijampolės sav.",Patašinė,Marijampole County,Lithuania,,,,
190,"UAB ""Leketų ūkis""",NOT_FOUND,,,,,,,,,,,,,,,LT 18-13,1,RPM (Meat products),PP - Processing Plant,"Suvalkijos g. 51, Bitikų k., Sasnavos sen., Marijampolės sav.",Bitikai,Marijampole County,Lithuania,,,,
191,"UAB ""Linegis""",NOT_FOUND,,,,,,,,,,,,,,,LT 88-25 EB,1,RM (Meat of domestic ungulates),SH - Slaughterhouse,"Šaulių g.4, Gardamas, LT- 99417, Šilutės r. sav",Gardamas,Klaipeda County,Lithuania,,,,
192,"UAB ""Litbona""",NOT_FOUND,,,,,,,,,,,,,,,190012559,1,GEN (General activity establishment - EU),WM - Wholesale Market,"Taikos pr. 94, Kaunas",Kaunas,Kaunas County,Lithuania,,,,
193,"UAB ""Magnum ICC Lietuva""",NOT_FOUND,,,,,,,,,,,,,,,61-02P,2,"MMP (Raw milk, dairy products, colostrum and colostrum-based products) | GEN (General activity establishment - EU)",PP - Processing Plant | CS - Cold Stores,"Skuodo g. 28, Mažeikiai, Mažeikių sen., Mažeikių r.sav., Telšių apskr.",Mažeikiai,Telsiai County,Lithuania,,,,
194,"UAB ""Magnuva""",NOT_FOUND,,,,,,,,,,,,,,,LT 19-31,2,RM (Meat of domestic ungulates) | RPM (Meat products),CP - Cutting Plant | PP - Processing Plant,"Europos pr. 122, Kaunas",Kaunas,Kaunas County,Lithuania,,,,
195,"UAB ""Mantinga""",NOT_FOUND,,,,,,,,,,,,,,,LT 18-03 EB,1,RPM (Meat products),PP - Processing Plant,Draugystės g. 12,Marijampolė,Marijampole County,Lithuania,,,,
196,"UAB ""Margūnas""",MATCH,"Margūnas, UAB",135102261,LT351022610,+370 37 491070,,http://www.margunas.lt,,,69,"Ringuvos g. 53, LT-45245 Kaunas",Kaunas,LT-45245,"Chemijos pramonė, gaminiai",https://rekvizitai.vz.lt/imone/margunas/,190001165,1,GEN (General activity establishment - EU),WM - Wholesale Market,"Ringuvos g.53, LT-45245, Kaunas",Kaunas,Kaunas County,Lithuania,,,,
197,"UAB ""Marlinas"" Gamyklinis Laivas ""LOKYS""",NO_MATCH,,,,,,,,,,,,,,,LT 21-28 EB,1,FFP (Fishery products - EU),ZV - Freezer Vessel; FS - Fishing Vessel; FV - Factory Vessel,"Pylimo g. 4, LT-91249 Klaipėda",Klaipėda,Klaipeda County,Lithuania,,,,
198,"UAB ""Marlinas"" Gamyklinis Laivas ""TAURUS""",NO_MATCH,,,,,,,,,,,,,,,LT 21-22 EB,1,FFP (Fishery products - EU),ZV - Freezer Vessel; FS - Fishing Vessel; FV - Factory Vessel,"Pylimo g. 4, LT-91249 Klaipėda",Klaipėda,Klaipeda County,Lithuania,,,,
199,"UAB ""Marės industrija""",MATCH,"Marės industrija, UAB",304071802,LT100009558218,+370 698 20960,,,Valentinas Iruškinas,direktorius,12,"Turgaus g. 5-1, Klaipėda",Klaipėda,LT-91247,"Žuvininkystė, žuvies produktai; Gamyba; Kita veikla",https://rekvizitai.vz.lt/imone/mares_industrija/,LT 55-29 EB,1,FFP (Fishery products - EU),PP - Processing Plant,"Klaipėdos g. 20, Grobštų k., Agluonėnų sen.,
Klaipėdos raj. LT-96250 Lietuva",Grobštai,Klaipeda County,Lithuania,,,,
200,"UAB ""Mažeikių Mėsinė""",MATCH,"Mažeikių mėsinė, UAB",166427573,LT664275716,+370 616 16627,,http://www.mesine.lt,Darius Matiukas,generalinis direktorius,134,"Troškučių g. 2, LT-89100 Mažeikiai",Mažeikiai,LT-89100,"Maisto produktai; Gamyba; Mėsa, mėsos produktai",https://rekvizitai.vz.lt/imone/mazeikiu_mesine/,61-01,4,"MM (Minced meat, meat preparations and mechanically separated meat – MM, MP, MSM) | GEN (General activity establishment - EU) | RM (Meat of domestic ungulates) | RPM (Meat products)",MP - Meat Preparation Plant; MM - Minced Meat Plant | CS - Cold Stores | CP - Cutting Plant | PP - Processing Plant,"Troškučių g. 2, Mažeikiai, Mažeikių r.sav",Mažeikiai,Telsiai County,Lithuania,,,,
201,"UAB ""Memel Sell""",MATCH,"Memel Sell, UAB",300662925,LT100003057715,+370 698 45848,,https://www.memelsell.lt,Vladislav Gineit,direktorius,2,"Baltijos pr. 123-4, LT-93224 Klaipėda",Klaipėda,LT-93224,"Žuvininkystė, žuvies produktai",https://rekvizitai.vz.lt/imone/uab_hlt_hanse_logistic_trading/,LT 55-11 EB,1,FFP (Fishery products - EU),PP - Processing Plant,"Stirbių g. 11, Medsėdžiai, Dovilų sen.,LT-96165 Klaipėdos r.",Medsėdžiai,Klaipeda County,Lithuania,,,,
202,"UAB ""Momblan""",MATCH,"UAB ""Momblan""",301490542,LT100003671314,+370 620 61234,,http://www.momblan.lt,Justina Kaupaitė,direktorė,37,"Juozo Andriuškevičiaus g. 6, Želsvos k., Marijampolė",Marijampolė,LT-69193,"Mėsa, mėsos produktai",https://rekvizitai.vz.lt/imone/uab_momblan/,LT 51-02,1,RPM (Meat products),PP - Processing Plant,"J. Andriuškevičiaus g. 6, Želsvos k., Liudvinavo sen., Marijampolės sav.",Želsva,Marijampole County,Lithuania,,,,
203,"UAB ""Mėsos kraitė""",MATCH,"UAB ""MĖSOS KRAITĖ""",302849966,LT100007093617,+370 600 05698,,,Mantas Vilkas,,16,"Žvejų g. 30, Išlaužo k., LT-59302 Prienų r.",Prienų r.,LT-59302,"Mėsa, mėsos produktai",https://rekvizitai.vz.lt/imone/mesos_kraite/,LT-69-02EB,1,RPM (Meat products),PP - Processing Plant,"Žvejų g. 30, Išlaužas, Prienų r.",Išlaužas,Kaunas County,Lithuania,,,,
204,"UAB ""NNL LT""",MATCH,"NNL LT, UAB",300151140,LT100001957110,+370 611 38003,,http://www.nnl.lt,Tomas Žegunis,,400,"Marijampolės g. 27, Pagirių k., LT-53283 Kauno r.",Kauno r.,LT-53283,Sandėliavimas; Ekspedijavimas; Logistikos paslaugos; Transporto paslaugos,https://rekvizitai.vz.lt/imone/nnl_lt_uab/,300151140,1,GEN (General activity establishment - EU),WM - Wholesale Market,"Marijampolės g. 27, Pagiriai, Kauno raj.",Pagiriai,Kaunas County,Lithuania,,,,
205,"UAB ""NOKVĖJA""",MATCH,"UAB ""Nokvėja plius""",302728021,LT100006748610,+370 445 58288,,,Raimondas Preibys,direktorius,2,"Liepų g. 25-10, Klaipėda",Klaipėda,,Apskaita,https://rekvizitai.vz.lt/imone/nokveja_plius/,LT 56-14 EB,2,FFP (Fishery products - EU) | GEN (General activity establishment - EU),PP - Processing Plant | RW - Re-wrapping Establishment,"Piliakalnio g. 6, Žvainių k., LT- 97319, Kretingos r. sav.",Žvainiai,Klaipeda County,Lithuania,,,,
206,"UAB ""NORDNIX""",MATCH,"NORDNIX, UAB",134101758,LT341017515,+370 658 22997,,http://www.nordnix.eu,Justina Bardauskienė,,46,"Šilutės pl. 9, LT-91109 Klaipėda",Klaipėda,LT-91109,Sandėliavimas; Ekspedijavimas; Logistikos paslaugos; Transporto paslaugos,https://rekvizitai.vz.lt/imone/nordnix/,LT 21-03 EB; LT21-10EB,1,GEN (General activity establishment - EU),WM - Wholesale Market; CS - Cold Stores | CS - Cold Stores,"Šilutės pl. 9, Klaipėda",Klaipėda,Klaipeda County,Lithuania,,,,
207,"UAB ""Nordic proteins""",MATCH,"Nordic proteins, UAB",111809965,LT118099610,+370 450 58636,,http://nordicproteins.com,Audrius Jukna,,47,"Biržų g. 35, Medeikių k., LT-41456 Biržų r.",Biržų r.,LT-41456,"Maisto produktai; Gamyba; Pienas, pieno produktai",https://rekvizitai.vz.lt/imone/mgl_baltija/,36-01 P,1,"MMP (Raw milk, dairy products, colostrum and colostrum-based products)",PP - Processing Plant,"Biržų g. 35, Medeikių k., Biržų r., LT-41456",Medeikiai,Panevezys County,Lithuania,,,,
208,"UAB ""Norfos mažmena""",MATCH,"Norfos mažmena, UAB",110778328,LT107783219,+370 5 2700046,,http://www.norfa.lt,Audrius Pocevičius,direktorius,3574,"Savanorių pr. 176B, Vilnius",Vilnius,LT-03154,Maisto parduotuvės; Mažmeninė prekyba,https://rekvizitai.vz.lt/imone/norfos_mazmena/,18-057; 39-003V; 84-002V; 84-005V; 39-004V; 18-004 V; 18-046; 18-010 V,1,"MM (Minced meat, meat preparations and mechanically separated meat – MM, MP, MSM)",MM - Minced Meat Plant,"Vilkaviškio g. 61C, Marijampolė",Marijampolė,Marijampole County,Lithuania,,,,
209,"UAB ""OSTSEE FISH KRETINGA""",NO_MATCH,,,,,,,,,,,,,,,LT 56-05 EB,1,FFP (Fishery products - EU),PP - Processing Plant,"Tiekėjų g. 33A, LT-97187 Kretinga",Kretinga,Klaipeda County,Lithuania,,,,
210,"UAB ""Orka foods""",MATCH,"Orka foods, UAB",301817969,LT100004248113,+370 448 73170,,,Tadas Jankauskas,direktorius,290,"Birutės skg. 10, Macenių k., Plungės r.",Plungės r.,LT-90100,"Žuvininkystė, žuvies produktai; Gamyba",https://rekvizitai.vz.lt/imone/siauliai_logistic_center/,520002076,1,GEN (General activity establishment - EU),WM - Wholesale Market,"Veterinarų g. 53, Biruliškiškių k., Karmėlavos sen., Kauno r.",Biruliškės,Kaunas County,Lithuania,,,,
211,"UAB ""Orkos""",MATCH,"UAB ""Orkos""",300039419,LT100001126816,+370 37 407314,,http://www.orkos.lt,,,,"Taikos pr. 114D, LT-51157 Kaunas",Kaunas,LT-51157,Maisto parduotuvės; Didmeninė prekyba,https://rekvizitai.vz.lt/imone/uab_orkos/,190012982,1,GEN (General activity establishment - EU),WM - Wholesale Market,"Taikos pr. 96, Kaunas",Kaunas,Kaunas County,Lithuania,,,,
212,"UAB ""PASAULIO ŽUVYS""",NO_MATCH,,,,,,,,,,,,,,,LT 55-10 EB,1,FFP (Fishery products - EU),PP - Processing Plant,"Pamarių g. 15, Priekulė, LT-96345 Klaipėdos rajonas",Priekulė,Klaipeda County,Lithuania,,,,
213,"UAB ""Palink""",MATCH,"""PALINK"" dirbančiųjų profesinė sąjunga, UAB",301693539,,+370 5 2732728,,,Irina Judina,pirmininkas,,"Taikos g. 8-43, Vilnius",Vilnius,LT-05255,"Sąjungos, fondai, asociacijos",https://rekvizitai.vz.lt/imone/uab_palink_dirbanciuju_prekybininku_profesine_sajunga/,18-001 V; 84-004V; 39-006; 39-005V; 39-001V; 18-049; 18-009 V; 18-050,1,"MM (Minced meat, meat preparations and mechanically separated meat – MM, MP, MSM)",MM - Minced Meat Plant,"Vilkaviškio g. 72a, Marijampolė",Marijampolė,Marijampole County,Lithuania,,,,
214,"UAB ""Pecus Balticum""",MATCH,"Pecus Balticum, UAB",305097878,LT100012347710,+370 647 34864,,http://www.PREMIUMjautiena.lt,Paulius Mironas,,,"Archeologų g. 6, LT-47212 Kaunas",Kaunas,LT-47212,"Mėsa, mėsos produktai",https://rekvizitai.vz.lt/imone/pecus_balticum/,190012557,1,GEN (General activity establishment - EU),WM - Wholesale Market,"Archeologų g. 6, Kaunas",Kaunas,Kaunas County,Lithuania,,,,
215,"UAB ""Plungės kooperatinė prekyba""",MATCH,"Plungės kooperatinė prekyba, UAB",169985213,LT699852113,+370 448 73170,,http://www.vici.lt,Algirdas Razma,,1013,"Birutės g. 50, LT-90112 Plungė",Plungė,LT-90112,"Maisto gamyba; Didmeninė prekyba; Šaldyti maisto produktai; Žuvininkystė, žuvies produktai",https://rekvizitai.vz.lt/imone/plunges_kooperatine_prekyba/,520002064,1,GEN (General activity establishment - EU),WM - Wholesale Market,"Veterinarų g. 53, Biruliškių k., Karmėlavos sen., Kauno r.",Biruliškės,Kaunas County,Lithuania,,,,
216,"UAB ""Provincijos mėsa""",MATCH,"Provincijos mėsa, UAB",302766748,LT100007932511,+370 639 59092,,,Rokas Naujokaitis,,56,"Marijampolės g. 1, Gižų k., Vilkaviškio r.",Vilkaviškio r.,LT-70314,"Mėsa, mėsos produktai; Gamyba",https://rekvizitai.vz.lt/imone/provincijos_mesa/,LT 39-08,2,RM (Meat of domestic ungulates) | RPM (Meat products),CP - Cutting Plant | PP - Processing Plant,"Rūdos k., Gižų sen., Vilkaviškio r. sav.",Gižai,Marijampole County,Lithuania,,,,
217,"UAB ""REBA""",MATCH,"Reba, UAB",300077583,LT100001411110,+370 445 42182,,http://www.reba.lt,Egidijus Gendvilas,direktorius,29,"Šiaulių pl. 6, Gestautų k., LT-97162 Kretingos r.",Kretingos r.,LT-97162,"Didmeninė prekyba; Žuvininkystė, žuvies produktai",https://rekvizitai.vz.lt/imone/reba/,LT 56-01 EB,1,FFP (Fishery products - EU),PP - Processing Plant,"Šiaulių pl. 6, Gestautų k., , Kretingos r. sav.",Gestautai,Klaipeda County,Lithuania,,,,
218,"UAB ""RIMI LIETUVA""",MATCH,"Rimi Lietuva, UAB",123715317,LT237153113,+370 5 2461057,,http://www.rimi.lt,Vaidas Lukoševičius,,2838,"Spaudos g. 6-1, LT-05132 Vilnius",Vilnius,LT-05132,Maisto parduotuvės; Mažmeninė prekyba,https://rekvizitai.vz.lt/imone/rimi_lietuva/,42-11,5,"MM (Minced meat, meat preparations and mechanically separated meat – MM, MP, MSM) | FFP (Fishery products - EU) | RM (Meat of domestic ungulates) | PM (Meat from poultry and lagomorphs) | RPM (Meat products)",MM - Minced Meat Plant; MP - Meat Preparation Plant | PP - Processing Plant; FFPP - Fresh Fishery Products Plant | CP - Cutting Plant | PP - Processing Plant,"Migūčionių g. 1, Migūčionių k., Elektrėnų sen., Elektrėnų sav.",Gilučiai,Vilnius County,Lithuania,,,,
219,"UAB ""ROMVYGA""",MATCH,"Romvyga, UAB",124260192,LT242601917,+370 5 2691441,,http://www.romvyga.lt,Vytautas Liandsbergis,direktorius,3,"V. A. Graičiūno g. 34, LT-02241 Vilnius",Vilnius,LT-02241,"Muitinių paslaugos, muitinės; Sandėliavimas",https://rekvizitai.vz.lt/imone/romvyga/,r LT PLA288765,1,GEN (General activity establishment - EU),WM - Wholesale Market,"Kirtimų g. 57B, Vilnius",Vilnius,Vilnius County,Lithuania,,,,
220,"UAB ""Rokiškio pieno gamyba""",MATCH,"Rokiškio pieno gamyba, UAB",303055649,LT100007720616,+370 389 64402,,http://www.rokiskio.com,Dalius Trumpa,direktorius,261,"Pramonės g. 8, Utena",Utena,LT-28216,"Pienas, pieno produktai; Gamyba; Maisto produktai",https://rekvizitai.vz.lt/imone/rokiskio_pieno_gamyba/,LT 82-01 P EB,2,"MMP (Raw milk, dairy products, colostrum and colostrum-based products) | GEN (General activity establishment - EU)",PP - Processing Plant | CS - Cold Stores,Pramonės g. 8,Utena,Utena County,Lithuania,,,,
221,"UAB ""Roleka""",MATCH,"Roleka, UAB",303384986,LT100008922518,+370 672 44192,,,Vygandas Adomaitis,direktorius,2,"Vaidotų g. 8, Matlaukio k., LT-70349 Vilkaviškio r.",Vilkaviškio r.,LT-70349,Ekspedijavimas,https://rekvizitai.vz.lt/imone/roleka/,LT 39-11,1,RPM (Meat products),PP - Processing Plant,"Vaidotų g. 8, Matlaukio k., Kybartų sen., Vilkaviškio r. sav.",Matlaukys,Marijampole County,Lithuania,,,,
222,"UAB ""Samsonas""",MATCH,"Samsonas, UAB",133140587,LT331405811,+370 37 490670,,http://www.samsonas.lt,Henrikas Urbšta,generalinis direktorius,408,"Europos pr. 38, LT-46369 Kaunas",Kaunas,LT-46369,"Mėsa, mėsos produktai; Didmeninė prekyba; Maisto gamyba; Maisto produktai",https://rekvizitai.vz.lt/imone/samsonas/,LT 84-02,1,RM (Meat of domestic ungulates),SH - Slaughterhouse; CP - Cutting Plant,"Sodų g. 23, Vilkeliškių k., Šakių sen., Šakių r. sav.",Vilkeliškiai,Marijampole County,Lithuania,,,,
223,"UAB ""Sanitex""",MATCH,UAB SANITEX,110443493,LT104434917,+370 37 401111,,http://www.sanitex.eu,Ramūnas Kairys,,1178,"Raudondvario pl. 131C, LT-47501 Kaunas",Kaunas,LT-47501,Didmeninė prekyba; Kanceliarijos prekės; Logistikos paslaugos; Pardavimo automatai,https://rekvizitai.vz.lt/imone/sanitex_bendra_lietuvos_jav_imone_uab/,52001016,1,GEN (General activity establishment - EU),WM - Wholesale Market,"Alšėnų g. 10, Kampiškių k., Alšėnų sen., Kauno r.",Alšėnai,Kaunas County,Lithuania,,,,
224,"UAB ""Senieji Teresės mėsos gaminiai""",MATCH,"Senieji Teresės mėsos gaminiai, UAB",303230415,LT100008329614,+370 685 54435,,,Mantas Eitminavičius,direktorius,30,"Dariaus ir Girėno g. 3A, LT-69428 Kazlų Rūda",Kazlų Rūda,LT-69428,Maisto produktai; Gamyba,https://rekvizitai.vz.lt/imone/senieji_tereses_mesos_gaminiai/,LT 58-01,2,RM (Meat of domestic ungulates) | RPM (Meat products),CP - Cutting Plant | PP - Processing Plant,"Dariaus ir Girėno g. 3a, Kazlų Rūda",Kazlų Rūda,Marijampole County,Lithuania,,,,
225,"UAB ""TAURYS""",MATCH,"UAB ""Taurys""",300011672,LT100001036514,+370 684 54221,,,Diana Kelpšienė,direktorė,21,"Beržų g. 20, Kiauleikių k., LT-97225 Kretingos r.",Kretingos r.,LT-97225,"Maisto produktai; Gamyba; Maisto parduotuvės; Žuvininkystė, žuvies produktai",https://rekvizitai.vz.lt/imone/uab_taurys/,LT 56-02 EB,1,FFP (Fishery products - EU),PP - Processing Plant,"Mokyklos g. 2, Vydmantai LT-97222, Kretingos r. sav.,",Vydmantai,Klaipeda County,Lithuania,,,,
226,"UAB ""Uriga""",MATCH,"Uriga, UAB",174383062,LT743830610,+370 345 44580,,http://www.uriga.lt,Vitas Andriuškevičius,direktorius,18,"A. Tatarės g. 54, Lukšiai, LT-71180 Šakių r.",Šakių r.,LT-71180,"Pienas, pieno produktai; Eksportas; Gamyba; Maisto produktai",https://rekvizitai.vz.lt/imone/uriga/,84-02 P,1,"MMP (Raw milk, dairy products, colostrum and colostrum-based products)",PP - Processing Plant,"Tatarės g. 54, Lukšių k., Lukšių sen., Šakių r. sav.",Lukšiai,Marijampole County,Lithuania,,,,
227,"UAB ""VIKEDA""",MATCH,"Vikeda, UAB",161438587,LT614385811,+370 618 00088,,https://www.linkedin.com/company/19094447/admin/dashboard/,Algirdas Gauronskis,generalinis direktorius,186,"J. Basanavičiaus g. 2B, LT-57151 Kėdainiai",Kėdainiai,LT-57151,"Maisto produktai; Eksportas; Gamyba; Pienas, pieno produktai",https://rekvizitai.vz.lt/imone/vikeda/,LT 53-05P EB,1,"MMP (Raw milk, dairy products, colostrum and colostrum-based products)",PP - Processing Plant,"J.Basanavičiaus g. 2B, Kėdainiai",Kėdainiai,Kaunas County,Lithuania,,,,
228,"UAB ""VINGĖS LOGISTIKA""",MATCH,"VINGĖS LOGISTIKA, UAB",300617360,LT100002895516,+370 46 277040,,http://www.vingeslogistika.lt,Andrius Točko,,80,"Verslo g. 11, LT-94102 Klaipėda",Klaipėda,LT-94102,Logistikos paslaugos; Nekilnojamasis turtas; Sandėliavimas; Transporto paslaugos,https://rekvizitai.vz.lt/imone/uab_vinges_logistika/,LT 21-04 EB,1,GEN (General activity establishment - EU),CS - Cold Stores; WM - Wholesale Market,"Verslo g. 11, Klaipėda",Klaipėda,Klaipeda County,Lithuania,,,,
229,"UAB ""VPA LOGISTICS""",MATCH,"VPA LOGISTICS, UAB",301530766,LT100003774411,+370 46 412900,,http://www.vpalogistics.eu,Darius Beinortas,generalinis direktorius,171,"Grįžgatvio g. 6, Klaipėda",Klaipėda,LT-91286,"Geležinkelių transportas; Logistikos paslaugos; Muitinių paslaugos, muitinės; Sandėliavimas",https://rekvizitai.vz.lt/imone/vpa_logistics/,LT 21-21 EB; LT 21-20 EB,1,GEN (General activity establishment - EU),CS - Cold Stores; WM - Wholesale Market,"Stariškės g. 29, Laistų k.  LT-95369
Klaipėdos r. sav.",Klaipėda,Klaipeda County,Lithuania,,,,
230,"UAB ""Valdaragis""",MATCH,"Valdaragis, UAB",302971379,LT100007439910,+370 650 66805,,http://www.valdaragis.eu,Valdas Ragėnas,direktorius,6,"Ateities g. 2, Katlėrių k., Anykščių r.",Anykščių r.,LT-29162,Maisto gamyba; Maisto produktai; Transporto paslaugos,https://rekvizitai.vz.lt/imone/uab_valdaragis/,LT34-04EB,1,"MM (Minced meat, meat preparations and mechanically separated meat – MM, MP, MSM)",MP - Meat Preparation Plant,"Ateities g. 2, Katlėriai, Skiemonių sen., Anykščių r. sav., LT-29162",Katlėriai,Utena County,Lithuania,,,,
231,"UAB ""Vamėsa""",NO_MATCH,,,,,,,,,,,,,,,LT 58-02,2,RM (Meat of domestic ungulates) | RPM (Meat products),CP - Cutting Plant | PP - Processing Plant,"Čečetų k. 7, Kazlų Rūdos sen., Kazlų Rūdos sav.",Čečetai,Marijampole County,Lithuania,,,,
232,"UAB ""Vigesta""",MATCH,"Vigesta, UAB",166779286,LT667792811,+370 686 31976,,http://www.vigesta.lt,Darius Matiukas,direktorius,148,"Naikių g. 16, LT-89126 Mažeikiai",Mažeikiai,LT-89126,"Mėsa, mėsos produktai; Didmeninė prekyba; Gamyba; Maisto parduotuvės",https://rekvizitai.vz.lt/imone/vigesta/,61-12,4,"MM (Minced meat, meat preparations and mechanically separated meat – MM, MP, MSM) | GEN (General activity establishment - EU) | RM (Meat of domestic ungulates) | RPM (Meat products)",MP - Meat Preparation Plant; MM - Minced Meat Plant | CS - Cold Stores | CP - Cutting Plant | PP - Processing Plant,"Naikių g. 16, Mažeikiai, Mažeikių r. sav.",Mažeikiai,Telsiai County,Lithuania,,,,
233,"UAB ""Vičiūnai ir partneriai""",MATCH,"Vičiūnai ir partneriai, UAB",171757754,LT717577515,+370 448 73170,,http://www.vici.eu,Artūras Rudgalvis,,725,"Birutės g. 50, LT-90112 Plungė",Plungė,LT-90112,"Žuvininkystė, žuvies produktai; Gamyba",https://rekvizitai.vz.lt/imone/viciunai_ir_partneriai/,520002066,1,GEN (General activity establishment - EU),WM - Wholesale Market,"Veterinarų g. 53, Biruliškių k., Karmėlavos sen., Kauno r.",Biruliškės,Kaunas County,Lithuania,,,,
234,"UAB ""Šilo garsai""",NO_MATCH,,,,,,,,,,,,,,,19-29,2,RM (Meat of domestic ungulates) | RPM (Meat products),CP - Cutting Plant | PP - Processing Plant,"Europos pr. 122, Kaunas",Kaunas,Kaunas County,Lithuania,,,,
235,"UAB ""ŽUVITA""",MATCH,"Žuvita, UAB",305733625,LT100014455910,+370 652 30919,,,,,71,"Verslo g. 6, Klaipėda",Klaipėda,LT-94102,"Žuvininkystė, žuvies produktai; Maisto produktai",https://rekvizitai.vz.lt/imone/zuvita/,LT 21-35 EB,1,FFP (Fishery products - EU),PP - Processing Plant,"Verslo g. 6, LT-94102 Klaipėda",Klaipėda,Klaipeda County,Lithuania,,,,
236,"UAB ""Žuvis""",MATCH,"Žuvis, UAB",303143768,LT100008026010,+370 690 00004,,http://zuvis.eu,Andrius Petrauskas,,8,"Tilžės g. 51, LT-91260 Klaipėda",Klaipėda,LT-91260,"Žuvininkystė, žuvies produktai",https://rekvizitai.vz.lt/imone/zuvis/,LT 21-07 EB,2,FFP (Fishery products - EU) | GEN (General activity establishment - EU),PP - Processing Plant | RW - Re-wrapping Establishment,"Tilžės g. 51, LT-91260 Klaipėda",Klaipėda,Klaipeda County,Lithuania,,,,
237,"UAB ,,Benerta""",NO_MATCH,,,,,,,,,,,,,,,LT49-19EB,2,"MM (Minced meat, meat preparations and mechanically separated meat – MM, MP, MSM) | RM (Meat of domestic ungulates)",MP - Meat Preparation Plant; MM - Minced Meat Plant | CP - Cutting Plant,"Kriaučiškių g. 4, Kriaučiškių k., Žiežmarių apyl. sen. ,Kaišiadorių r. sav., LT-56117",Kriaučiškės,Kaunas County,Lithuania,,,,
238,"UAB ,,Girelės paukštynas""",NO_MATCH,,,,,,,,,,,,,,,LT49-07EB; LT49-02EB; LT49-09EB,3,GEN (General activity establishment - EU) | PM (Meat from poultry and lagomorphs) | EEP (Eggs and egg products),CS - Cold Stores | SH - Slaughterhouse; CP - Cutting Plant | EPC - Egg-packing Centre; LEP - Liquid Egg Plant,"Paukštininkų g. 38, Kaišiadorys",Kaišiadorys,Kaunas County,Lithuania,,,,
239,"UAB ,,Kadagio dūmas""",NO_MATCH,,,,,,,,,,,,,,,LT49-17EB,1,RPM (Meat products),PP - Processing Plant,"Sekionių k. Kruonio sen., Kaišiadorių r. sav. LT-56307",Sekionys,Kaunas County,Lithuania,,,,
240,"UAB ,,LOBBY BALTIC""",NO_MATCH,,,,,,,,,,,,,,,61-08,2,"MM (Minced meat, meat preparations and mechanically separated meat – MM, MP, MSM) | RPM (Meat products)",MP - Meat Preparation Plant | PP - Processing Plant,"Naftininkų g. 38-2, Mažeikiai, Mažeikių sen., Mažeikių r.sav., Telšių apskr.",Mažeikiai,Telsiai County,Lithuania,,,,
241,"UAB ,,Žiežmarių mėsa""",NO_MATCH,,,,,,,,,,,,,,,LT49-05EB,2,"MM (Minced meat, meat preparations and mechanically separated meat – MM, MP, MSM) | RPM (Meat products)",MP - Meat Preparation Plant | PP - Processing Plant,"Pakertų k., Žiežmarių apyl. sen., Kaišiadorių r. sav.",Pakertai,Kaunas County,Lithuania,,,,
242,UAB AG SEAFOOD LITHUANIA,NO_MATCH,,,,,,,,,,,,,,,190006911,1,GEN (General activity establishment - EU),WM - Wholesale Market,"Taikos pr. 94, Kaunas",Kaunas,Kaunas County,Lithuania,,,,
243,UAB AGARAS,MATCH,"Agaras, UAB",154742821,LT547428219,+370 450 31458,,http://www.agaras.lt,Petras Vainoras,,137,"Agaro g. 5, Balandiškių k., LT-41385 Biržų r.",Biržų r.,LT-41385,"Mėsa, mėsos produktai; Didmeninė prekyba; Eksportas; Maisto produktai",https://rekvizitai.vz.lt/imone/agaras/,LT 36-09,1,RM (Meat of domestic ungulates),SH - Slaughterhouse,"Agaro g. 5, Balandiškių k., Pabiržės sen., Biržų r.",Balandiškiai,Panevezys County,Lithuania,,,,
244,UAB AISVITA,MATCH,"Aisvita, UAB",149787722,LT497877219,+370 315 51057,,http://www.aisvita-packing.lt,Dalia Simon,,13,"Pulko g. 8, LT-62116 Alytus",Alytus,LT-62116,"Tara, pakuotės; Didmeninė prekyba; Maisto produktai; Žaliuzės, užuolaidos, roletai",https://rekvizitai.vz.lt/imone/aisvita/,LT 11-02,1,"CAS (Treated stomachs, bladders and intestines: casings only)",PP - Processing Plant,Pievų g. 11,Alytus,Alytus County,Lithuania,,,,
245,UAB AKVAVITUS,MATCH,"Akvavitus, UAB",136054727,LT360547219,+370 37 330156,,http://www.akvavitus.lt,Modestas Grinkevičius,direktorius,4,"Tvirtovės al. 1-4, Kaunas",Kaunas,LT-50166,"Žuvininkystė, žuvies produktai; Didmeninė prekyba; Šaldyti maisto produktai",https://rekvizitai.vz.lt/imone/akvavitus/,190000462; 190006775,1,GEN (General activity establishment - EU),WM - Wholesale Market,"Kauno apskr., Kauno m. sav., Kaunas, Taikos pr. 94",Kaunas,Kaunas County,Lithuania,,,,
246,UAB AUROL LOGISTICS,MATCH,"AUROL LOGISTICS, UAB",300600560,LT100003462015,+370 614 90227,,,Žilvinas Sakauskas,direktorius,5,"Vandenvietės g. 9, LT-57242 Kėdainiai",Kėdainiai,LT-57242,Logistikos paslaugos; Sandėliavimas,https://rekvizitai.vz.lt/imone/uab_aurol_logistics/,53-13,1,GEN (General activity establishment - EU),WM - Wholesale Market; CS - Cold Stores,"Vandenvietės g. 9, Kėdainiai",Kėdainiai,Kaunas County,Lithuania,,,,
247,UAB Abela,MATCH,"Abela, UAB",300573501,LT100002440513,+370 37 451321,,http://www.abela.lt,Virginijus Demidavičius,,19,"Taikos pr. 94, LT-51179 Kaunas",Kaunas,LT-51179,"Didmeninė prekyba; Maisto produktai; Mėsa, mėsos produktai; Pienas, pieno produktai",https://rekvizitai.vz.lt/imone/abela/,190006783,1,GEN (General activity establishment - EU),WM - Wholesale Market,"Taikos pr. 94, Kaunas",Kaunas,Kaunas County,Lithuania,,,,
248,UAB Ablatus,MATCH,"Ablatus, UAB",304707691,LT100011303410,+370 685 09800,,http://www.ablatus.lt,Rokas Žukauskas,direktorius,1,"Mokyklos g. 5, Padovinio k., Marijampolė",Marijampolė,LT-69151,"Pienas, pieno produktai; Maisto produktai; Šaldyti maisto produktai",https://rekvizitai.vz.lt/imone/ablatus/,520001618,1,GEN (General activity establishment - EU),WM - Wholesale Market,"Marijampolės g. 27, Pagirių k., Garliavos sen., Kauno r.",Pagiriai,Kaunas County,Lithuania,,,,
249,UAB Agrokontraktas,NO_MATCH,,,,,,,,,,,,,,,190000463,1,GEN (General activity establishment - EU),WM - Wholesale Market,"Taikos pr. 94, Kaunas",Kaunas,Kaunas County,Lithuania,,,,
250,UAB Agromėsa,NO_MATCH,,,,,,,,,,,,,,,LT 42-03,3,GEN (General activity establishment - EU) | PM (Meat from poultry and lagomorphs) | RPM (Meat products),CS - Cold Stores | SH - Slaughterhouse | PP - Processing Plant,"Elektrėnų sav., Vievio sen., Ausieniškių k., Paukštyno g. 9",Ausieniškių k.,Vilnius County,Lithuania,,,,
251,UAB Akvapona,MATCH,"Akvapona, UAB",302908425,LT100007275813,+370 685 71762,,,Vladislavas Vickunas,direktorius,23,"Skaisterių g. 2C, Skaisterių k., LT-13118 Vilniaus r.",Vilniaus r.,LT-13118,Apskaita,https://rekvizitai.vz.lt/imone/arc_nt/,LT 41-15,1,FFP (Fishery products - EU),FFPP - Fresh Fishery Products Plant,"Skaisterių g. 2C,  Mickūnų sen., Vilniaus r.",Skaisterių k.,Vilnius County,Lithuania,,,,
252,UAB Alantos agroservisas,MATCH,"Alantos agroservisas, UAB",167540613,LT675406113,+370 655 839,,http://www.alantosagroservisas.lt,Raimundas Gražys,direktorius,3,"Sodo al. 2D, Alanta, LT-33315 Molėtų r.",Molėtų r.,LT-33315,"Maisto produktai; Gamyba; Maisto parduotuvės; Mėsa, mėsos produktai",https://rekvizitai.vz.lt/imone/alantos_agroservisas/,LT62-02 EB; EB62-02,2,GM (Meat of farmed game) | RPM (Meat products),SH - Slaughterhouse | PP - Processing Plant,"Molėtų r. sav., Alanta, Sodo al. 2D",Alanta,Utena County,Lithuania,,,,
253,UAB Alekniškis,MATCH,"Alekniškis, UAB",178256094,LT782560917,+370 382 38374,,,Juozas Jasiukevičius,direktorius,23,"Šiaulių k., Širvintų r.",Širvintų r.,LT-19212,"Mėsa, mėsos produktai; Gamyba; Maisto parduotuvės; Šaldyti maisto produktai",https://rekvizitai.vz.lt/imone/alekniskis/,LT 89-03,2,GEN (General activity establishment - EU) | RPM (Meat products),CS - Cold Stores | PP - Processing Plant,"Širvintų r. sav., Širvintų sen., Šiaulių k., Plento g. 6",Šiaulių k.,Vilnius County,Lithuania,,,,
254,UAB Alevista,MATCH,"Alevista, UAB",300076741,LT100001403513,+370 37 568871,,http://www.alevista.lt,Algirdas Prochorskis,direktorius,56,"Piliuonos k., Kauno r.",Kauno r.,LT-53185,"Mėsa, mėsos produktai; Gamyba; Maisto produktai; Mažmeninė prekyba",https://rekvizitai.vz.lt/imone/alevista/,52-17,3,"MM (Minced meat, meat preparations and mechanically separated meat – MM, MP, MSM) | PM (Meat from poultry and lagomorphs) | RPM (Meat products)",MSM - Mechanically Separated Meat Plant; MP - Meat Preparation Plant | CP - Cutting Plant | PP - Processing Plant,"Ežero g. 46, Piliuonos k., Taurakiemio sen., Kauno raj.",Piliuona,Kaunas County,Lithuania,,,,
255,UAB Aljasas,MATCH,"Aljasas, UAB",304403927,LT100010493911,+370 640 67269,,,Audronė Makūnienė,direktorė,33,"Perkūnkiemio g. 13-91, LT-12114 Vilnius",Vilnius,LT-12114,Vaisiai; Daržovės,https://rekvizitai.vz.lt/imone/aljasas/,LT 42-01,1,FFP (Fishery products - EU),PP - Processing Plant,"Elektrėnų sav.,  Pastrėvio sen.,  Mustenių  k.,  Elektrėnų  g. 45",Mustenių  k.,Vilnius County,Lithuania,,,,
256,UAB Alksnio dūmas,MATCH,"Alksnio dūmas, UAB",168688091,LT686880917,+370 45 589923,,http://www.alksniodumas.com,,,36,"Klevų g. 36, Vaivadų k., Panevėžio r.",Panevėžio r.,LT-38444,"Maisto produktai; Gamyba; Mažmeninė prekyba; Mėsa, mėsos produktai",https://rekvizitai.vz.lt/imone/alksnio_dumas/,LT66-26 EB,1,RPM (Meat products),PP - Processing Plant,"Klevų g. 36, Vaivadų k., LT-38444",Vaivadai,Panevezys County,Lithuania,,,,
257,UAB Almasta,MATCH,"Almasta, UAB",300541966,LT100002237016,+370 674 58998,,,Alfonsas Urbanavičius,direktorius,11,"Garliavos g. 70, Mastaičių k., LT-53311 Kauno r.",Kauno r.,LT-53311,"Maisto parduotuvės; Didmeninė prekyba; Maisto produktai; Mėsa, mėsos produktai",https://rekvizitai.vz.lt/imone/uab_almasta/,52-11,2,"MM (Minced meat, meat preparations and mechanically separated meat – MM, MP, MSM) | RPM (Meat products)",MM - Minced Meat Plant; MP - Meat Preparation Plant | PP - Processing Plant,"Garliavos g. 70, Mastaičiai, Kauno raj.",Mastaičiai,Kaunas County,Lithuania,,,,
258,UAB Appetitum,MATCH,"Appetitum, UAB",303393871,LT100008873316,+370 640 29991,,http://www.appetitum.lt,Eglė Toso,direktorė,11,"Vilniaus g. 22, Naujakiemio k., LT-14256 Vilniaus r.",Vilniaus r.,LT-14256,Didmeninė prekyba; Maisto produktai,https://rekvizitai.vz.lt/imone/appetitum/,41-25,1,GEN (General activity establishment - EU),WM - Wholesale Market; RW - Re-wrapping Establishment; CS - Cold Stores,"Vilniaus r. sav., Riešės sen., Naujakiemio k., Vilniaus g. 22",Naujakiemis,Vilnius County,Lithuania,,,,
259,UAB Arkties kelias,MATCH,"Arkties kelias, UAB",302251431,LT100004424213,+370 611 11171,,,Rimtautas Adomavičius,direktorius,13,"Vytauto Didžiojo g. 45-5, Kelmė",Kelmė,LT-86135,Šaldyti maisto produktai; Maisto produktai,https://rekvizitai.vz.lt/imone/uab_arkties_kelias/,37MTSPĮ-112,1,GEN (General activity establishment - EU),CS - Cold Stores,Šilutės pl. 9,Klaipėda,Klaipeda County,Lithuania,,,,
260,UAB Armeni,MATCH,"Armeni, UAB",300605664,LT100005168016,+370 670 17199,,http://www.armeni.eu,Tomas Žulys,,4,"Josvainių g. 36, Kaunas",Kaunas,LT-47141,"Mėsa, mėsos produktai; Gamyba",https://rekvizitai.vz.lt/imone/uab_armeni/,19-06,1,RPM (Meat products),PP - Processing Plant,"Josvainių g. 36, Kaunas",Kaunas,Kaunas County,Lithuania,,,,
261,UAB Asia Food,MATCH,"Asia Food, UAB",300038776,LT100001163518,+370 5 2655503,,http://www.asia-food.lt,Youngsam Kim,direktorius,6,"Sandėlių g. 38, Vilnius",Vilnius,LT-02248,Maisto parduotuvės; Didmeninė prekyba; Maisto produktai; Šaldyti maisto produktai,https://rekvizitai.vz.lt/imone/asia_food/,LT 01-46,1,GEN (General activity establishment - EU),CS - Cold Stores,S. Dariaus ir S.Girėno g. 42,Vilnius,Vilnius County,Lithuania,,,,
262,UAB Atlas Premium Lietuva,MATCH,"Atlas Premium Lietuva, UAB",307140253,LT100018035610,+370 614 34438,,,Morten Vike,,236,"Pramonės g. 15, LT-94102 Klaipėda",Klaipėda,LT-94102,"Žuvininkystė, žuvies produktai; Maisto produktai",https://rekvizitai.vz.lt/imone/atlas_premium_lietuva/,21-41,1,FFP (Fishery products - EU),PP - Processing Plant; WM - Wholesale Market,"Pramonės g.15, Klaipėda",Klaipėda,Klaipeda County,Lithuania,,,,
263,UAB Aujoris,MATCH,"Aujoris, UAB",135694884,LT356948811,+370 37 383101,,http://www.mesoskrautuvele.lt,Jonas Pocius,,2,"Obelyno g. 10, Vaišvydavos k., LT-53109 Kauno r.",Kauno r.,LT-53109,"Mėsa, mėsos produktai; Gamyba",https://rekvizitai.vz.lt/imone/aujoris/,52-10,1,RPM (Meat products),PP - Processing Plant,"Obelyno g. 10, Vaišvydava, Kauno raj.",Vaišvydava,Kaunas County,Lithuania,,,,
264,UAB Aukštaitijos žvėriena,MATCH,"Aukštaitijos žvėriena, UAB",303323232,LT100008627713,+370 612 85858,,,Tadas Telyčėnas,,19,"K. Naruševičiaus g. 103, Molainių k., LT-37175 Panevėžio r.",Panevėžio r.,LT-37175,Gamyba; Maisto produktai,https://rekvizitai.vz.lt/imone/aukstaitijos_zveriena/,LT66-07 EB,1,WM (Wild game meat),GHE - Game-Handling Establishment; CP - Cutting Plant,"Naruševičiaus g. 103, Molainių k., Panevėžio r., LT-37175",Panevežys,Panevezys County,Lithuania,,,,
265,UAB Avirginida,MATCH,"Avirginida, UAB",176597816,LT765978113,+370 659 40267,,,Virginijus Daubaras,direktorius,21,"Vingininkų k., LT-75113 Šilalės r.",Šilalės r.,LT-75113,"Maisto produktai; Gamyba; Mėsa, mėsos produktai",https://rekvizitai.vz.lt/imone/avirginida/,87-09,1,RM (Meat of domestic ungulates),CP - Cutting Plant; SH - Slaughterhouse,"L. Ivinskio g. 55, 75113 Vingininkai, Šilalės kaimiškoji sen., Šilalės r. sav.",Šilalė,Taurage County,Lithuania,,,,
266,UAB BALTIC FOODIS,MATCH,"Baltic foodis, UAB",304539101,LT100010965211,+370 634 07005,,,,,11,"Bagotosios g. 4H, Antanavo k., LT-69368 Kazlų Rūda",Kazlų Rūda,LT-69368,"Mėsa, mėsos produktai",https://rekvizitai.vz.lt/imone/baltic_foodis/,520001686,1,GEN (General activity establishment - EU),WM - Wholesale Market,"Kauno apskr. Kauno r. sav., Ringaudų sen., Virbališkių k., Verslo g. 3",Dievogalos k.,Kaunas County,Lithuania,,,,
267,UAB BALTIC LARUS,MATCH,"Baltic Larus, UAB",301754700,LT100004155715,+370 37 280184,,http://www.balticlarus.lt,Audrius Banys,direktorius,8,"Marvelės g. 27, LT-46209 Kaunas",Kaunas,LT-46209,"Mėsa, mėsos produktai; Maisto produktai",https://rekvizitai.vz.lt/imone/baltic_larus/,520000736; 190011298,1,GEN (General activity establishment - EU),WM - Wholesale Market,"Kauno apskr. Kauno r. sav., Garliavos sen., Pagirių k., Marijampolės g. 27",Pagiriai,Kaunas County,Lithuania,,,,
268,UAB BALTIJOS DELIKATESAI,MATCH,"Baltijos delikatesai, UAB",141776414,LT417764113,+370 460 40337,,http://www.delikates.lt,Dalia Petrauskaitė,,43,"Ganyklų g. 8B, LT-00126 Palanga",Palanga,LT-00126,"Žuvininkystė, žuvies produktai; Gamyba",https://rekvizitai.vz.lt/imone/baltijos_delikatesai/,LT 25-01 EB,1,FFP (Fishery products - EU),PP - Processing Plant,"GANYKLŲ G,8B",Palanga,Klaipeda County,Lithuania,,,,
269,UAB BALTIJOS KONSERVAI,MATCH,"Baltijos Konservai, UAB",300015471,LT100001007418,+370 46 489091,,,Petras Girdvainis,direktorius,17,"Rogainių g. 64, Martinų k., Klaipėdos r.",Klaipėdos r.,,"Žuvininkystė, žuvies produktai; Gamyba",https://rekvizitai.vz.lt/imone/baltijos_konservai/,LT 55-02 EB,1,FFP (Fishery products - EU),PP - Processing Plant,"Rogainių g.64, Martinų k., LT-91277 Klaipėdos r.",Martinai,Klaipeda County,Lithuania,,,,
270,UAB BALTIJOS SPRENDIMAI,MATCH,"Baltijos sprendimai, UAB",304043354,LT100009424116,+370 610 35896,,,Ramūnas Čepas,direktorius,1,"Molėtų g. 19-3, LT-50174 Kaunas",Kaunas,LT-50174,"Mėsa, mėsos produktai; Didmeninė prekyba",https://rekvizitai.vz.lt/imone/baltijos_sprendimai/,520001532,1,GEN (General activity establishment - EU),WM - Wholesale Market,"Kauno apskr., Kauno r. sav., Karmėlavos sen., Ramučiai, Vijoklių g. 31",Narėpai,Kaunas County,Lithuania,,,,
271,UAB BALTMĖSA,MATCH,"Baltmėsa, UAB",300143058,LT100002089319,+370 426 61053,,http://www.baltmesa.lt,Žilvinas Rimša,,29,"Vilniaus g. 49M, LT-84175 Joniškis",Joniškis,LT-84175,"Mėsa, mėsos produktai; Didmeninė prekyba; Maisto produktai; Žuvininkystė, žuvies produktai",https://rekvizitai.vz.lt/imone/baltmesa_parduotuve/,LT 47-11,2,"MM (Minced meat, meat preparations and mechanically separated meat – MM, MP, MSM) | RPM (Meat products)",MP - Meat Preparation Plant | PP - Processing Plant,"Šiaulių apskr. Joniškio r. Saugėlaukio sen., Bariūnų k., Senoji g. 4, LT-84420",Joniškis,Siauliai County,Lithuania,,,,
272,UAB BANDI EUROPE,MATCH,"Bandi Europe, UAB",304422436,LT100010552517,+370 694 09360,,http://www.bandifoods.eu,Tomas Valevičius,Vadovas,13,"Pramonės g. 2B, Paobelio k., Kėdainių r.",Kėdainių r.,LT-58158,Didmeninė prekyba; Ekspedijavimas; Logistikos paslaugos; Sandėliavimas,https://rekvizitai.vz.lt/imone/logistine_zona/,53-08,1,GEN (General activity establishment - EU),WM - Wholesale Market; CS - Cold Stores,"Pramonės g., 2B, Paobelio k., Kėdainių mst. sen.,",Paobelio k.,Kaunas County,Lithuania,,,,
273,UAB BEER GROUP,MATCH,"BEER GROUP, UAB",302471609,LT100005156910,+370 655 12111,,,Aivaras Jocius,direktorius,3,"Bendorių kel. 39, Žemųjų Rusokų k., LT-14336 Vilniaus r.",Vilniaus r.,LT-14336,Gėrimai (alkoholiniai),https://rekvizitai.vz.lt/imone/uab_beer_group/,190011204,1,GEN (General activity establishment - EU),WM - Wholesale Market,"Kauno apskr. Kauno m. sav., Kaunas, Taikos pr. 96",Kaunas,Kaunas County,Lithuania,,,,
274,UAB BHJ BALTIC,MATCH,"BHJ Baltic, UAB",211514930,LT115149314,+370 37 302060,,http://www.bhj.com,Evaldas Čiukas,direktorius,44,"Vytauto Didžiojo g. 120, LT-56111 Kaišiadorys",Kaišiadorys,LT-56111,Maisto produktai; Didmeninė prekyba; Gamyba,https://rekvizitai.vz.lt/imone/bhj_baltic/,190000409,1,GEN (General activity establishment - EU),WM - Wholesale Market,"Taikos pr. 94, Kaunas",Kaunas,Kaunas County,Lithuania,,,,
275,UAB BLASTERA,MATCH,"Blastera, UAB",302565695,LT100005772910,+370 340 57180,,,Egidijus Dudėnas,,5,"Pramonės g. 11, Statikų k., LT-20123 Ukmergės r.",Ukmergės r.,LT-20123,Pramonės įrengimai,https://rekvizitai.vz.lt/imone/blastera/,LT 81-03,1,FFP (Fishery products - EU),PP - Processing Plant,"Statikų k., Deltuvos sen., Ukmergės r. sav.",Statikai,Vilnius County,Lithuania,,,,
276,UAB Baisogalos bioenergija,MATCH,"Baisogalos bioenergija, UAB",171663689,LT716636811,+370 422 65132,,http://www.biokatilas.lt,Tadas Misevičius,,27,"Žalioji g. 9, Vainiūnų k., LT-82293 Radviliškio r.",Radviliškio r.,LT-82293,"Komunalinės paslaugos; Eksportas; Šildymas, įrenginiai",https://rekvizitai.vz.lt/imone/baisogalos_bioenergija/,171663689,1,FFP (Fishery products - EU),PP - Processing Plant,"Stoties g. 19, Pakiršinio k., Baisogalos sen., Radviliškio r.",Pakiršinio k.,Siauliai County,Lithuania,,,,
277,UAB Bajorų žuvis,MATCH,"Bajorų žuvis, UAB",173123396,LT731233917,+370 458 75524,,http://www.bajoruzuvis.lt,Karolis Talačka,,39,"Ežero g. 4, Bajorų k., LT-42102 Rokiškio r.",Rokiškio r.,LT-42102,Gamyba; Didmeninė prekyba; Maisto produktai,https://rekvizitai.vz.lt/imone/bajoru_zuvis_j_simucio_ii/,73-10,1,FFP (Fishery products - EU),PP - Processing Plant,"Ežero g.4, Bajoų k., Rokiškio km. sen., Rokiškio r. sav.",Rokiškis,Panevezys County,Lithuania,,,,
278,UAB Baltasis Pyragas,MATCH,"Baltasis pyragas, UAB",159892593,LT598925917,"+370 349 51079, 50945",,http://www.baltasispyragas.lt,,,50,"Sodų g. 11, Jonava",Jonava,LT-55190,Kepyklos; Gamyba; Mažmeninė prekyba,https://rekvizitai.vz.lt/imone/baltasis_pyragas/,460000278,1,GEN (General activity establishment - EU),CS - Cold Stores,"Sodų g. 11, Jonava, LT 55190",Jonava,Kaunas County,Lithuania,,,,
279,UAB Baltaxia Kaunas,MATCH,"Baltaxia kaunas, UAB",111427467,LT114274610,+370 37 311545,,http://www.baltaxia.lt,Algirdas Rastenis,direktorius,2,"Tilžės g. 41, LT-47182 Kaunas",Kaunas,LT-47182,Įrankiai; Keramikos gaminiai,https://rekvizitai.vz.lt/imone/baltaxia_kaunas/,190009628,1,GEN (General activity establishment - EU),WM - Wholesale Market,"Tilžės g. 41, Kaunas",Kaunas,Kaunas County,Lithuania,,,,
280,UAB Baltic Foods,MATCH,"Baltic Foods, UAB",301967538,LT100004339817,+370 5 2323254,,http://www.balticfoods.lt,Adrian Ščerban,,28,"Kirtimų g. 57A-112, Vilnius",Vilnius,LT-02244,"Mėsa, mėsos produktai; Didmeninė prekyba; Maisto produktai",https://rekvizitai.vz.lt/imone/baltic_foods/,01-31,1,GEN (General activity establishment - EU),CS - Cold Stores; WM - Wholesale Market; RW - Re-wrapping Establishment,Kirtimų g. 57A,Vilnius,Vilnius County,Lithuania,,,,
281,UAB Baltic egg production,MATCH,"Baltic egg production, UAB",302602880,LT100006690018,+370 612 61666,,http://groward.eu,Alvydas Pelenis,,89,"Birutės skg. 5, Macenių k., LT-90100 Plungės r.",Plungės r.,LT-90100,"Gyvuliai, žvėrys, paukščiai ir jų veisimas",https://rekvizitai.vz.lt/imone/baltic_egg_production/,68-09,1,EEP (Eggs and egg products),PP - Processing Plant; LEP - Liquid Egg Plant,"Birutės skg. 5, Plungės r. sav.",Maceniai,Telsiai County,Lithuania,,,,
282,UAB Baltic fish export,MATCH,"Baltic fish export, UAB",302465321,LT100005078118,+370 37 244775,,http://www.viciunaigroup.eu,Virginijus Kancleris,direktorius,202,"Industrijos g. 1, Biruliškės, LT-54469 Kauno r.",Kauno r.,LT-54469,"Žuvininkystė, žuvies produktai; Gamyba; Logistikos paslaugos; Sandėliavimas",https://rekvizitai.vz.lt/imone/uab_baltic_fish_export/,52-15; 52-36; 19-19,2,FFP (Fishery products - EU) | GEN (General activity establishment - EU),PP - Processing Plant; FFPP - Fresh Fishery Products Plant | CS - Cold Stores; RW - Re-wrapping Establishment; WM - Wholesale Market | CS - Cold Stores; WM - Wholesale Market,"Industrijos g. 1, Biruliškių k., Kauno r.",Biruliškės,Kaunas County,Lithuania,,,,
283,UAB Baltic food partners,MATCH,"Baltic food partners, UAB",302410321,LT100004953911,+370 448 73170,,,Mantas Baltraitis,,327,"Birutės skg. 8, Macenių k., Plungės r.",Plungės r.,LT-90100,Maisto produktai; Gamyba,https://rekvizitai.vz.lt/imone/uab_baltic_food_partners/,68-07; 190011863; 520001875,2,FFP (Fishery products - EU) | GEN (General activity establishment - EU),PP - Processing Plant | WM - Wholesale Market,"Birutes skg. 8, Plungės r. sav.",Maceniai,Telsiai County,Lithuania,,,,
284,UAB Baltic logistic solutions,MATCH,"Baltic Logistic Solutions, UAB",301353547,LT100003677319,-,,http://www.bls.lt,Rolandas Plieda,direktorius,938,"Alšėnų g. 10, Kampiškių k., Kauno r.",Kauno r.,LT-53303,Logistikos paslaugos; Ekspedijavimas; Sandėliavimas; Transporto paslaugos,https://rekvizitai.vz.lt/imone/baltic_logistic_solutions/,52-12,1,GEN (General activity establishment - EU),CS - Cold Stores,"Alšėnų g. 8, 12, Kampiškiai, Kauno r.",Alšėnai,Kaunas County,Lithuania,,,,
285,UAB Bandymas,NO_MATCH,,,,,,,,,,,,,,,KDS3298736,1,"MMP (Raw milk, dairy products, colostrum and colostrum-based products)",CC - Collection Centre,Gatvės g. 15-36,Vilnius,Vilnius County,Lithuania,,,,
286,UAB Bardra,MATCH,"Bardra, UAB",165786687,LT657866811,+370 5 2641500,,http://www.bardra.lt,Antanas Bartkus,direktorius,2,"Trakiškių k., Marijampolė",Marijampolė,,"Pienas, pieno produktai",https://rekvizitai.vz.lt/imone/bardra/,LT 01-39,1,"MMP (Raw milk, dairy products, colostrum and colostrum-based products)",PP - Processing Plant,Sandėlių g. 38,Vilnius,Vilnius County,Lithuania,,,,
287,UAB Bidfood Lietuva,MATCH,"Bidfood Lietuva, UAB",134048864,LT340488610,+370 37 490790,,http://www.bidfood.lt,Ramūnas Makutėnas,generalinis direktorius,139,"Erdvės g. 6, Ramučių k., LT-52114 Kauno r.",Kauno r.,LT-52114,"Maisto produktai; Logistikos paslaugos; Mažmeninė prekyba; Žuvininkystė, žuvies produktai",https://rekvizitai.vz.lt/imone/nowaco_lietuva/,LT52-26,1,GEN (General activity establishment - EU),CS - Cold Stores; WM - Wholesale Market,"Erdvės g. 6,  Ramučių km., LT-52114 Kauno raj, Lithuania",Ramučių k.,Kaunas County,Lithuania,,,,
288,UAB Bravopasta,MATCH,"Bravopasta, UAB",304912148,LT100011863618,+370 699 20600,,,Rimantė Adomavičienė,direktorė,4,"Centrinė g. 21, Pikutiškių k., Vilniaus r.",Vilniaus r.,LT-14300,Maisto parduotuvės,https://rekvizitai.vz.lt/imone/bravopasta/,LT 41-16,1,"MM (Minced meat, meat preparations and mechanically separated meat – MM, MP, MSM)",MP - Meat Preparation Plant,Centrinė g. 21,Pikutiškės,Vilnius County,Lithuania,,,,
289,UAB Brolių rūkykla,NO_MATCH,,,,,,,,,,,,,,,LT 41-018 Ž,1,FFP (Fishery products - EU),FFPP - Fresh Fishery Products Plant,A. Mickevičiaus g. 56,Papiškės,Vilnius County,Lithuania,,,,
290,UAB Bruišė,MATCH,"UAB ""Bruišė""",302880125,LT100008301912,+370 608 73949,,,Virginija Chudijašienė,direktorė,13,"J. Janonio g. 9A, Panevėžys",Panevėžys,LT-35101,Turgavietės,https://rekvizitai.vz.lt/imone/bruise/,LT27-08 EB,1,FFP (Fishery products - EU),PP - Processing Plant,Janonio g. 9A,Panevežys,Panevezys County,Lithuania,,,,
291,UAB Bruknė,MATCH,"Bruknė, UAB",133460861,LT334608610,+370 699 54662,,,Dalius Motiejūnas,direktorius,2,"Laukuvos g. 63, LT-47417 Kaunas",Kaunas,LT-47417,"Maisto parduotuvės; Maisto produktai; Mažmeninė prekyba; Pienas, pieno produktai",https://rekvizitai.vz.lt/imone/brukne/,190010308,1,GEN (General activity establishment - EU),WM - Wholesale Market,"V.Krėvės pr. 43, Kaunas",Kaunas,Kaunas County,Lithuania,,,,
292,UAB CANTALE,NO_MATCH,,,,,,,,,,,,,,,18-16,1,RM (Meat of domestic ungulates),SH - Slaughterhouse,"Sasnos g. 5, Kantališkių k., Sasnavos sen., Marijampolės sav.",Kantališkiai,Marijampole County,Lithuania,,,,
293,UAB COMFORT FOODS,MATCH,"Comfort foods, UAB",306381080,LT100016281110,+370 656 56693,,,Paulius Baltrušaitis,,5,"Jono Biliūno g. 1, Samylų k., Kauno r.",Kauno r.,,Maisto gamyba,https://rekvizitai.vz.lt/imone/comfort_foods/,52-44,2,"MM (Minced meat, meat preparations and mechanically separated meat – MM, MP, MSM) | RPM (Meat products)",MP - Meat Preparation Plant | PP - Processing Plant,"Kauno r. sav., Samylų sen., Samylų k., J. Biliūno g. 1",Samylai,Kaunas County,Lithuania,,,,
294,UAB Camargo,MATCH,"Camargo, UAB",111595098,LT115950917,(85)2696446,,http://www.camargo.lt,Marius Andrijauskas,,84,"Pakalnės g. 11, Bezdonys, LT-15201 Vilniaus r.",Vilniaus r.,LT-15201,Maisto produktai; Antrinės žaliavos; Maisto gamybos ir perdirbimo įrengimai; Miško gėrybės,https://rekvizitai.vz.lt/imone/camargo/,LT 41-03 EB,1,FLS (Frogs' legs and snails),PP - Processing Plant,"Pakalnės g. 7, Bezdonys",Bezdonys,Vilnius County,Lithuania,,,,
295,UAB Cesta,MATCH,"Cesta, UAB",122007945,LT220079417,+370 5 2469898,,http://www.cesta.lt,Jan Belkevič,direktorius,193,"Riešės g. 10, Riešės k., LT-14266 Vilniaus r.",Vilniaus r.,LT-14266,"Mėsa, mėsos produktai; Gamyba; Gyvuliai, žvėrys, paukščiai ir jų veisimas; Maisto produktai",https://rekvizitai.vz.lt/imone/cesta/,LT 41-05; LT67-14 EB; LT 41-05 EB,4,"MM (Minced meat, meat preparations and mechanically separated meat – MM, MP, MSM) | RM (Meat of domestic ungulates) | PM (Meat from poultry and lagomorphs) | GM (Meat of farmed game)",MP - Meat Preparation Plant; MM - Minced Meat Plant | SH - Slaughterhouse | SH - Slaughterhouse; CP - Cutting Plant,Riešės g. 10,Riešė,Vilnius County,Lithuania,,,,
296,UAB DAIGINTRAS,MATCH,"Daigintras, UAB",135994757,LT359947515,+370 616 43646,,,Daiva Juodelienė,direktorė,5,"Partizanų g. 55-16, LT-49285 Kaunas",Kaunas,LT-49285,"Mėsa, mėsos produktai; Gyvuliai, žvėrys, paukščiai ir jų veisimas; Maisto produktai",https://rekvizitai.vz.lt/imone/daigintras/,520000992,1,GEN (General activity establishment - EU),WM - Wholesale Market,"Kauno apskr. Kauno r. sav., Ringaudų sen., Virbališkių k., Verslo g. 3",Dievogalos k.,Kaunas County,Lithuania,,,,
297,UAB DAIGITA,MATCH,"UAB ""Daigita""",302621521,LT100006113317,+370 602 48727,,http://www.rogama.lt,Donatas Racius,,14,"Atgimimo g. 2, Naujasis Obelynas, LT-75202 Šilalės r.",Šilalės r.,LT-75202,"Šaldyti maisto produktai; Maisto gamyba; Maisto produktai; Mėsa, mėsos produktai",https://rekvizitai.vz.lt/imone/daigita/,87-02,1,RPM (Meat products),PP - Processing Plant,"Atgimimo g. 2, 75202 Naujasis Obelynas, Upynos sen., Šilalės r. sav.",Šilalė,Taurage County,Lithuania,,,,
298,UAB DAISENA,MATCH,"Daisena, UAB",134809846,LT348098419,+370 37 473300,,http://www.daisena.lt,Andrius Linauskas,,88,"Sandraugos g. 23, LT-52102 Kaunas",Kaunas,LT-52102,"Gėrimai (nealkoholiniai); Interneto parduotuvės; Konditerija, saldumynai; Maisto produktai",https://rekvizitai.vz.lt/imone/daisena/,190000223,1,GEN (General activity establishment - EU),WM - Wholesale Market,"SANDRAUGOS 23, Kaunas",Kaunas,Kaunas County,Lithuania,,,,
299,UAB DAIVIDA,MATCH,"Daivida, UAB",173113092,LT731130917,+370 458 51575,,http://www.rokiskiomesine.lt,Justinas Kanopa,generalinis direktorius,279,"Ąžuolų g. 21, LT-42135 Rokiškis",Rokiškis,LT-42135,Maisto produktai,https://rekvizitai.vz.lt/imone/daivida/,73-09,1,RPM (Meat products),PP - Processing Plant,Ąžuolų g.21,Rokiškis,Panevezys County,Lithuania,,,,
300,UAB DARVĖJA    LT 71-03,NO_MATCH,,,,,,,,,,,,,,,303063941,1,FLS (Frogs' legs and snails),PP - Processing Plant,"ŽVEJŲ  10, ŠEDUVA, RADVILIŠKIO RAJ.",Šeduva,Siauliai County,Lithuania,,,,
301,UAB DELIKATESAS,MATCH,"Delikatesas 1937, UAB",306974401,LT100017146212,+370 617 27430,,https://delikatesas.lt/,Skaidra Užkurienė,direktorė,188,"V. Kudirkos g. 2, LT-84133 Joniškis",Joniškis,LT-84133,"Mėsa, mėsos produktai; Maisto gamyba; Maisto produktai",https://rekvizitai.vz.lt/imone/delikatesas_1937/,LT-47-26,1,RPM (Meat products),PP - Processing Plant,V.Kudirkos g.2,Joniškis,Siauliai County,Lithuania,,,,
302,UAB DILMERA,MATCH,"UAB ""Dilmera""",300960658,LT100003386914,+370 686 49190,,http://www.kiausiniai.lt,Gytis Lalas,,7,"Europos pr. 5, Kaunas",Kaunas,LT-46329,Maisto produktai,https://rekvizitai.vz.lt/imone/uab_dilmera/,190003699,1,GEN (General activity establishment - EU),WM - Wholesale Market,"Kauno apskr. Kauno m. sav., Kaunas, Partizanų g. 15",Kaunas,Kaunas County,Lithuania,,,,
303,UAB DIVAKS,MATCH,"Divaks, UAB",305440490,LT100012991110,+370 612 99200,,https://www.divaks.com,,,,"Vinco Kudirkos g. 22-12, Vilnius",Vilnius,LT-01113,"Tyrimai, ekspertizės; Maisto gamyba",https://rekvizitai.vz.lt/imone/divaks/,01-47,1,GEN (General activity establishment - EU),WM - Wholesale Market,"Pulko g. 2, Vilnius",Vilnius,Vilnius County,Lithuania,,,,
304,UAB DORA,MATCH,"Dora, UAB",144360296,LT443602917,+370 41 504456,,http://www.dorurankudarbo.lt/,Mantas Žilinskas,direktorius,44,"Kauno g. 16, LT-78103 Šiauliai",Šiauliai,LT-78103,"Mėsa, mėsos produktai; Gamyba; Maisto gamyba; Maisto produktai",https://rekvizitai.vz.lt/imone/dora/,LT29-04,1,RPM (Meat products),PP - Processing Plant,Kauno g. 16,Šiauliai,Siauliai County,Lithuania,,,,
305,UAB DR. OETKER LIETUVA,NO_MATCH,,,,,,,,,,,,,,,520001734,1,GEN (General activity establishment - EU),WM - Wholesale Market,"Kauno apskr., Kauno r. sav., Karmėlavos sen., Ramučių k., Erdvės g. 47",Kaunas,Kaunas County,Lithuania,,,,
306,UAB DVARO MĖSA,MATCH,"Dvaro mėsa, UAB",304168379,LT100010325315,+370 620 88111,,http://www.dvaromesa.lt,,,24,"Olakalnio g. 25A, Bendrių k., LT-64234 Alytus",Alytus,LT-64234,"Mėsa, mėsos produktai; Didmeninė prekyba; Gamyba; Maisto parduotuvės",https://rekvizitai.vz.lt/imone/dvaro_mesa/,LT 33-06 EB,1,RPM (Meat products),PP - Processing Plant,Olakalnio g. 25A,Bendrės,Alytus County,Lithuania,,,,
307,UAB Dainiai,MATCH,"Dainiai, UAB",158203935,LT582039314,+370 447 70210,,,Kasparas Jurevičius,direktorius,108,"Eržvilko g. 7, Dainių k., Jurbarko r.",Jurbarko r.,LT-74202,"Gyvuliai, žvėrys, paukščiai ir jų veisimas; Maisto produktai; Mažmeninė prekyba; Mėsa, mėsos produktai",https://rekvizitai.vz.lt/imone/dainiai/,LT94-16 EB; LT94-16EB,3,"MM (Minced meat, meat preparations and mechanically separated meat – MM, MP, MSM) | RM (Meat of domestic ungulates) | RPM (Meat products)",MP - Meat Preparation Plant; MM - Minced Meat Plant | SH - Slaughterhouse; CP - Cutting Plant | PP - Processing Plant,Eržvilko g. 7,Dainiai,Taurage County,Lithuania,,,,
308,UAB Dairy experts,MATCH,"Dairy experts, UAB",302910173,LT100008142019,+370 616 18088,,,Domininkas Kašys,direktorius,2,"Vilniaus g. 2A, Senosios Varėnos k., LT-65487 Varėnos r.",Varėnos r.,LT-65487,Konsultacijų paslaugos,https://rekvizitai.vz.lt/imone/eastern_invest/,38-07,1,GEN (General activity establishment - EU),RW - Re-wrapping Establishment,Vilniaus g. 2A,Senoji Varėna,Alytus County,Lithuania,,,,
309,UAB DairyHub.LT,MATCH,"Dairyhub.lt, UAB",305831304,LT100014792611,+370 616 92633,,,Darius Norkus,direktorius,58,"Kauno g. 65, LT-20125 Ukmergė",Ukmergė,LT-20125,Didmeninė prekyba,https://rekvizitai.vz.lt/imone/dairyhub_lt/,LT 81-08P,1,"MMP (Raw milk, dairy products, colostrum and colostrum-based products)",PP - Processing Plant,"Vilniaus apskr., Ukmergės r. sav., Ukmergės miesto sen., Ukmergė, Kauno g. 65",Ukmergė,Vilnius County,Lithuania,,,,
310,UAB Dargita tau,MATCH,"Dargita tau, UAB",304528382,LT100010944915,+370 37 249221,,,Lukas Gudeliūnas,,40,"Striaunės g. 22, LT-46128 Kaunas",Kaunas,LT-46128,"Mėsa, mėsos produktai; Gamyba; Maisto gamyba",https://rekvizitai.vz.lt/imone/dargita_tau/,19-07,3,"MM (Minced meat, meat preparations and mechanically separated meat – MM, MP, MSM) | RM (Meat of domestic ungulates) | RPM (Meat products)",MP - Meat Preparation Plant; MM - Minced Meat Plant | CP - Cutting Plant | PP - Processing Plant,"Samylų g. 17, Kaunas",Kaunas,Kaunas County,Lithuania,,,,
311,UAB Delikana,MATCH,"Delikana, UAB",301170097,LT100003562213,+370 655 60708,,http://delikana.lt,Laimonas Teresa,direktorius,19,"Tvenkinio g. 55, Neveronių k., Kauno r.",Kauno r.,LT-54478,"Mėsa, mėsos produktai",https://rekvizitai.vz.lt/imone/uab_delikana/,190011997; 190012368; 190010671,1,GEN (General activity establishment - EU),WM - Wholesale Market,"Europos pr. 38, Kaunas",Kaunas,Kaunas County,Lithuania,,,,
312,UAB Delikatesai,MATCH,"Delikatesai, UAB",301737843,LT100004112610,+370 656 25458,,http://www.uzupiokrautuve.lt,Edita Skripkaitė,,6,"Užupio g. 23, Vilnius",Vilnius,LT-01202,Maisto parduotuvės; Maisto produktai; Mažmeninė prekyba,https://rekvizitai.vz.lt/imone/uzupio_krautuvele_delikatesai_parduotuve/,520001709,1,GEN (General activity establishment - EU),WM - Wholesale Market,"Marijampolės g. 27, Pagiriai, Garliavos sen., Kauno r.",Pagiriai,Kaunas County,Lithuania,,,,
313,UAB EDEGA,MATCH,"Edega, UAB",156718630,LT567186314,+370 349 73144,,http://www.edega.com,Egidijus Tamošiūnas,direktorius,56,"Šaudyklos g. 6, Rukla, LT-55291 Jonavos r.",Jonavos r.,LT-55291,"Žuvininkystė, žuvies produktai; Gamyba",https://rekvizitai.vz.lt/imone/edega/,46-17,2,FFP (Fishery products - EU) | GEN (General activity establishment - EU),PP - Processing Plant | CS - Cold Stores,"Kauno apskr. Jonavos r. sav., Ruklos sen., Rukla, Šaudyklos g. 6",Rukla,Kaunas County,Lithuania,,,,
314,UAB EIRIMĖ IR KO,MATCH,"Eirimė ir Ko, UAB",134982652,LT349826515,+370 699 55732,,http://eirime.lt,,,1,"Raudondvario pl. 101, LT-47184 Kaunas",Kaunas,LT-47184,"Didmeninė prekyba; Eksportas; Maisto gamybos ir perdirbimo įrengimai; Mėsa, mėsos produktai",https://rekvizitai.vz.lt/imone/eirime_ir_ko/,190002141,1,GEN (General activity establishment - EU),WM - Wholesale Market,"Kauno apskr. Kauno m. sav., Kaunas, Raudondvario pl. 101",Kaunas,Kaunas County,Lithuania,,,,
315,UAB ELITEX BALTIC,MATCH,"Elitex Baltic, UAB",303169040,LT100008101516,+370 620 40100,,http://milkmarket.lt,Edvinas Sirius,direktorius,5,"Miško g. 30-35, Kaunas",Kaunas,LT-44313,"Pienas, pieno produktai",https://rekvizitai.vz.lt/imone/elitex_baltic/,190010874,1,GEN (General activity establishment - EU),WM - Wholesale Market,"Kauno apskr. Kauno m. sav., Kaunas, Europos pr. 38",Kaunas,Kaunas County,Lithuania,,,,
316,UAB EMERTA,MATCH,"UAB ""EMERTA""",302788698,LT100007077615,+370 615 35407,,http://www.auginksraiges.lt,Natalija Pronckienė,direktorė,1,"Paskardiškio k. 3, Paskardiškio k., LT-32212 Zarasų r.",Zarasų r.,LT-32212,"Žemės ūkis, paslaugos; Maisto produktai",https://rekvizitai.vz.lt/imone/emerta/,43-03,1,FLS (Frogs' legs and snails),PP - Processing Plant,"Paskardiškis, Salako sen., Zarasų r. sav.",Paskardiškis,Utena County,Lithuania,,,,
317,UAB EMSI,MATCH,"Emsi, UAB",120643955,LT206439515,+370 5 2159780,,http://www.emsi.lt,Jurgita Šindeikė,direktorė,347,"Savanorių pr. 225, LT-02300 Vilnius",Vilnius,LT-02300,"Kuras, naftos produktai, degalinės; Kavinės, klubai, barai, restoranai; Mažmeninė prekyba",https://rekvizitai.vz.lt/imone/emsi/,LT 41-015 Ž,1,FFP (Fishery products - EU),PP - Processing Plant,Bukiškio k.,Bukiškis,Vilnius County,Lithuania,,,,
318,UAB EUGESTA,MATCH,"Eugesta, UAB",121539735,LT215397314,+370 5 2397739,,http://www.eugesta.lt,Kęstutis Stabingis,,460,"Veisiejų g. 135, LT-02236 Vilnius",Vilnius,LT-02236,Didmeninė prekyba; Logistikos paslaugos; Maisto produktai; Transporto paslaugos,https://rekvizitai.vz.lt/imone/eugesta/,LT 01-33 EB,1,GEN (General activity establishment - EU),WM - Wholesale Market; CS - Cold Stores,Veisiejų g. 135,Vilnius,Vilnius County,Lithuania,,,,
319,UAB Eiginta,MATCH,"Eiginta, UAB",133437510,LT334375113,+370 37 342466,,http://www.silas.lt,Donatas Murauskas,,570,"Jonavos g. 282, Kaunas",Kaunas,LT-44131,Maisto parduotuvės; Maisto gamyba; Maisto produktai; Mažmeninė prekyba,https://rekvizitai.vz.lt/imone/eiginta/,19-03,3,"MM (Minced meat, meat preparations and mechanically separated meat – MM, MP, MSM) | RM (Meat of domestic ungulates) | RPM (Meat products)",MM - Minced Meat Plant; MP - Meat Preparation Plant | CP - Cutting Plant | PP - Processing Plant,"Panerių g., 58, Kaunas",Kaunas,Kaunas County,Lithuania,,,,
320,UAB Eigirdžių agrofirma,MATCH,UAB Eigirdžių agrofirma,180255117,LT802551113,+370 444 41538,,,Rimantas Lapinskas,direktorius,46,"Telšės g. 11, Eigirdžių k., LT-88127 Telšių r.",Telšių r.,LT-88127,"Gyvuliai, žvėrys, paukščiai ir jų veisimas",https://rekvizitai.vz.lt/imone/eigirdziu_agrofirma/,LT 78-02 EB,1,RM (Meat of domestic ungulates),SH - Slaughterhouse,Telšės g.11,Eigirdžiai,Telsiai County,Lithuania,,,,
321,UAB Eko pirk,MATCH,"UAB ""EKO PIRK""",302454360,LT100005011712,+370 687 04564,,http://www.amritawholesale.com,Jurgita Mackevičienė,,17,"Senasis Ukmergės kel. 307, LT-14247 Vilniaus r.",Vilniaus r.,LT-14247,Sveiki produktai; Didmeninė prekyba; Maisto gamyba; Maisto produktai,https://rekvizitai.vz.lt/imone/uab_eko_pirk/,LT 01-37 P,1,"MMP (Raw milk, dairy products, colostrum and colostrum-based products)",PP - Processing Plant,Mokslininkų g. 6A,Vilnius,Vilnius County,Lithuania,,,,
322,UAB Eladus,MATCH,"Eladus, UAB",302571125,LT100007696710,+370 607 94445,,https://www.eladus.lt,Aurimas Zimnickas,direktorius,4,"Architektų g. 10-41, Vilnius",Vilnius,LT-04119,Didmeninė prekyba,https://rekvizitai.vz.lt/imone/eladus/,LT 01-06,1,GEN (General activity establishment - EU),CS - Cold Stores,Titnago g. 8B,Vilnius,Vilnius County,Lithuania,,,,
323,UAB Euribija,MATCH,"UAB ""Euribija""",302775811,LT100006842315,+370 609 05244,,http://www.euribija.lt,Saulius Gabertas,,4,"Taikos pr. 94, LT-51179 Kaunas",Kaunas,LT-51179,"Žuvininkystė, žuvies produktai; Didmeninė prekyba; Maisto produktai; Mažmeninė prekyba",https://rekvizitai.vz.lt/imone/euribija/,190010807,2,FFP (Fishery products - EU) | GEN (General activity establishment - EU),WM - Wholesale Market,"Taikos pr. 94, Kaunas",Kaunas,Kaunas County,Lithuania,,,,
324,UAB Eurilata,MATCH,"Eurilata, UAB",125955040,LT259550418,+370 631 66566,,,Roman Ozarovskij,direktorius,36,"Šumsko pl. 231, Verbuškių k., LT-13133 Vilniaus r.",Vilniaus r.,LT-13133,"Mėsa, mėsos produktai; Didmeninė prekyba; Maisto produktai",https://rekvizitai.vz.lt/imone/eurilata/,LT 41-10,2,"MM (Minced meat, meat preparations and mechanically separated meat – MM, MP, MSM) | RPM (Meat products)",MM - Minced Meat Plant; MP - Meat Preparation Plant | PP - Processing Plant,Pikeliškių g. 2,Pikeliškės,Vilnius County,Lithuania,,,,
325,UAB Euroginta,MATCH,"Euroginta, UAB",303317069,LT100009409112,+370 687 10970,,,Grigorij Gotoveckij,direktorius,7,"Adomo Mickevičiaus g. 58, Papiškių k., Vilniaus r.",Vilniaus r.,LT-06292,"Mėsa, mėsos produktai",https://rekvizitai.vz.lt/imone/euroginta/,LT 41-014 M,1,PM (Meat from poultry and lagomorphs),SH - Slaughterhouse,A. Mickevičiaus g. 58,Papiškės,Vilnius County,Lithuania,,,,
326,UAB Europe eggs,NO_MATCH,,,,,,,,,,,,,,,68-04,1,EEP (Eggs and egg products),EPC - Egg-packing Centre,"Birutės sgk. 5, Plungės r. sav.",Maceniai,Telsiai County,Lithuania,,,,
327,UAB FISHNET,MATCH,"FishNet, UAB",304140344,LT100009879411,+370 606 09575,,http://www.fishnet.lt,Vaidas Juodis,direktorius,12,"Tarpupio g. 29, Mamavio k., LT-21169 Trakų r.",Trakų r.,LT-21169,"Žuvininkystė, žuvies produktai",https://rekvizitai.vz.lt/imone/fishnet/,LT 79-09,1,FFP (Fishery products - EU),FFPP - Fresh Fishery Products Plant,Tarpupio g. 29,Mamavio k.,Vilnius County,Lithuania,,,,
328,UAB FORSIJA,MATCH,"Forsija, UAB",110607697,LT106076917,+370 37 338932,,http://www.forsija.lt,Mindaugas Kalvaitis,direktorius,14,"Taikos pr. 106A, LT-51167 Kaunas",Kaunas,LT-51167,Logistikos paslaugos; Automobilių prekyba; Transporto paslaugos,https://rekvizitai.vz.lt/imone/forsija/,190014225,1,GEN (General activity establishment - EU),WM - Wholesale Market,"Taikos pr. 106A, Kaunas, Lietuva",Kaunas,Kaunas County,Lithuania,,,,
329,UAB FRUSELA,MATCH,"Frusela, UAB",302498823,LT100005321214,+370 37 730585,,http://www.frusela.lt,Tomas Žukauskas,,27,"Gedimino g. 110, Kupiškis",Kupiškis,LT-40134,Gamyba; Logistikos paslaugos; Transporto paslaugos,https://rekvizitai.vz.lt/imone/lautransa/,LT57-01P EB,1,"MMP (Raw milk, dairy products, colostrum and colostrum-based products)",PP - Processing Plant,"GEDIMINO 110, Kupiškis, LT-40134",Kupiškis,Panevezys County,Lithuania,,,,
330,UAB Farmers Circle,MATCH,"Farmers Circle, UAB",304827114,LT100011589915,+370 650 80943,,http://www.farmerscircle.lt,Niels Peter Pretzmann,,15,"Žirgyno g. 1, Radiškio k., Ukmergės r.",Ukmergės r.,LT-20364,"Žemės ūkis, paslaugos; Daržininkystė, sodininkystė; Gyvuliai, žvėrys, paukščiai ir jų veisimas",https://rekvizitai.vz.lt/imone/farmers_circle/,LT 81-002 K,1,EEP (Eggs and egg products),PP - Processing Plant,"Žirgyno g. 1, Radiškis, Žemaitkiemio sen.",Radiškis,Vilnius County,Lithuania,,,,
331,UAB Farmers circle processing,MATCH,"Farmers circle processing, UAB",307536765,LT100019484417,+370 650 80943,,,Niels Peter Pretzmann,direktorius,7,"J. Basanavičiaus g. 26, LT-03224 Vilnius",Vilnius,LT-03224,"Mėsa, mėsos produktai; Maisto gamyba; Maisto produktai",https://rekvizitai.vz.lt/imone/farmers_circle_processing/,81-12,5,"MM (Minced meat, meat preparations and mechanically separated meat – MM, MP, MSM) | WM (Wild game meat) | GEN (General activity establishment - EU) | RM (Meat of domestic ungulates) | RPM (Meat products)",MP - Meat Preparation Plant; MM - Minced Meat Plant | CP - Cutting Plant | CS - Cold Stores | CP - Cutting Plant; SH - Slaughterhouse | PP - Processing Plant,"Žirgyno g. 11, Radiškio k., Žemaitkiemio sen., Ukmergės r. sav.",Radiškis,Vilnius County,Lithuania,,,,
332,UAB Food haus,MATCH,"Food haus, UAB",306111284,LT100015457418,+370 666 01777,,,Andrej Laveikin,,32,"Konstitucijos g. 18B, LT-09308 Vilnius",Vilnius,LT-09308,Patentinės paslaugos,https://rekvizitai.vz.lt/imone/food_haus/,LT 01-47,2,"MM (Minced meat, meat preparations and mechanically separated meat – MM, MP, MSM) | FFP (Fishery products - EU)",MP - Meat Preparation Plant | PP - Processing Plant,"Pramonės g. 141, Vilniaus m. sav.",Vilnius,Vilnius County,Lithuania,,,,
333,UAB Foodlevel,MATCH,"Foodlevel, UAB",305622137,LT100013402611,+370 600 87434,,https://www.foodlevel.eu,Andrius Boguševičius,direktorius,56,"Liepsnos g. 4, Vilnius",Vilnius,LT-03154,Maisto produktai; Didmeninė prekyba,https://rekvizitai.vz.lt/imone/foodlevel/,LT 01-02,1,FFP (Fishery products - EU),WM - Wholesale Market,Liepsnos g. 4,Vilnius,Vilnius County,Lithuania,,,,
334,UAB Frigolita,MATCH,"Frigolita, UAB",145890372,LT458903716,+370 41 503510,,http://www.frigolita.lt,Eduardas Balsys,direktorius,5,"Dvaro g. 162G, LT-76197 Šiauliai",Šiauliai,LT-76197,"Sandėliavimas; Logistikos paslaugos; Muitinių paslaugos, muitinės; Nekilnojamasis turtas",https://rekvizitai.vz.lt/imone/frigolita/,LT 29-03 EB,1,GEN (General activity establishment - EU),RW - Re-wrapping Establishment; WM - Wholesale Market; CS - Cold Stores,Dvaro g. 162G,Šiauliai,Siauliai County,Lithuania,,,,
335,UAB Fudo,MATCH,"Fudo, UAB",110770819,LT107708113,+370 37 451717,,http://www.fudo.lt,Mantas Bernotavičius,generalinis direktorius,85,"Taikos pr. 96, LT-51178 Kaunas",Kaunas,LT-51178,"Sandėliavimas; Maisto produktai; Muitinių paslaugos, muitinės",https://rekvizitai.vz.lt/imone/fudo/,19-37,1,GEN (General activity establishment - EU),CS - Cold Stores,Taikos pr. 96,Kaunas,Kaunas County,Lithuania,,,,
336,UAB GENBA FOOD,MATCH,"UAB ""Genba Food""",302206532,LT100004390716,+370 37 210540,,http://www.genbafood.lt,Nerijus Budreckis,,8,"Alšėnų g. 2A, Kaunas",Kaunas,LT-46394,"Maisto produktai; Mėsa, mėsos produktai",https://rekvizitai.vz.lt/imone/uab_genba_food/,520000716,1,GEN (General activity establishment - EU),WM - Wholesale Market,"Kauno apskr. Kauno r. sav., Garliavos sen., Pagirių k., Marijampolės g. 27",Pagiriai,Kaunas County,Lithuania,,,,
337,UAB GERANTA IR PARTNERIAI,MATCH,"Geranta ir partneriai, UAB",279876220,LT798762219,+370 446 61559,,,Aušra Malkevičienė,direktorius,13,"Gedimino g. 50, LT-72336 Tauragė",Tauragė,LT-72336,"Maisto produktai; Gamyba; Mažmeninė prekyba; Mėsa, mėsos produktai",https://rekvizitai.vz.lt/imone/geranta_ir_partneriai/,77-18,3,"MM (Minced meat, meat preparations and mechanically separated meat – MM, MP, MSM) | RM (Meat of domestic ungulates) | RPM (Meat products)",MM - Minced Meat Plant | CP - Cutting Plant | PP - Processing Plant,"Tauragės apskr., Tauragės r. sav., Tauragės miesto sen., Tauragė, Gedimino g. 50",Tauragė,Taurage County,Lithuania,,,,
338,UAB GODERUS,MATCH,"Goderus, UAB",305580446,LT100014035719,-,,,Oleksiy Tsymbalov,direktorius,1,"Perkūnkiemio g. 13-91, Vilnius",Vilnius,LT-12114,Konsultacijų paslaugos,https://rekvizitai.vz.lt/imone/goderus/,305580446,1,GEN (General activity establishment - EU),WM - Wholesale Market,MARTINAVOS G.8,Martinava,Kaunas County,Lithuania,,,,
339,UAB GURGUOLĖ,MATCH,"Gurguolė, UAB",304251017,LT100010159619,+370 686 22918,,,,,,"Taikos pr. 94, Kaunas",Kaunas,LT-51179,Maisto produktai,https://rekvizitai.vz.lt/imone/gurguole/,190009819,1,GEN (General activity establishment - EU),WM - Wholesale Market,"Kauno apskr. Kauno m. sav., Kaunas, Taikos pr. 94",Kaunas,Kaunas County,Lithuania,,,,
340,UAB GURMANO SAPNAS,NO_MATCH,,,,,,,,,,,,,,,520001565,1,GEN (General activity establishment - EU),WM - Wholesale Market,"Kauno apskr., Kauno r. sav., Garliavos apylinkių sen., Pagiriai, Marijampolės g. 27",Pagiriai,Kaunas County,Lithuania,,,,
341,UAB Galjana,MATCH,"Galjana, UAB",125373360,LT253733610,+370 5 2385513,,,Jan Gasiulevič,direktorius,20,"Untulių g. 6, LT-11112 Vilnius",Vilnius,LT-11112,"Maisto produktai; Gamyba; Mėsa, mėsos produktai",https://rekvizitai.vz.lt/imone/galjana/,LT 01-05 EB,2,"MM (Minced meat, meat preparations and mechanically separated meat – MM, MP, MSM) | RPM (Meat products)",MP - Meat Preparation Plant | PP - Processing Plant,Untulių g. 6,Vilnius,Vilnius County,Lithuania,,,,
342,UAB Garai,MATCH,"Garai, UAB",304063905,LT100009846314,+370 624 76556,,,Tomas Avdejevas,,2,"Jankiškių g. 43A, LT-02300 Vilnius",Vilnius,LT-02300,"Mėsa, mėsos produktai; Gamyba; Maisto gamyba",https://rekvizitai.vz.lt/imone/garai/,LT 01-19,1,RPM (Meat products),PP - Processing Plant,"Gariūnų g. 71, Vilnius",Vilnius,Vilnius County,Lithuania,,,,
343,UAB Gardumeli,MATCH,"Gardumeli, UAB",300549525,LT100002292412,+370 5 2040920,,http://www.gardumeli.com,Viačeslav Rožko,direktorius,41,"Retkonių g. 4, Vilnius",Vilnius,LT-11114,Maisto produktai; Eksportas; Gamyba; Maisto parduotuvės,https://rekvizitai.vz.lt/imone/uab_balzuva_ir_ko/,LT 01-03 EB; 01-10,2,GEN (General activity establishment - EU) | FLS (Frogs' legs and snails),WM - Wholesale Market; CS - Cold Stores | PP - Processing Plant,Arimų g. 35,Vilnius,Vilnius County,Lithuania,,,,
344,UAB Genetiniai ištekliai,MATCH,"Genetiniai ištekliai, UAB",304979983,LT100012088012,+370 687 77099,,,Audrius Zalatoris,direktorius,53,"Ėriškių g. 8, Upytės k., LT-38291 Panevėžio r.",Panevėžio r.,LT-38291,"Žemės ūkis, paslaugos",https://rekvizitai.vz.lt/imone/genetiniai_istekliai/,304979983,1,RM (Meat of domestic ungulates),CP - Cutting Plant; SH - Slaughterhouse,"Arimaičių g. 1, Pavartyčių k., Šeduvos miesto sen., Radviliškio r.",Pavartyčių k.,Siauliai County,Lithuania,,,,
345,UAB Gisnė LT,MATCH,"Gisnė LT, UAB",305173660,LT100012414519,+370 638 74188,,,Gintas Strumyla,direktorius,3,"Europos pr. 34-47, LT-46370 Kaunas",Kaunas,LT-46370,Maisto produktai,https://rekvizitai.vz.lt/imone/gisne_lt/,190012003,1,GEN (General activity establishment - EU),WM - Wholesale Market,"Draugystės g. 19, Kaunas",Kaunas,Kaunas County,Lithuania,,,,
346,UAB Globalfoodconnection,MATCH,"Globalfoodconnection, UAB",306106223,LT100015105618,+370 5 2561233,,http://www.globalfoodconnection.eu,,,7,"Paežerės g. 9, Ruklių k., Utenos r.",Utenos r.,LT-28404,Maisto produktai,https://rekvizitai.vz.lt/imone/globalfoodconnection/,82-10,1,GEN (General activity establishment - EU),CS - Cold Stores; RW - Re-wrapping Establishment,"Paežerės g. 9, Ruklių k., Daugailių sen., Utenos r. sav.",Nuodėguliai,Utena County,Lithuania,,,,
347,UAB Gonas,MATCH,"Gonas, UAB",303713353,LT100009197718,+370 619 29662,,http://www.nordian.eu,Mindaugas Pocius,,118,"Ližių g. 1, Ližių k., Tauragės r.",Tauragės r.,LT-72364,"Žuvininkystė, žuvies produktai; Gamyba",https://rekvizitai.vz.lt/imone/gonas/,77-10,1,FFP (Fishery products - EU),PP - Processing Plant,"Ližių g. 1, Ližių km., LT-72364 Tauragės r.",Tauragė,Taurage County,Lithuania,,,,
348,UAB Greita upė,MATCH,"Greita upė, UAB",305223070,LT100012804812,+370 655 56505,,,Marius Djačenko,direktorius,2,"Baltijos g. 65-22, Kaunas",Kaunas,LT-47136,"Pienas, pieno produktai; Maisto produktai",https://rekvizitai.vz.lt/imone/greita_upe/,19-20,1,"MMP (Raw milk, dairy products, colostrum and colostrum-based products)",PP - Processing Plant,Raudondvario pl. 76,Kaunas,Kaunas County,Lithuania,,,,
349,UAB Grialtis,MATCH,"Grialtis, UAB",221549310,LT215493113,+370 5 2388798,,,Albertas Grigalevičius,,10,"Geležinio Vilko g. 2, LT-03150 Vilnius",Vilnius,LT-03150,Maisto parduotuvės; Didmeninė prekyba; Maisto produktai; Šaldyti maisto produktai,https://rekvizitai.vz.lt/imone/grialtis_a_grigaleviciaus_prekybos_firma/,LT 01-26; LT 01-09 EB,1,GEN (General activity establishment - EU),CS - Cold Stores; WM - Wholesale Market,Geležinio Vilko g. 2,Vilnius,Vilnius County,Lithuania,,,,
350,UAB Griveta,MATCH,"Griveta, UAB",303306884,LT100008747310,+370 656 68007,,,Jūratė Paškevič,,4,"Eišiškių pl. 127, LT-02184 Vilnius",Vilnius,LT-02184,"Mėsa, mėsos produktai; Didmeninė prekyba; Gamyba; Maisto gamyba",https://rekvizitai.vz.lt/imone/griveta/,LT 41-19,1,"MM (Minced meat, meat preparations and mechanically separated meat – MM, MP, MSM)",MP - Meat Preparation Plant,Eglinės k.,Eglinė,Vilnius County,Lithuania,,,,
351,UAB Gyveta,MATCH,"Gyveta, UAB",300582144,LT100002514319,+370 45 589076,,,Asta Dobrovolskienė,direktorė,15,"Bobkalnio g. 23, LT-37450 Panevėžys",Panevėžys,LT-37450,"Mėsa, mėsos produktai; Didmeninė prekyba; Maisto produktai; Mažmeninė prekyba",https://rekvizitai.vz.lt/imone/gyveta/,LT66-01 EB,1,RM (Meat of domestic ungulates),SH - Slaughterhouse; CP - Cutting Plant,"Klevų g. 42A, Vaivadų k., Panevėžio r 
LT 38444",Vaivadai,Panevezys County,Lithuania,,,,
352,UAB HES-PRO VILNIUS,MATCH,"Hes-Pro Vilnius, UAB",300553267,LT100003047416,+370 608 00025,,,KARI JUHANI SALMELA,,1,"Ukmergės g. 238, LT-07160 Vilnius",Vilnius,LT-07160,"Kavinės, klubai, barai, restoranai",https://rekvizitai.vz.lt/imone/uab_hes_pro_vilnius/,33MTSPĮ-1079,1,GEN (General activity establishment - EU),WM - Wholesale Market,"Sodų g. 135, Tirkiliškių k., Alšėnų sen., Kauno r.",Tirkiliškiai,Kaunas County,Lithuania,,,,
353,UAB Handelshus,MATCH,"Handelshus, UAB",221412030,LT214120314,+370 622 77721,,http://www.handelshus.eu,Mantas Kelpšas,,34,"Dariaus ir Girėno g. 34A, LT-02189 Vilnius",Vilnius,LT-02189,"Maisto produktai; Kavinės, klubai, barai, restoranai; Maisto gamyba; Mažmeninė prekyba",https://rekvizitai.vz.lt/imone/pontem/,LT 01-29,1,GEN (General activity establishment - EU),WM - Wholesale Market; CS - Cold Stores,Savanorių pr. 180,Vilnius,Vilnius County,Lithuania,,,,
354,UAB Hantera,MATCH,"Hantera, UAB",302868735,LT100008405716,+370 601 88661,,http://hantera.lt,Arvidas Čėsna,direktorius,2,"Paežerės g. 5, Paluokės k., Plungės r.",Plungės r.,LT-90190,"Gyvuliai, žvėrys, paukščiai ir jų veisimas; Kaimo turizmas",https://rekvizitai.vz.lt/imone/hantera/,68-13,1,WM (Wild game meat),GHE - Game-Handling Establishment,"Paežerės g. 5, Paluokės k., Plungės r. sav.",Paluokė,Telsiai County,Lithuania,,,,
355,UAB ICECO žuvis,MATCH,"ICECO Žuvis, UAB",304096563,LT100009688710,+370 343 92745,,http://www.icecofish.com,Darius Grubys,direktorius,204,"Ledo g. 1, Liepynų k., Marijampolė",Marijampolė,LT-68126,"Žuvininkystė, žuvies produktai; Gamyba; Maisto produktai",https://rekvizitai.vz.lt/imone/iceco_zuvis/,LT 51-15 EB; 190011873; 520001880,2,FFP (Fishery products - EU) | GEN (General activity establishment - EU),PP - Processing Plant | WM - Wholesale Market,"Ledo g. 1, Liepynų k., LT-68126 Marijampolė",Liepynai,Marijampole County,Lithuania,,,,
356,UAB IMLITEX,MATCH,"Imlitex, UAB",134004743,LT340047413,+370 37 322047,,http://www.imlitex.com,Raimondas Augustinas,,54,"Europos pr. 124, LT-46351 Kaunas",Kaunas,LT-46351,Energetika; Didmeninė prekyba; Eksportas,https://rekvizitai.vz.lt/imone/imlitex/,190008791,1,GEN (General activity establishment - EU),WM - Wholesale Market,"Kauno apskr., Kauno m. sav., Kaunas, Europos pr. 38",Kaunas,Kaunas County,Lithuania,,,,
357,UAB INDAS RESOURCES,MATCH,"Indas Resources, UAB",304258442,LT100010523513,+370 621 22380,,,Olena Tovchyhrechko,direktorė,2,"T. Kosciuškos g. 24-7, LT-01100 Vilnius",Vilnius,LT-01100,"Pienas, pieno produktai",https://rekvizitai.vz.lt/imone/indas_resources/,304258442,1,GEN (General activity establishment - EU),WM - Wholesale Market; CS - Cold Stores,"Kauno apskr., Kauno r. sav., Karmėlavos sen., Biruliškių k., Terminalo g. 6",Biruliškės,Kaunas County,Lithuania,,,,
358,UAB Iceco trade,MATCH,"ICECO Trade, UAB",135577087,LT100003859919,+370 343 92745,,http://www.icecotrade.com,Evaldas Kazlauskis,direktorius,16,"Ledo g. 1, Liepynų k., Marijampolė",Marijampolė,LT-68126,"Maisto produktai; Šaldyti maisto produktai; Žuvininkystė, žuvies produktai",https://rekvizitai.vz.lt/imone/bfg_administracija/,190011854; 520001858,1,GEN (General activity establishment - EU),WM - Wholesale Market | CS - Cold Stores; WM - Wholesale Market,"B.Brazdžionio g. 21, Kaunas",Kaunas,Kaunas County,Lithuania,,,,
359,UAB JATKANČIŲ MĖSINĖ,MATCH,"Jatkančių mėsinė, UAB",179885955,LT798859515,+370 620 20080,,,,,22,"Jatkančių g. 11, Jatkančių k., LT-72105 Tauragės r.",Tauragės r.,LT-72105,"Maisto produktai; Gamyba; Mėsa, mėsos produktai",https://rekvizitai.vz.lt/imone/jatkanciu_mesine/,77-23,2,RM (Meat of domestic ungulates) | RPM (Meat products),CP - Cutting Plant | PP - Processing Plant,"Tauragės apskr., Tauragės r. sav., Tauragės sen., Jatkančių k.",Jatkančiai,Taurage County,Lithuania,,,,
360,UAB JONIŠKIO MĖSA,MATCH,"Joniškio mėsa, UAB",157590265,LT575902610,+370 618 29877,,,Airidas Kazimieraitis,direktorius,25,"Mokyklos g. 2, Gasčiūnų k., Joniškio r.",Joniškio r.,LT-84246,"Mėsa, mėsos produktai; Gamyba; Maisto produktai",https://rekvizitai.vz.lt/imone/v_kazimieraitienes_prekybos_imone/,LT 47-07,1,RPM (Meat products),PP - Processing Plant,"Mokyklos g. 2, Gasčiūnų k.",Joniškis,Siauliai County,Lithuania,,,,
361,UAB Jolada,MATCH,"Jolada, UAB",141089772,LT410897716,+370 387 52509,,,Rimantas Ruginis,direktorius,15,"Statybininkų g. 21, LT-18127 Švenčionys",Švenčionys,LT-18127,"Žuvininkystė, žuvies produktai; Gamyba",https://rekvizitai.vz.lt/imone/jolada/,86-09; 86-01,2,FFP (Fishery products - EU) | GEN (General activity establishment - EU),PP - Processing Plant | CS - Cold Stores,"Aukštaičių g. 33,Cirkliškis,Cirkliškio sen.,Švenčionių r. sav.",Cirkliškis,Vilnius County,Lithuania,,,,
362,UAB Judex,MATCH,"Judex, UAB",134494286,LT344942811,+370 37 342046,,http://www.judex.lt,Remigijus Kalinauskas,generalinis direktorius,93,"Europos pr. 96C, LT-46351 Kaunas",Kaunas,LT-46351,Maisto produktai; Didmeninė prekyba; Gamyba; Šaldyti maisto produktai,https://rekvizitai.vz.lt/imone/judex/,19-33,1,"MM (Minced meat, meat preparations and mechanically separated meat – MM, MP, MSM)",MP - Meat Preparation Plant,"Europos pr. 96C, Kaunas",Kaunas,Kaunas County,Lithuania,,,,
363,UAB Jurbarkų mėsa,MATCH,"Jurbarkų mėsa, UAB",158249726,LT582497219,+370 616 93373,,,,,28,"Daržų g. 10, Jurbarkų k., LT-74205 Jurbarko r.",Jurbarko r.,LT-74205,"Mėsa, mėsos produktai; Gamyba; Kavinės, klubai, barai, restoranai; Maisto produktai",https://rekvizitai.vz.lt/imone/jurbarku_mesa/,LT 94-04 EB,3,"MM (Minced meat, meat preparations and mechanically separated meat – MM, MP, MSM) | RM (Meat of domestic ungulates) | RPM (Meat products)",MP - Meat Preparation Plant; MM - Minced Meat Plant | SH - Slaughterhouse; CP - Cutting Plant | PP - Processing Plant,"Daržų g. 10, Jurbarkų k.,  Jurbarkų sen., Jurbarko r. sav., Tauragės apskr.",Jurbarkai,Taurage County,Lithuania,,,,
364,UAB Jurestos prekyba,NO_MATCH,,,,,,,,,,,,,,,LT 41-18 EB,1,RPM (Meat products),PP - Processing Plant,"Eglinės km., Marijampolio sen., Vilniaus raj.",Eglinė,Vilnius County,Lithuania,,,,
365,UAB Jurginų mėsa,MATCH,"Jurginų mėsa, UAB",304239919,LT100010143119,+370 655 66175,,,Ričardas Lukošius,direktorius,10,"Jurginų k. 12, Jurginų k., LT-20304 Ukmergės r.",Ukmergės r.,LT-20304,"Mėsa, mėsos produktai; Gamyba",https://rekvizitai.vz.lt/imone/jurginu_mesa/,LT 81-304 M,1,"MM (Minced meat, meat preparations and mechanically separated meat – MM, MP, MSM)",MP - Meat Preparation Plant,"Jurįginų k., Deltuvos sen.",Jurginai,Vilnius County,Lithuania,,,,
366,UAB KAIMIŠKAS DŪMAS,MATCH,"Kaimiškas dūmas, UAB",179479723,LT794797219,+370 446 46946,,,,,,"Dacijonai, LT-72365 Tauragės r.",Tauragės r.,LT-72365,"Maisto produktai; Gamyba; Mėsa, mėsos produktai",https://rekvizitai.vz.lt/imone/virginijos_pietarienes_gamybos_imone/,77-32,3,"MM (Minced meat, meat preparations and mechanically separated meat – MM, MP, MSM) | RM (Meat of domestic ungulates) | RPM (Meat products)",MM - Minced Meat Plant | CP - Cutting Plant | PP - Processing Plant,"Tauragės apskr., Tauragės r. sav., Tauragės sen., Dacijonai",Dacijonai,Taurage County,Lithuania,,,,
367,UAB KANRUGĖLĖ,MATCH,"Kanrugėlė, UAB",300037101,LT100001175612,+370 421 45920,,http://www.kanrugele.lt,Virgaudas Kanauka,,46,"Statybininkų g. 26A, Pakruojis",Pakruojis,LT-83182,"Mėsa, mėsos produktai; Gamyba; Maisto produktai",https://rekvizitai.vz.lt/imone/kanrugele/,LT65-01 EB,1,RPM (Meat products),PP - Processing Plant,Statybininkų g.26A,Pakruojis,Siauliai County,Lithuania,,,,
368,UAB KAUNO LOBIS,MATCH,"Kauno lobis, UAB",134824182,LT348241811,+370 37 352547,,http://www.busgeriau.lt,Robertas Jampolskis,direktorius,,"Baltijos g. 6-8, LT-48246 Kaunas",Kaunas,LT-48246,"Tepalai, alyvos; Metalų pardavimas, supirkimas; Santechnika; Šildymas, įrenginiai",https://rekvizitai.vz.lt/imone/kauno_lobis/,190001159,1,GEN (General activity establishment - EU),WM - Wholesale Market,"Kauno apskr. Kauno m. sav., Kaunas, Draugystės g. 19",Kaunas,Kaunas County,Lithuania,,,,
369,UAB KAUNO ŽUVIS,MATCH,"Kauno žuvis, UAB",134265348,LT342653412,+370 37 452446,,http://www.kaunozuvis.lt,Kęstutis Jurgilas,,21,"Taikos pr. 94, LT-51179 Kaunas",Kaunas,LT-51179,"Sandėliavimas; Žuvininkystė, žuvies produktai",https://rekvizitai.vz.lt/imone/kauno_zuvis/,190000408; LT 19-34,1,GEN (General activity establishment - EU),WM - Wholesale Market | CS - Cold Stores,"Kauno apskr., Kauno m. sav., Kaunas, Taikos pr. 94",Kaunas,Kaunas County,Lithuania,,,,
370,UAB KIAUŠINIŲ ŪKIS,MATCH,"Kiaušinių ūkis, UAB",304198493,LT100010018919,+370 614 93233,,,Albertas Veprauskas,direktorius,,"Maironio g. 6-1, LT-44302 Kaunas",Kaunas,LT-44302,"Gyvuliai, žvėrys, paukščiai ir jų veisimas; Maisto produktai",https://rekvizitai.vz.lt/imone/kiausiniu_ukis/,190010141,1,GEN (General activity establishment - EU),WM - Wholesale Market,"Kauno apskr. Kauno m. sav., Kaunas, Taikos pr. 94",Kaunas,Kaunas County,Lithuania,,,,
371,UAB KNYSLYS,MATCH,"Knyslys, UAB",135713740,LT357137418,+370 37 770176,,,Elena Mackevičienė,,9,"Kovo 11-osios g. 118-57, Kaunas",Kaunas,,Maisto parduotuvės; Mažmeninė prekyba,https://rekvizitai.vz.lt/imone/uab_knyslys/,190009287,1,GEN (General activity establishment - EU),WM - Wholesale Market,"Kauno apskr. Kauno m. sav., Kaunas, Pramonės pr. 16",Kaunas,Kaunas County,Lithuania,,,,
372,UAB KUNIONIŲ RŪKYKLĖLĖ,MATCH,"UAB ""Kunionių rūkyklėlė""",302696919,LT100006561312,+370 699 27686,,http://www.rukyklele.lt,Dainius Kižauskas,,5,"Liepų g. 1, Kunioniai, LT-58201 Kėdainių r.",Kėdainių r.,LT-58201,"Mėsa, mėsos produktai; Gamyba; Maisto produktai",https://rekvizitai.vz.lt/imone/kunioniu_rukyklele/,53-07,1,RPM (Meat products),PP - Processing Plant,"Liepų g., 1, Kunionių k., Josvainių sen., Kėdainių r",Kunioniai,Kaunas County,Lithuania,,,,
373,UAB KUŽIŲ MĖSA,MATCH,"UAB ""Kužių mėsa""",302736737,LT100007037919,+370 606 45812,,,Marija Irutė Kievišienė,direktorė,14,"Kaštonų g. 9, Gruzdžiai, LT-81419 Šiaulių r.",Šiaulių r.,LT-81419,Maisto produktai; Gamyba,https://rekvizitai.vz.lt/imone/kuziu_mesa/,LT91-01EB,1,RM (Meat of domestic ungulates),SH - Slaughterhouse,"Žalioji g. 2D, Amalių k., Kužių sen., Šiaulių r. LT-80263",Kužiai,Siauliai County,Lithuania,,,,
374,UAB Kadaginė,MATCH,"Kadaginė, UAB",304553318,LT100011081312,+370 663 64875,,https://kadagine.lt,,,20,"Molėtų pl. 283A, Varniškės, LT-15141 Vilniaus r.",Vilniaus r.,LT-15141,"Mėsa, mėsos produktai; Interneto parduotuvės; Maisto gamyba; Maisto produktai",https://rekvizitai.vz.lt/imone/kadagine/,LT 41-019 M,1,"MM (Minced meat, meat preparations and mechanically separated meat – MM, MP, MSM)",MP - Meat Preparation Plant,"Varniškių k. , Riešės sen., Vilniaus r.",Varniškė,Vilnius County,Lithuania,,,,
375,UAB Kaišiadorių paukštynas,MATCH,"Kaišiadorių paukštynas, AB",158891218,LT588912113,+370 346 51034,,http://www.paukstynas.eu,Saulius Petkevičius,generalinis direktorius,247,"Paukštininkų g. 15, LT-56110 Kaišiadorys",Kaišiadorys,LT-56110,"Gyvuliai, žvėrys, paukščiai ir jų veisimas; Didmeninė prekyba; Mėsa, mėsos produktai; Šaldyti maisto produktai",https://rekvizitai.vz.lt/imone/kaisiadoriu_paukstynas/,190011698,1,GEN (General activity establishment - EU),WM - Wholesale Market,"Taikos pr. 96, Kaunas",Kaunas,Kaunas County,Lithuania,,,,
376,UAB Kalėdienės ūkis,MATCH,"Kalėdienės ūkis, UAB",159620440,LT100013038112,+370 37 430370,,,Jūratė Oleinikienė,,7,"Dubravų g. 12, Šlienavos k., LT-53145 Kauno r.",Kauno r.,LT-53145,"Mėsa, mėsos produktai; Maisto produktai",https://rekvizitai.vz.lt/imone/n_kaledienes_ii/,52-02,1,RPM (Meat products),PP - Processing Plant,"Dubravų g.12, Šlienava, Kauno raj.",Šlienava,Kaunas County,Lithuania,,,,
377,UAB Kaminatrans,MATCH,"Kaminatrans, UAB",300042276,LT100001556411,+370 46 399419,,http://www.kaminatrans.lt,Paulius Vaigauskas,direktorius,19,"I. Kanto g. 16, LT-92237 Klaipėda",Klaipėda,LT-92237,Sandėliavimas; Logistikos paslaugos,https://rekvizitai.vz.lt/imone/kaminatrans/,LT 21-12 EB,1,GEN (General activity establishment - EU),WM - Wholesale Market; CS - Cold Stores,"Naujoji uosto 23, Klaipėda",Klaipėda,Klaipeda County,Lithuania,,,,
378,UAB Karališka kibininė,MATCH,Karališka kibininė UAB,302508865,LT100005392314,+370 659 08452,,http://kibinas.lt,Zinaida Juškienė,direktorė,131,"Logistikos g. 4, Sausiai, LT-21401 Trakų r.",Trakų r.,LT-21401,"Kavinės, klubai, barai, restoranai; Maistas į namus, biurą",https://rekvizitai.vz.lt/imone/karaliska_kibinine/,LT 79-06,1,"MM (Minced meat, meat preparations and mechanically separated meat – MM, MP, MSM)",MP - Meat Preparation Plant,Sausiai,Sausiai,Vilnius County,Lithuania,,,,
379,UAB Karališka žuvis,MATCH,"Karališka žuvis, UAB",304092458,LT100009690319,,,http://www.geroszuvies.lt,,,,"Santariškių g. 117-30, LT-08465 Vilnius",Vilnius,LT-08465,"Žuvininkystė, žuvies produktai; Gamyba; Maisto gamyba; Maisto produktai",https://rekvizitai.vz.lt/imone/karaliska_zuvis/,LT 41-09,2,FFP (Fishery products - EU) | GEN (General activity establishment - EU),FFPP - Fresh Fishery Products Plant | CS - Cold Stores,Prašiškių g. 53,Vanaginė,Vilnius County,Lithuania,,,,
380,UAB Karosas,NO_MATCH,,,,,,,,,,,,,,,LT 01-097 Ž,1,FFP (Fishery products - EU),PP - Processing Plant,Gariūnų g. 56,Vilnius,Vilnius County,Lithuania,,,,
381,UAB Kazena,MATCH,"Kazena, UAB",160285843,LT602858413,+370 37 563666,,,Romualdas Kalinauskas,direktorius,9,"Virbališkiai, Kauno r.",Kauno r.,,"Mėsa, mėsos produktai; Gamyba; Gyvuliai, žvėrys, paukščiai ir jų veisimas; Maisto produktai",https://rekvizitai.vz.lt/imone/kazena/,52-22,1,RM (Meat of domestic ungulates),CP - Cutting Plant,"Verslo g. 3, Virbališkių k., Ringaudų sen., Kauno raj.",Virbališkiai,Kaunas County,Lithuania,,,,
382,UAB Kelmės pienas,MATCH,"Kelmės pienas, UAB",305658215,LT100013728614,+370 427 61246,,https://vilvigroup.lt/,Eduardas Mačiulis,,217,"Raseinių g. 2, LT-86160 Kelmė",Kelmė,LT-86160,"Pienas, pieno produktai; Gamyba; Maisto produktai",https://rekvizitai.vz.lt/imone/kelmes_pienas/,54-01P,1,"MMP (Raw milk, dairy products, colostrum and colostrum-based products)",PP - Processing Plant,"Raseinių g. 2, Kelmė",Kelmė,Siauliai County,Lithuania,,,,
383,UAB Klingai,MATCH,"Klingai, UAB",134481787,LT344817811,+370 37 407258,,http://www.klingai.lt,Audrius Vilčinskas,,59,"Energetikų g. 20, Kaunas",Kaunas,LT-52461,"Maisto produktai; Didmeninė prekyba; Kava, arbata; Maisto gamyba",https://rekvizitai.vz.lt/imone/klingai/,19-15,1,GEN (General activity establishment - EU),RW - Re-wrapping Establishment; CS - Cold Stores,"Ekskavatorininkų g. 1, Kaunas",Kaunas,Kaunas County,Lithuania,,,,
384,UAB Krekenavos agrofirma,MATCH,"KREKENAVOS AGROFIRMA, UAB",168586873,LT685868716,+370 347 77200,,http://krekenavos.lt,Linas Grikšas,generalinis direktorius,1076,"Mantvilonių k. 1, Mantvilonių k., LT-57346 Kėdainių r.",Kėdainių r.,LT-57346,"Mėsa, mėsos produktai; Eksportas; Maisto gamyba; Maisto produktai",https://rekvizitai.vz.lt/imone/krekenavos_agrofirma/,190000459; 190011836; 190011765; LT53-04EB; LT685868716,4,GEN (General activity establishment - EU) | RM (Meat of domestic ungulates) | GM (Meat of farmed game) | RPM (Meat products),WM - Wholesale Market | SH - Slaughterhouse | CP - Cutting Plant | PP - Processing Plant,"Taikos pr. 94, Kaunas",Kaunas,Kaunas County,Lithuania,,,,
385,UAB Kumpeliukas,MATCH,"UAB ""Kumpeliukas""",302610012,LT100006440414,+370 632 02000,,,Vilija Gardienė,direktorė,54,"Vandžiogalos pl. 82, LT-47460 Kaunas",Kaunas,LT-47460,"Mėsa, mėsos produktai; Gamyba; Maisto produktai",https://rekvizitai.vz.lt/imone/kumpeliukas/,52-21,1,RPM (Meat products),PP - Processing Plant,"Špokų g. 10, Varluvos k., Kauno raj.",Varluva,Kaunas County,Lithuania,,,,
386,UAB Kėdainių konservų fabrikas,MATCH,"Kėdainių konservų fabrikas, UAB",161612618,LT616126113,+370 347 77282,,http://www.kkf.lt,Mindaugas Antanaitis,,251,"Kėdainių g. 50, Šingalių k., LT-58191 Kėdainių r.",Kėdainių r.,LT-58191,Maisto produktai; Didmeninė prekyba; Eksportas; Gamyba,https://rekvizitai.vz.lt/imone/kedainiu_konservu_fabrikas/,53-01; 53-11,2,FFP (Fishery products - EU) | RPM (Meat products),PP - Processing Plant,"Šingalių k., Josvainių sen., Kėdainių r. LT-58191",Šingaliai,Kaunas County,Lithuania,,,,
387,UAB LESTENA,MATCH,"Lestena, UAB",303144382,LT100008048011,+370 672 03664,,http://www.lestena.eu,Jolita Valantinienė,,39,"Loretos Asanavičiūtės g. 5A, LT-04300 Vilnius",Vilnius,LT-04300,"Didmeninė prekyba; Žuvininkystė, žuvies produktai",https://rekvizitai.vz.lt/imone/lestena/,LT98-01EB; LT 91-08; LT29-10,1,GEN (General activity establishment - EU),CS - Cold Stores,"Šiaulių r., Kairiai, Pramonės g.3A",Kairiai,Siauliai County,Lithuania,,,,
388,UAB LINKUVOS MĖSA,MATCH,"Linkuvos mėsa, UAB",168290027,LT682900219,+370 614 51653,,https://linkuvosmesa.lt/,Asta Gendvilienė,,36,"Valakų g. 7, Linkuva, LT-83445 Pakruojo r.",Pakruojo r.,LT-83445,"Mėsa, mėsos produktai; Didmeninė prekyba; Maisto produktai; Mažmeninė prekyba",https://rekvizitai.vz.lt/imone/linkuvos_mesa/,LT65-21 EB,1,RPM (Meat products),PP - Processing Plant,Valakų g. 7,Linkuva,Siauliai County,Lithuania,,,,
389,UAB LITAMILK,MATCH,"Litamilk, UAB",111655912,LT116559113,+370 5 2642565,,http://www.litamilk.lt,Kotryna Uleckaitė,direktorė,44,"Kirtimų g. 49, LT-02244 Vilnius",Vilnius,LT-02244,"Pienas, pieno produktai; Didmeninė prekyba; Gamyba; Maisto produktai",https://rekvizitai.vz.lt/imone/litamilk/,01-35 P,1,"MMP (Raw milk, dairy products, colostrum and colostrum-based products)",PP - Processing Plant,Kirtimų g. 49,Vilnius,Vilnius County,Lithuania,,,,
390,UAB LUKRITMA,MATCH,"UAB ""Lukritma""",181704230,LT817042314,+370 698 09266,,,Marijus Kameneckas,direktorius,15,"Trakų g. 86, Semeliškės, Elektrėnai",Elektrėnai,LT-21301,Gėrimai (alkoholiniai); Didmeninė prekyba; Maisto produktai,https://rekvizitai.vz.lt/imone/uab_lukritma/,181704230,1,GEN (General activity establishment - EU),WM - Wholesale Market,"Kauno apskr., Kauno raj., Karmėlavos se., Veterinarų g. 46",Karmėlava,Kaunas County,Lithuania,,,,
391,UAB LUNA TRADE,NO_MATCH,,,,,,,,,,,,,,,520001720; 520001704,1,GEN (General activity establishment - EU),WM - Wholesale Market,"Marijampolės g. 27, Pagiriai, Garliavos sen., Kauno r.",Kalinava,Kaunas County,Lithuania,,,,
392,UAB Ledo broliai,MATCH,"Ledo broliai, UAB",304045519,LT100009433710,+370 650 56015,,,,,,Kauno r.,Kauno r.,,"Konditerija, saldumynai",https://rekvizitai.vz.lt/imone/ledo_broliai/,520001620; 190011360,1,GEN (General activity establishment - EU),WM - Wholesale Market,"Marijampolės g. 27, Pagiriai, Garliavos sen., Kauno r.",Pagiriai,Kaunas County,Lithuania,,,,
393,UAB Lestvus,NO_MATCH,,,,,,,,,,,,,,,LT 01-098 Ž,1,FFP (Fishery products - EU),PP - Processing Plant,Gurių g. 129,Vilnius,Vilnius County,Lithuania,,,,
394,UAB Lidl Lietuva,MATCH,"Lidl Lietuva, UAB",111791015,LT117910113,+370 800 10011,,http://www.lidl.lt,Janusz Przemyslaw Wlodarczyk,,2877,"Viršuliškių skg. 34-1, LT-05132 Vilnius",Vilnius,LT-05132,Mažmeninė prekyba; Maisto parduotuvės,https://rekvizitai.vz.lt/imone/uab_lidl/,520001867,1,GEN (General activity establishment - EU),WM - Wholesale Market,"Erdvės g. 41, Ramučių k., Karmėlavos sen., Kauno  r.",Kaunas,Kaunas County,Lithuania,,,,
395,UAB Litcargus,MATCH,"Litcargus, UAB",110530770,LT105307716,+370 5 2329290,,http://www.litcargus.lt,Generalinis direktorius Linas Vaškys,,405,"Rodūnios kel. 2, LT-02189 Vilnius",Vilnius,LT-02189,"Oro transportas, aviacija; Logistikos paslaugos",https://rekvizitai.vz.lt/imone/litcargus/,52-28,1,GEN (General activity establishment - EU),WM - Wholesale Market; CS - Cold Stores,"Oro uosto g. 4, Karmėlava, Kauno r.",Karmėlava,Kaunas County,Lithuania,,,,
396,UAB Liūtukas ir Ko,MATCH,"Liūtukas ir Ko, UAB",135725714,LT357257113,+370 37 391665,,http://www.liutukas.lt,Laurynas Mickūnas,,85,"Alovės g. 15, LT-46344 Kaunas",Kaunas,LT-46344,Maisto produktai; Eksportas; Gamyba,https://rekvizitai.vz.lt/imone/liutukas_ir_ko/,19-30; 190011840,2,"MM (Minced meat, meat preparations and mechanically separated meat – MM, MP, MSM) | GEN (General activity establishment - EU)",MP - Meat Preparation Plant | WM - Wholesale Market,"Alovės g. 15, Kaunas",Kaunas,Kaunas County,Lithuania,,,,
397,UAB Lukšių pieninė,NO_MATCH,,,,,,,,,,,,,,,190003605,1,GEN (General activity establishment - EU),WM - Wholesale Market,"Taikos pr. 94, Kaunas",Kaunas,Kaunas County,Lithuania,,,,
398,UAB Lupra,MATCH,"Lupra, UAB",245608240,LT456082416,+370 41 540181,,http://www.pckubas.lt,Saulius Jurkus,direktorius,294,"Pramonės g. 21, LT-78136 Šiauliai",Šiauliai,LT-78136,Maisto parduotuvės; Mažmeninė prekyba,https://rekvizitai.vz.lt/imone/lupra/,LT29-02,1,RPM (Meat products),PP - Processing Plant,Girulių g. 24,Šiauliai,Siauliai County,Lithuania,,,,
399,UAB M Logistika,NO_MATCH,,,,,,,,,,,,,,,01-13,1,GEN (General activity establishment - EU),WM - Wholesale Market; CS - Cold Stores,Kirtimų g. 57B,Vilnius,Vilnius County,Lithuania,,,,
400,UAB MAISTO ARSENALAS,MATCH,"Maisto arsenalas, UAB",304228050,LT100010169617,+370 655 70557,,http://www.maistoarsenalas.lt,Ieva Šipelienė,,6,"Pašilėlės g. 3, Pavermenio k., LT-58466 Kėdainių r.",Kėdainių r.,LT-58466,"Mėsa, mėsos produktai; Maisto gamyba; Maisto produktai",https://rekvizitai.vz.lt/imone/maisto_arsenalas/,53-10,1,RPM (Meat products),PP - Processing Plant,"Pašilėlės g.3, Pavermenio k., Truskavos sen., Kėdainių r.",Pavermenys,Kaunas County,Lithuania,,,,
401,UAB MARIJAMPOLĖS PIENO KONSERVAI,MATCH,"Marijampolės pieno konservai, UAB",151453167,LT514531610,+370 343 98450,,http://www.milk.lt,Nerijus Jakubauskas,,342,"Kauno g. 114, LT-68108 Marijampolė",Marijampolė,LT-68108,"Maisto produktai; Eksportas; Gamyba; Pienas, pieno produktai",https://rekvizitai.vz.lt/imone/marijampoles_pieno_konservai/,LT 51-04 P EU; LT 18-01P EU,1,"MMP (Raw milk, dairy products, colostrum and colostrum-based products)",PP - Processing Plant,"Vytauto g. 74, Kalvarija",Kalvarija,Marijampole County,Lithuania,,,,
402,UAB MARNISTA,MATCH,"Marnista, UAB",302440492,LT100004936810,+370 679 36020,,http://www.marnista.lt,,,2,"Kęstučio g. 4-5, Šakiai",Šakiai,LT-71130,Didmeninė prekyba; Kepyklos; Maisto produktai,https://rekvizitai.vz.lt/imone/ii_marnista/,190010860,1,GEN (General activity establishment - EU),WM - Wholesale Market,"Kauno apskr. Kauno m. sav., Kaunas, Jonavos g. 196",Kaunas,Kaunas County,Lithuania,,,,
403,UAB MEGA,MATCH,UAB „MEGAPLANTAS“,302582495,LT100007178317,+370 608 43334,,http://www.megaplantas.eu,Gediminas Valašinas,direktorius,23,"Dagilių g. 26, Genaičių k., LT-96164 Klaipėdos r.",Klaipėdos r.,LT-96164,"Apželdinimas ir aplinkos tvarkymas; Daržininkystė, sodininkystė; Gėlės ir dekoratyviniai augalai; Miškininkystė; Miško, sodo, vejos technika",https://rekvizitai.vz.lt/imone/megaplantas/,190010494,1,GEN (General activity establishment - EU),WM - Wholesale Market,"Taikos pr. 94, Kaunas",Kaunas,Kaunas County,Lithuania,,,,
404,UAB MEGA BALTIC,MATCH,"Mega Baltic, UAB",300057463,LT100001226812,+370 5 2122183,,http://www.megabaltic.lt/,Mindaugas Baltakis,direktorius,19,"Naugarduko g. 100, Vilnius",Vilnius,LT-03160,Didmeninė prekyba; Gamyba; Gėrimai (nealkoholiniai); Maisto produktai,https://rekvizitai.vz.lt/imone/mega_baltic_virsuliskiu/,130016837,1,GEN (General activity establishment - EU),WM - Wholesale Market,"Servečės g. 1, LT-02121 Vilnius",Vilnius,Vilnius County,Lithuania,,,,
405,UAB MERCADO PREKYBA,NO_MATCH,,,,,,,,,,,,,,,190011162,1,GEN (General activity establishment - EU),WM - Wholesale Market,"Kauno apskr., Kauno m. sav., Kaunas, B. Brazdžionio g. 21",Kaunas,Kaunas County,Lithuania,,,,
406,UAB MEST FOOD,MATCH,"Mest Food, UAB",304120612,LT100009986511,+370 606 98955,,,Leo Vainonen,direktorius,1,"Laisvės al. 82, LT-44250 Kaunas",Kaunas,LT-44250,"Mėsa, mėsos produktai",https://rekvizitai.vz.lt/imone/sinusta/,520001676,1,GEN (General activity establishment - EU),WM - Wholesale Market,"Marijampolės g. 27, Pagiriai, Garliavos sen., Kauno r.",Pagiriai,Kaunas County,Lithuania,,,,
407,UAB MILTINUKO RECEPTAS,MATCH,"Miltinuko receptas, UAB",257940040,LT579400416,+370 426 55684,,http://www.miltinukas.lt,Audronė Budreckienė,direktorė,24,"Sodų g. 2, Ziniūnų k., LT-84164 Joniškio r.",Joniškio r.,LT-84164,Maisto produktai; Didmeninė prekyba; Gamyba; Šaldyti maisto produktai,https://rekvizitai.vz.lt/imone/uab_miltinuko_receptas/,LT 47-10,1,"MM (Minced meat, meat preparations and mechanically separated meat – MM, MP, MSM)",MP - Meat Preparation Plant,"Sodų g. 2, Ziniūnai, Joniškio r. sav.",Ziniūnai,Siauliai County,Lithuania,,,,
408,UAB MIglūnas,MATCH,"Miglūnas, UAB",300959588,LT100003536910,+370 648 50542,,,Asta  Gluoksnienė,,2,"Kauno pl. 78, Liepaloto k., Prienų r.",Prienų r.,LT-59103,"Mėsa, mėsos produktai; Gamyba; Maisto produktai",https://rekvizitai.vz.lt/imone/miglunas/,LT 69-04 EB,1,RPM (Meat products),PP - Processing Plant,Kauno pl.78,Liepalotas,Kaunas County,Lithuania,,,,
409,UAB MP Partneriai,MATCH,"MP Partneriai, UAB",301733528,LT100004607717,+370 640 41144,,,Dainius Baltrušaitis,direktorius,1,"A. Juozapavičiaus pr. 7F-2, Kaunas",Kaunas,LT-45251,Didmeninė prekyba,https://rekvizitai.vz.lt/imone/uab_mp_partneriai/,520001636,1,GEN (General activity establishment - EU),WM - Wholesale Market,"Kauno apskr. Kauno r. sav., Karmėlavos sen., Biruliškių k., Terminalo g. 6",Kaunas,Kaunas County,Lithuania,,,,
410,UAB Maisto namai,MATCH,"UAB ""Maisto namai""",301656551,LT100004040616,+370 686 19012,,http://www.maistonamai.lt,Remigijus Kazlauskas,,114,"Beržų g. 44, LT-36144 Panevėžys",Panevėžys,LT-36144,Maisto produktai; Gamyba; Maisto gamyba,https://rekvizitai.vz.lt/imone/uab_maisto_namai/,LT27-04 EB,1,RPM (Meat products),PP - Processing Plant,"Beržų g. 44, LT-36144",Panevežys,Panevezys County,Lithuania,,,,
411,UAB Maisto ūkis,MATCH,"Maisto ūkis, UAB",304536849,LT100011013116,+370 686 29975,,,Virginija Malakienė,direktorė,11,"Antano Škėmos g. 18A-1, Vilnius",Vilnius,LT-10150,"Kavinės, klubai, barai, restoranai; Maistas į namus, biurą",https://rekvizitai.vz.lt/imone/maisto_ukis/,LT 01-11,1,RPM (Meat products),PP - Processing Plant,"Eišiškių pl. 26, Vilnius",Vilnius,Vilnius County,Lithuania,,,,
412,UAB Malenus,MATCH,"UAB ""Malenus""",302791922,LT100007021618,+370 613 93444,,,Daiva Stukienė,direktorė,,"Europos pr. 122, LT-46351 Kaunas",Kaunas,LT-46351,"Mėsa, mėsos produktai; Maisto produktai",https://rekvizitai.vz.lt/imone/malenus/,190007328,1,GEN (General activity establishment - EU),WM - Wholesale Market,"Draugystės g. 19, Kaunas",Kaunas,Kaunas County,Lithuania,,,,
413,UAB Mantinga,MATCH,"Mantinga Production, UAB",110669492,LT106694917,+370 698 54406,,http://www.mantinga.lt,Vytenis Kupstas,,1228,"Stoties g. 51, LT-68261 Marijampolė",Marijampolė,LT-68261,Maisto gamyba; Kepyklos; Maisto produktai; Šaldyti maisto produktai,https://rekvizitai.vz.lt/imone/mantinga/,190006785; 520001870,1,GEN (General activity establishment - EU),WM - Wholesale Market,"Taikos pr. 96, Kaunas",Kaunas,Kaunas County,Lithuania,,,,
414,UAB Meateksa,MATCH,"Meateksa, UAB",303277596,LT100008506512,+370 684 24240,,http://www.meateksa.lt,Gintaras Jakumas,direktorius,2,"Maironio g. 25, LT-97108 Kretinga",Kretinga,LT-97108,"Mėsa, mėsos produktai",https://rekvizitai.vz.lt/imone/meateksa/,190012083,1,GEN (General activity establishment - EU),WM - Wholesale Market,"Europos pr. 36, Kaunas",Kaunas,Kaunas County,Lithuania,,,,
415,UAB Medaus avilys,MATCH,"Medaus avilys, MB",304050249,LT100009458110,+370 662 47333,,,Žygintas Juodis,direktorius,,"Suopių g. 7C, Žemaitkiemio k., Kauno r.",Kauno r.,LT-54340,Maisto produktai,https://rekvizitai.vz.lt/imone/medaus_avilys/,520001372,1,GEN (General activity establishment - EU),WM - Wholesale Market,"Terminalo g. 6, Biruliškių k., Karmėlavos sen., Kauno r.",Kaunas,Kaunas County,Lithuania,,,,
416,UAB Medeivė,MATCH,"Medeivė, UAB",302567333,LT100005760917,+370 686 35546,,,Aurelija Rotovienė,,2,"Pramonės pr. 3-26, LT-51382 Kaunas",Kaunas,LT-51382,Maisto gamyba,https://rekvizitai.vz.lt/imone/medeive/,52-09,1,RPM (Meat products),PP - Processing Plant,"Paupio g. 59, Vaistariškių k., Karmėlavos sen., Kauno raj.",Vaistariškiai,Kaunas County,Lithuania,,,,
417,UAB Medrokis,MATCH,"Medrokis, UAB",173109432,LT731094314,+370 458 34427,,,Robert Grimovič,direktorius,9,"Mickūnų k. 3, Mickūnų k., LT-42281 Rokiškio r.",Rokiškio r.,LT-42281,"Mėsa, mėsos produktai; Gamyba",https://rekvizitai.vz.lt/imone/medrokis/,LT 01-24,2,"MM (Minced meat, meat preparations and mechanically separated meat – MM, MP, MSM) | GM (Meat of farmed game)",MM - Minced Meat Plant | CP - Cutting Plant,"Eišiškių pl. 127, Vilnius",Vilnius,Vilnius County,Lithuania,,,,
418,UAB Megaprojektai,MATCH,"Megaprojektai, UAB",136013335,LT360133314,+370 37 370689,,,Gintautas Kęstutis Micka,direktorius,6,"P. Plechavičiaus g. 23-6, LT-49259 Kaunas",Kaunas,LT-49259,"Žuvininkystė, žuvies produktai; Didmeninė prekyba; Maisto produktai; Mažmeninė prekyba",https://rekvizitai.vz.lt/imone/megaprojektai/,190000451,1,GEN (General activity establishment - EU),WM - Wholesale Market,"Taikos pr. 94, Kaunas",Kaunas,Kaunas County,Lithuania,,,,
419,UAB Minriga,MATCH,"Minriga, UAB",302728142,LT100006814219,+370 606 32707,,,,,,"Rytmečio g. 10, Voškonių k., LT-54346 Kauno r.",Kauno r.,LT-54346,Maisto parduotuvės,https://rekvizitai.vz.lt/imone/minriga/,52-23,1,RM (Meat of domestic ungulates),CP - Cutting Plant,"Rytmečio g. 10, Voškoniai, Kauno raj.",Voškoniai,Kaunas County,Lithuania,,,,
420,UAB Modepa,MATCH,"UAB ""Modepa""",302697615,LT100006654215,+370 682 11512,,,Šarūnas Devenis,direktorius,,Vilnius,Vilnius,,"Mėsa, mėsos produktai; Gamyba; Maisto gamyba; Maisto produktai",https://rekvizitai.vz.lt/imone/modepa/,LT 01-28 EB,2,"MM (Minced meat, meat preparations and mechanically separated meat – MM, MP, MSM) | RPM (Meat products)",MP - Meat Preparation Plant; MM - Minced Meat Plant | PP - Processing Plant,Strazdų g. 4,Vilnius,Vilnius County,Lithuania,,,,
421,UAB Mėsinga,NO_MATCH,,,,,,,,,,,,,,,LT 41-13 EB,1,RPM (Meat products),PP - Processing Plant,A. Mickevičiaus g. 257,Buiniškės,Vilnius County,Lithuania,,,,
422,UAB NIklita,MATCH,"Niklita, UAB",135541970,LT355419716,+370 37 764411,,,,,114,"Taikos pr. 94, LT-51179 Kaunas",Kaunas,LT-51179,"Žuvininkystė, žuvies produktai; Didmeninė prekyba",https://rekvizitai.vz.lt/imone/niklita/,190000248,1,GEN (General activity establishment - EU),WM - Wholesale Market,"Taikos pr. 94, Kaunas",Kaunas,Kaunas County,Lithuania,,,,
423,UAB NNL LT,MATCH,"NNL LT, UAB",300151140,LT100001957110,+370 611 38003,,http://www.nnl.lt,Tomas Žegunis,,400,"Marijampolės g. 27, Pagirių k., LT-53283 Kauno r.",Kauno r.,LT-53283,Sandėliavimas; Ekspedijavimas; Logistikos paslaugos; Transporto paslaugos,https://rekvizitai.vz.lt/imone/nnl_lt_uab/,520001375,1,GEN (General activity establishment - EU),WM - Wholesale Market,"Marijampolės g. 27, Pagiriai, Garliavos sen., Kauno r.",Pagiriai,Kaunas County,Lithuania,,,,
424,UAB NNL Procurement,MATCH,"NNL Procurement, UAB",303326627,LT100008639313,+370 698 07804,,,Danielius Merkinas,direktorius,2,"Marijampolės g. 27, Pagirių k., LT-53283 Kauno r.",Kauno r.,LT-53283,Didmeninė prekyba,https://rekvizitai.vz.lt/imone/mercado_prekyba/,520001210,1,GEN (General activity establishment - EU),WM - Wholesale Market,"Kauno apskr., Kauno r. sav., Garliavos apylinkių sen., Pagiriai, Marijampolės g. 27",Pagiriai,Kaunas County,Lithuania,,,,
425,UAB NORDNIX,MATCH,"NORDNIX, UAB",134101758,LT341017515,+370 658 22997,,http://www.nordnix.eu,Justina Bardauskienė,,46,"Šilutės pl. 9, LT-91109 Klaipėda",Klaipėda,LT-91109,Sandėliavimas; Ekspedijavimas; Logistikos paslaugos; Transporto paslaugos,https://rekvizitai.vz.lt/imone/nordnix/,LT 21-10EB,1,GEN (General activity establishment - EU),CS - Cold Stores,Nemuno g.24,Klaipėda,Klaipeda County,Lithuania,,,,
426,UAB NORVELITA,NO_MATCH,,,,,,,,,,,,,,,72-09,1,FFP (Fishery products - EU),PP - Processing Plant,"PRAMONĖS G. 1, GABŠIŲ K., RASEINIŲ RAJ.",Gabšiai,Kaunas County,Lithuania,,,,
427,UAB NOVIALIS,MATCH,"Novialis, UAB",304030951,LT100009609014,+370 653 80085,,http://www.pinkpistachio.lt,Martynas Staskevičius,direktorius,2,"V. Nagevičiaus g. 3, Vilnius",Vilnius,LT-08237,Didmeninė prekyba; Dovanos; Gamyba,https://rekvizitai.vz.lt/imone/novialis/,520002546,1,GEN (General activity establishment - EU),WM - Wholesale Market,"Marijampolės g. 27, Pagirių k., Kauno r.",Pagiriai,Kaunas County,Lithuania,,,,
428,UAB NS TRADING,MATCH,"NS Trading, UAB",301694687,LT100004118115,+370 428 53993,,http://www.nstrading.lt,Toma Petrokienė,direktorė,115,"Pramonės g. 1, Gabšių k., Raseinių r.",Raseinių r.,LT-60192,"Žuvininkystė, žuvies produktai; Gamyba",https://rekvizitai.vz.lt/imone/ns_trading/,72-01,1,FFP (Fishery products - EU),PP - Processing Plant,"Pramonės g. 5, Raseinių sen.",Gabšiai,Kaunas County,Lithuania,,,,
429,UAB Našmita,MATCH,"NAŠMITA, UAB",302743386,LT100006737817,+370 650 76514,,,Dmitrij Tymšan,direktorius,9,"Ukrainiečių g. 28, Vilnius",Vilnius,LT-13278,"Mėsa, mėsos produktai; Gamyba; Maisto produktai",https://rekvizitai.vz.lt/imone/nasmita_uab/,LT 01-20 EB,1,RPM (Meat products),PP - Processing Plant,Ukrainiečių g. 32,Vilnius,Vilnius County,Lithuania,,,,
430,UAB Nordnet,NO_MATCH,,,,,,,,,,,,,,,52-01,1,GEN (General activity establishment - EU),CS - Cold Stores,"Marijampolės g. 27, Pagiriai, Garliavos sen., Kauno r.",Pagiriai,Kaunas County,Lithuania,,,,
431,UAB Northern Supplies,MATCH,"Northern Supplies, UAB",304522529,LT100012884919,+370 694 61084,,,,,1,"Žirnių g. 10, LT-02120 Vilnius",Vilnius,LT-02120,Interneto parduotuvės,https://rekvizitai.vz.lt/imone/northern_supplies/,33MTSPĮ-274,1,GEN (General activity establishment - EU),WM - Wholesale Market,"B. Brazdžionio g. 21, Kaunas",Kaunas,Kaunas County,Lithuania,,,,
432,UAB Norvelina,MATCH,"Norvelina, UAB",304250972,LT100010531110,+370 601 54837,,,Ina Noreikaitė,direktorė,76,"Svirno g. 2, Eigirgalos k., Kauno r.",Kauno r.,LT-54341,"Mėsa, mėsos produktai; Gamyba",https://rekvizitai.vz.lt/imone/norvelina/,52-18,1,RPM (Meat products),PP - Processing Plant,"Svirno g.2, Eigirgalos k., Domeikavos sen., Kauno raj.",Eigirgalos k.,Kaunas County,Lithuania,,,,
433,UAB Oksvidos mėsa,MATCH,"Oksvidos mėsa, UAB",302539978,LT100005593910,+370 618 78422,,,Vytautas Rapkevičius,direktorius,20,"Pakaušių g. 18, Gegužinės k., Panevėžio r.",Panevėžio r.,LT-38428,"Maisto produktai; Gamyba; Mėsa, mėsos produktai",https://rekvizitai.vz.lt/imone/oksvidos_mesa/,LT57-10 EB,1,RM (Meat of domestic ungulates),SH - Slaughterhouse,"Stuburų 1, Salamiesčio k., Alizavos sen., Kupiškio r., LT-40438",Salamiestis,Panevezys County,Lithuania,,,,
434,UAB Olkusjana,MATCH,"Olkusjana, UAB",110624846,LT106248419,+370 698 33551,,,Jerzy Michal Borkovski,,1,"Lydos g. 32, Jašiūnai, LT-17247 Šalčininkų r.",Šalčininkų r.,LT-17247,"Mėsa, mėsos produktai; Gamyba; Maisto parduotuvės; Maisto produktai",https://rekvizitai.vz.lt/imone/olkusjana/,LT 85-18,3,"MM (Minced meat, meat preparations and mechanically separated meat – MM, MP, MSM) | RM (Meat of domestic ungulates) | GM (Meat of farmed game)",MP - Meat Preparation Plant | SH - Slaughterhouse,Lydos g. 32,Jasiūnai,Vilnius County,Lithuania,,,,
435,UAB Orka foods,MATCH,"Orka foods, UAB",301817969,LT100004248113,+370 448 73170,,,Tadas Jankauskas,direktorius,290,"Birutės skg. 10, Macenių k., Plungės r.",Plungės r.,LT-90100,"Žuvininkystė, žuvies produktai; Gamyba",https://rekvizitai.vz.lt/imone/siauliai_logistic_center/,68-03P; 68-06; 520001878; 68-05,4,"MMP (Raw milk, dairy products, colostrum and colostrum-based products) | FFP (Fishery products - EU) | GEN (General activity establishment - EU) | RPM (Meat products)",PP - Processing Plant | WM - Wholesale Market,"Birutės skg. 10, Macenių k., Plungės r. sav.",Maceniai,Telsiai County,Lithuania,,,,
436,UAB Orteda,MATCH,"Orteda, UAB",305022466,LT100012334517,+370 677 78142,,https://orteda.lt/,,,14,"Taikos pr. 98, LT-51176 Kaunas",Kaunas,LT-51176,"Mėsa, mėsos produktai",https://rekvizitai.vz.lt/imone/orteda/,190011324; 19-28,2,GEN (General activity establishment - EU) | PM (Meat from poultry and lagomorphs),WM - Wholesale Market | CS - Cold Stores; WM - Wholesale Market | CP - Cutting Plant,"Draugystės g. 19, Kaunas",Kaunas,Kaunas County,Lithuania,,,,
437,UAB PELICANO FOOD,NO_MATCH,,,,,,,,,,,,,,,190010121,1,GEN (General activity establishment - EU),WM - Wholesale Market,"Kauno apskr., Kauno m. sav., Kaunas, Taikos pr. 94",Pagiriai,Kaunas County,Lithuania,,,,
438,UAB PRO INDUSTRIJA,MATCH,"UAB ""Pro industrija""",302995483,LT100007505912,,,,,,,"Turgaus g. 5-1, Klaipėda",Klaipėda,,Maisto produktai; Gamyba,https://rekvizitai.vz.lt/imone/pro_industrija/,LT 21-18 EB,1,FFP (Fishery products - EU),PP - Processing Plant,Turgaus g. 5-4,Klaipėda,Klaipeda County,Lithuania,,,,
439,UAB Pajuva,MATCH,"Pajuva, UAB",148418010,LT484180113,+370 45 514252,,http://www.alvas.lt,Alfredas Putkis,direktorius,192,"Rėklių g. 1A, LT-35292 Panevėžys",Panevėžys,LT-35292,Gamyba; Maisto gamyba; Maisto produktai; Sveiki produktai,https://rekvizitai.vz.lt/imone/pajuva/,LT 27-05 EB,1,GEN (General activity establishment - EU),RW - Re-wrapping Establishment,"Rėklių g. 1 A, Panevėžys",Panevežys,Panevezys County,Lithuania,,,,
440,UAB Palink,MATCH,"""PALINK"" dirbančiųjų profesinė sąjunga, UAB",301693539,,+370 5 2732728,,,Irina Judina,pirmininkas,,"Taikos g. 8-43, Vilnius",Vilnius,LT-05255,"Sąjungos, fondai, asociacijos",https://rekvizitai.vz.lt/imone/uab_palink_dirbanciuju_prekybininku_profesine_sajunga/,LT 01-15 EB,1,FFP (Fishery products - EU),FFPP - Fresh Fishery Products Plant,Kirtimų g. 57D,Vilnius,Vilnius County,Lithuania,,,,
441,UAB Palink-kulinarijos centras,NO_MATCH,,,,,,,,,,,,,,,LT66-05 EB,1,RPM (Meat products),PP - Processing Plant,"J. Tilvyčio g. 179, Vaišvilčių I k., Panevėžio r., LT-38292",Vaišvilčiai I,Panevezys County,Lithuania,,,,
442,UAB Petro mėsinė,MATCH,"UAB ""Petro mėsinė""",148150929,LT481509219,+370 45 596527,,http://petromesine.lt/,Petras Linkevičius,,21,"Beržų g. 8-1, Panevėžys",Panevėžys,LT-36233,"Mėsa, mėsos produktai; Gamyba; Maisto produktai",https://rekvizitai.vz.lt/imone/petro_mesine/,LT27-03 EB,1,RPM (Meat products),PP - Processing Plant,"Beržų g. 8, LT-36233",Panevėžys,Panevezys County,Lithuania,,,,
443,UAB Pieno partneriai,MATCH,"Pieno partneriai, UAB",304968385,LT100012069117,+370 620 13508,,,Rolandas Jurkus,direktorius,6,"Birutės g. 49A, LT-90112 Plungė",Plungė,LT-90112,"Pienas, pieno produktai",https://rekvizitai.vz.lt/imone/pieno_partneriai/,68-15P,1,"MMP (Raw milk, dairy products, colostrum and colostrum-based products)",CC - Collection Centre,Birutės g. 49A,Plungė,Telsiai County,Lithuania,,,,
444,UAB Pilkasis ruonis,MATCH,"Pilkasis ruonis, UAB",135240515,LT352405113,+370 37 451984,,,Danguolė Janina Brazienė,direktorius,13,"Baterijos pl. 1, LT-45375 Kaunas",Kaunas,LT-45375,"Mėsa, mėsos produktai; Gamyba; Konditerija, saldumynai; Mažmeninė prekyba",https://rekvizitai.vz.lt/imone/pilkasis_ruonis/,52-13,1,RPM (Meat products),PP - Processing Plant,"Baterijos pl. 1, Kaunas",Kaunas,Kaunas County,Lithuania,,,,
445,UAB Plungės kooperatinė prekyba,MATCH,"Plungės kooperatinė prekyba, UAB",169985213,LT699852113,+370 448 73170,,http://www.vici.lt,Algirdas Razma,,1013,"Birutės g. 50, LT-90112 Plungė",Plungė,LT-90112,"Maisto gamyba; Didmeninė prekyba; Šaldyti maisto produktai; Žuvininkystė, žuvies produktai",https://rekvizitai.vz.lt/imone/plunges_kooperatine_prekyba/,68-08; 190011861; 520001873,2,FFP (Fishery products - EU) | GEN (General activity establishment - EU),PP - Processing Plant | WM - Wholesale Market,Birutės g. 50,Plungė,Telsiai County,Lithuania,,,,
446,UAB Plungės šaltis,MATCH,"Plungės šaltis, UAB",169887598,LT698875917,+370 448 72190,,http://www.psaltis.lt,,,167,"Stoties g. 9, LT-90115 Plungė",Plungė,LT-90115,"Žuvininkystė, žuvies produktai; Didmeninė prekyba; Gamyba; Sandėliavimas",https://rekvizitai.vz.lt/imone/plunges_saltis/,68-10,1,FFP (Fishery products - EU),PP - Processing Plant,Stoties g. 9,Plungė,Telsiai County,Lithuania,,,,
447,UAB Prosperity A,MATCH,"Prosperity A, UAB",304824762,LT100011630518,+370 686 82236,,,Olha Klymanska,direktorė,1,"J. Tilvyčio g. 124, Vaišvilčių II k., LT-38292 Panevėžio r.",Panevėžio r.,LT-38292,Maisto produktai,https://rekvizitai.vz.lt/imone/prosperity_a/,660000823,1,GEN (General activity establishment - EU),WM - Wholesale Market,"J. Tilvyčio g. 124., Vaišvilčių II k., Panevėžio r.",Vaišvilčiai II,Panevezys County,Lithuania,,,,
448,UAB Proximus Global,MATCH,"Proximus Global, UAB",302522861,LT100005500113,+370 694 99300,,,,,,"Sandėlių g. 44, Vilnius",Vilnius,LT-02248,Konsultacijų paslaugos; Investicinė veikla; Nekilnojamasis turtas,https://rekvizitai.vz.lt/imone/proximus_global/,LT 01-04 EB,1,GEN (General activity establishment - EU),CS - Cold Stores,Sandėlių g. 44B,Vilnius,Vilnius County,Lithuania,,,,
449,UAB RASEINIŲ ŽUVININKYSTĖ,MATCH,"Raseinių žuvininkystė, UAB",172287193,LT722871917,+370 428 70376,,http://www.raseiniuzuvis.lt,ANTANAS GRIGALAVIČIUS,,41,"Pramonės g. 1, Gabšių k., LT-60192 Raseinių r.",Raseinių r.,LT-60192,"Žuvininkystė, žuvies produktai; Didmeninė prekyba",https://rekvizitai.vz.lt/imone/raseiniu_zuvininkyste/,LT 72-07,1,FFP (Fishery products - EU),PP - Processing Plant,"Pramonės g. 1, Gabšių k., Raseinių sen., Raseinių r.",Gabšiai,Kaunas County,Lithuania,,,,
450,UAB REITAN CONVENIENCE LITHUANIA,MATCH,"Reitan Convenience Lithuania, UAB",123640551,LT236405515,+370 5 2401502,,http://www.reitan.lt,Saulius Žilėnas,,767,"Vasario 16-osios g. 1, LT-01107 Vilnius",Vilnius,LT-01107,"Mažmeninė prekyba; Kava, arbata; Kavinės, klubai, barai, restoranai; Maisto produktai",https://rekvizitai.vz.lt/imone/reitan_convenience_lithuania/,190008846,1,GEN (General activity establishment - EU),WM - Wholesale Market,"Kauno apskr. Kauno r. sav., Garliavos sen., Pagirių k., Marijampolės g. 27",Pagiriai,Kaunas County,Lithuania,,,,
451,UAB REKETUKAS,MATCH,"Reketukas, UAB",171292814,LT712928113,+370 614 47803,,http://www.suriupasaulis.lt,Viktorija Greičienė,,51,"Vėzgės g. 2, Mažaičių k., Radviliškio r.",Radviliškio r.,LT-82480,"Didmeninė prekyba; Maisto produktai; Pienas, pieno produktai",https://rekvizitai.vz.lt/imone/reketukas/,LT 71-09 EB,1,"MMP (Raw milk, dairy products, colostrum and colostrum-based products)",PP - Processing Plant,"Pkaruojo street 2, Radviliskis disctrict",Gražioniai,Siauliai County,Lithuania,,,,
452,UAB RENGMĖ,MATCH,"Rengmė, UAB",305719903,LT100013944417,+370 634 23157,,,Agnė Kriaučiūnienė,,23,"Kupiškio g. 7, Šiauliai",Šiauliai,LT-76146,"Žuvininkystė, žuvies produktai; Maisto produktai",https://rekvizitai.vz.lt/imone/rengme/,LT29-09,2,FFP (Fishery products - EU) | GEN (General activity establishment - EU),PP - Processing Plant | RW - Re-wrapping Establishment; CS - Cold Stores,"Šiauliai, Kupiškio g. 7",Šiauliai,Siauliai County,Lithuania,,,,
453,UAB RIMGEMA,MATCH,"Rimgema, UAB",303175520,LT100008122710,+370 675 60573,,,Ramūnas Vilimas,,3,"Karkazų Rato g. 7, LT-46231 Kaunas",Kaunas,LT-46231,"Mėsa, mėsos produktai",https://rekvizitai.vz.lt/imone/rimgema/,190010983,1,GEN (General activity establishment - EU),WM - Wholesale Market,"Kauno apskr. Kauno m. sav., Kaunas, Europos pr. 38",Kaunas,Kaunas County,Lithuania,,,,
454,UAB RIMI LIETUVA,MATCH,"Rimi Lietuva, UAB",123715317,LT237153113,+370 5 2461057,,http://www.rimi.lt,Vaidas Lukoševičius,,2838,"Spaudos g. 6-1, LT-05132 Vilnius",Vilnius,LT-05132,Maisto parduotuvės; Mažmeninė prekyba,https://rekvizitai.vz.lt/imone/rimi_lietuva/,01-41; LT 01-40 EB; 19-09,4,"MM (Minced meat, meat preparations and mechanically separated meat – MM, MP, MSM) | RM (Meat of domestic ungulates) | GM (Meat of farmed game) | RPM (Meat products)",MP - Meat Preparation Plant; MM - Minced Meat Plant | MP - Meat Preparation Plant | MM - Minced Meat Plant; MP - Meat Preparation Plant | CP - Cutting Plant | PP - Processing Plant,"Saltoniškių g. 9, Vilnius",Vilnius,Vilnius County,Lithuania,,,,
455,UAB RIVONA,NO_MATCH,,,,,,,,,,,,,,,LT 11-01P; 53-09; 520001358; 530000141; 87-10; 53-06,5,"MMP (Raw milk, dairy products, colostrum and colostrum-based products) | FFP (Fishery products - EU) | GEN (General activity establishment - EU) | RM (Meat of domestic ungulates) | RPM (Meat products)",PP - Processing Plant | WM - Wholesale Market | SH - Slaughterhouse; CP - Cutting Plant,Putinų g. 33,Alytus,Alytus County,Lithuania,,,,
456,UAB RIVONA Greitai gendančių maisto produktų sandėlys,NO_MATCH,,,,,,,,,,,,,,,530000586,1,GEN (General activity establishment - EU),WM - Wholesale Market,"Pramonės g., 15, Kėdainiai",Kėdainiai,Kaunas County,Lithuania,,,,
457,UAB RSP,MATCH,"Rsp, UAB",300047914,LT100001214415,+370 699 55978,,http://www.rsp.lt,Rolandas Kulvietis,direktorius,,"Taikos pr. 114D, LT-51157 Kaunas",Kaunas,LT-51157,"Žuvininkystė, žuvies produktai; Didmeninė prekyba",https://rekvizitai.vz.lt/imone/rsp/,19-05,2,FFP (Fishery products - EU) | GEN (General activity establishment - EU),PP - Processing Plant | WM - Wholesale Market,"Taikos pr. 106D, Kaunas",Kaunas,Kaunas County,Lithuania,,,,
458,UAB RUNEDA,MATCH,"Runeda, UAB",134907767,LT349077610,+370 37 312793,,,Rita Marčiulaitienė,direktorė,2,"V. Krėvės pr. 13A, LT-49488 Kaunas",Kaunas,LT-49488,"Maisto produktai; Gamyba; Mėsa, mėsos produktai",https://rekvizitai.vz.lt/imone/runeda/,190008839,1,GEN (General activity establishment - EU),WM - Wholesale Market,"Kauno apskr., Kauno m. sav., Kaunas, Dvarų g. 47",Kaunas,Kaunas County,Lithuania,,,,
459,UAB Ramvida,MATCH,"Ramvida, UAB",235771520,LT100001288015,+370 37 724858,,,Ramūnas Visokinskas,direktorius,5,"Draugystės g. 19, LT-51230 Kaunas",Kaunas,LT-51230,"Maisto produktai; Gamyba; Kavinės, klubai, barai, restoranai; Maisto gamyba",https://rekvizitai.vz.lt/imone/ramvida/,19-01,1,"MM (Minced meat, meat preparations and mechanically separated meat – MM, MP, MSM)",MP - Meat Preparation Plant,"Draugystės g.19, Kaunas",Kaunas,Kaunas County,Lithuania,,,,
460,UAB Ratutela,NO_MATCH,,,,,,,,,,,,,,,19-14,1,"MM (Minced meat, meat preparations and mechanically separated meat – MM, MP, MSM)",MP - Meat Preparation Plant,"Veiverių g. 151, Kaunas",Kaunas,Kaunas County,Lithuania,,,,
461,UAB Raučulys,MATCH,"Raučulys, UAB",159597358,LT595973515,+370 37 556027,,,Virginija Budginienė,direktorė,12,"Čekiškės g. 86, Vilkija, Kauno r.",Kauno r.,LT-54221,"Maisto parduotuvės; Automobilių dalys; Padangos, ratlankiai; Žemės ūkio technika",https://rekvizitai.vz.lt/imone/rauculys_s_berstauto_imone/,52-08,3,"MM (Minced meat, meat preparations and mechanically separated meat – MM, MP, MSM) | RM (Meat of domestic ungulates) | RPM (Meat products)",MP - Meat Preparation Plant | CP - Cutting Plant | PP - Processing Plant,"Čekiškės g. 86, Vilkija, Kauno raj.",Vilkija,Kaunas County,Lithuania,,,,
462,UAB Redvida,NO_MATCH,,,,,,,,,,,,,,,LT 79-10,1,GEN (General activity establishment - EU),CS - Cold Stores; WM - Wholesale Market,Aluonos g. 37,Jelščizna,Vilnius County,Lithuania,,,,
463,UAB Restera,MATCH,"Restera, UAB",180330616,LT803306113,+370 444 69690,,http://www.restera.lt,Rima Staigienė,direktorius,11,"Statybininkų g. 3, LT-87101 Telšiai",Telšiai,LT-87101,Maisto produktai; Didmeninė prekyba; Gamyba; Šaldyti maisto produktai,https://rekvizitai.vz.lt/imone/restera/,LT 78-05 EB,1,RPM (Meat products),PP - Processing Plant,"Statybininkų g.3, Telšiai",Telšiai,Telsiai County,Lithuania,,,,
464,UAB Revijoma,MATCH,"Revijoma, UAB",253068210,LT530682113,+370 603 34401,,http://zaventesbaras.lt,Regina Katkauskienė,direktorė,38,"Viekšnių g. 33, Užventės k., LT-89494 Mažeikių r.",Mažeikių r.,LT-89494,"Maisto produktai; Gamyba; Kavinės, klubai, barai, restoranai; Mėsa, mėsos produktai",https://rekvizitai.vz.lt/imone/revijoma/,61-04,4,"MM (Minced meat, meat preparations and mechanically separated meat – MM, MP, MSM) | RM (Meat of domestic ungulates) | GM (Meat of farmed game) | RPM (Meat products)",MM - Minced Meat Plant; MP - Meat Preparation Plant | SH - Slaughterhouse; CP - Cutting Plant | PP - Processing Plant,"Viekšnių g. 33, Užventes km. Viekšniu sen. Mažeikių r. sav., Telšių apskr.",Užventes k.,Telsiai County,Lithuania,,,,
465,UAB Riamona,NO_MATCH,,,,,,,,,,,,,,,LT 33-13EB,1,RPM (Meat products),PP - Processing Plant,"Taikos g. 94, Verebiejų k., Simno sen., Alytaus r. sav.",Verabiejai,Alytus County,Lithuania,,,,
466,UAB Rineka,MATCH,"Rineka, UAB",302614861,LT100006089714,+370 656 43333,,,Aistė Andrulytė,,33,"Šiaulių g. 2, Beržėnų k., LT-86357 Kelmės r.",Kelmės r.,LT-86357,"Mėsa, mėsos produktai; Gamyba; Maisto produktai",https://rekvizitai.vz.lt/imone/rineka/,LT 54-05,1,RPM (Meat products),PP - Processing Plant,"Šiaulių g.2, Beržėnų k., Užvenčio sen., Kelmės r. sav. LT-86357",Kelmė,Siauliai County,Lithuania,,,,
467,UAB Ristva ir Ko,MATCH,"Ristva ir Ko, UAB",168944943,LT689449413,+370 45 557151,,http://ristva.lt,Aurimas Žebrys,,46,"Kapinės g. 3, Daukniūnų k., Panevėžio r.",Panevėžio r.,LT-38361,"Maisto produktai; Gamyba; Mėsa, mėsos produktai",https://rekvizitai.vz.lt/imone/ristva_ir_ko/,LT66-31 EB,1,RPM (Meat products),PP - Processing Plant,"Kapinės g. 3, Daukniūnų k., LT-38361",Daukniūnai,Panevezys County,Lithuania,,,,
468,UAB Rokiškio pieno gamyba,MATCH,"Rokiškio pieno gamyba, UAB",303055649,LT100007720616,+370 389 64402,,http://www.rokiskio.com,Dalius Trumpa,direktorius,261,"Pramonės g. 8, Utena",Utena,LT-28216,"Pienas, pieno produktai; Gamyba; Maisto produktai",https://rekvizitai.vz.lt/imone/rokiskio_pieno_gamyba/,LT 81-01P,1,"MMP (Raw milk, dairy products, colostrum and colostrum-based products)",PP - Processing Plant,Kauno g. 65,Ukmergė,Vilnius County,Lithuania,,,,
469,UAB Romega,MATCH,"Romegas, UAB",305048023,LT100012605714,,,,Egidijus Mažonavičius,direktorius,3,"Ryto g. 1, Plungė",Plungė,LT-90154,Statyba,https://rekvizitai.vz.lt/imone/romegas/,52-27,2,GEN (General activity establishment - EU) | PM (Meat from poultry and lagomorphs),CS - Cold Stores; WM - Wholesale Market; RW - Re-wrapping Establishment | CP - Cutting Plant,"S. Lozoraičio g. 17E, Garliava, Kauno raj.",Garliava,Kaunas County,Lithuania,,,,
470,UAB Rūkoriai,MATCH,"Rūkoriai, UAB",304747223,LT100011556717,+370 606 62696,,,Jonas Ramaslauskas,direktorius,11,"Tekliūnų g. 6, LT-14193 Vilnius",Vilnius,LT-14193,"Žuvininkystė, žuvies produktai; Gamyba; Maisto gamyba",https://rekvizitai.vz.lt/imone/rukoriai/,LT 01-083 Ž; LT 13-107 Ž,1,FFP (Fishery products - EU),PP - Processing Plant,Tarandės g. 9,Vilnius,Vilnius County,Lithuania,,,,
471,UAB SALDOGA,MATCH,"Saldoga, UAB",134505238,LT345052314,+370 615 68786,,http://www.saldoga.lt,Donata Grikštaitė,,202,"Jiesios g. 6, Ilgakiemio k., Kauno r.",Kauno r.,LT-53288,"Žuvininkystė, žuvies produktai; Gamyba",https://rekvizitai.vz.lt/imone/saldoga/,LT 72-03; 52-38; 52-16,1,FFP (Fishery products - EU),PP - Processing Plant,"Pramonės g. 3, Raseinių sen.",Gabšiai,Kaunas County,Lithuania,,,,
472,UAB SANITEX,MATCH,UAB SANITEX,110443493,LT104434917,+370 37 401111,,http://www.sanitex.eu,Ramūnas Kairys,,1178,"Raudondvario pl. 131C, LT-47501 Kaunas",Kaunas,LT-47501,Didmeninė prekyba; Kanceliarijos prekės; Logistikos paslaugos; Pardavimo automatai,https://rekvizitai.vz.lt/imone/sanitex_bendra_lietuvos_jav_imone_uab/,520001016,1,GEN (General activity establishment - EU),WM - Wholesale Market,"Kauno apskr. Kauno r. sav., Alšėnų sen., Kampiškių k., Alšėnų g. 8",Alšėnai,Kaunas County,Lithuania,,,,
473,UAB SANJAGA,MATCH,"Sanjaga, UAB",304399051,LT100010559615,+370 648 51102,,,Povilas Jurčys,direktorius,7,"Antanavos g. 6-27, Kaunas",Kaunas,LT-46280,"Mėsa, mėsos produktai; Didmeninė prekyba; Maisto parduotuvės; Mažmeninė prekyba",https://rekvizitai.vz.lt/imone/sanjaga/,46-10,1,RPM (Meat products),PP - Processing Plant,"Kauno apskr. Jonavos r. sav., Jonavos miesto sen., Jonava, Fabriko g. 3",Jonava,Kaunas County,Lithuania,,,,
474,UAB SAUVA,MATCH,"Sauva, UAB",300018357,LT100000982116,+370 671 11080,,,Saulius Valiūnas,direktorius,5,"Gandrų g. 11, Neveronių k., Kauno r.",Kauno r.,,Maisto parduotuvės; Didmeninė prekyba,https://rekvizitai.vz.lt/imone/uab_sauva/,520000869,1,GEN (General activity establishment - EU),WM - Wholesale Market,"Kauno apskr. Kauno r. sav., Neveronių sen., Neveronys",Neveronys,Kaunas County,Lithuania,,,,
475,UAB SBE,MATCH,"SBE, UAB",167622291,LT676222917,+370 698 27254,,http://www.casings-processing.lt/,Sigitas Bikas,,16,"Runionių k., LT-33313 Molėtų r.",Molėtų r.,LT-33313,Didmeninė prekyba; Eksportas; Gamyba; Odos gaminiai,https://rekvizitai.vz.lt/imone/sbe/,LT 62-01 EB,1,"CAS (Treated stomachs, bladders and intestines: casings only)",PP - Processing Plant,"Suojos g. 5, Runionių k., Alantos sen., Molėtų r. sav.",Runionys,Utena County,Lithuania,,,,
476,UAB SENASIS MALŪNAS,MATCH,"UAB ""Senasis Malūnas""",302198530,LT100004550215,+370 699 64903,,,Generalinis direktorius Juozas Metrikis,,11,"Vytauto g. 33-14, Vilnius",Vilnius,LT-08119,"Mėsa, mėsos produktai; Gamyba; Kavinės, klubai, barai, restoranai; Maisto parduotuvės",https://rekvizitai.vz.lt/imone/uab_senasis_malunas/,87-01,2,RM (Meat of domestic ungulates) | RPM (Meat products),CP - Cutting Plant | PP - Processing Plant,"Bažnyčios g. 1, 75102 Balsiai, Šilalės kaimiškoji sen., Šilalės r. sav.",Šilalė,Taurage County,Lithuania,,,,
477,UAB SINANO KEBABAI,NO_MATCH,,,,,,,,,,,,,,,LT 01-066 M,1,"MM (Minced meat, meat preparations and mechanically separated meat – MM, MP, MSM)",MP - Meat Preparation Plant,A. Basanavičiaus g. 37,Vilnius,Vilnius County,Lithuania,,,,
478,UAB SKONIO PASLAPTIS,MATCH,"Skonio paslaptis, UAB",122641522,LT226415219,(85)2319566,,http://www.skoniopaslaptis.lt,Audrius Garbauskas,direktorius,22,"Vaikystės g. 2, Avižienių k., LT-14184 Vilniaus r.",Vilniaus r.,LT-14184,Maisto gamyba; Didmeninė prekyba; Kepyklos; Šaldyti maisto produktai,https://rekvizitai.vz.lt/imone/skonio_paslaptis/,LT 41-07 EB,1,"MM (Minced meat, meat preparations and mechanically separated meat – MM, MP, MSM)",MP - Meat Preparation Plant,Vaikystės g. 2,Avižieniai,Vilnius County,Lithuania,,,,
479,UAB SMILGIAI,MATCH,"Smilgiai, UAB",302583031,LT100005863010,+370 616 09193,,,Modestas Utkevičius,direktorius,2,"Parko g. 3, Smilgių k., Marijampolė",Marijampolė,,"Mediena, jos gaminiai; Miškininkystė",https://rekvizitai.vz.lt/imone/smilgiai/,18-060,1,RPM (Meat products),PP - Processing Plant,"Parko g. 3, Smilgių k., Sasnavos sen., Marijampolės sav.",Smilgiai,Marijampole County,Lithuania,,,,
480,UAB Saldukas,MATCH,"Saldukas, UAB",120810411,LT208104113,+370 626 28187,,http://www.saldukas.lt,Vidmantas Lunius,,6,"Pušų g. 9, Kalviškių k., LT-14105 Vilniaus r.",Vilniaus r.,LT-14105,Maisto produktai; Didmeninė prekyba; Sandėliavimas; Sveiki produktai,https://rekvizitai.vz.lt/imone/saldukas/,41-04,1,GEN (General activity establishment - EU),RW - Re-wrapping Establishment; WM - Wholesale Market,Pušų g. 9,Kalviškių k.,Vilnius County,Lithuania,,,,
481,UAB Samsonas,MATCH,"Samsonas, UAB",133140587,LT331405811,+370 37 490670,,http://www.samsonas.lt,Henrikas Urbšta,generalinis direktorius,408,"Europos pr. 38, LT-46369 Kaunas",Kaunas,LT-46369,"Mėsa, mėsos produktai; Didmeninė prekyba; Maisto gamyba; Maisto produktai",https://rekvizitai.vz.lt/imone/samsonas/,190007584; 19-11; LT 84-07,2,GEN (General activity establishment - EU) | RPM (Meat products),WM - Wholesale Market | CS - Cold Stores; RW - Re-wrapping Establishment | PP - Processing Plant,"Europos pr. 36, Kaunas",Kaunas,Kaunas County,Lithuania,,,,
482,UAB Santamed,MATCH,"Santamed LT, UAB",304497702,LT100010876917,+370 605 23449,,,Gracijus Ivanauskas,direktorius,17,"Sodų g. 1, Linksmakalnio k., Kauno r.",Kauno r.,LT-53290,"Vaistai, medicininės medžiagos",https://rekvizitai.vz.lt/imone/santamed_lt/,52-29,1,GEN (General activity establishment - EU),RW - Re-wrapping Establishment,"Liepų g. 9, Linksmakalnis, Kauno r.",Linksmakalnis,Kaunas County,Lithuania,,,,
483,UAB Sauda,MATCH,"UAB ""Sauda""",120507414,LT205074113,+370 5 2133288,,http://www.1414.lt,Saulius Kundrotas,direktorius,14,"Minsko pl. 21, LT-02121 Vilnius",Vilnius,LT-02121,Pagalba kelyje; Autoservisai; Avarinės tarnybos; Transporto paslaugos,https://rekvizitai.vz.lt/imone/sauda_technine_pagalba_kelyje/,52-04,1,GEN (General activity establishment - EU),RW - Re-wrapping Establishment,"Pramonės g. 11, Stanaičių k., Kauno r.",Stanaičių k.,Kaunas County,Lithuania,,,,
484,UAB Saudona LT,MATCH,"UAB ""SAUDONA LT""",302615041,LT100006456612,+370 633 55755,,,Donatas Zvicevičius,direktorius,30,"Politechnikos g. 219, Naujasodžio k., Kauno r.",Kauno r.,LT-44100,Transporto paslaugos; Automobilių prekyba,https://rekvizitai.vz.lt/imone/saudona_lt/,520001515,1,GEN (General activity establishment - EU),WM - Wholesale Market,"Politechnikos g. 219, Naujasodžio k., Karmėlavos sen., Kauno r.",Kaunas,Kaunas County,Lithuania,,,,
485,UAB Scandinavian Seafood Factory,NO_MATCH,,,,,,,,,,,,,,,LT 85-03,2,GEN (General activity establishment - EU) | RPM (Meat products),RW - Re-wrapping Establishment; CS - Cold Stores | PP - Processing Plant,Vilniaus g. 3,Šalčininkai,Vilnius County,Lithuania,,,,
486,UAB Seafood Market LT,MATCH,"Seafood Market LT, UAB",307454581,LT100020655018,+370 648 53561,,https://zuvisinamus.lt/,Aivaras Maslauskas,,1,"Servečės g. 2, LT-02121 Vilnius",Vilnius,LT-02121,"Žuvininkystė, žuvies produktai",https://rekvizitai.vz.lt/imone/seafood_market_lt/,01-57,2,FFP (Fishery products - EU) | GEN (General activity establishment - EU),WM - Wholesale Market | RW - Re-wrapping Establishment; CS - Cold Stores,"Servečės g. 2, Vilniaus m. sav.",Vilnius,Vilnius County,Lithuania,,,,
487,UAB Sedva,MATCH,"Sedva, UAB",304203887,LT100010052414,+370 626 86565,,,Ernestas Šukaitis,direktorius,7,"Europos pr. 106A, Kaunas",Kaunas,LT-46351,"Mėsa, mėsos produktai",https://rekvizitai.vz.lt/imone/sedva/,19-12,1,RM (Meat of domestic ungulates),CP - Cutting Plant,"Europos pr. 106 A, Kaunas",Kaunas,Kaunas County,Lithuania,,,,
488,UAB Senolių alksnynė,MATCH,"SENOLIŲ ALKSNYNĖ, UAB",302834398,LT100007116614,+370 674 75376,,,Valdas Dičkus,direktorius,8,"Plento g. 13, Ramučių k., Kauno r.",Kauno r.,LT-54464,"Mėsa, mėsos produktai",https://rekvizitai.vz.lt/imone/senoliu_alksnyne_uab/,52-05,1,RPM (Meat products),PP - Processing Plant,"Plento g. 13, Ramučiai, Kauno raj.",Ramučiai,Kaunas County,Lithuania,,,,
489,UAB Senolių gardumynai,MATCH,"Senolių gardumynai, UAB",302602407,LT100006490814,+370 675 83019,,,Šarūnė Špokevičienė,direktorė,8,"Varluvos g. 9, Varluvos k., LT-54341 Kauno r.",Kauno r.,LT-54341,"Mėsa, mėsos produktai; Gamyba; Maisto produktai",https://rekvizitai.vz.lt/imone/senoliu_gardumynai/,52-06,1,RPM (Meat products),PP - Processing Plant,"Varluvos g. 9, Varluvos k., Kauno raj.",Varluva,Kaunas County,Lithuania,,,,
490,UAB Skaistės mėsa,NO_MATCH,,,,,,,,,,,,,,,19-22,2,RM (Meat of domestic ungulates) | RPM (Meat products),CP - Cutting Plant | PP - Processing Plant,"Marijampolės pl. 14, Kaunas",Kaunas,Kaunas County,Lithuania,,,,
491,UAB Skonio iššūkis,MATCH,"Skonio iššūkis, UAB",305950479,LT100014919714,+370 685 23359,,http://www.skonioissukis.lt,,,20,"Portugalų g. 6, LT-11329 Vilnius",Vilnius,LT-11329,"Mėsa, mėsos produktai; Maisto gamyba; Maisto produktai",https://rekvizitai.vz.lt/imone/skonio_issukis/,LT 11-08 EB,1,RPM (Meat products),PP - Processing Plant,"Naujoji g. 124-1, Alytus",Alytus,Alytus County,Lithuania,,,,
492,UAB Sraigių delikatesai,MATCH,"Sraigių delikatesai, MB",302931420,LT100007338815,+370 611 00390,,http://www.sraigiudelikatesai.lt,Gediminas Micuta,,,"Rasytės g. 24-59, Kaunas",Kaunas,LT-48118,"Sveiki produktai; Kavinės, klubai, barai, restoranai; Maistas į namus, biurą",https://rekvizitai.vz.lt/imone/sraigiu_delikatesai/,520001550,1,GEN (General activity establishment - EU),WM - Wholesale Market,"Marijampolės g. 27, Pagiriai, Garliavos sen., Kauno r.",Pagiriai,Kaunas County,Lithuania,,,,
493,UAB Stilsas,MATCH,"Stilsas NT, UAB",303200233,LT100008184811,+370 41 553070,,http://www.tausistema.lt,Vytautas Mačiūnas,generalinis direktorius,3,"Verdulių g. 4, Šiauliai",Šiauliai,LT-78112,Nekilnojamasis turtas,https://rekvizitai.vz.lt/imone/stilsas_nt/,LT29-01,1,RPM (Meat products),PP - Processing Plant,Verdulių g. 4,Šiauliai,Siauliai County,Lithuania,,,,
494,UAB Stoniškių žara,MATCH,"Stoniškių Žara, UAB",277046140,LT770461416,+370 441 41765,,,,,13,"Rukų k., LT-99302 Pagėgiai",Pagėgiai,LT-99302,"Maisto produktai; Gamyba; Mėsa, mėsos produktai",https://rekvizitai.vz.lt/imone/stoniskiu_zara/,88-33,3,"MM (Minced meat, meat preparations and mechanically separated meat – MM, MP, MSM) | RM (Meat of domestic ungulates) | RPM (Meat products)",MM - Minced Meat Plant | CP - Cutting Plant | PP - Processing Plant,"Tauragės apskr., Pagėgių sav., Stoniškių sen., Rukai, Vilties g. 1",Rukai,Taurage County,Lithuania,,,,
495,UAB Takažolė,MATCH,"Takažolė, UAB",122773794,LT227737917,+370 383 44105,,,Aurimas Vitkauskas,direktorius,19,"Aukštakalnio g. 5, Toliejų k., LT-33352 Molėtų r.",Molėtų r.,LT-33352,"Mėsa, mėsos produktai; Gyvuliai, žvėrys, paukščiai ir jų veisimas; Patalpų nuoma",https://rekvizitai.vz.lt/imone/uab_takazole/,LT 62-04 EB,3,RM (Meat of domestic ungulates) | GM (Meat of farmed game) | RPM (Meat products),SH - Slaughterhouse | CP - Cutting Plant; SH - Slaughterhouse | PP - Processing Plant,"Molėtų r. sav., Čiulėnų sen., Toliejų k., Aukštakalnio g. 5",Toliejai,Utena County,Lithuania,,,,
496,UAB Tasiga,MATCH,"Tasiga, UAB",304241140,LT100010813010,-,,,Tadas Gideika,direktorius,5,"Ragainės g. 3, Šiauliai",Šiauliai,LT-78112,"Kepyklos; Gamyba; Konditerija, saldumynai; Maisto gamyba",https://rekvizitai.vz.lt/imone/tasiga/,LT 29-06,1,RPM (Meat products),PP - Processing Plant,Ragainės g.3,Šiauliai,Siauliai County,Lithuania,,,,
497,UAB Tavijuta,MATCH,"Tavijuta, UAB",147076358,LT470763515,+370 45 581680,,http://www.tavijuta.lt,Tadas Petronis,direktorius,33,"Pramonės g. 8 K2-3, LT-35100 Panevėžys",Panevėžys,LT-35100,Maisto produktai; Gamyba; Šaldyti maisto produktai,https://rekvizitai.vz.lt/imone/tavijuta/,LT27-02 EB,1,RPM (Meat products),PP - Processing Plant,Pramonės g. 8,Panevežys,Panevezys County,Lithuania,,,,
498,UAB Tikras dūmas,MATCH,"Tikras dūmas, UAB",304942629,LT100012485810,+370 610 28747,,,Loreta Stuopelienė,direktorius,,"Liepų g. 3, Stanelių k., Plungės r.",Plungės r.,LT-90487,"Mėsa, mėsos produktai; Maisto gamyba; Maisto produktai",https://rekvizitai.vz.lt/imone/tikras_dumas/,68-12,1,RPM (Meat products),PP - Processing Plant,"Liepų g. 3, Stanelių k., Plungės r. sav.",Staneliai,Telsiai County,Lithuania,,,,
499,UAB Tisara,MATCH,"Tisara, UAB",302623159,LT100006115515,+370 380 32453,,,Kristina Svorobovič,,7,"Vilniaus g. 9, Šalčininkėlių k., Šalčininkų r.",Šalčininkų r.,LT-17268,Turgavietės,https://rekvizitai.vz.lt/imone/tisara/,LT 85-06,2,GEN (General activity establishment - EU) | RPM (Meat products),CS - Cold Stores | PP - Processing Plant,Naujoji g. 6,Šalčininkėliai,Vilnius County,Lithuania,,,,
500,UAB Tradita,MATCH,"Tradita, UAB",122606350,LT226063515,+370 380 56622,,,Tadeuš Valiuk,direktorius,10,"Mantviliškės, LT-17161 Šalčininkų r.",Šalčininkų r.,LT-17161,"Mėsa, mėsos produktai; Didmeninė prekyba; Gamyba; Maisto produktai",https://rekvizitai.vz.lt/imone/tradita/,LT 85-17,2,"MM (Minced meat, meat preparations and mechanically separated meat – MM, MP, MSM) | RPM (Meat products)",MP - Meat Preparation Plant; MM - Minced Meat Plant | PP - Processing Plant,Naujoji g.11,Mantviliškės,Vilnius County,Lithuania,,,,
501,UAB Transneda,MATCH,"Transneda, UAB",302520287,LT100005514113,+370 606 33137,,,Vilius Slatkevičius,direktorius,8,"Šilutės pl. 15A, Klaipėda",Klaipėda,LT-91109,Sandėliavimas; Logistikos paslaugos,https://rekvizitai.vz.lt/imone/transneda/,21-42,1,GEN (General activity establishment - EU),WM - Wholesale Market; CS - Cold Stores,"Šilutės pl. 15A, Klaipėda, Klaipėdos m. sav.",Klaipėda,Klaipeda County,Lithuania,,,,
502,UAB Trinas,MATCH,"Trinas, UAB",134784955,LT347849515,+370 37 311717,,http://www.trinas.eu,Darius Semėnas,direktorius,2,"Savanorių pr. 281-415, LT-50128 Kaunas",Kaunas,LT-50128,Logistikos paslaugos; Didmeninė prekyba; Geležinkelių transportas; Maisto produktai,https://rekvizitai.vz.lt/imone/trinas/,190012141,1,GEN (General activity establishment - EU),WM - Wholesale Market,"Taikos pr. 96, Kaunas",Kaunas,Kaunas County,Lithuania,,,,
503,UAB VALDARAGIS,MATCH,"Valdaragis, UAB",302971379,LT100007439910,+370 650 66805,,http://www.valdaragis.eu,Valdas Ragėnas,direktorius,6,"Ateities g. 2, Katlėrių k., Anykščių r.",Anykščių r.,LT-29162,Maisto gamyba; Maisto produktai; Transporto paslaugos,https://rekvizitai.vz.lt/imone/uab_valdaragis/,LT 34-04 EB,1,"MM (Minced meat, meat preparations and mechanically separated meat – MM, MP, MSM)",MP - Meat Preparation Plant,"Ateities g. 2  Katlėriai Skiemonių sen, Anykščių sen",Anykšciai,Utena County,Lithuania,,,,
504,UAB VARĖNOS PIENELIS,MATCH,"Varėnos pienelis, UAB",300076289,LT100001453913,+370 310 51669,,http://www.varenospienelis.lt,Jolanta Kuzminienė,direktorė,148,"J. Basanavičiaus g. 52, LT-65210 Varėna",Varėna,LT-65210,"Pienas, pieno produktai; Gamyba; Maisto produktai",https://rekvizitai.vz.lt/imone/varenos_pienelis/,LT 38-01P EB,2,"MMP (Raw milk, dairy products, colostrum and colostrum-based products) | GEN (General activity establishment - EU)",PP - Processing Plant | CS - Cold Stores,"J. Basanavičiaus g. 52, Varėna",Varėna,Alytus County,Lithuania,,,,
505,UAB VASAKNOS,MATCH,UAB Vasaknos,187854895,LT878548917,+370 385 56165,,http://www.vasaknos.lt,Algirdas Šiukščius,generalinis direktorius,36,"Sudeikių g. 6, Vasaknų k., LT-32311 Zarasų r.",Zarasų r.,LT-32311,"Žuvininkystė, žuvies produktai",https://rekvizitai.vz.lt/imone/vasaknos/,43-02 EB,1,FFP (Fishery products - EU),PP - Processing Plant,"Vasaknos, Dusetų sen., Zarasų r. sav.",Vasaknos,Utena County,Lithuania,,,,
506,UAB VENDITOR,NO_MATCH,,,,,,,,,,,,,,,520000991,1,GEN (General activity establishment - EU),WM - Wholesale Market,"Kauno apskr. Kauno r. sav., Ringaudų sen., Virbališkių k., Verslo g. 3",Dievogalos k.,Kaunas County,Lithuania,,,,
507,UAB VETROLITA,MATCH,"Vetrolita, UAB",300663475,LT100004174217,+370 662 62765,,,,,5,"Biliuškių g. 6, Bukonių k., Jonavos r.",Jonavos r.,LT-55414,"Mėsa, mėsos produktai; Gamyba; Maisto produktai",https://rekvizitai.vz.lt/imone/uab_vetrolita/,46-03,1,RPM (Meat products),PP - Processing Plant,"Kauno apskr. Jonavos r. sav., Jonavos miesto sen., Jonava, Alksnių g. 14",Jonava,Kaunas County,Lithuania,,,,
508,UAB VIA 3L LT,MATCH,"VIA 3L LT, UAB",126410751,LT100000998516,+370 699 24989,,https://www.via3l.eu/,Gintautas Čečys,,217,"Liepkalnio g. 172M, LT-02121 Vilnius",Vilnius,LT-02121,"Logistikos paslaugos; Muitinių paslaugos, muitinės; Sandėliavimas; Transporto paslaugos",https://rekvizitai.vz.lt/imone/terminal_lt/,LT 41-01,1,GEN (General activity establishment - EU),CS - Cold Stores,Minsko pl. 55,Kuprioniškės,Vilnius County,Lithuania,,,,
509,UAB VIKEDA,MATCH,"Vikeda, UAB",161438587,LT614385811,+370 618 00088,,https://www.linkedin.com/company/19094447/admin/dashboard/,Algirdas Gauronskis,generalinis direktorius,186,"J. Basanavičiaus g. 2B, LT-57151 Kėdainiai",Kėdainiai,LT-57151,"Maisto produktai; Eksportas; Gamyba; Pienas, pieno produktai",https://rekvizitai.vz.lt/imone/vikeda/,53-05P; 190011766; 520001360; 520001361,2,"MMP (Raw milk, dairy products, colostrum and colostrum-based products) | GEN (General activity establishment - EU)",PP - Processing Plant | CS - Cold Stores | WM - Wholesale Market,"J.Basanavičiaus g 2B, Kėdainiai",Kėdainiai,Kaunas County,Lithuania,,,,
510,UAB VITANEDA,MATCH,"UAB ""Vitaneda""",302620070,LT100006690413,+370 657 56345,,,Bronius Pratašius,direktorius,3,"Maironio skg. 14, Skaudvilė, Tauragės r.",Tauragės r.,LT-73435,"Gyvuliai, žvėrys, paukščiai ir jų veisimas; Maisto produktai; Mėsa, mėsos produktai",https://rekvizitai.vz.lt/imone/vitaneda/,77-11,3,WM (Wild game meat) | RM (Meat of domestic ungulates) | RPM (Meat products),CP - Cutting Plant | SH - Slaughterhouse; CP - Cutting Plant | PP - Processing Plant,"Tauragės apskr., Tauragės r. sav., Skaudvilės sen., Skaudvilė, Maironio skg. 14",Skaudvilė,Taurage County,Lithuania,,,,
511,UAB VIČIŪNAI IR KO,MATCH,"Vičiūnai ir Ko, UAB",135571967,LT355719610,+370 37 314484,,http://www.vici.lt,Dainius Matijošaitis,,198,"Karaliaus Mindaugo pr. 38, LT-44307 Kaunas",Kaunas,LT-44307,Didmeninė prekyba; Maisto produktai; Šaldyti maisto produktai,https://rekvizitai.vz.lt/imone/viciunai_ir_ko/,135571967; 190011844; 520002055; 520001167,2,FFP (Fishery products - EU) | GEN (General activity establishment - EU),WM - Wholesale Market,Karaliaus Mindaugo pr. 38.,Kaunas,Kaunas County,Lithuania,,,,
512,UAB VLANTANA,MATCH,"Vlantana, UAB",163377040,LT633770418,+370 46 416505,,http://www.vlantana.eu,Generalinė direktorė,Sabina Chochrina,2004,"Dvaro g. 1, Gobergiškės k., LT-96173 Klaipėdos r.",Klaipėdos r.,LT-96173,Logistikos paslaugos; Sandėliavimas; Transporto paslaugos,https://rekvizitai.vz.lt/imone/vlantana/,LT 55-09 EB; 55-34,1,GEN (General activity establishment - EU),CS - Cold Stores; WM - Wholesale Market | CS - Cold Stores,"Dvaro g.1, LT-92498 Gobergiškės k. Klaipėdos r.",Gobergiškė,Klaipeda County,Lithuania,,,,
513,UAB VPA Logistics,MATCH,"VPA LOGISTICS, UAB",301530766,LT100003774411,+370 46 412900,,http://www.vpalogistics.eu,Darius Beinortas,generalinis direktorius,171,"Grįžgatvio g. 6, Klaipėda",Klaipėda,LT-91286,"Geležinkelių transportas; Logistikos paslaugos; Muitinių paslaugos, muitinės; Sandėliavimas",https://rekvizitai.vz.lt/imone/vpa_logistics/,LT 21-36 EB,1,GEN (General activity establishment - EU),CS - Cold Stores; WM - Wholesale Market,"Stariškės g. 25, Laistų k., Dovilų sen., Klaipėdos r. sav.",Laistai,Klaipeda County,Lithuania,,,,
514,UAB Vadus,NO_MATCH,,,,,,,,,,,,,,,190011701,1,GEN (General activity establishment - EU),WM - Wholesale Market,"Pramonės pr. 16F, Kaunas",Kaunas,Kaunas County,Lithuania,,,,
515,UAB Vesta inter,MATCH,"Vesta-Inter, UAB",132000618,LT320006113,+370 676 20792,,,Laima Stanislovaitienė,direktorė,7,"Smėlio g. 14, Jančių k., Šakių r.",Šakių r.,LT-71229,"Šaldyti maisto produktai; Maisto gamyba; Maisto produktai; Mėsa, mėsos produktai",https://rekvizitai.vz.lt/imone/vesta_inter/,19-02,1,"MM (Minced meat, meat preparations and mechanically separated meat – MM, MP, MSM)",MP - Meat Preparation Plant; MM - Minced Meat Plant,"Ateities pl.34, Kaunas",Kaunas,Kaunas County,Lithuania,,,,
516,UAB Vievio paukštynas,NO_MATCH,,,,,,,,,,,,,,,LT 42-06,1,EEP (Eggs and egg products),EPC - Egg-packing Centre,"Paukštyno g. 9, Ausieniškės k. Elektrėnų sav. Lietuva",Ausieniškių k.,Vilnius County,Lithuania,,,,
517,UAB Vikonas,MATCH,"UAB ""Vikonas""",302648187,LT100006279719,+370 686 21802,,,Vladas Gindrėnas,direktorius,40,"Vilniaus g. 3, Anykščiai",Anykščiai,LT-29145,"Daržininkystė, sodininkystė; Grūdininkystė",https://rekvizitai.vz.lt/imone/vikonas/,LT 34-02 EB,1,RM (Meat of domestic ungulates),SH - Slaughterhouse,"Panevėžio g. 3B, Janušavos km., Kavarsko sen., Anykščių raj",Janušava,Utena County,Lithuania,,,,
518,UAB Vilniaus Citma,MATCH,"Vilniaus citma, UAB",126099193,LT260991917,+370 5 2603204,,http://www.citma.lt,Rokas Rudenka,direktorius,55,"Kirtimų g. 57A, LT-02244 Vilnius",Vilnius,LT-02244,"Didmeninė prekyba; Daržininkystė, sodininkystė; Žemės ūkis, paslaugos",https://rekvizitai.vz.lt/imone/vilniaus_citma/,LT 01-34,1,GEN (General activity establishment - EU),CS - Cold Stores; WM - Wholesale Market,Kirtimų g. 57A,Vilnius,Vilnius County,Lithuania,,,,
519,UAB Vilniaus bakalėja,MATCH,"Vilniaus bakalėja, UAB",121574145,LT215741417,+370 5 2641991,,http://www.vbakaleja.lt,Jurij Sergejev,generalinis direktorius,11,"Kirtimų g. 47B, LT-02244 Vilnius",Vilnius,LT-02244,"Sandėliavimas; Muitinių paslaugos, muitinės; Nekilnojamasis turtas; Patalpų nuoma",https://rekvizitai.vz.lt/imone/vilniaus_bakaleja/,LT 01-08 EB,1,GEN (General activity establishment - EU),CS - Cold Stores,Kirtimų g. 47,Vilnius,Vilnius County,Lithuania,,,,
520,UAB Vilnė,MATCH,"UAB ""Vilnė""",301925560,LT100004336812,+370 629 59990,,https://www.mesostiekejas.lt/,Valentas Totoris,direktorius,11,"Kirtimų g. 57D-101, LT-02244 Vilnius",Vilnius,LT-02244,Maisto produktai,https://rekvizitai.vz.lt/imone/uab_vilne/,01-53,1,GEN (General activity establishment - EU),WM - Wholesale Market; CS - Cold Stores,"Kirtimų g. 57D-101, Vilnius",Vilnius,Vilnius County,Lithuania,,,,
521,UAB Vingės Transsphere logistika,MATCH,"VINGĖS TRANSSPHERE LOGISTIKA, UAB",300099373,LT100002052118,+370 528 40000,,http://www.vtlogistika.lt,Viktor Adamaitis,,61,"Logistikos g. 2, Sausių k., LT-21401 Trakų r.",Trakų r.,LT-21401,"Logistikos paslaugos; Muitinių paslaugos, muitinės; Sandėliavimas; Transporto paslaugos",https://rekvizitai.vz.lt/imone/uab_vinges_transsphere_logistika/,LT 79-02 EB,1,GEN (General activity establishment - EU),CS - Cold Stores,"2 SAUSIU K, LENTVARIS",Vilniškės,Vilnius County,Lithuania,,,,
522,UAB Vipita,MATCH,"Vipita, UAB",303174564,LT100008135218,+370 655 62702,,http://www.vipita.lt,Benas Puišys,,5,"Šv. Florijono g. 17, Pravieniškių k., LT-56369 Kaišiadorių r.",Kaišiadorių r.,LT-56369,Atliekų tvarkymas; Trąšos,https://rekvizitai.vz.lt/imone/vipita/,190011178,1,GEN (General activity establishment - EU),WM - Wholesale Market,"Taikos pr. 94, Kaunas",Kaunas,Kaunas County,Lithuania,,,,
523,UAB Vičiūnai ir partneriai,MATCH,"Vičiūnai ir partneriai, UAB",171757754,LT717577515,+370 448 73170,,http://www.vici.eu,Artūras Rudgalvis,,725,"Birutės g. 50, LT-90112 Plungė",Plungė,LT-90112,"Žuvininkystė, žuvies produktai; Gamyba",https://rekvizitai.vz.lt/imone/viciunai_ir_partneriai/,68-11; 520001874; 190011862,2,FFP (Fishery products - EU) | GEN (General activity establishment - EU),PP - Processing Plant | WM - Wholesale Market,Birutės g. 48,Plungė,Telsiai County,Lithuania,,,,
524,UAB Voveriškiai LT,MATCH,"Voveriškiai LT, UAB",304777992,LT100011712314,+370 687 23559,,,Vladas Damonskis,direktorius,12,"Ringuvos g. 6, Voveriškių k., Šiaulių r.",Šiaulių r.,LT-77194,"Mėsa, mėsos produktai; Gamyba; Kita veikla",https://rekvizitai.vz.lt/imone/madnas/,LT91-03,1,RPM (Meat products),PP - Processing Plant,"Ringuvos g. 6, Voveriškių kaimas, Šiaulių rajonas",Voveriškių k.,Siauliai County,Lithuania,,,,
525,UAB Vytas ir KO,MATCH,"Vytas ir Ko, UAB",300007880,LT100000862014,+370 656 54073,,,Vytautas Berankis,,4,"Taikos pr. 96, Kaunas",Kaunas,LT-51178,Maisto produktai; Didmeninė prekyba,https://rekvizitai.vz.lt/imone/vytas_ir_ko/,190010758,1,GEN (General activity establishment - EU),WM - Wholesale Market,"Taikos pr. 94, Kaunas",Kaunas,Kaunas County,Lithuania,,,,
526,UAB Zeinarus,MATCH,"Zeinarus, UAB",211822860,LT118228610,+370 699 60000,,,Dilara Zeynalova,,1,"Panerių g. 51, LT-03160 Vilnius",Vilnius,LT-03160,"Maisto produktai; Didmeninė prekyba; Laivų remontas, statyba; Statybinės medžiagos",https://rekvizitai.vz.lt/imone/uab_zeinarus/,190011743,1,GEN (General activity establishment - EU),WM - Wholesale Market,"Europos pr. 36, Kaunas",Kaunas,Kaunas County,Lithuania,,,,
527,UAB Zūbiškių konservai,MATCH,"Zūbiškių konservai, UAB",304410665,LT100013459110,+370 604 34885,,,Rūta Kriaučiūnaitė-Jaromin,direktorė,3,"Kaštonų g. 5, Zūbiškių k., Kaišiadorių r.",Kaišiadorių r.,LT-56394,"Mėsa, mėsos produktai; Gamyba; Maisto produktai",https://rekvizitai.vz.lt/imone/zubiskiu_konservai/,49-13,2,GM (Meat of farmed game) | RPM (Meat products),CP - Cutting Plant | PP - Processing Plant,"Kaštonų g. 3, Zūbiškės, Palemonės sen., Kaišiadorių raj.",Zūbiškės,Kaunas County,Lithuania,,,,
528,UAB jFish,MATCH,"jFish, UAB",302622018,LT100006150311,+370 699 34741,,http://www.šamas.lt,,,,"Vingio g. 13, Naujųjų Muniškių k., Kauno r.",Kauno r.,LT-54317,"Žuvininkystė, žuvies produktai",https://rekvizitai.vz.lt/imone/jfish/,52-19,1,FFP (Fishery products - EU),PP - Processing Plant,"Vingio g. 13, Naujieji Muniškiai, Kauno r.",Naujieji Muniškiai,Kaunas County,Lithuania,,,,
529,UAB Šaldymo technologijos,MATCH,"UAB ""Šaldymo technologijos""",148239580,LT482395811,+370 685 34255,,http://www.saldymotechnologijos.lt,Tomas Taminskas,,14,"Nausodės g. 33, Paviešečių k., LT-38366 Panevėžio r.",Panevėžio r.,LT-38366,"Šaldymo įrenginiai; Gamyba; Pramonės įrengimai; Vėdinimas, kondicionavimas",https://rekvizitai.vz.lt/imone/uab_saldymo_technologijos/,LT66-08 EB,1,GEN (General activity establishment - EU),CS - Cold Stores,"Nausodės g. 33, Paviešečių k., Panevėžio r.",Paviešečiai,Panevezys County,Lithuania,,,,
530,UAB Šerno pėda,MATCH,"UAB ""ŠERNO PĖDA""",302718511,LT100006640712,+370 620 59227,,http://www.sernopeda.lt,Laura Viriūnė,direktorė,20,"Stoties g. 42, LT-35106 Panevėžys",Panevėžys,LT-35106,"Mėsa, mėsos produktai; Gamyba; Maisto produktai",https://rekvizitai.vz.lt/imone/serno_peda/,LT27-07 EB,1,RPM (Meat products),PP - Processing Plant,"Stoties g. 42, LT-35106, Panevėžys",Panevežys,Panevezys County,Lithuania,,,,
531,UAB Švaistūnas,MATCH,"Švaistūnas, UAB",133724460,LT337244610,+370 685 47681,,http://www.svaistunas.lt,Alina Kairytė,,12,"P. Lukšio g. 58, LT-49349 Kaunas",Kaunas,LT-49349,"Maisto produktai; Didmeninė prekyba; Gamyba; Mėsa, mėsos produktai",https://rekvizitai.vz.lt/imone/svaistunas/,19-08,3,"MM (Minced meat, meat preparations and mechanically separated meat – MM, MP, MSM) | RM (Meat of domestic ungulates) | RPM (Meat products)",MM - Minced Meat Plant; MP - Meat Preparation Plant | CP - Cutting Plant | PP - Processing Plant,"Vandžiogalos pl. 98, Kaunas",Kaunas,Kaunas County,Lithuania,,,,
532,UAB Žemaira,MATCH,"Žemaira, UAB",162534510,LT625345113,+370 427 57318,,,Aušra Stanelienė,,10,"Žemaitės g. 18a, Užventis, LT-86343 Kelmės r.",Kelmės r.,LT-86343,"Mėsa, mėsos produktai; Gamyba; Maisto produktai",https://rekvizitai.vz.lt/imone/zemaira/,LT 54-17,1,RPM (Meat products),PP - Processing Plant,"Žemaitės g.18a, Užvenčio mstl., Užvenčio sen., Kelmės r. sav., LT-86343",Kelmė,Siauliai County,Lithuania,,,,
533,UAB Žemaitijos pienas,MATCH,"ŽEMAITIJOS PIENAS, AB",180240752,LT802407515,+370 444 22201,,http://www.zpienas.lt,Robertas Pažemeckas,generalinis direktorius,1304,"Sedos g. 35, LT-87101 Telšiai",Telšiai,LT-87101,"Maisto produktai; Gamyba; Kavinės, klubai, barai, restoranai; Pienas, pieno produktai",https://rekvizitai.vz.lt/imone/zemaitijos_pienas/,LT 01-12,1,GEN (General activity establishment - EU),CS - Cold Stores; RW - Re-wrapping Establishment; WM - Wholesale Market,Algirdo g. 40/13,Vilnius,Vilnius County,Lithuania,,,,
534,UAB Žuvies šaldytuvai,MATCH,"Žuvies šaldytuvai, UAB",124963543,LT249635413,+370 5 2640753,,http://zsaldytuvai.lt,Juozas Varna,direktorius,12,"V. A. Graičiūno g. 22, LT-02241 Vilnius",Vilnius,LT-02241,Šaldymo įrenginiai; Didmeninė prekyba; Sandėliavimas,https://rekvizitai.vz.lt/imone/zuvies_saldytuvai/,LT 01-21,1,GEN (General activity establishment - EU),CS - Cold Stores,V.A. Graičiūno g. 22,Vilnius,Vilnius County,Lithuania,,,,
535,UAB „Gardama“,MATCH,"Gardama, UAB",303097751,LT100008012414,+370 685 05319,,,Arvidas Apulskis,direktorius,11,"Liepų g. 2, Gardamas, LT-99417 Šilutės r.",Šilutės r.,LT-99417,"Mėsa, mėsos produktai; Gamyba",https://rekvizitai.vz.lt/imone/gardama/,LT 88-07 EB,4,"MM (Minced meat, meat preparations and mechanically separated meat – MM, MP, MSM) | GEN (General activity establishment - EU) | RM (Meat of domestic ungulates) | RPM (Meat products)",MP - Meat Preparation Plant | CS - Cold Stores | CP - Cutting Plant | PP - Processing Plant,"Liepų g. 2, Gardamas, LT-99417 Šilutės r.",Gardamas,Klaipeda County,Lithuania,,,,
536,UAB „Gilanda“,MATCH,"Gilanda, UAB",177136875,LT771368716,+370 441 46469,,,Modestas Vilkas,direktorius,30,"Šilojų g. 2A, Traksėdžių k., LT-99106 Šilutės r.",Šilutės r.,LT-99106,Maisto parduotuvės; Mažmeninė prekyba; Šaldyti maisto produktai,https://rekvizitai.vz.lt/imone/gilanda/,LT 88-03 EB,1,"MM (Minced meat, meat preparations and mechanically separated meat – MM, MP, MSM)",MP - Meat Preparation Plant,"Šilojų g. 2A, Traksėdžių k., LT-99106 Šilutės r.",Traksėdžiai,Klaipeda County,Lithuania,,,,
537,UAB „Jūros Vėjas“,MATCH,"UAB ""Jūros Vėjas""",252736240,LT100002351815,+370 698 18363,,http://jurosvejas.lt,Ramūnas Kriščiūnas,direktorius,28,"Melioratorių al. 7-12, LT-99145 Šilutė",Šilutė,LT-99145,"Žuvininkystė, žuvies produktai; Maisto gamyba; Maisto produktai",https://rekvizitai.vz.lt/imone/uab_juros_vejas/,LT 88-06 EB,2,FFP (Fishery products - EU) | GEN (General activity establishment - EU),FFPP - Fresh Fishery Products Plant | CS - Cold Stores,"K. Donelaičio g. 9F, Rusnė, LT-99344, Šilutės r. sav.",Rusnė,Klaipeda County,Lithuania,,,,
538,UAB „Kintai“,MATCH,"Kintai, UAB",177155847,LT771558410,+370 441 47339,,http://www.kintai.lt,Rimgaudas Višinskas,,48,"Kuršių g. 11, Kintai, LT-99358 Šilutės r.",Šilutės r.,LT-99358,"Žuvininkystė, žuvies produktai; Kaimo turizmas; Viešbučiai, moteliai; Žūklės ir medžioklės reikmenys, paslaugos",https://rekvizitai.vz.lt/imone/kintai/,LT 88-05 EB,2,FFP (Fishery products - EU) | GEN (General activity establishment - EU),FFPP - Fresh Fishery Products Plant; PP - Processing Plant | CS - Cold Stores,"Povilų g. 1, Povilai, Kintų sen., LT- 99360, Šilutės r. sav.,",Povilai,Klaipeda County,Lithuania,,,,
539,UAB „Marlinas“ žuvų perdirbimo laivą „VILKAS“,NO_MATCH,,,,,,,,,,,,,,,LT 21-40 EB,1,FFP (Fishery products - EU),FV - Factory Vessel; ZV - Freezer Vessel,"Pylimo g. 4, Klaipėda",Klaipėda,Klaipeda County,Lithuania,,,,
540,UAB „Pas Virgą“,MATCH,"UAB ""Pas Virgą""",302724140,LT100006683713,+370 614 65760,,,Virginija Kišonienė,direktorė,10,"Pergalės a. 2, Žemaičių Naumiestis, Šilutės r.",Šilutės r.,LT-99206,"Mėsa, mėsos produktai; Kavinės, klubai, barai, restoranai; Maisto parduotuvės; Maisto produktai",https://rekvizitai.vz.lt/imone/pas_virga/,LT 88-09 EB,2,"MM (Minced meat, meat preparations and mechanically separated meat – MM, MP, MSM) | RM (Meat of domestic ungulates)",MP - Meat Preparation Plant; MM - Minced Meat Plant | CP - Cutting Plant,"Pergalės a. 2, Žemaičių Naumiestis, LT-99206 Šilutės r.",Žemaičių Naumiestis,Klaipeda County,Lithuania,,,,
541,"UAB, PRODINVEST EU",NO_MATCH,,,,,,,,,,,,,,,130016966,1,GEN (General activity establishment - EU),CS - Cold Stores,"Nemėžio sen., Kupriotiškės, Terminalo g. 6",Vilnius,Vilnius County,Lithuania,,,,
542,"UAB,,D. Gelombickienė ir partneriai""",NO_MATCH,,,,,,,,,,,,,,,LT49-03EB,2,"MM (Minced meat, meat preparations and mechanically separated meat – MM, MP, MSM) | RPM (Meat products)",MP - Meat Preparation Plant | PP - Processing Plant,"Šlaito aklg. 2, Rumšiškių mstl., Kaišiadorių r. sav.",Dovainonys,Kaunas County,Lithuania,,,,
543,"UAB“Aisytės Mėsinė""",MATCH,"Aisytės mėsinė, UAB",303472913,LT100009029313,+370 659 40267,,,Arūnas Toleikis,direktorius,7,"V. Kudirkos g. 4A, Šilalė",Šilalė,LT-75135,Maisto produktai; Gamyba,https://rekvizitai.vz.lt/imone/aisytes_mesine/,LT88-08 EB,4,"MM (Minced meat, meat preparations and mechanically separated meat – MM, MP, MSM) | GEN (General activity establishment - EU) | RM (Meat of domestic ungulates) | RPM (Meat products)",MP - Meat Preparation Plant | CS - Cold Stores | CP - Cutting Plant | PP - Processing Plant,"Klaipėdos apskr., Šilutės r. sav., Saugų sen., Sakūtėliai, Žolynų g. 8",Sakūtėliai,Klaipeda County,Lithuania,,,,
544,UAB“Rusnės Žuvis“,MATCH,UAB Rusnes žuvis,177245668,LT772456610,+370 632 74781,,http://rusneszuvis.lt/,,,47,"Kūdros g. 27, Grabupių k., LT-99152 Šilutės r.",Šilutės r.,LT-99152,"Žuvininkystė, žuvies produktai; Gamyba",https://rekvizitai.vz.lt/imone/pamario_zuvys_s_puidoko_ii/,LT88-02 EB,1,FFP (Fishery products - EU),PP - Processing Plant,"Kūdros g. 27, Grabupių k., Šilutės r.sav.",Grabupiai,Klaipeda County,Lithuania,,,,
545,"Utenos prekyba, UAB",MATCH,"Utenos prekyba, UAB",183738929,LT837389219,+370 389 54869,,http://www.utenosprekyba.lt,Robertas Miliauskas,direktorius,316,"Maironio g. 2, LT-28241 Utena",Utena,LT-28241,"Maisto parduotuvės; Kavinės, klubai, barai, restoranai",https://rekvizitai.vz.lt/imone/utenos_r_vartotoju_kooperatyvas/,82-03,2,"MM (Minced meat, meat preparations and mechanically separated meat – MM, MP, MSM) | RPM (Meat products)",MM - Minced Meat Plant | PP - Processing Plant,Molėtų g. 72,Utena,Utena County,Lithuania,,,,
546,"Uždaroji akcinė bendrovė ""Birvėtos tvenkiniai""",NO_MATCH,,,,,,,,,,,,,,,LT45-02EB,1,FFP (Fishery products - EU),FFPP - Fresh Fishery Products Plant,"Kalno g.65, Dysnos k., Didžiasalio sen., Ignalinos r. sav., LT-30151",Dysna,Utena County,Lithuania,,,,
547,"Uždaroji akcinė bendrovė ""Romnesa""",NO_MATCH,,,,,,,,,,,,,,,LT45-10EB,1,"CAS (Treated stomachs, bladders and intestines: casings only)",PP - Processing Plant,"Liepų g.4, Ceikinių k., Ceikinių  sen., Ignalinos r.sav, LT-30185",Ceikiniai,Utena County,Lithuania,,,,
548,V. Baliūno individuali įmonė,MATCH,V. Baliūno įmonė,168620838,LT686208314,+370 656 49072,,,Vytautas Baliūnas,,17,"Durpyno g. 6, Paežerio I k., LT-38445 Panevėžio r.",Panevėžio r.,LT-38445,"Mėsa, mėsos produktai; Gamyba; Maisto parduotuvės; Maisto produktai",https://rekvizitai.vz.lt/imone/v_baliuno_imone/,LT 66-21 EB,1,RM (Meat of domestic ungulates),SH - Slaughterhouse,"Durpyno g.6, Paežerio k., Panevėžio r.",Paežerys I,Panevezys County,Lithuania,,,,
549,V. Kartenio firma „Elektrėnų mėsa“,NO_MATCH,,,,,,,,,,,,,,,LT 79-20,3,RM (Meat of domestic ungulates) | GM (Meat of farmed game) | RPM (Meat products),SH - Slaughterhouse | PP - Processing Plant,"Elektrėnų sav., Kietaviškių sen., Obenių k.",Obeniai,Vilnius County,Lithuania,,,,
550,V. Urbono Mėsos Gamybos Įmonė,MATCH,"V. Urbono mėsos gamybos įmonė, IĮ",163316913,LT633169113,+370 46 446747,,,Vytautas Urbonas,,3,"Taikos g. 9, Kretingalė, LT-96330 Klaipėdos r.",Klaipėdos r.,LT-96330,"Maisto produktai; Gamyba; Mėsa, mėsos produktai",https://rekvizitai.vz.lt/imone/v_urbono_mesos_gamybos_imone/,LT 55-24 EB,1,RM (Meat of domestic ungulates),SH - Slaughterhouse,"Verslo g. 11, Kretingalė, LT- 96332 Klaipėdos r.",Kretingalė,Klaipeda County,Lithuania,,,,
551,V. Vinckevičiaus PĮ,NO_MATCH,,,,,,,,,,,,,,,LT 79-004 V,1,"MM (Minced meat, meat preparations and mechanically separated meat – MM, MP, MSM)",MP - Meat Preparation Plant; MM - Minced Meat Plant,Trakų g. 13,Rūdiškės,Vilnius County,Lithuania,,,,
552,V.Kavoliūnienės įmonė,MATCH,"V. Kavoliūnienės įmonė, UAB",157022832,LT100002945516,+370 610 08126,,,Veronika Kavoliūnienė,direktorius,,"Prauliai, LT-55461 Jonavos r.",Jonavos r.,LT-55461,"Mėsa, mėsos produktai; Gamyba; Maisto produktai",https://rekvizitai.vz.lt/imone/v_kavoliunienes_imone/,46-06,1,RPM (Meat products),PP - Processing Plant,"Kauno apskr., Jonavos r. sav., Šilų sen., Praulių k., Saulės g. 20",Prauliai,Kaunas County,Lithuania,,,,
553,VALERIJOS DUKNAUSKIENĖS IĮ,NO_MATCH,,,,,,,,,,,,,,,LT 81-301M,1,"MM (Minced meat, meat preparations and mechanically separated meat – MM, MP, MSM)",MP - Meat Preparation Plant,Aušros g. 31,Ukmergė,Vilnius County,Lithuania,,,,
554,VESTEY FOODS BALTICS UAB,MATCH,"UAB ""Vestey Foods Baltics""",302251164,LT100004437716,+370 698 85636,,,Virginijus Šlakaitis,,14,"Kėdainių g. 25, Panevėžys",Panevėžys,LT-36266,"Mėsa, mėsos produktai; Maisto parduotuvės; Maisto produktai",https://rekvizitai.vz.lt/imone/uab_vestey_foods_baltics/,LT 27-11 EB,1,GEN (General activity establishment - EU),CS - Cold Stores,Kėdainių g. 25,Panevėžys,Panevezys County,Lithuania,,,,
555,VG MARINE FOODS UAB,MATCH,"VG Marine Foods, UAB",302629799,LT100006646315,+370 37 068641,,,Marius Klimas,,12,"Birutės skg. 10, Macenių k., LT-90100 Plungės r.",Plungės r.,LT-90100,Maisto produktai; Gamyba,https://rekvizitai.vz.lt/imone/salmon_lt/,68-17; 302629799,2,FFP (Fishery products - EU) | GEN (General activity establishment - EU),PP - Processing Plant | WM - Wholesale Market,"Birutės skrg. 10, Macenių k., Nausodžio sen., Plungės r. sav.",Maceniai,Telsiai County,Lithuania,,,,
556,VILNIAUS TRANZITAS; UAB,MATCH,"Vilniaus tranzitas, UAB",222618510,LT226185113,+370 5 2306672,,http://www.vtranzitas.lt,Minautas Petronis,,145,"Jurgio Dobkevičiaus g. 7, LT-02189 Vilnius",Vilnius,LT-02189,Logistikos paslaugos; Nekilnojamasis turtas; Sandėliavimas,https://rekvizitai.vz.lt/imone/vilniaus_tranzitas/,01-30,1,GEN (General activity establishment - EU),WM - Wholesale Market; CS - Cold Stores,J.Dobkevičiaus str. 7,Vilnius,Vilnius County,Lithuania,,,,
557,Vaidanto Jurgelevičiaus įmonė,MATCH,Vaidanto Jurgelevičiaus įmonė,155605081,,+370 699 30218,,,Vaidantas Jurgelevičius,,,"Pusvarsnėlių k. 8, Pusvarsnėlių k., LT-30216 Ignalinos r.",Ignalinos r.,LT-30216,"Mėsa, mėsos produktai; Gamyba; Gyvuliai, žvėrys, paukščiai ir jų veisimas; Maisto produktai",https://rekvizitai.vz.lt/imone/vaidanto_jurgeleviciaus_imone/,LT45-07EB,1,RM (Meat of domestic ungulates),SH - Slaughterhouse,"Pusvarsnėliai 8., Linkmenų sen., Ignalinos r. sav., LT-30216",Pusvarsnėliai,Utena County,Lithuania,,,,
558,Vaidos Vinčiauskienės ūkis,NO_MATCH,,,,,,,,,,,,,,,48-027,1,PM (Meat from poultry and lagomorphs),SH - Slaughterhouse,"Žalioji g. 9, Mikalaukos k., Kalvarijos sen., Kalvarijos sav.",Mikalauka,Marijampole County,Lithuania,,,,
559,Valdo Saukaičio IĮ,MATCH,Valdo Saukaičio parduotuvė IĮ,185220351,LT852203515,+370 342 58445,,,Valdas Saukaitis,,9,"Pievų g. 4, Kybartai, LT-70408 Vilkaviškio r.",Vilkaviškio r.,LT-70408,"Maisto produktai; Gamyba; Maisto parduotuvės; Mėsa, mėsos produktai",https://rekvizitai.vz.lt/imone/v_saukaicio_parduotuve/,LT 39-26,1,RPM (Meat products),PP - Processing Plant,"Pievu g. 4, Kybartų k., Kybartų sen., Vilkaviškio r. sav.",Kybartai,Marijampole County,Lithuania,,,,
560,"Van Hessen Lithuania, UAB",NO_MATCH,,,,,,,,,,,,,,,LT 01-17,1,"CAS (Treated stomachs, bladders and intestines: casings only)",PP - Processing Plant,Titnago g. 15,Vilnius,Vilnius County,Lithuania,,,,
561,Vidos Monkevič TŪB Baltupėnai,NO_MATCH,,,,,,,,,,,,,,,LT 29-12,1,RPM (Meat products),PP - Processing Plant,Baltupėnų g. 8,Šiauliai,Siauliai County,Lithuania,,,,
562,Vingės terminalas; UAB,MATCH,"Vingės terminalas, UAB",122770150,LT227701515,+370 5 2394500,,http://www.vingesterminalas.lt,Marius Jadzevičius,,109,"Minsko pl. 202, Bareikiškių k., LT-13176 Vilniaus r.",Vilniaus r.,LT-13176,"Logistikos paslaugos; Muitinių paslaugos, muitinės; Sandėliavimas; Transporto paslaugos",https://rekvizitai.vz.lt/imone/vinges_terminalas/,LT 41-06,1,GEN (General activity establishment - EU),CS - Cold Stores,Minsko pl. 202,Bareikiškiu k.,,Lithuania,,,,
563,Virginijus Monkevičius,NO_MATCH,,,,,,,,,,,,,,,LT 41-016 Ž,1,FFP (Fishery products - EU),PP - Processing Plant,Jadvygiškių g. 39,Jadvygiškės,Vilnius County,Lithuania,,,,
564,Vitalija Ginelevičienė,NO_MATCH,,,,,,,,,,,,,,,520001690,1,GEN (General activity establishment - EU),WM - Wholesale Market,"Sodų g. 1, Domeikava, Domeikavos sen., Kauno r.",Domeikava,Kaunas County,Lithuania,,,,
565,Vladislav Bojarun,NO_MATCH,,,,,,,,,,,,,,,LT 85-01,2,"MM (Minced meat, meat preparations and mechanically separated meat – MM, MP, MSM) | GEN (General activity establishment - EU)",MP - Meat Preparation Plant; MM - Minced Meat Plant | CS - Cold Stores,Lakštingalų g. 4,Buikų k.,Vilnius County,Lithuania,,,,
566,Vytautas Šimkus,NO_MATCH,,,,,,,,,,,,,,,87-15,1,EEP (Eggs and egg products),EPC - Egg-packing Centre,"Jūros g. 6, Drobūkščių k., Traksėdžio sen., Šilalės r.",Drobūkščiai,Taurage County,Lithuania,,,,
567,Z.Selsko firma „Germėsa“,NO_MATCH,,,,,,,,,,,,,,,LT 79-14,2,"MM (Minced meat, meat preparations and mechanically separated meat – MM, MP, MSM) | RPM (Meat products)",MP - Meat Preparation Plant | PP - Processing Plant,Liepų  g. 40,Vievis,Vilnius County,Lithuania,,,,
568,Zarasų rajono žemės ūkio bendrovė SPARNAI,NO_MATCH,,,,,,,,,,,,,,,43-70 EB,1,EEP (Eggs and egg products),EPC - Egg-packing Centre,"Liaudiškiai, Zarasų sen., Zarasų r. sav.",Liaudiškiai,Utena County,Lithuania,,,,
569,uab alsių paukštynas,MATCH,"Alsių paukštynas, UAB",303148039,LT100008536514,+370 662 76037,,,Mantas Rudaitis,,40,"Šaltinio g. 34, Alsių k., LT-84389 Joniškio r.",Joniškio r.,LT-84389,"Gyvuliai, žvėrys, paukščiai ir jų veisimas",https://rekvizitai.vz.lt/imone/alsiu_paukstynas/,LT-47-26 EB,2,GEN (General activity establishment - EU) | RPM (Meat products),CS - Cold Stores; RW - Re-wrapping Establishment; WM - Wholesale Market | PP - Processing Plant,"Joniškis, V. Kudirkos 2,",Joniškis,Siauliai County,Lithuania,,,,
570,Č. Zachaževskij IĮ,MATCH,Č. Zachaževskij IĮ,181366953,LT813669515,+370 528 61335,,,Vitalij Zachaževskij,,15,"Kranto g. 7, Paluknio k., LT-21168 Trakų r.",Trakų r.,LT-21168,"Maisto produktai; Didmeninė prekyba; Gamyba; Mėsa, mėsos produktai",https://rekvizitai.vz.lt/imone/c_zachazevskij_ii/,LT 79-05,3,GEN (General activity establishment - EU) | RM (Meat of domestic ungulates) | GM (Meat of farmed game),CS - Cold Stores | SH - Slaughterhouse,"Kranto g. 7, Paluknio k., Paluknio sen., Trakų r.",Trakai,Vilnius County,Lithuania,,,,
571,ĮI AIRONA,NO_MATCH,,,,,,,,,,,,,,,77-09,2,RM (Meat of domestic ungulates) | RPM (Meat products),SH - Slaughterhouse; CP - Cutting Plant | PP - Processing Plant,"Tauragės apskr., Tauragės r. sav., Skaudvilės sen., Šidagiai",Tauragė,Taurage County,Lithuania,,,,
572,Šakių rajono Grinaičių ŽŪB 89-05P,NO_MATCH,,,,,,,,,,,,,,,CC,1,"MMP (Raw milk, dairy products, colostrum and colostrum-based products)",CC - Collection Centre; PP - Processing Plant,"Kalnalaukio g. 1, Širvintos",Širvintos,Vilnius County,Lithuania,,,,
573,ŪKININKĖ DIANA ALARBIED MAJEVSKAJA,NO_MATCH,,,,,,,,,,,,,,,LT 72-05,1,RPM (Meat products),PP - Processing Plant,"Viduklės sen., Raseinių r.",Paalsys,Kaunas County,Lithuania,,,,
574,ŪKININKĖs LAIMUTĖS SUGINTIENĖS ŪKIS,NO_MATCH,,,,,,,,,,,,,,,77-06,1,RM (Meat of domestic ungulates),SH - Slaughterhouse; CP - Cutting Plant,"Tauragės apskr., Tauragės r. sav., Žygaičių sen., Girininkai 6",Tauragė,Taurage County,Lithuania,,,,
575,ŪKININKŲ LAIMOS IR IMEDO MONKŲ MĖSOS CH.,NO_MATCH,,,,,,,,,,,,,,,87-04,2,RM (Meat of domestic ungulates) | RPM (Meat products),CP - Cutting Plant | PP - Processing Plant,"Svirno g. 8, 75117 Lingiškė, Traksėdžio sen., Šilalės r. sav.",Šilalė,Taurage County,Lithuania,,,,
576,Ūkininkas  Valentin Juchnevič,NO_MATCH,,,,,,,,,,,,,,,LT 85-001,1,PM (Meat from poultry and lagomorphs),SH - Slaughterhouse,Anuliškių g. 7,Anuliškės,Vilnius County,Lithuania,,,,
577,Ūkininkas Aivaras Pliatkus,NO_MATCH,,,,,,,,,,,,,,,711344901728,1,FLS (Frogs' legs and snails),PP - Processing Plant,"Radviliškio r. sav. Aukštelkų sen. Aukštelkų k. Liaudiškių g. 4, LITHUANIA",Aukštelkai,Siauliai County,Lithuania,,,,
578,Ūkininkas Artūras Tkačenka,NO_MATCH,,,,,,,,,,,,,,,LT 41-010 M,1,PM (Meat from poultry and lagomorphs),SH - Slaughterhouse,"Vilniaus r., Padvarionių k., Medininkų sen.",Padvarionys,Vilnius County,Lithuania,,,,
579,Ūkininkas Donatas Čepelis,NO_MATCH,,,,,,,,,,,,,,,LT 81-303 M; LT 81-04,2,"MM (Minced meat, meat preparations and mechanically separated meat – MM, MP, MSM) | GM (Meat of farmed game)",MP - Meat Preparation Plant | SH - Slaughterhouse,Vidiškių sen.Baublių k.,Baubliai,Vilnius County,Lithuania,,,,
580,Ūkininkas Eimantas Vasiliauskas,NO_MATCH,,,,,,,,,,,,,,,61-10,2,"MM (Minced meat, meat preparations and mechanically separated meat – MM, MP, MSM) | RM (Meat of domestic ungulates)",MM - Minced Meat Plant | CP - Cutting Plant,"A. Baranausko g. 12A, Mažeikiai, Mažeikių sen., Mažeikių r. sav., Telšių apskr.",Mažeikiai,Telsiai County,Lithuania,,,,
581,Ūkininkas Gediminas Varevičius,NO_MATCH,,,,,,,,,,,,,,,LT 81-001 K,1,EEP (Eggs and egg products),PP - Processing Plant,"Dvarninių k., Šešuolių sen.",Dvarniniai,Vilnius County,Lithuania,,,,
582,Ūkininkas H. Gineika,NO_MATCH,,,,,,,,,,,,,,,LT57-02 EB,1,RM (Meat of domestic ungulates),CP - Cutting Plant,"Mazgeliškių k., Šimonių sen., Kupiškio r. LT-40312",Mazgeliškiai,Panevezys County,Lithuania,,,,
583,Ūkininkas Ladas Katinas,NO_MATCH,,,,,,,,,,,,,,,LT 34-05 EB,2,"MM (Minced meat, meat preparations and mechanically separated meat – MM, MP, MSM) | RM (Meat of domestic ungulates)",MM - Minced Meat Plant; MP - Meat Preparation Plant | SH - Slaughterhouse; CP - Cutting Plant,Žvejų g. 76A Anykščiai,Anykšciai,Utena County,Lithuania,,,,
584,Ūkininkas Paulius Ruškys,NO_MATCH,,,,,,,,,,,,,,,LT 71-06 EB; LT 71-06EB,4,"MMP (Raw milk, dairy products, colostrum and colostrum-based products) | FFP (Fishery products - EU) | LBM (Live bivalve molluscs) | RPM (Meat products)",CC - Collection Centre; PP - Processing Plant | PP - Processing Plant | Z - Production Areas,"Pakruojo g.2, Gražionių k., Aukštelkų sen., Radviliškio r. sav.",Radviliškis,Siauliai County,Lithuania,,,,
585,Ūkininkas Vaidas Purmalis,NO_MATCH,,,,,,,,,,,,,,,LT 56-06 EB,1,RPM (Meat products),PP - Processing Plant,"Bažnyčios g. 10, Tūbausių k., LT-97241Kretingos r. sav.",Tūbausiai,Klaipeda County,Lithuania,,,,
586,Ūkininkas Vladas Baltuonis,NO_MATCH,,,,,,,,,,,,,,,LT 56-07 EB,2,"MM (Minced meat, meat preparations and mechanically separated meat – MM, MP, MSM) | PM (Meat from poultry and lagomorphs)",MP - Meat Preparation Plant; MM - Minced Meat Plant | CP - Cutting Plant; SH - Slaughterhouse,"Paukščių g. 9 Kalniškių k., LT-97319 Kretingos r. sav.",Kartena,Klaipeda County,Lithuania,,,,
587,Ūkininko A. Petrėno gyvulių skerdykla,NO_MATCH,,,,,,,,,,,,,,,43-04,1,RM (Meat of domestic ungulates),SH - Slaughterhouse,"Akmens g. 6, Samanių k., Suvieko sen., Zarasų r. sav.",Samaniai,Utena County,Lithuania,,,,
588,Ūkininko A. Čimolonsko gyvulių skerdykla,NO_MATCH,,,,,,,,,,,,,,,LT66-06 EB,1,RM (Meat of domestic ungulates),SH - Slaughterhouse,"Bernotų k., Panevėžio r.",Bernotai,Panevezys County,Lithuania,,,,
589,Ūkininko Algio Bukausko ūkis,NO_MATCH,,,,,,,,,,,,,,,LT 81-07,2,RM (Meat of domestic ungulates) | GM (Meat of farmed game),SH - Slaughterhouse | CP - Cutting Plant; SH - Slaughterhouse,"Alionių k., Pivonijos sen.",Alionys,Vilnius County,Lithuania,,,,
590,Ūkininko Audriaus Banionio galvijų skerdykla,NO_MATCH,,,,,,,,,,,,,,,52-30,1,RM (Meat of domestic ungulates),SH - Slaughterhouse,"Centrinė g. 28, Margininkų k., Taurakiemio sen., Kauno r.",Margininkai,Kaunas County,Lithuania,,,,
591,Ūkininko Audriaus Banionio pieno perdirbimo cechas,NO_MATCH,,,,,,,,,,,,,,,52-35 P,1,"MMP (Raw milk, dairy products, colostrum and colostrum-based products)",PP - Processing Plant,"Kepyklos g. 8, Margininkų k., Taurakiemio sen.,  Kauno r.",Margininkų k.,Kaunas County,Lithuania,,,,
592,Ūkininko Audriaus Banionio ūkio skerdykla,NO_MATCH,,,,,,,,,,,,,,,52-14,1,RM (Meat of domestic ungulates),SH - Slaughterhouse,"Kepyklos g. 8, Margininkų k., Taurakiemio sen., Kauno raj.",Margininkai,Kaunas County,Lithuania,,,,
593,Ūkininko Audriaus Banionio ūkis,NO_MATCH,,,,,,,,,,,,,,,52-07,3,"MM (Minced meat, meat preparations and mechanically separated meat – MM, MP, MSM) | RM (Meat of domestic ungulates) | RPM (Meat products)",MP - Meat Preparation Plant; MM - Minced Meat Plant | CP - Cutting Plant | PP - Processing Plant,"Kepyklos g. 8, Margininkų k., Taurakiemio sen., Kauno raj.",Margininkai,Kaunas County,Lithuania,,,,
594,Ūkininko Ernesto Vaičiaus ūkis,NO_MATCH,,,,,,,,,,,,,,,LT49-16EB,1,FLS (Frogs' legs and snails),PP - Processing Plant,"Žaslių g. 11, Žiežmariai, Kaišiadorių r. sav.",Žiežmariai,Kaunas County,Lithuania,,,,
595,Ūkininko Gintauto Migonio gyvulių skerdykla,NO_MATCH,,,,,,,,,,,,,,,LT 42-05,2,GM (Meat of farmed game) | RPM (Meat products),SH - Slaughterhouse | PP - Processing Plant,"Elektrėnų sav., Pastrėvio sen., Lunkiškių k. 3A",Lunkiškės,Vilnius County,Lithuania,,,,
596,Ūkininko Kazimiero Baginsko mėsinė,NO_MATCH,,,,,,,,,,,,,,,68-02,1,RPM (Meat products),PP - Processing Plant,Pramonės pr. 5,Plungė,Telsiai County,Lithuania,,,,
597,Ūkininko Kazimiero Baginsko mėsos cechas,NO_MATCH,,,,,,,,,,,,,,,68-01,2,RM (Meat of domestic ungulates) | RPM (Meat products),SH - Slaughterhouse | PP - Processing Plant,"Varkalių k., Nausodžio sen., Plungės r. sav.",Varkaliai,Telsiai County,Lithuania,,,,
598,Ūkininko Kazimiero Baginsko paukščių skerdykla,NO_MATCH,,,,,,,,,,,,,,,68-16,1,RPM (Meat products),PP - Processing Plant,"Sodo g.46, Varkalių k., Nausodžio sen., Plungės r. sav.",Varkaliai,Telsiai County,Lithuania,,,,
599,Ūkininko Leono Rutkausko ūkis,NO_MATCH,,,,,,,,,,,,,,,LT 89-01,2,PM (Meat from poultry and lagomorphs) | RPM (Meat products),SH - Slaughterhouse | PP - Processing Plant,Širvintų g. 5,Motiejūnai,Vilnius County,Lithuania,,,,
600,Ūkininko Mindaugo Ralio ūkio avių skerdykla,NO_MATCH,,,,,,,,,,,,,,,LT45-01 EB,1,RM (Meat of domestic ungulates),SH - Slaughterhouse,"Dvaro g.2., Ligūnų k., Kazitiškio sen., Ignalinos r. sav, LT-30263",Ligūnai,Utena County,Lithuania,,,,
601,Ūkininko Ričardo Kvekšo ūkis,NO_MATCH,,,,,,,,,,,,,,,LT 81-02,2,PM (Meat from poultry and lagomorphs) | GM (Meat of farmed game),SH - Slaughterhouse,"Berzgainių k. 7, Žemaitkiemio sen.",Berzgainiai,Vilnius County,Lithuania,,,,
602,Ūkininkė Audronė Žilienė,NO_MATCH,,,,,,,,,,,,,,,LT72-04; LT 72-04,2,RM (Meat of domestic ungulates) | RPM (Meat products),SH - Slaughterhouse | PP - Processing Plant,"Algimantų k., Ariogalos sen., Raseinių r. sav.",Algimantai,Kaunas County,Lithuania,,,,
603,Ūkininkė Daiva Urbonavičiūtė,NO_MATCH,,,,,,,,,,,,,,,LT 42-71,1,EEP (Eggs and egg products),EPC - Egg-packing Centre,"Elektrėnų sav., Vievio sen., Matukiškių k., Rusakalnio g. 36",Matukiškių k.,Vilnius County,Lithuania,,,,
604,Ūkininkė Jolanta Jasiūnienė,NO_MATCH,,,,,,,,,,,,,,,LT 79-010,1,"MMP (Raw milk, dairy products, colostrum and colostrum-based products)",PP - Processing Plant,Žalioji g. 20,Drabužininkai,Vilnius County,Lithuania,,,,
605,Ūkininkė Jūratė Ancikienė,NO_MATCH,,,,,,,,,,,,,,,LT 91-04,1,PM (Meat from poultry and lagomorphs),SH - Slaughterhouse,"Marmų kaimas , Kužių sen. Šiaulių rajonas",Marmų k.,Siauliai County,Lithuania,,,,
606,Ūkininkė Milda Puodžiukaitė,NO_MATCH,,,,,,,,,,,,,,,LT 79-08,1,EEP (Eggs and egg products),EPC - Egg-packing Centre,Jurgionių kaim.,Jurgionys,Vilnius County,Lithuania,,,,
607,Ūkininkė Romualda Ona Vansevičienė,NO_MATCH,,,,,,,,,,,,,,,LT 42-014 P,1,"MMP (Raw milk, dairy products, colostrum and colostrum-based products)",PP - Processing Plant,"Elektrėnų  sav., Kietaviškių sen.,  Naujųjų Kietaviškių k., Bažnyčios  g. 9",Kietaviškės,Vilnius County,Lithuania,,,,
608,"ŽL ""ANUVA"" FV",NO_MATCH,,,,,,,,,,,,,,,LT-010,1,FFP (Fishery products - EU),FV - Factory Vessel,S.Šimkaus g. 14-1,Klaipėda,Klaipeda County,Lithuania,,,,
609,"ŽL ""IEVA SIMONAITYTĖ"" ZV",NO_MATCH,,,,,,,,,,,,,,,21-27,1,FFP (Fishery products - EU),ZV - Freezer Vessel,Artojo g. 7E,Klaipėda,Klaipeda County,Lithuania,,,,
610,"ŽL ""KOVAS"" ZV",NO_MATCH,,,,,,,,,,,,,,,21-07,1,FFP (Fishery products - EU),ZV - Freezer Vessel,Artojo g. 7E,Klaipėda,Klaipeda County,Lithuania,,,,
611,"ŽL ""PLUTONAS"" ZV",NO_MATCH,,,,,,,,,,,,,,,21-14,1,FFP (Fishery products - EU),ZV - Freezer Vessel,S.Šimkaus g. 14-1,Klaipėda,Klaipeda County,Lithuania,,,,
612,"ŽL ""SIMONAS DAUKANTAS"" ZV",NO_MATCH,,,,,,,,,,,,,,,21-26,1,FFP (Fishery products - EU),ZV - Freezer Vessel,Artojo g. 7E,Klaipėda,Klaipeda County,Lithuania,,,,
613,"ŽL ""VINCAS KUDIRKA"" ZV",NO_MATCH,,,,,,,,,,,,,,,21-08,1,FFP (Fishery products - EU),ZV - Freezer Vessel,Artojo g. 7E,Klaipėda,Klaipeda County,Lithuania,,,,
614,"ŽPL ""NIDA"" FV",NO_MATCH,,,,,,,,,,,,,,,21-05,1,FFP (Fishery products - EU),FV - Factory Vessel,Pylimo g. 4,Klaipėda,Klaipeda County,Lithuania,,,,
615,"Žemaitijos pienas, AB",MATCH,"ŽEMAITIJOS PIENAS, AB",180240752,LT802407515,+370 444 22201,,http://www.zpienas.lt,Robertas Pažemeckas,generalinis direktorius,1304,"Sedos g. 35, LT-87101 Telšiai",Telšiai,LT-87101,"Maisto produktai; Gamyba; Kavinės, klubai, barai, restoranai; Pienas, pieno produktai",https://rekvizitai.vz.lt/imone/zemaitijos_pienas/,78-01P EB,1,"MMP (Raw milk, dairy products, colostrum and colostrum-based products)",PP - Processing Plant,Sedos 35 g.,Telšiai,Telsiai County,Lithuania,,,,
616,Žemės ūkio UAB Pauliukai,MATCH,Žemės ūkio UAB Pauliukai,256605060,LT566050610,+370 349 48245,,,Andrejus Štombergas,,118,"Jonavos g. 1, Juškonių k., LT-55402 Jonavos r.",Jonavos r.,LT-55402,"Žemės ūkis, paslaugos; Grūdininkystė",https://rekvizitai.vz.lt/imone/pauliuku_zub/,46-01,1,RM (Meat of domestic ungulates),SH - Slaughterhouse; CP - Cutting Plant,"Kauno apskr. Jonavos r. sav., Žeimių sen., Juškonių k., Jonavos g. 1",Pauliukai,Kaunas County,Lithuania,,,,
617,Žemės ūkio kooperatyvas SARTŲ LANKŲ JAUTIENA,NO_MATCH,,,,,,,,,,,,,,,LT43-01EB,2,"MM (Minced meat, meat preparations and mechanically separated meat – MM, MP, MSM) | RPM (Meat products)",MP - Meat Preparation Plant; MM - Minced Meat Plant | PP - Processing Plant,"Akmens g. 6-2, Samanių k., Suvieko sen., Zarasų r. sav.",Zarasai,Utena County,Lithuania,,,,
618,"ŽŪB ""Šaltekšnis""",MATCH,"Šaltekšnis, ŽŪB",165672819,LT656728113,+370 616 17760,,,Iveta Ališauskaitė,,56,"Lazdijų g. 26, Sūsninkų k., Kalvarija",Kalvarija,LT-69227,"Pienas, pieno produktai; Gamyba; Maisto produktai",https://rekvizitai.vz.lt/imone/salteksnis/,51-01 P,1,"MMP (Raw milk, dairy products, colostrum and colostrum-based products)",PP - Processing Plant,"Sūsninkų k., Kalvarijos sen., Kalvarijos sav.",Sūsninkai,Marijampole County,Lithuania,,,,
619,"ŽŪB ,,Agreksa""",NO_MATCH,,,,,,,,,,,,,,,LT49-18EB,1,EEP (Eggs and egg products),EPC - Egg-packing Centre,"Nėries g. 4, Zūbiškių k., Palomenės sen., Kaišiadorių r. sav., LT-56394",Zūbiškės,Kaunas County,Lithuania,,,,
620,"ŽŪB ,,Nematekas""",NO_MATCH,,,,,,,,,,,,,,,LT49-04EB; LT49-06EB,4,"MM (Minced meat, meat preparations and mechanically separated meat – MM, MP, MSM) | GEN (General activity establishment - EU) | PM (Meat from poultry and lagomorphs) | RPM (Meat products)",MP - Meat Preparation Plant; MM - Minced Meat Plant | MP - Meat Preparation Plant; MSM - Mechanically Separated Meat Plant | RW - Re-wrapping Establishment | SH - Slaughterhouse; CP - Cutting Plant | PP - Processing Plant,"Rusonių g.19, Dovainonių k., Rumšiškių sen., Kaišiadorių r. sav.",Dovainonys,Kaunas County,Lithuania,,,,
621,ŽŪB Audrupio paukštynas,MATCH,"Audrupio paukštynas, ŽŪB",273114380,LT731143811,+370 458 65248,,,Vidmantas Stasiškis,pirmininkas,43,"Kovelių k. 12, Kovelių k., LT-42275 Rokiškio r.",Rokiškio r.,LT-42275,"Gyvuliai, žvėrys, paukščiai ir jų veisimas",https://rekvizitai.vz.lt/imone/audrupio_paukstynas/,73-70,1,EEP (Eggs and egg products),EPC - Egg-packing Centre,"Kovelių k.12, Jūžintų sen., Rokiškio r. sav",Kovelių k.,Panevezys County,Lithuania,,,,
622,ŽŪB Auga Lankesa,MATCH,"AUGA Lankesa, ŽŪB",156913032,LT569130314,+370 349 49794,,http://auga.lt/apie-mus/veiklos/agro-farm/?company=8,Saulius Drulia,,1,"Lankesos g. 2, Bukonių k., LT-55418 Jonavos r.",Jonavos r.,LT-55418,"Grūdininkystė; Daržovės; Gyvuliai, žvėrys, paukščiai ir jų veisimas; Žemės ūkis, paslaugos",https://rekvizitai.vz.lt/imone/agrowill_lankesa/,46-09,1,EEP (Eggs and egg products),EPC - Egg-packing Centre,"Kauno apskr. Jonavos r. sav., Bukonių sen., Bukonių k., Lankesos g. 2",Šapova,Kaunas County,Lithuania,,,,
623,ŽŪB Ginkūnų paukštynas,MATCH,"Ginkūnų paukštynas, ŽŪB",175712411,LT757124113,+370 41 589115,,,,,33,"Bruknių g. 3, Malavėnų k., LT-76111 Šiaulių r.",Šiaulių r.,LT-76111,"Gyvuliai, žvėrys, paukščiai ir jų veisimas; Maisto produktai",https://rekvizitai.vz.lt/imone/ginkunu_paukstynas/,LT91-70,1,EEP (Eggs and egg products),EPC - Egg-packing Centre,"Malavėnų kaimas, Šiaulių rajonas",Malavėnų k.,Siauliai County,Lithuania,,,,
624,ŽŪB KONTAUTĖLIAI,NO_MATCH,,,,,,,,,,,,,,,87-11,2,RM (Meat of domestic ungulates) | RPM (Meat products),CP - Cutting Plant | PP - Processing Plant,"Kantautaliai 10, 75404, Laukuvos sen., Šilalės r. sav.",Šilalė,Taurage County,Lithuania,,,,
625,"ŽŪK ""Melbras""",NO_MATCH,,,,,,,,,,,,,,,LT 39-109 P,1,"MMP (Raw milk, dairy products, colostrum and colostrum-based products)",CC - Collection Centre,"Ąžuolyno g. 4, Bartninkų k., Bartninkų sen., Vilkaviškio r. sav.",Bartninkai,Marijampole County,Lithuania,,,,
626,"ŽŪK ""Senoji kryžkelė""",NO_MATCH,,,,,,,,,,,,,,,39-111 P,1,"MMP (Raw milk, dairy products, colostrum and colostrum-based products)",CC - Collection Centre,"Bažnyčios g. 6, Alksnėnų k., Pilviškių sen., Vilkaviškio r. sav.",Alksnėnai,Marijampole County,Lithuania,,,,
627,"ŽŪK ""Sintautų pienas""",NO_MATCH,,,,,,,,,,,,,,,LT 84-07P,1,"MMP (Raw milk, dairy products, colostrum and colostrum-based products)",CC - Collection Centre,"P. Vaičaičio g. 65, Sintautų k., Sintautų sen., Šakių r. sav.",Sintautai,Marijampole County,Lithuania,,,,
628,"ŽŪK ""Suvalkijos pienas""",NO_MATCH,,,,,,,,,,,,,,,LT 84-004,1,"MMP (Raw milk, dairy products, colostrum and colostrum-based products)",CC - Collection Centre,"Pergalės g. 10, Lukšių k., Lukšių sen., Šakių r. sav.",Lukšiai,Marijampole County,Lithuania,,,,
629,ŽŪK DOBILO LAPAS,NO_MATCH,,,,,,,,,,,,,,,77-03 P,1,"MMP (Raw milk, dairy products, colostrum and colostrum-based products)",CC - Collection Centre,"Tauragės r. sav., Tauragės miesto sen., Tauragė  Švyturio g. 2",Tauragė,Taurage County,Lithuania,,,,
630,ŽŪK DUSETŲ KRAŠTO GASPADORIAI,NO_MATCH,,,,,,,,,,,,,,,LT43-06EB,2,"MM (Minced meat, meat preparations and mechanically separated meat – MM, MP, MSM) | RPM (Meat products)",MP - Meat Preparation Plant; MM - Minced Meat Plant | PP - Processing Plant,"Vytauto g. 70, Dusetos, Zarasų r. sav.",Dusetos,Utena County,Lithuania,,,,
631,ŽŪK Pienas LT,NO_MATCH,,,,,,,,,,,,,,,19-52 P; 520001922,2,"MMP (Raw milk, dairy products, colostrum and colostrum-based products) | GEN (General activity establishment - EU)",PP - Processing Plant | WM - Wholesale Market,"Kokybės g. 1, Biruliškių k., Kauno r.",Kaunas,Kaunas County,Lithuania,,,,
632,ŽŪK Rešketėnai Žarėnų PSC,NO_MATCH,,,,,,,,,,,,,,,LT 78-022 P EB,1,"MMP (Raw milk, dairy products, colostrum and colostrum-based products)",CC - Collection Centre,"Alytaus g.7, Žarėnai, Žarėnų sen., Telšių r. sav.,",Žarėnai,Telsiai County,Lithuania,,,,
633,ŽŪK STRUČIŲ GENETIKOS CENTRAS,NO_MATCH,,,,,,,,,,,,,,,190004140; 190003366,1,GEN (General activity establishment - EU),WM - Wholesale Market,"Kauno apskr., Kauno m. sav., Kaunas, Europos pr. 38",Kaunas,Kaunas County,Lithuania,,,,
634,“CASSIOPEA“ Reefer Vessel “RV“,NO_MATCH,,,,,,,,,,,,,,,21-16,1,FFP (Fishery products - EU),ZV - Freezer Vessel,"Naujoji uosto str. 8, Klaipėda",Klaipėda,Klaipeda County,Lithuania,,,,
635,“LIBRA“ Reefer Vessel “RV“,NO_MATCH,,,,,,,,,,,,,,,21-13,1,FFP (Fishery products - EU),ZV - Freezer Vessel,“LIBRA“ Reefer vessel “RV“,Klaipėda,Klaipeda County,Lithuania,,,,
