Name,Website,Phone,Address,Rating,Reviews_Count,State,Location_Name,Latitude,Longitude,Search_Query,URL,Permanently_Closed,Category,Email
Hospedaria Bela Vista,,'+351933546631,"4050-350 Porto, Portugal","4,6",,PT,,41.1600657,-8.6237067,"Hospedaria in Porto, Portugal",https://www.google.com/maps/place/Hospedaria+Bela+Vista/data=!4m10!3m9!1s0xd2465a788774831:0xf680a129514e5c1c!5m2!4m1!1i2!8m2!3d41.1600657!4d-8.6237067!16s%2Fg%2F1tw_pjn7!19sChIJMUh3iKdlJA0RHFxOUSmhgPY?authuser=0&hl=pt-BR&rclk=1,No,Hospedaria,
Hospedaria do seixo,,'+351229515504,"R. Nova do Seixo 313, 4460-383 Porto, Portugal","3,1",,PT,R. Nova do Seixo 313,41.1822691,-8.6311072,"Hospedaria in Porto, Portugal",https://www.google.com/maps/place/Hospedaria+do+seixo/data=!4m10!3m9!1s0xd2465c6991f0cdf:0x880b62047ba6d527!5m2!4m1!1i2!8m2!3d41.1822691!4d-8.6311072!16s%2Fg%2F11dfgqc80s!19sChIJ3wwfmcZlJA0RJ9WmewRiC4g?authuser=0&hl=pt-BR&rclk=1,No,Hotel,
Hospedaria do Bonfim,,,"R. do Bonfim 316, 4300-096 Porto, Portugal","4,3",,PT,R. do Bonfim 316,41.1500215,-8.5953744,"Hospedaria in Porto, Portugal",https://www.google.com/maps/place/Hospedaria+do+Bonfim/data=!4m10!3m9!1s0xd2465007dfbce0d:0x729ce1b8e3e85704!5m2!4m1!1i2!8m2!3d41.1500215!4d-8.5953744!16s%2Fg%2F11ymfcm6sm!19sChIJDc77fQBlJA0RBFfo47jhnHI?authuser=0&hl=pt-BR&rclk=1,No,Hotel 2 estrelas,
Praça 66 Guest House,,,"Praça do Marquês de Pombal 66, 4000-390 Porto, Portugal","4,8",,PT,Praça do Marquês de Pombal 66,41.1608331,-8.6040131,"Hospedaria in Porto, Portugal",https://www.google.com/maps/place/Pra%C3%A7a+66+Guest+House/data=!4m10!3m9!1s0xd24645816e422e9:0xd6bf6bf54658212!5m2!4m1!1i2!8m2!3d41.1608331!4d-8.6040131!16s%2Fg%2F11dfgqnsyf!19sChIJ6SLkFlhkJA0REoJlVL_2aw0?authuser=0&hl=pt-BR&rclk=1,No,Hotel 3 estrelas,
LightPoint,,'+351223193734,"R. do Freixo 1800, 4300-215 Porto, Portugal","4,4",,PT,R. do Freixo 1800,41.1472706,-8.5884448,"Hospedaria in Porto, Portugal",https://www.google.com/maps/place/LightPoint/data=!4m10!3m9!1s0xd246491604c3bb9:0x800c382086367efc!5m2!4m1!1i2!8m2!3d41.1472706!4d-8.5884448!16s%2Fg%2F11gh20b63_!19sChIJuTtMYJFkJA0R_H42hiA4DIA?authuser=0&hl=pt-BR&rclk=1,No,Hotel 2 estrelas,
Sport Hostel in Porto,,'+351223265681,"R. de Santa Catarina nº 313, 4000-451 Porto, Portugal","3,3",,PT,R. de Santa Catarina nº 313,41.1489971,-8.6061699,"Hospedaria in Porto, Portugal",https://www.google.com/maps/place/Sport+Hostel+in+Porto/data=!4m10!3m9!1s0xd2464e548bc069f:0xd3d7f124943ff509!5m2!4m1!1i2!8m2!3d41.1489971!4d-8.6061699!16s%2Fg%2F11b73jmf92!19sChIJnwa8SOVkJA0RCfU_lCTx19M?authuser=0&hl=pt-BR&rclk=1,No,Hotel 3 estrelas,
Park Hotel Porto Aeroporto,,,"Av. do Aeroporto 241, 4470-558 Maia, Portugal","4,1",,PT,Av. do Aeroporto 241,41.237903,-8.667299,"Hotel de 3 estrelas in Porto, Portugal",https://www.google.com/maps/place/Park+Hotel+Porto+Aeroporto/data=!4m10!3m9!1s0xd24687c4f541e8f:0xd8165b238c6be397!5m2!4m1!1i2!8m2!3d41.237903!4d-8.667299!16s%2Fg%2F1hc1trq1j!19sChIJjx5UT3xoJA0Rl-NrjCNbFtg?authuser=0&hl=pt-BR&rclk=1,No,Hotel 3 estrelas,
Holiday Inn Express Porto City Centre by IHG,,,"Rua De Santa Catarina, R. Guedes de Azevedo 34 661 E 663, 4000-454 Porto, Portugal","4,4",,PT,R. Guedes de Azevedo 34 661 E 663,41.152202,-8.605305,"Hotel de 3 estrelas in Porto, Portugal",https://www.google.com/maps/place/Holiday+Inn+Express+Porto+City+Centre+by+IHG/data=!4m10!3m9!1s0xd2464fa7e38bd03:0x78a72971f9b0b8dd!5m2!4m1!1i2!8m2!3d41.152202!4d-8.605305!16s%2Fg%2F11gk_gw978!19sChIJA704fvpkJA0R3biw-XEpp3g?authuser=0&hl=pt-BR&rclk=1,No,Hotel 3 estrelas,
SwissPorto Guest House,,'+351225020414,"R. da Vigorosa 736, 4200-523 Porto, Portugal","3,2",,PT,R. da Vigorosa 736,41.1663411,-8.5901186,"Hotel de 3 estrelas in Porto, Portugal",https://www.google.com/maps/place/SwissPorto+Guest+House/data=!4m10!3m9!1s0xd24659e671d7b5b:0xb3f6dc4a412a69e5!5m2!4m1!1i2!8m2!3d41.1663411!4d-8.5901186!16s%2Fg%2F11sv166vxq!19sChIJW3sdZ55lJA0R5WkqQUrc9rM?authuser=0&hl=pt-BR&rclk=1,No,Hotel 3 estrelas,
"Apartamentos turísticos S. Bento Residences, Porto São Bento",,,"R. de Passos Manuel 76, 4000-450 Porto, Portugal",,,PT,R. de Passos Manuel 76,41.147087,-8.6074504,"Hospedagem domiciliar in Porto, Portugal","https://www.google.com/maps/place/Apartamentos+tur%C3%ADsticos+S.+Bento+Residences,+Porto+S%C3%A3o+Bento/data=!4m7!3m6!1s0xd24650002562985:0x6d3c04d6f1529e07!8m2!3d41.147087!4d-8.6074504!16s%2Fg%2F11nv166nqg!19sChIJhSlWAgBlJA0RB55S8dYEPG0?authuser=0&hl=pt-BR&rclk=1",No,Hospedagem domiciliar,
Luna Navegante Alojamento Local,,,"R. de Augusto Lessa 704, 4200-047 Porto, Portugal",,,PT,R. de Augusto Lessa 704,41.1699916,-8.6028599,"Hospedagem domiciliar in Porto, Portugal",https://www.google.com/maps/place/Luna+Navegante+Alojamento+Local/data=!4m10!3m9!1s0xd2465001a74e089:0x9caf35fc0344a0f9!5m2!4m1!1i2!8m2!3d41.1699916!4d-8.6028599!16s%2Fg%2F11zdr1fpq3!19sChIJieB0GgBlJA0R-aBEA_w1r5w?authuser=0&hl=pt-BR&rclk=1,No,,
Porto,,,"R. de Álvares Cabral 219, 4050-040 Porto, Portugal","5,0",1,PT,R. de Álvares Cabral 219,41.1549001,-8.616203,"Hospedagem domiciliar in Porto, Portugal",https://www.google.com/maps/place/Porto/data=!4m7!3m6!1s0xd24650079cf543b:0x807008537833c56c!8m2!3d41.1549001!4d-8.616203!16s%2Fg%2F11xh5w83vj!19sChIJO1TPeQBlJA0RbMUzeFMIcIA?authuser=0&hl=pt-BR&rclk=1,No,Hospedagem domiciliar,
Porto,,,"R. de Álvares Cabral 219, 4050-040 Porto, Portugal","5,0",1,PT,R. de Álvares Cabral 219,41.2248758,-8.6845442,"Hospedagem domiciliar in Porto, Portugal",https://www.google.com/maps/place/Porto+Smart+Apartments+comfort/data=!4m10!3m9!1s0xd2469006a2709e1:0x95f0cf8a8bc738c3!5m2!4m1!1i2!8m2!3d41.2248758!4d-8.6845442!16s%2Fg%2F11ysnfnqq1!19sChIJ4QknagBpJA0RwzjHi4rP8JU?authuser=0&hl=pt-BR&rclk=1,No,Hospedagem domiciliar,
ML Formosa Delux Rooms,,'+351915454630,"R. Formosa 36, 4000-222 Porto, Portugal","5,0",1,PT,R. Formosa 36,41.147379,-8.6024549,"Hospedagem domiciliar in Porto, Portugal",https://www.google.com/maps/place/ML+Formosa+Delux+Rooms/data=!4m10!3m9!1s0xd246500615b8743:0xc0969a01fc2a2bec!5m2!4m1!1i2!8m2!3d41.147379!4d-8.6024549!16s%2Fg%2F11z7qqqrvm!19sChIJQ4dbYQBlJA0R7Csq_AGalsA?authuser=0&hl=pt-BR&rclk=1,No,,
Porto Hotel,,,"Rua dos Clérigos 82, 4000 Porto, Portugal","5,0",1,PT,Rua dos Clérigos 82,41.145993,-8.6133393,"Hospedagem domiciliar in Porto, Portugal",https://www.google.com/maps/place/Porto+Hotel/data=!4m7!3m6!1s0xd246500154b6da3:0xffddfead2dd23ac0!8m2!3d41.145993!4d-8.6133393!16s%2Fg%2F11y3vg_s0z!19sChIJo21LFQBlJA0RwDrSLa3-3f8?authuser=0&hl=pt-BR&rclk=1,No,Hospedagem domiciliar,
Oliviari hostel,,'+34604280749,"R. do Dr. Manuel Laranjeira 75, 4200-386 Porto, Portugal","5,0",1,PT,R. do Dr. Manuel Laranjeira 75,41.1703576,-8.5976378,"Hospedagem domiciliar in Porto, Portugal",https://www.google.com/maps/place/Oliviari+hostel/data=!4m7!3m6!1s0xd2465007c33d74d:0x78a7462a573c020c!8m2!3d41.1703576!4d-8.5976378!16s%2Fg%2F11x2d0st86!19sChIJTdczfABlJA0RDAI8VypGp3g?authuser=0&hl=pt-BR&rclk=1,No,Hospedagem domiciliar,
Apt Porto,,,"Porto, Portugal","4,5",,PT,Porto,41.1579438,-8.6291053,"Hospedagem domiciliar in Porto, Portugal",https://www.google.com/maps/place/Apt+Porto/data=!4m7!3m6!1s0xd246500579ddbfb:0x958b320ac2e88975!8m2!3d41.1579438!4d-8.6291053!16s%2Fg%2F11wqr7zcxm!19sChIJ-9udVwBlJA0RdYnowgoyi5U?authuser=0&hl=pt-BR&rclk=1,No,Hospedagem domiciliar,
house,,,"Av. Sacadura Cabral 3228, 4410-496 São Félix da M.nha, Portugal","4,0",,PT,Av. Sacadura Cabral 3228,41.0405941,-8.6481342,"Hospedagem domiciliar in Porto, Portugal",https://www.google.com/maps/place/house/data=!4m10!3m9!1s0xd247bad09580a29:0x2c6673b205be8bce!5m2!4m1!1i2!8m2!3d41.0405941!4d-8.6481342!16s%2Fg%2F11nnttgllv!19sChIJKQpYCa17JA0Rzou-BbJzZiw?authuser=0&hl=pt-BR&rclk=1,No,,
house,,,"Av. Sacadura Cabral 3228, 4410-496 São Félix da M.nha, Portugal","4,0",,PT,Av. Sacadura Cabral 3228,41.1612667,-8.6193508,"Hospedagem domiciliar in Porto, Portugal",https://www.google.com/maps/place/Green+Tiles+House+Porto/data=!4m7!3m6!1s0xd24650053ad2f1f:0x5545edccdf4f2897!8m2!3d41.1612667!4d-8.6193508!16s%2Fg%2F11n3_6grht!19sChIJHy-tUwBlJA0RlyhP38ztRVU?authuser=0&hl=pt-BR&rclk=1,No,Hospedagem domiciliar,
Residencial Junior Nkobe,,,"R. da Madeira, 4000-542 Porto, Portugal","5,0",1,PT,R. da Madeira,41.1459851,-8.6090975,"Hospedagem domiciliar in Porto, Portugal",https://www.google.com/maps/place/Residencial+Junior+Nkobe/data=!4m7!3m6!1s0xd24650070fc18a9:0xffc857428be0c54a!8m2!3d41.1459851!4d-8.6090975!16s%2Fg%2F11yj7h4b4g!19sChIJqRj8cABlJA0RSsXgi0JXyP8?authuser=0&hl=pt-BR&rclk=1,No,Hospedagem domiciliar,
Porto Apartment,,,"R. de São Francisco 24, 4050-253 Porto, Portugal","5,0",,PT,R. de São Francisco 24,41.1411556,-8.6168137,"Hospedagem domiciliar in Porto, Portugal",https://www.google.com/maps/place/Porto+Apartment/data=!4m7!3m6!1s0xd2465a9adf1c6cf:0x7aa049822d9d0725!8m2!3d41.1411556!4d-8.6168137!16s%2Fg%2F11s2255r27!19sChIJz8bxrallJA0RJQedLYJJoHo?authuser=0&hl=pt-BR&rclk=1,No,Hospedagem domiciliar,
Eva,,,"R. de Gonçalo Cristóvão, 4000-265 Porto, Portugal",,,PT,R. de Gonçalo Cristóvão,41.1536049,-8.608361,"Hospedagem domiciliar in Porto, Portugal",https://www.google.com/maps/place/Eva/data=!4m7!3m6!1s0xd246500725b433b:0xa5722df9676174f1!8m2!3d41.1536049!4d-8.608361!16s%2Fg%2F11ytsgmq67!19sChIJO0NbcgBlJA0R8XRhZ_ktcqU?authuser=0&hl=pt-BR&rclk=1,No,Hospedagem domiciliar,
Hostel Infante,,,"R. de Alexandre Herculano 136, 4000-239 Porto, Portugal","5,0",1,PT,R. de Alexandre Herculano 136,41.1436698,-8.6034085,"Hospedagem domiciliar in Porto, Portugal",https://www.google.com/maps/place/Hostel+Infante/data=!4m7!3m6!1s0xd24651be7d9f689:0x455d3e9dc43feb4f!8m2!3d41.1436698!4d-8.6034085!16s%2Fg%2F11jt7r2bwd!19sChIJifbZ5xtlJA0RT-s_xJ0-XUU?authuser=0&hl=pt-BR&rclk=1,No,Hospedagem domiciliar,
Varandas do Mar da Aguda,,'+351934609221,"Praia da Aguda, Av. Gomes Guerra 914, 4410-467 Arcozelo, Portugal","4,7",,PT,Av. Gomes Guerra 914,41.0531043,-8.6538424,"Hospedagem domiciliar in Porto, Portugal",https://www.google.com/maps/place/Varandas+do+Mar+da+Aguda/data=!4m10!3m9!1s0xd247ba722e12a33:0x310cc0f7a0590e81!5m2!4m1!1i2!8m2!3d41.0531043!4d-8.6538424!16s%2Fg%2F11t1jygzsz!19sChIJMyrhIqd7JA0RgQ5ZoPfADDE?authuser=0&hl=pt-BR&rclk=1,No,,
Douro Golden Studio,,,"Portugal, Porto, Rua de S. Victor, 邮政编码: 4300-059","5,0",1,PT,邮政编码:,41.1424641,-8.5974323,"Hospedagem domiciliar in Porto, Portugal",https://www.google.com/maps/place/Douro+Golden+Studio/data=!4m10!3m9!1s0xd2465000a65e277:0xe287923b87246f0d!5m2!4m1!1i2!8m2!3d41.1424641!4d-8.5974323!16s%2Fg%2F11yf_lycv2!19sChIJd-JlCgBlJA0RDW8khzuSh-I?authuser=0&hl=pt-BR&rclk=1,No,,
Cosy Countryside - Family House,,,"R do Crasto 106, 4550-366 Castelo de Paiva, Portugal","5,0",,PT,R do Crasto 106,41.0608569,-8.2618279,"Hospedagem domiciliar in Porto, Portugal",https://www.google.com/maps/place/Cosy+Countryside+-+Family+House/data=!4m7!3m6!1s0xd249d8336e89813:0xfa925c5950d86285!8m2!3d41.0608569!4d-8.2618279!16s%2Fg%2F11t38r2km4!19sChIJE5joNoOdJA0RhWLYUFlckvo?authuser=0&hl=pt-BR&rclk=1,No,Hospedagem domiciliar,
Quinta do Inha,,,"R. Pinho Leal 984, 4525 Vale, Portugal","5,0",,PT,R. Pinho Leal 984,40.9700554,-8.440511,"Hospedagem domiciliar in Porto, Portugal",https://www.google.com/maps/place/Quinta+do+Inha/data=!4m7!3m6!1s0xd237f00492fcacb:0x5fc331529ee90c21!8m2!3d40.9700554!4d-8.440511!16s%2Fg%2F11zbt1l40x!19sChIJy8ovSQB_Iw0RIQzpnlIxw18?authuser=0&hl=pt-BR&rclk=1,No,Hospedagem domiciliar,
Casaalamela,,,"R. da Alamela 694, 4560 Penafiel, Portugal","4,5",,PT,R. da Alamela 694,41.1975339,-8.3008775,"Hospedagem domiciliar in Porto, Portugal",https://www.google.com/maps/place/Casaalamela/data=!4m10!3m9!1s0xd2491002326b3fb:0x69a935d7eaa40edf!5m2!4m1!1i2!8m2!3d41.1975339!4d-8.3008775!16s%2Fg%2F11w9yfx4xz!19sChIJ-7MmIwCRJA0R3w6k6tc1qWk?authuser=0&hl=pt-BR&rclk=1,No,,
Carro,,,"R. Diogo Cassels 6, 4430-999 Vila Nova de Gaia, Portugal","3,0",1,PT,R. Diogo Cassels 6,41.1326192,-8.608055,"Hospedagem domiciliar in Porto, Portugal",https://www.google.com/maps/place/Carro/data=!4m7!3m6!1s0xd246545d57c60f5:0xaaeffa4f87fb34df!8m2!3d41.1326192!4d-8.608055!16s%2Fg%2F11vf8tddx0!19sChIJ9WB81UVlJA0R3zT7h0_676o?authuser=0&hl=pt-BR&rclk=1,No,Hospedagem domiciliar,
AL Pitões,,'+351933927443,"R. do Freixo 1680, 4300-214 Porto, Portugal","3,9",,PT,R. do Freixo 1680,41.1473154,-8.5868455,"Hospedagem domiciliar in Porto, Portugal",https://www.google.com/maps/place/AL+Pit%C3%B5es/data=!4m10!3m9!1s0xd2465ed6ea83109:0x4669e745dd77cd93!5m2!4m1!1i2!8m2!3d41.1473154!4d-8.5868455!16s%2Fg%2F11tsm6zgmy!19sChIJCTGobu1lJA0Rk8133UXnaUY?authuser=0&hl=pt-BR&rclk=1,No,,
Traços de passagem unip Lda,,,"Largo Bom Sucesso nr 52, 4150-144 Porto, Portugal","4,5",,PT,Largo Bom Sucesso nr 52,41.1543826,-8.6281316,"Hospedagem domiciliar in Porto, Portugal",https://www.google.com/maps/place/Tra%C3%A7os+de+passagem+unip+Lda/data=!4m7!3m6!1s0xd2465760fc652a5:0x5896adc4d7f8633e!8m2!3d41.1543826!4d-8.6281316!16s%2Fg%2F11tmn2wbdc!19sChIJpVLGD3ZlJA0RPmP418Stllg?authuser=0&hl=pt-BR&rclk=1,No,Hospedagem domiciliar,
ANSE - Porto,,,"R. de Santa Catarina 935, 4000-263 Porto, Portugal","4,1",,PT,R. de Santa Catarina 935,41.1545066,-8.6050521,"Hospedagem domiciliar in Porto, Portugal",https://www.google.com/maps/place/ANSE+-+Porto/data=!4m7!3m6!1s0xd24652f8045463d:0xfa4ecd245e0bf5c4!8m2!3d41.1545066!4d-8.6050521!16s%2Fg%2F11t7syf34d!19sChIJPUZFgC9lJA0RxPULXiTNTvo?authuser=0&hl=pt-BR&rclk=1,No,Hospedagem domiciliar,
Arifa,,'+351920033509,"R. Alberto Pimentel 228, 4745-209 Guidões, Portugal","4,4",,PT,R. Alberto Pimentel 228,41.3358576,-8.6172664,"Hospedagem domiciliar in Porto, Portugal",https://www.google.com/maps/place/Arifa/data=!4m7!3m6!1s0xd245d5a16842865:0x17b881f632219ed5!8m2!3d41.3358576!4d-8.6172664!16s%2Fg%2F11hz8bsp0j!19sChIJZSiEFlpdJA0R1Z4hMvaBuBc?authuser=0&hl=pt-BR&rclk=1,No,Hospedagem domiciliar,
Alojamento Local Monte Sinai,,'+351222085374,"R. de Alexandre Herculano 146, 4000-054 Porto, Portugal","3,6",,PT,R. de Alexandre Herculano 146,41.143713,-8.6035496,"Hotel de 2 estrelas in Porto, Portugal",https://www.google.com/maps/place/Alojamento+Local+Monte+Sinai/data=!4m10!3m9!1s0xd2464e8c1041a37:0x6137fb71dfc8857!5m2!4m1!1i2!8m2!3d41.143713!4d-8.6035496!16s%2Fg%2F1tdkcbkd!19sChIJNxoEwehkJA0RV4j8Hbd_EwY?authuser=0&hl=pt-BR&rclk=1,No,,
B&B Hotels,,,"R. 5 de Outubro 1024, 4480-700 Vila do Conde, Portugal","4,4",,PT,R. 5 de Outubro 1024,41.361148,-8.744448,"Albergue in Porto, Portugal",https://www.google.com/maps/place/B%26B+Hotels/data=!4m10!3m9!1s0xd24441c59110153:0xf360054acba19ffa!5m2!4m1!1i2!8m2!3d41.361148!4d-8.744448!16s%2Fg%2F11sx_h0g12!19sChIJUwERWRxEJA0R-p-hy0oFYPM?authuser=0&hl=pt-BR&rclk=1,No,,
City Heart Rooms,,'+351937385344,"69 Calçada da Póvoa 1 left, 4000-022 Porto, Portugal","2,1",,PT,69 Calçada da Póvoa 1 left,41.156981,-8.5972039,"Albergue in Porto, Portugal",https://www.google.com/maps/place/City+Heart+Rooms/data=!4m10!3m9!1s0xd2464f4673719f7:0x7eef5e414145d989!5m2!4m1!1i2!8m2!3d41.156981!4d-8.5972039!16s%2Fg%2F11h3b2v1zf!19sChIJ9xk3Z_RkJA0RidlFQUFe734?authuser=0&hl=pt-BR&rclk=1,No,,
Quiet Point Rooms,,'+351911501445,"R. Assis Vaz 35, 4200-096 Porto, Portugal","4,2",,PT,R. Assis Vaz 35,41.1687856,-8.5938772,"Albergue in Porto, Portugal",https://www.google.com/maps/place/Quiet+Point+Rooms/data=!4m10!3m9!1s0xd24650048f2f8b9:0x6cf6aefb0b5c2eb6!5m2!4m1!1i2!8m2!3d41.1687856!4d-8.5938772!16s%2Fg%2F11y405fy63!19sChIJufjySABlJA0Rti5cC_uu9mw?authuser=0&hl=pt-BR&rclk=1,No,,
By Doors Hostel Porto,,'+351962209300,"R. António José da Costa 31, 4150-091 Lordelo do Ouro, Portugal","4,1",,PT,R. António José da Costa 31,41.1583979,-8.6373545,"Albergue in Porto, Portugal",https://www.google.com/maps/place/By+Doors+Hostel+Porto/data=!4m10!3m9!1s0xd246512c7ec79e3:0x459de32a133512c0!5m2!4m1!1i2!8m2!3d41.1583979!4d-8.6373545!16s%2Fg%2F11fnp16pmt!19sChIJ43nsxxJlJA0RwBI1EyrjnUU?authuser=0&hl=pt-BR&rclk=1,No,,
Angeiras Beach Hostel,,'+351916883333,"Av. da Praia de Angeiras 60, 4455-042 Lavra, Portugal","4,4",,PT,Av. da Praia de Angeiras 60,41.2650382,-8.7259464,"Albergue in Porto, Portugal",https://www.google.com/maps/place/Angeiras+Beach+Hostel/data=!4m10!3m9!1s0xd246994aba411d7:0xcdc985a4ffbc3583!5m2!4m1!1i2!8m2!3d41.2650382!4d-8.7259464!16s%2Fg%2F11xtwvs6h7!19sChIJ1xGkq5RpJA0RgzW8_6SFyc0?authuser=0&hl=pt-BR&rclk=1,No,,
Residencial do Sul,,'+351218147253,"Av. Alm. Reis 52, 1150-019 Lisboa, Portugal","3,6",,PT,Av. Alm. Reis 52,38.7256643,-9.1348815,"Hospedaria in Lisbon, Portugal",https://www.google.com/maps/place/Residencial+do+Sul/data=!4m10!3m9!1s0xd1933855077d2a5:0xb8af6101bf72e6b4!5m2!4m1!1i2!8m2!3d38.7256643!4d-9.1348815!16s%2Fg%2F1tfsd37g!19sChIJpdJ3UIUzGQ0RtOZyvwFhr7g?authuser=0&hl=pt-BR&rclk=1,No,,
Pensao Beira Minho,,'+351213461846,"Praça da Figueira 6, 1100-240 Lisboa, Portugal","2,9",,PT,Praça da Figueira 6,38.7141832,-9.1378724,"Hospedaria in Lisbon, Portugal",https://www.google.com/maps/place/Pensao+Beira+Minho/data=!4m10!3m9!1s0xd1933877a14a101:0xfe9bd4876a8f8d56!5m2!4m1!1i2!8m2!3d38.7141832!4d-9.1378724!16s%2Fg%2F1wrtf39v!19sChIJAaEUeoczGQ0RVo2PaofUm_4?authuser=0&hl=pt-BR&rclk=1,No,,
Boho Guesthouse - Rooms & Apartments,,,"Tv. do Alecrim 3, 1200-019 Lisboa, Portugal","3,9",,PT,Tv. do Alecrim 3,38.7077404,-9.1437632,"Hospedaria in Lisbon, Portugal",https://www.google.com/maps/place/Boho+Guesthouse+-+Rooms+%26+Apartments/data=!4m10!3m9!1s0xd1ecb54753ce583:0xb5aa6caed9b42a9d!5m2!4m1!1i2!8m2!3d38.7077404!4d-9.1437632!16s%2Fg%2F1q64dxm5j!19sChIJg-U8dVTLHg0RnSq02a5sqrU?authuser=0&hl=pt-BR&rclk=1,No,,
Hospedaria do Bairro Alentejano,,'+351962843954,"Av. Alberto Valente, 2950-439 Palmela, Portugal","4,2",,PT,Av. Alberto Valente,38.5831612,-8.890374,"Hospedaria in Lisbon, Portugal",https://www.google.com/maps/place/Hospedaria+do+Bairro+Alentejano/data=!4m7!3m6!1s0xd1941726b3fa2dd:0x1974d683da8da930!8m2!3d38.5831612!4d-8.890374!16s%2Fg%2F1tf61kc1!19sChIJ3aI_a3JBGQ0RMKmN2oPWdBk?authuser=0&hl=pt-BR&rclk=1,No,Hospedaria,
Be My Guest Lisboa Hostel,,'+351218131997,"R. Morais Soares 122, 1900-349 Lisboa, Portugal","3,8",,PT,R. Morais Soares 122,38.7332668,-9.1321794,"Hospedaria in Lisbon, Portugal",https://www.google.com/maps/place/Be+My+Guest+Lisboa+Hostel/data=!4m10!3m9!1s0xd193397b661810f:0xf4f80e3674f53073!5m2!4m1!1i2!8m2!3d38.7332668!4d-9.1321794!16s%2Fg%2F12vqy12dj!19sChIJD4FhtpczGQ0RczD1dDYO-PQ?authuser=0&hl=pt-BR&rclk=1,No,,
Mico's Hostel,,'+351917657629,"R. dos Navegantes 92, 2750-444 Cascais, Portugal","4,7",,PT,R. dos Navegantes 92,38.6981547,-9.4229114,"Hospedaria in Lisbon, Portugal",https://www.google.com/maps/place/Mico%27s+Hostel/data=!4m10!3m9!1s0xd1ec4258730a4e3:0xefb458accd08dddc!5m2!4m1!1i2!8m2!3d38.6981547!4d-9.4229114!16s%2Fg%2F11f4wv11cn!19sChIJ46QwhyXEHg0R3N0IzaxYtO8?authuser=0&hl=pt-BR&rclk=1,No,,
ibis Lisboa Parque das Naçoes,,,"R. do Mar Vermelho 1 07 2 2, Nº De Registo:4710, 1990-203 Lisboa, Portugal","4,2",,PT,Nº De Registo:4710,38.771181,-9.096848,"Hotel de 3 estrelas in Lisbon, Portugal",https://www.google.com/maps/place/ibis+Lisboa+Parque+das+Na%C3%A7oes/data=!4m10!3m9!1s0xd193188d8aced03:0xbba5caa5bcd3eea2!5m2!4m1!1i2!8m2!3d38.771181!4d-9.096848!16s%2Fg%2F12q4vcgvy!19sChIJA-2s2IgxGQ0Rou7TvKXKpbs?authuser=0&hl=pt-BR&rclk=1,No,,
Brother's Rooms,,'+351936749525,"R. dos Baldaques 48, 1900-085 Lisboa, Portugal","2,5",,PT,R. dos Baldaques 48,38.7339453,-9.1296308,"Hotel de 3 estrelas in Lisbon, Portugal",https://www.google.com/maps/place/Brother%27s+Rooms/data=!4m10!3m9!1s0xd1933b28aabe745:0x5b1db9f4bf92598f!5m2!4m1!1i2!8m2!3d38.7339453!4d-9.1296308!16s%2Fg%2F11t1b3mbls!19sChIJReerirIzGQ0Rj1mSv_S5HVs?authuser=0&hl=pt-BR&rclk=1,No,,
Penha Longa Resort,,,"Estrada da Lagoa Azul, Linhó Quinta da, Penha Longa, 2714-511 Sintra, Portugal","4,7",,PT,Penha Longa,38.76147,-9.396938,"Hotel de 5 estrelas in Lisbon, Portugal",https://www.google.com/maps/place/Penha+Longa+Resort/data=!4m10!3m9!1s0xd1ec53b9657b57b:0x2a9fff2baf77fd53!5m2!4m1!1i2!8m2!3d38.76147!4d-9.396938!16s%2Fg%2F11_q518q6!19sChIJe7VXljvFHg0RU_13ryv_nyo?authuser=0&hl=pt-BR&rclk=1,No,,
Hotel Dom Pedro Lisboa,,,"Av. Eng. Duarte Pacheco 24, 1070-110 Lisboa, Portugal","4,5",,PT,Av. Eng. Duarte Pacheco 24,38.724834,-9.160352,"Hotel de 5 estrelas in Lisbon, Portugal",https://www.google.com/maps/place/Hotel+Dom+Pedro+Lisboa/data=!4m10!3m9!1s0xd19336ee2524963:0xb1a22ea65c994bf4!5m2!4m1!1i2!8m2!3d38.724834!4d-9.160352!16s%2Fg%2F1tls42m8!19sChIJY0lS4m4zGQ0R9EuZXKYuorE?authuser=0&hl=pt-BR&rclk=1,No,,
Al Hospedagem Bisengototo,,'+351967140365,"R. Morais Soares, 1170-189 Lisboa, Portugal","3,7",,PT,R. Morais Soares,38.7322561,-9.1291938,"Hospedagem domiciliar in Lisbon, Portugal",https://www.google.com/maps/place/Al+Hospedagem+Bisengototo/data=!4m10!3m9!1s0xd1933942dc5b0a9:0x1e5830192331867c!5m2!4m1!1i2!8m2!3d38.7322561!4d-9.1291938!16s%2Fg%2F11cs3xf089!19sChIJqbDFLZQzGQ0RfIYxIxkwWB4?authuser=0&hl=pt-BR&rclk=1,No,,
"Moscavide, orient",,,"R. Armistício 1, 1885-042 Moscavide, Portugal",,,PT,R. Armistício 1,38.7774704,-9.1012504,"Hospedagem domiciliar in Lisbon, Portugal","https://www.google.com/maps/place/Moscavide,+orient/data=!4m7!3m6!1s0xd1931005473e44d:0x78eeb0c60030e0b3!8m2!3d38.7774704!4d-9.1012504!16s%2Fg%2F11zdr1pwl_!19sChIJTeRzVAAxGQ0Rs-AwAMaw7ng?authuser=0&hl=pt-BR&rclk=1",No,Hospedagem domiciliar,
EntreEajuda Petsitting,,'+351911519573,"Rua Engenheiro Quartin Graça 39, 1750-099 Lisboa, Portugal","5,0",,PT,Rua Engenheiro Quartin Graça 39,38.7821656,-9.1621117,"Hospedagem domiciliar in Lisbon, Portugal",https://www.google.com/maps/place/EntreEajuda+Petsitting/data=!4m7!3m6!1s0xd1933d78890b987:0x7346d9e944a7bb2d!8m2!3d38.7821656!4d-9.1621117!16s%2Fg%2F11vl2nmwg9!19sChIJh7mQiNczGQ0RLbunROnZRnM?authuser=0&hl=pt-BR&rclk=1,No,Hotel para animais de estimação,
Alojamiento lisboa,,,"R. Fernandes Tomás 44, 1200-178 Lisboa, Portugal","5,0",1,PT,R. Fernandes Tomás 44,38.70951,-9.1503845,"Hospedagem domiciliar in Lisbon, Portugal",https://www.google.com/maps/place/Alojamiento+lisboa/data=!4m7!3m6!1s0xd193549ad1e629f:0x19dd8d8b7b3e28f1!8m2!3d38.70951!4d-9.1503845!16s%2Fg%2F11trdn_pfy!19sChIJn2IerUk1GQ0R8Sg-e4uN3Rk?authuser=0&hl=pt-BR&rclk=1,No,Hospedagem domiciliar,
Quartos do Marquês,,,"1150-281, Portugal, Lisboa, R. Rodrigues Sampaio","5,0",,PT,,38.7222821,-9.145833,"Hospedagem domiciliar in Lisbon, Portugal",https://www.google.com/maps/place/Quartos+do+Marqu%C3%AAs/data=!4m10!3m9!1s0xd1933002b17d56b:0x9dec7861b2b858c7!5m2!4m1!1i2!8m2!3d38.7222821!4d-9.145833!16s%2Fg%2F11vqlwv4sz!19sChIJa9UXKwAzGQ0Rx1i4smF47J0?authuser=0&hl=pt-BR&rclk=1,No,,
Telmo Wohnung,,,"R. Damasceno Monteiro 66B, 1170-253 Lisboa, Portugal","4,7",,PT,R. Damasceno Monteiro 66B,38.7196836,-9.133146,"Hospedagem domiciliar in Lisbon, Portugal",https://www.google.com/maps/place/Telmo+Wohnung/data=!4m7!3m6!1s0xd19332d460aeae1:0x7c1ea9fdaa1ddb4f!8m2!3d38.7196836!4d-9.133146!16s%2Fg%2F11s90zb0fx!19sChIJ4eoKRi0zGQ0RT9sdqv2pHnw?authuser=0&hl=pt-BR&rclk=1,No,Hospedagem domiciliar,
Hospedaje,,,"R. Rodrigues Sampaio 138, 1150-006 Lisboa, Portugal","5,0",1,PT,R. Rodrigues Sampaio 138,38.724106,-9.14746,"Hospedagem domiciliar in Lisbon, Portugal",https://www.google.com/maps/place/Hospedaje/data=!4m7!3m6!1s0xd19330068c931a5:0x821f22d9038a5c4e!8m2!3d38.724106!4d-9.14746!16s%2Fg%2F11xtdz66g9!19sChIJpTHJaAAzGQ0RTlyKA9kiH4I?authuser=0&hl=pt-BR&rclk=1,No,Hospedagem domiciliar,
VT GUESTHOUSE,,'+351928035009,"R. Dom Pedro Denis, 2900-524 Setúbal, Portugal","5,0",,PT,R. Dom Pedro Denis,38.5235703,-8.9024979,"Hospedagem domiciliar in Lisbon, Portugal",https://www.google.com/maps/place/VT+GUESTHOUSE/data=!4m10!3m9!1s0xd194300696dd3fb:0x502cae6710427c73!5m2!4m1!1i2!8m2!3d38.5235703!4d-8.9024979!16s%2Fg%2F11z1zs_p94!19sChIJ-9NtaQBDGQ0Rc3xCEGeuLFA?authuser=0&hl=pt-BR&rclk=1,No,,
apartamento,,,"R. 4 de Agosto 11, 1900-097 Lisboa, Portugal","5,0",1,PT,R. 4 de Agosto 11,38.7342139,-9.1284331,"Hospedagem domiciliar in Lisbon, Portugal",https://www.google.com/maps/place/apartamento/data=!4m7!3m6!1s0xd19330070077067:0xb4f08b070371ba1c!8m2!3d38.7342139!4d-9.1284331!16s%2Fg%2F11vs4_hzw7!19sChIJZ3AHcAAzGQ0RHLpxAweL8LQ?authuser=0&hl=pt-BR&rclk=1,No,Hospedagem domiciliar,
Vivenda J. Balico,,'+351910445476,"R. Dr. Henrique Barbas de Albuquerque 7, 2670-457 Loures, Portugal","5,0",,PT,R. Dr. Henrique Barbas de Albuquerque 7,38.8283781,-9.1628719,"Hospedagem domiciliar in Lisbon, Portugal",https://www.google.com/maps/place/Vivenda+J.+Balico/data=!4m7!3m6!1s0xd192d001ed97839:0xfa1507a8ede7df9e!8m2!3d38.8283781!4d-9.1628719!16s%2Fg%2F11ml3k1c1c!19sChIJOXjZHgAtGQ0Rnt_n7agHFfo?authuser=0&hl=pt-BR&rclk=1,No,Hospedagem domiciliar,
laranjeiras,,,"R. Anjos Teixeira, Fernão Ferro, Portugal","4,4",,PT,R. Anjos Teixeira,38.5812483,-9.0857402,"Hospedagem domiciliar in Lisbon, Portugal",https://www.google.com/maps/place/laranjeiras/data=!4m7!3m6!1s0xd1949e8fd770a6b:0xa705ea422d5f9e85!8m2!3d38.5812483!4d-9.0857402!16s%2Fg%2F11sb0tcq20!19sChIJawp3_ehJGQ0RhZ5fLULqBac?authuser=0&hl=pt-BR&rclk=1,No,Hospedagem domiciliar,
Charming Guest House,,,"R. Palmira 13 R/C Direito, 1170-285 Lisboa, Portugal","5,0",1,PT,R. Palmira 13 R/C Direito,38.7231235,-9.134434,"Hospedagem domiciliar in Lisbon, Portugal",https://www.google.com/maps/place/Charming+Guest+House/data=!4m10!3m9!1s0xd1933004f14a293:0x3c58f65e4bda238!5m2!4m1!1i2!8m2!3d38.7231235!4d-9.134434!16s%2Fg%2F11n39mt404!19sChIJk6IUTwAzGQ0ROKK95GWPxQM?authuser=0&hl=pt-BR&rclk=1,No,,
Avenida Boutique Apartments,,,"Tv. Santa Marta 17 圣安, 1150-295 Lisboa, Portugal","4,1",,PT,Tv. Santa Marta 17 圣安,38.7233489,-9.144659,"Hospedagem domiciliar in Lisbon, Portugal",https://www.google.com/maps/place/Avenida+Boutique+Apartments/data=!4m10!3m9!1s0xd1933004228f347:0x6b46d475a62e191d!5m2!4m1!1i2!8m2!3d38.7233489!4d-9.144659!16s%2Fg%2F11mlvtxmcb!19sChIJR_MoQgAzGQ0RHRkupnXURms?authuser=0&hl=pt-BR&rclk=1,No,,
Heart Of Lisbon,,'+351936322363,"R. do Duque 41, 1200-158 Lisboa, Portugal","2,6",,PT,R. do Duque 41,38.7130814,-9.1414586,"Hospedagem domiciliar in Lisbon, Portugal",https://www.google.com/maps/place/Heart+Of+Lisbon/data=!4m10!3m9!1s0xd1935cc4f8e7d9d:0xadd76bfb0e88f1a1!5m2!4m1!1i2!8m2!3d38.7130814!4d-9.1414586!16s%2Fg%2F11s4t0bh2b!19sChIJnX2OT8w1GQ0RofGIDvtr160?authuser=0&hl=pt-BR&rclk=1,No,,
Hotel,,,"Largo do Intendente Pina Manique 3, 1150-096 Lisboa, Portugal","5,0",,PT,Largo do Intendente Pina Manique 3,38.7212571,-9.1349566,"Hospedagem domiciliar in Lisbon, Portugal",https://www.google.com/maps/place/Hotel/data=!4m7!3m6!1s0xd1933001d53dfcd:0x6e252f46d42c36bf!8m2!3d38.7212571!4d-9.1349566!16s%2Fg%2F11ybf4hd5x!19sChIJzd9THQAzGQ0RvzYs1EYvJW4?authuser=0&hl=pt-BR&rclk=1,No,Hospedagem domiciliar,
Voyage 63 Rooms,,'+351910856766,"Rua Garrido 63 - floor 3F, 1900-247 Lisboa, Portugal","3,5",,PT,Rua Garrido 63 - floor 3F,38.7383326,-9.1293626,"Hotel de 2 estrelas in Lisbon, Portugal",https://www.google.com/maps/place/Voyage+63+Rooms/data=!4m10!3m9!1s0xd1933bc242a6f49:0x308c641cf04112a0!5m2!4m1!1i2!8m2!3d38.7383326!4d-9.1293626!16s%2Fg%2F11gh39xq2l!19sChIJSW8qJLwzGQ0RoBJB8BxkjDA?authuser=0&hl=pt-BR&rclk=1,No,,
Residencial Almirante,,'+351925310663,"Av. Alm. Reis 32, 1170-218 Lisboa, Portugal","3,6",,PT,Av. Alm. Reis 32,38.7233012,-9.1350981,"Hotel de 2 estrelas in Lisbon, Portugal",https://www.google.com/maps/place/Residencial+Almirante/data=!4m10!3m9!1s0xd19338559672c4d:0xa7564253d34c0ea2!5m2!4m1!1i2!8m2!3d38.7233012!4d-9.1350981!16s%2Fg%2F11c6v9nttr!19sChIJTSxnWYUzGQ0Rog5M01NCVqc?authuser=0&hl=pt-BR&rclk=1,No,,
Party Zone Hostel Bairro Alto,,,"Tv. da Hera 4 2, 1200-218 Lisboa, Portugal","2,7",,PT,Tv. da Hera 4 2,38.7108514,-9.1477223,"Albergue in Lisbon, Portugal",https://www.google.com/maps/place/Party+Zone+Hostel+Bairro+Alto/data=!4m10!3m9!1s0xd193535d5770cc1:0xa64f023aaee5dfe4!5m2!4m1!1i2!8m2!3d38.7108514!4d-9.1477223!16s%2Fg%2F11tj2nx6yt!19sChIJwQx31TU1GQ0R5N_lrjoCT6Y?authuser=0&hl=pt-BR&rclk=1,No,,
Pensao Santo Antonio,,'+351933465455,"Praça Dona Maria II 1714, 4760-111 Vila Nova de Famalicão, Portugal","4,4",,PT,Praça Dona Maria II 1714,41.4042572,-8.5192179,"Hospedaria in Aves, Portugal",https://www.google.com/maps/place/Pensao+Santo+Antonio/data=!4m10!3m9!1s0xd245857b9fc510b:0x32bb6e95249c4428!5m2!4m1!1i2!8m2!3d41.4042572!4d-8.5192179!16s%2Fg%2F1tg6lv09!19sChIJC1H8uVdYJA0RKEScJJVuuzI?authuser=0&hl=pt-BR&rclk=1,No,,
Casa Porta Nova AL,,,"R. Egas Moniz 97, 4800-411 Guimarães, Portugal","4,9",,PT,R. Egas Moniz 97,41.4417039,-8.2931761,"Hospedaria in Aves, Portugal",https://www.google.com/maps/place/Casa+Porta+Nova+AL/data=!4m10!3m9!1s0xd24efc2083a2c0f:0xc5a6966bb928a390!5m2!4m1!1i2!8m2!3d41.4417039!4d-8.2931761!16s%2Fg%2F11f54l_brg!19sChIJDyw6CMLvJA0RkKMouWuWpsU?authuser=0&hl=pt-BR&rclk=1,No,,
Casa Eira da Fabiana,,'+351916058466,"Rua da Fabiana 19, 4880-212 Mondim de Basto, Portugal","4,6",,PT,Rua da Fabiana 19,41.3925467,-7.9472068,"Hospedaria in Aves, Portugal",https://www.google.com/maps/place/Casa+Eira+da+Fabiana/data=!4m7!3m6!1s0xd24c8bb69cc0909:0x2e6f5098671de65c!8m2!3d41.3925467!4d-7.9472068!16s%2Fg%2F11f2v_hxsr!19sChIJCQnMabvIJA0RXOYdZ5hQby4?authuser=0&hl=pt-BR&rclk=1,No,Hospedaria,
Pensão,,,"R. de Torneiros 36, 4715-213 Braga, Portugal","4,0",,PT,R. de Torneiros 36,41.548239,-8.4096787,"Hospedaria in Aves, Portugal",https://www.google.com/maps/place/Pens%C3%A3o/data=!4m7!3m6!1s0xd24febc8939490b:0xa53c46eadf775a6d!8m2!3d41.548239!4d-8.4096787!16s%2Fg%2F11cs6bh_m5!19sChIJC0k5ibz-JA0RbVp33-pGPKU?authuser=0&hl=pt-BR&rclk=1,No,Hospedaria,
Senhor Dos Perdoes Alojamento Local,,'+351252415303,"Av. Portas do Minho 762, 4760-714 Ribeirão, Portugal","4,4",,PT,Av. Portas do Minho 762,41.3629599,-8.5466766,"Hospedaria in Aves, Portugal",https://www.google.com/maps/place/Senhor+Dos+Perdoes+Alojamento+Local/data=!4m10!3m9!1s0xd245ecb31d48623:0x5278ac3c3c28b9c4!5m2!4m1!1i2!8m2!3d41.3629599!4d-8.5466766!16s%2Fg%2F11b73mwv4k!19sChIJI4bUMcteJA0RxLkoPDyseFI?authuser=0&hl=pt-BR&rclk=1,No,,
Hotel Aquafalls,,,"Avenida de São Miguel 1677, 4850-053 Caniçada, Portugal","4,0",,PT,Avenida de São Miguel 1677,41.647688,-8.206309,"Hotel de 5 estrelas in Aves, Portugal",https://www.google.com/maps/place/Hotel+Aquafalls/data=!4m10!3m9!1s0xd251e6cc01abe6d:0xe806800679737f31!5m2!4m1!1i2!8m2!3d41.647688!4d-8.206309!16s%2Fg%2F1tg2fs3n!19sChIJbb4awGweJQ0RMX9zeQaABug?authuser=0&hl=pt-BR&rclk=1,No,,
AM Residence,,,"R. António da Costa Magalhães, 4700-254 Braga, Portugal","4,6",,PT,R. António da Costa Magalhães,41.5522858,-8.4380361,"Hospedagem domiciliar in Aves, Portugal",https://www.google.com/maps/place/AM+Residence/data=!4m10!3m9!1s0xd24ffee8661397b:0xb64770cbb177d804!5m2!4m1!1i2!8m2!3d41.5522858!4d-8.4380361!16s%2Fg%2F11y1vxvkb3!19sChIJezlhhu7_JA0RBNh3sctwR7Y?authuser=0&hl=pt-BR&rclk=1,No,,
Casa Do Ribeiro,,'+351258931750,"R. do Campinho, 4835-267 Guimarães, Portugal","4,8",,PT,R. do Campinho,41.4173192,-8.3465576,"Hospedagem domiciliar in Aves, Portugal",https://www.google.com/maps/place/Casa+Do+Ribeiro/data=!4m10!3m9!1s0xd24f1aca8a07ca7:0x7d90cbd72a4fb3a7!5m2!4m1!1i2!8m2!3d41.4173192!4d-8.3465576!16s%2Fg%2F11b73pf1gq!19sChIJp3ygqKzxJA0Rp7NPKtfLkH0?authuser=0&hl=pt-BR&rclk=1,No,,
Quinta dos Aceres,,,"Outeiro, Portugal","4,8",,PT,Outeiro,41.5129752,-8.0091288,"Hospedagem domiciliar in Aves, Portugal",https://www.google.com/maps/place/Quinta+dos+Aceres/data=!4m7!3m6!1s0xd24dbb856340b93:0x3256cbfdce26580a!8m2!3d41.5129752!4d-8.0091288!16s%2Fg%2F11rrt_cr37!19sChIJkws0VrjbJA0RClgmzv3LVjI?authuser=0&hl=pt-BR&rclk=1,No,Hospedagem domiciliar,
Quinta da Costa - Alojamento Local,,'+351925122895,"Rua da Fervença 7, 4830-678, Portugal","5,0",,PT,Rua da Fervença 7,41.6214408,-8.297383,"Hospedagem domiciliar in Aves, Portugal",https://www.google.com/maps/place/Quinta+da+Costa+-+Alojamento+Local/data=!4m7!3m6!1s0xd251d0069e4883f:0xe1d2cdfa2ab6bb03!8m2!3d41.6214408!4d-8.297383!16s%2Fg%2F11ymhqf9lz!19sChIJP4jkaQAdJQ0RA7u2KvrN0uE?authuser=0&hl=pt-BR&rclk=1,No,Hospedagem domiciliar,
Casa de Barreiros,,,"Queirões, 4720-110 Barreiros, Portugal","5,0",,PT,Queirões,41.6161668,-8.4033565,"Hospedagem domiciliar in Aves, Portugal",https://www.google.com/maps/place/Casa+de+Barreiros/data=!4m10!3m9!1s0xd2501bd7655743b:0x57ceb36e0e32f80f!5m2!4m1!1i2!8m2!3d41.6161668!4d-8.4033565!16s%2Fg%2F11sv40yt1k!19sChIJO3RVdr0BJQ0RD_gyDm6zzlc?authuser=0&hl=pt-BR&rclk=1,No,,
Bom bom,,,"Largo da Devesa 5A, 4715-015 Braga, Portugal",,,PT,Largo da Devesa 5A,41.542219,-8.4163524,"Hospedagem domiciliar in Aves, Portugal",https://www.google.com/maps/place/Bom+bom/data=!4m7!3m6!1s0xd24ff77e54e4e89:0x67c3f5822ab08c5c!8m2!3d41.542219!4d-8.4163524!16s%2Fg%2F11vkg5_6_x!19sChIJiU5O5Xf_JA0RXIywKoL1w2c?authuser=0&hl=pt-BR&rclk=1,No,Hospedagem domiciliar,
apartamento em casa particular,,,"Travassós, Portugal","4,9",,PT,Travassós,41.4991302,-8.1966,"Hospedagem domiciliar in Aves, Portugal",https://www.google.com/maps/place/apartamento+em+casa+particular/data=!4m11!3m10!1s0xd24e6684904e299:0xf3ca8f2a392c600f!5m2!4m1!1i2!8m2!3d41.4991302!4d-8.1966!16s%2Fg%2F11kj5nj53w!17BQ0FF!19sChIJmeIESWjmJA0RD2AsOSqPyvM?authuser=0&hl=pt-BR&rclk=1,No,,
Casa do Piano,,'+351962990438,"Rua da Bouça do Carvalhal, 4805-199 Guimarães, Portugal","4,6",,PT,Rua da Bouça do Carvalhal,41.5250312,-8.3688667,"Hospedagem domiciliar in Aves, Portugal",https://www.google.com/maps/place/Casa+do+Piano/data=!4m10!3m9!1s0xd24fb9228ae6df9:0xc553f3b42a60e74f!5m2!4m1!1i2!8m2!3d41.5250312!4d-8.3688667!16s%2Fg%2F11dzdcx_5l!19sChIJ-W2uKJL7JA0RT-dgKrTzU8U?authuser=0&hl=pt-BR&rclk=1,No,,
Travessa do Pinheiro,,,"R. de Santa Eugénia, 4755-461 Rio Covo (Santa Eugénia), Portugal","4,0",,PT,R. de Santa Eugénia,41.5228573,-8.6045406,"Hospedagem domiciliar in Aves, Portugal",https://www.google.com/maps/place/Travessa+do+Pinheiro/data=!4m7!3m6!1s0xd2453c9162ba865:0x51a32e8cc02791a9!8m2!3d41.5228573!4d-8.6045406!16s%2Fg%2F11vfbbch31!19sChIJZagrFslTJA0RqZEnwIwuo1E?authuser=0&hl=pt-BR&rclk=1,No,Hospedagem domiciliar,
Quinta da Bica,,,"R. da Maina 1474, 4810-503 503Guimarães, Portugal","4,3",,PT,R. da Maina 1474,41.4282819,-8.2899361,"Hospedagem domiciliar in Aves, Portugal",https://www.google.com/maps/place/Quinta+da+Bica/data=!4m7!3m6!1s0xd24efc974dba093:0x6a074245d453caba!8m2!3d41.4282819!4d-8.2899361!16s%2Fg%2F11f__tf_9r!19sChIJk6DbdMnvJA0RuspT1EVCB2o?authuser=0&hl=pt-BR&rclk=1,No,Hospedagem domiciliar,
Casa de Valdemar,,,"R. de Janarde, Rande, Portugal","4,5",,PT,R. de Janarde,41.3320789,-8.2343029,"Hospedagem domiciliar in Aves, Portugal",https://www.google.com/maps/place/Casa+de+Valdemar/data=!4m10!3m9!1s0xd24ed407b1c858f:0xf0fafd9536d1447!5m2!4m1!1i2!8m2!3d41.3320789!4d-8.2343029!16s%2Fg%2F11tx7z75st!19sChIJj4Uce0DtJA0RRxRtU9mvDw8?authuser=0&hl=pt-BR&rclk=1,No,,
Home sweet home,,,"Alameda Alberto Madureira 3 3 DTO, 4705-077 Braga, Portugal",,,PT,Alameda Alberto Madureira 3 3 DTO,41.538076,-8.4274799,"Hospedagem domiciliar in Aves, Portugal",https://www.google.com/maps/place/Home+sweet+home/data=!4m7!3m6!1s0xd24ff004a11eb51:0x163668476aa0dd29!8m2!3d41.538076!4d-8.4274799!16s%2Fg%2F11yl36hm6_!19sChIJUesRSgD_JA0RKd2gakdoNhY?authuser=0&hl=pt-BR&rclk=1,No,Hospedagem domiciliar,
Casa barbosa,,,"G2R6+HR, Abadim, Portugal","3,8",,PT,G2R6+HR,41.5414322,-7.9879325,"Hospedagem domiciliar in Aves, Portugal",https://www.google.com/maps/place/Casa+barbosa/data=!4m7!3m6!1s0xd24dbd440eb448f:0x1322c95ade0fb8f4!8m2!3d41.5414322!4d-7.9879325!16s%2Fg%2F11ssym04bc!19sChIJj0TrQNTbJA0R9LgP3lrJIhM?authuser=0&hl=pt-BR&rclk=1,No,Hospedagem domiciliar,
Masia Pernambuco,,,"Estrada do Outeiro 286, Portugal","5,0",1,PT,Estrada do Outeiro 286,41.5596069,-8.1743823,"Hospedagem domiciliar in Aves, Portugal",https://www.google.com/maps/place/Masia+Pernambuco/data=!4m7!3m6!1s0xd24e10071e26ec1:0xbed0ef74aa97e4d8!8m2!3d41.5596069!4d-8.1743823!16s%2Fg%2F11x1lrd3rh!19sChIJwW7icQDhJA0R2OSXqnTv0L4?authuser=0&hl=pt-BR&rclk=1,No,Hospedagem domiciliar,
Residencial BARMONTA 6,,,"R. Arquitecto Borges Vinagre 371, 4750-290 Barcelos, Portugal",,,PT,R. Arquitecto Borges Vinagre 371,41.5358695,-8.6136683,"Hospedagem domiciliar in Aves, Portugal",https://www.google.com/maps/place/Residencial+BARMONTA+6/data=!4m7!3m6!1s0xd24530024af27ad:0x67b5ee978032d640!8m2!3d41.5358695!4d-8.6136683!16s%2Fg%2F11zhfvcm7p!19sChIJrSevJABTJA0RQNYygJfutWc?authuser=0&hl=pt-BR&rclk=1,No,Hospedagem domiciliar,
Casa da Ana Paula,,,"Vereador Manoel 204, bairro, 4700-041 Braga, Portugal",,,PT,bairro,41.5454594,-8.4265094,"Hospedagem domiciliar in Aves, Portugal",https://www.google.com/maps/place/Casa+da+Ana+Paula/data=!4m7!3m6!1s0xd24ff0049aaa90d:0xabf6871ab08f9a0f!8m2!3d41.5454594!4d-8.4265094!16s%2Fg%2F11z5b7wfnl!19sChIJDamqSQD_JA0RD5qPsBqH9qs?authuser=0&hl=pt-BR&rclk=1,No,Hospedagem domiciliar,
Poço,,,"FJ65+24, 4805 Oleiros, Portugal",,,PT,FJ65+24,41.459618,-8.393353,"Hospedagem domiciliar in Aves, Portugal",https://www.google.com/maps/place/Po%C3%A7o/data=!4m7!3m6!1s0xd24fb0044b1cc27:0x4a5deeb1ab7768eb!8m2!3d41.459618!4d-8.393353!16s%2Fg%2F11zglwk54y!19sChIJJ8yxRAD7JA0R62h3q7HuXUo?authuser=0&hl=pt-BR&rclk=1,No,Hospedagem domiciliar,
Home Bless Home Me ️,,,"Largo Nossa Sra. da Me. de Deus 1272, 4800-021 Guimarães, Portugal",,,PT,Largo Nossa Sra. da Me. de Deus 1272,41.4556057,-8.2836999,"Hospedagem domiciliar in Aves, Portugal",https://www.google.com/maps/place/Home+Bless+Home+Me+%EF%B8%8F/data=!4m7!3m6!1s0xd24ef05f6a2842f:0x3f8d79d461bf1be8!8m2!3d41.4556057!4d-8.2836999!16s%2Fg%2F11sv74dxh6!19sChIJL4Si9gXvJA0R6Bu_YdR5jT8?authuser=0&hl=pt-BR&rclk=1,No,Hospedagem domiciliar,
Quinta da Baralha,,'+351919669858,"Unnamed Road, 4850, Portugal","4,0",,PT,Unnamed Road,41.6132238,-8.1303817,"Hospedagem domiciliar in Aves, Portugal",https://www.google.com/maps/place/Quinta+da+Baralha/data=!4m7!3m6!1s0xd24df411861b25f:0x6ae0eea390766b89!8m2!3d41.6132238!4d-8.1303817!16s%2Fg%2F11nnsftw8x!19sChIJX7JhGEHfJA0RiWt2kKPu4Go?authuser=0&hl=pt-BR&rclk=1,No,Hospedagem domiciliar,
Maison Albar Amoure,,,"Avenida dos Moledos 1889, Moure, Portugal",,,PT,Avenida dos Moledos 1889,41.640382,-8.477122,"Hospedagem domiciliar in Aves, Portugal",https://www.google.com/maps/place/Maison+Albar+Amoure/data=!4m7!3m6!1s0xd2501000d2c0ecf:0xb076ecc89e1fbd1d!8m2!3d41.640382!4d-8.477122!16s%2Fg%2F11zd802rls!19sChIJzw4sDQABJQ0RHb0fnsjsdrA?authuser=0&hl=pt-BR&rclk=1,No,Hospedagem domiciliar,
Casa Verde da Quinta de S. João de Vessadas,,,"7XJJ+X8, Sanche, Portugal",,,PT,7XJJ+X8,41.2823861,-8.019237,"Hospedagem domiciliar in Aves, Portugal",https://www.google.com/maps/place/Casa+Verde+da+Quinta+de+S.+Jo%C3%A3o+de+Vessadas/data=!4m7!3m6!1s0xd24b90010dc7d51:0xef9079ad447ed869!8m2!3d41.2823861!4d-8.019237!16s%2Fg%2F11nhj26j2j!19sChIJUX3cEAC5JA0Radh-RK15kO8?authuser=0&hl=pt-BR&rclk=1,No,Hospedagem domiciliar,
MZT House,,,"R. Nossa Sra. da Luz 7, 4700-383 Braga, Portugal",,,PT,R. Nossa Sra. da Luz 7,41.5566628,-8.4209856,"Hospedagem domiciliar in Aves, Portugal",https://www.google.com/maps/place/MZT+House/data=!4m7!3m6!1s0xd24ffa44fc7fe7f:0x51fb4b633ab9a6a5!8m2!3d41.5566628!4d-8.4209856!16s%2Fg%2F11h7dg7q29!19sChIJf_7HT6T_JA0Rpaa5OmNL-1E?authuser=0&hl=pt-BR&rclk=1,No,Hospedagem domiciliar,
Parque Braga,,,"Largo da Estação 225, 4700-223 Braga, Portugal",,,PT,Largo da Estação 225,41.5497503,-8.433197,"Hospedagem domiciliar in Aves, Portugal",https://www.google.com/maps/place/Parque+Braga/data=!4m7!3m6!1s0xd24ff00587c23b1:0x5ae028a87a7aa202!8m2!3d41.5497503!4d-8.433197!16s%2Fg%2F11y8z1_tzs!19sChIJsSN8WAD_JA0RAqJ6eqgo4Fo?authuser=0&hl=pt-BR&rclk=1,No,Hospedagem domiciliar,
Casa morada,,,"Tv. da Presa da Lameira 136, 4620, Portugal",,,PT,Tv. da Presa da Lameira 136,41.265282,-8.3242628,"Hospedagem domiciliar in Aves, Portugal",https://www.google.com/maps/place/Casa+morada/data=!4m7!3m6!1s0xd248d0205cdb2f5:0xc63357ecd084fa08!8m2!3d41.265282!4d-8.3242628!16s%2Fg%2F11y21v_yvd!19sChIJ9bLNBQKNJA0RCPqE0OxXM8Y?authuser=0&hl=pt-BR&rclk=1,No,Hospedagem domiciliar,
Albergue Pombeiro,,,"R. de Santa Teresinha, Portugal","4,0",,PT,R. de Santa Teresinha,41.3868882,-8.2311106,"Hospedagem domiciliar in Aves, Portugal",https://www.google.com/maps/place/Albergue+Pombeiro/data=!4m7!3m6!1s0xd24ef115dcfca0b:0xeb22df3807a8885!8m2!3d41.3868882!4d-8.2311106!16s%2Fg%2F11rd7xmy1_!19sChIJC8rPXRHvJA0RhYh6gPMtsg4?authuser=0&hl=pt-BR&rclk=1,No,Hospedagem domiciliar,
Casa das Leiras,,,"R. da Leira 334, São Faustino, Portugal",,,PT,R. da Leira 334,41.3947102,-8.2770209,"Hospedagem domiciliar in Aves, Portugal",https://www.google.com/maps/place/Casa+das+Leiras/data=!4m7!3m6!1s0xd24ef4c6a4fc881:0xf7e5f5a139c3e901!8m2!3d41.3947102!4d-8.2770209!16s%2Fg%2F11tcj4lryy!19sChIJgchPakzvJA0RAenDOaH15fc?authuser=0&hl=pt-BR&rclk=1,No,Hospedagem domiciliar,
Pai Galego,,,"EM596 198, 4830, Portugal",,,PT,EM596 198,41.6153588,-8.2971306,"Hospedagem domiciliar in Aves, Portugal",https://www.google.com/maps/place/Pai+Galego/data=!4m7!3m6!1s0xd24e3d7093cd871:0x97c793f9bc8133e0!8m2!3d41.6153588!4d-8.2971306!16s%2Fg%2F11td0mxry7!19sChIJcdg8CdfjJA0R4DOBvPmTx5c?authuser=0&hl=pt-BR&rclk=1,No,Hospedagem domiciliar,
Casa do Gabriel,,,"R. do Fojo 289, 4570-105 Póvoa de Varzim, Portugal",,,PT,R. do Fojo 289,41.3960198,-8.6383441,"Hospedagem domiciliar in Aves, Portugal",https://www.google.com/maps/place/Casa+do+Gabriel/data=!4m7!3m6!1s0xd245b000f22e55b:0xa6c1eeae6deaa80e!8m2!3d41.3960198!4d-8.6383441!16s%2Fg%2F11nr2pntmb!19sChIJW-UiDwBbJA0RDqjqba7uwaY?authuser=0&hl=pt-BR&rclk=1,No,Hospedagem domiciliar,
Aldeia (Casa da Juventude),,,"4600-758 Amarante, Portugal",,,PT,,41.2674241,-8.0867697,"Hospedagem domiciliar in Aves, Portugal",https://www.google.com/maps/place/Aldeia+%28Casa+da+Juventude%29/data=!4m7!3m6!1s0xd24bf00369e1641:0x7df5e05be5327775!8m2!3d41.2674241!4d-8.0867697!16s%2Fg%2F11x_9yt7_p!19sChIJQRaeNgC_JA0RdXcy5Vvg9X0?authuser=0&hl=pt-BR&rclk=1,No,Hospedagem domiciliar,
"Solar Marau,Vale De Bouro",,,"CM1687 1470, 1680, Portugal",,,PT,CM1687 1470,41.3909065,-8.1464843,"Hospedagem domiciliar in Aves, Portugal","https://www.google.com/maps/place/Solar+Marau,Vale+De+Bouro/data=!4m7!3m6!1s0xd24eb0037b56d95:0xa06c1b61b444af26!8m2!3d41.3909065!4d-8.1464843!16s%2Fg%2F11zb51kkrh!19sChIJlW21NwDrJA0RJq9EtGEbbKA?authuser=0&hl=pt-BR&rclk=1",No,Hospedagem domiciliar,
Casa do Pereira,,,"Lugar De, Carrazedo, 4860 Braga, Portugal",,,PT,Carrazedo,41.5886576,-8.0439629,"Hospedagem domiciliar in Aves, Portugal",https://www.google.com/maps/place/Casa+do+Pereira/data=!4m7!3m6!1s0xd24d9f10f900477:0x917c3b9cb2d0da42!8m2!3d41.5886576!4d-8.0439629!16s%2Fg%2F11rzr0z7gl!19sChIJdwSQD_HZJA0RQtrQspw7fJE?authuser=0&hl=pt-BR&rclk=1,No,Hospedagem domiciliar,
Quinta mãe,,,"R. de Augusto Nogueira da Silva 1904, Castêlo da Maia, Portugal",,,PT,R. de Augusto Nogueira da Silva 1904,41.2735897,-8.6086312,"Hospedagem domiciliar in Aves, Portugal",https://www.google.com/maps/place/Quinta+m%C3%A3e/data=!4m7!3m6!1s0xd24670059b0ea0b:0x2b0fdd916c5f2d1b!8m2!3d41.2735897!4d-8.6086312!16s%2Fg%2F11xdn2yzt9!19sChIJC-qwWQBnJA0RGy1fbJHdDys?authuser=0&hl=pt-BR&rclk=1,No,Hospedagem domiciliar,
leitz house,,,"R. da Estação 668, 4760-084 Vila Nova de Famalicão, Portugal",,,PT,R. da Estação 668,41.3335124,-8.5611649,"Hospedagem domiciliar in Aves, Portugal",https://www.google.com/maps/place/leitz+house/data=!4m7!3m6!1s0xd245f3ff735be33:0x6c7164c5ff5192bb!8m2!3d41.3335124!4d-8.5611649!16s%2Fg%2F11v3t28pvy!19sChIJM7419z9fJA0Ru5JR_8VkcWw?authuser=0&hl=pt-BR&rclk=1,No,Hospedagem domiciliar,
Casa das Fragas,,,"R. de Lourido 312, 4890-055, Portugal",,,PT,R. de Lourido 312,41.3451575,-7.9999361,"Hospedagem domiciliar in Aves, Portugal",https://www.google.com/maps/place/Casa+das+Fragas/data=!4m7!3m6!1s0xd24c76a1fe71bcd:0xaec9da2b9be7cd1!8m2!3d41.3451575!4d-7.9999361!16s%2Fg%2F11l1f6tdm3!19sChIJzRvnH2rHJA0R0Xy-uaKd7Ao?authuser=0&hl=pt-BR&rclk=1,No,Hospedagem domiciliar,
JustGo Hostel Braga,,'+351963899179,"Av. da Liberdade 546, 4710-250 Braga, Portugal","4,0",,PT,Av. da Liberdade 546,41.5486676,-8.4212134,"Hotel de 2 estrelas in Aves, Portugal",https://www.google.com/maps/place/JustGo+Hostel+Braga/data=!4m10!3m9!1s0xd24fec102656155:0x6673ef85cf01a8de!5m2!4m1!1i2!8m2!3d41.5486676!4d-8.4212134!16s%2Fg%2F11b7rn75h0!19sChIJVWFlAsH-JA0R3qgBz4Xvc2Y?authuser=0&hl=pt-BR&rclk=1,No,,
Guest House Barão 35 - Hostel,,'+351935559070,"Largo do Barão de São Martinho 35, 4700-306 Braga, Portugal","4,0",,PT,Largo do Barão de São Martinho 35,41.5508059,-8.4239237,"Albergue in Aves, Portugal",https://www.google.com/maps/place/Guest+House+Bar%C3%A3o+35+-+Hostel/data=!4m10!3m9!1s0xd24ff5ff4f765c1:0xf366f390144fbddc!5m2!4m1!1i2!8m2!3d41.5508059!4d-8.4239237!16s%2Fg%2F11tt35r7sn!19sChIJwWX39F__JA0R3L1PFJDzZvM?authuser=0&hl=pt-BR&rclk=1,No,,
InBraga Hostel 18216/AL,,'+351253033546,"R. da Boavista, 4700-415 Braga, Portugal","4,4",,PT,R. da Boavista,41.5517774,-8.4301588,"Albergue in Aves, Portugal",https://www.google.com/maps/place/InBraga+Hostel+18216%2FAL/data=!4m10!3m9!1s0xd24fee7e45174f9:0x8ba5c94cdd316511!5m2!4m1!1i2!8m2!3d41.5517774!4d-8.4301588!16s%2Fg%2F11b6b3ny9m!19sChIJ-XRR5Of-JA0REWUx3UzJpYs?authuser=0&hl=pt-BR&rclk=1,No,,
DiROMANE GuestHouse,,,"R. Dom António Bento Martins Júnior 161, 4710-373 Braga, Portugal","4,6",,PT,R. Dom António Bento Martins Júnior 161,41.5576592,-8.4114619,"Albergue in Aves, Portugal",https://www.google.com/maps/place/DiROMANE+GuestHouse/data=!4m10!3m9!1s0xd24ff6512bc046b:0x120e7a2a42577e79!5m2!4m1!1i2!8m2!3d41.5576592!4d-8.4114619!16s%2Fg%2F11l666d5qg!19sChIJawS8EmX_JA0ReX5XQip6DhI?authuser=0&hl=pt-BR&rclk=1,No,,
"Pensão Residencial Das Trinas, Lda.",,'+351253517358,"R. das Trinas 29, 4800-168 Guimarães, Portugal","4,5",,PT,R. das Trinas 29,41.4450053,-8.2936828,"Albergue in Aves, Portugal","https://www.google.com/maps/place/Pens%C3%A3o+Residencial+Das+Trinas,+Lda./data=!4m10!3m9!1s0xd24efe96cf045c5:0x3ef018985c6a9fc3!5m2!4m1!1i2!8m2!3d41.4450053!4d-8.2936828!16s%2Fg%2F1tdygxnb!19sChIJxUXwbOnvJA0Rw59qXJgY8D4?authuser=0&hl=pt-BR&rclk=1",No,,
Casa Augusta 6,,'+351910723707,"R. Cruz de Pedra 157, 4700-219 Braga, Portugal","4,8",,PT,R. Cruz de Pedra 157,41.5474325,-8.4323725,"Albergue in Aves, Portugal",https://www.google.com/maps/place/Casa+Augusta+6/data=!4m10!3m9!1s0xd24ff81bb1e46bf:0x86179a81bb1a775d!5m2!4m1!1i2!8m2!3d41.5474325!4d-8.4323725!16s%2Fg%2F11w8mblqcd!19sChIJv0Yeu4H_JA0RXXcau4GaF4Y?authuser=0&hl=pt-BR&rclk=1,No,,
Myriad by SANA Hotels,,,"Lote 2.21.01, Parque das Nações, R. Cais das Naus Lote 2.21.01, 1990-173 Lisboa, Portugal","4,7",,PT,R. Cais das Naus Lote 2.21.01,38.774744,-9.091591,"Hospedaria in Sintra, Portugal",https://www.google.com/maps/place/Myriad+by+SANA+Hotels/data=!4m10!3m9!1s0xd19318de7979129:0x93842e9372a07a68!5m2!4m1!1i2!8m2!3d38.774744!4d-9.091591!16s%2Fg%2F12jrgjy79!19sChIJKZGX540xGQ0RaHqgcpMuhJM?authuser=0&hl=pt-BR&rclk=1,No,,
Garam Lisboa Guesthouse,,'+351931467308,"Tv. Sacramento a Alcântara 5, 1350-277 Lisboa, Portugal","4,6",,PT,Tv. Sacramento a Alcântara 5,38.7050259,-9.1692401,"Hospedaria in Sintra, Portugal",https://www.google.com/maps/place/Garam+Lisboa+Guesthouse/data=!4m10!3m9!1s0xd1934a22398daa5:0xc48b024adf7fccee!5m2!4m1!1i2!8m2!3d38.7050259!4d-9.1692401!16s%2Fg%2F11btwrbs61!19sChIJpdqYI6I0GQ0R7sx_30oCi8Q?authuser=0&hl=pt-BR&rclk=1,No,,
ibis Styles Lisboa Centro Liberdade NE,,,"Av. Duque de Loulé 73, 1050-088 Lisboa, Portugal","4,4",,PT,Av. Duque de Loulé 73,38.727069,-9.146237,"Hotel de 3 estrelas in Sintra, Portugal",https://www.google.com/maps/place/ibis+Styles+Lisboa+Centro+Liberdade+NE/data=!4m10!3m9!1s0xd19337622a3955b:0xc0415793974a1c1c!5m2!4m1!1i2!8m2!3d38.727069!4d-9.146237!16s%2Fg%2F11c3xcxd1k!19sChIJW5WjInYzGQ0RHBxKl5NXQcA?authuser=0&hl=pt-BR&rclk=1,No,,
Hotel Belém Tejo,,,"R. de Belém 28, 1300-084 Lisboa, Portugal","4,1",,PT,R. de Belém 28,38.697373,-9.202336,"Hotel in Sintra, Portugal",https://www.google.com/maps/place/Hotel+Bel%C3%A9m+Tejo/data=!4m10!3m9!1s0xd1ecb45480437a3:0x493d0260919605eb!5m2!4m1!1i2!8m2!3d38.697373!4d-9.202336!16s%2Fg%2F1tk_k_2h!19sChIJozcESEXLHg0R6wWWkWACPUk?authuser=0&hl=pt-BR&rclk=1,No,,
Mercure Lisboa Hotel,,,"Av. José Malhoa 23, 1099-051 Lisboa, Portugal","4,1",,PT,Av. José Malhoa 23,38.737689,-9.166072,"Hotel de 4 estrelas in Sintra, Portugal",https://www.google.com/maps/place/Mercure+Lisboa+Hotel/data=!4m10!3m9!1s0xd19331673cdf0c3:0x660054d8de3df434!5m2!4m1!1i2!8m2!3d38.737689!4d-9.166072!16s%2Fg%2F1tjxgxwn!19sChIJw_DNcxYzGQ0RNPQ93thUAGY?authuser=0&hl=pt-BR&rclk=1,No,,
Casa do Telheiro,,'+351937520322,"R. da Cruz nº 6, 2670-746 Lousa, Portugal","4,7",,PT,R. da Cruz nº 6,38.907913,-9.2165018,"Hospedagem domiciliar in Sintra, Portugal",https://www.google.com/maps/place/Casa+do+Telheiro/data=!4m7!3m6!1s0xd1ed4e6f55d29c5:0x1f503b74afaf3b4d!8m2!3d38.907913!4d-9.2165018!16s%2Fg%2F11gb3p1k3p!19sChIJxSld9ebUHg0RTTuvr3Q7UB8?authuser=0&hl=pt-BR&rclk=1,No,Hospedagem domiciliar,
Casa de Educaçao Campus,,,"R. Guilherme Anjos 10, 1350-157 Lisboa, Portugal","5,0",,PT,R. Guilherme Anjos 10,38.7190856,-9.1717493,"Hospedagem domiciliar in Sintra, Portugal",https://www.google.com/maps/place/Casa+de+Educa%C3%A7ao+Campus/data=!4m7!3m6!1s0xd193300284fda93:0xf062dd5f96e77bb6!8m2!3d38.7190856!4d-9.1717493!16s%2Fg%2F11y3_h_qd7!19sChIJk9pPKAAzGQ0Rtnvnll_dYvA?authuser=0&hl=pt-BR&rclk=1,No,Hospedagem domiciliar,
JGVILLAS,,'+351938957755,"R. dos Bombeiros Voluntários 12, 2655-246 Ericeira, Portugal","4,9",,PT,R. dos Bombeiros Voluntários 12,38.9671445,-9.4166015,"Hospedagem domiciliar in Sintra, Portugal",https://www.google.com/maps/place/JGVILLAS/data=!4m7!3m6!1s0xd1f271c82d5426d:0x9a341fbddb1825df!8m2!3d38.9671445!4d-9.4166015!16s%2Fg%2F11rkccg035!19sChIJbULVghwnHw0R3yUY270fNJo?authuser=0&hl=pt-BR&rclk=1,No,Hospedagem domiciliar,
Airnb,,,"R. João Pinto Ribeiro 99 3 andar Esquerdo, 1800-233 Lisboa, Portugal","5,0",,PT,R. João Pinto Ribeiro 99 3 andar Esquerdo,38.7746479,-9.10122,"Hospedagem domiciliar in Sintra, Portugal",https://www.google.com/maps/place/Airnb/data=!4m7!3m6!1s0xd193100703f1afd:0x82f02691513cd5b7!8m2!3d38.7746479!4d-9.10122!16s%2Fg%2F11y3rkg47b!19sChIJ_Ro_cAAxGQ0Rt9U8UZEm8II?authuser=0&hl=pt-BR&rclk=1,No,Hospedagem domiciliar,
Lisboa,,,"CC de Sant'Ana 200, 1150-307 Lisboa, Portugal","5,0",1,PT,CC de Sant'Ana 200,38.7179213,-9.1390559,"Hospedagem domiciliar in Sintra, Portugal",https://www.google.com/maps/place/Lisboa/data=!4m7!3m6!1s0xd1933002432cbcf:0x9ee0c090e5b8859!8m2!3d38.7179213!4d-9.1390559!16s%2Fg%2F11vyhh8yc3!19sChIJz8syJAAzGQ0RWYhbDgkM7gk?authuser=0&hl=pt-BR&rclk=1,No,Hospedagem domiciliar,
Apartment Ajuda Tagus River View,,'+351936437701,"Rua dos Quartéis 37, 1300-100 Lisboa, Portugal","4,9",,PT,Rua dos Quartéis 37,38.7028247,-9.1942858,"Hospedagem domiciliar in Sintra, Portugal",https://www.google.com/maps/place/Apartment+Ajuda+Tagus+River+View/data=!4m10!3m9!1s0xd1ecb2eb5170d61:0x9f21674814bd7ab8!5m2!4m1!1i2!8m2!3d38.7028247!4d-9.1942858!16s%2Fg%2F11tx20h644!19sChIJYQ0XtS7LHg0RuHq9FEhnIZ8?authuser=0&hl=pt-BR&rclk=1,No,,
Rua Francisco Pedro curado 8,,,"R. Francisco Pedro Curado 8, 1170-105 Lisboa, Portugal","3,0",1,PT,R. Francisco Pedro Curado 8,38.7273991,-9.1262417,"Hospedagem domiciliar in Sintra, Portugal",https://www.google.com/maps/place/Rua+Francisco+Pedro+curado+8/data=!4m7!3m6!1s0xd1933000773929f:0x2b9a814a76c8f876!8m2!3d38.7273991!4d-9.1262417!16s%2Fg%2F11ml56mb6v!19sChIJn5JzBwAzGQ0RdvjIdkqBmis?authuser=0&hl=pt-BR&rclk=1,No,Hospedagem domiciliar,
Apartamento Lisboa,,,"R. de São Pedro Mártir 52, 1100-177 Lisboa, Portugal","5,0",1,PT,R. de São Pedro Mártir 52,38.7147706,-9.1358241,"Hospedagem domiciliar in Sintra, Portugal",https://www.google.com/maps/place/Apartamento+Lisboa/data=!4m7!3m6!1s0xd1933e23893136d:0x9b65a99895f3f9c4!8m2!3d38.7147706!4d-9.1358241!16s%2Fg%2F11vkr264h1!19sChIJbROTOOIzGQ0RxPnzlZipZZs?authuser=0&hl=pt-BR&rclk=1,No,Hospedagem domiciliar,
Hotel,,,"Rua Dom João V 7, 1250-089 Lisboa, Portugal",,,PT,Rua Dom João V 7,38.7203102,-9.1573381,"Hospedagem domiciliar in Sintra, Portugal",https://www.google.com/maps/place/Hotel/data=!4m7!3m6!1s0xd1933001ec3b48d:0x58c31ee43a628adc!8m2!3d38.7203102!4d-9.1573381!16s%2Fg%2F11ms4gvn3_!19sChIJjbTDHgAzGQ0R3IpiOuQew1g?authuser=0&hl=pt-BR&rclk=1,No,Hospedagem domiciliar,
Place To Stay Flat N,,,"R. Carvalho Araújo 41, 1900-221 Lisboa, Portugal","2,8",,PT,R. Carvalho Araújo 41,38.7347653,-9.1313452,"Hospedagem domiciliar in Sintra, Portugal",https://www.google.com/maps/place/Place+To+Stay+Flat+N/data=!4m10!3m9!1s0xd19338beb35db33:0xb981577807b06822!5m2!4m1!1i2!8m2!3d38.7347653!4d-9.1313452!16s%2Fg%2F11f61w1j_6!19sChIJM9s164szGQ0RImiwB3hXgbk?authuser=0&hl=pt-BR&rclk=1,No,,
VisitLisbon4fun Alfama 2,,,"Beco do Garcês 6 1ºDto, 1100-264 Lisboa, Portugal","5,0",1,PT,Beco do Garcês 6 1ºDto,38.7120038,-9.1295885,"Hospedagem domiciliar in Sintra, Portugal",https://www.google.com/maps/place/VisitLisbon4fun+Alfama+2/data=!4m10!3m9!1s0xd19355c9591da07:0x83c3fe284eaf99dc!5m2!4m1!1i2!8m2!3d38.7120038!4d-9.1295885!16s%2Fg%2F11stvftz6v!19sChIJB9qRlVw1GQ0R3JmvTij-w4M?authuser=0&hl=pt-BR&rclk=1,No,,
Hostel,,,"R. São José 21B, 1150-295 Lisboa, Portugal",,,PT,R. São José 21B,38.7208498,-9.1445529,"Hospedagem domiciliar in Sintra, Portugal",https://www.google.com/maps/place/Hostel/data=!4m7!3m6!1s0xd1933000caf9403:0xcc71ad306f153282!8m2!3d38.7208498!4d-9.1445529!16s%2Fg%2F11ltwsr7gm!19sChIJA5SvDAAzGQ0RgjIVbzCtccw?authuser=0&hl=pt-BR&rclk=1,No,Hospedagem domiciliar,
Tiago’s Home,,,"R. Bartolomeu Dias 13A, 2855 Corroios, Portugal","5,0",1,PT,R. Bartolomeu Dias 13A,38.620619,-9.170881,"Hospedagem domiciliar in Sintra, Portugal",https://www.google.com/maps/place/Tiago%E2%80%99s+Home/data=!4m7!3m6!1s0xd194b0028f550bd:0xc480b99732596f96!8m2!3d38.620619!4d-9.170881!16s%2Fg%2F11xzh3px_k!19sChIJvVD1KABLGQ0Rlm9ZMpe5gMQ?authuser=0&hl=pt-BR&rclk=1,No,Hospedagem domiciliar,
Hotel Alm,,,"Av. Alm. Reis 188, 1000-055 Lisboa, Portugal","4,0",1,PT,Av. Alm. Reis 188,38.7376618,-9.1335977,"Hospedagem domiciliar in Sintra, Portugal",https://www.google.com/maps/place/Hotel+Alm/data=!4m7!3m6!1s0xd19330064315807:0x33c1ffae1b9a2353!8m2!3d38.7376618!4d-9.1335977!16s%2Fg%2F11xt6v62qs!19sChIJB1gxZAAzGQ0RUyOaG67_wTM?authuser=0&hl=pt-BR&rclk=1,No,Hospedagem domiciliar,
Toca da Branquinha e do Bravery,,,"R. Maria Amália Vaz de Carvalho 6, 1700-330 Lisboa, Portugal","5,0",1,PT,R. Maria Amália Vaz de Carvalho 6,38.7526835,-9.1387774,"Hospedagem domiciliar in Sintra, Portugal",https://www.google.com/maps/place/Toca+da+Branquinha+e+do+Bravery/data=!4m7!3m6!1s0xd1933003e83cdb9:0xe62bf86ff77dc068!8m2!3d38.7526835!4d-9.1387774!16s%2Fg%2F11yv7ll6hl!19sChIJuc2DPgAzGQ0RaMB992_4K-Y?authuser=0&hl=pt-BR&rclk=1,No,Hospedagem domiciliar,
Hostel,,,"R. Cruzado Osberno 1 8d, 1900-174 Lisboa, Portugal",,,PT,R. Cruzado Osberno 1 8d,38.724938,-9.116319,"Hospedagem domiciliar in Sintra, Portugal",https://www.google.com/maps/place/Hostel/data=!4m7!3m6!1s0xd193382452abd4d:0x7847d67ac3c0d95c!8m2!3d38.724938!4d-9.116319!16s%2Fg%2F11t772_3zq!19sChIJTb0qRYIzGQ0RXNnAw3rWR3g?authuser=0&hl=pt-BR&rclk=1,No,Hospedagem domiciliar,
Homing hotel,,,"1990-173 Lisboa, Portugal",,,PT,,38.7764106,-9.0925801,"Hospedagem domiciliar in Sintra, Portugal",https://www.google.com/maps/place/Homing+hotel/data=!4m10!3m9!1s0xd1931af8af86aad:0x8635658d5f9d49f1!5m2!4m1!1i2!8m2!3d38.7764106!4d-9.0925801!16s%2Fg%2F11r6s0l5x9!19sChIJrWr4iq8xGQ0R8UmdX41lNYY?authuser=0&hl=pt-BR&rclk=1,No,,
Ibis Lisboa Jose Malhoa Hotel,,,"Av. José Malhoa 10, 1070-158 Lisboa, Portugal","4,2",,PT,Av. José Malhoa 10,38.737195,-9.162728,"Hotel de 2 estrelas in Sintra, Portugal",https://www.google.com/maps/place/Ibis+Lisboa+Jose+Malhoa+Hotel/data=!4m10!3m9!1s0xd19331403832155:0x8453be8604178a22!5m2!4m1!1i2!8m2!3d38.737195!4d-9.162728!16s%2Fg%2F1wnbz878!19sChIJVSGDAxQzGQ0RIooXBIa-U4Q?authuser=0&hl=pt-BR&rclk=1,No,,
Apartamento pt,,,"R. do Olival 64, 1200-637 Lisboa, Portugal","5,0",1,PT,R. do Olival 64,38.7054003,-9.1621125,"Hospedagem domiciliar in Cascais, Portugal",https://www.google.com/maps/place/Apartamento+pt/data=!4m7!3m6!1s0xd1935d317af38cd:0x58e52d02a55b35a0!8m2!3d38.7054003!4d-9.1621125!16s%2Fg%2F11s1ppg4w5!19sChIJzTivF9M1GQ0RoDVbpQIt5Vg?authuser=0&hl=pt-BR&rclk=1,No,Hospedagem domiciliar,
Lissabon,,,"R. da Bica do Marquês 25, 1300-110 Lisboa, Portugal","5,0",1,PT,R. da Bica do Marquês 25,38.7047013,-9.1977185,"Hospedagem domiciliar in Cascais, Portugal",https://www.google.com/maps/place/Lissabon/data=!4m7!3m6!1s0xd1ecb0076df3abb:0x34a1ad6ac21a0295!8m2!3d38.7047013!4d-9.1977185!16s%2Fg%2F11x5d_zr9w!19sChIJuzrfdgDLHg0RlQIawmqtoTQ?authuser=0&hl=pt-BR&rclk=1,No,Hospedagem domiciliar,
Hotel Duas Nações,,,"R. da Vitória 41, 1100-618 Lisboa, Portugal","3,2",,PT,R. da Vitória 41,38.710976,-9.137586,"Albergue in Cascais, Portugal",https://www.google.com/maps/place/Hotel+Duas+Na%C3%A7%C3%B5es/data=!4m10!3m9!1s0xd193478fe6b24f1:0xb15fd305d4e77846!5m2!4m1!1i2!8m2!3d38.710976!4d-9.137586!16s%2Fg%2F1tgh8v0_!19sChIJ8SRr_ng0GQ0RRnjn1AXTX7E?authuser=0&hl=pt-BR&rclk=1,No,,
AVANI Avenida Liberdade Lisbon,,,"R. Júlio César Machado 7 9, 1250-135 Lisboa, Portugal","4,4",,PT,R. Júlio César Machado 7 9,38.720316,-9.147351,"Hospedaria in Loures, Portugal",https://www.google.com/maps/place/AVANI+Avenida+Liberdade+Lisbon/data=!4m10!3m9!1s0xd193378f682c1b3:0x3283f6d226d6fd32!5m2!4m1!1i2!8m2!3d38.720316!4d-9.147351!16s%2Fg%2F11c317h72p!19sChIJs8GC9ngzGQ0RMv3WJtL2gzI?authuser=0&hl=pt-BR&rclk=1,No,,
Pensão Residencial Gerês,,'+351215958368,"nº6 1º andar, Calçada Garcia, 1150-168 Lisboa, Portugal","3,1",,PT,Calçada Garcia,38.715148,-9.1383759,"Hospedaria in Loures, Portugal",https://www.google.com/maps/place/Pens%C3%A3o+Residencial+Ger%C3%AAs/data=!4m10!3m9!1s0xd19338716b54569:0x5e490a706e235b7a!5m2!4m1!1i2!8m2!3d38.715148!4d-9.1383759!16s%2Fg%2F1tfmpp1x!19sChIJaUW1FoczGQ0RelsjbnAKSV4?authuser=0&hl=pt-BR&rclk=1,No,,
Magnolia Guesthouse,,'+351213860424,"R. Joaquim António de Aguiar 45, 1070-150 Lisboa, Portugal","4,7",,PT,R. Joaquim António de Aguiar 45,38.7247877,-9.15474,"Hospedaria in Loures, Portugal",https://www.google.com/maps/place/Magnolia+Guesthouse/data=!4m10!3m9!1s0xd1933704e0cfa05:0x45d2da2aade98b10!5m2!4m1!1i2!8m2!3d38.7247877!4d-9.15474!16s%2Fg%2F11c5cwgr0b!19sChIJBfoMTnAzGQ0REIvprSra0kU?authuser=0&hl=pt-BR&rclk=1,No,,
Cardia's Guest House,,,"Tv. do Chafariz 4, 2685-034 Sacavém, Portugal","4,7",,PT,Tv. do Chafariz 4,38.7931062,-9.1082491,"Hospedaria in Loures, Portugal",https://www.google.com/maps/place/Cardia%27s+Guest+House/data=!4m10!3m9!1s0xd1933fc44962eb9:0xcbad1a5bad578e8b!5m2!4m1!1i2!8m2!3d38.7931062!4d-9.1082491!16s%2Fg%2F11sf3dm5tg!19sChIJuS6WRPwzGQ0Ri45XrVsarcs?authuser=0&hl=pt-BR&rclk=1,No,,
Pensão Residencial Campo Grande,,'+351217974909,"Avenida 5 de Outubro 289 2 andar, 1600-035 Lisboa, Portugal","3,2",,PT,Avenida 5 de Outubro 289 2 andar,38.7466695,-9.1503025,"Hospedaria in Loures, Portugal",https://www.google.com/maps/place/Pens%C3%A3o+Residencial+Campo+Grande/data=!4m10!3m9!1s0xd1933068e5e1ca7:0x5bee4e78019a57ee!5m2!4m1!1i2!8m2!3d38.7466695!4d-9.1503025!16s%2Fg%2F1w0sf3lg!19sChIJpxxejgYzGQ0R7leaAXhO7ls?authuser=0&hl=pt-BR&rclk=1,No,,
MY HOUSE AT ESTORIL GUESTHOUSE B&B,,'+351910402399,"R. Melo e Sousa Nº 685, 2765-261 Estoril, Portugal","4,8",,PT,R. Melo e Sousa Nº 685,38.7097192,-9.3995463,"Hospedaria in Loures, Portugal",https://www.google.com/maps/place/MY+HOUSE+AT+ESTORIL+GUESTHOUSE+B%26B/data=!4m10!3m9!1s0xd1ec504294fedd9:0xe263d5869190b93a!5m2!4m1!1i2!8m2!3d38.7097192!4d-9.3995463!16s%2Fg%2F11fd67rv1d!19sChIJ2e1PKQTFHg0ROrmQkYbVY-I?authuser=0&hl=pt-BR&rclk=1,No,,
Change The World Hostels - Cascais - Estoril,,'+351913683166,"Av. São Pedro 5, 2765-446 Estoril, Portugal","4,3",,PT,Av. São Pedro 5,38.7055083,-9.4091472,"Hotel de 3 estrelas in Loures, Portugal",https://www.google.com/maps/place/Change+The+World+Hostels+-+Cascais+-+Estoril/data=!4m7!3m6!1s0xd1ec5ccf77ae285:0x8105df3dd54cdc7f!8m2!3d38.7055083!4d-9.4091472!16s%2Fg%2F11f4wv6ttz!19sChIJheJ698zFHg0Rf9xM1T3fBYE?authuser=0&hl=pt-BR&rclk=1,No,Albergue,
Wohnung,,,"Tv. do Olival à Graça 38B, 1170-058 Lisboa, Portugal",,,PT,Tv. do Olival à Graça 38B,38.7194749,-9.1246377,"Hospedagem domiciliar in Loures, Portugal",https://www.google.com/maps/place/Wohnung/data=!4m7!3m6!1s0xd19330028742705:0x674e1b868e60f45e!8m2!3d38.7194749!4d-9.1246377!16s%2Fg%2F11y59cd2tw!19sChIJBSd0KAAzGQ0RXvRgjoYbTmc?authuser=0&hl=pt-BR&rclk=1,No,Hospedagem domiciliar,
Rest House Olivais Sul,,'+351910604570,"R. Cid. de Tete 18, 1800-129 Lisboa, Portugal","4,5",,PT,R. Cid. de Tete 18,38.7629745,-9.1237345,"Hospedagem domiciliar in Loures, Portugal",https://www.google.com/maps/place/Rest+House+Olivais+Sul/data=!4m7!3m6!1s0xd19336258e13851:0x900e5c07640da04b!8m2!3d38.7629745!4d-9.1237345!16s%2Fg%2F11smts6dwv!19sChIJUTjhWGIzGQ0RS6ANZAdcDpA?authuser=0&hl=pt-BR&rclk=1,No,Hospedagem domiciliar,
Sethy’Happy Hill,,'+41793107172,"Estr. da Cochôa 39 SN, 2600-824 São João dos Montes, Portugal","5,0",1,PT,Estr. da Cochôa 39 SN,38.934975,-9.0300388,"Hospedagem domiciliar in Loures, Portugal",https://www.google.com/maps/place/Sethy%E2%80%99Happy+Hill/data=!4m7!3m6!1s0xd19290031647e0b:0x48a40f0f68838274!8m2!3d38.934975!4d-9.0300388!16s%2Fg%2F11xm7p87bj!19sChIJC35kMQApGQ0RdIKDaA8PpEg?authuser=0&hl=pt-BR&rclk=1,No,Hospedagem domiciliar,
Nice apartment,,'+351933996558,"Praça Dom Luís I 30, 1200-109 Lisboa, Portugal","4,1",,PT,Praça Dom Luís I 30,38.707646,-9.1468873,"Hospedagem domiciliar in Loures, Portugal",https://www.google.com/maps/place/Nice+apartment/data=!4m7!3m6!1s0xd193480b5161b97:0x23d8d807a0da2e9d!8m2!3d38.707646!4d-9.1468873!16s%2Fg%2F11f1gd2rb4!19sChIJlxsWtYA0GQ0RnS7aoAfY2CM?authuser=0&hl=pt-BR&rclk=1,No,Hospedagem domiciliar,
Sweet spot @beach,,,"R. Nunes dos Santos, 2765-529 Estoril, Portugal","4,2",,PT,R. Nunes dos Santos,38.6952971,-9.3726951,"Hospedagem domiciliar in Loures, Portugal",https://www.google.com/maps/place/Sweet+spot+@beach/data=!4m7!3m6!1s0xd1ec50074662365:0xc70e53777498eda7!8m2!3d38.6952971!4d-9.3726951!16s%2Fg%2F11xkr9858q!19sChIJZSNmdADFHg0Rp-2YdHdTDsc?authuser=0&hl=pt-BR&rclk=1,No,,
Hospedaria Nova York,,,"R. Conselheiro Januário 1C, 4700-367 Braga, Portugal",,,PT,R. Conselheiro Januário 1C,41.5562433,-8.4219545,"Hospedaria in Braga, Portugal",https://www.google.com/maps/place/Hospedaria+Nova+York/data=!4m7!3m6!1s0xd24feeb85f31f55:0xbb480ef1deafabef!8m2!3d41.5562433!4d-8.4219545!16s%2Fg%2F11pwbsbjmt!19sChIJVR_zhev-JA0R76uv3vEOSLs?authuser=0&hl=pt-BR&rclk=1,No,Hotel,
Casa do Cuco,,,"R. dos Cucos 78, 4740-595 Palmeira de Faro, Portugal","4,9",,PT,R. dos Cucos 78,41.542025,-8.7471905,"Hospedagem domiciliar in Braga, Portugal",https://www.google.com/maps/place/Casa+do+Cuco/data=!4m10!3m9!1s0xd244d006e48f7db:0x1fa829884605ba84!5m2!4m1!1i2!8m2!3d41.542025!4d-8.7471905!16s%2Fg%2F11w2khlfxk!19sChIJ2_dIbgBNJA0RhLoFRogpqB8?authuser=0&hl=pt-BR&rclk=1,No,,
Casa Tomé de Sousa,,,"R. Tomé Sousa 41, 4570-417 Póvoa de Varzim, Portugal","5,0",,PT,R. Tomé Sousa 41,41.4236584,-8.6714353,"Hospedagem domiciliar in Braga, Portugal",https://www.google.com/maps/place/Casa+Tom%C3%A9+de+Sousa/data=!4m10!3m9!1s0xd2445003d4c6615:0xf1a045a63f221514!5m2!4m1!1i2!8m2!3d41.4236584!4d-8.6714353!16s%2Fg%2F11z9tsrcf2!19sChIJFWZMPQBFJA0RFBUiP6ZFoPE?authuser=0&hl=pt-BR&rclk=1,No,,
Villa da Veiga,,'+41764937108,"Rua da Veiga 120, 4850-262 Cabo De Além, Portugal","5,0",,PT,Rua da Veiga 120,41.6511578,-8.231738,"Hospedagem domiciliar in Braga, Portugal",https://www.google.com/maps/place/Villa+da+Veiga/data=!4m7!3m6!1s0xd251d005b403665:0xb699a3ca9021d147!8m2!3d41.6511578!4d-8.231738!16s%2Fg%2F11xkr8d68p!19sChIJZTZAWwAdJQ0RR9EhkMqjmbY?authuser=0&hl=pt-BR&rclk=1,No,Hospedagem domiciliar,
Eira das Caldas,,,"Rua das Caldas 160, 4720-248 Caldelas, Portugal","5,0",,PT,Rua das Caldas 160,41.6697393,-8.3708754,"Hospedagem domiciliar in Braga, Portugal",https://www.google.com/maps/place/Eira+das+Caldas/data=!4m10!3m9!1s0xd24ff7ab61bc6ad:0x1cc10d824c448e34!5m2!4m1!1i2!8m2!3d41.6697393!4d-8.3708754!16s%2Fg%2F11kppzg715!19sChIJrcYbtnr_JA0RNI5ETIINwRw?authuser=0&hl=pt-BR&rclk=1,No,,
Moderna do Gerês Hotel,,,"R. Arnaçó 139, 4845-063 Gerês, Portugal","4,4",,PT,R. Arnaçó 139,41.726921,-8.16414,"Hotel de 2 estrelas in Braga, Portugal",https://www.google.com/maps/place/Moderna+do+Ger%C3%AAs+Hotel/data=!4m10!3m9!1s0xd2518c2f76b4321:0xf5f3e1cc8b96b0ab!5m2!4m1!1i2!8m2!3d41.726921!4d-8.16414!16s%2Fg%2F1v29d9dz!19sChIJIUNr98IYJQ0Rq7CWi8zh8_U?authuser=0&hl=pt-BR&rclk=1,No,,
Casa Alexandre,,'+351926276316,"PTL, R. de Rosende nº 668, 4990-683 Poiares, Portugal","4,3",,PT,R. de Rosende nº 668,41.6565213,-8.6367805,"Albergue in Braga, Portugal",https://www.google.com/maps/place/Casa+Alexandre/data=!4m10!3m9!1s0xd25ad8e1bb7490b:0xeb8145347b8be84f!5m2!4m1!1i2!8m2!3d41.6565213!4d-8.6367805!16s%2Fg%2F11t899ft8w!19sChIJC0m3G46tJQ0RT-iLezRFges?authuser=0&hl=pt-BR&rclk=1,No,,
"A casa da estrela, albergue Caminho de Santiago",,'+351934473861,"R. das Póvoas 25, 4485-109 Fajozes, Portugal","4,8",,PT,R. das Póvoas 25,41.3286698,-8.6952155,"Albergue in Braga, Portugal","https://www.google.com/maps/place/A+casa+da+estrela,+albergue+Caminho+de+Santiago/data=!4m10!3m9!1s0xd2443efc4ce53db:0x914dd6c2c066bde0!5m2!4m1!1i2!8m2!3d41.3286698!4d-8.6952155!16s%2Fg%2F11y4xnlh6h!19sChIJ21POxO9DJA0R4L1mwMLWTZE?authuser=0&hl=pt-BR&rclk=1",No,,
Quinta nova,,,"J249+47, 2950 Q.ta do Anjo, Portugal","5,0",1,PT,J249+47,38.6058823,-8.9831911,"Hospedagem domiciliar in Oeiras, Portugal",https://www.google.com/maps/place/Quinta+nova/data=!4m7!3m6!1s0xd1947004491f2eb:0xae8f1a8431e1b419!8m2!3d38.6058823!4d-8.9831911!16s%2Fg%2F11mz9xq23_!19sChIJ6_KRRABHGQ0RGbThMYQaj64?authuser=0&hl=pt-BR&rclk=1,No,Hospedagem domiciliar,
Residência Lusa Atenas,,'+351239826412,"Av. Fernão de Magalhães 68, 3000-171 Coimbra, Portugal","3,4",,PT,Av. Fernão de Magalhães 68,40.2099533,-8.4315965,"Hospedaria in Coimbra, Portugal",https://www.google.com/maps/place/Resid%C3%AAncia+Lusa+Atenas/data=!4m10!3m9!1s0xd22f9067b36f983:0x6c5c6228bae396d6!5m2!4m1!1i2!8m2!3d40.2099533!4d-8.4315965!16s%2Fg%2F11c6y__fcz!19sChIJg_k2ewb5Ig0R1pbjuihiXGw?authuser=0&hl=pt-BR&rclk=1,No,,
Moderna,,'+351239825413,"R. Adelino da Veiga 49, 3000-003 Coimbra, Portugal","4,1",,PT,R. Adelino da Veiga 49,40.209184,-8.430636,"Hospedaria in Coimbra, Portugal",https://www.google.com/maps/place/Moderna/data=!4m10!3m9!1s0xd22f9063e410659:0xa6c6ac2b4d0e173d!5m2!4m1!1i2!8m2!3d40.209184!4d-8.430636!16s%2Fg%2F11gzs432_y!19sChIJWQZBPgb5Ig0RPRcOTSusxqY?authuser=0&hl=pt-BR&rclk=1,No,,
Sé Velha - Suites,,'+351239151647,"R. do Norte 11 13, 3000-295 Coimbra, Portugal","4,3",,PT,R. do Norte 11 13,40.2087296,-8.4264666,"Hospedaria in Coimbra, Portugal",https://www.google.com/maps/place/S%C3%A9+Velha+-+Suites/data=!4m10!3m9!1s0xd22f90902377de7:0xb5879588b3a5460e!5m2!4m1!1i2!8m2!3d40.2087296!4d-8.4264666!16s%2Fg%2F11c2nb1q0j!19sChIJ5303Agn5Ig0RDkals4iVh7U?authuser=0&hl=pt-BR&rclk=1,No,,
Casa Verde,,,"R. Dálias 2, 3780-550 Tamengos, Portugal","5,0",1,PT,R. Dálias 2,40.4266464,-8.4691745,"Hospedaria in Coimbra, Portugal",https://www.google.com/maps/place/Casa+Verde/data=!4m7!3m6!1s0xd230769c2479385:0x6b3cab0a088430b1!8m2!3d40.4266464!4d-8.4691745!16s%2Fg%2F11b7ck54l4!19sChIJhZNHwmkHIw0RsTCECAqrPGs?authuser=0&hl=pt-BR&rclk=1,No,Hospedaria,
Hospedaria do Convento,,'+351927853287,"Convento de Santa Maria de Aguiar, 6440-032, Portugal","4,7",,PT,Convento de Santa Maria de Aguiar,40.8767781,-6.9419353,"Hospedaria in Coimbra, Portugal",https://www.google.com/maps/place/Hospedaria+do+Convento/data=!4m10!3m9!1s0xd3c65734f37b67b:0xbdc1a2ede35bec65!5m2!4m1!1i2!8m2!3d40.8767781!4d-6.9419353!16s%2Fg%2F1tht2rc5!19sChIJe7Y3T3NlPA0RZexb4-2iwb0?authuser=0&hl=pt-BR&rclk=1,No,,
Hospedaria Santa Cruz,,'+351968087757,"Av. Terras de Sena 83, 6270-485 Seia, Portugal","4,5",,PT,Av. Terras de Sena 83,40.4261543,-7.7148117,"Hospedaria in Coimbra, Portugal",https://www.google.com/maps/place/Hospedaria+Santa+Cruz/data=!4m10!3m9!1s0xd3cd542ec8d439b:0xa5db7e5999d350c2!5m2!4m1!1i2!8m2!3d40.4261543!4d-7.7148117!16s%2Fg%2F11fd1dctl5!19sChIJm0ON7ELVPA0RwlDTmVl-26U?authuser=0&hl=pt-BR&rclk=1,No,,
Hospedaria Santa Cruz,,'+351968087757,"Av. Terras de Sena 83, 6270-485 Seia, Portugal","4,5",,PT,Av. Terras de Sena 83,40.4302712,-7.7174301,"Hospedaria in Coimbra, Portugal",https://www.google.com/maps/place/Hospedaria+Santa+Cruz+-+Single+Room/data=!4m11!3m10!1s0xd3cd43854532c95:0x228e9b250e25327f!5m2!4m1!1i2!8m2!3d40.4302712!4d-7.7174301!16s%2Fg%2F11zfmydwt6!17BQ0FF!19sChIJlSxTVDjUPA0RfzIlDiWbjiI?authuser=0&hl=pt-BR&rclk=1,No,,
Quinta Relva do Trigo,,'+351238677183,"3400 Oliveira do Hospital, Portugal","4,4",,PT,3400 Oliveira do Hospital,40.3047224,-7.8705186,"Hospedaria in Coimbra, Portugal",https://www.google.com/maps/place/Quinta+Relva+do+Trigo/data=!4m10!3m9!1s0xd22d40506edcda9:0xac6f23dc6a12f9c0!5m2!4m1!1i2!8m2!3d40.3047224!4d-7.8705186!16s%2Fg%2F1v8j1qbb!19sChIJqc3tBgXUIg0RwPkSatwjb6w?authuser=0&hl=pt-BR&rclk=1,No,,
Hospedaria Lusitana,,'+351244815698,"R. Dom Afonso Henriques, 2400-205 Leiria, Portugal","4,1",,PT,R. Dom Afonso Henriques,39.7456814,-8.8088582,"Hospedaria in Coimbra, Portugal",https://www.google.com/maps/place/Hospedaria+Lusitana/data=!4m7!3m6!1s0xd22736b8a2e386f:0x5da5045a419af952!8m2!3d39.7456814!4d-8.8088582!16s%2Fg%2F11g86w1ld6!19sChIJbzguimtzIg0RUvmaQVoEpV0?authuser=0&hl=pt-BR&rclk=1,No,Hotel,
Central Guest House,,'+351233422308,"R. Bernardo Lopes 36, 3080-395 Figueira da Foz, Portugal","3,7",,PT,R. Bernardo Lopes 36,40.149493,-8.8637272,"Hospedaria in Coimbra, Portugal",https://www.google.com/maps/place/Central+Guest+House/data=!4m10!3m9!1s0xd2237969d4b57c1:0xfe187c2984512cdf!5m2!4m1!1i2!8m2!3d40.149493!4d-8.8637272!16s%2Fg%2F1tdmlrjj!19sChIJwVdLnZY3Ig0R3yxRhCl8GP4?authuser=0&hl=pt-BR&rclk=1,No,,
NN Guest House,,'+351913079746,"R. do Corpo de Deus 140 2º Andar, 3000-121 Coimbra, Portugal","3,2",,PT,R. do Corpo de Deus 140 2º Andar,40.2107401,-8.4276068,"Hotel de 3 estrelas in Coimbra, Portugal",https://www.google.com/maps/place/NN+Guest+House/data=!4m10!3m9!1s0xd22f908cce9e2df:0xb251475491b47fcb!5m2!4m1!1i2!8m2!3d40.2107401!4d-8.4276068!16s%2Fg%2F11g_y_7mrk!19sChIJ3-LpzAj5Ig0Ry3-0kVRHUbI?authuser=0&hl=pt-BR&rclk=1,No,,
Residencial Internacional,,'+351239825503,"Av. Emídio Navarro 4, 3000-150 Coimbra, Portugal","3,5",,PT,Av. Emídio Navarro 4,40.2085392,-8.4316016,"Hotel de 3 estrelas in Coimbra, Portugal",https://www.google.com/maps/place/Residencial+Internacional/data=!4m10!3m9!1s0xd22f90811d4acbd:0x8e157cb6fed4357e!5m2!4m1!1i2!8m2!3d40.2085392!4d-8.4316016!16s%2Fg%2F1tctyv00!19sChIJvazUEQj5Ig0RfjXU_rZ8FY4?authuser=0&hl=pt-BR&rclk=1,No,,
Residencial Aviz,,'+351239823718,"Av. Fernão de Magalhães 64, 3000-171 Coimbra, Portugal","3,9",,PT,Av. Fernão de Magalhães 64,40.2099115,-8.4315863,"Hotel de 3 estrelas in Coimbra, Portugal",https://www.google.com/maps/place/Residencial+Aviz/data=!4m10!3m9!1s0xd22f91cb2064a93:0xccf3fae5af575fa5!5m2!4m1!1i2!8m2!3d40.2099115!4d-8.4315863!16s%2Fg%2F1wk4fb3q!19sChIJk0oGshz5Ig0RpV9Xr-X688w?authuser=0&hl=pt-BR&rclk=1,No,,
Residencial Moeda,,'+351239824784,"R. da Moeda Nº81, 3000-283 Coimbra, Portugal","3,7",,PT,R. da Moeda Nº81,40.2106306,-8.4306536,"Hotel de 3 estrelas in Coimbra, Portugal",https://www.google.com/maps/place/Residencial+Moeda/data=!4m10!3m9!1s0xd22f9060ab47c4d:0x52377acad96c4be5!5m2!4m1!1i2!8m2!3d40.2106306!4d-8.4306536!16s%2Fg%2F1x5qv17b!19sChIJTXy0Cgb5Ig0R5Uts2cp6N1I?authuser=0&hl=pt-BR&rclk=1,No,,
Conímbriga Hotel do Paço,,,"R. Francisco de Lemos 43, 3150-142 Condeixa-a-Nova, Portugal","4,5",,PT,R. Francisco de Lemos 43,40.117208,-8.496959,"Hotel in Coimbra, Portugal",https://www.google.com/maps/place/Con%C3%ADmbriga+Hotel+do+Pa%C3%A7o/data=!4m10!3m9!1s0xd2258885bf47f17:0x58d859eb1df75675!5m2!4m1!1i2!8m2!3d40.117208!4d-8.496959!16s%2Fg%2F1q64qp81r!19sChIJF3_0W4hYIg0RdVb3HetZ2Fg?authuser=0&hl=pt-BR&rclk=1,No,,
Bussaco Palace Hotel,,,"Mata do Bussaco, 3050-261 Luso, Portugal","4,5",,PT,Mata do Bussaco,40.37599,-8.365055,"Hotel de 5 estrelas in Coimbra, Portugal",https://www.google.com/maps/place/Bussaco+Palace+Hotel/data=!4m10!3m9!1s0xd2303b2426964cb:0x6d957a0f854da921!5m2!4m1!1i2!8m2!3d40.37599!4d-8.365055!16s%2Fm%2F04cw_v8!19sChIJy2RpQrIDIw0RIalNhQ96lW0?authuser=0&hl=pt-BR&rclk=1,No,,
Hotel Vila Galé Coimbra,,,"R. Abel Dias Urbano 20, 3000-001 Coimbra, Portugal","4,4",,PT,R. Abel Dias Urbano 20,40.214048,-8.435853,"Hotel de 4 estrelas in Coimbra, Portugal",https://www.google.com/maps/place/Hotel+Vila+Gal%C3%A9+Coimbra/data=!4m10!3m9!1s0xd22f90342083d87:0xece49b392333d480!5m2!4m1!1i2!8m2!3d40.214048!4d-8.435853!16s%2Fg%2F1tj4crtq!19sChIJhz0IQgP5Ig0RgNQzIzmb5Ow?authuser=0&hl=pt-BR&rclk=1,No,,
Casa dos Carvalhos,,'+351931379000,"Tv. Nova da Rua Antonio Jose Almeida 3, Coimbra, Portugal","4,5",,PT,Tv. Nova da Rua Antonio Jose Almeida 3,40.2135611,-8.4231491,"Hotel de 4 estrelas in Coimbra, Portugal",https://www.google.com/maps/place/Casa+dos+Carvalhos/data=!4m10!3m9!1s0xd22f94d441d9ad5:0xe4c232938e64cfe6!5m2!4m1!1i2!8m2!3d40.2135611!4d-8.4231491!16s%2Fg%2F11j1hj0_4m!19sChIJ1ZodRE35Ig0R5s9kjpMywuQ?authuser=0&hl=pt-BR&rclk=1,No,,
Restaurante Dom Dinis,,'+351239490054,"Entroncamento de, 3350-087 Vila Nova de Poiares, Portugal","4,5",,PT,Entroncamento de,40.1996405,-8.2416552,"Hotel de 4 estrelas in Coimbra, Portugal",https://www.google.com/maps/place/Restaurante+Dom+Dinis/data=!4m10!3m9!1s0xd22e561d956d161:0x3c1c9705c369593e!5m2!4m1!1i2!8m2!3d40.1996405!4d-8.2416552!16s%2Fg%2F11h0tqvdz6!19sChIJYdFW2WHlIg0RPllpwwWXHDw?authuser=0&hl=pt-BR&rclk=1,No,,
Portuguese Outdoor Experiences,,,"3330-408, Portugal","4,7",,PT,,40.185683,-8.148474,"Hotel Resort in Coimbra, Portugal",https://www.google.com/maps/place/Portuguese+Outdoor+Experiences/data=!4m7!3m6!1s0xd22e7e27190c9cd:0x5b83347b94d64670!8m2!3d40.185683!4d-8.148474!16s%2Fg%2F1ptz0g9t_!19sChIJzcmQceLnIg0RcEbWlHs0g1s?authuser=0&hl=pt-BR&rclk=1,No,,
Casa de Tent'Tugal,,'+351961768009,"R. Dom Sisnando 7, 3140-567, Portugal","5,0",,PT,R. Dom Sisnando 7,40.224235,-8.5847137,"Hospedagem domiciliar in Coimbra, Portugal",https://www.google.com/maps/place/Casa+de+Tent%27Tugal/data=!4m10!3m9!1s0xd2251003a5e3759:0x74e87b22b71c790a!5m2!4m1!1i2!8m2!3d40.224235!4d-8.5847137!16s%2Fg%2F11y5cmxv0k!19sChIJWTdeOgBRIg0RCnkctyJ76HQ?authuser=0&hl=pt-BR&rclk=1,No,,
Casa do Prior,,,"Urbanização Charles Cide, Cantanhede, Portugal","4,8",,PT,Urbanização Charles Cide,40.339427,-8.5934745,"Hospedagem domiciliar in Coimbra, Portugal",https://www.google.com/maps/place/Casa+do+Prior/data=!4m7!3m6!1s0xd23ad133a2c2739:0x4829f285a7073645!8m2!3d40.339427!4d-8.5934745!16s%2Fg%2F11s7mk65cv!19sChIJOScsOhOtIw0RRTYHp4XyKUg?authuser=0&hl=pt-BR&rclk=1,No,Hospedagem domiciliar,
Thocamalu's,,,"R. do Irol 10, Covelo, Portugal","4,8",,PT,R. do Irol 10,40.3112877,-8.0884208,"Hospedagem domiciliar in Coimbra, Portugal",https://www.google.com/maps/place/Thocamalu%27s/data=!4m7!3m6!1s0xd22df002e6334e7:0xd7a7503b88e0a1e!8m2!3d40.3112877!4d-8.0884208!16s%2Fg%2F11lm_r3p47!19sChIJ5zRjLgDfIg0RHgqOuAN1eg0?authuser=0&hl=pt-BR&rclk=1,No,Hospedagem domiciliar,
Casa di Murciani (Beerpong),,,"R. Guerra Junqueiro 55, 3000-379 Coimbra, Portugal","4,4",,PT,R. Guerra Junqueiro 55,40.2129372,-8.4258762,"Hospedagem domiciliar in Coimbra, Portugal",https://www.google.com/maps/place/Casa+di+Murciani+%28Beerpong%29/data=!4m7!3m6!1s0xd22f9760bb1069b:0x1b0fce3f9666ac9b!8m2!3d40.2129372!4d-8.4258762!16s%2Fg%2F11s44690ff!19sChIJmwaxC3b5Ig0Rm6xmlj_ODxs?authuser=0&hl=pt-BR&rclk=1,No,Hospedagem domiciliar,
Ruben Proxeneta,,'+351962912578,"R. Fausto Gonçalves, 3030-185 Coimbra, Portugal","5,0",,PT,R. Fausto Gonçalves,40.199879,-8.4004741,"Hospedagem domiciliar in Coimbra, Portugal",https://www.google.com/maps/place/Ruben+Proxeneta/data=!4m7!3m6!1s0xd22f90068f86e61:0xc269c0c64b200df6!8m2!3d40.199879!4d-8.4004741!16s%2Fg%2F11ywzw2gy_!19sChIJYW74aAD5Ig0R9g0gS8bAacI?authuser=0&hl=pt-BR&rclk=1,No,Hospedagem domiciliar,
Alojamento Local Casa da Portela,,,"Bairro da Portela no 2, 3360 Penacova, Portugal","4,8",,PT,Bairro da Portela no 2,40.2640716,-8.2870804,"Hospedagem domiciliar in Coimbra, Portugal",https://www.google.com/maps/place/Alojamento+Local+Casa+da+Portela/data=!4m7!3m6!1s0xd22e3001b435b05:0x166d10bea3a05848!8m2!3d40.2640716!4d-8.2870804!16s%2Fg%2F11vxpw4blg!19sChIJBVtDGwDjIg0RSFigo74QbRY?authuser=0&hl=pt-BR&rclk=1,No,Hospedagem domiciliar,
Casa do Operário,,,"Rua Águas Furtadas 15, 3130-539 Soure, Portugal","4,6",,PT,Rua Águas Furtadas 15,40.0466434,-8.5970042,"Hospedagem domiciliar in Coimbra, Portugal",https://www.google.com/maps/place/Casa+do+Oper%C3%A1rio/data=!4m7!3m6!1s0xd225ddcd8abe95b:0xd9db0bfd5605df67!8m2!3d40.0466434!4d-8.5970042!16s%2Fg%2F11l1mst00w!19sChIJW-mr2NxdIg0RZ98FVv0L29k?authuser=0&hl=pt-BR&rclk=1,No,Hospedagem domiciliar,
Quinta Tardis,,,"2JMX+95, 3230-338, Portugal","3,0",,PT,2JMX+95,40.0334602,-8.3519891,"Hospedagem domiciliar in Coimbra, Portugal",https://www.google.com/maps/place/Quinta+Tardis/data=!4m7!3m6!1s0xd22f3f782931613:0x4813175f93702600!8m2!3d40.0334602!4d-8.3519891!16s%2Fg%2F11tg3hrlfy!19sChIJExaTgvfzIg0RACZwk18XE0g?authuser=0&hl=pt-BR&rclk=1,No,Hospedagem domiciliar,
Urbanização Quinta da Lomba,,,"R. Pe. António Nogueira Gonçalves, 3030-416 Coimbra, Portugal","4,7",,PT,R. Pe. António Nogueira Gonçalves,40.2017093,-8.3986154,"Hospedagem domiciliar in Coimbra, Portugal",https://www.google.com/maps/place/Urbaniza%C3%A7%C3%A3o+Quinta+da+Lomba/data=!4m7!3m6!1s0xd22f966305c38c9:0x13e2ea2d10f2b4a4!8m2!3d40.2017093!4d-8.3986154!16s%2Fg%2F11svc036x9!19sChIJyThcMGb5Ig0RpLTyEC3q4hM?authuser=0&hl=pt-BR&rclk=1,No,Hospedagem domiciliar,
Casa do Ferreiro II,,'+351961488396,"Raposeira, Góis, Raposeira, 3330 Góis, Portugal","4,3",,PT,Raposeira,40.1729011,-8.1004295,"Hospedagem domiciliar in Coimbra, Portugal",https://www.google.com/maps/place/Casa+do+Ferreiro+II/data=!4m10!3m9!1s0xd22c36a96055f8d:0xeba5bf61da643adf!5m2!4m1!1i2!8m2!3d40.1729011!4d-8.1004295!16s%2Fg%2F11kk04pfrl!19sChIJjV8FlmrDIg0R3zpk2mG_pes?authuser=0&hl=pt-BR&rclk=1,No,,
Casa Serpins,,,"Rua de Setor Cristo, Portugal",,,PT,Rua de Setor Cristo,40.1600497,-8.195405,"Hospedagem domiciliar in Coimbra, Portugal",https://www.google.com/maps/place/Casa+Serpins/data=!4m7!3m6!1s0xd22e900439def59:0xf394a22cae8b540!8m2!3d40.1600497!4d-8.195405!16s%2Fg%2F11zcnppwf6!19sChIJWe-dQwDpIg0RQLXoyiJKOQ8?authuser=0&hl=pt-BR&rclk=1,No,Hospedagem domiciliar,
Casa Vicente,,,"R. Gil Vicente 103, 3000-203 Coimbra, Portugal",,,PT,R. Gil Vicente 103,40.2110549,-8.4082052,"Hospedagem domiciliar in Coimbra, Portugal",https://www.google.com/maps/place/Casa+Vicente/data=!4m10!3m9!1s0xd22f90060fd041d:0xfb45302e80d81f9!5m2!4m1!1i2!8m2!3d40.2110549!4d-8.4082052!16s%2Fg%2F11yp5nn7v8!19sChIJHQT9YAD5Ig0R-YEN6AJTtA8?authuser=0&hl=pt-BR&rclk=1,No,,
Coimbra,,,"R. Sobre Ribas, 3000-180 Coimbra, Portugal",,,PT,R. Sobre Ribas,40.2093729,-8.4283269,"Hospedagem domiciliar in Coimbra, Portugal",https://www.google.com/maps/place/Coimbra/data=!4m7!3m6!1s0xd22f90036b239e9:0x2587ae0aa880e6d2!8m2!3d40.2093729!4d-8.4283269!16s%2Fg%2F11zh8jtkv4!19sChIJ6TmyNgD5Ig0R0uaAqAquhyU?authuser=0&hl=pt-BR&rclk=1,No,Hospedagem domiciliar,
Vivenda Mateus Granjal,,,"R. da Capela, 3440-502 Treixedo, Portugal",,,PT,R. da Capela,40.4116713,-8.0995104,"Hospedagem domiciliar in Coimbra, Portugal",https://www.google.com/maps/place/Vivenda+Mateus+Granjal/data=!4m7!3m6!1s0xd2321005cee2bf5:0x886ea714840dd3ac!8m2!3d40.4116713!4d-8.0995104!16s%2Fg%2F11y_rzgnf8!19sChIJ9SvuXAAhIw0RrNMNhBSnbog?authuser=0&hl=pt-BR&rclk=1,No,Hospedagem domiciliar,
Studios SafeRent LDA,,,"R. Guerra Junqueiro 35, 3000-207 Coimbra, Portugal",,,PT,R. Guerra Junqueiro 35,40.2128716,-8.4249895,"Hospedagem domiciliar in Coimbra, Portugal",https://www.google.com/maps/place/Studios+SafeRent+LDA/data=!4m7!3m6!1s0xd22f9cfb77d6ba9:0x8f8ee93448802a25!8m2!3d40.2128716!4d-8.4249895!16s%2Fg%2F11k3h4c68v!19sChIJqWt9t8_5Ig0RJSqASDTpjo8?authuser=0&hl=pt-BR&rclk=1,No,Hospedagem domiciliar,
colonia de freias pedro,,,"CM1361, Portugal",,,PT,CM1361,40.1861969,-8.151568,"Hospedagem domiciliar in Coimbra, Portugal",https://www.google.com/maps/place/colonia+de+freias+pedro/data=!4m7!3m6!1s0xd22e700142365ab:0x5a4a003417a39839!8m2!3d40.1861969!4d-8.151568!16s%2Fg%2F11mcnm6p4t!19sChIJq2UjFADnIg0ROZijFzQASlo?authuser=0&hl=pt-BR&rclk=1,No,Hospedagem domiciliar,
Casal das Fontainhas,,,"R. do Comareiro 2, 3040 Antanhol, Portugal",,,PT,R. do Comareiro 2,40.1795349,-8.4524529,"Hospedagem domiciliar in Coimbra, Portugal",https://www.google.com/maps/place/Casal+das+Fontainhas/data=!4m7!3m6!1s0xd22f9007659d77d:0x27be1a9ffdbab854!8m2!3d40.1795349!4d-8.4524529!16s%2Fg%2F11l_8433dx!19sChIJfddZdgD5Ig0RVLi6_Z8avic?authuser=0&hl=pt-BR&rclk=1,No,Hospedagem domiciliar,
Śao João de Areias Cancaela,,,"Estr. Principal 76, 3440-471 São João de Areias, Portugal",,,PT,Estr. Principal 76,40.3907843,-8.0859918,"Hospedagem domiciliar in Coimbra, Portugal",https://www.google.com/maps/place/%C5%9Aao+Jo%C3%A3o+de+Areias+Cancaela/data=!4m7!3m6!1s0xd23210076295db3:0x2fed6a69ab9be783!8m2!3d40.3907843!4d-8.0859918!16s%2Fg%2F11wj5_n9lc!19sChIJs10pdgAhIw0Rg-ebq2lq7S8?authuser=0&hl=pt-BR&rclk=1,No,Hospedagem domiciliar,
Vale da grila,,'+351934293091,"3230-365 Penela, Portugal",,,PT,,40.0270507,-8.3828342,"Hospedagem domiciliar in Coimbra, Portugal",https://www.google.com/maps/place/Vale+da+grila/data=!4m7!3m6!1s0xd22f36670affd4f:0x2045ab298fccb7df!8m2!3d40.0270507!4d-8.3828342!16s%2Fg%2F11s3bxw21w!19sChIJT_2vcGbzIg0R37fMjymrRSA?authuser=0&hl=pt-BR&rclk=1,No,Hospedagem domiciliar,
House Camp,,,"3780-599 Vilarinho do Bairro, Portugal","5,0",1,PT,,40.4220724,-8.5158596,"Hospedagem domiciliar in Coimbra, Portugal",https://www.google.com/maps/place/House+Camp/data=!4m7!3m6!1s0xd23a9ea4be23f25:0x11c6439d3d7f19b1!8m2!3d40.4220724!4d-8.5158596!16s%2Fg%2F11vf6cg3lk!19sChIJJT_iS-qpIw0RsRl_PZ1DxhE?authuser=0&hl=pt-BR&rclk=1,No,Hospedagem domiciliar,
Casa Vacaciones Praia de Mira,,,"R. das Rosas 29, 3070-746 Videira Sul, Portugal","5,0",,PT,R. das Rosas 29,40.4363416,-8.7850757,"Hospedagem domiciliar in Coimbra, Portugal",https://www.google.com/maps/place/Casa+Vacaciones+Praia+de+Mira/data=!4m10!3m9!1s0xd23b763ee6a0931:0x90af20e1de28c877!5m2!4m1!1i2!8m2!3d40.4363416!4d-8.7850757!16s%2Fg%2F11vb5cv7j0!19sChIJMQlq7mO3Iw0Rd8go3uEgr5A?authuser=0&hl=pt-BR&rclk=1,No,,
Lobeira,,,"Sandinha, Góis, Portugal","5,0",1,PT,Sandinha,40.1525942,-8.0514168,"Hospedagem domiciliar in Coimbra, Portugal",https://www.google.com/maps/place/Lobeira/data=!4m7!3m6!1s0xd22c3668018c22b:0xcffe2b5ce39396d!8m2!3d40.1525942!4d-8.0514168!16s%2Fg%2F11swzxc8tf!19sChIJK8IYgGbDIg0RbTk5zrXi_ww?authuser=0&hl=pt-BR&rclk=1,No,Hospedagem domiciliar,
Reinaldo e Cristina,,,"Av. Sá Carneiro 11b, 3430-751 viseu, Portugal",,,PT,Av. Sá Carneiro 11b,40.4111294,-8.0417361,"Hospedagem domiciliar in Coimbra, Portugal",https://www.google.com/maps/place/Reinaldo+e+Cristina/data=!4m7!3m6!1s0xd23270040fddc41:0xc4e141aba68086f6!8m2!3d40.4111294!4d-8.0417361!16s%2Fg%2F11wnpb8rmq!19sChIJQdz9QAAnIw0R9oaApqtB4cQ?authuser=0&hl=pt-BR&rclk=1,No,Hospedagem domiciliar,
Quimpecavel,,'+351919200705,"3080-177 Figueira da Foz, Portugal","3,0",,PT,,40.15057,-8.8621581,"Hospedagem domiciliar in Coimbra, Portugal",https://www.google.com/maps/place/Quimpecavel/data=!4m10!3m9!1s0xd22370012d8cc8b:0xc32488e38244fe19!5m2!4m1!1i2!8m2!3d40.15057!4d-8.8621581!16s%2Fg%2F11vq15yd63!19sChIJi8zYEgA3Ig0RGf5EguOIJMM?authuser=0&hl=pt-BR&rclk=1,No,,
Maias House Lda,,,"R. das Oliveiras 21, 3090-646 Figueira da Foz, Portugal","5,0",,PT,R. das Oliveiras 21,40.1477172,-8.820576,"Hospedagem domiciliar in Coimbra, Portugal",https://www.google.com/maps/place/Maias+House+Lda/data=!4m10!3m9!1s0xd224900110cd4f9:0xa7cb2f8aaccece55!5m2!4m1!1i2!8m2!3d40.1477172!4d-8.820576!16s%2Fg%2F11xt5yfh8j!19sChIJ-dQMEQBJIg0RVc7OrIovy6c?authuser=0&hl=pt-BR&rclk=1,No,,
Penedo da Saudade - Suites & Hostel,,,"Av. Dr, Av. Marnoco e Sousa 18B, 3000-271 Coimbra, Portugal","4,6",,PT,Av. Marnoco e Sousa 18B,40.204318,-8.417284,"Hotel de 2 estrelas in Coimbra, Portugal",https://www.google.com/maps/place/Penedo+da+Saudade+-+Suites+%26+Hostel/data=!4m10!3m9!1s0xd22f99f993139a3:0x6f986418dc45070f!5m2!4m1!1i2!8m2!3d40.204318!4d-8.417284!16s%2Fg%2F11f5v0347h!19sChIJozkxmZ_5Ig0RDwdF3BhkmG8?authuser=0&hl=pt-BR&rclk=1,No,,
NS Hostel & Suites,,'+351239821343,"Rua Lourenço Almeida de Azevedo, n.3e4, 3000-250 Coimbra, Portugal","3,7",,PT,n.3e4,40.2099989,-8.4189716,"Hotel de 2 estrelas in Coimbra, Portugal",https://www.google.com/maps/place/NS+Hostel+%26+Suites/data=!4m10!3m9!1s0xd22f97473ebc003:0xd9c27cd000762e83!5m2!4m1!1i2!8m2!3d40.2099989!4d-8.4189716!16s%2Fg%2F12vtj8nqc!19sChIJA8Drc3T5Ig0Rgy52ANB8wtk?authuser=0&hl=pt-BR&rclk=1,No,,
Coimbra Portagem Hostel,,'+351239600134,"da Portagem, R. da Couraça Estrela 5 11 L, 3000-433 Coimbra, Portugal","3,9",,PT,R. da Couraça Estrela 5 11 L,40.2071097,-8.4291317,"Hotel de 2 estrelas in Coimbra, Portugal",https://www.google.com/maps/place/Coimbra+Portagem+Hostel/data=!4m10!3m9!1s0xd22f907d7fd2bb7:0x1c435984b115f435!5m2!4m1!1i2!8m2!3d40.2071097!4d-8.4291317!16s%2Fg%2F11btv6948z!19sChIJtyv91wf5Ig0RNfQVsYRZQxw?authuser=0&hl=pt-BR&rclk=1,No,,
Casa d'Cimo,,'+351910951735,"Rua do Cimo Cabreira, Cadafaz, Cabreira, 3330-013, Portugal","3,0",,PT,Cabreira,40.1416857,-8.0700163,"Hotel de 2 estrelas in Coimbra, Portugal",https://www.google.com/maps/place/Casa+d%27Cimo/data=!4m10!3m9!1s0xd22c3a2ed5708ef:0x6279f9e80f153279!5m2!4m1!1i2!8m2!3d40.1416857!4d-8.0700163!16s%2Fg%2F11g8xkd7xq!19sChIJ7whX7aLDIg0ReTIVD-j5eWI?authuser=0&hl=pt-BR&rclk=1,No,,
Bus Station SUITES&STUDIOS,,'+351917575186,"Av. Fernão de Magalhães 635, 3000-174 Coimbra, Portugal","4,6",,PT,Av. Fernão de Magalhães 635,40.2164156,-8.4368405,"Albergue in Coimbra, Portugal",https://www.google.com/maps/place/Bus+Station+SUITES%26STUDIOS/data=!4m10!3m9!1s0xd22f9117181263b:0x26321bc25a11421c!5m2!4m1!1i2!8m2!3d40.2164156!4d-8.4368405!16s%2Fg%2F11rt9s3ccl!19sChIJOyaBcRH5Ig0RHEIRWsIbMiY?authuser=0&hl=pt-BR&rclk=1,No,,
NR Suites - Alojamento Local,,'+351913256472,"R. de Santo António 53, 3050-322 Mealhada, Portugal","4,9",,PT,R. de Santo António 53,40.3841244,-8.4430124,"Albergue in Coimbra, Portugal",https://www.google.com/maps/place/NR+Suites+-+Alojamento+Local/data=!4m10!3m9!1s0xd2301001c6ffd55:0xdf6640b25ab85433!5m2!4m1!1i2!8m2!3d40.3841244!4d-8.4430124!16s%2Fg%2F11y4bxyyv5!19sChIJVf1vHAABIw0RM1S4WrJAZt8?authuser=0&hl=pt-BR&rclk=1,No,,
Be Scobar Hostel,,'+351962365128,"R. do Corvo 43, 3000-124 Coimbra, Portugal","5,0",1,PT,R. do Corvo 43,40.2104475,-8.4297398,"Albergue in Coimbra, Portugal",https://www.google.com/maps/place/Be+Scobar+Hostel/data=!4m10!3m9!1s0xd22f90606ca9aad:0x1f5c4bd280e329da!5m2!4m1!1i2!8m2!3d40.2104475!4d-8.4297398!16s%2Fg%2F11cm_g03df!19sChIJrZrKBgb5Ig0R2injgNJLXB8?authuser=0&hl=pt-BR&rclk=1,No,,
Despertar Com Siso: Alojamento Literário em Coimbra,,'+351239166448,"R. Simões de Castro 158, 3000-387 Coimbra, Portugal","4,5",,PT,R. Simões de Castro 158,40.2129441,-8.4326448,"Albergue in Coimbra, Portugal",https://www.google.com/maps/place/Despertar+Com+Siso:+Alojamento+Liter%C3%A1rio+em+Coimbra/data=!4m10!3m9!1s0xd22f9045634cca3:0xb15b93f75409389a!5m2!4m1!1i2!8m2!3d40.2129441!4d-8.4326448!16s%2Fg%2F11cnq4rltw!19sChIJo8w0VgT5Ig0RmjgJVPeTW7E?authuser=0&hl=pt-BR&rclk=1,No,,
MR Studio - Zona Histórica de Coimbra,,,"R. da Alegria 27, 3000-018 Coimbra, Portugal","4,0",,PT,R. da Alegria 27,40.2065187,-8.4276861,"Albergue in Coimbra, Portugal",https://www.google.com/maps/place/MR+Studio+-+Zona+Hist%C3%B3rica+de+Coimbra/data=!4m10!3m9!1s0xd22f97cb782cbd5:0x4bdcbd3614f79f5b!5m2!4m1!1i2!8m2!3d40.2065187!4d-8.4276861!16s%2Fg%2F11p73pv6yl!19sChIJ1cuCt3z5Ig0RW5_3FDa93Es?authuser=0&hl=pt-BR&rclk=1,No,,
LouzanPlace's,,'+351911924232,"3200-264 Lousã, Portugal","4,9",,PT,,40.1116766,-8.2432943,"Albergue in Coimbra, Portugal",https://www.google.com/maps/place/LouzanPlace%27s/data=!4m10!3m9!1s0xd22efe94801bbc1:0x64ab27f02f7d6d2e!5m2!4m1!1i2!8m2!3d40.1116766!4d-8.2432943!16s%2Fg%2F11j2fxtp4r!19sChIJwbsBSOnvIg0RLm19L_Anq2Q?authuser=0&hl=pt-BR&rclk=1,No,,
Casa Nórdica,,,"R. José Bernardino 6, Chão de Lamas, 3220-015, Portugal","3,0",,PT,Chão de Lamas,40.0810167,-8.3912753,"Albergue in Coimbra, Portugal",https://www.google.com/maps/place/Casa+N%C3%B3rdica/data=!4m10!3m9!1s0xd22f3000db1ef31:0xee5582289ddcd8f4!5m2!4m1!1i2!8m2!3d40.0810167!4d-8.3912753!16s%2Fg%2F11xlndz6c3!19sChIJMe-xDQDzIg0R9NjcnSiCVe4?authuser=0&hl=pt-BR&rclk=1,No,,
Casinha do México,,'+351916296103,"Gondramaz, 3220 Miranda do Corvo, Portugal","5,0",,PT,Gondramaz,40.0619202,-8.2730329,"Albergue in Coimbra, Portugal",https://www.google.com/maps/place/Casinha+do+M%C3%A9xico/data=!4m10!3m9!1s0xd22edf48525ea63:0x36482be2ac6464e7!5m2!4m1!1i2!8m2!3d40.0619202!4d-8.2730329!16s%2Fg%2F11n97l60f3!19sChIJY-olhfTtIg0R52RkrOIrSDY?authuser=0&hl=pt-BR&rclk=1,No,,
Casa de Campo de Soutelo,,'+351239042833,"Vila Nova de Poiares, Portugal","4,3",,PT,Vila Nova de Poiares,40.2297721,-8.3057221,"Albergue in Coimbra, Portugal",https://www.google.com/maps/place/Casa+de+Campo+de+Soutelo/data=!4m10!3m9!1s0xd22e4cc7f770861:0xf6a036ed0b5219a1!5m2!4m1!1i2!8m2!3d40.2297721!4d-8.3057221!16s%2Fg%2F11bwkj0g6h!19sChIJYQh3f8zkIg0RoRlSC-02oPY?authuser=0&hl=pt-BR&rclk=1,No,,
Casinha do Rio,,'+351910296763,"Av. Neuville de Poitou 4, 3130-259 Soure, Portugal","4,6",,PT,Av. Neuville de Poitou 4,40.056404,-8.6258816,"Albergue in Coimbra, Portugal",https://www.google.com/maps/place/Casinha+do+Rio/data=!4m10!3m9!1s0xd225d4f8fb3de3b:0x191f63522bf78642!5m2!4m1!1i2!8m2!3d40.056404!4d-8.6258816!16s%2Fg%2F11ts936y50!19sChIJO96zj09dIg0RQob3K1JjHxk?authuser=0&hl=pt-BR&rclk=1,No,,
Retiro Sereno na Natureza Lousã,,,"R. José Simões Serra 40, 3200 Vilarinho, Portugal","4,6",,PT,R. José Simões Serra 40,40.1252697,-8.2117609,"Albergue in Coimbra, Portugal",https://www.google.com/maps/place/Retiro+Sereno+na+Natureza+Lous%C3%A3/data=!4m10!3m9!1s0xd22e9d502d5fd69:0x425b46289a46f1c3!5m2!4m1!1i2!8m2!3d40.1252697!4d-8.2117609!16s%2Fg%2F11v6wncggv!19sChIJaf3VAtXpIg0Rw_FGmihGW0I?authuser=0&hl=pt-BR&rclk=1,No,,
Casa do CAnto,,'+351969075531,"3230-103, Portugal","4,5",,PT,,40.0264725,-8.3108675,"Albergue in Coimbra, Portugal",https://www.google.com/maps/place/Casa+do+CAnto/data=!4m10!3m9!1s0xd22f3a5aa7e194f:0x67de8143e7d5c2d6!5m2!4m1!1i2!8m2!3d40.0264725!4d-8.3108675!16s%2Fg%2F11p5hrn6q6!19sChIJTxl-qqXzIg0R1sLV50OB3mc?authuser=0&hl=pt-BR&rclk=1,No,,
Jardim da Guarda-Inglesa,,'+351963966200,"Av. da Guarda Inglesa 79, 3040-193 Coimbra, Portugal",,,PT,Av. da Guarda Inglesa 79,40.2078598,-8.4383767,"Albergue in Coimbra, Portugal",https://www.google.com/maps/place/Jardim+da+Guarda-Inglesa/data=!4m10!3m9!1s0xd22f9828ff60d65:0xe922b62d1bb0a86b!5m2!4m1!1i2!8m2!3d40.2078598!4d-8.4383767!16s%2Fg%2F11z05j0gyg!19sChIJZQ32j4L5Ig0Ra6iwGy22Iuk?authuser=0&hl=pt-BR&rclk=1,No,,
Hospedaria Sanches,,'+351916413075,"R. Joaquim Falé 1, 2580-374 Alenquer, Portugal","4,2",,PT,R. Joaquim Falé 1,39.0468418,-8.993021,"Hospedaria in Vila Franca de Xira, Portugal",https://www.google.com/maps/place/Hospedaria+Sanches/data=!4m7!3m6!1s0xd18d9f263d8f441:0xc1bc493b1e046209!8m2!3d39.0468418!4d-8.993021!16s%2Fg%2F11bxfg4wvw!19sChIJQfTYY_LZGA0RCWIEHjtJvME?authuser=0&hl=pt-BR&rclk=1,No,Hotel,
Hospedaria de ST Estêvão,,'+351918256517,"R. Manuel Martins Alves 68 A, 2130-143 Santo Estevão, Portugal","4,0",,PT,R. Manuel Martins Alves 68 A,38.8597716,-8.7449139,"Hospedaria in Vila Franca de Xira, Portugal",https://www.google.com/maps/place/Hospedaria+de+ST+Est%C3%AAv%C3%A3o/data=!4m10!3m9!1s0xd191a28f08ffcf5:0xffcd524c03e70418!5m2!4m1!1i2!8m2!3d38.8597716!4d-8.7449139!16s%2Fg%2F11gghdgtxh!19sChIJ9fyP8CgaGQ0RGATnA0xSzf8?authuser=0&hl=pt-BR&rclk=1,No,,
Casa d´Albarróis,,,"R. De Santa Quitéria 5 61, Alenquer, Portugal","4,8",,PT,R. De Santa Quitéria 5 61,39.0615819,-9.0251723,"Hospedaria in Vila Franca de Xira, Portugal",https://www.google.com/maps/place/Casa+d%C2%B4Albarr%C3%B3is/data=!4m10!3m9!1s0xd18d10004461bb5:0x3189f099e199d5d0!5m2!4m1!1i2!8m2!3d39.0615819!4d-9.0251723!16s%2Fg%2F11lmfyc91h!19sChIJtRtGBADRGA0R0NWZ4ZnwiTE?authuser=0&hl=pt-BR&rclk=1,No,,
Quartos Cesário Verde,,'+351967101391,"+351 967101391, Praceta Cesário Verde 14, Massamá, 2745-740 Queluz, Portugal","4,1",,PT,Massamá,38.7555873,-9.2873246,"Hospedaria in Vila Franca de Xira, Portugal",https://www.google.com/maps/place/Quartos+Ces%C3%A1rio+Verde/data=!4m10!3m9!1s0xd1ece705094ba6b:0x882f29592c772012!5m2!4m1!1i2!8m2!3d38.7555873!4d-9.2873246!16s%2Fg%2F11dfgr7rs7!19sChIJa7qUUHDOHg0REiB3LFkpL4g?authuser=0&hl=pt-BR&rclk=1,No,,
N&N Hospedagem,,'+351926516409,"Rua do Senhor Roubado 9, 2675-533 Odivelas, Portugal","4,0",,PT,Rua do Senhor Roubado 9,38.7859188,-9.1710534,"Hospedaria in Vila Franca de Xira, Portugal",https://www.google.com/maps/place/N%26N+Hospedagem/data=!4m7!3m6!1s0xd1932a51f46203f:0x569764c2004c777f!8m2!3d38.7859188!4d-9.1710534!16s%2Fg%2F11nwwxp0ln!19sChIJPyBGH6UyGQ0Rf3dMAMJkl1Y?authuser=0&hl=pt-BR&rclk=1,No,Albergue,
Alojamentos Domus Plaza,,'+351926070650,"R. António Palha 2, 2600-104 Vila Franca de Xira, Portugal","4,7",,PT,R. António Palha 2,38.9534986,-8.9914195,"Hospedaria in Vila Franca de Xira, Portugal",https://www.google.com/maps/place/Alojamentos+Domus+Plaza/data=!4m7!3m6!1s0xd19274caf56bc8d:0x1e1b6ff14ee93825!8m2!3d38.9534986!4d-8.9914195!16s%2Fg%2F11q80lm5l6!19sChIJjbxWr0wnGQ0RJTjpTvFvGx4?authuser=0&hl=pt-BR&rclk=1,No,Hotel,
Benfica 670,,'+351939378777,"R. Ernesto da Silva 23 R\C Dto, 1500-267 Lisboa, Portugal","4,0",,PT,R. Ernesto da Silva 23 R\C Dto,38.7514054,-9.2038334,"Hospedaria in Vila Franca de Xira, Portugal",https://www.google.com/maps/place/Benfica+670/data=!4m7!3m6!1s0xd1ecd27a363dc13:0xe97ca25ee2b95ce8!8m2!3d38.7514054!4d-9.2038334!16s%2Fg%2F11f6kp7zn1!19sChIJE9xjoyfNHg0R6Fy54l6ifOk?authuser=0&hl=pt-BR&rclk=1,No,Albergue,
Benfica Guest house,,'+351934053813,"Calçada do Tojal 43, 1500-592 Lisboa, Portugal","5,0",,PT,Calçada do Tojal 43,38.7532743,-9.2030199,"Hospedaria in Vila Franca de Xira, Portugal",https://www.google.com/maps/place/Benfica+Guest+house/data=!4m7!3m6!1s0xd1ecd2644fb13af:0xa2f103bab31d5dff!8m2!3d38.7532743!4d-9.2030199!16s%2Fg%2F11fy54qmy7!19sChIJrxP7RCbNHg0R_10ds7oD8aI?authuser=0&hl=pt-BR&rclk=1,No,Hotel,
Casa Robusto,,'+351930573878,"R. 11 de Janeiro 176, 2120-183 Foros de Salvaterra, Portugal","4,6",,PT,R. 11 de Janeiro 176,38.9836272,-8.6963884,"Hospedaria in Vila Franca de Xira, Portugal",https://www.google.com/maps/place/Casa+Robusto/data=!4m10!3m9!1s0xd191d70fc878c33:0xb9e5ec16301e7c01!5m2!4m1!1i2!8m2!3d38.9836272!4d-8.6963884!16s%2Fg%2F11f4wv7wq3!19sChIJM4yH_HAdGQ0RAXweMBbs5bk?authuser=0&hl=pt-BR&rclk=1,No,,
Casa da Abrunheira,,,"R. Martir São Sebastião, Ramalhal, Portugal","4,0",,PT,R. Martir São Sebastião,39.1373046,-9.2080071,"Hospedaria in Vila Franca de Xira, Portugal",https://www.google.com/maps/place/Casa+da+Abrunheira/data=!4m10!3m9!1s0xd1f33006912d77b:0xa079c9053146e82c!5m2!4m1!1i2!8m2!3d39.1373046!4d-9.2080071!16s%2Fg%2F11vsp7qkk1!19sChIJe9cSaQAzHw0RLOhGMQXJeaA?authuser=0&hl=pt-BR&rclk=1,No,,
Casa Da Água Sintra Guest House,,'+351926873529,"R. Álvaro Augusto Rodrigues Vilela 103, 2635-452 Rio de Mouro, Portugal","4,4",,PT,R. Álvaro Augusto Rodrigues Vilela 103,38.7687846,-9.3376618,"Hospedaria in Vila Franca de Xira, Portugal",https://www.google.com/maps/place/Casa+Da+%C3%81gua+Sintra+Guest+House/data=!4m10!3m9!1s0xd1ecfc4e708014f:0x968349e7b2785535!5m2!4m1!1i2!8m2!3d38.7687846!4d-9.3376618!16s%2Fg%2F11cnxpfhsg!19sChIJTwEI58TPHg0RNVV4sudJg5Y?authuser=0&hl=pt-BR&rclk=1,No,,
Prata Riverside XXIII Hospedaria - Deluxe Studio,,,"1950-326 Lisboa, Portugal","4,2",,PT,,38.7465782,-9.0982199,"Hospedaria in Vila Franca de Xira, Portugal",https://www.google.com/maps/place/Prata+Riverside+XXIII+Hospedaria+-+Deluxe+Studio/data=!4m11!3m10!1s0xd19316322295af7:0x71fc4ba15de22f83!5m2!4m1!1i2!8m2!3d38.7465782!4d-9.0982199!16s%2Fg%2F11z5q_48lk!17BQ0FF!19sChIJ91opImMxGQ0Rgy_iXaFL_HE?authuser=0&hl=pt-BR&rclk=1,No,,
Monte dos Duques,,'+351932551049,"Estrada Benavente km 9.4, 2130-144 Benavente, Portugal","4,7",,PT,Estrada Benavente km 9.4,38.9036944,-8.7635694,"Hospedaria in Vila Franca de Xira, Portugal",https://www.google.com/maps/place/Monte+dos+Duques/data=!4m10!3m9!1s0xd191bd35e201445:0x493fe0539053c9e9!5m2!4m1!1i2!8m2!3d38.9036944!4d-8.7635694!16s%2Fg%2F1ttdzq5b!19sChIJRRQgXtMbGQ0R6clTkFPgP0k?authuser=0&hl=pt-BR&rclk=1,No,,
Sweet Dream Home Guest House,,'+351915258966,"R. Dr. Rafael Duque 17 1b, 1500-249 Lisboa, Portugal","3,0",,PT,R. Dr. Rafael Duque 17 1b,38.7531581,-9.1973384,"Hospedaria in Vila Franca de Xira, Portugal",https://www.google.com/maps/place/Sweet+Dream+Home+Guest+House/data=!4m7!3m6!1s0xd1ecdace6b19db7:0x237082ea771e7f03!8m2!3d38.7531581!4d-9.1973384!16s%2Fg%2F11gjssg3g0!19sChIJt52x5qzNHg0RA38ed-qCcCM?authuser=0&hl=pt-BR&rclk=1,No,Hotel,
Sri-Indo Guest House,,'+351920162525,"Rua de Arroios 100 2* DTO e ESQ, 1150-056 Lisboa, Portugal","3,0",,PT,Rua de Arroios 100 2* DTO e ESQ,38.7303412,-9.1360394,"Hotel de 3 estrelas in Vila Franca de Xira, Portugal",https://www.google.com/maps/place/Sri-Indo+Guest+House/data=!4m10!3m9!1s0xd1933a6755818cb:0xff0b74634364f61b!5m2!4m1!1i2!8m2!3d38.7303412!4d-9.1360394!16s%2Fg%2F11j8tn8m2d!19sChIJyxhYdaYzGQ0RG_ZkQ2N0C_8?authuser=0&hl=pt-BR&rclk=1,No,,
Residencial Sky Lounge,,,"Av. Alm. Gago Coutinho 144, 1950-037 Lisboa, Portugal","3,7",,PT,Av. Alm. Gago Coutinho 144,38.7584762,-9.1297553,"Hospedagem domiciliar in Vila Franca de Xira, Portugal",https://www.google.com/maps/place/Residencial+Sky+Lounge/data=!4m10!3m9!1s0xd1933003c822091:0x694df86569971027!5m2!4m1!1i2!8m2!3d38.7584762!4d-9.1297553!16s%2Fg%2F11xg3qwn49!19sChIJkSCCPAAzGQ0RJxCXaWX4TWk?authuser=0&hl=pt-BR&rclk=1,No,,
Lisboa,,,"2670-376 Loures, Portugal","5,0",1,PT,,38.831549,-9.1741095,"Hospedagem domiciliar in Vila Franca de Xira, Portugal",https://www.google.com/maps/place/Lisboa/data=!4m7!3m6!1s0xd192deb76a620df:0x36b64aec78533cb!8m2!3d38.831549!4d-9.1741095!16s%2Fg%2F11thhq92gt!19sChIJ3yCmdustGQ0RyzOFx65kawM?authuser=0&hl=pt-BR&rclk=1,No,Hospedagem domiciliar,
Casa de Isabel Barbosa,,,"R. Fernando Bento 3A, 1800-392 Lisboa, Portugal","5,0",,PT,R. Fernando Bento 3A,38.7698434,-9.103411,"Hospedagem domiciliar in Vila Franca de Xira, Portugal",https://www.google.com/maps/place/Casa+de+Isabel+Barbosa/data=!4m7!3m6!1s0xd1933007ab5e97f:0x207c45c60b82bbb7!8m2!3d38.7698434!4d-9.103411!16s%2Fg%2F11x2vr_brf!19sChIJf-m1egAzGQ0Rt7uCC8ZFfCA?authuser=0&hl=pt-BR&rclk=1,No,Hospedagem domiciliar,
Teresa Garcia,,'+351933275350,"R. Amélia Rey Colaço, 2685-184 Portela, Portugal","5,0",,PT,R. Amélia Rey Colaço,38.785077,-9.1107387,"Hospedagem domiciliar in Vila Franca de Xira, Portugal",https://www.google.com/maps/place/Teresa+Garcia/data=!4m7!3m6!1s0xd1933b16c22dae5:0x359854ed61d54009!8m2!3d38.785077!4d-9.1107387!16s%2Fg%2F11q8v6k9fs!19sChIJ5doibLEzGQ0RCUDVYe1UmDU?authuser=0&hl=pt-BR&rclk=1,No,Hospedagem domiciliar,
Kitnets,,,"RESIDENCIAL TAIAMA CEP, Rua mafra, QUADRA 21 LOTE 07, 2640-476 Mafra, Portugal",,,PT,QUADRA 21 LOTE 07,38.9442817,-9.3321225,"Hospedagem domiciliar in Vila Franca de Xira, Portugal",https://www.google.com/maps/place/Kitnets/data=!4m7!3m6!1s0xd1ed700638a9019:0x77af30c3af3e65cc!8m2!3d38.9442817!4d-9.3321225!16s%2Fg%2F11npq__q7y!19sChIJGZCKYwDXHg0RzGU-r8Mwr3c?authuser=0&hl=pt-BR&rclk=1,No,Hospedagem domiciliar,
Sonho Eterno,,,"R. Maria Julieta Simões Valério Silva 2 Bloco, 2640-808 Mafra, Portugal","5,0",,PT,R. Maria Julieta Simões Valério Silva 2 Bloco,38.9332028,-9.3337208,"Hospedagem domiciliar in Vila Franca de Xira, Portugal",https://www.google.com/maps/place/Sonho+Eterno/data=!4m10!3m9!1s0xd1ed729be5c5c93:0xbdf6f62184c4b932!5m2!4m1!1i2!8m2!3d38.9332028!4d-9.3337208!16s%2Fg%2F11smzjghz1!19sChIJk1xcvinXHg0RMrnEhCH29r0?authuser=0&hl=pt-BR&rclk=1,No,,
Alojamento Mercado,,,"Praça do Norte 3, 1800-134 Lisboa, Portugal","3,5",,PT,Praça do Norte 3,38.776697,-9.1188664,"Hospedagem domiciliar in Vila Franca de Xira, Portugal",https://www.google.com/maps/place/Alojamento+Mercado/data=!4m10!3m9!1s0xd1933e18f3c6d85:0xf76335a83f71b6e0!5m2!4m1!1i2!8m2!3d38.776697!4d-9.1188664!16s%2Fg%2F11vfb9yp3h!19sChIJhW08j-EzGQ0R4LZxP6g1Y_c?authuser=0&hl=pt-BR&rclk=1,No,,
Hoom new,,,"R. José Afonso 11, 2660-283 Santo António dos Cavaleiros, Portugal",,,PT,R. José Afonso 11,38.8141153,-9.1811452,"Hospedagem domiciliar in Vila Franca de Xira, Portugal",https://www.google.com/maps/place/Hoom+new/data=!4m7!3m6!1s0xd192d0074c5a279:0xa2e3c34c6163f641!8m2!3d38.8141153!4d-9.1811452!16s%2Fg%2F11yrhstp1h!19sChIJeaLFdAAtGQ0RQfZjYUzD46I?authuser=0&hl=pt-BR&rclk=1,No,Hospedagem domiciliar,
Casa Alcochetana,,,"R. do Passadiço 10, 2890-047 Alcochete, Portugal","4,6",,PT,R. do Passadiço 10,38.7552182,-8.962426,"Hospedagem domiciliar in Vila Franca de Xira, Portugal",https://www.google.com/maps/place/Casa+Alcochetana/data=!4m10!3m9!1s0xd193baf2929755f:0xebe6c334a6dda100!5m2!4m1!1i2!8m2!3d38.7552182!4d-8.962426!16s%2Fg%2F11t7hhfr_d!19sChIJX3UpKa87GQ0RAKHdpjTD5us?authuser=0&hl=pt-BR&rclk=1,No,,
Home,,,"Praceta João Villaret 1, 2620-149 Póvoa de Santo Adrião, Portugal",,,PT,Praceta João Villaret 1,38.798833,-9.192793,"Hospedagem domiciliar in Vila Franca de Xira, Portugal",https://www.google.com/maps/place/Home/data=!4m7!3m6!1s0xd1ed3001f3bd6dd:0xc82ed07c4972510f!8m2!3d38.798833!4d-9.192793!16s%2Fg%2F11z693gzy1!19sChIJ3dY7HwDTHg0RD1FySXzQLsg?authuser=0&hl=pt-BR&rclk=1,No,Hospedagem domiciliar,
Rawand Portugal,,,"R. Ricardo Reis 30, 2620 Odivelas, Portugal","4,0",1,PT,R. Ricardo Reis 30,38.7964783,-9.1712477,"Hospedagem domiciliar in Vila Franca de Xira, Portugal",https://www.google.com/maps/place/Rawand+Portugal/data=!4m7!3m6!1s0xd192d0072bbc1e1:0xca0ca9cbcb366802!8m2!3d38.7964783!4d-9.1712477!16s%2Fg%2F11vqqxjv9y!19sChIJ4cG7cgAtGQ0RAmg2y8upDMo?authuser=0&hl=pt-BR&rclk=1,No,Hospedagem domiciliar,
Casa Júnior e Bel,,,"R. Gil Vicente, 2700-422 Lisboa, Portugal",,,PT,R. Gil Vicente,38.7576314,-9.2368597,"Hospedagem domiciliar in Vila Franca de Xira, Portugal",https://www.google.com/maps/place/Casa+J%C3%BAnior+e+Bel/data=!4m7!3m6!1s0xd1ecd004f79f95d:0x22b0a498c56b6608!8m2!3d38.7576314!4d-9.2368597!16s%2Fg%2F11x8cvzftb!19sChIJXfl5TwDNHg0RCGZrxZiksCI?authuser=0&hl=pt-BR&rclk=1,No,Hospedagem domiciliar,
Unterkunft,,,"Q.ta das Palmeiras 11C, 1600-175 Lisboa, Portugal",,,PT,Q.ta das Palmeiras 11C,38.7451,-9.1679075,"Hospedagem domiciliar in Vila Franca de Xira, Portugal",https://www.google.com/maps/place/Unterkunft/data=!4m7!3m6!1s0xd19330065abe77d:0x28b10d76223d4186!8m2!3d38.7451!4d-9.1679075!16s%2Fg%2F11xf5k5g4h!19sChIJfeerZQAzGQ0RhkE9InYNsSg?authuser=0&hl=pt-BR&rclk=1,No,Hospedagem domiciliar,
Olivillas,,'+351932858908,"R. Cidade de Negage, 1800-106 Lisboa, Portugal",,,PT,R. Cidade de Negage,38.766473,-9.1167359,"Hospedagem domiciliar in Vila Franca de Xira, Portugal",https://www.google.com/maps/place/Olivillas/data=!4m7!3m6!1s0xd1933c062d1e397:0x7476beea842542bf!8m2!3d38.766473!4d-9.1167359!16s%2Fg%2F11q2yggq_s!19sChIJl-PRYsAzGQ0Rv0IlhOq-dnQ?authuser=0&hl=pt-BR&rclk=1,No,Hospedagem domiciliar,
Casa,,,"R. Vasco da Gama 39, 2685-023 Vila Franca de Xira, Portugal",,,PT,R. Vasco da Gama 39,38.7928831,-9.1102118,"Hospedagem domiciliar in Vila Franca de Xira, Portugal",https://www.google.com/maps/place/Casa/data=!4m7!3m6!1s0xd1927007bc911d3:0x6b17b1506d60ebf1!8m2!3d38.7928831!4d-9.1102118!16s%2Fg%2F11yrqb1mk6!19sChIJ0xHJewAnGQ0R8etgbVCxF2s?authuser=0&hl=pt-BR&rclk=1,No,Hospedagem domiciliar,
Apartamento Lisboa,,,"R. Cidade de Cabinda 8, 1800-080 Lisboa, Portugal",,,PT,R. Cidade de Cabinda 8,38.7679444,-9.1108611,"Hospedagem domiciliar in Vila Franca de Xira, Portugal",https://www.google.com/maps/place/Apartamento+Lisboa/data=!4m10!3m9!1s0xd1933002b67944b:0x6bb6e895c571bd32!5m2!4m1!1i2!8m2!3d38.7679444!4d-9.1108611!16s%2Fg%2F11zcp4qz7s!19sChIJS5RnKwAzGQ0RMr1xxZXotms?authuser=0&hl=pt-BR&rclk=1,No,,
Garden Campo de Ourique Guest House / Hostel,,'+351934522390,"R. Silva Carvalho 147, 1250-248 Lisboa, Portugal","3,2",,PT,R. Silva Carvalho 147,38.719047,-9.16212,"Albergue in Vila Franca de Xira, Portugal",https://www.google.com/maps/place/Garden+Campo+de+Ourique+Guest+House+%2F+Hostel/data=!4m10!3m9!1s0xd193321b7a5a19f:0x6e1aa3503fd46f70!5m2!4m1!1i2!8m2!3d38.719047!4d-9.16212!16s%2Fg%2F11wj3phjy9!19sChIJn6GltyEzGQ0RcG_UP1CjGm4?authuser=0&hl=pt-BR&rclk=1,No,,
HOSTEL TURISMAR VILA DO CONDE,,'+351967365568,"R. Nova 324 2º andar direito, 4485-410 Macieira da Maia, Portugal","5,0",,PT,R. Nova 324 2º andar direito,41.3378296,-8.6858965,"Hospedaria in Famalicão, Portugal",https://www.google.com/maps/place/HOSTEL+TURISMAR+VILA+DO+CONDE/data=!4m10!3m9!1s0xd2443fe647bfaff:0xacd086295d00a29b!5m2!4m1!1i2!8m2!3d41.3378296!4d-8.6858965!16s%2Fg%2F11zb26f0tp!19sChIJ__p7ZP5DJA0Rm6IAXSmG0Kw?authuser=0&hl=pt-BR&rclk=1,No,,
"The Vintage House Hotel, Douro",,,"Lugar da Ponte, 5085-034 Pinhão, Portugal","4,6",,PT,Lugar da Ponte,41.189451,-7.542815,"Hotel de 5 estrelas in Famalicão, Portugal","https://www.google.com/maps/place/The+Vintage+House+Hotel,+Douro/data=!4m10!3m9!1s0xd3b5b4bd8f7486f:0x4c025a5daada909c!5m2!4m1!1i2!8m2!3d41.189451!4d-7.542815!16s%2Fg%2F1q62csczl!19sChIJb0j32EtbOw0RnJDaql1aAkw?authuser=0&hl=pt-BR&rclk=1",No,,
Quinta da Pacheca,,,"Rua do Relógio do Sol, 261 Cambres, 5100-424 Lamego, Portugal","4,6",,PT,261 Cambres,41.155254,-7.798116,"Hotel de 5 estrelas in Famalicão, Portugal",https://www.google.com/maps/place/Quinta+da+Pacheca/data=!4m10!3m9!1s0xd24ad3851cb8f0d:0x7250e65803748e24!5m2!4m1!1i2!8m2!3d41.155254!4d-7.798116!16s%2Fg%2F1tfm7yj7!19sChIJDY_LUTitJA0RJI50A1jmUHI?authuser=0&hl=pt-BR&rclk=1,No,,
Quinta Brava- Descanso na Natureza,,,"Estr. da Praia 241, 4740-696 Barqueiros, Portugal","5,0",,PT,Estr. da Praia 241,41.481774,-8.721338,"Hospedagem domiciliar in Famalicão, Portugal",https://www.google.com/maps/place/Quinta+Brava-+Descanso+na+Natureza/data=!4m7!3m6!1s0xd244f00783d0b9d:0xc74db8ef00a40eb2!8m2!3d41.481774!4d-8.721338!16s%2Fg%2F11nhwnwnx0!19sChIJnQs9eABPJA0Rsg6kAO-4Tcc?authuser=0&hl=pt-BR&rclk=1,No,Hospedagem domiciliar,
Casa SAL,,,"R. do Sítio da Cruz 22, 4740-531 Esposende, Portugal","5,0",1,PT,R. do Sítio da Cruz 22,41.5322423,-8.7750911,"Hospedagem domiciliar in Famalicão, Portugal",https://www.google.com/maps/place/Casa+SAL/data=!4m10!3m9!1s0xd244b00197d59c9:0xfc331d27094523c7!5m2!4m1!1i2!8m2!3d41.5322423!4d-8.7750911!16s%2Fg%2F11njxyxn2v!19sChIJyVl9GQBLJA0RxyNFCScdM_w?authuser=0&hl=pt-BR&rclk=1,No,,
ubytovanie den2,,,"R. dos Mareantes 118, 4480-778 Vila do Conde, Portugal",,,PT,R. dos Mareantes 118,41.3680211,-8.7584682,"Hospedagem domiciliar in Famalicão, Portugal",https://www.google.com/maps/place/ubytovanie+den2/data=!4m7!3m6!1s0xd244700235178c7:0x3169381770c410b5!8m2!3d41.3680211!4d-8.7584682!16s%2Fg%2F11z9bl29qq!19sChIJx3hRIwBHJA0RtRDEcBc4aTE?authuser=0&hl=pt-BR&rclk=1,No,Hospedagem domiciliar,
Live in,,,"R. do Progresso 477, 4455-534 Perafita, Portugal","1,0",1,PT,R. do Progresso 477,41.2189009,-8.6963737,"Hospedagem domiciliar in Famalicão, Portugal",https://www.google.com/maps/place/Live+in/data=!4m7!3m6!1s0xd24690022fc4785:0x57499cb94321f537!8m2!3d41.2189009!4d-8.6963737!16s%2Fg%2F11w9hkry2l!19sChIJhUf8IgBpJA0RN_UhQ7mcSVc?authuser=0&hl=pt-BR&rclk=1,No,Hospedagem domiciliar,
JAPJI GUEST HOUSE ESMERIZ 156,,'+351920105303,"Rua da Portelada N° 156, 4760-480 Esmeriz, Portugal","5,0",,PT,Rua da Portelada N° 156,41.3728805,-8.5196172,"Hospedagem domiciliar in Famalicão, Portugal",https://www.google.com/maps/place/JAPJI+GUEST+HOUSE+ESMERIZ+156/data=!4m10!3m9!1s0xd245900376bd519:0xa8b68440e3d540c0!5m2!4m1!1i2!8m2!3d41.3728805!4d-8.5196172!16s%2Fg%2F11v_4ryxbn!19sChIJGdVrNwBZJA0RwEDV40CEtqg?authuser=0&hl=pt-BR&rclk=1,No,,
Hotel da Penha,,'+351253438465,"R. da Penha, 4810-038 Guimarães, Portugal","4,2",,PT,R. da Penha,41.4326247,-8.2693084,"Hotel de 2 estrelas in Famalicão, Portugal",https://www.google.com/maps/place/Hotel+da+Penha/data=!4m10!3m9!1s0xd24efea1a97a051:0x578c728f0f6ea3db!5m2!4m1!1i2!8m2!3d41.4326247!4d-8.2693084!16s%2Fg%2F1tl1k55r!19sChIJUaCXGurvJA0R26NuD49yjFc?authuser=0&hl=pt-BR&rclk=1,No,,
Hostel Fa,,'+351253554405,"Largo da Misericórdia 23, 4800-413 Guimarães, Portugal","4,0",,PT,Largo da Misericórdia 23,41.4431279,-8.2947097,"Hotel de 2 estrelas in Famalicão, Portugal",https://www.google.com/maps/place/Hostel+Fa/data=!4m10!3m9!1s0xd24efe9b6dab547:0x3eb4c8e6f024277!5m2!4m1!1i2!8m2!3d41.4431279!4d-8.2947097!16s%2Fg%2F11btm7vgmm!19sChIJR7XatunvJA0Rd0ICb45M6wM?authuser=0&hl=pt-BR&rclk=1,No,,
Salgueira Pilgrim’s Rest,,,"R. da Salgueira n° 183 C5, 4740-031 Apúlia, Portugal",,,PT,R. da Salgueira n° 183 C5,41.492982,-8.7820791,"Albergue in Famalicão, Portugal",https://www.google.com/maps/place/Salgueira+Pilgrim%E2%80%99s+Rest/data=!4m10!3m9!1s0xd2449003db91c7f:0xa8371edde0eb81ad!5m2!4m1!1i2!8m2!3d41.492982!4d-8.7820791!16s%2Fg%2F11zh27mky_!19sChIJfxy5PQBJJA0RrYHr4N0eN6g?authuser=0&hl=pt-BR&rclk=1,No,,
Maia Centro,,'+351927811911,"R. Eng. Duarte Pacheco 249, 4470-136 Maia, Portugal","4,4",,PT,R. Eng. Duarte Pacheco 249,41.2353395,-8.6220821,"Albergue in Famalicão, Portugal",https://www.google.com/maps/place/Maia+Centro/data=!4m10!3m9!1s0xd24674003238155:0x1e46244061c896c0!5m2!4m1!1i2!8m2!3d41.2353395!4d-8.6220821!16s%2Fg%2F11rxwlg54s!19sChIJVYEjA0BnJA0RwJbIYUAkRh4?authuser=0&hl=pt-BR&rclk=1,No,,
Hostel,,,"Praça Mouzinho de Albuquerque 49, 4710-301 Braga, Portugal","4,0",1,PT,Praça Mouzinho de Albuquerque 49,41.5533649,-8.4210325,"Albergue in Famalicão, Portugal",https://www.google.com/maps/place/Hostel/data=!4m10!3m9!1s0xd24ff001a12d1f9:0xa8d73416f8fef28e!5m2!4m1!1i2!8m2!3d41.5533649!4d-8.4210325!16s%2Fg%2F11wpmjxbsc!19sChIJ-dESGgD_JA0RjvL--BY016g?authuser=0&hl=pt-BR&rclk=1,No,,
Hostel,,,"Praça Mouzinho de Albuquerque 49, 4710-301 Braga, Portugal","4,0",1,PT,Praça Mouzinho de Albuquerque 49,41.5101803,-8.7717337,"Albergue in Famalicão, Portugal",https://www.google.com/maps/place/The+Spot+hostel+Ofir/data=!4m10!3m9!1s0xd244b5a7f8c1fb7:0x6a089758d9814760!5m2!4m1!1i2!8m2!3d41.5101803!4d-8.7717337!16s%2Fg%2F11fmxjn3gq!19sChIJtx-Mf1pLJA0RYEeB2ViXCGo?authuser=0&hl=pt-BR&rclk=1,No,,
Hostel,,,"Praça Mouzinho de Albuquerque 49, 4710-301 Braga, Portugal","4,0",1,PT,Praça Mouzinho de Albuquerque 49,41.4148491,-8.5189345,"Albergue in Famalicão, Portugal",https://www.google.com/maps/place/Hi!Go+-+Hostel+%26+Suites/data=!4m10!3m9!1s0xd245850249c823d:0x86d0052d85f3b83a!5m2!4m1!1i2!8m2!3d41.4148491!4d-8.5189345!16s%2Fg%2F11f4wth_gm!19sChIJPYKcJFBYJA0ROrjzhS0F0IY?authuser=0&hl=pt-BR&rclk=1,No,,
Solar Do Areal,,'+351935055186,"R. Q.ta de Passos Lote C, 4710-426 Braga, Portugal","4,2",,PT,R. Q.ta de Passos Lote C,41.5644497,-8.4095484,"Albergue in Famalicão, Portugal",https://www.google.com/maps/place/Solar+Do+Areal/data=!4m10!3m9!1s0xd24ff18cee49e37:0x639e6886be0274ba!5m2!4m1!1i2!8m2!3d41.5644497!4d-8.4095484!16s%2Fg%2F11ghdknw7f!19sChIJN57kzhj_JA0RunQCvoZonmM?authuser=0&hl=pt-BR&rclk=1,No,,
ICOSIUM Hostel,,'+351912558213,"R. Eça de Queirós 52, 4700-317 Braga, Portugal","4,1",,PT,R. Eça de Queirós 52,41.55166,-8.426275,"Albergue in Famalicão, Portugal",https://www.google.com/maps/place/ICOSIUM+Hostel/data=!4m10!3m9!1s0xd24fee9d178fcad:0x2fda672f302b6815!5m2!4m1!1i2!8m2!3d41.55166!4d-8.426275!16s%2Fg%2F11k742kc88!19sChIJrfx40en-JA0RFWgrMC9n2i8?authuser=0&hl=pt-BR&rclk=1,No,,
Fatima GuestHouse,,,"R. de São José 4, 2495-434 Fátima, Portugal","4,5",,PT,R. de São José 4,39.631918,-8.675726,"Hospedaria in Leiria, Portugal",https://www.google.com/maps/place/Fatima+GuestHouse/data=!4m10!3m9!1s0xd189d395ad0b7e1:0x3965c81b579ac955!5m2!4m1!1i2!8m2!3d39.631918!4d-8.675726!16s%2Fg%2F11gw356rvs!19sChIJ4bfQWjmdGA0RVcmaVxvIZTk?authuser=0&hl=pt-BR&rclk=1,No,,
Hospedaria Bar,,'+351244401116,"N243 37, Porto de Mós, Portugal","4,1",,PT,N243 37,39.6016858,-8.8491015,"Hospedaria in Leiria, Portugal",https://www.google.com/maps/place/Hospedaria+Bar/data=!4m7!3m6!1s0xd18a1cd3e82753b:0x5e01fad261ac2792!8m2!3d39.6016858!4d-8.8491015!16s%2Fg%2F11fy4hmvwb!19sChIJO3WCPs2hGA0RkiesYdL6AV4?authuser=0&hl=pt-BR&rclk=1,No,Hotel,
Kitchouse hospedaria,,'+351927414174,"Av. dos Pastorinhos 880, 2495-408 Fátima, Portugal",,,PT,Av. dos Pastorinhos 880,39.6234722,-8.6643989,"Hospedaria in Leiria, Portugal",https://www.google.com/maps/place/Kitchouse+hospedaria/data=!4m7!3m6!1s0xd189da365a53503:0x601531746fbc137f!8m2!3d39.6234722!4d-8.6643989!16s%2Fg%2F11nqdzh45q!19sChIJAzWlZaOdGA0RfxO8b3QxFWA?authuser=0&hl=pt-BR&rclk=1,No,Hospedaria,
Hospedaria A Primorosa,,,"2450-106 Nazaré, Portugal","3,7",,PT,,39.5988655,-9.0710621,"Hospedaria in Leiria, Portugal",https://www.google.com/maps/place/Hospedaria+A+Primorosa/data=!4m11!3m10!1s0xd18a9bbacee263d:0xdbd87353cfd28c1!5m2!4m1!1i2!8m2!3d39.5988655!4d-9.0710621!16s%2Fg%2F11z6b4sml2!17BQ0FF!19sChIJPSburLupGA0RwSj9PDWHvQ0?authuser=0&hl=pt-BR&rclk=1,No,,
Hospedaria A Primorosa,,,"2450-106 Nazaré, Portugal","3,7",,PT,,39.5988617,-9.0710602,"Hospedaria in Leiria, Portugal",https://www.google.com/maps/place/Hospedaria+A+Primorosa+-+Standard+Double+Room/data=!4m11!3m10!1s0xd18a9bbacee263d:0x14d102c52bb05972!5m2!4m1!1i2!8m2!3d39.5988617!4d-9.0710602!16s%2Fg%2F11nbz_pzjv!17BQ0FF!19sChIJPSburLupGA0RclmwK8UC0RQ?authuser=0&hl=pt-BR&rclk=1,No,,
Centro de Acolhimento Escutista (CAE) do Valado dos Frades,,'+351917528402,"R. Luis Monterroso 61, 2450-378 Valado dos Frades, Portugal","4,4",,PT,R. Luis Monterroso 61,39.5901723,-9.01744,"Hospedaria in Leiria, Portugal",https://www.google.com/maps/place/Centro+de+Acolhimento+Escutista+%28CAE%29+do+Valado+dos+Frades/data=!4m7!3m6!1s0xd18a87e1bfab243:0x39931cf2a1cc14f!8m2!3d39.5901723!4d-9.01744!16s%2Fg%2F11c1qxlmnc!19sChIJQ7L6G36oGA0RT8EcKs8xmQM?authuser=0&hl=pt-BR&rclk=1,No,Hospedaria,
Restaurante Casa das Febras B&B,,'+351244765825,"Largo 14 de Agosto de 1385 5A, 2440-105 Batalha, Portugal","3,5",,PT,Largo 14 de Agosto de 1385 5A,39.6580928,-8.8232547,"Hospedaria in Leiria, Portugal",https://www.google.com/maps/place/Restaurante+Casa+das+Febras+B%26B/data=!4m7!3m6!1s0xd2275450583cd71:0xcb99d0e8eb5c4725!8m2!3d39.6580928!4d-8.8232547!16s%2Fg%2F1tgljlcy!19sChIJcc2DBUV1Ig0RJUdc6-jQmcs?authuser=0&hl=pt-BR&rclk=1,No,Hospedaria,
Quinta da Lebre - Fátima,,,"Estrada Vale daLebre, 2495-551 Fátima, Portugal","4,9",,PT,Estrada Vale daLebre,39.6085493,-8.6334646,"Hospedaria in Leiria, Portugal",https://www.google.com/maps/place/Quinta+da+Lebre+-+F%C3%A1tima/data=!4m10!3m9!1s0xd18831744944fcb:0xf2ffdd846a2cfbe1!5m2!4m1!1i2!8m2!3d39.6085493!4d-8.6334646!16s%2Fg%2F11f4wv333w!19sChIJy0-URBeDGA0R4fssaoTd__I?authuser=0&hl=pt-BR&rclk=1,No,,
Hotel São Jorge,,'+351244769710,"Estrada Nacional 1, IC2, 2440-477 Batalha, Portugal","4,4",,PT,IC2,39.6468848,-8.8410655,"Hospedaria in Leiria, Portugal",https://www.google.com/maps/place/Hotel+S%C3%A3o+Jorge/data=!4m10!3m9!1s0xd18a0075ced89a5:0x2b9d5d44304f9bc2!5m2!4m1!1i2!8m2!3d39.6468848!4d-8.8410655!16s%2Fg%2F1w113fph!19sChIJpYntXAegGA0RwptPMERdnSs?authuser=0&hl=pt-BR&rclk=1,No,,
Montebelo Mosteiro de Alcobaça Historic Hotel,,,"R. Silvério Raposo 2, 2460-075 Alcobaça, Portugal","4,7",,PT,R. Silvério Raposo 2,39.548466,-8.977475,"Hotel de 5 estrelas in Leiria, Portugal",https://www.google.com/maps/place/Montebelo+Mosteiro+de+Alcoba%C3%A7a+Historic+Hotel/data=!4m10!3m9!1s0xd18a5d71bb63f67:0x33b17362ccbd8992!5m2!4m1!1i2!8m2!3d39.548466!4d-8.977475!16s%2Fg%2F11tdqvzwv5!19sChIJZz-2G9elGA0Rkom9zGJzsTM?authuser=0&hl=pt-BR&rclk=1,No,,
TRYP by Wyndham Leiria Hotel,,,"R. do Arrabalde da Ponte, 2415-520 Leiria, Portugal","4,5",,PT,R. do Arrabalde da Ponte,39.753679,-8.813131,"Hotel de 4 estrelas in Leiria, Portugal",https://www.google.com/maps/place/TRYP+by+Wyndham+Leiria+Hotel/data=!4m10!3m9!1s0xd227315e6b1509b:0x8a5a31e51abd1ad!5m2!4m1!1i2!8m2!3d39.753679!4d-8.813131!16s%2Fg%2F11gmwt_xhy!19sChIJm1Cx5hVzIg0RrdGrUR6jpQg?authuser=0&hl=pt-BR&rclk=1,No,,
Glass Boutique - Rooms & Suites,,'+351939443796,"R. Dr. Pedro Viana 21, 2430-253 Marinha Grande, Portugal","4,6",,PT,R. Dr. Pedro Viana 21,39.7508637,-8.9325545,"Hotel de 4 estrelas in Leiria, Portugal",https://www.google.com/maps/place/Glass+Boutique+-+Rooms+%26+Suites/data=!4m10!3m9!1s0xd220e84d940a7d9:0x1bbfc8da52d04731!5m2!4m1!1i2!8m2!3d39.7508637!4d-8.9325545!16s%2Fg%2F11h55bp1c_!19sChIJ2adA2YQOIg0RMUfQUtrIvxs?authuser=0&hl=pt-BR&rclk=1,No,,
RC - Alcobaça Villa,,'+351960108462,"Largo do Freixo 6, 2460-391 Coz, Portugal","4,4",,PT,Largo do Freixo 6,39.5980682,-8.9431718,"Hotel de 4 estrelas in Leiria, Portugal",https://www.google.com/maps/place/RC+-+Alcoba%C3%A7a+Villa/data=!4m10!3m9!1s0xd18a720fd4adc4b:0x9058a037c5de064f!5m2!4m1!1i2!8m2!3d39.5980682!4d-8.9431718!16s%2Fg%2F11dz5rc8d5!19sChIJS9xK_SCnGA0RTwbexTegWJA?authuser=0&hl=pt-BR&rclk=1,No,,
Hotel Cristal Praia Resort & Spa,,'+351244699061,"Av. Marginal, 2430-505 Marinha Grande, Portugal","1,0",1,PT,Av. Marginal,39.7588438,-9.0321433,"Hotel Resort in Leiria, Portugal",https://www.google.com/maps/place/Hotel+Cristal+Praia+Resort+%26+Spa/data=!4m10!3m9!1s0xd220573a023b54d:0x6e9922cd743dc0de!5m2!4m1!1i2!8m2!3d39.7588438!4d-9.0321433!16s%2Fg%2F11ykmpnswy!19sChIJTbUjoHMFIg0R3sA9dM0imW4?authuser=0&hl=pt-BR&rclk=1,No,,
Nazaré Praia do Norte,,,"2450-216 Nazaré, Portugal","4,8",,PT,,39.6012147,-9.0700991,"Hospedagem domiciliar in Leiria, Portugal",https://www.google.com/maps/place/Nazar%C3%A9+Praia+do+Norte/data=!4m7!3m6!1s0xd18a9968217dc91:0xd2279e57739d66c6!8m2!3d39.6012147!4d-9.0700991!16s%2Fg%2F11t9ww3423!19sChIJkdwXgpapGA0Rxmadc1eeJ9I?authuser=0&hl=pt-BR&rclk=1,No,Hospedagem domiciliar,
Dilip house,,,"R. das Andorinhas 72, 2430-320 Marinha Grande, Portugal","5,0",1,PT,R. das Andorinhas 72,39.7371527,-8.9148347,"Hospedagem domiciliar in Leiria, Portugal",https://www.google.com/maps/place/Dilip+house/data=!4m7!3m6!1s0xd220d000311a06f:0x647bfcff34fccdd5!8m2!3d39.7371527!4d-8.9148347!16s%2Fg%2F11z13ggs5_!19sChIJb6ARAwANIg0R1c38NP_8e2Q?authuser=0&hl=pt-BR&rclk=1,No,Hospedagem domiciliar,
Alojamento,,,"Estr. Nossa Sra. do Amparo 45, 2415-526 Leiria, Portugal","1,0",1,PT,Estr. Nossa Sra. do Amparo 45,39.7567269,-8.8083794,"Hospedagem domiciliar in Leiria, Portugal",https://www.google.com/maps/place/Alojamento/data=!4m7!3m6!1s0xd227300724024f5:0xfabbb6adc2131959!8m2!3d39.7567269!4d-8.8083794!16s%2Fg%2F11m_6685z6!19sChIJ9SRAcgBzIg0RWRkTwq22u_o?authuser=0&hl=pt-BR&rclk=1,No,Hospedagem domiciliar,
Meirinhas,,,"R. Familiar 12, 3105-239, Portugal","5,0",,PT,R. Familiar 12,39.843231,-8.7070811,"Hospedagem domiciliar in Leiria, Portugal",https://www.google.com/maps/place/Meirinhas/data=!4m7!3m6!1s0xd226ff4d9eceaef:0xeecb1a349230a58c!8m2!3d39.843231!4d-8.7070811!16s%2Fg%2F11sz4965pl!19sChIJ7-rs2fRvIg0RjKUwkjQay-4?authuser=0&hl=pt-BR&rclk=1,No,Hospedagem domiciliar,
APT Nazaré,,,"Rua Casa Museu do Pescador, 2450-106 Nazaré, Portugal","4,8",,PT,Rua Casa Museu do Pescador,39.6001069,-9.069139,"Hospedagem domiciliar in Leiria, Portugal",https://www.google.com/maps/place/APT+Nazar%C3%A9/data=!4m10!3m9!1s0xd18a95cdcc39cf1:0x38af796446d58b08!5m2!4m1!1i2!8m2!3d39.6001069!4d-9.069139!16s%2Fg%2F11l6_97jzt!19sChIJ8ZzD3FypGA0RCIvVRmR5rzg?authuser=0&hl=pt-BR&rclk=1,No,,
Coralia e Rosa,,,"R. dos Pescadores 39, 2450-206 Nazaré, Portugal","5,0",1,PT,R. dos Pescadores 39,39.5992515,-9.0717851,"Hospedagem domiciliar in Leiria, Portugal",https://www.google.com/maps/place/Coralia+e+Rosa/data=!4m7!3m6!1s0xd18a900545b7fe9:0xffd6b7908781a29c!8m2!3d39.5992515!4d-9.0717851!16s%2Fg%2F11zdcfz9y6!19sChIJ6X9bVACpGA0RnKKBh5C31v8?authuser=0&hl=pt-BR&rclk=1,No,Hospedagem domiciliar,
Alojamento local onde vamos ficar,,,"N1 47 29, 2400-137 Leiria, Portugal",,,PT,N1 47 29,39.7425574,-8.8083964,"Hospedagem domiciliar in Leiria, Portugal",https://www.google.com/maps/place/Alojamento+local+onde+vamos+ficar/data=!4m7!3m6!1s0xd227300788a96d5:0xc85d8290908b8e0d!8m2!3d39.7425574!4d-8.8083964!16s%2Fg%2F11n4wx76tp!19sChIJ1ZaKeABzIg0RDY6LkJCCXcg?authuser=0&hl=pt-BR&rclk=1,No,Hospedagem domiciliar,
Casa Atlantico - Ocean View Balcony,,,"R. Dr. António Duarte Pimpão 37 11F, 2450-170 Nazaré, Portugal","5,0",1,PT,R. Dr. António Duarte Pimpão 37 11F,39.60583,-9.0695503,"Hospedagem domiciliar in Leiria, Portugal",https://www.google.com/maps/place/Casa+Atlantico+-+Ocean+View+Balcony/data=!4m7!3m6!1s0xd18a9aae18fae49:0xb302e45cfc128e27!8m2!3d39.60583!4d-9.0695503!16s%2Fg%2F11rvc28y4z!19sChIJSa6P4aqpGA0RJ44S_FzkArM?authuser=0&hl=pt-BR&rclk=1,No,Hospedagem domiciliar,
Casa da Poesia,,,"Rua Academia Antero Nobre, Cruz Da Légua 3, Portugal","5,0",1,PT,Rua Academia Antero Nobre,39.6002665,-8.8769388,"Hospedagem domiciliar in Leiria, Portugal",https://www.google.com/maps/place/Casa+da+Poesia/data=!4m10!3m9!1s0xd18a1004a1e321b:0xd04407ebdae957c!5m2!4m1!1i2!8m2!3d39.6002665!4d-8.8769388!16s%2Fg%2F11vt8v_zq4!19sChIJGzIeSgChGA0RfJWuvX5ABA0?authuser=0&hl=pt-BR&rclk=1,No,,
Refúgio do Sossego - Alojamento Local,,'+351914360536,"R. de Santa Ana, 2495-425 Fátima, Portugal","5,0",1,PT,R. de Santa Ana,39.6299595,-8.6700814,"Hospedagem domiciliar in Leiria, Portugal",https://www.google.com/maps/place/Ref%C3%BAgio+do+Sossego+-+Alojamento+Local/data=!4m7!3m6!1s0xd189dab8752ba5d:0xa2dfe1d6c296889a!8m2!3d39.6299595!4d-8.6700814!16s%2Fg%2F11vlgpb1pp!19sChIJXbpSh6udGA0RmoiWwtbh36I?authuser=0&hl=pt-BR&rclk=1,No,Hospedagem domiciliar,
Old Dream,,,"2450-267 Nazaré, Portugal","4,8",,PT,,39.6014979,-9.0721802,"Hospedagem domiciliar in Leiria, Portugal",https://www.google.com/maps/place/Old+Dream/data=!4m10!3m9!1s0xd18a9fa56fcfd67:0x27af9fb03a5f1d3c!5m2!4m1!1i2!8m2!3d39.6014979!4d-9.0721802!16s%2Fg%2F11v6fqdrs_!19sChIJZ_38VvqpGA0RPB1fOrCfryc?authuser=0&hl=pt-BR&rclk=1,No,,
Casa de Gena,,'+351917384517,"R. Abel da Silva 14, 2450-060 Nazaré, Portugal","5,0",,PT,R. Abel da Silva 14,39.5978391,-9.0647861,"Hospedagem domiciliar in Leiria, Portugal",https://www.google.com/maps/place/Casa+de+Gena/data=!4m10!3m9!1s0xd18a9007d960db7:0x464adf0479b5a433!5m2!4m1!1i2!8m2!3d39.5978391!4d-9.0647861!16s%2Fg%2F11xr_z1gw2!19sChIJtw2WfQCpGA0RM6S1eQTfSkY?authuser=0&hl=pt-BR&rclk=1,No,,
Souteria,,,"Rua Central 47, 2435-479 Olival, Portugal","5,0",,PT,Rua Central 47,39.6896196,-8.6028622,"Hospedagem domiciliar in Leiria, Portugal",https://www.google.com/maps/place/Souteria/data=!4m7!3m6!1s0xd227939a28c74d9:0x52a70478eff33c02!8m2!3d39.6896196!4d-8.6028622!16s%2Fg%2F11qgl5nnrk!19sChIJ2XSMojl5Ig0RAjzz73gEp1I?authuser=0&hl=pt-BR&rclk=1,No,Hospedagem domiciliar,
Flowers Apt,,,"Rua Casa Museu do Pescador, 2450-106 Nazaré, Portugal","3,0",1,PT,Rua Casa Museu do Pescador,39.6005194,-9.069102,"Hospedagem domiciliar in Leiria, Portugal",https://www.google.com/maps/place/Flowers+Apt/data=!4m7!3m6!1s0xd18a982cefc7aaf:0x2effa509b26b7dee!8m2!3d39.6005194!4d-9.069102!16s%2Fg%2F11vldsnrvs!19sChIJr3r8zoKpGA0R7n1rsgml_y4?authuser=0&hl=pt-BR&rclk=1,No,Hospedagem domiciliar,
Casa leiria,,,"R. Cidade de São Felipe 81, Leiria, Portugal",,,PT,R. Cidade de São Felipe 81,39.7438688,-8.7989464,"Hospedagem domiciliar in Leiria, Portugal",https://www.google.com/maps/place/Casa+leiria/data=!4m7!3m6!1s0xd2273003e9f46fb:0xc33c61d54e31674e!8m2!3d39.7438688!4d-8.7989464!16s%2Fg%2F11ntk4dblx!19sChIJ-0afPgBzIg0RTmcxTtVhPMM?authuser=0&hl=pt-BR&rclk=1,No,Hospedagem domiciliar,
Scorpions house,,,"R. Pero Alvito 312400 208, 2400-208 Leiria, Portugal",,,PT,R. Pero Alvito 312400 208,39.748153,-8.806877,"Hospedagem domiciliar in Leiria, Portugal",https://www.google.com/maps/place/Scorpions+house/data=!4m7!3m6!1s0xd22730069e8dca1:0x4b817597cc6a00e2!8m2!3d39.748153!4d-8.806877!16s%2Fg%2F11wfhq0yh8!19sChIJodzoaQBzIg0R4gBqzJd1gUs?authuser=0&hl=pt-BR&rclk=1,No,Hospedagem domiciliar,
Appartement,,,"Beco de Olivença 29A, 2450-109 Nazaré, Portugal",,,PT,Beco de Olivença 29A,39.6018563,-9.0680439,"Hospedagem domiciliar in Leiria, Portugal",https://www.google.com/maps/place/Appartement/data=!4m7!3m6!1s0xd18a900700547a5:0x7dfaae751c44633a!8m2!3d39.6018563!4d-9.0680439!16s%2Fg%2F11xrk_vxt4!19sChIJpUcFcACpGA0ROmNEHHWu-n0?authuser=0&hl=pt-BR&rclk=1,No,Hospedagem domiciliar,
Pataias,,,"R. do Vale Furado 60, 2445-284 Pataias, Portugal",,,PT,R. do Vale Furado 60,39.6714359,-9.00946,"Hospedagem domiciliar in Leiria, Portugal",https://www.google.com/maps/place/Pataias/data=!4m7!3m6!1s0xd22090069a5e889:0xfd82318a28544399!8m2!3d39.6714359!4d-9.00946!16s%2Fg%2F11ntsx0yxw!19sChIJieilaQAJIg0RmUNUKIoxgv0?authuser=0&hl=pt-BR&rclk=1,No,Hospedagem domiciliar,
Quinta Val do Urso,,,"Beco val do urso, Carcavelos de Baixo, 2435-427 Ourém, Portugal","4,0",1,PT,Carcavelos de Baixo,39.7074787,-8.5666827,"Hospedagem domiciliar in Leiria, Portugal",https://www.google.com/maps/place/Quinta+Val+do+Urso/data=!4m7!3m6!1s0xd227faaf1505525:0x26678b41de2758af!8m2!3d39.7074787!4d-8.5666827!16s%2Fg%2F11gl0t7y4r!19sChIJJVVQ8ap_Ig0Rr1gn3kGLZyY?authuser=0&hl=pt-BR&rclk=1,No,Hospedagem domiciliar,
Ocean Getaway,,,"R. Branco Martins 9, 2450-106 Nazaré, Portugal",,,PT,R. Branco Martins 9,39.5926697,-9.0718228,"Hospedagem domiciliar in Leiria, Portugal",https://www.google.com/maps/place/Ocean+Getaway/data=!4m7!3m6!1s0xd18a9f3562e96d5:0x7e0f9a994c8fb290!8m2!3d39.5926697!4d-9.0718228!16s%2Fg%2F11sw2wv0y6!19sChIJ1ZYuVvOpGA0RkLKPTJmaD34?authuser=0&hl=pt-BR&rclk=1,No,Hospedagem domiciliar,
Resort Brejo City,,,"R. do Brejo 11, 2400-765 Amor, Portugal",,,PT,R. do Brejo 11,39.8107474,-8.9008875,"Hospedagem domiciliar in Leiria, Portugal",https://www.google.com/maps/place/Resort+Brejo+City/data=!4m7!3m6!1s0xd22130046a73b71:0x3ed048a92cab3e58!8m2!3d39.8107474!4d-8.9008875!16s%2Fg%2F11nhmd7gdc!19sChIJcTunRgATIg0RWD6rLKlI0D4?authuser=0&hl=pt-BR&rclk=1,No,Hospedagem domiciliar,
Rua Ribeiro Do Tordo 183,,,"R. Ribeiro do Tordo 183, Pelmá, Portugal",,,PT,R. Ribeiro do Tordo 183,39.797154,-8.4597053,"Hospedagem domiciliar in Leiria, Portugal",https://www.google.com/maps/place/Rua+Ribeiro+Do+Tordo+183/data=!4m7!3m6!1s0xd2287006fcf3655:0xe29fa6d372022752!8m2!3d39.797154!4d-8.4597053!16s%2Fg%2F11z4mj7xgs!19sChIJVTbPbwCHIg0RUicCctOmn-I?authuser=0&hl=pt-BR&rclk=1,No,Hospedagem domiciliar,
Volta de Mar,,,"Av. Vieira Guimarães 31, 2450-110 Nazaré, Portugal",,,PT,Av. Vieira Guimarães 31,39.5987722,-9.0716591,"Hospedagem domiciliar in Leiria, Portugal",https://www.google.com/maps/place/Volta+de+Mar/data=!4m7!3m6!1s0xd18a9005b432127:0x65e34b8fa9ead0d2!8m2!3d39.5987722!4d-9.0716591!16s%2Fg%2F11zchwvc0y!19sChIJJyFDWwCpGA0R0tDqqY9L42U?authuser=0&hl=pt-BR&rclk=1,No,Hospedagem domiciliar,
Milena's Bedroom,,,"R. 3 de Setembro 45, 2450-275 Nazaré, Portugal",,,PT,R. 3 de Setembro 45,39.6006336,-9.0722156,"Hospedagem domiciliar in Leiria, Portugal",https://www.google.com/maps/place/Milena%27s+Bedroom/data=!4m7!3m6!1s0xd18a9001d4aba9d:0xeba7c07ce6a89309!8m2!3d39.6006336!4d-9.0722156!16s%2Fg%2F11z56xfmhg!19sChIJnbpKHQCpGA0RCZOo5nzAp-s?authuser=0&hl=pt-BR&rclk=1,No,Hospedagem domiciliar,
Ana Matos,,,"Estr. de Pataias 23, Alpedriz, Portugal",,,PT,Estr. de Pataias 23,39.6387116,-8.9626083,"Hospedagem domiciliar in Leiria, Portugal",https://www.google.com/maps/place/Ana+Matos/data=!4m7!3m6!1s0xd2209000bf0e029:0x366510dc4d84f8a1!8m2!3d39.6387116!4d-8.9626083!16s%2Fg%2F11zb3c7hbq!19sChIJKeDwCwAJIg0RofiETdwQZTY?authuser=0&hl=pt-BR&rclk=1,No,Hospedagem domiciliar,
ibis Leiria Fatima,,,"Quinta Do Taborda - Lote 56, Nº De Registo:299, Av. Nossa Senhora de Fátima, 2410-250 Leiria, Portugal","3,9",,PT,Av. Nossa Senhora de Fátima,39.735949,-8.79971,"Hotel de 2 estrelas in Leiria, Portugal",https://www.google.com/maps/place/ibis+Leiria+Fatima/data=!4m10!3m9!1s0xd22737bbd386997:0xe49412d10713eec0!5m2!4m1!1i2!8m2!3d39.735949!4d-8.79971!16s%2Fg%2F1tjt36fd!19sChIJl2k4vXtzIg0RwO4TB9ESlOQ?authuser=0&hl=pt-BR&rclk=1,No,,
Vivenda Azevedo,,'+351919589323,"Vivenda Azevedo Nª 36, R. da Serração, 2450-065 Nazaré, Portugal","3,8",,PT,R. da Serração,39.6084107,-9.0712476,"Hotel de 2 estrelas in Leiria, Portugal",https://www.google.com/maps/place/Vivenda+Azevedo/data=!4m10!3m9!1s0xd18a9c703cf2361:0xc478bf2eef1b629f!5m2!4m1!1i2!8m2!3d39.6084107!4d-9.0712476!16s%2Fg%2F11dfgsz8ln!19sChIJYSPPA8epGA0Rn2Ib7y6_eMQ?authuser=0&hl=pt-BR&rclk=1,No,,
Casa Branca Pinhal,,,"Vivenda Olavo, Est. do Pinhal 1, 2450-065 Nazaré, Portugal","4,4",,PT,Est. do Pinhal 1,39.6102238,-9.0726874,"Hotel de 2 estrelas in Leiria, Portugal",https://www.google.com/maps/place/Casa+Branca+Pinhal/data=!4m10!3m9!1s0xd18a9c6bef73c09:0x6fedca8edf2cf553!5m2!4m1!1i2!8m2!3d39.6102238!4d-9.0726874!16s%2Fg%2F11c55km9h2!19sChIJCTz3vsapGA0RU_Us347K7W8?authuser=0&hl=pt-BR&rclk=1,No,,
Casa da Pedra - Alojamento Local,,,"R. do Carrasco 68, Alvados, Portugal",,,PT,R. do Carrasco 68,39.5484947,-8.7612551,"Albergue in Leiria, Portugal",https://www.google.com/maps/place/Casa+da+Pedra+-+Alojamento+Local/data=!4m10!3m9!1s0xd18990002c1f005:0x71ff4cddeadf4599!5m2!4m1!1i2!8m2!3d39.5484947!4d-8.7612551!16s%2Fg%2F11z78pgzjh!19sChIJBfDBAgCZGA0RmUXf6t1M_3E?authuser=0&hl=pt-BR&rclk=1,No,,
Casa das Tertúlias,,,"R. Dom Afonso Henriques 36, 2400-097 Leiria, Portugal","5,0",,PT,R. Dom Afonso Henriques 36,39.7453442,-8.8092872,"Albergue in Leiria, Portugal",https://www.google.com/maps/place/Casa+das+Tert%C3%BAlias/data=!4m10!3m9!1s0xd227300622c17cf:0xf524084018e63e70!5m2!4m1!1i2!8m2!3d39.7453442!4d-8.8092872!16s%2Fg%2F11yc5n_l1y!19sChIJzxcsYgBzIg0RcD7mGEAIJPU?authuser=0&hl=pt-BR&rclk=1,No,,
Casa Senhor dos Passos,,'+351968659511,"Urbanização Pedralva, R. Sr. dos Passos 9, 2450-076 Nazaré, Portugal","4,4",,PT,R. Sr. dos Passos 9,39.6012624,-9.0654159,"Albergue in Leiria, Portugal",https://www.google.com/maps/place/Casa+Senhor+dos+Passos/data=!4m10!3m9!1s0xd18a9b0d5b85453:0xe7a2fba2afa35939!5m2!4m1!1i2!8m2!3d39.6012624!4d-9.0654159!16s%2Fg%2F11cs6vf4tt!19sChIJU1S41bCpGA0ROVmjr6L7ouc?authuser=0&hl=pt-BR&rclk=1,No,,
CASA AMARELA,,'+351244102855,"R. Marquês de Pombal 36, 2430-244 Marinha Grande, Portugal","3,4",,PT,R. Marquês de Pombal 36,39.7502056,-8.9320653,"Albergue in Leiria, Portugal",https://www.google.com/maps/place/CASA+AMARELA/data=!4m10!3m9!1s0xd220e84cd909e5b:0xafdb2bfe1aee9370!5m2!4m1!1i2!8m2!3d39.7502056!4d-8.9320653!16s%2Fg%2F11f04d0179!19sChIJW56QzYQOIg0RcJPuGv4r268?authuser=0&hl=pt-BR&rclk=1,No,,
Casa Ana,,,"R. de Moisés 8, 2450-060 Nazaré, Portugal","4,8",,PT,R. de Moisés 8,39.6010198,-9.0613127,"Albergue in Leiria, Portugal",https://www.google.com/maps/place/Casa+Ana/data=!4m10!3m9!1s0xd18a9878728de59:0x699de7dd813bda12!5m2!4m1!1i2!8m2!3d39.6010198!4d-9.0613127!16s%2Fg%2F11rft7364x!19sChIJWd4oh4epGA0REto7gd3nnWk?authuser=0&hl=pt-BR&rclk=1,No,,
Carepa SUITES,,'+351966530111,"Região Centro, R. Azinhaga do Escorrega, 2450-135 Nazaré, Portugal","4,5",,PT,R. Azinhaga do Escorrega,39.6023563,-9.0701004,"Albergue in Leiria, Portugal",https://www.google.com/maps/place/Carepa+SUITES/data=!4m10!3m9!1s0xd18a9b9bd7fed87:0xd14f6e4295f8afc4!5m2!4m1!1i2!8m2!3d39.6023563!4d-9.0701004!16s%2Fg%2F11tfn2nn02!19sChIJh-1_vbmpGA0RxK_4lUJuT9E?authuser=0&hl=pt-BR&rclk=1,No,,
Casa Camila,,'+351915310000,"Região Centro PT, R. da Lameira nº18, 2415-513 Leiria, Portugal",,,PT,R. da Lameira nº18,39.7609452,-8.8048475,"Albergue in Leiria, Portugal",https://www.google.com/maps/place/Casa+Camila/data=!4m10!3m9!1s0xd22731a94bedc1f:0x2a83e7a9fe9df3dc!5m2!4m1!1i2!8m2!3d39.7609452!4d-8.8048475!16s%2Fg%2F11h4trlk4j!19sChIJH9y-lBpzIg0R3POd_qnngyo?authuser=0&hl=pt-BR&rclk=1,No,,
Casa do Pastana,,,"Estrada dos Peregrinos 17, Albarrol, 3240-582, Portugal","4,8",,PT,Albarrol,39.8950551,-8.4451842,"Albergue in Leiria, Portugal",https://www.google.com/maps/place/Casa+do+Pastana/data=!4m10!3m9!1s0xd2289002a7b2901:0xe13349870935b4a0!5m2!4m1!1i2!8m2!3d39.8950551!4d-8.4451842!16s%2Fg%2F11w1x29w8f!19sChIJASl7KgCJIg0RoLQ1CYdJM-E?authuser=0&hl=pt-BR&rclk=1,No,,
Apartamentos Quebra-Mar 3,,,"R. da Estiva, 2450-172 Nazaré, Portugal","4,2",,PT,R. da Estiva,39.5977273,-9.0714859,"Albergue in Leiria, Portugal",https://www.google.com/maps/place/Apartamentos+Quebra-Mar+3/data=!4m10!3m9!1s0xd18a997aa0ae255:0xc3ff9ac2e166b877!5m2!4m1!1i2!8m2!3d39.5977273!4d-9.0714859!16s%2Fg%2F11l28swp4m!19sChIJVeIKqpepGA0Rd7hm4cKa_8M?authuser=0&hl=pt-BR&rclk=1,No,,
Cantinho do Século,,,"Av. do Município 28, 2450-108 Nazaré, Portugal",,,PT,Av. do Município 28,39.5966458,-9.0685534,"Albergue in Leiria, Portugal",https://www.google.com/maps/place/Cantinho+do+S%C3%A9culo/data=!4m10!3m9!1s0xd18a900336c1b59:0x1626d7f84e88eb45!5m2!4m1!1i2!8m2!3d39.5966458!4d-9.0685534!16s%2Fg%2F11yd0ntnwf!19sChIJWRtsMwCpGA0RReuITvjXJhY?authuser=0&hl=pt-BR&rclk=1,No,,
Avó Laura - Rooms low cost,,'+351934657061,"R. Adrião Batalha 117, 2450-000 Nazaré, Portugal","4,0",,PT,R. Adrião Batalha 117,39.6014214,-9.0707806,"Albergue in Leiria, Portugal",https://www.google.com/maps/place/Av%C3%B3+Laura+-+Rooms+low+cost/data=!4m10!3m9!1s0xd18a9b983c98601:0x5f176b895d84b874!5m2!4m1!1i2!8m2!3d39.6014214!4d-9.0707806!16s%2Fg%2F11fd_syqy9!19sChIJAYbJg7mpGA0RdLiEXYlrF18?authuser=0&hl=pt-BR&rclk=1,No,,
Home by the sea,,,"Av. Manuel Remígio 1, 2450-172 Nazaré, Portugal","4,9",,PT,Av. Manuel Remígio 1,39.5915197,-9.0728498,"Albergue in Leiria, Portugal",https://www.google.com/maps/place/Home+by+the+sea/data=!4m10!3m9!1s0xd18a95b709ed29f:0xec2e27f611297c78!5m2!4m1!1i2!8m2!3d39.5915197!4d-9.0728498!16s%2Fg%2F11tdb1wwct!19sChIJn9KecFupGA0ReHwpEfYnLuw?authuser=0&hl=pt-BR&rclk=1,No,,
Blue Boat House,,,"Av. Circular Norte, 2450-159 Nazaré, Portugal","5,0",1,PT,Av. Circular Norte,39.6032482,-9.0692976,"Albergue in Leiria, Portugal",https://www.google.com/maps/place/Blue+Boat+House/data=!4m10!3m9!1s0xd18a9e346ee7f99:0xcf9a059638e44727!5m2!4m1!1i2!8m2!3d39.6032482!4d-9.0692976!16s%2Fg%2F11sr7jc6r9!19sChIJmX_uRuOpGA0RJ0fkOJYFms8?authuser=0&hl=pt-BR&rclk=1,No,,
ALLUZ - chalet by the sea,,,"Av. da Republica 6, 2450-104 Nazaré, Portugal","5,0",,PT,Av. da Republica 6,39.6023419,-9.0740734,"Albergue in Leiria, Portugal",https://www.google.com/maps/place/ALLUZ+-+chalet+by+the+sea/data=!4m10!3m9!1s0xd18a9002d6e2e5d:0xc24e8ecc5a7615cc!5m2!4m1!1i2!8m2!3d39.6023419!4d-9.0740734!16s%2Fg%2F11ntp6nb1m!19sChIJXS5uLQCpGA0RzBV2WsyOTsI?authuser=0&hl=pt-BR&rclk=1,No,,
Casa Marques.,,'+351911996196,"R. A 3, 2450-115 Nazaré, Portugal","3,8",,PT,R. A 3,39.5987278,-9.0691078,"Albergue in Leiria, Portugal",https://www.google.com/maps/place/Casa+Marques./data=!4m10!3m9!1s0xd18a90e8ef0a843:0x960eafe5eb20c889!5m2!4m1!1i2!8m2!3d39.5987278!4d-9.0691078!16s%2Fg%2F11p64kn3b9!19sChIJQ6jwjg6pGA0Ricgg6-WvDpY?authuser=0&hl=pt-BR&rclk=1,No,,
Tomar Countryside Retreat for Family & Friends,,,"2305-432 Tomar, Portugal",,,PT,,39.5950149,-8.4442281,"Albergue in Leiria, Portugal",https://www.google.com/maps/place/Tomar+Countryside+Retreat+for+Family+%26+Friends/data=!4m10!3m9!1s0xd187dbd9ea256c7:0xbfca81365ccaa18c!5m2!4m1!1i2!8m2!3d39.5950149!4d-8.4442281!16s%2Fg%2F11j1rkgtkq!19sChIJx1ainr19GA0RjKHKXDaByr8?authuser=0&hl=pt-BR&rclk=1,No,,
Residencial Casa Belmonte,,'+351213521666,"Av. Duque de Loulé 95, 1050-045 Lisboa, Portugal","4,5",,PT,Av. Duque de Loulé 95,38.7260707,-9.1475828,"Hotel de 3 estrelas in Setúbal, Portugal",https://www.google.com/maps/place/Residencial+Casa+Belmonte/data=!4m10!3m9!1s0xd1933764ef9886b:0xf3cc9524b37d8c52!5m2!4m1!1i2!8m2!3d38.7260707!4d-9.1475828!16s%2Fg%2F1tfkgvbt!19sChIJa4j5TnYzGQ0RUox9sySVzPM?authuser=0&hl=pt-BR&rclk=1,No,,
Lagoa de Albufeira,,,"R. Das Rosas 28, Lagoa de Albufeira, 2970-405, Portugal","5,0",1,PT,Lagoa de Albufeira,38.4980995,-9.1728243,"Hospedagem domiciliar in Setúbal, Portugal",https://www.google.com/maps/place/Lagoa+de+Albufeira/data=!4m7!3m6!1s0xd194d0071ae060f:0x74266bbe2c5436d8!8m2!3d38.4980995!4d-9.1728243!16s%2Fg%2F11nq0f6j3t!19sChIJDwaucQBNGQ0R2DZULL5rJnQ?authuser=0&hl=pt-BR&rclk=1,No,Hospedagem domiciliar,
Casa da Banya,,'+351964798319,"R. Isadora Duncan 24A, Caparica, Portugal","4,9",,PT,R. Isadora Duncan 24A,38.6417018,-9.2122117,"Hospedagem domiciliar in Setúbal, Portugal",https://www.google.com/maps/place/Casa+da+Banya/data=!4m7!3m6!1s0xd1ecb006eee6df7:0x1d0eeb526d8bc2a9!8m2!3d38.6417018!4d-9.2122117!16s%2Fg%2F11vpylm0qd!19sChIJ923ubgDLHg0RqcKLbVLrDh0?authuser=0&hl=pt-BR&rclk=1,No,Hospedagem domiciliar,
Srisa,,'+351920382994,"R. Dom Francisco Xavier de Noronha 5, 2800-088 Almada, Portugal","4,3",,PT,R. Dom Francisco Xavier de Noronha 5,38.6780549,-9.1591248,"Hospedagem domiciliar in Setúbal, Portugal",https://www.google.com/maps/place/Srisa/data=!4m7!3m6!1s0xd19359d2079c7ab:0x7b2258f00f8ca274!8m2!3d38.6780549!4d-9.1591248!16s%2Fg%2F11h59p4rdb!19sChIJq8d5IJ01GQ0RdKKMD_BYIns?authuser=0&hl=pt-BR&rclk=1,No,Hospedagem domiciliar,
Setúbal Downtown Blue,,,"Av. 5 de Outubro 107 109, 2900-312 Setúbal, Portugal","3,5",,PT,Av. 5 de Outubro 107 109,38.5254156,-8.8933051,"Hospedagem domiciliar in Setúbal, Portugal",https://www.google.com/maps/place/Set%C3%BAbal+Downtown+Blue/data=!4m10!3m9!1s0xd1943006bbf5c17:0xddce72f2eb6c864a!5m2!4m1!1i2!8m2!3d38.5254156!4d-8.8933051!16s%2Fg%2F11vq2hvh5m!19sChIJF1y_awBDGQ0RSoZs6_Jyzt0?authuser=0&hl=pt-BR&rclk=1,No,,
Arte da Beleza,,,"R. Padre Américo, 2810-193 Almada, Portugal","5,0",1,PT,R. Padre Américo,38.6584228,-9.1574459,"Hospedagem domiciliar in Setúbal, Portugal",https://www.google.com/maps/place/Arte+da+Beleza/data=!4m7!3m6!1s0xd1935003a990c8d:0x6efbe20f8dc9c866!8m2!3d38.6584228!4d-9.1574459!16s%2Fg%2F11yn9p8gvr!19sChIJjQyZOgA1GQ0RZsjJjQ_i-24?authuser=0&hl=pt-BR&rclk=1,No,Hospedagem domiciliar,
Unterkunft Lissabon,,,"Rua da Cruz de Santa Apolónia 86, 1170-394 Lisboa, Portugal",,,PT,Rua da Cruz de Santa Apolónia 86,38.7176287,-9.1212175,"Hospedagem domiciliar in Setúbal, Portugal",https://www.google.com/maps/place/Unterkunft+Lissabon/data=!4m7!3m6!1s0xd193300358776bf:0x492ce665c29f74a!8m2!3d38.7176287!4d-9.1212175!16s%2Fg%2F11zc__s0x3!19sChIJv3aHNQAzGQ0RSvcpXGbOkgQ?authuser=0&hl=pt-BR&rclk=1,No,Hospedagem domiciliar,
Lx Junior Apr,,,"Tv. Teixeira Júnior 17, 1300-553 Lisboa, Portugal","5,0",1,PT,Tv. Teixeira Júnior 17,38.7037579,-9.1778236,"Hospedagem domiciliar in Setúbal, Portugal",https://www.google.com/maps/place/Lx+Junior+Apr/data=!4m7!3m6!1s0xd19352f490906b5:0x4a2b1ad200dde2d3!8m2!3d38.7037579!4d-9.1778236!16s%2Fg%2F11rsc16cz6!19sChIJtQYJSS81GQ0R0-LdANIaK0o?authuser=0&hl=pt-BR&rclk=1,No,Hospedagem domiciliar,
Atlantic Blue,,,"R. de Almodôvar lote 183/184, Sol Tróia, Portugal","5,0",,PT,R. de Almodôvar lote 183/184,38.4556109,-8.8636883,"Hospedagem domiciliar in Setúbal, Portugal",https://www.google.com/maps/place/Atlantic+Blue/data=!4m7!3m6!1s0xd195d9d7a7a67e3:0xcc29dbb46e1e3dd6!8m2!3d38.4556109!4d-8.8636883!16s%2Fg%2F11vclpsp1q!19sChIJ42d6ep1dGQ0R1j0ebrTbKcw?authuser=0&hl=pt-BR&rclk=1,No,Hospedagem domiciliar,
Castillo CTG,,,"R. Castelo Branco Saraiva 81a, 1170-036 Lisboa, Portugal","4,7",,PT,R. Castelo Branco Saraiva 81a,38.7260679,-9.125615,"Hospedagem domiciliar in Setúbal, Portugal",https://www.google.com/maps/place/Castillo+CTG/data=!4m7!3m6!1s0xd19330022dcf09f:0x3bb829d820a58f70!8m2!3d38.7260679!4d-9.125615!16s%2Fg%2F11xmlt2jf7!19sChIJn_DcIgAzGQ0RcI-lINgpuDs?authuser=0&hl=pt-BR&rclk=1,No,Hospedagem domiciliar,
Fantastico em Alfama,,,"Tv. do Chão da Feira 7 4º, 1100-223 Lisboa, Portugal","4,5",,PT,Tv. do Chão da Feira 7 4º,38.7120805,-9.1320332,"Hospedagem domiciliar in Setúbal, Portugal",https://www.google.com/maps/place/Fantastico+em+Alfama/data=!4m7!3m6!1s0xd1935002c54c0a7:0x224787a2517696b!8m2!3d38.7120805!4d-9.1320332!16s%2Fg%2F11w3m0ymhj!19sChIJp8BULAA1GQ0Ra2kXJXp4JAI?authuser=0&hl=pt-BR&rclk=1,No,Hospedagem domiciliar,
Baixa Downtown Fabulous And Sophisticate Apartment,,,"Rua da Prata 99, 1100-161 Lisboa, Portugal","5,0",1,PT,Rua da Prata 99,38.7102372,-9.1367354,"Hospedagem domiciliar in Setúbal, Portugal",https://www.google.com/maps/place/Baixa+Downtown+Fabulous+And+Sophisticate+Apartment/data=!4m10!3m9!1s0xd1935788c2bc411:0xbe48b9acefe5b8ad!5m2!4m1!1i2!8m2!3d38.7102372!4d-9.1367354!16s%2Fg%2F11r99mmpgt!19sChIJEcQrjHg1GQ0Rrbjl76y5SL4?authuser=0&hl=pt-BR&rclk=1,No,,
Check in rooms,,,"Tv. da Piedade 23, 1200-420 Lisboa, Portugal",,,PT,Tv. da Piedade 23,38.7143752,-9.151297,"Hospedagem domiciliar in Setúbal, Portugal",https://www.google.com/maps/place/Check+in+rooms/data=!4m7!3m6!1s0xd1933560a6204a3:0xdb78524d80fc3ab4!8m2!3d38.7143752!4d-9.151297!16s%2Fg%2F11twdlq35p!19sChIJowRiClYzGQ0RtDr8gE1SeNs?authuser=0&hl=pt-BR&rclk=1,No,Hospedagem domiciliar,
apartment lisbon,,,"Poço do Borratém 15 Loja Nrº2D, 1100-034 Lisboa, Portugal","5,0",,PT,Poço do Borratém 15 Loja Nrº2D,38.7143381,-9.1364954,"Hospedagem domiciliar in Setúbal, Portugal",https://www.google.com/maps/place/apartment+lisbon/data=!4m7!3m6!1s0xd1933004f9f8afd:0x6fe557fad3b7335e!8m2!3d38.7143381!4d-9.1364954!16s%2Fg%2F11w3p0_9lv!19sChIJ_YqfTwAzGQ0RXjO30_pX5W8?authuser=0&hl=pt-BR&rclk=1,No,Hospedagem domiciliar,
Spotahome,,,"R. Duque de Palmela 27, 1Esq sala 5, 1250-097 Lisboa, Portugal",,,PT,1Esq sala 5,38.7236364,-9.1503682,"Hospedagem domiciliar in Setúbal, Portugal",https://www.google.com/maps/place/Spotahome/data=!4m7!3m6!1s0xd19330078288fe5:0x5b6b32b5d415a7d0!8m2!3d38.7236364!4d-9.1503682!16s%2Fg%2F11zd6gvh3b!19sChIJ5Y8oeAAzGQ0R0KcV1LUya1s?authuser=0&hl=pt-BR&rclk=1,No,Hospedagem domiciliar,
Maison Soledade,,'+351932520599,"R. Reserva Natural da Montanha do Pico 9, Corroios, Portugal","5,0",,PT,R. Reserva Natural da Montanha do Pico 9,38.5793132,-9.1497326,"Hospedagem domiciliar in Setúbal, Portugal",https://www.google.com/maps/place/Maison+Soledade/data=!4m7!3m6!1s0xd194b493c0b5f69:0xca68e4cbe8696e!8m2!3d38.5793132!4d-9.1497326!16s%2Fg%2F11t9wmr0lf!19sChIJaV8LPElLGQ0Rbmnoy-RoygA?authuser=0&hl=pt-BR&rclk=1,No,Hospedagem domiciliar,
Home,,'+351920336984,"R. da Metade 8, 1150-232 Lisboa, Portugal",,,PT,R. da Metade 8,38.7216075,-9.1441928,"Hospedagem domiciliar in Setúbal, Portugal",https://www.google.com/maps/place/Home/data=!4m7!3m6!1s0xd19330066e6d6eb:0x838430db8d45c9ee!8m2!3d38.7216075!4d-9.1441928!16s%2Fg%2F11z7n22prl!19sChIJ69bmZgAzGQ0R7slFjdswhIM?authuser=0&hl=pt-BR&rclk=1,No,Hospedagem domiciliar,
Hospedaria Senhora do Carmo,,'+351258825118,"R. Grande 70, 4900-542 Viana do Castelo, Portugal","3,9",,PT,R. Grande 70,41.6922557,-8.8277332,"Hospedaria in Barcelos, Portugal",https://www.google.com/maps/place/Hospedaria+Senhora+do+Carmo/data=!4m10!3m9!1s0xd25b62e56d2ab85:0xd2402c6eea6b58f7!5m2!4m1!1i2!8m2!3d41.6922557!4d-8.8277332!16s%2Fg%2F12vr7r3mx!19sChIJhavSVi62JQ0R91hr6m4sQNI?authuser=0&hl=pt-BR&rclk=1,No,,
Praca Camoes,,,"Praça Camões 309, 4935-580 Chafé, Portugal","4,5",,PT,Praça Camões 309,41.6474646,-8.817217,"Hospedaria in Barcelos, Portugal",https://www.google.com/maps/place/Praca+Camoes/data=!4m7!3m6!1s0xd25b5e90e8364fb:0x595fdff81c1b50c6!8m2!3d41.6474646!4d-8.817217!16s%2Fg%2F11c5zqx14d!19sChIJ-2SDDum1JQ0RxlAbHPjfX1k?authuser=0&hl=pt-BR&rclk=1,No,Hospedaria,
"""Encosta da Penha""",,,"Rua da Portela Urgezes, 4810-494 Guimarães, Portugal","4,6",,PT,Rua da Portela Urgezes,41.4316164,-8.2898311,"Hospedaria in Barcelos, Portugal",https://www.google.com/maps/place/%22Encosta+da+Penha%22/data=!4m7!3m6!1s0xd24efc880b23c85:0xb581a9816dc90fbd!8m2!3d41.4316164!4d-8.2898311!16s%2Fg%2F11c0r5t_rc!19sChIJhTyygMjvJA0RvQ_JbYGpgbU?authuser=0&hl=pt-BR&rclk=1,No,Hospedaria,
Apartamento AZURE,,'+351938412873,"Av. Central 261, 4935-580 Chafé, Portugal","5,0",1,PT,Av. Central 261,41.6474942,-8.8202282,"Hospedaria in Barcelos, Portugal",https://www.google.com/maps/place/Apartamento+AZURE/data=!4m7!3m6!1s0xd25b5eed118c2b7:0x2d603e696afc261b!8m2!3d41.6474942!4d-8.8202282!16s%2Fg%2F11c37l1pwb!19sChIJt8IY0e61JQ0RGyb8amk-YC0?authuser=0&hl=pt-BR&rclk=1,No,Hospedaria,
Amoure Hotel,,,"Av. da Câmara 22, 4730-304, Portugal","4,8",,PT,Av. da Câmara 22,41.637496,-8.476974,"Hotel de 5 estrelas in Barcelos, Portugal",https://www.google.com/maps/place/Amoure+Hotel/data=!4m10!3m9!1s0xd25007a6e8d8af3:0x91ea88dfe2f7ad4a!5m2!4m1!1i2!8m2!3d41.637496!4d-8.476974!16s%2Fg%2F11vyb713dk!19sChIJ84qNbnoAJQ0RSq334t-I6pE?authuser=0&hl=pt-BR&rclk=1,No,,
Viana do castelo,,,"Rua António Sousa Vieira 41, 4935-120 Viana do Castelo, Portugal","5,0",,PT,Rua António Sousa Vieira 41,41.6825539,-8.8006362,"Hospedagem domiciliar in Barcelos, Portugal",https://www.google.com/maps/place/Viana+do+castelo/data=!4m7!3m6!1s0xd25b70053d0ef17:0x560cc4a3540b2ef7!8m2!3d41.6825539!4d-8.8006362!16s%2Fg%2F11ldf0w43b!19sChIJF-_QUwC3JQ0R9y4LVKPEDFY?authuser=0&hl=pt-BR&rclk=1,No,Hospedagem domiciliar,
kikas,,,"Meadela, Portugal","5,0",1,PT,Meadela,41.7069228,-8.794643,"Hospedagem domiciliar in Barcelos, Portugal",https://www.google.com/maps/place/kikas/data=!4m7!3m6!1s0xd25b7002751bee9:0xb75415f2aceaac7f!8m2!3d41.7069228!4d-8.794643!16s%2Fg%2F11vxjp6cqx!19sChIJ6b5RJwC3JQ0Rf6zqrPIVVLc?authuser=0&hl=pt-BR&rclk=1,No,Hospedagem domiciliar,
Casa do Cipreste - Alojamento Local,,'+351961212223,"R. da Amorosa 1248, 4935-580, Portugal","5,0",,PT,R. da Amorosa 1248,41.6394466,-8.8186014,"Hospedagem domiciliar in Barcelos, Portugal",https://www.google.com/maps/place/Casa+do+Cipreste+-+Alojamento+Local/data=!4m7!3m6!1s0xd25b5542e050803:0x4150d430c37c484d!8m2!3d41.6394466!4d-8.8186014!16s%2Fg%2F11shvj3tbt!19sChIJAwgFLlS1JQ0RTUh8wzDUUEE?authuser=0&hl=pt-BR&rclk=1,No,Hospedagem domiciliar,
Póvoa de Varzim portu,,,"Alameda Linha da Póvoa 280, 4490-543 Póvoa de Varzim, Portugal",,,PT,Alameda Linha da Póvoa 280,41.3760034,-8.756766,"Hospedagem domiciliar in Barcelos, Portugal",https://www.google.com/maps/place/P%C3%B3voa+de+Varzim+portu/data=!4m7!3m6!1s0xd24470078fbcf67:0x56577c68cee0f6c6!8m2!3d41.3760034!4d-8.756766!16s%2Fg%2F11z2w88k2v!19sChIJZ8_7eABHJA0Rxvbgzmh8V1Y?authuser=0&hl=pt-BR&rclk=1,No,Hospedagem domiciliar,
Travessa do lameiro,,,"Travessa. do Lameiro 7, 4720 Bico, Portugal","5,0",1,PT,Travessa. do Lameiro 7,41.6426814,-8.4034728,"Hospedagem domiciliar in Barcelos, Portugal",https://www.google.com/maps/place/Travessa+do+lameiro/data=!4m7!3m6!1s0xd25010042719683:0x204eb75fd4fd8528!8m2!3d41.6426814!4d-8.4034728!16s%2Fg%2F11vxm372wz!19sChIJg5ZxQgABJQ0RKIX91F-3TiA?authuser=0&hl=pt-BR&rclk=1,No,Hospedagem domiciliar,
Osório's Place,,'+351252911508,"R. do Boal 75, 4770-160 Jesufrei, Portugal","4,8",,PT,R. do Boal 75,41.4586427,-8.5037318,"Hotel de 2 estrelas in Barcelos, Portugal",https://www.google.com/maps/place/Os%C3%B3rio%27s+Place/data=!4m10!3m9!1s0xd2457ed1eeb383b:0x37ad68d5d6c9e46b!5m2!4m1!1i2!8m2!3d41.4586427!4d-8.5037318!16s%2Fg%2F11c1y8dz3_!19sChIJOzjrHu1XJA0Ra-TJ1tVorTc?authuser=0&hl=pt-BR&rclk=1,No,,
Caminho Padre Caetano Soares - Serrado,,'+351964001716,"Caminho Padre Caetano, Portugal","4,1",,PT,Caminho Padre Caetano,32.7589568,-16.8293812,"Hospedaria in Funchal, Portugal",https://www.google.com/maps/place/Caminho+Padre+Caetano+Soares+-+Serrado/data=!4m7!3m6!1s0xc60669828e97757:0xf31d3b25174d1619!8m2!3d32.7589568!4d-16.8293812!16s%2Fg%2F11gd67lk83!19sChIJV3fpKJhmYAwRGRZNFyU7HfM?authuser=0&hl=pt-BR&rclk=1,No,Hospedaria,
Residencial Greco,,'+351291203000,"R. do Carmo 16, 9050-019 Funchal, Portugal","2,9",,PT,R. do Carmo 16,32.6500645,-16.9059216,"Hospedaria in Funchal, Portugal",https://www.google.com/maps/place/Residencial+Greco/data=!4m10!3m9!1s0xc606008ef66daad:0x8d9ba9529071143b!5m2!4m1!1i2!8m2!3d32.6500645!4d-16.9059216!16s%2Fg%2F1w97wn98!19sChIJrdpm7whgYAwROxRxkFKpm40?authuser=0&hl=pt-BR&rclk=1,No,,
Casinha da Serra,,,"Estr. Eng. Teixeira de Sousa 483, 9360-361 Canhas, Portugal",,,PT,Estr. Eng. Teixeira de Sousa 483,32.7205748,-17.1110832,"Hospedaria in Funchal, Portugal",https://www.google.com/maps/place/Casinha+da+Serra/data=!4m7!3m6!1s0xc6051377b274e03:0xa59796040627da2c!8m2!3d32.7205748!4d-17.1110832!16s%2Fg%2F11ytnntktj!19sChIJA04nezdRYAwRLNonBgSWl6U?authuser=0&hl=pt-BR&rclk=1,No,Hospedaria,
Ocean & Stone Guesthouse,,,"Túnel Q.ta Grande, 9300-261 Quinta Grande, Portugal",,,PT,Túnel Q.ta Grande,32.6588418,-17.0169332,"Hospedaria in Funchal, Portugal",https://www.google.com/maps/place/Ocean+%26+Stone+Guesthouse/data=!4m7!3m6!1s0xc6059b307b25d29:0xf0e940476404ddd3!8m2!3d32.6588418!4d-17.0169332!16s%2Fg%2F11nr2326xp!19sChIJKV2yB7NZYAwR090EZEdA6fA?authuser=0&hl=pt-BR&rclk=1,No,Hospedaria,
Pier House Accommodation,,'+351939583178,"R. Dos Murcas 4, São Martinho, 9000-058 Funchal, Portugal","3,5",,PT,São Martinho,32.6474939,-16.9093673,"Hotel de 3 estrelas in Funchal, Portugal",https://www.google.com/maps/place/Pier+House+Accommodation/data=!4m10!3m9!1s0xc6061681bffdf83:0xacc116ce219dd9cb!5m2!4m1!1i2!8m2!3d32.6474939!4d-16.9093673!16s%2Fg%2F11ltv7kg37!19sChIJg9__G2hhYAwRy9mdIc4Wwaw?authuser=0&hl=pt-BR&rclk=1,No,,
Sleep and Go - Santana in Nature B&B,,'+351291624904,"Estrada Regional 101 de Santana, Caminho Do Cortado 1, 9230-088 Santana, Portugal","3,1",,PT,Caminho Do Cortado 1,32.7957,-16.8662356,"Hotel de 3 estrelas in Funchal, Portugal",https://www.google.com/maps/place/Sleep+and+Go+-+Santana+in+Nature+B%26B/data=!4m10!3m9!1s0xc6059077c1473e3:0x9fbb95e9446cbbba!5m2!4m1!1i2!8m2!3d32.7957!4d-16.8662356!16s%2Fg%2F11yx9310x9!19sChIJ43MUfAdZYAwRurtsROmVu58?authuser=0&hl=pt-BR&rclk=1,No,,
Quinta do Monte,,'+351291780100,"Caminho do Monte 192, Monte, 9050-288 Funchal, Portugal","4,2",,PT,Monte,32.676483,-16.901206,"Hotel de 5 estrelas in Funchal, Portugal",https://www.google.com/maps/place/Quinta+do+Monte/data=!4m10!3m9!1s0xc60607cba772e2f:0x985c1513915086cd!5m2!4m1!1i2!8m2!3d32.676483!4d-16.901206!16s%2Fg%2F119txrw_q!19sChIJLy53unxgYAwRzYZQkRMVXJg?authuser=0&hl=pt-BR&rclk=1,No,,
Madeira Sunset Cottage,,'+351291741931,"Caminho da Lombada Velha, 76, 9385-288 Calheta- Ponta do Pargo, Portugal","4,6",,PT,76,32.8262726,-17.2335812,"Hotel de 4 estrelas in Funchal, Portugal",https://www.google.com/maps/place/Madeira+Sunset+Cottage/data=!4m10!3m9!1s0xc604c5c82f01695:0x7cfc445642cf3b7c!5m2!4m1!1i2!8m2!3d32.8262726!4d-17.2335812!16s%2Fg%2F12vs_ps0j!19sChIJlRbwglxMYAwRfDvPQlZE_Hw?authuser=0&hl=pt-BR&rclk=1,No,,
Casa de Hóspedes Villa São Paulo,,'+351967045891,"R. da Montanha 17, 9060-406 São Gonçalo, Portugal","4,7",,PT,R. da Montanha 17,32.6467882,-16.8750746,"Hospedagem domiciliar in Funchal, Portugal",https://www.google.com/maps/place/Casa+de+H%C3%B3spedes+Villa+S%C3%A3o+Paulo/data=!4m10!3m9!1s0xc60602f37715141:0xc6c9e423b7763ad9!5m2!4m1!1i2!8m2!3d32.6467882!4d-16.8750746!16s%2Fg%2F1tjtkjh9!19sChIJQVFxNy9gYAwR2Tp2tyPkycY?authuser=0&hl=pt-BR&rclk=1,No,,
Stonewood Valley House by LovelyStay,,,"Curral das Freiras, Portugal","4,7",,PT,Curral das Freiras,32.7347479,-16.9709726,"Hospedagem domiciliar in Funchal, Portugal",https://www.google.com/maps/place/Stonewood+Valley+House+by+LovelyStay/data=!4m7!3m6!1s0xc605d0041873edb:0xb8f074819baf8520!8m2!3d32.7347479!4d-16.9709726!16s%2Fg%2F11mz7ygxv6!19sChIJ2z6HQQBdYAwRIIWvm4F08Lg?authuser=0&hl=pt-BR&rclk=1,No,Hospedagem domiciliar,
Madeira byt,,,"Igreja do, 9230 Arco de São Jorge, Portugal","5,0",1,PT,Igreja do,32.8268138,-16.956044,"Hospedagem domiciliar in Funchal, Portugal",https://www.google.com/maps/place/Madeira+byt/data=!4m7!3m6!1s0xc6043006cf17c8d:0x3259d7a3e7e7be92!8m2!3d32.8268138!4d-16.956044!16s%2Fg%2F11ynw1ly0v!19sChIJjXzxbABDYAwRkr7n56PXWTI?authuser=0&hl=pt-BR&rclk=1,No,Hospedagem domiciliar,
Daysy House by LovelyStay - Jacuzzi & Oceanview,,,"9060-253 Funchal, Portugal","5,0",,PT,,32.6595795,-16.8954587,"Hospedagem domiciliar in Funchal, Portugal",https://www.google.com/maps/place/Daysy+House+by+LovelyStay+-+Jacuzzi+%26+Oceanview/data=!4m7!3m6!1s0xc606100035a4377:0x950fa1c5a34ae247!8m2!3d32.6595795!4d-16.8954587!16s%2Fg%2F11z2ssbw26!19sChIJd0NaAwBhYAwRR-JKo8WhD5U?authuser=0&hl=pt-BR&rclk=1,No,Hospedagem domiciliar,
Farmland house,,'+351938717682,"Caminho da Fajã dos Vinhaticos 9240, São Vicente, Portugal","5,0",1,PT,Caminho da Fajã dos Vinhaticos 9240,32.7878149,-17.0211495,"Hospedagem domiciliar in Funchal, Portugal",https://www.google.com/maps/place/Farmland+house/data=!4m7!3m6!1s0xc605b0001f136f9:0x4eb0a123c171819e!8m2!3d32.7878149!4d-17.0211495!16s%2Fg%2F11z2zj03b0!19sChIJ-TbxAQBbYAwRnoFxwSOhsE4?authuser=0&hl=pt-BR&rclk=1,No,Hospedagem domiciliar,
Residencia Ana,,'+351963091707,"Rua da Quinta do Rosário 16, Gaula, Portugal","5,0",1,PT,Rua da Quinta do Rosário 16,32.6793838,-16.8015287,"Hospedagem domiciliar in Funchal, Portugal",https://www.google.com/maps/place/Residencia+Ana/data=!4m10!3m9!1s0xc60630043cb2b79:0x6d27fadefb80b2c9!5m2!4m1!1i2!8m2!3d32.6793838!4d-16.8015287!16s%2Fg%2F11ypn8csgp!19sChIJeSvLQwBjYAwRybKA-976J20?authuser=0&hl=pt-BR&rclk=1,No,,
Paul do Mar,,,"9370-545 Paúl do Mar, Portugal","4,5",,PT,,32.7574804,-17.230273,"Hospedagem domiciliar in Funchal, Portugal",https://www.google.com/maps/place/Paul+do+Mar/data=!4m10!3m9!1s0xc6053002c1d77a5:0x29b918a915c88f24!5m2!4m1!1i2!8m2!3d32.7574804!4d-17.230273!16s%2Fg%2F11mf55b017!19sChIJpXcdLABTYAwRJI_IFakYuSk?authuser=0&hl=pt-BR&rclk=1,No,,
Casa do Xano II by LovelyStay,,,"Câmara de Lobos, Portugal","5,0",1,PT,Câmara de Lobos,32.6519184,-16.9847624,"Hospedagem domiciliar in Funchal, Portugal",https://www.google.com/maps/place/Casa+do+Xano+II+by+LovelyStay/data=!4m7!3m6!1s0xc605f0030e3d271:0x2c1e8159d20f5320!8m2!3d32.6519184!4d-16.9847624!16s%2Fg%2F11z7pc5x59!19sChIJcdLjMABfYAwRIFMP0lmBHiw?authuser=0&hl=pt-BR&rclk=1,No,Hospedagem domiciliar,
Funchal,,,"Caminho do Arieiro 91, São Martinho, Funchal, Portugal","5,0",,PT,São Martinho,32.6483661,-16.9574545,"Hospedagem domiciliar in Funchal, Portugal",https://www.google.com/maps/place/Funchal/data=!4m7!3m6!1s0xc605f0033877951:0x2775e6b7ca35fbc8!8m2!3d32.6483661!4d-16.9574545!16s%2Fg%2F11y4lch798!19sChIJUXmHMwBfYAwRyPs1yrfmdSc?authuser=0&hl=pt-BR&rclk=1,No,Hospedagem domiciliar,
Zezas House,,,"Caminho Lombo do Atouguia 193, 9370-753 Estreito da Calheta, Portugal","4,8",,PT,Caminho Lombo do Atouguia 193,32.7191204,-17.17016,"Hospedagem domiciliar in Funchal, Portugal",https://www.google.com/maps/place/Zezas+House/data=!4m7!3m6!1s0xc60510022c63cff:0x911c5636ceba6d64!8m2!3d32.7191204!4d-17.17016!16s%2Fg%2F11y2r7skpx!19sChIJ_zzGIgBRYAwRZG26zjZWHJE?authuser=0&hl=pt-BR&rclk=1,No,Hospedagem domiciliar,
Abrigo das Preces,,,"Seixal, Portugal","5,0",1,PT,Seixal,32.8176191,-17.1097805,"Hospedagem domiciliar in Funchal, Portugal",https://www.google.com/maps/place/Abrigo+das+Preces/data=!4m7!3m6!1s0xc604f0022d9e241:0xed9d4ce5c29d3070!8m2!3d32.8176191!4d-17.1097805!16s%2Fg%2F11z0lvx749!19sChIJQeLZIgBPYAwRcDCdwuVMne0?authuser=0&hl=pt-BR&rclk=1,No,Hospedagem domiciliar,
Unterkunft Machico,,,"R. do Mercado 1, 9200-094 Machico, Portugal","5,0",1,PT,R. do Mercado 1,32.7179875,-16.7651548,"Hospedagem domiciliar in Funchal, Portugal",https://www.google.com/maps/place/Unterkunft+Machico/data=!4m7!3m6!1s0xc6063cccb181dfd:0x2e611698dc44e37b!8m2!3d32.7179875!4d-16.7651548!16s%2Fg%2F11q2t0hk0p!19sChIJ_R0Yy8xjYAwRe-NE3JgWYS4?authuser=0&hl=pt-BR&rclk=1,No,Hospedagem domiciliar,
Sunnyside Villa,,,"R. da Achada de Santo Antão 84, 9370-056 Arco da Calheta, Portugal","4,8",,PT,R. da Achada de Santo Antão 84,32.7160714,-17.1399021,"Hospedagem domiciliar in Funchal, Portugal",https://www.google.com/maps/place/Sunnyside+Villa/data=!4m10!3m9!1s0xc6051393667945b:0x80dfcaacc57d182d!5m2!4m1!1i2!8m2!3d32.7160714!4d-17.1399021!16s%2Fg%2F11kb7h_d4z!19sChIJW5RnNjlRYAwRLRh9xazK34A?authuser=0&hl=pt-BR&rclk=1,No,,
Casa dos Avôs,,,"Estr. do Cabouco 26, 9350-105 Ribeira Brava, Portugal","5,0",,PT,Estr. do Cabouco 26,32.672325,-17.0526518,"Hospedagem domiciliar in Funchal, Portugal",https://www.google.com/maps/place/Casa+dos+Av%C3%B4s/data=!4m7!3m6!1s0xc6059000c1a9de5:0xd2dd38fb7cf4336f!8m2!3d32.672325!4d-17.0526518!16s%2Fg%2F11zh9lkr88!19sChIJ5Z0aDABZYAwRbzP0fPs43dI?authuser=0&hl=pt-BR&rclk=1,No,Hospedagem domiciliar,
Taste of the Sea by Formosa,,,"2.ª Travessa, Caminho do Arieiro de Baixo 7, São Martinho, 9000-229 Funchal, Portugal","5,0",1,PT,São Martinho,32.6437656,-16.9573093,"Hospedagem domiciliar in Funchal, Portugal",https://www.google.com/maps/place/Taste+of+the+Sea+by+Formosa/data=!4m10!3m9!1s0xc605f0043a1259b:0xde674316eb08c4d1!5m2!4m1!1i2!8m2!3d32.6437656!4d-16.9573093!16s%2Fg%2F11ykdq8zsb!19sChIJmyWhQwBfYAwR0cQI6xZDZ94?authuser=0&hl=pt-BR&rclk=1,No,,
Vereda da pedra,,,"Vereda da pedra n 6, 9350-323 Serra de Água, Portugal","5,0",1,PT,Vereda da pedra n 6,32.7265466,-17.028523,"Hospedagem domiciliar in Funchal, Portugal",https://www.google.com/maps/place/Vereda+da+pedra/data=!4m7!3m6!1s0xc605b005a5adc1f:0x6c1d267d1438b613!8m2!3d32.7265466!4d-17.028523!16s%2Fg%2F11nb8yntnm!19sChIJH9xaWgBbYAwRE7Y4FH0mHWw?authuser=0&hl=pt-BR&rclk=1,No,Hospedagem domiciliar,
Villa Jamboeiro by LovelyStay,,,"São Roque, Funchal, Portugal","5,0",,PT,São Roque,32.6713399,-16.9328447,"Hospedagem domiciliar in Funchal, Portugal",https://www.google.com/maps/place/Villa+Jamboeiro+by+LovelyStay/data=!4m7!3m6!1s0xc605f0004273c45:0xf4ae3bc889bdf3d2!8m2!3d32.6713399!4d-16.9328447!16s%2Fg%2F11mt3tmgd9!19sChIJRTwnBABfYAwR0vO9icg7rvQ?authuser=0&hl=pt-BR&rclk=1,No,Hospedagem domiciliar,
Levada House,,,"Caminho Lombo da Rocha 183, 9370-612 Prazeres, Portugal","4,8",,PT,Caminho Lombo da Rocha 183,32.7541656,-17.2035397,"Hospedagem domiciliar in Funchal, Portugal",https://www.google.com/maps/place/Levada+House/data=!4m7!3m6!1s0xc6053003ed4c487:0x17b8404d66bc8d19!8m2!3d32.7541656!4d-17.2035397!16s%2Fg%2F11y9pb15c5!19sChIJh8TUPgBTYAwRGY28Zk1AuBc?authuser=0&hl=pt-BR&rclk=1,No,Hospedagem domiciliar,
Madeira home,,,"Rua Cova do Arco 182, 9370-060 Arco da Calheta, Portugal",,,PT,Rua Cova do Arco 182,32.7203195,-17.1395715,"Hospedagem domiciliar in Funchal, Portugal",https://www.google.com/maps/place/Madeira+home/data=!4m7!3m6!1s0xc605100779289eb:0xcc6f295d2e49fb87!8m2!3d32.7203195!4d-17.1395715!16s%2Fg%2F11z52vtz8j!19sChIJ64mSdwBRYAwRh_tJLl0pb8w?authuser=0&hl=pt-BR&rclk=1,No,Hospedagem domiciliar,
Madeira,,,"Rua 31 de Janeiro 68, 9050-401 Funchal, Portugal",,,PT,Rua 31 de Janeiro 68,32.6508661,-16.908083,"Hospedagem domiciliar in Funchal, Portugal",https://www.google.com/maps/place/Madeira/data=!4m7!3m6!1s0xc6061ae42bc611f:0x426b9e56983d3803!8m2!3d32.6508661!4d-16.908083!16s%2Fg%2F11l6shthqk!19sChIJH2G8Qq5hYAwRAzg9mFaea0I?authuser=0&hl=pt-BR&rclk=1,No,Hospedagem domiciliar,
Larimar,,'+351965828044,"Estrada Regional 101 nº 12 Madalena do Mar, 9360-409 Ponta do Sol, Portugal","4,6",,PT,Estrada Regional 101 nº 12 Madalena do Mar,32.6931762,-17.1249565,"Hospedagem domiciliar in Funchal, Portugal",https://www.google.com/maps/place/Larimar/data=!4m7!3m6!1s0xc6057674dc78519:0xcc7e222e84bb94f6!8m2!3d32.6931762!4d-17.1249565!16s%2Fg%2F11f7bqhw45!19sChIJGYXHTWdXYAwR9pS7hC4ifsw?authuser=0&hl=pt-BR&rclk=1,No,Hospedagem domiciliar,
Villa Paradise Porto da Cruz,,,"Caminho da Referta, Portugal","5,0",,PT,Caminho da Referta,32.7618675,-16.8330164,"Hospedagem domiciliar in Funchal, Portugal",https://www.google.com/maps/place/Villa+Paradise+Porto+da+Cruz/data=!4m10!3m9!1s0xc60670077893265:0x4bae190d6923058f!5m2!4m1!1i2!8m2!3d32.7618675!4d-16.8330164!16s%2Fg%2F11ltq_d0sm!19sChIJZTKJdwBnYAwRjwUjaQ0Zrks?authuser=0&hl=pt-BR&rclk=1,No,,
Calheta´s Paradise Holiday Home,,'+351935221950,"Rua das Florenças. 81, 9370 Arco da Calheta, Portugal","5,0",1,PT,Rua das Florenças. 81,32.7280785,-17.1498669,"Hospedagem domiciliar in Funchal, Portugal",https://www.google.com/maps/place/Calheta%C2%B4s+Paradise+Holiday+Home/data=!4m7!3m6!1s0xc605100664505d5:0x13a31870a7f0dd57!8m2!3d32.7280785!4d-17.1498669!16s%2Fg%2F11w2gwlhys!19sChIJ1QVFZgBRYAwRV93wp3AYoxM?authuser=0&hl=pt-BR&rclk=1,No,Hospedagem domiciliar,
Apartment spare madeira,,,"R. do you, R. do Dr. Carlos Varela 10, São Martinho, 9000-110 Funchal, Portugal",,,PT,São Martinho,32.6412142,-16.9293584,"Hospedagem domiciliar in Funchal, Portugal",https://www.google.com/maps/place/Apartment+spare+madeira/data=!4m7!3m6!1s0xc605f001d458dd7:0x42d04edb159a659b!8m2!3d32.6412142!4d-16.9293584!16s%2Fg%2F11ntn86g4l!19sChIJ141FHQBfYAwRm2WaFdtO0EI?authuser=0&hl=pt-BR&rclk=1,No,Hospedagem domiciliar,
MARIA BNB,,,"Estrada Do Pomar Da Rocha 59, Tabua, Portugal","5,0",,PT,Estrada Do Pomar Da Rocha 59,32.6840387,-17.0619494,"Hospedagem domiciliar in Funchal, Portugal",https://www.google.com/maps/place/MARIA+BNB/data=!4m7!3m6!1s0xc60590070c039ef:0x44539780af56731a!8m2!3d32.6840387!4d-17.0619494!16s%2Fg%2F11y66gt254!19sChIJ7znAcABZYAwRGnNWr4CXU0Q?authuser=0&hl=pt-BR&rclk=1,No,Hospedagem domiciliar,
Hotel Apartamentos Reno,,'+351291226125,"R. das Pretas 15, São Martinho, 9000-049 Funchal, Portugal","3,8",,PT,São Martinho,32.6492838,-16.9103962,"Hotel de 2 estrelas in Funchal, Portugal",https://www.google.com/maps/place/Hotel+Apartamentos+Reno/data=!4m10!3m9!1s0xc6060083563f7a5:0xf8ceb179061e22d8!5m2!4m1!1i2!8m2!3d32.6492838!4d-16.9103962!16s%2Fg%2F1tdd6h_s!19sChIJpfdjNQhgYAwR2CIeBnmxzvg?authuser=0&hl=pt-BR&rclk=1,No,,
Divino's Hostel,,'+351914642020,"R. do Pina 3, 9050-067 Funchal, Portugal","4,2",,PT,R. do Pina 3,32.6544947,-16.9059449,"Hotel de 2 estrelas in Funchal, Portugal",https://www.google.com/maps/place/Divino%27s+Hostel/data=!4m10!3m9!1s0xc60600c736d7923:0x4cf0efcc4291d437!5m2!4m1!1i2!8m2!3d32.6544947!4d-16.9059449!16s%2Fg%2F11d_778znk!19sChIJI3ltcwxgYAwRN9SRQszv8Ew?authuser=0&hl=pt-BR&rclk=1,No,,
Residencial Atlântico,,'+351291635476,"R. do Forte de São João Baptista 9, 9270-095 Porto Moniz, Portugal","4,2",,PT,R. do Forte de São João Baptista 9,32.866157,-17.1669727,"Hotel de 2 estrelas in Funchal, Portugal",https://www.google.com/maps/place/Residencial+Atl%C3%A2ntico/data=!4m10!3m9!1s0xc604935bfffffff:0x4b7b0c3d3511f0b8!5m2!4m1!1i2!8m2!3d32.866157!4d-17.1669727!16s%2Fg%2F1tfrj004!19sChIJ____vzVJYAwRuPARNT0Me0s?authuser=0&hl=pt-BR&rclk=1,No,,
Nature Retreat - Laurel Forest,,'+351968272187,"Sítio do Curral de Fora S/n, Seixal, Portugal","3,6",,PT,Sítio do Curral de Fora S/n,32.802646,-17.1166745,"Hotel de 2 estrelas in Funchal, Portugal",https://www.google.com/maps/place/Nature+Retreat+-+Laurel+Forest/data=!4m10!3m9!1s0xc604fece59709c5:0x838d424ad4d063ad!5m2!4m1!1i2!8m2!3d32.802646!4d-17.1166745!16s%2Fg%2F11c6pscg5l!19sChIJxQmX5exPYAwRrWPQ1EpCjYM?authuser=0&hl=pt-BR&rclk=1,No,,
Casa do Pico Alto,,'+351291850140,"Caminho da Cruz, Sítio do Pico Alto, Nº109 Porto Moniz, 9270-041 Porto Moniz, Portugal","4,1",,PT,Nº109 Porto Moniz,32.8542305,-17.1843253,"Hotel de 2 estrelas in Funchal, Portugal",https://www.google.com/maps/place/Casa+do+Pico+Alto/data=!4m10!3m9!1s0xc604eae1be67281:0xd4d1190a731fa14d!5m2!4m1!1i2!8m2!3d32.8542305!4d-17.1843253!16s%2Fg%2F11g6qs73f_!19sChIJgXLmG65OYAwRTaEfcwoZ0dQ?authuser=0&hl=pt-BR&rclk=1,No,,
Três Marias - Shared Countryside Connection,,,"Caminho da Cruz 1, 9270-137 Levada Grande, Portugal",,,PT,Caminho da Cruz 1,32.8531736,-17.182953,"Albergue in Funchal, Portugal",https://www.google.com/maps/place/Tr%C3%AAs+Marias+-+Shared+Countryside+Connection/data=!4m10!3m9!1s0xc604f005ae9a62f:0xdba199056d3fbcb8!5m2!4m1!1i2!8m2!3d32.8531736!4d-17.182953!16s%2Fg%2F11z809yjfd!19sChIJL6bpWgBPYAwRuLw_bQWZods?authuser=0&hl=pt-BR&rclk=1,No,,
FX Pena Hostel,,'+351938930551,"R. Pedro José de Ornelas 2d Cs 4, 9050-069 Funchal, Portugal","3,5",,PT,R. Pedro José de Ornelas 2d Cs 4,32.6541703,-16.904769,"Albergue in Funchal, Portugal",https://www.google.com/maps/place/FX+Pena+Hostel/data=!4m10!3m9!1s0xc60600c3e75fa59:0x5e0f37b65eec7fca!5m2!4m1!1i2!8m2!3d32.6541703!4d-16.904769!16s%2Fg%2F11cs6pzvzh!19sChIJWfp1PgxgYAwRyn_sXrY3D14?authuser=0&hl=pt-BR&rclk=1,No,,
Doca Seca & Casca de Uva,,,"ER101 8, 9270-095 Porto Moniz, Portugal","5,0",,PT,ER101 8,32.8656782,-17.1686642,"Albergue in Funchal, Portugal",https://www.google.com/maps/place/Doca+Seca+%26+Casca+de+Uva/data=!4m10!3m9!1s0xc60490049dab9a5:0xc1e679b599e9ecc9!5m2!4m1!1i2!8m2!3d32.8656782!4d-17.1686642!16s%2Fg%2F11ln0g5xrm!19sChIJpbnaSQBJYAwRyezpmbV55sE?authuser=0&hl=pt-BR&rclk=1,No,,
Quinta do Lombo - Country Hostel,,'+351291102337,"Trv. Caminho Lombo 4, 9230-160 São Jorge Santana, Portugal","4,4",,PT,Trv. Caminho Lombo 4,32.816785,-16.9360008,"Albergue in Funchal, Portugal",https://www.google.com/maps/place/Quinta+do+Lombo+-+Country+Hostel/data=!4m10!3m9!1s0xc6042c827b0c965:0xcd9027e103093243!5m2!4m1!1i2!8m2!3d32.816785!4d-16.9360008!16s%2Fg%2F11cm_dx5k6!19sChIJZcmwJ8hCYAwRQzIJA-EnkM0?authuser=0&hl=pt-BR&rclk=1,No,,
Hospedaria Barão - Superior Double Room,,,"3670-258 Vouzela, Portugal","5,0",,PT,,40.7234497,-8.1118498,"Hospedaria in Viseu, Portugal",https://www.google.com/maps/place/Hospedaria+Bar%C3%A3o+-+Superior+Double+Room/data=!4m11!3m10!1s0xd2341b7fd29ae85:0x3c9708f858ff2f76!5m2!4m1!1i2!8m2!3d40.7234497!4d-8.1118498!16s%2Fg%2F11vr4kwsww!17BQ0FF!19sChIJha4p_bdBIw0Rdi__WPgIlzw?authuser=0&hl=pt-BR&rclk=1,No,,
Casa Alice Félix,,'+351232798025,"Av. 10 de Junho, 3660-259, Portugal","4,3",,PT,Av. 10 de Junho,40.7740525,-8.1377038,"Hospedaria in Viseu, Portugal",https://www.google.com/maps/place/Casa+Alice+F%C3%A9lix/data=!4m7!3m6!1s0xd2369de43e6b153:0xf571596e863798bb!8m2!3d40.7740525!4d-8.1377038!16s%2Fg%2F11g8bxbh14!19sChIJU7HmQ95pIw0Ru5g3hm5ZcfU?authuser=0&hl=pt-BR&rclk=1,No,Hospedaria,
Residencial São Julião,,'+351232623393,"R. da Igreja 42, 3530-164 Mangualde, Portugal","3,9",,PT,R. da Igreja 42,40.6081723,-7.765135,"Hospedaria in Viseu, Portugal",https://www.google.com/maps/place/Residencial+S%C3%A3o+Juli%C3%A3o/data=!4m7!3m6!1s0xd3ccca253152f1d:0xdcda3387f80bbba3!8m2!3d40.6081723!4d-7.765135!16s%2Fg%2F11xg6x_5x!19sChIJHS8VU6LMPA0Ro7sL-Icz2tw?authuser=0&hl=pt-BR&rclk=1,No,Hospedaria,
Pensão S. José,,'+351965546625,"Rua Dr. Carlos Acúrcio Ferreira s/n, 6290-632 Vila Nova de Tazem, Portugal","4,6",,PT,Rua Dr. Carlos Acúrcio Ferreira s/n,40.5027483,-7.7024713,"Hospedaria in Viseu, Portugal",https://www.google.com/maps/place/Pens%C3%A3o+S.+Jos%C3%A9/data=!4m10!3m9!1s0xd3cd22b97e34fc3:0xe53370e1156fa86f!5m2!4m1!1i2!8m2!3d40.5027483!4d-7.7024713!16s%2Fg%2F11cm_gt_6b!19sChIJw0_jlyvSPA0Rb6hvFeFwM-U?authuser=0&hl=pt-BR&rclk=1,No,,
Casa de Contenças - Turismo de Habitação,,'+351968842208,"R. L, 343, Portugal","5,0",1,PT,R. L,40.5633287,-7.7139476,"Hospedaria in Viseu, Portugal",https://www.google.com/maps/place/Casa+de+Conten%C3%A7as+-+Turismo+de+Habita%C3%A7%C3%A3o/data=!4m7!3m6!1s0xd3ccdc3c2d55f3b:0xcf055525f4de1680!8m2!3d40.5633287!4d-7.7139476!16s%2Fg%2F11cs2hqlyd!19sChIJO1_VwsPNPA0RgBbe9CVVBc8?authuser=0&hl=pt-BR&rclk=1,No,Hospedaria,
Casa das Morgadas,,'+351916715290,"R. das Morgadas 7-11, 3520-064 Nelas, Portugal","4,5",,PT,R. das Morgadas 7-11,40.5310937,-7.8499939,"Hospedaria in Viseu, Portugal",https://www.google.com/maps/place/Casa+das+Morgadas/data=!4m10!3m9!1s0xd2332754e8e857d:0xf3f0b1e47ade6fe2!5m2!4m1!1i2!8m2!3d40.5310937!4d-7.8499939!16s%2Fg%2F11cjtwt9sf!19sChIJfYWOTnUyIw0R4m_eeuSx8PM?authuser=0&hl=pt-BR&rclk=1,No,,
Casa Aldeia da Lapa,,'+351925682041,"Av. Padre Francisco Pinto Ferreira, 3640-170, Portugal","4,8",,PT,Av. Padre Francisco Pinto Ferreira,40.8703857,-7.5749301,"Hotel de 3 estrelas in Viseu, Portugal",https://www.google.com/maps/place/Casa+Aldeia+da+Lapa/data=!4m10!3m9!1s0xd3cbad33dc5d6bd:0xf12e58ee45d5836c!5m2!4m1!1i2!8m2!3d40.8703857!4d-7.5749301!16s%2Fg%2F11f5ly8t6c!19sChIJvdbFPdO6PA0RbIPVRe5YLvE?authuser=0&hl=pt-BR&rclk=1,No,,
Hotel Ulveira,,'+351232760070,"Largo Feira 17, 3680-076 Oliveira de Frades, Portugal","4,0",,PT,Largo Feira 17,40.7281522,-8.1718034,"Hotel de 3 estrelas in Viseu, Portugal",https://www.google.com/maps/place/Hotel+Ulveira/data=!4m10!3m9!1s0xd236a4989227663:0x86f55821d1c07f85!5m2!4m1!1i2!8m2!3d40.7281522!4d-8.1718034!16s%2Fg%2F1tdqjrrf!19sChIJY3YiiUlqIw0RhX_A0SFY9YY?authuser=0&hl=pt-BR&rclk=1,No,,
Casa dos Arcos,,'+351917027102,"R. Parada de Gonta, Caramulo, 3475-031, Portugal","5,0",,PT,Caramulo,40.5715106,-8.1657052,"Hotel de 3 estrelas in Viseu, Portugal",https://www.google.com/maps/place/Casa+dos+Arcos/data=!4m10!3m9!1s0xd23166889ddd507:0xec74bed285f6f310!5m2!4m1!1i2!8m2!3d40.5715106!4d-8.1657052!16s%2Fg%2F11dfgps7fh!19sChIJB9XdiWgWIw0REPP2hdK-dOw?authuser=0&hl=pt-BR&rclk=1,No,,
Alojamo-nos,,,"Termas, Tv. Cimo da Vila 53, 3660-692 São Pedro do Sul, Portugal","4,6",,PT,Tv. Cimo da Vila 53,40.7389304,-8.0939603,"Hotel in Viseu, Portugal",https://www.google.com/maps/place/Alojamo-nos/data=!4m10!3m9!1s0xd2341ef970498d3:0x5765802e3ee6c7ab!5m2!4m1!1i2!8m2!3d40.7389304!4d-8.0939603!16s%2Fg%2F11v3llngw2!19sChIJ05gEl-9BIw0Rq8fmPi6AZVc?authuser=0&hl=pt-BR&rclk=1,No,,
O Francês,,'+351964659250,"Rua Dr. Eurico Amaral, 3520-050 Nelas, Portugal","4,8",,PT,Rua Dr. Eurico Amaral,40.5216165,-7.8634104,"Hotel in Viseu, Portugal",https://www.google.com/maps/place/O+Franc%C3%AAs/data=!4m10!3m9!1s0xd232d2f1deccffb:0xd78adec8d8135358!5m2!4m1!1i2!8m2!3d40.5216165!4d-7.8634104!16s%2Fg%2F11fs7zwzg_!19sChIJ-8_sHS8tIw0RWFMT2Mjeitc?authuser=0&hl=pt-BR&rclk=1,No,,
Montebelo Viseu Congress Hotel,,,"Urbanização, Q.ta do Bosque, 3510-020 Viseu, Portugal","4,5",,PT,Q.ta do Bosque,40.655624,-7.92623,"Hotel de 5 estrelas in Viseu, Portugal",https://www.google.com/maps/place/Montebelo+Viseu+Congress+Hotel/data=!4m10!3m9!1s0xd2337aff0c91ef3:0x8372b5600b7abedf!5m2!4m1!1i2!8m2!3d40.655624!4d-7.92623!16s%2Fg%2F1pw3xv_1d!19sChIJ8x7J8K83Iw0R3756C2C1coM?authuser=0&hl=pt-BR&rclk=1,No,,
Recanto da Avó,,'+351961134266,"Região Centro PT, R. da Fonte Nº 4, 6270-133, Portugal","4,7",,PT,R. da Fonte Nº 4,40.479222,-7.7766025,"Hotel de 4 estrelas in Viseu, Portugal",https://www.google.com/maps/place/Recanto+da+Av%C3%B3/data=!4m10!3m9!1s0xd232ce3e1c0232f:0x3a9aa1cf8fcf24a3!5m2!4m1!1i2!8m2!3d40.479222!4d-7.7766025!16s%2Fg%2F11h55bgwh1!19sChIJLyPA4eMsIw0RoyTPj8-hmjo?authuser=0&hl=pt-BR&rclk=1,No,,
Quinta Chão do Rio,,'+351232711089,"3660-692 São Pedro do Sul, Portugal","4,4",,PT,,40.7398963,-8.0949789,"Hotel de 4 estrelas in Viseu, Portugal",https://www.google.com/maps/place/Quinta+Ch%C3%A3o+do+Rio/data=!4m10!3m9!1s0xd23419eaf791db3:0x8f2be6c0883eb72a!5m2!4m1!1i2!8m2!3d40.7398963!4d-8.0949789!16s%2Fg%2F11c1l43vyj!19sChIJsx15r55BIw0RKrc-iMDmK48?authuser=0&hl=pt-BR&rclk=1,No,,
Hotel Rural Mira Serra,,'+351232650010,"R. Prof. Dr.Costa Sacadura, 3530-010 Abrunhosa-a-Velha, Portugal","3,7",,PT,R. Prof. Dr.Costa Sacadura,40.5801695,-7.6439067,"Hotel Resort in Viseu, Portugal",https://www.google.com/maps/place/Hotel+Rural+Mira+Serra/data=!4m10!3m9!1s0xd23317362811fb9:0x5cc85edd556ddb3d!5m2!4m1!1i2!8m2!3d40.5801695!4d-7.6439067!16s%2Fg%2F1tlkdn0d!19sChIJuR-BYnMxIw0RPdttVd1eyFw?authuser=0&hl=pt-BR&rclk=1,No,,
Casa Da Avó Zirinha,,,"R. Silva Gaio 30, 3500-155 Viseu, Portugal","5,0",,PT,R. Silva Gaio 30,40.6601821,-7.9125132,"Hospedagem domiciliar in Viseu, Portugal",https://www.google.com/maps/place/Casa+Da+Av%C3%B3+Zirinha/data=!4m10!3m9!1s0xd233700736f7801:0xf02ddb803b125d00!5m2!4m1!1i2!8m2!3d40.6601821!4d-7.9125132!16s%2Fg%2F11vq15gt9w!19sChIJAXhvcwA3Iw0RAF0SO4DbLfA?authuser=0&hl=pt-BR&rclk=1,No,,
Casa do Juiz,,,"R. Alm. Roboredo 29, 3475 São João do Monte, Portugal","5,0",,PT,R. Alm. Roboredo 29,40.5981106,-8.2353884,"Hospedagem domiciliar in Viseu, Portugal",https://www.google.com/maps/place/Casa+do+Juiz/data=!4m7!3m6!1s0xd2313002c4c42ab:0x36c7d1eecdb598cf!8m2!3d40.5981106!4d-8.2353884!16s%2Fg%2F11xts1_f58!19sChIJq0JMLAATIw0Rz5i1ze7RxzY?authuser=0&hl=pt-BR&rclk=1,No,Hospedagem domiciliar,
Voupormontes AL,,'+351932680690,"R. José Ribeiro, Crescido, Fataunços, Portugal","4,0",1,PT,Crescido,40.7178363,-8.0729925,"Hospedagem domiciliar in Viseu, Portugal",https://www.google.com/maps/place/Voupormontes+AL/data=!4m7!3m6!1s0xd23414c68dfda93:0xaa52de06a2a07c85!8m2!3d40.7178363!4d-8.0729925!16s%2Fg%2F11swpb21xd!19sChIJk9rfaExBIw0RhXygogbeUqo?authuser=0&hl=pt-BR&rclk=1,No,Hospedagem domiciliar,
Stand de vendas,,,"J Infância, R. Monte Belo 2 3510, Viseu, Portugal","4,0",1,PT,R. Monte Belo 2 3510,40.6564249,-7.9281684,"Hospedagem domiciliar in Viseu, Portugal",https://www.google.com/maps/place/Stand+de+vendas/data=!4m7!3m6!1s0xd23378bbcf3f817:0x940a5a4605dbf4f5!8m2!3d40.6564249!4d-7.9281684!16s%2Fg%2F11spx7d7s6!19sChIJF_jzvIs3Iw0R9fTbBUZaCpQ?authuser=0&hl=pt-BR&rclk=1,No,Hospedagem domiciliar,
Casa D'Avó Encarnação,,,"6290-061, Portugal","5,0",,PT,,40.5331438,-7.685068,"Hospedagem domiciliar in Viseu, Portugal",https://www.google.com/maps/place/Casa+D%27Av%C3%B3+Encarna%C3%A7%C3%A3o/data=!4m7!3m6!1s0xd3cd125a4032675:0xd39221da21746b2f!8m2!3d40.5331438!4d-7.685068!16s%2Fg%2F11nmj2hxpx!19sChIJdSYDpCXRPA0RL2t0IdohktM?authuser=0&hl=pt-BR&rclk=1,No,Hospedagem domiciliar,
Casa da Vinha,,,"Rua Padre Dr. Lopes de Melo 26, 6290-141, Portugal",,,PT,Rua Padre Dr. Lopes de Melo 26,40.4752775,-7.6301094,"Hospedagem domiciliar in Viseu, Portugal",https://www.google.com/maps/place/Casa+da+Vinha/data=!4m7!3m6!1s0xd3cd10046e76729:0xc8420d7f1c51b597!8m2!3d40.4752775!4d-7.6301094!16s%2Fg%2F11zdbyxp79!19sChIJKWfnRgDRPA0Rl7VRHH8NQsg?authuser=0&hl=pt-BR&rclk=1,No,Hospedagem domiciliar,
São Cristóvão de Lafões,,,"Rua da Ponte N.3, 3660-280 São Cristóvão de Lafões, Portugal",,,PT,Rua da Ponte N.3,40.7637972,-8.169096,"Hospedagem domiciliar in Viseu, Portugal",https://www.google.com/maps/place/S%C3%A3o+Crist%C3%B3v%C3%A3o+de+Laf%C3%B5es/data=!4m7!3m6!1s0xd2369006ec463a5:0x6dc3d0349e6466f4!8m2!3d40.7637972!4d-8.169096!16s%2Fg%2F11wqfzxwb7!19sChIJpWPEbgBpIw0R9GZknjTQw20?authuser=0&hl=pt-BR&rclk=1,No,Hospedagem domiciliar,
barrio das mesuras,,,"R. Dr. Fernando Mouga 3510, 3510-199 Viseu, Portugal",,,PT,R. Dr. Fernando Mouga 3510,40.6535278,-7.9205556,"Hospedagem domiciliar in Viseu, Portugal",https://www.google.com/maps/place/barrio+das+mesuras/data=!4m7!3m6!1s0xd23370027d12913:0xd5693208fb672f69!8m2!3d40.6535278!4d-7.9205556!16s%2Fg%2F11yhv98qdf!19sChIJEynRJwA3Iw0RaS9n-wgyadU?authuser=0&hl=pt-BR&rclk=1,No,Hospedagem domiciliar,
Casa Dr. Inês Louro,,,"R. Dr. José Inês Louro 22, 6290-051, Portugal",,,PT,R. Dr. José Inês Louro 22,40.5423308,-7.6255335,"Hospedagem domiciliar in Viseu, Portugal",https://www.google.com/maps/place/Casa+Dr.+In%C3%AAs+Louro/data=!4m7!3m6!1s0xd3cd1cc808e3c2f:0xb5d4778e87bcd90e!8m2!3d40.5423308!4d-7.6255335!16s%2Fg%2F11ssklxksw!19sChIJLzyOgMzRPA0RDtm8h4531LU?authuser=0&hl=pt-BR&rclk=1,No,Hospedagem domiciliar,
Isidro's,,,"Vila Nova de Tazem, Portugal",,,PT,Vila Nova de Tazem,40.5068618,-7.6941491,"Hospedagem domiciliar in Viseu, Portugal",https://www.google.com/maps/place/Isidro%27s/data=!4m7!3m6!1s0xd3cd17e2f95375d:0x92b6784118694617!8m2!3d40.5068618!4d-7.6941491!16s%2Fg%2F11s_z5n4cf!19sChIJXTeVL37RPA0RF0ZpGEF4tpI?authuser=0&hl=pt-BR&rclk=1,No,Hospedagem domiciliar,
Tio Paulo,,,"3660-683 Várzea, Portugal",,,PT,,40.7487574,-8.0795058,"Hospedagem domiciliar in Viseu, Portugal",https://www.google.com/maps/place/Tio+Paulo/data=!4m7!3m6!1s0xd23410012cf31f5:0x8679da8c67324757!8m2!3d40.7487574!4d-8.0795058!16s%2Fg%2F11w9l2csc_!19sChIJ9THPEgBBIw0RV0cyZ4zaeYY?authuser=0&hl=pt-BR&rclk=1,No,Hospedagem domiciliar,
Casa da Palheira,,,"R. Dr. José Inês Louro 22, 6290-051, Portugal",,,PT,R. Dr. José Inês Louro 22,40.542378,-7.6255738,"Hospedagem domiciliar in Viseu, Portugal",https://www.google.com/maps/place/Casa+da+Palheira/data=!4m7!3m6!1s0xd3cd12f76c79107:0xbb7abeef8754ee5f!8m2!3d40.542378!4d-7.6255738!16s%2Fg%2F11sskm24m5!19sChIJB5HHdi_RPA0RX-5Uh---ers?authuser=0&hl=pt-BR&rclk=1,No,Hospedagem domiciliar,
Couço Mouraz,,,"Rua da Quintinha 140, Tondela, Portugal",,,PT,Rua da Quintinha 140,40.5835723,-8.1377882,"Hospedagem domiciliar in Viseu, Portugal",https://www.google.com/maps/place/Cou%C3%A7o+Mouraz/data=!4m7!3m6!1s0xd2317005eca1739:0xbf3241225c65018d!8m2!3d40.5835723!4d-8.1377882!16s%2Fg%2F11x1xtm1yc!19sChIJORfKXgAXIw0RjQFlXCJBMr8?authuser=0&hl=pt-BR&rclk=1,No,Hospedagem domiciliar,
"Alhais, Vila Nova de Paiva",,,"R. Outeiro 36, 3650-010 Alhais, Portugal","5,0",1,PT,R. Outeiro 36,40.8616453,-7.7037621,"Hospedagem domiciliar in Viseu, Portugal","https://www.google.com/maps/place/Alhais,+Vila+Nova+de+Paiva/data=!4m7!3m6!1s0xd3cb3c2a304b79b:0x6709ca1d77fa3aba!8m2!3d40.8616453!4d-7.7037621!16s%2Fg%2F11shj7ck65!19sChIJm7cEo8KzPA0Rujr6dx3KCWc?authuser=0&hl=pt-BR&rclk=1",No,Hospedagem domiciliar,
Entrada Condado de Beirós,,,"3660-601 Serrazes, Portugal",,,PT,,40.7458582,-8.1174735,"Hospedagem domiciliar in Viseu, Portugal",https://www.google.com/maps/place/Entrada+Condado+de+Beir%C3%B3s/data=!4m7!3m6!1s0xd234108fca7abc1:0x1749cee2af50667d!8m2!3d40.7458582!4d-8.1174735!16s%2Fg%2F11tsjw308l!19sChIJwaun_AhBIw0RfWZQr-LOSRc?authuser=0&hl=pt-BR&rclk=1,No,Hospedagem domiciliar,
Casa da Serra,,'+351967871578,"R. da Capela n 41, 6270-371 Seia, Portugal","4,9",,PT,R. da Capela n 41,40.4177113,-7.6854042,"Hospedagem domiciliar in Viseu, Portugal",https://www.google.com/maps/place/Casa+da+Serra/data=!4m10!3m9!1s0xd3cd740f495f715:0xd8893d738fb85ccf!5m2!4m1!1i2!8m2!3d40.4177113!4d-7.6854042!16s%2Fg%2F11pg7jnz3w!19sChIJFfeV9EDXPA0Rz1y4j3M9idg?authuser=0&hl=pt-BR&rclk=1,No,,
Calçadinha,,,"Av. Lameira 34, 3570-110 Cortiçada, Portugal",,,PT,Av. Lameira 34,40.7604935,-7.5412307,"Hospedagem domiciliar in Viseu, Portugal",https://www.google.com/maps/place/Cal%C3%A7adinha/data=!4m7!3m6!1s0xd3cb9bdce32ab47:0x3880dac5ba3d62f0!8m2!3d40.7604935!4d-7.5412307!16s%2Fg%2F11jzqnssst!19sChIJR6syzr25PA0R8GI9usXagDg?authuser=0&hl=pt-BR&rclk=1,No,Hospedagem domiciliar,
Chão da Horta - Country House,,'+351916827062,"R. Principal 44, 3430-703 Papízios, Portugal",,,PT,R. Principal 44,40.4378091,-8.0269517,"Hospedagem domiciliar in Viseu, Portugal",https://www.google.com/maps/place/Ch%C3%A3o+da+Horta+-+Country+House/data=!4m7!3m6!1s0xd23250066b49e21:0xd9c0d20e136319ae!8m2!3d40.4378091!4d-8.0269517!16s%2Fg%2F11md98dt0n!19sChIJIZ60ZgAlIw0RrhljEw7SwNk?authuser=0&hl=pt-BR&rclk=1,No,Hospedagem domiciliar,
Monteiras,,,"Monteiras, Portugal","5,0",1,PT,Monteiras,40.9519942,-7.8723302,"Hospedagem domiciliar in Viseu, Portugal",https://www.google.com/maps/place/Monteiras/data=!4m7!3m6!1s0xd2357004eb16897:0xf684daa9cda696a9!8m2!3d40.9519942!4d-7.8723302!16s%2Fg%2F11xdx8f4qd!19sChIJl2ixTgBXIw0RqZamzanahPY?authuser=0&hl=pt-BR&rclk=1,No,Hospedagem domiciliar,
Casa de Santo Amaro,,,"R. de Santo Amaro 364, 3740-013 Cedrim, Portugal","5,0",1,PT,R. de Santo Amaro 364,40.6923165,-8.3295617,"Hospedagem domiciliar in Viseu, Portugal",https://www.google.com/maps/place/Casa+de+Santo+Amaro/data=!4m10!3m9!1s0xd237300249819c5:0xbc0c9a15f25d78e!5m2!4m1!1i2!8m2!3d40.6923165!4d-8.3295617!16s%2Fg%2F11xn0gy8g0!19sChIJxRmYJABzIw0RjtclX6HJwAs?authuser=0&hl=pt-BR&rclk=1,No,,
Casa das Neves,,,"R. do Triunfo 84, 6260-127 Manteigas, Portugal","3,8",,PT,R. do Triunfo 84,40.4034625,-7.5391149,"Hospedagem domiciliar in Viseu, Portugal",https://www.google.com/maps/place/Casa+das+Neves/data=!4m7!3m6!1s0xd3cd9adb96b747f:0xdd4040bd014fd90b!8m2!3d40.4034625!4d-7.5391149!16s%2Fg%2F11t3zgnspl!19sChIJf3Rrua3ZPA0RC9lPAb1AQN0?authuser=0&hl=pt-BR&rclk=1,No,Hospedagem domiciliar,
Indiana Home,,,"R. Chão da Ponte 13, 6370-411, Portugal",,,PT,R. Chão da Ponte 13,40.609651,-7.4878391,"Hospedagem domiciliar in Viseu, Portugal",https://www.google.com/maps/place/Indiana+Home/data=!4m7!3m6!1s0xd3cc300195d31cf:0x6225a2a80cd168bd!8m2!3d40.609651!4d-7.4878391!16s%2Fg%2F11w51x6m91!19sChIJzzFdGQDDPA0RvWjRDKiiJWI?authuser=0&hl=pt-BR&rclk=1,No,Hospedagem domiciliar,
Costa,,,"ARC, R. dos Ex-combatentes n° 864, Costa, 4540-478, Portugal","5,0",1,PT,Costa,40.9199617,-8.3142227,"Hospedagem domiciliar in Viseu, Portugal",https://www.google.com/maps/place/Costa/data=!4m7!3m6!1s0xd237d006864dd95:0x184552ebda3aee08!8m2!3d40.9199617!4d-8.3142227!16s%2Fg%2F11y6ns8njj!19sChIJld1kaAB9Iw0RCO462utSRRg?authuser=0&hl=pt-BR&rclk=1,No,Hospedagem domiciliar,
Paiva River Suites,,'+351969606370,"XR6M+4P, Alvarenga, Portugal","4,9",,PT,XR6M+4P,40.9603195,-8.1657518,"Hospedagem domiciliar in Viseu, Portugal",https://www.google.com/maps/place/Paiva+River+Suites/data=!4m10!3m9!1s0xd2361007e4a2be9:0x25ffc21db4d4c4d2!5m2!4m1!1i2!8m2!3d40.9603195!4d-8.1657518!16s%2Fg%2F11w7d045ln!19sChIJ6StKfgBhIw0R0sTUtB3C_yU?authuser=0&hl=pt-BR&rclk=1,No,,
Casa da Redouça,,,"Redouça, 3740-018 Sever do Vouga, Portugal","3,7",,PT,Redouça,40.7192491,-8.3309399,"Hospedagem domiciliar in Viseu, Portugal",https://www.google.com/maps/place/Casa+da+Redou%C3%A7a/data=!4m10!3m9!1s0xd2373223ea2a1a5:0x7709e15c23ed8a87!5m2!4m1!1i2!8m2!3d40.7192491!4d-8.3309399!16s%2Fg%2F11swpn6c4k!19sChIJpaGiPiJzIw0Rh4rtI1zhCXc?authuser=0&hl=pt-BR&rclk=1,No,,
Rua de Lobo Joanes,,,"3600-276 Castro Daire, Portugal",,,PT,,40.8990093,-7.926699,"Hospedagem domiciliar in Viseu, Portugal",https://www.google.com/maps/place/Rua+de+Lobo+Joanes/data=!4m7!3m6!1s0xd2351f875c4e305:0xaef12a79ec1b94ea!8m2!3d40.8990093!4d-7.926699!16s%2Fg%2F11s45d5xrg!19sChIJBePEdfhRIw0R6pQb7Hkq8a4?authuser=0&hl=pt-BR&rclk=1,No,Hospedagem domiciliar,
Sentinela AL,,,"R. do Casal 36, 3740-271 Sever do Vouga, Portugal","5,0",1,PT,R. do Casal 36,40.7335092,-8.3709843,"Hospedagem domiciliar in Viseu, Portugal",https://www.google.com/maps/place/Sentinela+AL/data=!4m7!3m6!1s0xd2373dd84d8a181:0x3ae7a71d4a359c78!8m2!3d40.7335092!4d-8.3709843!16s%2Fg%2F11rx3nj521!19sChIJgaHYhN1zIw0ReJw1Sh2n5zo?authuser=0&hl=pt-BR&rclk=1,No,Hospedagem domiciliar,
"Casa da Malhada, Vasco Esteves de Cima",,,"R. da Malhada 5, 6270-014 Vasco Esteves De Cima, Portugal","5,0",1,PT,R. da Malhada 5,40.2735073,-7.7088708,"Hospedagem domiciliar in Viseu, Portugal","https://www.google.com/maps/place/Casa+da+Malhada,+Vasco+Esteves+de+Cima/data=!4m7!3m6!1s0xd3d2d0034083f8b:0xffb67b76ab4dd007!8m2!3d40.2735073!4d-7.7088708!16s%2Fg%2F11z4v5xwzh!19sChIJiz8INAAtPQ0RB9BNq3Z7tv8?authuser=0&hl=pt-BR&rclk=1",No,Hospedagem domiciliar,
HI São Pedro do Sul – Pousada de Juventude,,,"Rua Central 818, 3660-692 São Pedro do Sul, Portugal","4,2",,PT,Rua Central 818,40.738218,-8.091591,"Hotel de 2 estrelas in Viseu, Portugal",https://www.google.com/maps/place/HI+S%C3%A3o+Pedro+do+Sul+%E2%80%93+Pousada+de+Juventude/data=!4m10!3m9!1s0xd23419e4a88d71f:0xd44f79499b7e16fe!5m2!4m1!1i2!8m2!3d40.738218!4d-8.091591!16s%2Fg%2F113hmydr3!19sChIJH9eISp5BIw0R_hZ-m0l5T9Q?authuser=0&hl=pt-BR&rclk=1,No,,
Alojamento Local Casa da Montanha PT,,'+351913777427,"Rua F Número 26, Contenças de Baixo, 3530-344 Mangualde, Portugal","4,3",,PT,Contenças de Baixo,40.5610201,-7.7171239,"Albergue in Viseu, Portugal",https://www.google.com/maps/place/Alojamento+Local+Casa+da+Montanha+PT/data=!4m10!3m9!1s0xd3ccdbf76af2a9f:0x8d2bf99f4e5e5219!5m2!4m1!1i2!8m2!3d40.5610201!4d-7.7171239!16s%2Fg%2F11ldl0836h!19sChIJnyqvdr_NPA0RGVJeTp_5K40?authuser=0&hl=pt-BR&rclk=1,No,,
Casa da Ponte,,,"Largo Feira Velha 82, 3660-514 São Pedro do Sul, Portugal","5,0",1,PT,Largo Feira Velha 82,40.7599856,-8.0558681,"Albergue in Viseu, Portugal",https://www.google.com/maps/place/Casa+da+Ponte/data=!4m10!3m9!1s0xd2343005f08e40b:0xfbb6d0cea4427cbc!5m2!4m1!1i2!8m2!3d40.7599856!4d-8.0558681!16s%2Fg%2F11vwgfsjbn!19sChIJC-QIXwBDIw0RvHxCpM7Qtvs?authuser=0&hl=pt-BR&rclk=1,No,,
Casa Fina (AL149545),,'+351910238925,"Candal e Carvalhais, 3660-043 São Pedro do Sul, Portugal","4,8",,PT,Candal e Carvalhais,40.8265834,-8.1474335,"Albergue in Viseu, Portugal",https://www.google.com/maps/place/Casa+Fina+%28AL149545%29/data=!4m10!3m9!1s0xd236906cbcc3a19:0x99239f2318dd33d1!5m2!4m1!1i2!8m2!3d40.8265834!4d-8.1474335!16s%2Fg%2F11v40txbds!19sChIJGTrMywZpIw0R0TPdGCOfI5k?authuser=0&hl=pt-BR&rclk=1,No,,
Quinta do Vale do Juíz,,'+351960448259,"Quinta Vale Do Juiz, 6270-422 Seia, Portugal",,,PT,Quinta Vale Do Juiz,40.4367265,-7.7200739,"Albergue in Viseu, Portugal",https://www.google.com/maps/place/Quinta+do+Vale+do+Ju%C3%ADz/data=!4m10!3m9!1s0xd3cd58b8b1727d3:0xc58bac74fb330e8b!5m2!4m1!1i2!8m2!3d40.4367265!4d-7.7200739!16s%2Fg%2F11z5g1s834!19sChIJ0ycXi4vVPA0Riw4z-3Ssi8U?authuser=0&hl=pt-BR&rclk=1,No,,
O Palheiro,,'+351927915378,"R. Principal 3475, Portugal","5,0",,PT,R. Principal 3475,40.5585906,-8.1711613,"Albergue in Viseu, Portugal",https://www.google.com/maps/place/O+Palheiro/data=!4m10!3m9!1s0xd2317006a5fb82b:0xa48b8953868cc779!5m2!4m1!1i2!8m2!3d40.5585906!4d-8.1711613!16s%2Fg%2F11lmkb4tzw!19sChIJK7hfagAXIw0ReceMhlOJi6Q?authuser=0&hl=pt-BR&rclk=1,No,,
Casa Rosàlia-AL,,'+351966578080,"Bairro Novo, 3600-463, Portugal","5,0",,PT,Bairro Novo,40.8199025,-7.8668017,"Albergue in Viseu, Portugal",https://www.google.com/maps/place/Casa+Ros%C3%A0lia-AL/data=!4m10!3m9!1s0xd234d0006856e3f:0x683935272a20b1c9!5m2!4m1!1i2!8m2!3d40.8199025!4d-7.8668017!16s%2Fg%2F11ytk_z7zm!19sChIJP26FBgBNIw0RybEgKic1OWg?authuser=0&hl=pt-BR&rclk=1,No,,
Cantinho das Barrocas,,'+351967665742,"Quinta das Barrocas Amiais, 3550-033 Penalva do Castelo, Portugal","3,0",,PT,Quinta das Barrocas Amiais,40.679478,-7.6504014,"Albergue in Viseu, Portugal",https://www.google.com/maps/place/Cantinho+das+Barrocas/data=!4m10!3m9!1s0xd3cc9004106061d:0xa9c4886f0ce87fa3!5m2!4m1!1i2!8m2!3d40.679478!4d-7.6504014!16s%2Fg%2F11vplw9l4n!19sChIJHQYGQQDJPA0Ro3_oDG-IxKk?authuser=0&hl=pt-BR&rclk=1,No,,
Casa Rainha D. Amélia,,,"Termas de São Pedro do Sul, 3660-691 São Pedro do Sul, Portugal",,,PT,Termas de São Pedro do Sul,40.7392627,-8.093057,"Albergue in Viseu, Portugal",https://www.google.com/maps/place/Casa+Rainha+D.+Am%C3%A9lia/data=!4m10!3m9!1s0xd234100574d1bcb:0x642fc48b5e57a2e4!5m2!4m1!1i2!8m2!3d40.7392627!4d-8.093057!16s%2Fg%2F11ylqczmv_!19sChIJyxtNVwBBIw0R5KJXXovEL2Q?authuser=0&hl=pt-BR&rclk=1,No,,
Pilgrims Beach House,,'+351966489414,"R. da Gelfa n.º864, 4910-012 Âncora, Portugal","5,0",,PT,R. da Gelfa n.º864,41.7965581,-8.8683849,"Hospedaria in Viana do Castelo, Portugal",https://www.google.com/maps/place/Pilgrims+Beach+House/data=!4m10!3m9!1s0xd25c780489e3805:0x55442ad5dd190148!5m2!4m1!1i2!8m2!3d41.7965581!4d-8.8683849!16s%2Fg%2F11tjz6rhzq!19sChIJBTieSIDHJQ0RSAEZ3dUqRFU?authuser=0&hl=pt-BR&rclk=1,No,,
Hotel,,,"4700-565 Mire de Tibães, Portugal","3,0",1,PT,,41.5554386,-8.4783432,"Hospedaria in Viana do Castelo, Portugal",https://www.google.com/maps/place/Hotel/data=!4m10!3m9!1s0xd24ffa5d26c99db:0x5b6c03610a508973!5m2!4m1!1i2!8m2!3d41.5554386!4d-8.4783432!16s%2Fg%2F11kj10jqmt!19sChIJ25ls0qX_JA0Rc4lQCmEDbFs?authuser=0&hl=pt-BR&rclk=1,No,,
Lar Patronato de Nossa Senhora da Torre,,'+351253617762,"087, R. da Boavista 54, Braga, Portugal","3,5",,PT,R. da Boavista 54,41.5519528,-8.4301258,"Hospedaria in Viana do Castelo, Portugal",https://www.google.com/maps/place/Lar+Patronato+de+Nossa+Senhora+da+Torre/data=!4m7!3m6!1s0xd24fc21d0d48c91:0x71d3945d61ce5341!8m2!3d41.5519528!4d-8.4301258!16s%2Fg%2F11g86k9xtq!19sChIJkYzU0CH8JA0RQVPOYV2U03E?authuser=0&hl=pt-BR&rclk=1,No,Hospedaria,
Hospedaria Beco da Matriz,,'+351967304788,"BC da Matriz, 4950-486 Monção, Portugal","4,3",,PT,BC da Matriz,42.0790716,-8.4801255,"Hospedaria in Viana do Castelo, Portugal",https://www.google.com/maps/place/Hospedaria+Beco+da+Matriz/data=!4m7!3m6!1s0xd2577c6ac1a0cd1:0x68a740a43c180904!8m2!3d42.0790716!4d-8.4801255!16s%2Fg%2F11tc111svm!19sChIJ0QwarMZ3JQ0RBAkYPKRAp2g?authuser=0&hl=pt-BR&rclk=1,No,Hotel de beira de estrada,
Residencial Albergaria,,'+351925066345,"R. Dr. Afonso Viana 40, 4940-531 Paredes de Coura, Portugal","3,5",,PT,R. Dr. Afonso Viana 40,41.9105148,-8.5589275,"Hotel de 3 estrelas in Viana do Castelo, Portugal",https://www.google.com/maps/place/Residencial+Albergaria/data=!4m10!3m9!1s0xd25a1e4f1a5dff9:0x877b283d0adce5e!5m2!4m1!1i2!8m2!3d41.9105148!4d-8.5589275!16s%2Fg%2F11bby381b_!19sChIJ-d-l8eShJQ0RXs6t0IOydwg?authuser=0&hl=pt-BR&rclk=1,No,,
Lux'Otel Barcelos,,'+351933240701,"Região Norte, R. da Madalena no 33, 4750-314 Barcelos, Portugal","4,6",,PT,R. da Madalena no 33,41.5333703,-8.6222074,"Hotel in Viana do Castelo, Portugal",https://www.google.com/maps/place/Lux%27Otel+Barcelos/data=!4m10!3m9!1s0xd2452369a621083:0x4b34d0e7cdff15a3!5m2!4m1!1i2!8m2!3d41.5333703!4d-8.6222074!16s%2Fg%2F11p07jzghw!19sChIJgxBimjZSJA0RoxX_zefQNEs?authuser=0&hl=pt-BR&rclk=1,No,,
Torre de Gomariz Wine & Spa Hotel,,,"Av. Sobral Castelo 76, 4730-102 Cervães, Portugal","4,8",,PT,Av. Sobral Castelo 76,41.588335,-8.536066,"Hotel de 5 estrelas in Viana do Castelo, Portugal",https://www.google.com/maps/place/Torre+de+Gomariz+Wine+%26+Spa+Hotel/data=!4m10!3m9!1s0xd2454db9cabacc1:0x703ff9f18cd3264d!5m2!4m1!1i2!8m2!3d41.588335!4d-8.536066!16s%2Fg%2F11bwpc2wjd!19sChIJwayrnNtUJA0RTSbTjPH5P3A?authuser=0&hl=pt-BR&rclk=1,No,,
Hotel Meira,,,"R. 5 de Outubro 56, 4910-386 Vila Praia de Âncora, Portugal","4,4",,PT,R. 5 de Outubro 56,41.814283,-8.863547,"Hotel de 4 estrelas in Viana do Castelo, Portugal",https://www.google.com/maps/place/Hotel+Meira/data=!4m10!3m9!1s0xd25c734a66fcd4d:0x58cf308970aaeeb5!5m2!4m1!1i2!8m2!3d41.814283!4d-8.863547!16s%2Fg%2F1tp90b57!19sChIJTc1vpjTHJQ0Rte6qcIkwz1g?authuser=0&hl=pt-BR&rclk=1,No,,
Casa de Lamas,,'+351936752567,"4940-026 Agualonga, Portugal","4,9",,PT,,41.8860007,-8.6236359,"Hospedagem domiciliar in Viana do Castelo, Portugal",https://www.google.com/maps/place/Casa+de+Lamas/data=!4m7!3m6!1s0xd25a374d032d80b:0x8b73a3e6b7205d6b!8m2!3d41.8860007!4d-8.6236359!16s%2Fg%2F11t74c8hjj!19sChIJC9gy0HSjJQ0Ra10gt-ajc4s?authuser=0&hl=pt-BR&rclk=1,No,Hospedagem domiciliar,
Casa dos Cedros,,,"Cristelo, Portugal","5,0",1,PT,Cristelo,41.8549069,-8.8417511,"Hospedagem domiciliar in Viana do Castelo, Portugal",https://www.google.com/maps/place/Casa+dos+Cedros/data=!4m7!3m6!1s0xd25c198f3f0acc9:0xf443128746d8ef92!8m2!3d41.8549069!4d-8.8417511!16s%2Fg%2F11krdrdjlk!19sChIJyazw85jBJQ0Rku_YRocSQ_Q?authuser=0&hl=pt-BR&rclk=1,No,Hospedagem domiciliar,
Casa do Costeiro,,,"R. do Souto 521, 4990-650 Gondufe, Portugal","5,0",1,PT,R. do Souto 521,41.7510883,-8.5118569,"Hospedagem domiciliar in Viana do Castelo, Portugal",https://www.google.com/maps/place/Casa+do+Costeiro/data=!4m7!3m6!1s0xd25a3001952080d:0xacdccfebf01c59fa!8m2!3d41.7510883!4d-8.5118569!16s%2Fg%2F11ykmd7fh8!19sChIJDQhSGQCjJQ0R-lkc8OvP3Kw?authuser=0&hl=pt-BR&rclk=1,No,Hospedagem domiciliar,
Casa do Esquilo,,,"N301, 4940, Portugal","5,0",,PT,N301,41.883095,-8.6276512,"Hospedagem domiciliar in Viana do Castelo, Portugal",https://www.google.com/maps/place/Casa+do+Esquilo/data=!4m7!3m6!1s0xd25a353312dc62d:0xc24ce0157b027ba2!8m2!3d41.883095!4d-8.6276512!16s%2Fg%2F11jdhdzzzg!19sChIJLcYtMVOjJQ0RonsCexXgTMI?authuser=0&hl=pt-BR&rclk=1,No,Hospedagem domiciliar,
Fonte Gatenha,,,"Caminho da Fonte Gatenha 4900, Portugal","4,7",,PT,Caminho da Fonte Gatenha 4900,41.7867145,-8.8643799,"Hospedagem domiciliar in Viana do Castelo, Portugal",https://www.google.com/maps/place/Fonte+Gatenha/data=!4m7!3m6!1s0xd25c7005eccede1:0x10aa1a051764075!8m2!3d41.7867145!4d-8.8643799!16s%2Fg%2F11ld770804!19sChIJ4e3MXgDHJQ0RdUB2UaChCgE?authuser=0&hl=pt-BR&rclk=1,No,Hospedagem domiciliar,
Casa dos Leões,,,"Vilar do Monte, Portugal","3,1",,PT,Vilar do Monte,41.8538243,-8.5420271,"Hospedagem domiciliar in Viana do Castelo, Portugal",https://www.google.com/maps/place/Casa+dos+Le%C3%B5es/data=!4m10!3m9!1s0xd25a12989d03aeb:0xde48c60b99480bd9!5m2!4m1!1i2!8m2!3d41.8538243!4d-8.5420271!16s%2Fg%2F11pc9n9_ss!19sChIJ6zrQiSmhJQ0R2QtImQvGSN4?authuser=0&hl=pt-BR&rclk=1,No,,
HOME,,,"R. da Veiga 23, 4910-013 Âncora, Portugal",,,PT,R. da Veiga 23,41.8042416,-8.854722,"Hospedagem domiciliar in Viana do Castelo, Portugal",https://www.google.com/maps/place/HOME/data=!4m7!3m6!1s0xd25c7006570b32d:0x9b9e10fb73caa1d!8m2!3d41.8042416!4d-8.854722!16s%2Fg%2F11npyj1nt5!19sChIJLbNwZQDHJQ0RHao8tw_huQk?authuser=0&hl=pt-BR&rclk=1,No,Hospedagem domiciliar,
Casa da Ruiva,,,"Lugar Do, Castanheirinho, 4910-357, Portugal","5,0",,PT,Castanheirinho,41.8532586,-8.8082084,"Hospedagem domiciliar in Viana do Castelo, Portugal",https://www.google.com/maps/place/Casa+da+Ruiva/data=!4m7!3m6!1s0xd25bfa8c17bfe0d:0x335693c759bf56b5!8m2!3d41.8532586!4d-8.8082084!16s%2Fg%2F11q35sv6f4!19sChIJDf57wai_JQ0RtVa_WceTVjM?authuser=0&hl=pt-BR&rclk=1,No,Hospedagem domiciliar,
Casinhas de Fontão,,,"Av. da Igreja, Portugal",,,PT,Av. da Igreja,41.741914,-8.6626512,"Hospedagem domiciliar in Viana do Castelo, Portugal",https://www.google.com/maps/place/Casinhas+de+Font%C3%A3o/data=!4m7!3m6!1s0xd25b1003ccfdd1b:0xbd6729fc6f3e0886!8m2!3d41.741914!4d-8.6626512!16s%2Fg%2F11mrdlgm8m!19sChIJG93PPACxJQ0Rhgg-b_wpZ70?authuser=0&hl=pt-BR&rclk=1,No,Hospedagem domiciliar,
BARMONTA residencial 5,,,"Av. Marcelino Queiroz 320, Portugal",,,PT,Av. Marcelino Queiroz 320,41.6147155,-8.7447883,"Hospedagem domiciliar in Viana do Castelo, Portugal",https://www.google.com/maps/place/BARMONTA+residencial+5/data=!4m7!3m6!1s0xd25b3003f3fb10f:0xa50ee3dd664588ca!8m2!3d41.6147155!4d-8.7447883!16s%2Fg%2F11ntgl0n86!19sChIJD7E_PwCzJQ0RyohFZt3jDqU?authuser=0&hl=pt-BR&rclk=1,No,Hospedagem domiciliar,
Casa da Mata da Ribeira,,'+351964116313,"Rua Portuzelo, n.328, 4750-794, Portugal","3,7",,PT,n.328,41.5631982,-8.7164145,"Hospedagem domiciliar in Viana do Castelo, Portugal",https://www.google.com/maps/place/Casa+da+Mata+da+Ribeira/data=!4m10!3m9!1s0xd244d415c540185:0x98714720735a56cf!5m2!4m1!1i2!8m2!3d41.5631982!4d-8.7164145!16s%2Fg%2F11t2cmzg31!19sChIJhQFUXEFNJA0Rz1ZacyBHcZg?authuser=0&hl=pt-BR&rclk=1,No,,
Casa Filo,,,"EM539 196 198, Portugal",,,PT,EM539 196 198,41.6595995,-8.4856989,"Hospedagem domiciliar in Viana do Castelo, Portugal",https://www.google.com/maps/place/Casa+Filo/data=!4m7!3m6!1s0xd25ab007ca6ad8f:0xe05d311199cfbcaa!8m2!3d41.6595995!4d-8.4856989!16s%2Fg%2F11yzcq_cnc!19sChIJj62mfACrJQ0RqrzPmRExXeA?authuser=0&hl=pt-BR&rclk=1,No,Hospedagem domiciliar,
Rua dos mareantes,,,"R. de Santa Bárbara 3, 4740 Fão, Portugal",,,PT,R. de Santa Bárbara 3,41.5080707,-8.7718212,"Hospedagem domiciliar in Viana do Castelo, Portugal",https://www.google.com/maps/place/Rua+dos+mareantes/data=!4m7!3m6!1s0xd244b0048bac2cd:0xb02e29caeeb2010d!8m2!3d41.5080707!4d-8.7718212!16s%2Fg%2F11n4tlqfvf!19sChIJzcK6SABLJA0RDQGy7sopLrA?authuser=0&hl=pt-BR&rclk=1,No,Hospedagem domiciliar,
Tranquility Retreat & Village,,,"Aldreu, Portugal",,,PT,Aldreu,41.6084447,-8.7175031,"Hospedagem domiciliar in Viana do Castelo, Portugal",https://www.google.com/maps/place/Tranquility+Retreat+%26+Village/data=!4m7!3m6!1s0xd25b3002d4506a7:0xaa6b80311571da28!8m2!3d41.6084447!4d-8.7175031!16s%2Fg%2F11wjx0wtv_!19sChIJpwZFLQCzJQ0RKNpxFTGAa6o?authuser=0&hl=pt-BR&rclk=1,No,Hospedagem domiciliar,
Rua de Fornelos,,,"R. dos Moinhos do Marinheiro 63, 4900, Portugal",,,PT,R. dos Moinhos do Marinheiro 63,41.7479858,-8.8749378,"Hospedagem domiciliar in Viana do Castelo, Portugal",https://www.google.com/maps/place/Rua+de+Fornelos/data=!4m7!3m6!1s0xd25c7e214690cb3:0xa7a5989b40d6a3e0!8m2!3d41.7479858!4d-8.8749378!16s%2Fg%2F11q2w0bf0l!19sChIJswxpFOLHJQ0R4KPWQJuYpac?authuser=0&hl=pt-BR&rclk=1,No,Hospedagem domiciliar,
Quinta da Carvoeira,,,"N306, 4990, Portugal",,,PT,N306,41.8339487,-8.5826072,"Hospedagem domiciliar in Viana do Castelo, Portugal",https://www.google.com/maps/place/Quinta+da+Carvoeira/data=!4m7!3m6!1s0xd25a5416b523cc9:0x25fee39c4bc8e71b!8m2!3d41.8339487!4d-8.5826072!16s%2Fg%2F11rwmbf6nt!19sChIJyTxSa0GlJQ0RG-fIS5zj_iU?authuser=0&hl=pt-BR&rclk=1,No,Hospedagem domiciliar,
Casa Rural Portugal,,,"São Martinho Escariz, Portugal",,,PT,São Martinho Escariz,41.644189,-8.5230208,"Hospedagem domiciliar in Viana do Castelo, Portugal",https://www.google.com/maps/place/Casa+Rural+Portugal/data=!4m7!3m6!1s0xd25ab002e3470fb:0x8a1b771775adad49!8m2!3d41.644189!4d-8.5230208!16s%2Fg%2F11y46r926z!19sChIJ-3A0LgCrJQ0RSa2tdRd3G4o?authuser=0&hl=pt-BR&rclk=1,No,Hospedagem domiciliar,
Casa da Encosta,,,"Caminho dos Pereiros 1060, 4940, Portugal","5,0",1,PT,Caminho dos Pereiros 1060,41.9075631,-8.579302,"Hospedagem domiciliar in Viana do Castelo, Portugal",https://www.google.com/maps/place/Casa+da+Encosta/data=!4m7!3m6!1s0xd25a30053bb1929:0x2708fa3e89378a9d!8m2!3d41.9075631!4d-8.579302!16s%2Fg%2F11wvdtwfsn!19sChIJKRm7UwCjJQ0RnYo3iT76CCc?authuser=0&hl=pt-BR&rclk=1,No,Hospedagem domiciliar,
Alojamento de coura,,,"R. da Volta da Quinta, 4940-574 Paredes de Coura, Portugal",,,PT,R. da Volta da Quinta,41.9143327,-8.5542057,"Hospedagem domiciliar in Viana do Castelo, Portugal",https://www.google.com/maps/place/Alojamento+de+coura/data=!4m7!3m6!1s0xd25a100356e14bd:0xe1c39f8196efc575!8m2!3d41.9143327!4d-8.5542057!16s%2Fg%2F11wjbfn5zl!19sChIJvRRuNQChJQ0RdcXvloGfw-E?authuser=0&hl=pt-BR&rclk=1,No,Hospedagem domiciliar,
Casa Pais,,,"N13, 1009-859 Lanhelas, Portugal",,,PT,N13,41.9103108,-8.790411,"Hospedagem domiciliar in Viana do Castelo, Portugal",https://www.google.com/maps/place/Casa+Pais/data=!4m7!3m6!1s0xd25950067dc0817:0xc80efbe85fede877!8m2!3d41.9103108!4d-8.790411!16s%2Fg%2F11y7cyn_rf!19sChIJFwjcZwCVJQ0Rd-jtX-j7Dsg?authuser=0&hl=pt-BR&rclk=1,No,Hospedagem domiciliar,
Alminha,,,"Vila Nova de Cerveira, Portugal",,,PT,Vila Nova de Cerveira,41.93864,-8.6946889,"Hospedagem domiciliar in Viana do Castelo, Portugal",https://www.google.com/maps/place/Alminha/data=!4m7!3m6!1s0xd25977e022cf787:0xb346e89ed3808d27!8m2!3d41.93864!4d-8.6946889!16s%2Fg%2F11q8gbnfrn!19sChIJh_csAn6XJQ0RJ42A057oRrM?authuser=0&hl=pt-BR&rclk=1,No,Hospedagem domiciliar,
Casa Zé da Cotta,,,"Lugar da Póvoa Dura 132, 4730-010, Portugal","5,0",1,PT,Lugar da Póvoa Dura 132,41.7555069,-8.3640752,"Hospedagem domiciliar in Viana do Castelo, Portugal",https://www.google.com/maps/place/Casa+Z%C3%A9+da+Cotta/data=!4m7!3m6!1s0xd2505000bf4967b:0x466dd0104822c43a!8m2!3d41.7555069!4d-8.3640752!16s%2Fg%2F11y9bg5hql!19sChIJe5b0CwAFJQ0ROsQiSBDQbUY?authuser=0&hl=pt-BR&rclk=1,No,Hospedagem domiciliar,
Alojamiento rural - Casa Lima,,,"Caminho das Pedras, Taião, Portugal",,,PT,Caminho das Pedras,41.9974919,-8.5915902,"Hospedagem domiciliar in Viana do Castelo, Portugal",https://www.google.com/maps/place/Alojamiento+rural+-+Casa+Lima/data=!4m7!3m6!1s0xd259b000a807ccb:0x2744922807296056!8m2!3d41.9974919!4d-8.5915902!16s%2Fg%2F11myksw8hc!19sChIJy3yACgCbJQ0RVmApByiSRCc?authuser=0&hl=pt-BR&rclk=1,No,Hospedagem domiciliar,
Cabana do Dinamarquês,,'+351935161320,"Arga de Baixo, Portugal","5,0",,PT,Arga de Baixo,41.8421653,-8.7087985,"Albergue in Viana do Castelo, Portugal",https://www.google.com/maps/place/Cabana+do+Dinamarqu%C3%AAs/data=!4m10!3m9!1s0xd25bd3b0e79fda1:0x48f0df7ed23a1f52!5m2!4m1!1i2!8m2!3d41.8421653!4d-8.7087985!16s%2Fg%2F11q425w882!19sChIJof15Dju9JQ0RUh860n7f8Eg?authuser=0&hl=pt-BR&rclk=1,No,,
Minho at Home,,'+351967474483,"R. de Sendim 173, 4935-564 Castelo do Neiva, Portugal","5,0",,PT,R. de Sendim 173,41.6252508,-8.8009188,"Albergue in Viana do Castelo, Portugal",https://www.google.com/maps/place/Minho+at+Home/data=!4m10!3m9!1s0xd25b56cc6a99007:0x98ad8c3f688b6dbe!5m2!4m1!1i2!8m2!3d41.6252508!4d-8.8009188!16s%2Fg%2F11m5h7p7bk!19sChIJB5Cpxmy1JQ0Rvm2LaD-MrZg?authuser=0&hl=pt-BR&rclk=1,No,,
Casa da Clô,,'+351963833759,"R. dos Pescadores 25 27, 4910-502 Vila Praia de Âncora, Portugal","4,8",,PT,R. dos Pescadores 25 27,41.8151021,-8.8658907,"Albergue in Viana do Castelo, Portugal",https://www.google.com/maps/place/Casa+da+Cl%C3%B4/data=!4m10!3m9!1s0xd25c15329a4e953:0xda6d44a387bd32b5!5m2!4m1!1i2!8m2!3d41.8151021!4d-8.8658907!16s%2Fg%2F11vf8vzg3g!19sChIJU-mkKVPBJQ0RtTK9h6NEbdo?authuser=0&hl=pt-BR&rclk=1,No,,
Casa do Campo do Forno,,'+351934122695,"Av. da Amorosa 350, 4935-584, Portugal","4,9",,PT,Av. da Amorosa 350,41.6490646,-8.7829492,"Albergue in Viana do Castelo, Portugal",https://www.google.com/maps/place/Casa+do+Campo+do+Forno/data=!4m10!3m9!1s0xd25b430c44dd2bb:0xe55ec64edbbae12e!5m2!4m1!1i2!8m2!3d41.6490646!4d-8.7829492!16s%2Fg%2F11f5ly8c08!19sChIJu9JNxDC0JQ0RLuG6207GXuU?authuser=0&hl=pt-BR&rclk=1,No,,
Casa da Padroa,,'+351927753276,"EM1194 2, 4730-458 Braga, Portugal","4,5",,PT,EM1194 2,41.6137581,-8.455981,"Albergue in Viana do Castelo, Portugal",https://www.google.com/maps/place/Casa+da+Padroa/data=!4m10!3m9!1s0xd25018eab0578a9:0xabbac470ad3ff8e2!5m2!4m1!1i2!8m2!3d41.6137581!4d-8.455981!16s%2Fg%2F11nwzcn5cs!19sChIJqXgFq44BJQ0R4vg_rXDEuqs?authuser=0&hl=pt-BR&rclk=1,No,,
Casa na Quinta de Valinhas,,,"R. de Valinhas 433, 4990-832 Vitorino dos Piães, Portugal","5,0",,PT,R. de Valinhas 433,41.6735655,-8.6196707,"Albergue in Viana do Castelo, Portugal",https://www.google.com/maps/place/Casa+na+Quinta+de+Valinhas/data=!4m10!3m9!1s0xd25ad000ec6afdd:0x5fc0c0d091ab9846!5m2!4m1!1i2!8m2!3d41.6735655!4d-8.6196707!16s%2Fg%2F11z6tfmgfp!19sChIJ3a_GDgCtJQ0RRpirkdDAwF8?authuser=0&hl=pt-BR&rclk=1,No,,
Casa da Freiria - Turismo de Habitação,,'+351916164877,"Largo da Freiria 7, 4990-150 Pte. de Lima, Portugal",,,PT,Largo da Freiria 7,41.7698318,-8.5911788,"Albergue in Viana do Castelo, Portugal",https://www.google.com/maps/place/Casa+da+Freiria+-+Turismo+de+Habita%C3%A7%C3%A3o/data=!4m10!3m9!1s0xd25a5d82f3d3d65:0x3459767b9fe666b7!5m2!4m1!1i2!8m2!3d41.7698318!4d-8.5911788!16s%2Fg%2F11myy_bwtq!19sChIJZT09L9ilJQ0Rt2bmn3t2WTQ?authuser=0&hl=pt-BR&rclk=1,No,,
Almeida's House,,,"R. Gago Coutinho 62, 4900-528 Viana do Castelo, Portugal","4,6",,PT,R. Gago Coutinho 62,41.6937385,-8.827002,"Albergue in Viana do Castelo, Portugal",https://www.google.com/maps/place/Almeida%27s+House/data=!4m10!3m9!1s0xd25b7098278ea61:0x30328813c7867a7b!5m2!4m1!1i2!8m2!3d41.6937385!4d-8.827002!16s%2Fg%2F11ssbstrjz!19sChIJYep4ggm3JQ0Re3qGxxOIMjA?authuser=0&hl=pt-BR&rclk=1,No,,
Viana do Castelo Home,,'+351938408156,"R. Reitor Agostinho de Brito 10, 4925-098 Viana do Castelo, Portugal",,,PT,R. Reitor Agostinho de Brito 10,41.7065184,-8.7707152,"Albergue in Viana do Castelo, Portugal",https://www.google.com/maps/place/Viana+do+Castelo+Home/data=!4m10!3m9!1s0xd25b70070558953:0xd26a4f12d9c8cb35!5m2!4m1!1i2!8m2!3d41.7065184!4d-8.7707152!16s%2Fg%2F11vycg06ny!19sChIJU4lVcAC3JQ0RNcvI2RJPatI?authuser=0&hl=pt-BR&rclk=1,No,,
Casa do Bom Jesus,,'+351964448357,"Largo do Bom Jesus, Portugal","5,0",,PT,Largo do Bom Jesus,41.708614,-8.5201016,"Albergue in Viana do Castelo, Portugal",https://www.google.com/maps/place/Casa+do+Bom+Jesus/data=!4m10!3m9!1s0xd25a920ed070413:0xcd98f768739f1a52!5m2!4m1!1i2!8m2!3d41.708614!4d-8.5201016!16s%2Fg%2F11svww7t3d!19sChIJEwQH7SCpJQ0RUhqfc2j3mM0?authuser=0&hl=pt-BR&rclk=1,No,,
SUNSEThouse,,'+351963020440,"Av. Eng. Couto dos Santos 544, 4910-232 Moledo, Portugal","2,0",1,PT,Av. Eng. Couto dos Santos 544,41.8479694,-8.866028,"Albergue in Viana do Castelo, Portugal",https://www.google.com/maps/place/SUNSEThouse/data=!4m10!3m9!1s0xd25c1dd5a7668f5:0x82283bab52fa8b84!5m2!4m1!1i2!8m2!3d41.8479694!4d-8.866028!16s%2Fg%2F11hf237cpy!19sChIJ9Wh2Wt3BJQ0RhIv6Uqs7KII?authuser=0&hl=pt-BR&rclk=1,No,,
Quinta dos Arcos,,,"R. da Igreja 267, 4750-803 Barcelos, Portugal",,,PT,R. da Igreja 267,41.5320309,-8.6351818,"Albergue in Viana do Castelo, Portugal",https://www.google.com/maps/place/Quinta+dos+Arcos/data=!4m10!3m9!1s0xd2453000d62c0d3:0x37084f9da0cdd95!5m2!4m1!1i2!8m2!3d41.5320309!4d-8.6351818!16s%2Fg%2F11yptbv8rw!19sChIJ08BiDQBTJA0Rld0M2vmEcAM?authuser=0&hl=pt-BR&rclk=1,No,,
Oporto Cozy Rooms,,,"R. Aires de Ornelas 255, 4000-022 Porto, Portugal","2,0",,PT,R. Aires de Ornelas 255,41.1571839,-8.5973531,"Hospedaria in Paredes, Portugal",https://www.google.com/maps/place/Oporto+Cozy+Rooms/data=!4m10!3m9!1s0xd24655bee8572ef:0x4e19b564735cadf7!5m2!4m1!1i2!8m2!3d41.1571839!4d-8.5973531!16s%2Fg%2F11hf453wqj!19sChIJ73KF7ltlJA0R961cc2S1GU4?authuser=0&hl=pt-BR&rclk=1,No,,
Urban Hotel Amadeos,,,"R. Conde Alto Mearim 1229, 4450-036 Matosinhos, Portugal","3,8",,PT,R. Conde Alto Mearim 1229,41.180947,-8.681753,"Hotel in Paredes, Portugal",https://www.google.com/maps/place/Urban+Hotel+Amadeos/data=!4m10!3m9!1s0xd246f477c0dcc73:0x656deb787c32955d!5m2!4m1!1i2!8m2!3d41.180947!4d-8.681753!16s%2Fg%2F1wc32jd3!19sChIJc8wNfEdvJA0RXZUyfHjrbWU?authuser=0&hl=pt-BR&rclk=1,No,,
Douro Green Villa,,'+351914209663,"R. Pintor Júlio Resende 132, 4420-534 Porto, Portugal","1,2",,PT,R. Pintor Júlio Resende 132,41.127417,-8.5626468,"Hotel in Paredes, Portugal",https://www.google.com/maps/place/Douro+Green+Villa/data=!4m10!3m9!1s0xd246352224dea3b:0x1d09c5cc20567e15!5m2!4m1!1i2!8m2!3d41.127417!4d-8.5626468!16s%2Fg%2F11kj4xvzff!19sChIJO-pNIlJjJA0RFX5WIMzFCR0?authuser=0&hl=pt-BR&rclk=1,No,,
Casa da Companhia Hotel,,,"R. das Flores 69, 4050-416 Porto, Portugal","4,6",,PT,R. das Flores 69,41.144021,-8.613731,"Hotel de 5 estrelas in Paredes, Portugal",https://www.google.com/maps/place/Casa+da+Companhia+Hotel/data=!4m10!3m9!1s0xd2464e229e14b71:0x9457af7b6ea4ba2b!5m2!4m1!1i2!8m2!3d41.144021!4d-8.613731!16s%2Fg%2F11h_1z19gh!19sChIJcUvhKeJkJA0RK7qkbnuvV5Q?authuser=0&hl=pt-BR&rclk=1,No,,
Hotel NH Collection Porto Batalha,,,"Praça da Batalha 60, 4000-171 Porto, Portugal","4,6",,PT,Praça da Batalha 60,41.145045,-8.606573,"Hotel de 4 estrelas in Paredes, Portugal",https://www.google.com/maps/place/Hotel+NH+Collection+Porto+Batalha/data=!4m10!3m9!1s0xd2464e5dd0fe471:0xe51ca9335e7a627e!5m2!4m1!1i2!8m2!3d41.145045!4d-8.606573!16s%2Fg%2F11b6sw03tr!19sChIJceQP3eVkJA0RfmJ6XjOpHOU?authuser=0&hl=pt-BR&rclk=1,No,,
Casa do Olival,,,"R. ER 108 1420, 4640 Santa Leocádia, Portugal","5,0",1,PT,R. ER 108 1420,41.118167,-8.0803749,"Hospedagem domiciliar in Paredes, Portugal",https://www.google.com/maps/place/Casa+do+Olival/data=!4m7!3m6!1s0xd24a3004a41ab7b:0x7b4aec5b668051c!8m2!3d41.118167!4d-8.0803749!16s%2Fg%2F11z9x7c2cv!19sChIJe6tBSgCjJA0RHAVotsWutAc?authuser=0&hl=pt-BR&rclk=1,No,Hospedagem domiciliar,
Riko guesthouse,,,"R. da Constituição 682 r/c direito, 4250-172 Porto, Portugal",,,PT,R. da Constituição 682 r/c direito,41.1621842,-8.6062873,"Hospedagem domiciliar in Paredes, Portugal",https://www.google.com/maps/place/Riko+guesthouse/data=!4m7!3m6!1s0xd246500603d9d11:0x40d0622f1db06f21!8m2!3d41.1621842!4d-8.6062873!16s%2Fg%2F11np_0gl04!19sChIJEZ09YABlJA0RIW-wHS9i0EA?authuser=0&hl=pt-BR&rclk=1,No,Hospedagem domiciliar,
Oporto Lovely House,,,"R. de Justino Teixeira 640, 4300-280 Porto, Portugal","4,5",,PT,R. de Justino Teixeira 640,41.1541148,-8.5887255,"Hospedagem domiciliar in Paredes, Portugal",https://www.google.com/maps/place/Oporto+Lovely+House/data=!4m10!3m9!1s0xd2465002d8d5271:0xd95423fd8291d27e!5m2!4m1!1i2!8m2!3d41.1541148!4d-8.5887255!16s%2Fg%2F11y6qs60s7!19sChIJcVKNLQBlJA0RftKRgv0jVNk?authuser=0&hl=pt-BR&rclk=1,No,,
Wohnung Porto,,,"Rua de Santos Pousada 415, 4000-486 Porto, Portugal",,,PT,Rua de Santos Pousada 415,41.1525321,-8.6001361,"Hospedagem domiciliar in Paredes, Portugal",https://www.google.com/maps/place/Wohnung+Porto/data=!4m7!3m6!1s0xd2465000794ef3d:0x28c89d6b2cbabed5!8m2!3d41.1525321!4d-8.6001361!16s%2Fg%2F11m75wtmpn!19sChIJPe-UBwBlJA0R1b66LGudyCg?authuser=0&hl=pt-BR&rclk=1,No,Hospedagem domiciliar,
Deluxe Duplex by Hosty,,,"R. de 31 de Janeiro 76, 4000-069 Porto, Portugal",,,PT,R. de 31 de Janeiro 76,41.1460561,-8.6095359,"Hospedagem domiciliar in Paredes, Portugal",https://www.google.com/maps/place/Deluxe+Duplex+by+Hosty/data=!4m7!3m6!1s0xd24650071cd7133:0x537dc9b03d176e15!8m2!3d41.1460561!4d-8.6095359!16s%2Fg%2F11zb7n6jq_!19sChIJM3HNcQBlJA0RFW4XPbDJfVM?authuser=0&hl=pt-BR&rclk=1,No,Hospedagem domiciliar,
Granny's house,,,"R. Rinque, 4430-209 Vila Nova de Gaia, Portugal","4,1",,PT,R. Rinque,41.135377,-8.6096472,"Hospedagem domiciliar in Paredes, Portugal",https://www.google.com/maps/place/Granny%27s+house/data=!4m10!3m9!1s0xd2464dc16eaf6cb:0x9c330942b2fcdfba!5m2!4m1!1i2!8m2!3d41.135377!4d-8.6096472!16s%2Fg%2F11g8bwn64p!19sChIJy_bqFtxkJA0Rut_8skIJM5w?authuser=0&hl=pt-BR&rclk=1,No,,
Art House Boavista,,,"R. do Ten. Valadim 284, 4100 Porto, Portugal","4,8",,PT,R. do Ten. Valadim 284,41.1621399,-8.639538,"Hospedagem domiciliar in Paredes, Portugal",https://www.google.com/maps/place/Art+House+Boavista/data=!4m7!3m6!1s0xd2465005c6eefcd:0x1ed32d55ddd6060c!8m2!3d41.1621399!4d-8.639538!16s%2Fg%2F11wvyv2j2c!19sChIJze9uXABlJA0RDAbW3VUt0x4?authuser=0&hl=pt-BR&rclk=1,No,Hospedagem domiciliar,
Cazare porto,,,"R. de Ferreira Borges 92, 4050-252 Porto, Portugal",,,PT,R. de Ferreira Borges 92,41.1425672,-8.6151684,"Hospedagem domiciliar in Paredes, Portugal",https://www.google.com/maps/place/Cazare+porto/data=!4m7!3m6!1s0xd2465002f14954d:0xc8bc7a17d1c6c6b8!8m2!3d41.1425672!4d-8.6151684!16s%2Fg%2F11zgflpjc8!19sChIJTZUULwBlJA0RuMbG0Rd6vMg?authuser=0&hl=pt-BR&rclk=1,No,Hospedagem domiciliar,
Hostel portugal,,,"A43 14036, 4460-250 Sra. da Hora, Portugal","3,0",,PT,A43 14036,41.1779864,-8.6678667,"Hospedagem domiciliar in Paredes, Portugal",https://www.google.com/maps/place/Hostel+portugal/data=!4m7!3m6!1s0xd246fe8ff0a6e67:0x6d63e101a34473bc!8m2!3d41.1779864!4d-8.6678667!16s%2Fg%2F11rwydhnhg!19sChIJZ24K_-hvJA0RvHNEowHhY20?authuser=0&hl=pt-BR&rclk=1,No,Hospedagem domiciliar,
Pousada Moreira,,,"R. Moreira 284, 4000-099 Porto, Portugal","1,0",1,PT,R. Moreira 284,41.153216,-8.600167,"Hospedagem domiciliar in Paredes, Portugal",https://www.google.com/maps/place/Pousada+Moreira/data=!4m10!3m9!1s0xd2465004c6e18ed:0xf9bd1ba5f5798577!5m2!4m1!1i2!8m2!3d41.153216!4d-8.600167!16s%2Fg%2F11xf6gchlx!19sChIJ7RhuTABlJA0Rd4V59aUbvfk?authuser=0&hl=pt-BR&rclk=1,No,,
House porto,,,"R. Particular de Monsanto 108, 4250-362 Porto, Portugal",,,PT,R. Particular de Monsanto 108,41.1728436,-8.616615,"Hospedagem domiciliar in Paredes, Portugal",https://www.google.com/maps/place/House+porto/data=!4m7!3m6!1s0xd24650047edd6bf:0x43aedd0df33affb!8m2!3d41.1728436!4d-8.616615!16s%2Fg%2F11ldw8767m!19sChIJv9btRwBlJA0R-68z39DtOgQ?authuser=0&hl=pt-BR&rclk=1,No,Hospedagem domiciliar,
Stilish Home,,,"R. das Amoreiras 90, 4460-331 Sra. da Hora, Portugal",,,PT,R. das Amoreiras 90,41.1877424,-8.6625959,"Hospedagem domiciliar in Paredes, Portugal",https://www.google.com/maps/place/Stilish+Home/data=!4m7!3m6!1s0xd246f0075d6e4b1:0x27d4d5df0f09739e!8m2!3d41.1877424!4d-8.6625959!16s%2Fg%2F11y__m6m_n!19sChIJseTWdQBvJA0RnnMJD9_V1Cc?authuser=0&hl=pt-BR&rclk=1,No,Hospedagem domiciliar,
casa,,,"4050-609 Porto, Portugal",,,PT,,41.1525753,-8.6187959,"Hospedagem domiciliar in Paredes, Portugal",https://www.google.com/maps/place/casa/data=!4m10!3m9!1s0xd246500170def2b:0xb099ddf6f0fe7dc2!5m2!4m1!1i2!8m2!3d41.1525753!4d-8.6187959!16s%2Fg%2F11zjp6fn7_!19sChIJK-8NFwBlJA0Rwn3-8PbdmbA?authuser=0&hl=pt-BR&rclk=1,No,,
HI Porto – Pousada de Juventude,,,"R. de Paulo da Gama 551, 4169-006 Porto, Portugal","3,8",,PT,R. de Paulo da Gama 551,41.148078,-8.659103,"Albergue in Paredes, Portugal",https://www.google.com/maps/place/HI+Porto+%E2%80%93+Pousada+de+Juventude/data=!4m10!3m9!1s0xd24657d761fd2f3:0x2953d44a6cd9ac92!5m2!4m1!1i2!8m2!3d41.148078!4d-8.659103!16s%2Fg%2F1txfqfd0!19sChIJ89Ifdn1lJA0RkqzZbErUUyk?authuser=0&hl=pt-BR&rclk=1,No,,
Change The World Hostels - Porto - Santa Catarina,,'+351910294515,"R. de Santa Catarina 313, 4000-451 Porto, Portugal","4,1",,PT,R. de Santa Catarina 313,41.1489971,-8.6061699,"Albergue in Paredes, Portugal",https://www.google.com/maps/place/Change+The+World+Hostels+-+Porto+-+Santa+Catarina/data=!4m10!3m9!1s0xd2464e548bc069f:0xe5c2269d6c30a9d!5m2!4m1!1i2!8m2!3d41.1489971!4d-8.6061699!16s%2Fg%2F11j4xqw_zd!19sChIJnwa8SOVkJA0RnQrD1mkiXA4?authuser=0&hl=pt-BR&rclk=1,No,,
Casa da Música Guesthouse,,'+351910311067,"R. Cónego Ferreira Pinto 204, 4050-256 Porto, Portugal","4,2",,PT,R. Cónego Ferreira Pinto 204,41.1617037,-8.6260827,"Albergue in Paredes, Portugal",https://www.google.com/maps/place/Casa+da+M%C3%BAsica+Guesthouse/data=!4m10!3m9!1s0xd2465c8db0d08d9:0x689e2b5be6c0e7a4!5m2!4m1!1i2!8m2!3d41.1617037!4d-8.6260827!16s%2Fg%2F11y6hly9b0!19sChIJ2QgN28hlJA0RpOfA5lsrnmg?authuser=0&hl=pt-BR&rclk=1,No,,
Casa da Madorninha,,'+351938501054,"Viela Madorninha 51, 4460-355 Sra. da Hora, Portugal","4,8",,PT,Viela Madorninha 51,41.1791944,-8.6537414,"Hospedaria in Vila do Conde, Portugal",https://www.google.com/maps/place/Casa+da+Madorninha/data=!4m7!3m6!1s0xd2465f390c15f6d:0xaa4a0e02813fd772!8m2!3d41.1791944!4d-8.6537414!16s%2Fg%2F11fy984_29!19sChIJbV_BkPNlJA0Rctc_gQIOSqo?authuser=0&hl=pt-BR&rclk=1,No,Hospedaria,
Casa Do Largo,,'+351938308370,"Largo da Lapa 22, 4050-069 Porto, Portugal","3,5",,PT,Largo da Lapa 22,41.1576055,-8.6126546,"Hospedaria in Vila do Conde, Portugal",https://www.google.com/maps/place/Casa+Do+Largo/data=!4m10!3m9!1s0xd2464ff1100bbc3:0xe9e2c5c9680b1cfa!5m2!4m1!1i2!8m2!3d41.1576055!4d-8.6126546!16s%2Fg%2F11f5hn6j3_!19sChIJw7sAEf9kJA0R-hwLaMnF4uk?authuser=0&hl=pt-BR&rclk=1,No,,
Hospedaria Oilva. Monteiro,,'+351929381545,"Rua de Oliveira Monteiro 567, 4050-491 Porto, Portugal",,,PT,Rua de Oliveira Monteiro 567,41.1602363,-8.6247795,"Hospedaria in Vila do Conde, Portugal",https://www.google.com/maps/place/Hospedaria+Oilva.+Monteiro/data=!4m7!3m6!1s0xd2465a851117dff:0xfd90137f223fd73f!8m2!3d41.1602363!4d-8.6247795!16s%2Fg%2F11x2kgyv4x!19sChIJ_30RUahlJA0RP9c_In8TkP0?authuser=0&hl=pt-BR&rclk=1,No,Hotel,
O Sardinhas - Alojamento,,'+351916511910,"Rua de Brito Capelo 141, 4450-073 Matosinhos, Portugal","4,3",,PT,Rua de Brito Capelo 141,41.1859605,-8.6933503,"Hospedaria in Vila do Conde, Portugal",https://www.google.com/maps/place/O+Sardinhas+-+Alojamento/data=!4m10!3m9!1s0xd246f2e28c40299:0x6e3a655ce38cee1d!5m2!4m1!1i2!8m2!3d41.1859605!4d-8.6933503!16s%2Fg%2F11cs6lpyqn!19sChIJmQLEKC5vJA0RHe6M41xlOm4?authuser=0&hl=pt-BR&rclk=1,No,,
Morada,,,"R. de Moalde, 4465-203 São Mamede de Infesta, Portugal",,,PT,R. de Moalde,41.1932541,-8.6054601,"Hospedagem domiciliar in Vila do Conde, Portugal",https://www.google.com/maps/place/Morada/data=!4m7!3m6!1s0xd2465936a3d01c7:0x74e17ab84d5dae0b!8m2!3d41.1932541!4d-8.6054601!16s%2Fg%2F11l5f6fghv!19sChIJxwE9apNlJA0RC65dTbh64XQ?authuser=0&hl=pt-BR&rclk=1,No,Hospedagem domiciliar,
Dom w Portugalii,,,"R. da Constituição 241, 4200-198 Porto, Portugal",,,PT,R. da Constituição 241,41.1613411,-8.6011178,"Hospedagem domiciliar in Vila do Conde, Portugal",https://www.google.com/maps/place/Dom+w+Portugalii/data=!4m7!3m6!1s0xd2465000958249b:0x59df5bfc41a0625!8m2!3d41.1613411!4d-8.6011178!16s%2Fg%2F11z4vpwn3x!19sChIJmyRYCQBlJA0RJQYaxL_1nQU?authuser=0&hl=pt-BR&rclk=1,No,Hospedagem domiciliar,
Av. D. Afonso Henriques,,,"Av. Dom Afonso Henriques, 4450-012 Matosinhos, Portugal","4,4",,PT,Av. Dom Afonso Henriques,41.178475,-8.6815826,"Hospedagem domiciliar in Vila do Conde, Portugal",https://www.google.com/maps/place/Av.+D.+Afonso+Henriques/data=!4m7!3m6!1s0xd246fa7de5ebdd9:0x5cc6822dcfb9ea20!8m2!3d41.178475!4d-8.6815826!16s%2Fg%2F11txcjcmqh!19sChIJ2b1e3qdvJA0RIOq5zy2Cxlw?authuser=0&hl=pt-BR&rclk=1,No,Hospedagem domiciliar,
rua jaime brasil,,,"R. Jaime Brasil, 4350-414 Porto, Portugal",,,PT,R. Jaime Brasil,41.1644289,-8.5828885,"Hospedagem domiciliar in Vila do Conde, Portugal",https://www.google.com/maps/place/rua+jaime+brasil/data=!4m7!3m6!1s0xd24650026bf3e5b:0x63cd7a470a48de03!8m2!3d41.1644289!4d-8.5828885!16s%2Fg%2F11nhhltbxk!19sChIJWz6_JgBlJA0RA95ICkd6zWM?authuser=0&hl=pt-BR&rclk=1,No,Hospedagem domiciliar,
Casa da Dina,,,"R. de Diogo Cão 1232, 4200-523 Porto, Portugal","5,0",1,PT,R. de Diogo Cão 1232,41.166917,-8.5912789,"Hospedagem domiciliar in Vila do Conde, Portugal",https://www.google.com/maps/place/Casa+da+Dina/data=!4m7!3m6!1s0xd24656c4f847cb1:0x28715ec71aae586d!8m2!3d41.166917!4d-8.5912789!16s%2Fg%2F11sw_d1gw_!19sChIJsXyET2xlJA0RbViuGsdecSg?authuser=0&hl=pt-BR&rclk=1,No,Hospedagem domiciliar,
Porto Vintage by Bolhao,,,"União de Freguesias do Centro, Rua da Alegria 248 2º Direito, 4000-034 Porto, Portugal","1,0",1,PT,Rua da Alegria 248 2º Direito,41.1579438,-8.6291053,"Hospedagem domiciliar in Vila do Conde, Portugal",https://www.google.com/maps/place/Porto+Vintage+by+Bolhao/data=!4m10!3m9!1s0xd2465f3153b6837:0x483e4a9227de1a61!5m2!4m1!1i2!8m2!3d41.1579438!4d-8.6291053!16s%2Fg%2F11kjzs69x4!19sChIJN2g7FfNlJA0RYRreJ5JKPkg?authuser=0&hl=pt-BR&rclk=1,No,,
Air Bnb porto,,,"R. São Bernardo 20, Porto, Portugal",,,PT,R. São Bernardo 20,41.174207,-8.6609366,"Hospedagem domiciliar in Vila do Conde, Portugal",https://www.google.com/maps/place/Air+Bnb+porto/data=!4m7!3m6!1s0xd246f00792fd889:0x17644fe783375c19!8m2!3d41.174207!4d-8.6609366!16s%2Fg%2F11wxlfwd53!19sChIJidgveQBvJA0RGVw3g-dPZBc?authuser=0&hl=pt-BR&rclk=1,No,Hospedagem domiciliar,
Apartamento da Foz,,,"R. de Alfredo Keil 371, 4150-048 Porto, Portugal",,,PT,R. de Alfredo Keil 371,41.155467,-8.668527,"Hospedagem domiciliar in Vila do Conde, Portugal",https://www.google.com/maps/place/Apartamento+da+Foz/data=!4m7!3m6!1s0xd246f005e337ceb:0xf9b48464579791d1!8m2!3d41.155467!4d-8.668527!16s%2Fg%2F11ntnj43s7!19sChIJ63wzXgBvJA0R0ZGXV2SEtPk?authuser=0&hl=pt-BR&rclk=1,No,Hospedagem domiciliar,
Alojamento Local,,,"Av. de Fernão de Magalhães 539, 4300-191 Porto, Portugal",,,PT,Av. de Fernão de Magalhães 539,41.1546707,-8.5957402,"Hospedagem domiciliar in Vila do Conde, Portugal",https://www.google.com/maps/place/Alojamento+Local/data=!4m7!3m6!1s0xd246500119af14b:0x985f9adb0bf0878d!8m2!3d41.1546707!4d-8.5957402!16s%2Fg%2F11wfwlfqrr!19sChIJS_GaEQBlJA0RjYfwC9uaX5g?authuser=0&hl=pt-BR&rclk=1,No,Hospedagem domiciliar,
Albergue de mendicidade,,,"R. Santana 1627, 4465-341 Pte. da Pedra, Portugal","5,0",1,PT,R. Santana 1627,41.2048731,-8.6151597,"Hospedagem domiciliar in Vila do Conde, Portugal",https://www.google.com/maps/place/Albergue+de+mendicidade/data=!4m7!3m6!1s0xd2467003dfb16c9:0x2f0d3ff0604ef29d!8m2!3d41.2048731!4d-8.6151597!16s%2Fg%2F11x5cgpy0g!19sChIJyRb7PQBnJA0RnfJOYPA_DS8?authuser=0&hl=pt-BR&rclk=1,No,Hospedagem domiciliar,
Hjem,,,"R. de Luz Soriano 149, 4200-380 Porto, Portugal",,,PT,R. de Luz Soriano 149,41.1706784,-8.6098705,"Hospedagem domiciliar in Vila do Conde, Portugal",https://www.google.com/maps/place/Hjem/data=!4m7!3m6!1s0xd24650038c63ddd:0xb475dadc5cad67d2!8m2!3d41.1706784!4d-8.6098705!16s%2Fg%2F11xh412ftg!19sChIJ3T3GOABlJA0R0metXNzadbQ?authuser=0&hl=pt-BR&rclk=1,No,Hospedagem domiciliar,
벨라포르투,,,"R. de Rodolfo de Araújo 64, 4000-298 Porto, Portugal","4,8",,PT,R. de Rodolfo de Araújo 64,41.1495512,-8.6017334,"Hospedagem domiciliar in Vila do Conde, Portugal",https://www.google.com/maps/place/%EB%B2%A8%EB%9D%BC%ED%8F%AC%EB%A5%B4%ED%88%AC/data=!4m7!3m6!1s0xd2465ce74e7bde3:0x1650705079cbf50f!8m2!3d41.1495512!4d-8.6017334!16s%2Fg%2F11gh9qgn8l!19sChIJ473ndM5lJA0RD_XLeVBwUBY?authuser=0&hl=pt-BR&rclk=1,No,Hospedagem domiciliar,
Alojamento local,,,"R. da Cruz 187, Porto, Portugal",,,PT,R. da Cruz 187,41.1718545,-8.5871827,"Hospedagem domiciliar in Vila do Conde, Portugal",https://www.google.com/maps/place/Alojamento+local/data=!4m7!3m6!1s0xd2465000792497d:0x885f5f2ff02ec985!8m2!3d41.1718545!4d-8.5871827!16s%2Fg%2F11wtbv464f!19sChIJfUmSBwBlJA0Rhcku8C9fX4g?authuser=0&hl=pt-BR&rclk=1,No,Hospedagem domiciliar,
Carlos hem,,,"R. de Sá da Bandeira 816, 4000-462 Porto, Portugal",,,PT,R. de Sá da Bandeira 816,41.1531724,-8.605287,"Hospedagem domiciliar in Vila do Conde, Portugal",https://www.google.com/maps/place/Carlos+hem/data=!4m7!3m6!1s0xd24656c9b89c489:0x4f151301f205f72a!8m2!3d41.1531724!4d-8.605287!16s%2Fg%2F11p0wc1tl5!19sChIJicSJm2xlJA0RKvcF8gETFU8?authuser=0&hl=pt-BR&rclk=1,No,Hospedagem domiciliar,
Fontinha House-Standard Apartment,,,"4000-241 Porto, Portugal",,,PT,,41.1556474,-8.6052662,"Hospedagem domiciliar in Vila do Conde, Portugal",https://www.google.com/maps/place/Fontinha+House-Standard+Apartment/data=!4m10!3m9!1s0xd2465001d84df45:0xa746fa47853a5fa6!5m2!4m1!1i2!8m2!3d41.1556474!4d-8.6052662!16s%2Fg%2F11zcsn860d!19sChIJRd-EHQBlJA0Rpl86hUf6Rqc?authuser=0&hl=pt-BR&rclk=1,No,,
Oporto casa,,,"R. do Cap. Pombeiro 101, 4200-373 Porto, Portugal",,,PT,R. do Cap. Pombeiro 101,41.1653384,-8.6117953,"Hospedagem domiciliar in Vila do Conde, Portugal",https://www.google.com/maps/place/Oporto+casa/data=!4m7!3m6!1s0xd246524db8c9597:0xb5e02ae4a5306697!8m2!3d41.1653384!4d-8.6117953!16s%2Fg%2F11s5fynq3f!19sChIJl5WM2yRlJA0Rl2YwpeQq4LU?authuser=0&hl=pt-BR&rclk=1,No,Hospedagem domiciliar,
Hotel ibis Porto Centro,,,"Rua da Alegria 29, 4000-041 Porto, Portugal","4,1",,PT,Rua da Alegria 29,41.146973,-8.604053,"Hotel de 2 estrelas in Vila do Conde, Portugal",https://www.google.com/maps/place/Hotel+ibis+Porto+Centro/data=!4m10!3m9!1s0xd2464ef76a0d433:0xe3456f4574b1deb5!5m2!4m1!1i2!8m2!3d41.146973!4d-8.604053!16s%2Fg%2F1tds7zr8!19sChIJM9Sgdu9kJA0Rtd6xdEVvReM?authuser=0&hl=pt-BR&rclk=1,No,,
Magnolia Porto Hostel,,,"Av. de Rodrigues de Freitas 387, 4000-222 Porto, Portugal","3,9",,PT,Av. de Rodrigues de Freitas 387,41.1453459,-8.6036428,"Albergue in Vila do Conde, Portugal",https://www.google.com/maps/place/Magnolia+Porto+Hostel/data=!4m10!3m9!1s0xd2464ef37f75179:0x500ca4da75fb158c!5m2!4m1!1i2!8m2!3d41.1453459!4d-8.6036428!16s%2Fg%2F11f12yfhx9!19sChIJeVH3N-9kJA0RjBX7ddqkDFA?authuser=0&hl=pt-BR&rclk=1,No,,
Lezíria Parque Hotel,,,"Av. Barranco de Cegos 22, 2600-214 Vila Franca de Xira, Portugal","4,0",,PT,Av. Barranco de Cegos 22,38.967353,-8.982153,"Hospedaria in Torres Vedras, Portugal",https://www.google.com/maps/place/Lez%C3%ADria+Parque+Hotel/data=!4m10!3m9!1s0xd19278f04a9a12b:0x62a19f905b132f63!5m2!4m1!1i2!8m2!3d38.967353!4d-8.982153!16s%2Fg%2F1hc1_q3yz!19sChIJK6GpBI8nGQ0RYy8TW5CfoWI?authuser=0&hl=pt-BR&rclk=1,No,,
Hospedaria Maioral,,,"R. Alves Redol 11, 2600-095 Vila Franca de Xira, Portugal","4,2",,PT,R. Alves Redol 11,38.954719,-8.989305,"Hospedaria in Torres Vedras, Portugal",https://www.google.com/maps/place/Hospedaria+Maioral/data=!4m10!3m9!1s0xd19279515a38aaf:0xa141daa34151da50!5m2!4m1!1i2!8m2!3d38.954719!4d-8.989305!16s%2Fg%2F1q629dhfs!19sChIJr4qjFZUnGQ0RUNpRQaPaQaE?authuser=0&hl=pt-BR&rclk=1,No,,
Hospedaria Maioral,,'+351263278063,"R. Alves Redol 11, 2600-095 Vila Franca de Xira, Portugal","4,2",,PT,R. Alves Redol 11,38.9547187,-8.9893053,"Hospedaria in Torres Vedras, Portugal",https://www.google.com/maps/place/Hospedaria+Maioral/data=!4m10!3m9!1s0xd19279541ce3bcd:0xa141daa34151da50!5m2!4m1!1i2!8m2!3d38.9547187!4d-8.9893053!16s%2Fg%2F1q629dhfs!19sChIJzTvOQZUnGQ0RUNpRQaPaQaE?authuser=0&hl=pt-BR&rclk=1,No,,
Hotel Comendador,,,"Largo Comendador João Ferreira dos Santos, 2540-033 Bombarral, Portugal","3,7",,PT,Largo Comendador João Ferreira dos Santos,39.270558,-9.156297,"Hotel de 3 estrelas in Torres Vedras, Portugal",https://www.google.com/maps/place/Hotel+Comendador/data=!4m10!3m9!1s0xd18caf2ac9a0bb3:0x8de2c3f64c08c4c3!5m2!4m1!1i2!8m2!3d39.270558!4d-9.156297!16s%2Fg%2F1v832ch7!19sChIJswuarPLKGA0Rw8QITPbD4o0?authuser=0&hl=pt-BR&rclk=1,No,,
Terra Luso,,'+351915398498,"R. das Flores 50, Rochaforte, 2550-377 Cadaval, Portugal","4,8",,PT,Rochaforte,39.2233503,-9.0545134,"Hotel de 3 estrelas in Torres Vedras, Portugal",https://www.google.com/maps/place/Terra+Luso/data=!4m10!3m9!1s0xd18c9f761761e45:0xe0429576f88f51d7!5m2!4m1!1i2!8m2!3d39.2233503!4d-9.0545134!16s%2Fg%2F11h193bfqf!19sChIJRR52YffJGA0R11GP-HaVQuA?authuser=0&hl=pt-BR&rclk=1,No,,
Sunshine Apartment,,'+351912526495,"R. Eduardo Henriques Pereira LB, 2655-496 Ericeira, Portugal","4,4",,PT,R. Eduardo Henriques Pereira LB,38.9600883,-9.4139507,"Hotel de 3 estrelas in Torres Vedras, Portugal",https://www.google.com/maps/place/Sunshine+Apartment/data=!4m10!3m9!1s0xd1f2775248ec517:0x419bc65459eb3913!5m2!4m1!1i2!8m2!3d38.9600883!4d-9.4139507!16s%2Fg%2F11c55jkqv3!19sChIJF8WOJHUnHw0REznrWVTGm0E?authuser=0&hl=pt-BR&rclk=1,No,,
Quinta Azul,,'+351219616560,"R. das silveiras 65, Almorquim, 2710-840 Terrugem, Portugal","4,5",,PT,Almorquim,38.8857066,-9.3570643,"Hotel de 4 estrelas in Torres Vedras, Portugal",https://www.google.com/maps/place/Quinta+Azul/data=!4m10!3m9!1s0xd1ed75d68d8ea81:0xf3ef3d9a4e8cc290!5m2!4m1!1i2!8m2!3d38.8857066!4d-9.3570643!16s%2Fg%2F1tqp_j5b!19sChIJgerYaF3XHg0RkMKMTpo97_M?authuser=0&hl=pt-BR&rclk=1,No,,
Stay Hotel Torres Vedras Centro,,,"Praça 25 de Abril 17, 2560-285 Torres Vedras, Portugal","4,0",,PT,Praça 25 de Abril 17,39.091,-9.259217,"Hotel de 4 estrelas in Torres Vedras, Portugal",https://www.google.com/maps/place/Stay+Hotel+Torres+Vedras+Centro/data=!4m10!3m9!1s0xd1f2dc6e00e94e1:0xe8027f3d85e1a76!5m2!4m1!1i2!8m2!3d39.091!4d-9.259217!16s%2Fg%2F1vp70g0g!19sChIJ4ZQO4MYtHw0Rdhpe2PMngA4?authuser=0&hl=pt-BR&rclk=1,No,,
Villa Valbom,,,"Rua do Vale 77, Valbom, 2655-133 Carvoeira, Portugal","4,6",,PT,Valbom,38.9341584,-9.4089178,"Hotel de 4 estrelas in Torres Vedras, Portugal",https://www.google.com/maps/place/Villa+Valbom/data=!4m10!3m9!1s0xd1ed9e11502d3dd:0xbd40b6b325418525!5m2!4m1!1i2!8m2!3d38.9341584!4d-9.4089178!16s%2Fg%2F11y1lnlmg8!19sChIJ3dMCFeHZHg0RJYVBJbO2QL0?authuser=0&hl=pt-BR&rclk=1,No,,
Villa Galega,,'+351926140073,"Região Centro, R. de Angola 14, 2560-476 Silveira, Portugal","4,8",,PT,R. de Angola 14,39.1345464,-9.3812928,"Hotel de 4 estrelas in Torres Vedras, Portugal",https://www.google.com/maps/place/Villa+Galega/data=!4m10!3m9!1s0xd1f3a9129bc0001:0xa336fef4bed72ad8!5m2!4m1!1i2!8m2!3d39.1345464!4d-9.3812928!16s%2Fg%2F11tnhw8z_8!19sChIJAQC8KZE6Hw0R2CrXvvT-NqM?authuser=0&hl=pt-BR&rclk=1,No,,
Cave Hostel,,'+351911516832,"R. dos Cabeços, 2640-013 Santo Isidoro, Portugal","4,6",,PT,R. dos Cabeços,39.000414,-9.4177376,"Hotel de 4 estrelas in Torres Vedras, Portugal",https://www.google.com/maps/place/Cave+Hostel/data=!4m10!3m9!1s0xd1f26f36424dc09:0xad76de05937a9660!5m2!4m1!1i2!8m2!3d39.000414!4d-9.4177376!16s%2Fg%2F11f04d0tzn!19sChIJCdwkZPMmHw0RYJZ6kwXedq0?authuser=0&hl=pt-BR&rclk=1,No,,
Quinta de Santa Maria,,'+351263975528,"Estrada Nacional 248, 2630-263 Arruda dos Vinhos, Portugal","4,4",,PT,Estrada Nacional 248,38.9768155,-9.0678961,"Hotel de 4 estrelas in Torres Vedras, Portugal",https://www.google.com/maps/place/Quinta+de+Santa+Maria/data=!4m10!3m9!1s0xd18d63e6eafc687:0xa6a6fd2bf9cc5a66!5m2!4m1!1i2!8m2!3d38.9768155!4d-9.0678961!16s%2Fg%2F1hc8npml8!19sChIJh8avbj7WGA0RZlrM-Sv9pqY?authuser=0&hl=pt-BR&rclk=1,No,,
Casas de São José,,'+351968071616,"Estr. da Bairrada, 2040-481 Asseiceira, Portugal","4,5",,PT,Estr. da Bairrada,39.2953163,-8.9328313,"Hotel de 4 estrelas in Torres Vedras, Portugal",https://www.google.com/maps/place/Casas+de+S%C3%A3o+Jos%C3%A9/data=!4m10!3m9!1s0xd18c74ee2e99dab:0x1620824ddf2f1961!5m2!4m1!1i2!8m2!3d39.2953163!4d-8.9328313!16s%2Fg%2F11c1y8_703!19sChIJq53p4k7HGA0RYRkv302CIBY?authuser=0&hl=pt-BR&rclk=1,No,,
Vale d'Azenha - Country House,,'+351918616852,"Estrada Nacional 8/4, nº5 - Columbeira, 2540-590 Roliça, Portugal","4,7",,PT,nº5 - Columbeira,39.3017202,-9.1997858,"Hotel de 4 estrelas in Torres Vedras, Portugal",https://www.google.com/maps/place/Vale+d%27Azenha+-+Country+House/data=!4m10!3m9!1s0xd1f4ab094f6b09d:0x4547ff768e42bad5!5m2!4m1!1i2!8m2!3d39.3017202!4d-9.1997858!16s%2Fg%2F11b7k7t9s0!19sChIJnbD2lLBKHw0R1bpCjnb_R0U?authuser=0&hl=pt-BR&rclk=1,No,,
Moinho do Roque,,,"Tv. do Moinho 16, Lourinhã, Portugal","4,6",,PT,Tv. do Moinho 16,39.2510048,-9.3339431,"Hotel de 4 estrelas in Torres Vedras, Portugal",https://www.google.com/maps/place/Moinho+do+Roque/data=!4m10!3m9!1s0xd1f37b0a9899bf9:0xdcc1192d1a67220f!5m2!4m1!1i2!8m2!3d39.2510048!4d-9.3339431!16s%2Fg%2F11b73qnttz!19sChIJ-ZuJqbA3Hw0RDyJnGi0Zwdw?authuser=0&hl=pt-BR&rclk=1,No,,
Holy Cross - Guest House,,'+351965757337,"Henriques N4 Praia de, R. Dom Afonso Henriques, 2560-565 Torres Vedras, Portugal","3,7",,PT,R. Dom Afonso Henriques,39.1323428,-9.3761726,"Hotel de 4 estrelas in Torres Vedras, Portugal",https://www.google.com/maps/place/Holy+Cross+-+Guest+House/data=!4m10!3m9!1s0xd1f3a99add806b9:0x42867d8d6267fe96!5m2!4m1!1i2!8m2!3d39.1323428!4d-9.3761726!16s%2Fg%2F11btx1d4tv!19sChIJuQbYrZk6Hw0Rlv5nYo19hkI?authuser=0&hl=pt-BR&rclk=1,No,,
Married hotel resort,,,"Salgados, 2640-577 Mafra, Portugal",,,PT,Salgados,38.9521684,-9.3369784,"Hotel Resort in Torres Vedras, Portugal",https://www.google.com/maps/place/Married+hotel+resort/data=!4m7!3m6!1s0xd1f29004cb7530b:0x9e59fe595edaa936!8m2!3d38.9521684!4d-9.3369784!16s%2Fg%2F11ntwkfjyk!19sChIJC1O3TAApHw0RNqnaXln-WZ4?authuser=0&hl=pt-BR&rclk=1,No,Hotel,
Ferienhaus,,,"Ericeira, Portugal","5,0",,PT,Ericeira,38.9719874,-9.3933725,"Hospedagem domiciliar in Torres Vedras, Portugal",https://www.google.com/maps/place/Ferienhaus/data=!4m7!3m6!1s0xd1f276bfd99570f:0x9f4c7b368c3fca0c!8m2!3d38.9719874!4d-9.3933725!16s%2Fg%2F11sd7kcy8p!19sChIJD1eZ_WsnHw0RDMo_jDZ7TJ8?authuser=0&hl=pt-BR&rclk=1,No,Hospedagem domiciliar,
sleep and surf,,,"R. do Moinho Velho 21, 2655-319 Ericeira, Portugal","5,0",1,PT,R. do Moinho Velho 21,38.9701907,-9.4153633,"Hospedagem domiciliar in Torres Vedras, Portugal",https://www.google.com/maps/place/sleep+and+surf/data=!4m10!3m9!1s0xd1f27ace20abbc1:0xab1dde22663a244!5m2!4m1!1i2!8m2!3d38.9701907!4d-9.4153633!16s%2Fg%2F11rv3wmg1q!19sChIJwbsK4qwnHw0RRKJjJuLdsQo?authuser=0&hl=pt-BR&rclk=1,No,,
Oceanland,,,"R. dos Mirandas 4, 2560 A dos Cunhados, Portugal","4,0",1,PT,R. dos Mirandas 4,39.1479108,-9.3497381,"Hospedagem domiciliar in Torres Vedras, Portugal",https://www.google.com/maps/place/Oceanland/data=!4m10!3m9!1s0xd1f310033f24073:0x9c77aa54affe5693!5m2!4m1!1i2!8m2!3d39.1479108!4d-9.3497381!16s%2Fg%2F11w48v0zl6!19sChIJc0DyMwAxHw0Rk1b-r1Sqd5w?authuser=0&hl=pt-BR&rclk=1,No,,
Casa da Ti Milia,,,"R. Casal Parol 2A, Barril, 2640-260 Encarnação, Portugal","5,0",1,PT,Barril,39.0455183,-9.3973076,"Hospedagem domiciliar in Torres Vedras, Portugal",https://www.google.com/maps/place/Casa+da+Ti+Milia/data=!4m7!3m6!1s0xd1f25603a2a1af9:0x8f3bdcdf3c408afd!8m2!3d39.0455183!4d-9.3973076!16s%2Fg%2F11tt6h16s2!19sChIJ-RoqOmAlHw0R_YpAPN_cO48?authuser=0&hl=pt-BR&rclk=1,No,Hospedagem domiciliar,
Reitzentrum Quinta do Rol,,,"Miragaia, Portugal","5,0",1,PT,Miragaia,39.2133955,-9.2535359,"Hospedagem domiciliar in Torres Vedras, Portugal",https://www.google.com/maps/place/Reitzentrum+Quinta+do+Rol/data=!4m7!3m6!1s0xd1f35000f468b5b:0x207f85b1b4b63ccf!8m2!3d39.2133955!4d-9.2535359!16s%2Fg%2F11y4l1l68q!19sChIJW4tGDwA1Hw0Rzzy2tLGFfyA?authuser=0&hl=pt-BR&rclk=1,No,Hospedagem domiciliar,
Smjestaj Lisabon,,,"R. Oceano Atlântico, 2655-319 Ericeira, Portugal",,,PT,R. Oceano Atlântico,38.9858566,-9.4172369,"Hospedagem domiciliar in Torres Vedras, Portugal",https://www.google.com/maps/place/Smjestaj+Lisabon/data=!4m7!3m6!1s0xd1f27ba891f3171:0xdca94b9a1dd9bd95!8m2!3d38.9858566!4d-9.4172369!16s%2Fg%2F11vlf51mh4!19sChIJcTEfibonHw0Rlb3ZHZpLqdw?authuser=0&hl=pt-BR&rclk=1,No,Hospedagem domiciliar,
Montejunto Villas,,,Portugal,,,PT,Portugal,39.1806897,-9.0548155,"Hospedagem domiciliar in Torres Vedras, Portugal",https://www.google.com/maps/place/Montejunto+Villas/data=!4m10!3m9!1s0xd18cf0075ed57af:0xe317801fec758afb!5m2!4m1!1i2!8m2!3d39.1806897!4d-9.0548155!16s%2Fg%2F11z7sh1nt6!19sChIJr1ftdQDPGA0R-4p17B-AF-M?authuser=0&hl=pt-BR&rclk=1,No,,
Sua Estadia Angra,,,"Tv. das Lavadeiras 18, Portugal",,,PT,Tv. das Lavadeiras 18,39.1112442,-8.9916276,"Hospedagem domiciliar in Torres Vedras, Portugal",https://www.google.com/maps/place/Sua+Estadia+Angra/data=!4m7!3m6!1s0xd18db004b3e8255:0x87f3deb3b6a0ddfc!8m2!3d39.1112442!4d-8.9916276!16s%2Fg%2F11ytp7dyf_!19sChIJVYI-SwDbGA0R_N2gtrPe84c?authuser=0&hl=pt-BR&rclk=1,No,Hospedagem domiciliar,
Home Nevagos,,,"WR4P+2M, Fanhões, Portugal",,,PT,WR4P+2M,38.9050914,-9.1633286,"Hospedagem domiciliar in Torres Vedras, Portugal",https://www.google.com/maps/place/Home+Nevagos/data=!4m7!3m6!1s0xd192bbfbcce299d:0xd6cc60337af2fff6!8m2!3d38.9050914!4d-9.1633286!16s%2Fg%2F11vbv32n74!19sChIJnSnOvL8rGQ0R9v_yejNgzNY?authuser=0&hl=pt-BR&rclk=1,No,Hospedagem domiciliar,
Ribamar hem,,,"Rua das Sertãs, Ribamar, Portugal",,,PT,Rua das Sertãs,39.2002761,-9.3361433,"Hospedagem domiciliar in Torres Vedras, Portugal",https://www.google.com/maps/place/Ribamar+hem/data=!4m7!3m6!1s0xd1f370025006549:0x313b8e1cbe77784f!8m2!3d39.2002761!4d-9.3361433!16s%2Fg%2F11n44w4glj!19sChIJSWUAJQA3Hw0RT3h3vhyOOzE?authuser=0&hl=pt-BR&rclk=1,No,Hospedagem domiciliar,
Casa de Santo António-AL,,,"Av. de Paimogo 5, 2530-214 Lourinhã, Portugal",,,PT,Av. de Paimogo 5,39.266362,-9.330231,"Hospedagem domiciliar in Torres Vedras, Portugal",https://www.google.com/maps/place/Casa+de+Santo+Ant%C3%B3nio-AL/data=!4m7!3m6!1s0xd1f3700686ea591:0xec3c506cb9474faf!8m2!3d39.266362!4d-9.330231!16s%2Fg%2F11nhz83cmz!19sChIJkaVuaAA3Hw0Rr09HuWxQPOw?authuser=0&hl=pt-BR&rclk=1,No,Hospedagem domiciliar,
Casal da Cerca,,,"R. do Rossio 3, Carvoeira, Portugal",,,PT,R. do Rossio 3,39.0888158,-9.1517069,"Hospedagem domiciliar in Torres Vedras, Portugal",https://www.google.com/maps/place/Casal+da+Cerca/data=!4m7!3m6!1s0xd18d3005b917e29:0x25d67267bd30b577!8m2!3d39.0888158!4d-9.1517069!16s%2Fg%2F11zks1dm6h!19sChIJKX6RWwDTGA0Rd7UwvWdy1iU?authuser=0&hl=pt-BR&rclk=1,No,Hospedagem domiciliar,
Refúgio da paz,,,"R. do Vale do Rio 2, 2560-538 Silveira, Portugal",,,PT,R. do Vale do Rio 2,39.1148291,-9.3665003,"Hospedagem domiciliar in Torres Vedras, Portugal",https://www.google.com/maps/place/Ref%C3%BAgio+da+paz/data=!4m7!3m6!1s0xd1f310040ed6a2b:0xf9a581d57ce3fe05!8m2!3d39.1148291!4d-9.3665003!16s%2Fg%2F11zh1r3t5d!19sChIJK2rtQAAxHw0RBf7jfNWBpfk?authuser=0&hl=pt-BR&rclk=1,No,Hospedagem domiciliar,
Altinho do Oeste,,,"R. Nova, Portugal",,,PT,R. Nova,39.2814926,-9.148684,"Hospedagem domiciliar in Torres Vedras, Portugal",https://www.google.com/maps/place/Altinho+do+Oeste/data=!4m7!3m6!1s0xd18cb000e3356ef:0x2ec31284fd792556!8m2!3d39.2814926!4d-9.148684!16s%2Fg%2F11zgt7qy43!19sChIJ71YzDgDLGA0RViV5_YQSwy4?authuser=0&hl=pt-BR&rclk=1,No,Hospedagem domiciliar,
Quinta CEFAS,,,"7P7P+63, Lourinhã, Portugal",,,PT,7P7P+63,39.2631036,-9.2647662,"Hospedagem domiciliar in Torres Vedras, Portugal",https://www.google.com/maps/place/Quinta+CEFAS/data=!4m7!3m6!1s0xd1f35002e4f9cef:0xb04d76d2bee2f2f3!8m2!3d39.2631036!4d-9.2647662!16s%2Fg%2F11z94zy_tk!19sChIJ75xPLgA1Hw0R8_LivtJ2TbA?authuser=0&hl=pt-BR&rclk=1,No,Hospedagem domiciliar,
Quinta da Figueirinha,,'+351924081485,"Quinta da Figueirinha, Estrada Nacional 9 2, 2665-128 Gradil, Portugal","5,0",,PT,Estrada Nacional 9 2,38.9860797,-9.2699394,"Hospedagem domiciliar in Torres Vedras, Portugal",https://www.google.com/maps/place/Quinta+da+Figueirinha/data=!4m7!3m6!1s0xd1f2b5dc70ddcb3:0x6f5a1c63af26dc3a!8m2!3d38.9860797!4d-9.2699394!16s%2Fg%2F11t0m39hgy!19sChIJs9wNx10rHw0ROtwmr2McWm8?authuser=0&hl=pt-BR&rclk=1,No,Hospedagem domiciliar,
Casinha do Poço Guesthouse,,,"R. do Poço Novo 26, 2655-128 Carvoeira, Portugal",,,PT,R. do Poço Novo 26,38.9339824,-9.3993676,"Hospedagem domiciliar in Torres Vedras, Portugal",https://www.google.com/maps/place/Casinha+do+Po%C3%A7o+Guesthouse/data=!4m7!3m6!1s0xd1ed92dbf11c63b:0x8277184ae6019c4a!8m2!3d38.9339824!4d-9.3993676!16s%2Fg%2F11tdnltwg1!19sChIJO8YRvy3ZHg0RSpwB5koYd4I?authuser=0&hl=pt-BR&rclk=1,No,Hospedagem domiciliar,
Casa Do Páteo 1,,,"R. das Flores 11, 2640-008 Santo Isidoro, Portugal",,,PT,R. das Flores 11,39.0063517,-9.4186182,"Hospedagem domiciliar in Torres Vedras, Portugal",https://www.google.com/maps/place/Casa+Do+P%C3%A1teo+1/data=!4m7!3m6!1s0xd1f27de41b6d38d:0x6f5f2cfd13ff1d02!8m2!3d39.0063517!4d-9.4186182!16s%2Fg%2F11snzlyqvr!19sChIJjdO2Qd4nHw0RAh3_E_0sX28?authuser=0&hl=pt-BR&rclk=1,No,Hospedagem domiciliar,
Dom na wsi,,,"2565-607 Outeiro da Cabeça, Portugal",,,PT,,39.184892,-9.1785137,"Hospedagem domiciliar in Torres Vedras, Portugal",https://www.google.com/maps/place/Dom+na+wsi/data=!4m7!3m6!1s0xd18cda6407fa0c5:0x520068bf403763f2!8m2!3d39.184892!4d-9.1785137!16s%2Fg%2F11t1ldvgrp!19sChIJxaB_QKbNGA0R8mM3QL9oAFI?authuser=0&hl=pt-BR&rclk=1,No,Hospedagem domiciliar,
Casa Gomes,,,"Praceta dos Pinheiros 22, 2655-461 Ericeira, Portugal",,,PT,Praceta dos Pinheiros 22,38.9567117,-9.403441,"Hospedagem domiciliar in Torres Vedras, Portugal",https://www.google.com/maps/place/Casa+Gomes/data=!4m7!3m6!1s0xd1f27b47863f9b9:0x1775d19dd320c640!8m2!3d38.9567117!4d-9.403441!16s%2Fg%2F11p0fzpfjz!19sChIJufljeLQnHw0RQMYg053RdRc?authuser=0&hl=pt-BR&rclk=1,No,Hospedagem domiciliar,
Sítio Dona Rose,,,"Ramal da Vicinal, 2640-094 Santo Isidoro, Portugal",,,PT,Ramal da Vicinal,38.993626,-9.3968485,"Hospedagem domiciliar in Torres Vedras, Portugal",https://www.google.com/maps/place/S%C3%ADtio+Dona+Rose/data=!4m7!3m6!1s0xd1f27001cfa3423:0x54b0d050275e3264!8m2!3d38.993626!4d-9.3968485!16s%2Fg%2F11z187rxb5!19sChIJIzT6HAAnHw0RZDJeJ1DQsFQ?authuser=0&hl=pt-BR&rclk=1,No,Hospedagem domiciliar,
Casa Susana,,'+351918864508,"Av. Nossa Sra. da Purificação 117, 2590-430 Sapataria, Portugal",,,PT,Av. Nossa Sra. da Purificação 117,38.9800396,-9.1983882,"Hospedagem domiciliar in Torres Vedras, Portugal",https://www.google.com/maps/place/Casa+Susana/data=!4m10!3m9!1s0xd1f2bbe5ac78a6b:0xb5ab38d57047af63!5m2!4m1!1i2!8m2!3d38.9800396!4d-9.1983882!16s%2Fg%2F11l29ld74f!19sChIJa4rHWr4rHw0RY69HcNU4q7U?authuser=0&hl=pt-BR&rclk=1,No,,
Surffikämppä,,,"Praceta de Palhais 6, 2640-006 Santo Isidoro, Portugal",,,PT,Praceta de Palhais 6,38.9977094,-9.4139572,"Hospedagem domiciliar in Torres Vedras, Portugal",https://www.google.com/maps/place/Surffik%C3%A4mpp%C3%A4/data=!4m7!3m6!1s0xd1f273f41f9eadf:0x644f2348d2107a06!8m2!3d38.9977094!4d-9.4139572!16s%2Fg%2F11s539c9sc!19sChIJ3-r5QT8nHw0RBnoQ0kgjT2Q?authuser=0&hl=pt-BR&rclk=1,No,Hospedagem domiciliar,
Casa da Loba,,,"3VWV+WC, Aldeia Gavinha, Portugal",,,PT,3VWV+WC,39.097282,-9.106395,"Hospedagem domiciliar in Torres Vedras, Portugal",https://www.google.com/maps/place/Casa+da+Loba/data=!4m7!3m6!1s0xd18d30014189f89:0xd2c82206448fdf35!8m2!3d39.097282!4d-9.106395!16s%2Fg%2F11vt5ntlcy!19sChIJiZ8YFADTGA0RNd-PRAYiyNI?authuser=0&hl=pt-BR&rclk=1,No,Hospedagem domiciliar,
Marihno Wohnort,,,"R. Augusto Toscano Batalha 12, 2625 Póvoa de Santa Iria, Portugal",,,PT,R. Augusto Toscano Batalha 12,38.864583,-9.067892,"Hospedagem domiciliar in Torres Vedras, Portugal",https://www.google.com/maps/place/Marihno+Wohnort/data=!4m7!3m6!1s0xd192f0034f33905:0x94bc4661d87149ac!8m2!3d38.864583!4d-9.067892!16s%2Fg%2F11xmljgnr_!19sChIJBTnzNAAvGQ0RrElx2GFGvJQ?authuser=0&hl=pt-BR&rclk=1,No,Hospedagem domiciliar,
Brisa do Mar,,'+351915804723,"Av. da Praia 11, 2525-471 Atouguia da Baleia, Portugal","4,8",,PT,Av. da Praia 11,39.3234677,-9.3448633,"Hospedagem domiciliar in Torres Vedras, Portugal",https://www.google.com/maps/place/Brisa+do+Mar/data=!4m10!3m9!1s0xd1f49951b716b29:0x729408981ccc7094!5m2!4m1!1i2!8m2!3d39.3234677!4d-9.3448633!16s%2Fg%2F11t5lgnhxs!19sChIJKWtxG5VJHw0RlHDMHJgIlHI?authuser=0&hl=pt-BR&rclk=1,No,,
Mae Home Sol-Carril,,'+351911550680,"R. do Marco Branco 19, Carril, 2500-339 Alvorni, Portugal","4,6",,PT,Carril,39.4047035,-9.023307,"Hospedagem domiciliar in Torres Vedras, Portugal",https://www.google.com/maps/place/Mae+Home+Sol-Carril/data=!4m10!3m9!1s0xd18b1302fc1aa23:0x25cff88c4fd9ff18!5m2!4m1!1i2!8m2!3d39.4047035!4d-9.023307!16s%2Fg%2F11t1k2dn9l!19sChIJI6rBLzCxGA0RGP_ZT4z4zyU?authuser=0&hl=pt-BR&rclk=1,No,,
Mosteiro da graça,,,"R. 25 de Abril, 2560-629 Torres Vedras, Portugal",,,PT,R. 25 de Abril,39.1077939,-9.2665891,"Hospedagem domiciliar in Torres Vedras, Portugal",https://www.google.com/maps/place/Mosteiro+da+gra%C3%A7a/data=!4m7!3m6!1s0xd1f2d004ac7acc7:0x6bacf010f568faf8!8m2!3d39.1077939!4d-9.2665891!16s%2Fg%2F11y3dr4xsq!19sChIJx6zHSgAtHw0R-Ppo9RDwrGs?authuser=0&hl=pt-BR&rclk=1,No,Hospedagem domiciliar,
Quinta do Alto dos Pinheiros,,'+351912585499,"843M+JP, 2040 Rio Maior, Portugal","4,5",,PT,843M+JP,39.3040559,-8.8656338,"Hospedagem domiciliar in Torres Vedras, Portugal",https://www.google.com/maps/place/Quinta+do+Alto+dos+Pinheiros/data=!4m7!3m6!1s0xd18c1003a7804b9:0x774bc960b5830c8b!8m2!3d39.3040559!4d-8.8656338!16s%2Fg%2F11zjddf4k9!19sChIJuQR4OgDBGA0RiwyDtWDJS3c?authuser=0&hl=pt-BR&rclk=1,No,Hospedagem domiciliar,
Adega,,,"Calçada do Cravo 5, 2640-086 Santo Isidoro, Portugal",,,PT,Calçada do Cravo 5,38.9924376,-9.3996165,"Hospedagem domiciliar in Torres Vedras, Portugal",https://www.google.com/maps/place/Adega/data=!4m7!3m6!1s0xd1f2753f648f30b:0xb79146abf25caf37!8m2!3d38.9924376!4d-9.3996165!16s%2Fg%2F11sn6l708q!19sChIJC_NI9lMnHw0RN69c8qtGkbc?authuser=0&hl=pt-BR&rclk=1,No,Hospedagem domiciliar,
The Retreat Peniche,,'+351911170669,"R. do Casal da Cruz 88, 2525-036 Atouguia da Baleia, Portugal","5,0",,PT,R. do Casal da Cruz 88,39.3308221,-9.3244828,"Hospedagem domiciliar in Torres Vedras, Portugal",https://www.google.com/maps/place/The+Retreat+Peniche/data=!4m10!3m9!1s0xd1f49f7828a3fff:0x4c98d395fc9f2c7!5m2!4m1!1i2!8m2!3d39.3308221!4d-9.3244828!16s%2Fg%2F11f6d_fjmx!19sChIJ_z-KgvdJHw0Rx_LJXzmNyQQ?authuser=0&hl=pt-BR&rclk=1,No,,
Casa dos Cerdos,,,"R. de Santo António 30, 2500, Portugal","5,0",1,PT,R. de Santo António 30,39.3793383,-8.9880264,"Hospedagem domiciliar in Torres Vedras, Portugal",https://www.google.com/maps/place/Casa+dos+Cerdos/data=!4m7!3m6!1s0xd18b950ba2d4963:0x864da9275cd83ee7!8m2!3d39.3793383!4d-8.9880264!16s%2Fg%2F11t49vscj5!19sChIJY0ktulC5GA0R5z7YXCepTYY?authuser=0&hl=pt-BR&rclk=1,No,Hospedagem domiciliar,
البرتقال,,,"Sintra, Portugal","2,0",1,PT,Sintra,38.82254,-9.3886837,"Hospedagem domiciliar in Torres Vedras, Portugal",https://www.google.com/maps/place/%D8%A7%D9%84%D8%A8%D8%B1%D8%AA%D9%82%D8%A7%D9%84%E2%80%AD/data=!4m7!3m6!1s0xd1edb0058513d79:0xb21b629852860903!8m2!3d38.82254!4d-9.3886837!16s%2Fg%2F11yq6wpdzv!19sChIJeT1RWADbHg0RAwmGUphiG7I?authuser=0&hl=pt-BR&rclk=1,No,Hospedagem domiciliar,
Mae Home Foz,,'+351911550680,"R. Carolina Lopes 5, 2500-514 Foz do Arelho, Portugal","4,6",,PT,R. Carolina Lopes 5,39.4338912,-9.2244577,"Hospedagem domiciliar in Torres Vedras, Portugal",https://www.google.com/maps/place/Mae+Home+Foz/data=!4m10!3m9!1s0xd1f4dab892a4ba3:0x9232a6d8a7325e35!5m2!4m1!1i2!8m2!3d39.4338912!4d-9.2244577!16s%2Fg%2F11s_zqmsqn!19sChIJo0sqiatNHw0RNV4yp9imMpI?authuser=0&hl=pt-BR&rclk=1,No,,
Alojamento Moinho Rio Maior,,,"924W+8M, Rio Maior, Portugal","4,7",,PT,924W+8M,39.35579,-8.9533433,"Hospedagem domiciliar in Torres Vedras, Portugal",https://www.google.com/maps/place/Alojamento+Moinho+Rio+Maior/data=!4m10!3m9!1s0xd18b904ed9074b5:0x8cbb1e6f13ce41f3!5m2!4m1!1i2!8m2!3d39.35579!4d-8.9533433!16s%2Fg%2F11sb4y9xmm!19sChIJtXSQ7QS5GA0R80HOE28eu4w?authuser=0&hl=pt-BR&rclk=1,No,,
nipun navod,,,"R. Prazeres H4, 2695-504 São João da Talha, Portugal",,,PT,R. Prazeres H4,38.8296099,-9.1004469,"Hospedagem domiciliar in Torres Vedras, Portugal",https://www.google.com/maps/place/nipun+navod/data=!4m7!3m6!1s0xd192fdaac0b6421:0xa5c602db25363788!8m2!3d38.8296099!4d-9.1004469!16s%2Fg%2F11v15hmd0b!19sChIJIWQLrNovGQ0RiDc2JdsCxqU?authuser=0&hl=pt-BR&rclk=1,No,Hospedagem domiciliar,
Lar avó Laide,,,"R. A Volta da Alcaria 2070, Pontével, Portugal",,,PT,R. A Volta da Alcaria 2070,39.1490768,-8.8612408,"Hospedagem domiciliar in Torres Vedras, Portugal",https://www.google.com/maps/place/Lar+av%C3%B3+Laide/data=!4m7!3m6!1s0xd18dd002d4462bf:0xcc726eb3073b0d28!8m2!3d39.1490768!4d-8.8612408!16s%2Fg%2F11y_330yzz!19sChIJv2JELQDdGA0RKA07B7Nucsw?authuser=0&hl=pt-BR&rclk=1,No,Hospedagem domiciliar,
Sintra Lousa Twin Guest Room With Private Bathroom,,'+351962847672,"R. João de Deus 82, 2710-579 Sintra, Portugal","5,0",1,PT,R. João de Deus 82,38.799933,-9.384,"Hospedagem domiciliar in Torres Vedras, Portugal",https://www.google.com/maps/place/Sintra+Lousa+Twin+Guest+Room+With+Private+Bathroom/data=!4m10!3m9!1s0xd1eda95d605e563:0x369001f1fb5378a0!5m2!4m1!1i2!8m2!3d38.799933!4d-9.384!16s%2Fg%2F11vf97dy1z!19sChIJY-UF1pXaHg0RoHhT-_EBkDY?authuser=0&hl=pt-BR&rclk=1,No,,
Casa Gorda,,,"Largo de Santo António 11, 2510-011 Óbidos, Portugal","5,0",1,PT,Largo de Santo António 11,39.3466194,-9.1690261,"Hospedagem domiciliar in Torres Vedras, Portugal",https://www.google.com/maps/place/Casa+Gorda/data=!4m7!3m6!1s0xd18b5c1d8060543:0xc42efd1d1a5bcd05!8m2!3d39.3466194!4d-9.1690261!16s%2Fg%2F11v5g0_6nj!19sChIJQwUG2MG1GA0RBc1bGh39LsQ?authuser=0&hl=pt-BR&rclk=1,No,Hospedagem domiciliar,
Vovo/vova,,,"Rua dos Emigrantes 43, 2520-304 Peniche, Portugal",,,PT,Rua dos Emigrantes 43,39.3558306,-9.3924955,"Hospedagem domiciliar in Torres Vedras, Portugal",https://www.google.com/maps/place/Vovo%2Fvova/data=!4m7!3m6!1s0xd1f45002745e857:0xa18c61b82222d376!8m2!3d39.3558306!4d-9.3924955!16s%2Fg%2F11x01k7qz_!19sChIJV-hFJwBFHw0RdtMiIrhhjKE?authuser=0&hl=pt-BR&rclk=1,No,Hospedagem domiciliar,
Amadeu Amaral,,,"R. Luísa Neto Jorge 150, 1685 Famões, Portugal",,,PT,R. Luísa Neto Jorge 150,38.8040467,-9.2091927,"Hospedagem domiciliar in Torres Vedras, Portugal",https://www.google.com/maps/place/Amadeu+Amaral/data=!4m7!3m6!1s0xd1ed300370896cd:0x3812834078ffdac3!8m2!3d38.8040467!4d-9.2091927!16s%2Fg%2F11yzkyynlb!19sChIJzZYINwDTHg0Rw9r_eECDEjg?authuser=0&hl=pt-BR&rclk=1,No,Hospedagem domiciliar,
Sintra nómad lodge,,,"Av. Prof. Bento de Jesus Caraça 13, 2725-397 Algueirão-Mem Martins, Portugal",,,PT,Av. Prof. Bento de Jesus Caraça 13,38.7984234,-9.3441516,"Hospedagem domiciliar in Torres Vedras, Portugal",https://www.google.com/maps/place/Sintra+n%C3%B3mad+lodge/data=!4m10!3m9!1s0xd1ed10064f3ff4d:0x711b819db3b9ea85!5m2!4m1!1i2!8m2!3d38.7984234!4d-9.3441516!16s%2Fg%2F11xvwrpgmt!19sChIJTf_zZADRHg0Rheq5s52BG3E?authuser=0&hl=pt-BR&rclk=1,No,,
Maria da fonte Airbnb,,,"R. Maria da Fonte 23, 1170-015 Lisboa, Portugal","4,5",,PT,R. Maria da Fonte 23,38.7217584,-9.1331859,"Hospedagem domiciliar in Torres Vedras, Portugal",https://www.google.com/maps/place/Maria+da+fonte+Airbnb/data=!4m7!3m6!1s0xd1933000c6fb247:0x5447715066f1e0d5!8m2!3d38.7217584!4d-9.1331859!16s%2Fg%2F11y5zbstjg!19sChIJR7JvDAAzGQ0R1eDxZlBxR1Q?authuser=0&hl=pt-BR&rclk=1,No,Hospedagem domiciliar,
Lisbon Apartment Stays,,,"R. Trindade 20 2º andar, 1200-309 Lisboa, Portugal",,,PT,R. Trindade 20 2º andar,38.7119967,-9.1417142,"Hospedagem domiciliar in Torres Vedras, Portugal",https://www.google.com/maps/place/Lisbon+Apartment+Stays/data=!4m7!3m6!1s0xd1935000799f36b:0xe6ecedb7699e80e0!8m2!3d38.7119967!4d-9.1417142!16s%2Fg%2F11nr4wf8jp!19sChIJa_OZBwA1GQ0R4ICeabft7OY?authuser=0&hl=pt-BR&rclk=1,No,Hospedagem domiciliar,
Casa Lameiras,,'+351963035828,"Viv. JA, R. Américo Franco, 2640-578 Mafra, Portugal","4,2",,PT,R. Américo Franco,38.9593641,-9.3484221,"Hotel de 2 estrelas in Torres Vedras, Portugal",https://www.google.com/maps/place/Casa+Lameiras/data=!4m10!3m9!1s0xd1f2816f1a5115f:0xb32f68ca1dc68c8c!5m2!4m1!1i2!8m2!3d38.9593641!4d-9.3484221!16s%2Fg%2F11dzdh55_8!19sChIJXxGl8RYoHw0RjIzGHcpoL7M?authuser=0&hl=pt-BR&rclk=1,No,,
Ericeira Blue Sea Room,,'+351918817100,"Tv. do Caminho Novo 4, 2655-319 Ericeira, Portugal","4,5",,PT,Tv. do Caminho Novo 4,38.9625107,-9.4183321,"Hotel de 2 estrelas in Torres Vedras, Portugal",https://www.google.com/maps/place/Ericeira+Blue+Sea+Room/data=!4m10!3m9!1s0xd1f270c92401fcf:0x764a72af84d09112!5m2!4m1!1i2!8m2!3d38.9625107!4d-9.4183321!16s%2Fg%2F11dfgnxngq!19sChIJzx9AkgwnHw0REpHQhK9ySnY?authuser=0&hl=pt-BR&rclk=1,No,,
Quinta do Sol,,'+351936368519,"R. do Sol 1, 2565-641 Ramalhal, Portugal","4,3",,PT,R. do Sol 1,39.1384367,-9.2339869,"Hotel de 2 estrelas in Torres Vedras, Portugal",https://www.google.com/maps/place/Quinta+do+Sol/data=!4m10!3m9!1s0xd1f328a8113732b:0xd6b2fee4124e0e89!5m2!4m1!1i2!8m2!3d39.1384367!4d-9.2339869!16s%2Fg%2F1pp2t_cyn!19sChIJK3MTgYoyHw0RiQ5OEuT-stY?authuser=0&hl=pt-BR&rclk=1,No,,
Quinta da Torre - Casas de Campo,,'+351964007406,"Vale das Pedras, 2580-251 Ota, Portugal","4,5",,PT,Vale das Pedras,39.1054148,-8.9602352,"Hotel de 2 estrelas in Torres Vedras, Portugal",https://www.google.com/maps/place/Quinta+da+Torre+-+Casas+de+Campo/data=!4m10!3m9!1s0xd18db0431e4f2f9:0xe0df20a89ed9b556!5m2!4m1!1i2!8m2!3d39.1054148!4d-8.9602352!16s%2Fg%2F11dyr957s7!19sChIJ-fLkMQTbGA0RVrXZnqgg3-A?authuser=0&hl=pt-BR&rclk=1,No,,
Hostel da Vila,,'+351965769830,"R. de Triana 75, 2580-373 Alenquer, Portugal","4,8",,PT,R. de Triana 75,39.0549519,-9.0076677,"Albergue in Torres Vedras, Portugal",https://www.google.com/maps/place/Hostel+da+Vila/data=!4m10!3m9!1s0xd18d9ff53f7f0e5:0xbd4585073896be52!5m2!4m1!1i2!8m2!3d39.0549519!4d-9.0076677!16s%2Fg%2F11f3wmdp81!19sChIJ5fD3U__ZGA0RUr6WOAeFRb0?authuser=0&hl=pt-BR&rclk=1,No,,
Hotel Alameda,,'+351234523402,"EN n1 (IC 2) - Cavada Nova, 3850-165 Albergaria-a-Velha, Portugal","3,7",,PT,EN n1 (IC 2) - Cavada Nova,40.677535,-8.471076,"Hospedaria in Aveiro, Portugal",https://www.google.com/maps/place/Hotel+Alameda/data=!4m10!3m9!1s0xd23756fd050e3e7:0x9e94c71d5b2da2f4!5m2!4m1!1i2!8m2!3d40.677535!4d-8.471076!16s%2Fg%2F11cm_hvbtw!19sChIJ5-NQ0G91Iw0R9KItWx3HlJ4?authuser=0&hl=pt-BR&rclk=1,No,,
Casa de St. António,,'+351936267634,"R. Dom Afonso Henriques 44, 3870-161 Murtosa, Portugal","5,0",,PT,R. Dom Afonso Henriques 44,40.7414858,-8.6380684,"Hospedaria in Aveiro, Portugal",https://www.google.com/maps/place/Casa+de+St.+Ant%C3%B3nio/data=!4m10!3m9!1s0xd239bbf9473578b:0x2dbe4d9e4badedc!5m2!4m1!1i2!8m2!3d40.7414858!4d-8.6380684!16s%2Fg%2F11z7zf00gm!19sChIJi1dzlL-bIw0R3N665Nnk2wI?authuser=0&hl=pt-BR&rclk=1,No,,
Tricana d'Aveiro,,'+351234423366,"de Comboios, Av. Dr. Lourenço Peixinho, Lgo da Estação 259, 3810-168 Aveiro, Portugal","4,3",,PT,Lgo da Estação 259,40.6442175,-8.6413157,"Hospedaria in Aveiro, Portugal",https://www.google.com/maps/place/Tricana+d%27Aveiro/data=!4m10!3m9!1s0xd23980ddf406af9:0x5931875bf9940079!5m2!4m1!1i2!8m2!3d40.6442175!4d-8.6413157!16s%2Fg%2F1tr9ppyd!19sChIJ-WpA3w2YIw0ReQCU-VuHMVk?authuser=0&hl=pt-BR&rclk=1,No,,
Casa da Praça - 163853/AL,,'+351913901232,"47&, R. do Srg. Clemente de Morais 49, 3800-259 Aveiro, Portugal","4,4",,PT,R. do Srg. Clemente de Morais 49,40.6428277,-8.6547846,"Hospedaria in Aveiro, Portugal",https://www.google.com/maps/place/Casa+da+Pra%C3%A7a+-+163853%2FAL/data=!4m10!3m9!1s0xd2398049e55a1ed:0x9dd9384f540bf716!5m2!4m1!1i2!8m2!3d40.6428277!4d-8.6547846!16s%2Fg%2F11c1ptnqgf!19sChIJ7aFVngSYIw0RFvcLVE842Z0?authuser=0&hl=pt-BR&rclk=1,No,,
Casas de São José,,'+351968071616,"Estr. da Bairrada, 2040-481 Asseiceira, Portugal","4,5",,PT,Estr. da Bairrada,39.2953163,-8.9328313,"Albergue in Torres Vedras, Portugal",https://www.google.com/maps/place/Casas+de+S%C3%A3o+Jos%C3%A9/data=!4m10!3m9!1s0xd18c74ee2e99dab:0x1620824ddf2f1961!5m2!4m1!1i2!8m2!3d39.2953163!4d-8.9328313!16s%2Fg%2F11c1y8_703!19sChIJq53p4k7HGA0RYRkv302CIBY?authuser=0&hl=pt-BR&rclk=1,No,,
Casas de Campo Real Mar,,,"R. da Cabeça Alta 11, Mafra, Portugal","5,0",,PT,R. da Cabeça Alta 11,38.9700402,-9.3756308,"Albergue in Torres Vedras, Portugal",https://www.google.com/maps/place/Casas+de+Campo+Real+Mar/data=!4m10!3m9!1s0xd1f279a027dfd51:0x705eec8b4b0bc1ee!5m2!4m1!1i2!8m2!3d38.9700402!4d-9.3756308!16s%2Fg%2F11lcbs23tc!19sChIJUf19AponHw0R7sELS4vsXnA?authuser=0&hl=pt-BR&rclk=1,No,,
SaltLine Surf House Ericeira,,'+351935143484,"R. Cmte. Manuel Freire, 2655-443 Ericeira, Portugal","5,0",,PT,R. Cmte. Manuel Freire,38.9563053,-9.4140668,"Albergue in Torres Vedras, Portugal",https://www.google.com/maps/place/SaltLine+Surf+House+Ericeira/data=!4m10!3m9!1s0xd1f277f65dd5335:0x70769f1c6e3b1004!5m2!4m1!1i2!8m2!3d38.9563053!4d-9.4140668!16s%2Fg%2F11nhxk47x8!19sChIJNVPdZX8nHw0RBBA7bhyfdnA?authuser=0&hl=pt-BR&rclk=1,No,,
Casas de Campo - Vale da Terça,,'+351913842788,"Rua das Nogueiras 8, Vermelha, Portugal","4,8",,PT,Rua das Nogueiras 8,39.2715834,-9.1084314,"Albergue in Torres Vedras, Portugal",https://www.google.com/maps/place/Casas+de+Campo+-+Vale+da+Ter%C3%A7a/data=!4m10!3m9!1s0xd18cb001434b1f7:0x71e3f798324e4b45!5m2!4m1!1i2!8m2!3d39.2715834!4d-9.1084314!16s%2Fg%2F11wvpqrz_f!19sChIJ97E0FADLGA0RRUtOMpj343E?authuser=0&hl=pt-BR&rclk=1,No,,
Quinta de Santo António de Palhacana,,'+351969065322,"R. Principal 14, Palhacana, Pereiro de Palhacana, Portugal","4,9",,PT,Palhacana,39.049524,-9.125011,"Albergue in Torres Vedras, Portugal",https://www.google.com/maps/place/Quinta+de+Santo+Ant%C3%B3nio+de+Palhacana/data=!4m10!3m9!1s0xd18d3e2b3592e07:0x11bebbcdba762b99!5m2!4m1!1i2!8m2!3d39.049524!4d-9.125011!16s%2Fg%2F11sb0h46yf!19sChIJBy5Zs-LTGA0RmSt2us27vhE?authuser=0&hl=pt-BR&rclk=1,No,,
Canadian Star,,'+351231471516,"n, Av. da Barrinha 39, 3070-792 Praia de Mira, Portugal","3,4",,PT,Av. da Barrinha 39,40.4533319,-8.8018391,"Hotel de 3 estrelas in Aveiro, Portugal",https://www.google.com/maps/place/Canadian+Star/data=!4m10!3m9!1s0xd23b78572b4796d:0x461bcc1793de0574!5m2!4m1!1i2!8m2!3d40.4533319!4d-8.8018391!16s%2Fg%2F11bc7m6ddl!19sChIJbXm0coW3Iw0RdAXekxfMG0Y?authuser=0&hl=pt-BR&rclk=1,No,,
Casa Vila Palmeira,,'+351962654374,"R. da Oliveira nº69, 3865-117 Fermelã, Portugal","4,6",,PT,R. da Oliveira nº69,40.7033567,-8.5480669,"Hotel de 3 estrelas in Aveiro, Portugal",https://www.google.com/maps/place/Casa+Vila+Palmeira/data=!4m10!3m9!1s0xd239e9524d449d9:0x1672739227e14aac!5m2!4m1!1i2!8m2!3d40.7033567!4d-8.5480669!16s%2Fg%2F12vs8wp8j!19sChIJ2UnUJJWeIw0RrErhJ5JzchY?authuser=0&hl=pt-BR&rclk=1,No,,
La Mirandeza Hospedaria,,'+351912642139,"3860-060 Avanca, Portugal","3,7",,PT,,40.7852414,-8.566399,"Hospedaria in Aveiro, Portugal",https://www.google.com/maps/place/La+Mirandeza+Hospedaria/data=!4m7!3m6!1s0xd239ca3dec3b6cf:0xf88de8ec5de080fe!8m2!3d40.7852414!4d-8.566399!16s%2Fg%2F11qn9wmq8k!19sChIJz7bD3qOcIw0R_oDgXezojfg?authuser=0&hl=pt-BR&rclk=1,No,Hotel,
Hotel Do Mar,,'+351231471144,"R. do Morro, 3070-806 Praia de Mira, Portugal","3,7",,PT,R. do Morro,40.4541444,-8.8028961,"Hotel de 3 estrelas in Aveiro, Portugal",https://www.google.com/maps/place/Hotel+Do+Mar/data=!4m10!3m9!1s0xd23b78586cce391:0x8d60b160c27e184!5m2!4m1!1i2!8m2!3d40.4541444!4d-8.8028961!16s%2Fg%2F1tdb5kb2!19sChIJkePMhoW3Iw0RhOEnDBYL1gg?authuser=0&hl=pt-BR&rclk=1,No,,
Hotel Meia Lua,,,"R. Eng. Adelino Amaro da Costa, 3884-214 Ovar, Portugal","3,5",,PT,R. Eng. Adelino Amaro da Costa,40.861271,-8.617878,"Hotel de 3 estrelas in Aveiro, Portugal",https://www.google.com/maps/place/Hotel+Meia+Lua/data=!4m10!3m9!1s0xd2385cb1a40cc79:0x7aa47186ec31eafc!5m2!4m1!1i2!8m2!3d40.861271!4d-8.617878!16s%2Fg%2F12vsbwhk8!19sChIJecxAGsuFIw0R_Oox7IZxpHo?authuser=0&hl=pt-BR&rclk=1,No,,
Furadouro Terrace Hostel,,'+351965738142,"R. do Comércio 49, 3880-372 Ovar, Portugal","4,6",,PT,R. do Comércio 49,40.8722357,-8.675561,"Hotel de 3 estrelas in Aveiro, Portugal",https://www.google.com/maps/place/Furadouro+Terrace+Hostel/data=!4m10!3m9!1s0xd238f4c9186dd29:0xec1d7799e4c1ff4a!5m2!4m1!1i2!8m2!3d40.8722357!4d-8.675561!16s%2Fg%2F11bwym9kqk!19sChIJKd2GkUyPIw0RSv_B5Jl3Hew?authuser=0&hl=pt-BR&rclk=1,No,,
Furadouro Terrace Hostel,,'+351965738142,"R. do Comércio 49, 3880-372 Ovar, Portugal","4,6",,PT,R. do Comércio 49,40.8722357,-8.675561,"Hotel in Aveiro, Portugal",https://www.google.com/maps/place/Furadouro+Terrace+Hostel/data=!4m10!3m9!1s0xd238f4c9186dd29:0xec1d7799e4c1ff4a!5m2!4m1!1i2!8m2!3d40.8722357!4d-8.675561!16s%2Fg%2F11bwym9kqk!19sChIJKd2GkUyPIw0RSv_B5Jl3Hew?authuser=0&hl=pt-BR&rclk=1,No,,
Centenária Alojamento Local,,'+351933876460,"R. Eng. Agnelo Prazeres 48, 3770-059 Oiã, Portugal","4,5",,PT,R. Eng. Agnelo Prazeres 48,40.5434444,-8.5434157,"Hotel de 3 estrelas in Aveiro, Portugal",https://www.google.com/maps/place/Centen%C3%A1ria+Alojamento+Local/data=!4m10!3m9!1s0xd23a6c2382bdad5:0x6b51e93d6d7deb3b!5m2!4m1!1i2!8m2!3d40.5434444!4d-8.5434157!16s%2Fg%2F11cr_g8svj!19sChIJ1dorOMKmIw0RO-t9bT3pUWs?authuser=0&hl=pt-BR&rclk=1,No,,
"MS Collection Aveiro - Palacete de Valdemouro, an SLH Hotel",,,"R. José Estevão 50, 3800-201 Aveiro, Portugal","4,9",,PT,R. José Estevão 50,40.6425,-8.652883,"Hotel de 5 estrelas in Aveiro, Portugal","https://www.google.com/maps/place/MS+Collection+Aveiro+-+Palacete+de+Valdemouro,+an+SLH+Hotel/data=!4m10!3m9!1s0xd239804edf0004f:0xfdaf037e49561558!5m2!4m1!1i2!8m2!3d40.6425!4d-8.652883!16s%2Fg%2F11s6fv8gg8!19sChIJTwDw7QSYIw0RWBVWSX4Dr_0?authuser=0&hl=pt-BR&rclk=1",No,,
Montebelo Vista Alegre Ílhavo Hotel,,,"Lugar da Vista Alegre, 3830-292 Ílhavo, Portugal","4,6",,PT,Lugar da Vista Alegre,40.588587,-8.684632,"Hotel de 5 estrelas in Aveiro, Portugal",https://www.google.com/maps/place/Montebelo+Vista+Alegre+%C3%8Dlhavo+Hotel/data=!4m10!3m9!1s0xd23bce0fc525f7d:0xd29953456319d669!5m2!4m1!1i2!8m2!3d40.588587!4d-8.684632!16s%2Fg%2F11bwn9p610!19sChIJfV9S_OC8Iw0RadYZY0VTmdI?authuser=0&hl=pt-BR&rclk=1,No,,
Hotel Conde d'Agueda,,,"Praça Conde de Águeda, 3750-119 Águeda, Portugal","4,3",,PT,Praça Conde de Águeda,40.572928,-8.444997,"Hotel in Aveiro, Portugal",https://www.google.com/maps/place/Hotel+Conde+d%27Agueda/data=!4m10!3m9!1s0xd230a2be8525757:0x7b8f5b6133bb3e1d!5m2!4m1!1i2!8m2!3d40.572928!4d-8.444997!16s%2Fg%2F1vf9dn4k!19sChIJV1dS6CsKIw0RHT67M2Fbj3s?authuser=0&hl=pt-BR&rclk=1,No,,
Hotel Quinta Progresso,,'+351256410890,"R. do Sobreiro Grosso Nº 80, 3730-289, Portugal","4,5",,PT,R. do Sobreiro Grosso Nº 80,40.844682,-8.3782484,"Hotel de 4 estrelas in Aveiro, Portugal",https://www.google.com/maps/place/Hotel+Quinta+Progresso/data=!4m10!3m9!1s0xd237966d7baf46b:0x6956fe762eef4159!5m2!4m1!1i2!8m2!3d40.844682!4d-8.3782484!16s%2Fg%2F11ypv50xr!19sChIJa_S612Z5Iw0RWUHvLnb-Vmk?authuser=0&hl=pt-BR&rclk=1,No,,
Guest House Casa S. Martinho da Gândara,,'+351939996665,"R. Manuel José da Silva 105, Portugal","4,8",,PT,R. Manuel José da Silva 105,40.8449945,-8.5148185,"Hotel de 4 estrelas in Aveiro, Portugal",https://www.google.com/maps/place/Guest+House+Casa+S.+Martinho+da+G%C3%A2ndara/data=!4m10!3m9!1s0xd23838806e30c39:0x69e614e38c82ef5d!5m2!4m1!1i2!8m2!3d40.8449945!4d-8.5148185!16s%2Fg%2F11k6yvtzn_!19sChIJOQzjBoiDIw0RXe-CjOMU5mk?authuser=0&hl=pt-BR&rclk=1,No,,
Aveiro,,,"Av. Claudino Santos Costa, 3840-271, Portugal","4,5",,PT,Av. Claudino Santos Costa,40.5614647,-8.7617167,"Hospedagem domiciliar in Aveiro, Portugal",https://www.google.com/maps/place/Aveiro/data=!4m7!3m6!1s0xd23bfd9fe986f2f:0x6eb53de936b668e6!8m2!3d40.5614647!4d-8.7617167!16s%2Fg%2F11tc8trfp3!19sChIJL2-Y_tm_Iw0R5mi2Nuk9tW4?authuser=0&hl=pt-BR&rclk=1,No,Hospedagem domiciliar,
Herdade Dos Canastros,,'+351916310424,"R. de Paçô 59, 3740-016 Sever do Vouga, Portugal","4,6",,PT,R. de Paçô 59,40.726732,-8.3361459,"Hotel de 4 estrelas in Aveiro, Portugal",https://www.google.com/maps/place/Herdade+Dos+Canastros/data=!4m10!3m9!1s0xd23723c9e365029:0x8f5537a698f81a14!5m2!4m1!1i2!8m2!3d40.726732!4d-8.3361459!16s%2Fg%2F11c0w4xf7h!19sChIJKVA2njxyIw0RFBr4mKY3VY8?authuser=0&hl=pt-BR&rclk=1,No,,
hospedagem martim sacra,,,"R. Dr. Alberto Souto, 3810-383, Portugal",,,PT,R. Dr. Alberto Souto,40.6079028,-8.6455306,"Hospedagem domiciliar in Aveiro, Portugal",https://www.google.com/maps/place/hospedagem+martim+sacra/data=!4m7!3m6!1s0xd23a3001500b625:0xfca4537bc5cafc10!8m2!3d40.6079028!4d-8.6455306!16s%2Fg%2F11zgq_6tm_!19sChIJJbYAFQCjIw0REPzKxXtTpPw?authuser=0&hl=pt-BR&rclk=1,No,Hospedagem domiciliar,
Aveiro,,,"Av. Claudino Santos Costa, 3840-271, Portugal","4,5",,PT,Av. Claudino Santos Costa,40.6425542,-8.6496189,"Hospedagem domiciliar in Aveiro, Portugal",https://www.google.com/maps/place/Patio+79+aveiro/data=!4m10!3m9!1s0xd23998ec9e8e003:0xd9d60ba65455cce6!5m2!4m1!1i2!8m2!3d40.6425542!4d-8.6496189!16s%2Fg%2F11k3vv93bx!19sChIJA-DoyY6ZIw0R5sxVVKYL1tk?authuser=0&hl=pt-BR&rclk=1,No,Hospedagem domiciliar,
Casa Aveiro Modern House,,,"R. de José Rabumba 37, 3810-076 Aveiro, Portugal","5,0",,PT,R. de José Rabumba 37,40.6403234,-8.6551975,"Hospedagem domiciliar in Aveiro, Portugal",https://www.google.com/maps/place/Casa+Aveiro+Modern+House/data=!4m10!3m9!1s0xd2399333543ac7b:0x564b9f5696ebf801!5m2!4m1!1i2!8m2!3d40.6403234!4d-8.6551975!16s%2Fg%2F11sdsk63yt!19sChIJe6xDNTOZIw0RAfjrllafS1Y?authuser=0&hl=pt-BR&rclk=1,No,,
Ovar casa Sara,,,"R. das Bateiras 262 334, Ovar, Portugal",,,PT,R. das Bateiras 262 334,40.8276723,-8.6692063,"Hospedagem domiciliar in Aveiro, Portugal",https://www.google.com/maps/place/Ovar+casa+Sara/data=!4m7!3m6!1s0xd238f00120b1f93:0x7219885b61f13786!8m2!3d40.8276723!4d-8.6692063!16s%2Fg%2F11zdhvs3_8!19sChIJkx8LEgCPIw0RhjfxYVuIGXI?authuser=0&hl=pt-BR&rclk=1,No,Hospedagem domiciliar,
Жилой комплекс,,,"R. Eng. Paulo Benjamim Cabral 2, 3830-751 Gafanha da Nazaré, Portugal",,,PT,R. Eng. Paulo Benjamim Cabral 2,40.6424306,-8.7397277,"Hospedagem domiciliar in Aveiro, Portugal",https://www.google.com/maps/place/%D0%96%D0%B8%D0%BB%D0%BE%D0%B9+%D0%BA%D0%BE%D0%BC%D0%BF%D0%BB%D0%B5%D0%BA%D1%81/data=!4m7!3m6!1s0xd2397000eb4cd19:0x608b4acc017ce419!8m2!3d40.6424306!4d-8.7397277!16s%2Fg%2F11njn7l6js!19sChIJGc20DgCXIw0RGeR8AcxKi2A?authuser=0&hl=pt-BR&rclk=1,No,Hospedagem domiciliar,
Casa do Gil Gilardino,,,"R. da Estação de Quintas 45, 3810-477, Portugal",,,PT,R. da Estação de Quintas 45,40.5944131,-8.6179612,"Hospedagem domiciliar in Aveiro, Portugal",https://www.google.com/maps/place/Casa+do+Gil+Gilardino/data=!4m7!3m6!1s0xd23a322e2fbe79f:0xbb32fe0ccde8d689!8m2!3d40.5944131!4d-8.6179612!16s%2Fg%2F11s8x1_xql!19sChIJn-f74iKjIw0RidbozQz-Mrs?authuser=0&hl=pt-BR&rclk=1,No,Hospedagem domiciliar,
Edifício sol nascente,,,"R. das Estradas 436 3880, Válega, Portugal","4,8",,PT,R. das Estradas 436 3880,40.834537,-8.5847385,"Hospedagem domiciliar in Aveiro, Portugal",https://www.google.com/maps/place/Edif%C3%ADcio+sol+nascente/data=!4m7!3m6!1s0xd2385cc51c8679d:0x8c8c1b5fa2fb24b7!8m2!3d40.834537!4d-8.5847385!16s%2Fg%2F11rvb8vj8m!19sChIJnWfIUcyFIw0RtyT7ol8bjIw?authuser=0&hl=pt-BR&rclk=1,No,Hospedagem domiciliar,
Residência Lírio das Rosas,,,"Rua da Capela de Santo Amaro 3, 3860-328 Estarreja, Portugal",,,PT,Rua da Capela de Santo Amaro 3,40.7709277,-8.5528169,"Hospedagem domiciliar in Aveiro, Portugal",https://www.google.com/maps/place/Resid%C3%AAncia+L%C3%ADrio+das+Rosas/data=!4m7!3m6!1s0xd239d00665d7915:0x6ab6f4f6c9a7b9d7!8m2!3d40.7709277!4d-8.5528169!16s%2Fg%2F11wtqy_9_5!19sChIJFXldZgCdIw0R17mnyfb0tmo?authuser=0&hl=pt-BR&rclk=1,No,Hospedagem domiciliar,
Casa do Gabriel,,,"R. Américo Ramalho, Aveiro, Portugal",,,PT,R. Américo Ramalho,40.6499609,-8.6332181,"Hospedagem domiciliar in Aveiro, Portugal",https://www.google.com/maps/place/Casa+do+Gabriel/data=!4m7!3m6!1s0xd2399002b1078a9:0x778494ec972fcdfd!8m2!3d40.6499609!4d-8.6332181!16s%2Fg%2F11ytxn975h!19sChIJqXgQKwCZIw0R_c0vl-yUhHc?authuser=0&hl=pt-BR&rclk=1,No,Hospedagem domiciliar,
Estalagem dos padres,,,"R. de Santo António no 34, 3850-014 Albergaria-a-Velha, Portugal",,,PT,R. de Santo António no 34,40.6571069,-8.4671502,"Hospedagem domiciliar in Aveiro, Portugal",https://www.google.com/maps/place/Estalagem+dos+padres/data=!4m7!3m6!1s0xd2375001ff48233:0xf38a44c8a441f290!8m2!3d40.6571069!4d-8.4671502!16s%2Fg%2F11ntm_2k85!19sChIJM4L0HwB1Iw0RkPJBpMhEivM?authuser=0&hl=pt-BR&rclk=1,No,Hospedagem domiciliar,
Joaquim Pinto,,,"Praceta Rua da República 8A, 3800-560 Cacia, Portugal",,,PT,Praceta Rua da República 8A,40.6785007,-8.5946178,"Hospedagem domiciliar in Aveiro, Portugal",https://www.google.com/maps/place/Joaquim+Pinto/data=!4m7!3m6!1s0xd2399cb750c41fd:0xfcbd826515421a3e!8m2!3d40.6785007!4d-8.5946178!16s%2Fg%2F11kj_lyghj!19sChIJ_UEMdcuZIw0RPhpCFWWCvfw?authuser=0&hl=pt-BR&rclk=1,No,Hospedagem domiciliar,
Casas da Videira,,,"Rua do Bico do, Outeiro 5B, 3475-010 Paranho de Arca, Portugal",,,PT,Outeiro 5B,40.6654234,-8.3306559,"Hospedagem domiciliar in Aveiro, Portugal",https://www.google.com/maps/place/Casas+da+Videira/data=!4m7!3m6!1s0xd2373eaa69692bd:0x7e316abf79a8e84e!8m2!3d40.6654234!4d-8.3306559!16s%2Fg%2F11v156r3mf!19sChIJvZKWpupzIw0RTuioeb9qMX4?authuser=0&hl=pt-BR&rclk=1,No,Hospedagem domiciliar,
Venezia apartments,,,"Praça Gen. Humberto Delgado 6, 3810-117 Aveiro, Portugal","4,9",,PT,Praça Gen. Humberto Delgado 6,40.6410243,-8.6535167,"Hospedagem domiciliar in Aveiro, Portugal",https://www.google.com/maps/place/Venezia+apartments/data=!4m10!3m9!1s0xd2399d6ec6e4157:0x951d6a7fc7ace3ad!5m2!4m1!1i2!8m2!3d40.6410243!4d-8.6535167!16s%2Fg%2F11t509c6s9!19sChIJV0Fu7NaZIw0RreOsx39qHZU?authuser=0&hl=pt-BR&rclk=1,No,,
Acesso Garagens Velamarina,,,"Rua Nossa Senhora da Nazaré, Gafanha da Nazaré, Portugal",,,PT,Rua Nossa Senhora da Nazaré,40.6209696,-8.749872,"Hospedagem domiciliar in Aveiro, Portugal",https://www.google.com/maps/place/Acesso+Garagens+Velamarina/data=!4m7!3m6!1s0xd23bf00516b2e21:0x463e92909b418c4f!8m2!3d40.6209696!4d-8.749872!16s%2Fg%2F11x2lph6ly!19sChIJIS5rUQC_Iw0RT4xBm5CSPkY?authuser=0&hl=pt-BR&rclk=1,No,Hospedagem domiciliar,
mga,,,"VFRX+WF, São João da Madeira, Portugal","4,3",,PT,VFRX+WF,40.892261,-8.501269,"Hospedagem domiciliar in Aveiro, Portugal",https://www.google.com/maps/place/mga/data=!4m7!3m6!1s0xd23819449dd8dd1:0x5cac6f79b873e134!8m2!3d40.892261!4d-8.501269!16s%2Fg%2F11v4vv5jck!19sChIJ0Y3dSZSBIw0RNOFzuHlvrFw?authuser=0&hl=pt-BR&rclk=1,No,Hospedagem domiciliar,
Zz,,,"R. António Ramos Rosa 189, 3700 São João da Madeira, Portugal",,,PT,R. António Ramos Rosa 189,40.8910168,-8.4782717,"Hospedagem domiciliar in Aveiro, Portugal",https://www.google.com/maps/place/Zz/data=!4m7!3m6!1s0xd237f0024400031:0x820bd67afa39ee8c!8m2!3d40.8910168!4d-8.4782717!16s%2Fg%2F11vzd2pvq1!19sChIJMQBAJAB_Iw0RjO45-nrWC4I?authuser=0&hl=pt-BR&rclk=1,No,Hospedagem domiciliar,
Farm Stories,,,"Caldas de São Jorge, Portugal","5,0",1,PT,Caldas de São Jorge,40.9691528,-8.5098532,"Hospedagem domiciliar in Aveiro, Portugal",https://www.google.com/maps/place/Farm+Stories/data=!4m7!3m6!1s0xd247f00366fdd61:0x1f68576aad8fb670!8m2!3d40.9691528!4d-8.5098532!16s%2Fg%2F11xmd4hwkc!19sChIJYd1vNgB_JA0RcLaPrWpXaB8?authuser=0&hl=pt-BR&rclk=1,No,Hospedagem domiciliar,
Casa do Dani,,,"R. Rainha Santa Isabel 231, 3700-552 Arrifana, Portugal",,,PT,R. Rainha Santa Isabel 231,40.9096449,-8.4980803,"Hospedagem domiciliar in Aveiro, Portugal",https://www.google.com/maps/place/Casa+do+Dani/data=!4m7!3m6!1s0xd23810009d5c765:0xf4b4694384f4c6f0!8m2!3d40.9096449!4d-8.4980803!16s%2Fg%2F11zh1lqywh!19sChIJZcfVCQCBIw0R8Mb0hENptPQ?authuser=0&hl=pt-BR&rclk=1,No,Hospedagem domiciliar,
"A lugares se apartamento T2, praia Vagueira",,,"R. Dr. Máximo Loff, 3048-280, Portugal",,,PT,R. Dr. Máximo Loff,40.5604954,-8.7663595,"Hospedagem domiciliar in Aveiro, Portugal","https://www.google.com/maps/place/A+lugares+se+apartamento+T2,+praia+Vagueira/data=!4m7!3m6!1s0xd23bf007da6d593:0xe70ad27c772f1dab!8m2!3d40.5604954!4d-8.7663595!16s%2Fg%2F11x_1rf55x!19sChIJk9WmfQC_Iw0Rqx0vd3zSCuc?authuser=0&hl=pt-BR&rclk=1",No,Hospedagem domiciliar,
Atenas Studio - Best view at Coimbra Downtown,,,"Rua do Brasil, Edifício Atenas Parque, Bloco C, 3030-175 Coimbra, Portugal","4,6",,PT,Bloco C,40.2026216,-8.4239289,"Hospedagem domiciliar in Aveiro, Portugal",https://www.google.com/maps/place/Atenas+Studio+-+Best+view+at+Coimbra+Downtown/data=!4m10!3m9!1s0xd22f9516c68ed6d:0x5e3868c170e29bac!5m2!4m1!1i2!8m2!3d40.2026216!4d-8.4239289!16s%2Fg%2F11rrrbmsmz!19sChIJbe1obFH5Ig0RrJvicMFoOF4?authuser=0&hl=pt-BR&rclk=1,No,,
Travessa de cela,,,"Tv. de Cela, Portugal",,,PT,Tv. de Cela,40.9207718,-8.2902751,"Hospedagem domiciliar in Aveiro, Portugal",https://www.google.com/maps/place/Travessa+de+cela/data=!4m7!3m6!1s0xd2363be53f91817:0x5984184a175e9932!8m2!3d40.9207718!4d-8.2902751!16s%2Fg%2F11sbrlfhz4!19sChIJFxj5U75jIw0RMpleF0oYhFk?authuser=0&hl=pt-BR&rclk=1,No,Hospedagem domiciliar,
Casa do Márcio e Tânia,,,"R. do Chão de Baixo 15, 3800-853 Requeixo, Portugal",,,PT,R. do Chão de Baixo 15,40.5768549,-8.546842,"Hospedagem domiciliar in Aveiro, Portugal",https://www.google.com/maps/place/Casa+do+M%C3%A1rcio+e+T%C3%A2nia/data=!4m7!3m6!1s0xd23a1005e85174f:0x5625855e21f37469!8m2!3d40.5768549!4d-8.546842!16s%2Fg%2F11ycs2zwt7!19sChIJTxeFXgChIw0RaXTzIV6FJVY?authuser=0&hl=pt-BR&rclk=1,No,Hospedagem domiciliar,
Hotel Alameda,,'+351234523402,"EN n1 (IC 2) - Cavada Nova, 3850-165 Albergaria-a-Velha, Portugal","3,7",,PT,EN n1 (IC 2) - Cavada Nova,40.6775346,-8.4710757,"Hotel de 2 estrelas in Aveiro, Portugal",https://www.google.com/maps/place/Hotel+Alameda/data=!4m10!3m9!1s0xd23756fd06a9139:0x9e94c71d5b2da2f4!5m2!4m1!1i2!8m2!3d40.6775346!4d-8.4710757!16s%2Fg%2F11cm_hvbtw!19sChIJOZFq0G91Iw0R9KItWx3HlJ4?authuser=0&hl=pt-BR&rclk=1,No,,
Malu Hostel Design,,'+351256591184,"Av. do Infante Dom Henrique 40, 3880-355 Ovar, Portugal","4,3",,PT,Av. do Infante Dom Henrique 40,40.869716,-8.677543,"Hotel de 2 estrelas in Aveiro, Portugal",https://www.google.com/maps/place/Malu+Hostel+Design/data=!4m10!3m9!1s0xd2389a9f289aad1:0xcca3917f1bb8f9eb!5m2!4m1!1i2!8m2!3d40.869716!4d-8.677543!16s%2Fg%2F11h7dgh9w_!19sChIJ0aqJ8qmJIw0R6_m4G3-Ro8w?authuser=0&hl=pt-BR&rclk=1,No,,
Casa do Norte,,,"R. Sr. da Piedade, 3880-382 Ovar, Portugal","4,8",,PT,R. Sr. da Piedade,40.8743448,-8.6683915,"Hospedagem domiciliar in Aveiro, Portugal",https://www.google.com/maps/place/Casa+do+Norte/data=!4m7!3m6!1s0xd238fb3382960d3:0x6fa8e631e0d5b673!8m2!3d40.8743448!4d-8.6683915!16s%2Fg%2F11q7zfsnhx!19sChIJ02ApOLOPIw0Rc7bV4DHmqG8?authuser=0&hl=pt-BR&rclk=1,No,Hospedagem domiciliar,
"Mourisca 1810, Guest House",,,"Largo Sebastião Saraiva Lima, Trofa, Portugal","5,0",,PT,Largo Sebastião Saraiva Lima,40.6108435,-8.4624868,"Albergue in Aveiro, Portugal","https://www.google.com/maps/place/Mourisca+1810,+Guest+House/data=!4m10!3m9!1s0xd230b003c893bc7:0xb5985f4935bdaf27!5m2!4m1!1i2!8m2!3d40.6108435!4d-8.4624868!16s%2Fg%2F11xtjccmh2!19sChIJxzuJPAALIw0RJ6-9NUlfmLU?authuser=0&hl=pt-BR&rclk=1",No,,
Costanovasurfhouse,,'+351964844237,"R. da Fonte 92, 3830-472 Gafanha da Encarnação, Portugal","4,5",,PT,R. da Fonte 92,40.6254572,-8.7274912,"Albergue in Aveiro, Portugal",https://www.google.com/maps/place/Costanovasurfhouse/data=!4m10!3m9!1s0xd23bdf4e8a6aa77:0x4693e0dac71f080f!5m2!4m1!1i2!8m2!3d40.6254572!4d-8.7274912!16s%2Fg%2F11g8xj_ys8!19sChIJd6qm6PS9Iw0RDwgfx9rgk0Y?authuser=0&hl=pt-BR&rclk=1,No,,
CLEHouse Alojamento Local,,,"R. Central 12, Paredes do Bairro, Portugal","5,0",,PT,R. Central 12,40.4479033,-8.5068196,"Albergue in Aveiro, Portugal",https://www.google.com/maps/place/CLEHouse+Alojamento+Local/data=!4m10!3m9!1s0xd23a923d4765421:0x453db791a04efd34!5m2!4m1!1i2!8m2!3d40.4479033!4d-8.5068196!16s%2Fg%2F11vjh4nw_y!19sChIJIVR21COpIw0RNP1OoJG3PUU?authuser=0&hl=pt-BR&rclk=1,No,,
Les Canaux,,'+351919171651,"R. Cmte. Rocha e Cunha 76, 3800-135 Aveiro, Portugal","4,6",,PT,R. Cmte. Rocha e Cunha 76,40.6429474,-8.6437482,"Albergue in Aveiro, Portugal",https://www.google.com/maps/place/Les+Canaux/data=!4m10!3m9!1s0xd23980e7906a41d:0x2a140bc2a65836a9!5m2!4m1!1i2!8m2!3d40.6429474!4d-8.6437482!16s%2Fg%2F11f3wmf4s_!19sChIJHaQGeQ6YIw0RqTZYpsILFCo?authuser=0&hl=pt-BR&rclk=1,No,,
Oikos 77,,,"R. Cristovão Pinho Queimado 77, 3800-012 Aveiro, Portugal",,,PT,R. Cristovão Pinho Queimado 77,40.6381324,-8.6351075,"Albergue in Aveiro, Portugal",https://www.google.com/maps/place/Oikos+77/data=!4m10!3m9!1s0xd2399590b74c329:0xc26d375ecda34756!5m2!4m1!1i2!8m2!3d40.6381324!4d-8.6351075!16s%2Fg%2F11k4v_cmpz!19sChIJKcN0C1mZIw0RVkejzV43bcI?authuser=0&hl=pt-BR&rclk=1,No,,
Casa Rural Oliveira do Bairro,,'+351938336535,"Estr. Vila Verde 84, 3770-102 Oliveira do Bairro, Portugal","5,0",,PT,Estr. Vila Verde 84,40.5112267,-8.5236914,"Albergue in Aveiro, Portugal",https://www.google.com/maps/place/Casa+Rural+Oliveira+do+Bairro/data=!4m10!3m9!1s0xd23a7002cf5faf1:0xadcbb1092ab525ab!5m2!4m1!1i2!8m2!3d40.5112267!4d-8.5236914!16s%2Fg%2F11lmscnys3!19sChIJ8fr1LACnIw0RqyW1Kgmxy60?authuser=0&hl=pt-BR&rclk=1,No,,
Palheiros da Ria - Beach House,,,"R. dos Arrais 118, 3830-455 Costa Nova, Portugal",,,PT,R. dos Arrais 118,40.6075972,-8.7490359,"Albergue in Aveiro, Portugal",https://www.google.com/maps/place/Palheiros+da+Ria+-+Beach+House/data=!4m10!3m9!1s0xd2399005930d511:0x271f0af10a166641!5m2!4m1!1i2!8m2!3d40.6075972!4d-8.7490359!16s%2Fg%2F11ywlhykv4!19sChIJEdUwWQCZIw0RQWYWCvEKHyc?authuser=0&hl=pt-BR&rclk=1,No,,
Oikos 59,,,"R. Cristovão Pinho Queimado 59, 3800-009 Aveiro, Portugal","5,0",,PT,R. Cristovão Pinho Queimado 59,40.6379584,-8.6354046,"Albergue in Aveiro, Portugal",https://www.google.com/maps/place/Oikos+59/data=!4m10!3m9!1s0xd239957c213e57b:0xe493406d746fb1a4!5m2!4m1!1i2!8m2!3d40.6379584!4d-8.6354046!16s%2Fg%2F11k4v_c7zj!19sChIJe-UTwleZIw0RpLFvdG1Ak-Q?authuser=0&hl=pt-BR&rclk=1,No,,
Casa das Fontes alojamento,,'+351913651732,"Rua do Patarrão 266, 3880-560 Válega, Portugal",,,PT,Rua do Patarrão 266,40.8367227,-8.56905,"Albergue in Aveiro, Portugal",https://www.google.com/maps/place/Casa+das+Fontes+alojamento/data=!4m10!3m9!1s0xd2383b5b2159271:0x94dce560ac231a2a!5m2!4m1!1i2!8m2!3d40.8367227!4d-8.56905!16s%2Fg%2F11nqxvq204!19sChIJcZIVsrWDIw0RKhojrGDl3JQ?authuser=0&hl=pt-BR&rclk=1,No,,
CASA DO CASTELO,,'+351928036848,"R. Sacadura Cabral 278, 3830-669 Gafanha da Nazaré, Portugal","5,0",,PT,R. Sacadura Cabral 278,40.6415015,-8.7104202,"Albergue in Aveiro, Portugal",https://www.google.com/maps/place/CASA+DO+CASTELO/data=!4m10!3m9!1s0xd2397004d4b9efd:0x6c1c04020c0c5352!5m2!4m1!1i2!8m2!3d40.6415015!4d-8.7104202!16s%2Fg%2F11vxh9vz3z!19sChIJ_Z5LTQCXIw0RUlMMDAIEHGw?authuser=0&hl=pt-BR&rclk=1,No,,
Hc Torreira Beach,,'+351914588916,"R. dos Marinheiros 15, 3870-332 Torreira, Portugal",,,PT,R. dos Marinheiros 15,40.7592749,-8.7114611,"Albergue in Aveiro, Portugal",https://www.google.com/maps/place/Hc+Torreira+Beach/data=!4m10!3m9!1s0xd239137485177cd:0xebca911acb170bc9!5m2!4m1!1i2!8m2!3d40.7592749!4d-8.7114611!16s%2Fg%2F11vm309rcr!19sChIJzXdRSDeRIw0RyQsXyxqRyus?authuser=0&hl=pt-BR&rclk=1,No,,
Another Side,,,"R. Q.ta das Folhas 28, Ovar, Portugal",,,PT,R. Q.ta das Folhas 28,40.8690653,-8.6694038,"Albergue in Aveiro, Portugal",https://www.google.com/maps/place/Another+Side/data=!4m10!3m9!1s0xd238f241175801d:0x11eb50fe7c43de0f!5m2!4m1!1i2!8m2!3d40.8690653!4d-8.6694038!16s%2Fg%2F11lc9kpzh1!19sChIJHYB1ESSPIw0RD95DfP5Q6xE?authuser=0&hl=pt-BR&rclk=1,No,,
Casa Amarela - 42591/AL,,'+351913901232,"R. Manuel Firmino 6, 3800-213 Aveiro, Portugal","4,3",,PT,R. Manuel Firmino 6,40.6428449,-8.6526887,"Albergue in Aveiro, Portugal",https://www.google.com/maps/place/Casa+Amarela+-+42591%2FAL/data=!4m10!3m9!1s0xd239804e92692c7:0x602f137c95576fec!5m2!4m1!1i2!8m2!3d40.6428449!4d-8.6526887!16s%2Fg%2F11g6_dg8_f!19sChIJx5Im6QSYIw0R7G9XlXwTL2A?authuser=0&hl=pt-BR&rclk=1,No,,
Quinta da Tília Farmhouse,,,"R. de Vide 284, 3720-510, Portugal",,,PT,R. de Vide 284,40.8422049,-8.5279254,"Albergue in Aveiro, Portugal",https://www.google.com/maps/place/Quinta+da+T%C3%ADlia+Farmhouse/data=!4m10!3m9!1s0xd2383001e082a0b:0x477cfbfab151748c!5m2!4m1!1i2!8m2!3d40.8422049!4d-8.5279254!16s%2Fg%2F11yc5hwkhr!19sChIJCyoIHgCDIw0RjHRRsfr7fEc?authuser=0&hl=pt-BR&rclk=1,No,,
SResende Place Aveiro,,,"R. de Viseu 38, 3800-277 Aveiro, Portugal","4,0",,PT,R. de Viseu 38,40.6455957,-8.6412337,"Albergue in Aveiro, Portugal",https://www.google.com/maps/place/SResende+Place+Aveiro/data=!4m10!3m9!1s0xd2399de3b6c3df7:0xdd868306a1409597!5m2!4m1!1i2!8m2!3d40.6455957!4d-8.6412337!16s%2Fg%2F11p5gdnm83!19sChIJ9z1sO96ZIw0Rl5VAoQaDht0?authuser=0&hl=pt-BR&rclk=1,No,,
Hotel Alicante,,,"Av. Duque de Loulé 20, 1050-090 Lisboa, Portugal","3,9",,PT,Av. Duque de Loulé 20,38.728717,-9.144588,"Hospedaria in Mafra, Portugal",https://www.google.com/maps/place/Hotel+Alicante/data=!4m10!3m9!1s0xd19339e097d026b:0xdd599922ba7c8de0!5m2!4m1!1i2!8m2!3d38.728717!4d-9.144588!16s%2Fg%2F1tflbxyg!19sChIJawJ9CZ4zGQ0R4I18uiKZWd0?authuser=0&hl=pt-BR&rclk=1,No,,
Rose View Guest House,,'+351920355295,"Alameda Dom Afonso Henriques 29, 1900-180 Lisboa, Portugal","2,8",,PT,Alameda Dom Afonso Henriques 29,38.736576,-9.132914,"Hospedaria in Mafra, Portugal",https://www.google.com/maps/place/Rose+View+Guest+House/data=!4m10!3m9!1s0xd1933bd176034fd:0xea9df61b0226d5b8!5m2!4m1!1i2!8m2!3d38.736576!4d-9.132914!16s%2Fg%2F11n5zjffsm!19sChIJ_TRgF70zGQ0RuNUmAhv2neo?authuser=0&hl=pt-BR&rclk=1,No,,
Palheiro 81,,,"R. de Santo Amaro 81, Costa Nova do Prado, Aveiro, Portugal","5,0",1,PT,Costa Nova do Prado,40.6080426,-8.7495405,"Albergue in Aveiro, Portugal",https://www.google.com/maps/place/Palheiro+81/data=!4m10!3m9!1s0xd23bf00388b42bb:0x977e15f44eba1d8c!5m2!4m1!1i2!8m2!3d40.6080426!4d-8.7495405!16s%2Fg%2F11z8s88j2v!19sChIJu0KLOAC_Iw0RjB26TvQVfpc?authuser=0&hl=pt-BR&rclk=1,No,,
Casa da RIA,,'+351963308525,"Dr Lourenço Peixinho nº 179 - 3º Esquerdo ""Z, Av. Dr. Lourenço Peixinho nº 179, 3800-167 Aveiro, Portugal",,,PT,Av. Dr. Lourenço Peixinho nº 179,40.6434605,-8.6435372,"Albergue in Aveiro, Portugal",https://www.google.com/maps/place/Casa+da+RIA/data=!4m10!3m9!1s0xd23980e749e28f5:0xa5d21b6831780351!5m2!4m1!1i2!8m2!3d40.6434605!4d-8.6435372!16s%2Fg%2F11f66h3bjh!19sChIJ9SiedA6YIw0RUQN4MWgb0qU?authuser=0&hl=pt-BR&rclk=1,No,,
Casa do Mercado,,'+351966984982,"Largo de São Gonçalinho 1, 3800-073 Aveiro, Portugal","4,2",,PT,Largo de São Gonçalinho 1,40.6430963,-8.6555254,"Albergue in Aveiro, Portugal",https://www.google.com/maps/place/Casa+do+Mercado/data=!4m10!3m9!1s0xd239803445ead7b:0x6091168b7bade86c!5m2!4m1!1i2!8m2!3d40.6430963!4d-8.6555254!16s%2Fg%2F11rvzt9my!19sChIJe61eRAOYIw0RbOite4sWkWA?authuser=0&hl=pt-BR&rclk=1,No,,
Casa do Canastro,,,"R. dos Sousas 67, 3730-103 Gatão, Portugal",,,PT,R. dos Sousas 67,40.8394304,-8.3267137,"Albergue in Aveiro, Portugal",https://www.google.com/maps/place/Casa+do+Canastro/data=!4m10!3m9!1s0xd237b0065c4d3df:0x9a5ce536355f29cd!5m2!4m1!1i2!8m2!3d40.8394304!4d-8.3267137!16s%2Fg%2F11yvgdx1xy!19sChIJ39PEZQB7Iw0RzSlfNTblXJo?authuser=0&hl=pt-BR&rclk=1,No,,
Quinta da Harmonia,,'+351234933838,"Eixo, Portugal","5,0",,PT,Eixo,40.6323119,-8.5685087,"Albergue in Aveiro, Portugal",https://www.google.com/maps/place/Quinta+da+Harmonia/data=!4m10!3m9!1s0xd23a1c6eed6dceb:0xc7fda1238c6b06c5!5m2!4m1!1i2!8m2!3d40.6323119!4d-8.5685087!16s%2Fg%2F11rfn5h62l!19sChIJ69zW7sahIw0RxQZrjCOh_cc?authuser=0&hl=pt-BR&rclk=1,No,,
Jardim de albarraque,,'+351928260783,"PT, R. Gonçalves Correia 1, 2635-037 Rio de Mouro, Portugal","4,6",,PT,R. Gonçalves Correia 1,38.760853,-9.3549642,"Hospedagem domiciliar in Mafra, Portugal",https://www.google.com/maps/place/Jardim+de+albarraque/data=!4m7!3m6!1s0xd1ecf6415343959:0x4caac7dd05908aa7!8m2!3d38.760853!4d-9.3549642!16s%2Fg%2F11s3xwrqvk!19sChIJWTk0FWTPHg0Rp4qQBd3Hqkw?authuser=0&hl=pt-BR&rclk=1,No,Hospedagem domiciliar,
The Local Guest House,,,"Alameda Dom Afonso Henriques 80 RC/Esquerdo, 100-125 Lisboa, Portugal","3,9",,PT,Alameda Dom Afonso Henriques 80 RC/Esquerdo,38.7375405,-9.1359824,"Hospedagem domiciliar in Mafra, Portugal",https://www.google.com/maps/place/The+Local+Guest+House/data=!4m10!3m9!1s0xd19331e3e043035:0xc2be227e6be54221!5m2!4m1!1i2!8m2!3d38.7375405!4d-9.1359824!16s%2Fg%2F11jzyh1vjr!19sChIJNTAEPh4zGQ0RIULla34ivsI?authuser=0&hl=pt-BR&rclk=1,No,,
Morada,,,"R. Tomás Ribeiro 8A, 1050-234 Lisboa, Portugal","4,0",1,PT,R. Tomás Ribeiro 8A,38.7314141,-9.1480322,"Hospedagem domiciliar in Mafra, Portugal",https://www.google.com/maps/place/Morada/data=!4m7!3m6!1s0xd19330015276071:0x969a535bf8224039!8m2!3d38.7314141!4d-9.1480322!16s%2Fg%2F11vwjlsj8h!19sChIJcWAnFQAzGQ0ROUAi-FtTmpY?authuser=0&hl=pt-BR&rclk=1,No,Hospedagem domiciliar,
Poiso das Tesouras,,,"R. Dr. António Martins 36 1 d, Lisboa, Portugal","5,0",,PT,R. Dr. António Martins 36 1 d,38.7397352,-9.1657944,"Hospedagem domiciliar in Mafra, Portugal",https://www.google.com/maps/place/Poiso+das+Tesouras/data=!4m7!3m6!1s0xd19333b67dd8fad:0xa408b93db7b2599e!8m2!3d38.7397352!4d-9.1657944!16s%2Fg%2F11ksbcplsc!19sChIJrY_dZzszGQ0Rnlmytz25CKQ?authuser=0&hl=pt-BR&rclk=1,No,Hospedagem domiciliar,
Residencial Almirante,,,"Av. Alm. Reis 32, 1170-218 Lisboa, Portugal","3,6",,PT,Av. Alm. Reis 32,38.723301,-9.135098,"Hospedaria in Mafra, Portugal",https://www.google.com/maps/place/Residencial+Almirante/data=!4m10!3m9!1s0xd1933855afa876f:0xa7564253d34c0ea2!5m2!4m1!1i2!8m2!3d38.723301!4d-9.135098!16s%2Fg%2F11c6v9nttr!19sChIJb4f6WoUzGQ0Rog5M01NCVqc?authuser=0&hl=pt-BR&rclk=1,No,,
Habitaciones Gen. Firmino Miguel 8,,,"R. Gen. Firmino Miguel 8, 1600-100 Lisboa, Portugal",,,PT,R. Gen. Firmino Miguel 8,38.745892,-9.1636318,"Hospedagem domiciliar in Mafra, Portugal",https://www.google.com/maps/place/Habitaciones+Gen.+Firmino+Miguel+8/data=!4m7!3m6!1s0xd19330742d3921b:0xcfa1f708c17b369c!8m2!3d38.745892!4d-9.1636318!16s%2Fg%2F11kj5n0f2g!19sChIJG5LTQgczGQ0RnDZ7wQj3oc8?authuser=0&hl=pt-BR&rclk=1,No,Hospedagem domiciliar,
Succeed Campo Pequeno Apartments,,,"Av. Júlio Dinis 27B, 1050-063 Lisboa, Portugal","4,5",,PT,Av. Júlio Dinis 27B,38.741978,-9.148427,"Hospedagem domiciliar in Mafra, Portugal",https://www.google.com/maps/place/Succeed+Campo+Pequeno+Apartments/data=!4m10!3m9!1s0xd1933005b2ad8a1:0x301aab55ba363510!5m2!4m1!1i2!8m2!3d38.741978!4d-9.148427!16s%2Fg%2F11ln0q0_rj!19sChIJodgqWwAzGQ0REDU2ulWrGjA?authuser=0&hl=pt-BR&rclk=1,No,,
sophia home,,,"R. José Estêvão 24, 1150-200 Lisboa, Portugal",,,PT,R. José Estêvão 24,38.728795,-9.1374476,"Hospedagem domiciliar in Mafra, Portugal",https://www.google.com/maps/place/sophia+home/data=!4m7!3m6!1s0xd1933f17f314e33:0x7e9e4f082fdad73b!8m2!3d38.728795!4d-9.1374476!16s%2Fg%2F11s2nkv5x3!19sChIJM04xf_EzGQ0RO9faLwhPnn4?authuser=0&hl=pt-BR&rclk=1,No,Hospedagem domiciliar,
Lizbona Ula 2026,,,"Rua de Arroios 171, 1000-062 Lisboa, Portugal",,,PT,Rua de Arroios 171,38.731032,-9.136573,"Hospedagem domiciliar in Mafra, Portugal",https://www.google.com/maps/place/Lizbona+Ula+2026/data=!4m7!3m6!1s0xd1933001f82e767:0x62b277f272cf101a!8m2!3d38.731032!4d-9.136573!16s%2Fg%2F11z6tlh6cf!19sChIJZ-eCHwAzGQ0RGhDPcvJ3smI?authuser=0&hl=pt-BR&rclk=1,No,Hospedagem domiciliar,
AIBNB,,,"Av. Alm. Reis 90 106, 1170-140 Lisboa, Portugal",,,PT,Av. Alm. Reis 90 106,38.7303485,-9.1343754,"Hospedagem domiciliar in Mafra, Portugal",https://www.google.com/maps/place/AIBNB/data=!4m7!3m6!1s0xd1933007265932b:0x3d1ffba55f46dff9!8m2!3d38.7303485!4d-9.1343754!16s%2Fg%2F11yywb8l0s!19sChIJK5NlcgAzGQ0R-d9GX6X7Hz0?authuser=0&hl=pt-BR&rclk=1,No,Hospedagem domiciliar,
Lisbon Top Hostel,,'+351216052583,"Av. António Augusto de Aguiar 30 Ap.1D, 1050-016 Lisboa, Portugal","3,9",,PT,Av. António Augusto de Aguiar 30 Ap.1D,38.729337,-9.149449,"Hotel de 2 estrelas in Mafra, Portugal",https://www.google.com/maps/place/Lisbon+Top+Hostel/data=!4m10!3m9!1s0xd1933743f313407:0xfb63dcc3603c3c5d!5m2!4m1!1i2!8m2!3d38.729337!4d-9.149449!16s%2Fg%2F11bx9bsxyp!19sChIJBzQxP3QzGQ0RXTw8YMPcY_s?authuser=0&hl=pt-BR&rclk=1,No,,
Better Choice Hostel,,,"R. António Pedro 52, 1000-032 Lisboa, Portugal","2,7",,PT,R. António Pedro 52,38.7320887,-9.135087,"Albergue in Mafra, Portugal",https://www.google.com/maps/place/Better+Choice+Hostel/data=!4m10!3m9!1s0xd19330045ba1529:0xad67789124a85062!5m2!4m1!1i2!8m2!3d38.7320887!4d-9.135087!16s%2Fg%2F11mlq0hnlv!19sChIJKRW6RQAzGQ0RYlCoJJF4Z60?authuser=0&hl=pt-BR&rclk=1,No,,
STAY IN SINTRA GUESTHOUSE,,,"Pátio de Olivença 6, 2710-600 Sintra, Portugal","3,9",,PT,Pátio de Olivença 6,38.8019647,-9.3818708,"Albergue in Mafra, Portugal",https://www.google.com/maps/place/STAY+IN+SINTRA+GUESTHOUSE/data=!4m10!3m9!1s0xd1edb303cfc35ff:0x6a257d86f13928c6!5m2!4m1!1i2!8m2!3d38.8019647!4d-9.3818708!16s%2Fg%2F11krs54pp6!19sChIJ_zX8PDDbHg0Rxig58YZ9JWo?authuser=0&hl=pt-BR&rclk=1,No,,
Nestify,,'+351916586060,"Aldeia Das Acoteias, 8200-593 Albufeira, Portugal",,,PT,Aldeia Das Acoteias,37.0971926,-8.1690479,"Hospedaria in Loulé, Portugal",https://www.google.com/maps/place/Nestify/data=!4m7!3m6!1s0xd1acbcc821502b5:0xc3f36368a4e12de4!8m2!3d37.0971926!4d-8.1690479!16s%2Fg%2F11ntxd8bt3!19sChIJtQIVgszLGg0R5C3hpGhj88M?authuser=0&hl=pt-BR&rclk=1,No,Hospedaria,
Hospedaria Moiras Encantadas,,'+351926190204,"R. Miguel Bombarda 7, Paderne, Portugal","4,3",,PT,R. Miguel Bombarda 7,37.1764018,-8.2035904,"Hospedaria in Loulé, Portugal",https://www.google.com/maps/place/Hospedaria+Moiras+Encantadas/data=!4m7!3m6!1s0xd1ac8a3a5cb70af:0x6a4f66079aae96e4!8m2!3d37.1764018!4d-8.2035904!16s%2Fg%2F11b73mcwk4!19sChIJr3DLpaPIGg0R5JaumgdmT2o?authuser=0&hl=pt-BR&rclk=1,No,,
Melaya Private Rooms - Rnal 149001/AL,,'+351960461528,"R. Dr. Arnaldo Cardoso Vilhena 25, 8005-216 Faro, Portugal","2,7",,PT,R. Dr. Arnaldo Cardoso Vilhena 25,37.0251688,-7.9274001,"Hospedaria in Loulé, Portugal",https://www.google.com/maps/place/Melaya+Private+Rooms+-+Rnal+149001%2FAL/data=!4m7!3m6!1s0xd05533d8d1065c9:0xaec058b59fd93d93!8m2!3d37.0251688!4d-7.9274001!16s%2Fg%2F11l59j6_33!19sChIJyWUQjT1TBQ0Rkz3Zn7VYwK4?authuser=0&hl=pt-BR&rclk=1,No,Hospedaria,
GrowIN Digital Nomads,,'+351289170481,"R. Baptista Lopes 40 1st Floor, 8000-225 Faro, Portugal","2,5",,PT,R. Baptista Lopes 40 1st Floor,37.0180479,-7.9333587,"Hospedaria in Loulé, Portugal",https://www.google.com/maps/place/GrowIN+Digital+Nomads/data=!4m7!3m6!1s0xd0552c68d39d309:0xfbe034ee73af431b!8m2!3d37.0180479!4d-7.9333587!16s%2Fg%2F11rcn91_m1!19sChIJCdM5jcZSBQ0RG0Ovc-404Ps?authuser=0&hl=pt-BR&rclk=1,No,Albergue,
Vivenda Anastácio,,'+351969016218,"R. das Três Marias, Albufeira, Portugal","4,4",,PT,R. das Três Marias,37.0938802,-8.2001045,"Hospedaria in Loulé, Portugal",https://www.google.com/maps/place/Vivenda+Anast%C3%A1cio/data=!4m7!3m6!1s0xd1acbe0ad88a525:0x6602aa3277796945!8m2!3d37.0938802!4d-8.2001045!16s%2Fg%2F11c556sj8q!19sChIJJaWIreDLGg0RRWl5dzKqAmY?authuser=0&hl=pt-BR&rclk=1,No,,
Hotel da Aldeia,,'+351289588861,"Avenida Dr. Francisco Sá Carneiro CXP 511, 8200-280 Albufeira, Portugal","2,9",,PT,Avenida Dr. Francisco Sá Carneiro CXP 511,37.0907861,-8.2278451,"Hotel de 3 estrelas in Loulé, Portugal",https://www.google.com/maps/place/Hotel+da+Aldeia/data=!4m10!3m9!1s0xd1acea9e7792a67:0xd50eb33f07db32fc!5m2!4m1!1i2!8m2!3d37.0907861!4d-8.2278451!16s%2Fg%2F1tls42qy!19sChIJZyp556nOGg0R_DLbBz-zDtU?authuser=0&hl=pt-BR&rclk=1,No,,
Melaya Private Rooms - Rnal 149001/AL,,'+351960461528,"R. Dr. Arnaldo Cardoso Vilhena 25, 8005-216 Faro, Portugal","2,7",,PT,R. Dr. Arnaldo Cardoso Vilhena 25,37.0251688,-7.9274001,"Hospedaria in Loulé, Portugal",https://www.google.com/maps/place/Melaya+Private+Rooms+-+Rnal+149001%2FAL/data=!4m10!3m9!1s0xd05533d8d1065c9:0xaec058b59fd93d93!5m2!4m1!1i2!8m2!3d37.0251688!4d-7.9274001!16s%2Fg%2F11l59j6_33!19sChIJyWUQjT1TBQ0Rkz3Zn7VYwK4?authuser=0&hl=pt-BR&rclk=1,No,,
GrowIN Digital Nomads,,'+351289170481,"R. Baptista Lopes 40 1st Floor, 8000-225 Faro, Portugal","2,5",,PT,R. Baptista Lopes 40 1st Floor,37.0180479,-7.9333587,"Hospedaria in Loulé, Portugal",https://www.google.com/maps/place/GrowIN+Digital+Nomads/data=!4m10!3m9!1s0xd0552c68d39d309:0xfbe034ee73af431b!5m2!4m1!1i2!8m2!3d37.0180479!4d-7.9333587!16s%2Fg%2F11rcn91_m1!19sChIJCdM5jcZSBQ0RG0Ovc-404Ps?authuser=0&hl=pt-BR&rclk=1,Yes,,
Vivenda Anastácio,,'+351969016218,"R. das Três Marias, Albufeira, Portugal","4,4",,PT,R. das Três Marias,37.0938802,-8.2001045,"Hospedaria in Loulé, Portugal",https://www.google.com/maps/place/Vivenda+Anast%C3%A1cio/data=!4m10!3m9!1s0xd1acbe0ad88a525:0x6602aa3277796945!5m2!4m1!1i2!8m2!3d37.0938802!4d-8.2001045!16s%2Fg%2F11c556sj8q!19sChIJJaWIreDLGg0RRWl5dzKqAmY?authuser=0&hl=pt-BR&rclk=1,No,,
Vila Paraíso,,,"Albufeira, Portugal","4,4",,PT,Albufeira,37.0852645,-8.3017558,"Hospedaria in Loulé, Portugal",https://www.google.com/maps/place/Vila+Para%C3%ADso/data=!4m10!3m9!1s0xd1acdfbbe79f119:0xf603e46fb3e00a7d!5m2!4m1!1i2!8m2!3d37.0852645!4d-8.3017558!16s%2Fg%2F11fy2q57ck!19sChIJGfF5vvvNGg0RfQrgs2_kA_Y?authuser=0&hl=pt-BR&rclk=1,No,,
Solar da Campina,,'+351281325904,"Solar da Campina 970C, 8800-107 Luz, Portugal","4,9",,PT,Solar da Campina 970C,37.1027451,-7.7193216,"Hospedaria in Loulé, Portugal",https://www.google.com/maps/place/Solar+da+Campina/data=!4m7!3m6!1s0xd10016cd010c033:0x149fa8f1159966e8!8m2!3d37.1027451!4d-7.7193216!16s%2Fg%2F12vrkh6cl!19sChIJM8AQ0GwBEA0R6GaZFfGonxQ?authuser=0&hl=pt-BR&rclk=1,No,Hospedaria,
Villa Belinha - Guest House,,'+351929121804,"Vila Belinha, R. da Fonte Santa, 8125-020 Quarteira, Portugal","4,3",,PT,R. da Fonte Santa,37.0725046,-8.0779238,"Hospedaria in Loulé, Portugal",https://www.google.com/maps/place/Villa+Belinha+-+Guest+House/data=!4m10!3m9!1s0xd1ab45a8e35624f:0x5cf929126f28dfa5!5m2!4m1!1i2!8m2!3d37.0725046!4d-8.0779238!16s%2Fg%2F12qh8j4qm!19sChIJT2I1jlq0Gg0Rpd8obxIp-Vw?authuser=0&hl=pt-BR&rclk=1,No,,
Villa Ania,,'+351968725594,"Cx 200 Z, Alpouvar, 8200-397 Albufeira, Portugal","4,8",,PT,Alpouvar,37.1169098,-8.2583501,"Hospedaria in Loulé, Portugal",https://www.google.com/maps/place/Villa+Ania/data=!4m10!3m9!1s0xd1acef254b42daf:0x8bad345b16cd1870!5m2!4m1!1i2!8m2!3d37.1169098!4d-8.2583501!16s%2Fg%2F113j6vhly!19sChIJry20VPLOGg0RcBjNFls0rYs?authuser=0&hl=pt-BR&rclk=1,No,,
Ouricasulo,,'+351289588047,"R. do Vale de Santa Maria Lote 7, 8200-346 Albufeira, Portugal",,,PT,R. do Vale de Santa Maria Lote 7,37.089012,-8.2579837,"Hospedaria in Loulé, Portugal",https://www.google.com/maps/place/Ouricasulo/data=!4m7!3m6!1s0xd1acc2eb8e4f413:0x80797020e34bf0a5!8m2!3d37.089012!4d-8.2579837!16s%2Fg%2F1hc2kppy5!19sChIJE_TkuC7MGg0RpfBL4yBweYA?authuser=0&hl=pt-BR&rclk=1,No,Hospedaria,
Blife Beach Hostel,,'+351933007700,"Av. Poente 5 7, 8005-520 Faro, Portugal","3,4",,PT,Av. Poente 5 7,37.0087995,-7.996055,"Hotel in Loulé, Portugal",https://www.google.com/maps/place/Blife+Beach+Hostel/data=!4m10!3m9!1s0xd054def0509fcad:0x3ba23d20fba938f4!5m2!4m1!1i2!8m2!3d37.0087995!4d-7.996055!16s%2Fg%2F11kjhmjg_7!19sChIJrfwJBe9NBQ0R9Dip-yA9ojs?authuser=0&hl=pt-BR&rclk=1,No,,
Hotel Atismar,,,"Av. Francisco Sá Carneiro, 8125-146 Quarteira, Portugal","3,7",,PT,Av. Francisco Sá Carneiro,37.065558,-8.096389,"Hotel de 3 estrelas in Loulé, Portugal",https://www.google.com/maps/place/Hotel+Atismar/data=!4m10!3m9!1s0xd1ab5a9900a5edb:0xa3c8349fc5ff67b6!5m2!4m1!1i2!8m2!3d37.065558!4d-8.096389!16s%2Fg%2F1v6l8rv3!19sChIJ214KkKm1Gg0Rtmf_xZ80yKM?authuser=0&hl=pt-BR&rclk=1,No,,
DOLCE FARO NIENTE Guest House,,,"R. Serpa Pinto 54, 8000-226 Faro, Portugal","4,9",,PT,R. Serpa Pinto 54,37.0192239,-7.9358303,"Hospedagem domiciliar in Loulé, Portugal",https://www.google.com/maps/place/DOLCE+FARO+NIENTE+Guest+House/data=!4m7!3m6!1s0xd05530026d00bd9:0xd9c4e5148d2a4896!8m2!3d37.0192239!4d-7.9358303!16s%2Fg%2F11ynt6kjm6!19sChIJ2QvQJgBTBQ0RlkgqjRTlxNk?authuser=0&hl=pt-BR&rclk=1,No,Hospedagem domiciliar,
Ria surf & stay,,'+351922009449,"R. de Santo Antonio 49, 8000-151 Faro, Portugal","3,4",,PT,R. de Santo Antonio 49,37.0163379,-7.9324445,"Hospedagem domiciliar in Loulé, Portugal",https://www.google.com/maps/place/Ria+surf+%26+stay/data=!4m10!3m9!1s0xd055300108305af:0x40e6a1a0996f3ec1!5m2!4m1!1i2!8m2!3d37.0163379!4d-7.9324445!16s%2Fg%2F11z7g8rvjx!19sChIJrwWDEABTBQ0RwT5vmaCh5kA?authuser=0&hl=pt-BR&rclk=1,No,,
The Future,,,"EM1334 123M 8700, Moncarapacho, Portugal","5,0",1,PT,EM1334 123M 8700,37.0724876,-7.7457476,"Hospedagem domiciliar in Loulé, Portugal",https://www.google.com/maps/place/The+Future/data=!4m7!3m6!1s0xd10018564420adf:0xc84afe58be7cba63!8m2!3d37.0724876!4d-7.7457476!16s%2Fg%2F11t312xsw0!19sChIJ3wpCZIUBEA0RY7p8vlj-Ssg?authuser=0&hl=pt-BR&rclk=1,No,Hospedagem domiciliar,
Caaa de idosos,,,"N398 625T, 8700 Quelfes, Portugal","5,0",1,PT,N398 625T,37.065194,-7.81673,"Hospedagem domiciliar in Loulé, Portugal",https://www.google.com/maps/place/Caaa+de+idosos/data=!4m7!3m6!1s0xd1aab0027b8f5bd:0x229382342e9d8cd1!8m2!3d37.065194!4d-7.81673!16s%2Fg%2F11nc8xxbqw!19sChIJvfW4JwCrGg0R0YydLjSCkyI?authuser=0&hl=pt-BR&rclk=1,No,Hospedagem domiciliar,
Casa Melissa,,,"Park Panorana, E1, 8100 Loulé, Portugal","5,0",1,PT,E1,37.1000257,-8.0080216,"Hospedagem domiciliar in Loulé, Portugal",https://www.google.com/maps/place/Casa+Melissa/data=!4m7!3m6!1s0xd1ab3006a483411:0x4397ceb9fdcdad32!8m2!3d37.1000257!4d-8.0080216!16s%2Fg%2F11z4b8f2fb!19sChIJETRIagCzGg0RMq3N_bnOl0M?authuser=0&hl=pt-BR&rclk=1,No,Hospedagem domiciliar,
Hotel Salgados Palace,,,"Herdade dos Salgados, 8200-424 Guia, Portugal","4,5",,PT,Herdade dos Salgados,37.0933014,-8.320944,"Hotel de 5 estrelas in Loulé, Portugal",https://www.google.com/maps/place/Hotel+Salgados+Palace/data=!4m10!3m9!1s0xd1ad1f7110471e7:0x3741cf8f60a38a81!5m2!4m1!1i2!8m2!3d37.0933014!4d-8.320944!16s%2Fg%2F1tff8wns!19sChIJ53EEEffRGg0RgYqjYI_PQTc?authuser=0&hl=pt-BR&rclk=1,No,,
Kollektivet Vandraren,,,"R. dos Tordos 68, Moncarapacho, Portugal","5,0",1,PT,R. dos Tordos 68,37.0806943,-7.8191775,"Hospedagem domiciliar in Loulé, Portugal",https://www.google.com/maps/place/Kollektivet+Vandraren/data=!4m7!3m6!1s0xd1aab006a4c3f0d:0x7a9588a99dfb3841!8m2!3d37.0806943!4d-7.8191775!16s%2Fg%2F11x_3863_m!19sChIJDT9MagCrGg0RQTj7namIlXo?authuser=0&hl=pt-BR&rclk=1,No,Hospedagem domiciliar,
Caravan of Love,,,"4734+V6, Luz, Portugal","5,0",,PT,4734+V6,37.1045973,-7.7444433,"Hospedagem domiciliar in Loulé, Portugal",https://www.google.com/maps/place/Caravan+of+Love/data=!4m10!3m9!1s0xd10010032fec2ff:0x863636980f60b3b!5m2!4m1!1i2!8m2!3d37.1045973!4d-7.7444433!16s%2Fg%2F11xgx3fxqy!19sChIJ_8L-MgABEA0ROwv2gGljYwg?authuser=0&hl=pt-BR&rclk=1,No,,
O’Retiro,,,"Caminho das Ferrarias 37, 8135, Portugal","5,0",,PT,Caminho das Ferrarias 37,37.0727587,-8.0590511,"Hospedagem domiciliar in Loulé, Portugal",https://www.google.com/maps/place/O%E2%80%99Retiro/data=!4m7!3m6!1s0xd1ab548734e27c9:0x19fc7be0ec5c7646!8m2!3d37.0727587!4d-8.0590511!16s%2Fg%2F11rw7kt_s2!19sChIJySdOc0i1Gg0RRnZc7OB7_Bk?authuser=0&hl=pt-BR&rclk=1,No,Hospedagem domiciliar,
Citadela 11,,,"Caminho do Millenium 12, Vilamoura, 8125-406 Quarteira, Portugal","5,0",1,PT,Vilamoura,37.1014636,-8.1281949,"Hospedagem domiciliar in Loulé, Portugal",https://www.google.com/maps/place/Citadela+11/data=!4m7!3m6!1s0xd1ab50069503a2d:0xe7ddcde2bf101593!8m2!3d37.1014636!4d-8.1281949!16s%2Fg%2F11z3qqnp7h!19sChIJLTpQaQC1Gg0RkxUQv-LN3ec?authuser=0&hl=pt-BR&rclk=1,No,Hospedagem domiciliar,
Villa Laransol,,,"Sitio do Ribeiro 181P, 8100-092 Boliqueime, Portugal","4,5",,PT,Sitio do Ribeiro 181P,37.1389311,-8.152972,"Hospedagem domiciliar in Loulé, Portugal",https://www.google.com/maps/place/Villa+Laransol/data=!4m7!3m6!1s0xd1ac9c99da3af59:0x4f65f4494044d2eb!8m2!3d37.1389311!4d-8.152972!16s%2Fg%2F11ggt5mtg5!19sChIJWa-jncnJGg0R69JEQEn0ZU8?authuser=0&hl=pt-BR&rclk=1,No,Hospedagem domiciliar,
faro central stay,,,"Largo de São Pedro 26, 8000-148 Faro, Portugal",,,PT,Largo de São Pedro 26,37.0192312,-7.933906,"Hospedagem domiciliar in Loulé, Portugal",https://www.google.com/maps/place/faro+central+stay/data=!4m7!3m6!1s0xd055300231ddecd:0xe9961d2c89e0d06b!8m2!3d37.0192312!4d-7.933906!16s%2Fg%2F11mz4krl36!19sChIJzd4dIwBTBQ0Ra9DgiSwdluk?authuser=0&hl=pt-BR&rclk=1,No,Hospedagem domiciliar,
loule,,,"8100-552 Loulé, Portugal","5,0",1,PT,,37.1378706,-8.0202467,"Hospedagem domiciliar in Loulé, Portugal",https://www.google.com/maps/place/loule/data=!4m7!3m6!1s0xd1ab1007eb17991:0x55dfba93ea46ebe8!8m2!3d37.1378706!4d-8.0202467!16s%2Fg%2F11lp2f2m_w!19sChIJkXmxfgCxGg0R6OtG6pO631U?authuser=0&hl=pt-BR&rclk=1,No,Hospedagem domiciliar,
Casa Barbara,,'+351918156566,"Caminho do Esmeraldo, 8700-176 Olhão, Portugal","4,8",,PT,Caminho do Esmeraldo,37.0635506,-7.8574931,"Hospedagem domiciliar in Loulé, Portugal",https://www.google.com/maps/place/Casa+Barbara/data=!4m7!3m6!1s0xd1aab6934900aeb:0xe0308ecf883d8119!8m2!3d37.0635506!4d-7.8574931!16s%2Fg%2F11c6_n226p!19sChIJ6wqQNGmrGg0RGYE9iM-OMOA?authuser=0&hl=pt-BR&rclk=1,No,Hospedagem domiciliar,
Casa joy,,,"Unnamed Road, 8800, Portugal","4,8",,PT,Unnamed Road,37.1337443,-7.7364833,"Hospedagem domiciliar in Loulé, Portugal",https://www.google.com/maps/place/Casa+joy/data=!4m7!3m6!1s0xd1007ccd4528d1b:0xc56ec4d58ae3cf09!8m2!3d37.1337443!4d-7.7364833!16s%2Fg%2F11nx65x9v2!19sChIJG41S1MwHEA0RCc_jitXEbsU?authuser=0&hl=pt-BR&rclk=1,No,Hospedagem domiciliar,
Vila Lua,,,"sitio do Bengado, Sao Bras de Alportel8150-018, Portugal","5,0",,PT,sitio do Bengado,37.1601359,-7.8478945,"Hospedagem domiciliar in Loulé, Portugal",https://www.google.com/maps/place/Vila+Lua/data=!4m7!3m6!1s0xd1aa91aa499a711:0x7d3fe4f8a7d39953!8m2!3d37.1601359!4d-7.8478945!16s%2Fg%2F11s4x7b274!19sChIJEaeZpBqpGg0RU5nTp_jkP30?authuser=0&hl=pt-BR&rclk=1,No,Hospedagem domiciliar,
Moradia do Cerro,,,"R. do Ciclista 9 8100, Boliqueime, Portugal","5,0",,PT,R. do Ciclista 9 8100,37.1217419,-8.1242743,"Hospedagem domiciliar in Loulé, Portugal",https://www.google.com/maps/place/Moradia+do+Cerro/data=!4m7!3m6!1s0xd1ab78690705c8d:0xe5a4141277c4c209!8m2!3d37.1217419!4d-8.1242743!16s%2Fg%2F11rs004hjq!19sChIJjVxwkIa3Gg0RCcLEdxIUpOU?authuser=0&hl=pt-BR&rclk=1,No,Hospedagem domiciliar,
BLife Martinya Private Rooms Olhão,,,"R. do Sol Posto 13, 8700-437 Olhão, Portugal","1,0",,PT,R. do Sol Posto 13,37.0251122,-7.8435526,"Hospedagem domiciliar in Loulé, Portugal",https://www.google.com/maps/place/BLife+Martinya+Private+Rooms+Olh%C3%A3o/data=!4m10!3m9!1s0xd05550059fe52bb:0x860b628d9c955bc6!5m2!4m1!1i2!8m2!3d37.0251122!4d-7.8435526!16s%2Fg%2F11njqq4f37!19sChIJu1L-WQBVBQ0RxluVnI1iC4Y?authuser=0&hl=pt-BR&rclk=1,No,,
Casa Anna,,,"EM514-2 111X, 8800-509 Santo Estevão, Portugal","5,0",,PT,EM514-2 111X,37.144901,-7.718331,"Hospedagem domiciliar in Loulé, Portugal",https://www.google.com/maps/place/Casa+Anna/data=!4m7!3m6!1s0xd10074d087cc369:0xf24599dea264145f!8m2!3d37.144901!4d-7.718331!16s%2Fg%2F11t3hpdq7p!19sChIJacN8CE0HEA0RXxRkot6ZRfI?authuser=0&hl=pt-BR&rclk=1,No,Hospedagem domiciliar,
Casa de Cima,,,"8800-509 Tavira, Portugal","4,8",,PT,,37.1401864,-7.7219007,"Hospedagem domiciliar in Loulé, Portugal",https://www.google.com/maps/place/Casa+de+Cima/data=!4m7!3m6!1s0xd10076be3055d17:0x1d022df395f28a82!8m2!3d37.1401864!4d-7.7219007!16s%2Fg%2F11s8kb8qvj!19sChIJF10F42sHEA0RgorylfMtAh0?authuser=0&hl=pt-BR&rclk=1,No,Hospedagem domiciliar,
Docter home,,,"EST da Garganta armazém 1, 8005-130 Faro, Portugal","5,0",1,PT,EST da Garganta armazém 1,37.0220794,-7.9080229,"Hospedagem domiciliar in Loulé, Portugal",https://www.google.com/maps/place/Docter+home/data=!4m7!3m6!1s0xd0553000e858b0d:0x532b52daf1428f35!8m2!3d37.0220794!4d-7.9080229!16s%2Fg%2F11y6nvk2bj!19sChIJDYuFDgBTBQ0RNY9C8dpSK1M?authuser=0&hl=pt-BR&rclk=1,No,Hospedagem domiciliar,
Quintinha da Nave,,,"Nave do Barão, Loulé, Portugal","5,0",,PT,Nave do Barão,37.2218501,-8.0706963,"Hospedagem domiciliar in Loulé, Portugal",https://www.google.com/maps/place/Quintinha+da+Nave/data=!4m7!3m6!1s0xd1ab998d325c019:0x6cef451bf29c1700!8m2!3d37.2218501!4d-8.0706963!16s%2Fg%2F11svdmzv9j!19sChIJGcAl05i5Gg0RABec8htF72w?authuser=0&hl=pt-BR&rclk=1,No,Hospedagem domiciliar,
Casa Maria,,'+351928241495,"37CG+J7, Luz, Portugal","5,0",1,PT,37CG+J7,37.0715351,-7.7243676,"Hospedagem domiciliar in Loulé, Portugal",https://www.google.com/maps/place/Casa+Maria/data=!4m7!3m6!1s0xd100100274d936f:0xd3fe2d21f0475564!8m2!3d37.0715351!4d-7.7243676!16s%2Fg%2F11x_rkncgx!19sChIJb5NNJwABEA0RZFVH8CEt_tM?authuser=0&hl=pt-BR&rclk=1,No,Hospedagem domiciliar,
Holiday House,,,"Largo de Camões 1I, 8200-178 Albufeira, Portugal","5,0",1,PT,Largo de Camões 1I,37.0860168,-8.2589187,"Hospedagem domiciliar in Loulé, Portugal",https://www.google.com/maps/place/Holiday+House/data=!4m7!3m6!1s0xd1acd3cff3c2517:0xf01caa707a440dcb!8m2!3d37.0860168!4d-8.2589187!16s%2Fg%2F11q4dlc480!19sChIJFyU8_zzNGg0Ryw1EenCqHPA?authuser=0&hl=pt-BR&rclk=1,No,Hospedagem domiciliar,
Faro,,,"R. Eca de Queiros 2, 8000-337 Faro, Portugal",,,PT,R. Eca de Queiros 2,37.0183193,-7.927064,"Hospedagem domiciliar in Loulé, Portugal",https://www.google.com/maps/place/Faro/data=!4m7!3m6!1s0xd0553003da916d3:0xa7c2474217736e80!8m2!3d37.0183193!4d-7.927064!16s%2Fg%2F11w39tjvpy!19sChIJ0xapPQBTBQ0RgG5zF0JHwqc?authuser=0&hl=pt-BR&rclk=1,No,Hospedagem domiciliar,
albufeira centro,,,"R. Ilha de São Tomé D9, 8200-317 Albufeira, Portugal","4,5",,PT,R. Ilha de São Tomé D9,37.1055729,-8.2359899,"Hospedagem domiciliar in Loulé, Portugal",https://www.google.com/maps/place/albufeira+centro/data=!4m7!3m6!1s0xd1acf005c46595b:0x2314083de7166cf3!8m2!3d37.1055729!4d-8.2359899!16s%2Fg%2F11yf6vn91w!19sChIJW1lGXADPGg0R82wW5z0IFCM?authuser=0&hl=pt-BR&rclk=1,No,Hospedagem domiciliar,
Vivenda A Girassol,,'+351932172368,"8125-303 Quarteira, Portugal","4,0",1,PT,,37.087721,-8.0804305,"Hospedagem domiciliar in Loulé, Portugal",https://www.google.com/maps/place/Vivenda+A+Girassol/data=!4m7!3m6!1s0xd1ab5006be00575:0x96fffbe037d0feda!8m2!3d37.087721!4d-8.0804305!16s%2Fg%2F11w_zk634w!19sChIJdQXgawC1Gg0R2v7QN-D7_5Y?authuser=0&hl=pt-BR&rclk=1,No,Hospedagem domiciliar,
Avairos Appartement 37,,,"R. dos Aveiros, 8200-294 Albufeira, Portugal","5,0",,PT,R. dos Aveiros,37.0843047,-8.2312988,"Hospedagem domiciliar in Loulé, Portugal",https://www.google.com/maps/place/Avairos+Appartement+37/data=!4m7!3m6!1s0xd1acd002527e0f9:0xf6228ca9a50d5ec7!8m2!3d37.0843047!4d-8.2312988!16s%2Fg%2F11x6nvhtgm!19sChIJ-eAnJQDNGg0Rx14NpamMIvY?authuser=0&hl=pt-BR&rclk=1,No,Hospedagem domiciliar,
Anexo Hotel Quarteira Sol,,,"8125-141 Quarteira, Portugal",,,PT,,37.0666914,-8.0984287,"Hospedagem domiciliar in Loulé, Portugal",https://www.google.com/maps/place/Anexo+Hotel+Quarteira+Sol/data=!4m7!3m6!1s0xd1ab5df577f382d:0xca056097284db460!8m2!3d37.0666914!4d-8.0984287!16s%2Fg%2F11ss4_zmk2!19sChIJLTh_V9-1Gg0RYLRNKJdgBco?authuser=0&hl=pt-BR&rclk=1,No,Hospedagem domiciliar,
Alojamiento actual,,,"R. do Horta 4, 8200-432 Guia, Portugal",,,PT,R. do Horta 4,37.1273284,-8.2981567,"Hospedagem domiciliar in Loulé, Portugal",https://www.google.com/maps/place/Alojamiento+actual/data=!4m7!3m6!1s0xd1acf00727fd561:0xfa0ab78729cb9467!8m2!3d37.1273284!4d-8.2981567!16s%2Fg%2F11mzxsb5q9!19sChIJYdV_cgDPGg0RZ5TLKYe3Cvo?authuser=0&hl=pt-BR&rclk=1,No,Hospedagem domiciliar,
Casa Vale Judeu,,,"4VGW+4M, Loulé, Portugal","4,0",,PT,4VGW+4M,37.1253213,-8.1032594,"Hospedagem domiciliar in Loulé, Portugal",https://www.google.com/maps/place/Casa+Vale+Judeu/data=!4m7!3m6!1s0xd1ab70051608fe7:0x17655663dfa86c13!8m2!3d37.1253213!4d-8.1032594!16s%2Fg%2F11vz5hhswl!19sChIJ549gUQC3Gg0RE2yo32NWZRc?authuser=0&hl=pt-BR&rclk=1,No,Hospedagem domiciliar,
Quinta das Cabrinhas,,,"346J+M2, Olhão, Portugal","5,0",1,PT,346J+M2,37.0616875,-7.8699375,"Hospedagem domiciliar in Loulé, Portugal",https://www.google.com/maps/place/Quinta+das+Cabrinhas/data=!4m7!3m6!1s0xd1aab06ea6a9dcd:0x32f0c5691742dfe0!8m2!3d37.0616875!4d-7.8699375!16s%2Fg%2F11s5k7b89p!19sChIJzZ1q6garGg0R4N9CF2nF8DI?authuser=0&hl=pt-BR&rclk=1,No,Hospedagem domiciliar,
Silver Holidays,,,"R. do Brasil 2, Vilamoura, 8125-479 Quarteira, Portugal","5,0",1,PT,Vilamoura,37.0940476,-8.1081529,"Hospedagem domiciliar in Loulé, Portugal",https://www.google.com/maps/place/Silver+Holidays/data=!4m7!3m6!1s0xd1ab5006f160a87:0x45e15bbae5819b6e!8m2!3d37.0940476!4d-8.1081529!16s%2Fg%2F11vzfrf6pm!19sChIJhwoWbwC1Gg0RbpuB5bpb4UU?authuser=0&hl=pt-BR&rclk=1,No,Hospedagem domiciliar,
Villa Medeiros,,'+351919169306,"Rua Guarda-Rios 25, 8135-024 Almancil, Portugal","5,0",,PT,Rua Guarda-Rios 25,37.0365125,-8.0298847,"Hospedagem domiciliar in Loulé, Portugal",https://www.google.com/maps/place/Villa+Medeiros/data=!4m10!3m9!1s0xd1ab346253191e7:0x317241697008147e!5m2!4m1!1i2!8m2!3d37.0365125!4d-8.0298847!16s%2Fg%2F11fj590mxz!19sChIJ55ExJUazGg0RfhQIcGlBcjE?authuser=0&hl=pt-BR&rclk=1,No,,
Faro,,,"6XFW+FV, Querença, Portugal",,,PT,6XFW+FV,37.2237601,-8.0027421,"Hospedagem domiciliar in Loulé, Portugal",https://www.google.com/maps/place/Faro/data=!4m7!3m6!1s0xd1abb001f02824b:0x6ef9f89dbd5b9fed!8m2!3d37.2237601!4d-8.0027421!16s%2Fg%2F11wh26glg4!19sChIJS4ICHwC7Gg0R7Z9bvZ34-W4?authuser=0&hl=pt-BR&rclk=1,No,Hospedagem domiciliar,
Vivenda Candeias,,,"Caminho Cerro da Águia, Albufeira, Portugal","5,0",1,PT,Caminho Cerro da Águia,37.0881097,-8.2794391,"Hospedagem domiciliar in Loulé, Portugal",https://www.google.com/maps/place/Vivenda+Candeias/data=!4m7!3m6!1s0xd1acd6b0b339c39:0xaa8661415f417446!8m2!3d37.0881097!4d-8.2794391!16s%2Fg%2F11rvdcb_bh!19sChIJOZwzC2vNGg0RRnRBX0Fhhqo?authuser=0&hl=pt-BR&rclk=1,No,Hospedagem domiciliar,
Torre mira,,,"Av. Francisco Sá Carneiro, 8125-507 Quarteira, Portugal","5,0",1,PT,Av. Francisco Sá Carneiro,37.0665947,-8.0971329,"Hospedagem domiciliar in Loulé, Portugal",https://www.google.com/maps/place/Torre+mira/data=!4m10!3m9!1s0xd1ab51349dc5de1:0xe7a9eba75d95039d!5m2!4m1!1i2!8m2!3d37.0665947!4d-8.0971329!16s%2Fg%2F11t8gqt3j6!19sChIJ4V3cSRO1Gg0RnQOVXafrqec?authuser=0&hl=pt-BR&rclk=1,No,,
Lissabon,,,"R. de Volta das Fragatas 2TG46, Vilamoura, 8125-406 Quarteira, Portugal","3,7",,PT,Vilamoura,37.078681,-8.102813,"Hospedagem domiciliar in Loulé, Portugal",https://www.google.com/maps/place/Lissabon/data=!4m7!3m6!1s0xd1ab5001a97be09:0x24b979214c0b8e69!8m2!3d37.078681!4d-8.102813!16s%2Fg%2F11wc4v5t0d!19sChIJCb6XGgC1Gg0RaY4LTCF5uSQ?authuser=0&hl=pt-BR&rclk=1,No,Hospedagem domiciliar,
Villa Boa Vista,,,"Sitio da Boa Vista, Caminho da Boavista, 8700-206 Quelfes, Portugal",,,PT,Caminho da Boavista,37.0772636,-7.8292756,"Hospedagem domiciliar in Loulé, Portugal",https://www.google.com/maps/place/Villa+Boa+Vista/data=!4m7!3m6!1s0xd1aab007af7f683:0xc40e9d8e97c635c!8m2!3d37.0772636!4d-7.8292756!16s%2Fg%2F11zhdgs_d_!19sChIJg_b3egCrGg0RXGN86djpQAw?authuser=0&hl=pt-BR&rclk=1,No,Hospedagem domiciliar,
Sherry home pt,,,"Caminho Das Alfarrobeiras 325a, 8005, Portugal","3,0",1,PT,Caminho Das Alfarrobeiras 325a,37.0762517,-7.9377149,"Hospedagem domiciliar in Loulé, Portugal",https://www.google.com/maps/place/Sherry+home+pt/data=!4m7!3m6!1s0xd1aad9cd902338d:0x4757213f713fcfd!8m2!3d37.0762517!4d-7.9377149!16s%2Fg%2F11l29wtyx6!19sChIJjTMC2ZytGg0R_fwT9xNydQQ?authuser=0&hl=pt-BR&rclk=1,No,Hospedagem domiciliar,
Villa Figueiras,,,"Estrada da Galé 162 8200, Albufeira, Portugal","5,0",1,PT,Estrada da Galé 162 8200,37.0805982,-8.2940758,"Hospedagem domiciliar in Loulé, Portugal",https://www.google.com/maps/place/Villa+Figueiras/data=!4m10!3m9!1s0xd1acd7ba31ec635:0x11d5c36768bf3f94!5m2!4m1!1i2!8m2!3d37.0805982!4d-8.2940758!16s%2Fg%2F11t05y11bh!19sChIJNcYeo3vNGg0RlD-_aGfD1RE?authuser=0&hl=pt-BR&rclk=1,No,,
Home Galvana postal 64,,,"Areal gordo Postal, número 64, 8005-409 Faro, Portugal","5,0",,PT,número 64,37.0379022,-7.9068258,"Hospedagem domiciliar in Loulé, Portugal",https://www.google.com/maps/place/Home+Galvana+postal+64/data=!4m7!3m6!1s0xd1aad005234f6d1:0x7c2f80c94bb9096c!8m2!3d37.0379022!4d-7.9068258!16s%2Fg%2F11lz_cdxqm!19sChIJ0fY0UgCtGg0RbAm5S8mAL3w?authuser=0&hl=pt-BR&rclk=1,No,Hospedagem domiciliar,
IPA Loulé,,,"Lgo Prof. Cabrita da Silva 10, 8100-561 Loulé, Portugal","4,7",,PT,Lgo Prof. Cabrita da Silva 10,37.137036,-8.0233958,"Hospedagem domiciliar in Loulé, Portugal",https://www.google.com/maps/place/IPA+Loul%C3%A9/data=!4m7!3m6!1s0xd1ab100353f399f:0xc7d6090cf99bce05!8m2!3d37.137036!4d-8.0233958!16s%2Fg%2F11w_w948tr!19sChIJnzk_NQCxGg0RBc6b-QwJ1sc?authuser=0&hl=pt-BR&rclk=1,No,Hospedagem domiciliar,
Fishermans Cave,,,"Estr. do Passeio Ribeirinho 12, 8005-504 Faro, Portugal","4,6",,PT,Estr. do Passeio Ribeirinho 12,37.0226111,-7.9468396,"Hospedagem domiciliar in Loulé, Portugal",https://www.google.com/maps/place/Fishermans+Cave/data=!4m7!3m6!1s0xd0553e0c3cdaaef:0xd5e178b211579bf!8m2!3d37.0226111!4d-7.9468396!16s%2Fg%2F11s33949pp!19sChIJ76rNw-BTBQ0Rv3kVIYsXXg0?authuser=0&hl=pt-BR&rclk=1,No,Hospedagem domiciliar,
Hotel,,,"Caminho das Areias 184P, 8700 Quelfes, Portugal","5,0",1,PT,Caminho das Areias 184P,37.0444923,-7.8239107,"Hospedagem domiciliar in Loulé, Portugal",https://www.google.com/maps/place/Hotel/data=!4m7!3m6!1s0xd1aab00135d8513:0xf85c8bf607ab8ccc!8m2!3d37.0444923!4d-7.8239107!16s%2Fg%2F11yc0dlgzw!19sChIJE4VdEwCrGg0RzIyrB_aLXPg?authuser=0&hl=pt-BR&rclk=1,No,Hospedagem domiciliar,
Blife Faya Private Rooms,,,"Av. Nascente 25, 8005-520 Faro, Portugal","3,2",,PT,Av. Nascente 25,37.0034245,-7.9877053,"Hospedagem domiciliar in Loulé, Portugal",https://www.google.com/maps/place/Blife+Faya+Private+Rooms/data=!4m10!3m9!1s0xd054d006c82acab:0xe7224d522a53f795!5m2!4m1!1i2!8m2!3d37.0034245!4d-7.9877053!16s%2Fg%2F11xzpchr5w!19sChIJq6yCbABNBQ0RlfdTKlJNIuc?authuser=0&hl=pt-BR&rclk=1,No,,
Roundhill,,,"Av. Ayrton Senna da Silva 13, 8135-024, Portugal","5,0",1,PT,Av. Ayrton Senna da Silva 13,37.0559775,-8.0271044,"Hospedagem domiciliar in Loulé, Portugal",https://www.google.com/maps/place/Roundhill/data=!4m7!3m6!1s0xd1ab30078a1fc1d:0x2c147fcfcd091703!8m2!3d37.0559775!4d-8.0271044!16s%2Fg%2F11n4pbkhj4!19sChIJHfyheACzGg0RAxcJzc9_FCw?authuser=0&hl=pt-BR&rclk=1,No,Hospedagem domiciliar,
Casa d´Alagoa,,'+351914796478,"Moncarapacho, Portugal","5,0",1,PT,Moncarapacho,37.0973623,-7.7769852,"Hospedagem domiciliar in Loulé, Portugal",https://www.google.com/maps/place/Casa+d%C2%B4Alagoa/data=!4m7!3m6!1s0xd10010023d93e59:0xe2c7de4246bf370b!8m2!3d37.0973623!4d-7.7769852!16s%2Fg%2F11z746437g!19sChIJWT7ZIwABEA0RCze_RkLex-I?authuser=0&hl=pt-BR&rclk=1,No,Hospedagem domiciliar,
Aerya Apt,,'+351932398434,"R. Prof. Dr. Egas Moniz 179, 8005-277 Faro, Portugal","3,2",,PT,R. Prof. Dr. Egas Moniz 179,37.023757,-7.963118,"Albergue in Loulé, Portugal",https://www.google.com/maps/place/Aerya+Apt/data=!4m10!3m9!1s0xd054d5696e755c5:0xc9fa421f5752bd5d!5m2!4m1!1i2!8m2!3d37.023757!4d-7.963118!16s%2Fg%2F11h0vytkk1!19sChIJxVXnllZNBQ0RXb1SVx9C-sk?authuser=0&hl=pt-BR&rclk=1,No,,
ibis Faro Algarve,,,"R. Poe. Antonio Aleixo 204, 8005-174 Faro, Portugal","4,1",,PT,R. Poe. Antonio Aleixo 204,37.033286,-7.950677,"Hotel de 2 estrelas in Loulé, Portugal",https://www.google.com/maps/place/ibis+Faro+Algarve/data=!4m10!3m9!1s0xd1aad52f8e1cd65:0xe5c6c8cdf2fca9cd!5m2!4m1!1i2!8m2!3d37.033286!4d-7.950677!16s%2Fg%2F1v5ft4kf!19sChIJZc3h-FKtGg0Rzan88s3IxuU?authuser=0&hl=pt-BR&rclk=1,No,,
Female Hostel,,'+351910009822,"R. Baptista Lopes 10, 8000-225 Faro, Portugal","4,0",,PT,R. Baptista Lopes 10,37.0170796,-7.9324182,"Albergue in Loulé, Portugal",https://www.google.com/maps/place/Female+Hostel/data=!4m10!3m9!1s0xd0552c698b86233:0x11b5ada1bd5f7259!5m2!4m1!1i2!8m2!3d37.0170796!4d-7.9324182!16s%2Fg%2F11jz9kt63h!19sChIJM2K4mMZSBQ0RWXJfvaGttRE?authuser=0&hl=pt-BR&rclk=1,Yes,,
Slow House d'Arco,,'+351969353884,"R. Dr. José Dias Sancho 23, 8150-107 São Brás de Alportel, Portugal","4,9",,PT,R. Dr. José Dias Sancho 23,37.1525292,-7.8875528,"Albergue in Loulé, Portugal",https://www.google.com/maps/place/Slow+House+d%27Arco/data=!4m10!3m9!1s0xd1aaedb4c3e29c3:0x406e277ab71af331!5m2!4m1!1i2!8m2!3d37.1525292!4d-7.8875528!16s%2Fg%2F11h1dslxb0!19sChIJwyk-TNuuGg0RMfMat3onbkA?authuser=0&hl=pt-BR&rclk=1,No,,
Skynest 59 Faro Airport Guest House (168803/AL),,'+351968444559,"R. Prof. Dr. Egas Moniz 59, 8005-273 Faro, Portugal","5,0",,PT,R. Prof. Dr. Egas Moniz 59,37.0283225,-7.9624233,"Albergue in Loulé, Portugal",https://www.google.com/maps/place/Skynest+59+Faro+Airport+Guest+House+%28168803%2FAL%29/data=!4m10!3m9!1s0xd054d003222003f:0x9a85a5dbc998a804!5m2!4m1!1i2!8m2!3d37.0283225!4d-7.9624233!16s%2Fg%2F11xt44tj8r!19sChIJPwAiMgBNBQ0RBKiYydulhZo?authuser=0&hl=pt-BR&rclk=1,No,,
Hostel Arte 7,,'+351965893920,"R. Dr. José Diogo Mascarenhas Neto 7-A r/c, 8365-028 Alcantarilha, Portugal","4,4",,PT,R. Dr. José Diogo Mascarenhas Neto 7-A r/c,37.1306341,-8.346369,"Albergue in Loulé, Portugal",https://www.google.com/maps/place/Hostel+Arte+7/data=!4m10!3m9!1s0xd1ad1acbad78bd3:0x44978753d9402e07!5m2!4m1!1i2!8m2!3d37.1306341!4d-8.346369!16s%2Fg%2F11cs6lw737!19sChIJ04vXuqzRGg0RBy5A2VOHl0Q?authuser=0&hl=pt-BR&rclk=1,No,,
Pedro Samora,,'+33618728353,"R. Joaquim Pedro Samora 10, 8200-145 Albufeira, Portugal","2,9",,PT,R. Joaquim Pedro Samora 10,37.0879623,-8.2519649,"Albergue in Loulé, Portugal",https://www.google.com/maps/place/Pedro+Samora/data=!4m10!3m9!1s0xd1acc25afa0eff5:0x29bff83f14126e97!5m2!4m1!1i2!8m2!3d37.0879623!4d-8.2519649!16s%2Fg%2F11sztwqgh9!19sChIJ9e-gryXMGg0Rl24SFD_4vyk?authuser=0&hl=pt-BR&rclk=1,No,,
Pirate Backpackers Faro,,'+351967217566,"R. Aboim Ascensao 47, 8000-188 Faro, Portugal","4,5",,PT,R. Aboim Ascensao 47,37.0214289,-7.9357456,"Albergue in Loulé, Portugal",https://www.google.com/maps/place/Pirate+Backpackers+Faro/data=!4m10!3m9!1s0xd0552c874012d21:0x3e0bdb89927167ae!5m2!4m1!1i2!8m2!3d37.0214289!4d-7.9357456!16s%2Fg%2F11cnd602c9!19sChIJIS0BdMhSBQ0RrmdxkonbCz4?authuser=0&hl=pt-BR&rclk=1,No,,
Dolphin House Hostel,,'+351920243289,"R. Padre António Patricio 15, Faro, Portugal","3,3",,PT,R. Padre António Patricio 15,37.0459486,-7.9659918,"Albergue in Loulé, Portugal",https://www.google.com/maps/place/Dolphin+House+Hostel/data=!4m10!3m9!1s0xd1ab33bf0672395:0x258125e872ceb8c5!5m2!4m1!1i2!8m2!3d37.0459486!4d-7.9659918!16s%2Fg%2F11v0s4jkn6!19sChIJlSNn8DuzGg0RxbjOcuglgSU?authuser=0&hl=pt-BR&rclk=1,No,,
Casita da Ria,,,"A9, Estrada Dos Pinheiros de Marim 235, 8700-225 Quelfes, Portugal",,,PT,Estrada Dos Pinheiros de Marim 235,37.0332946,-7.8230643,"Albergue in Loulé, Portugal",https://www.google.com/maps/place/Casita+da+Ria/data=!4m10!3m9!1s0xd0555007d646689:0xb08e22df95fbaa64!5m2!4m1!1i2!8m2!3d37.0332946!4d-7.8230643!16s%2Fg%2F11xm4dm965!19sChIJiWZkfQBVBQ0RZKr7ld8ijrA?authuser=0&hl=pt-BR&rclk=1,No,,
SKYNEST 61 Faro Airport Guest House (168805AL),,,"R. Prof. Dr. Egas Moniz 61, 8005-274 Faro, Portugal","4,6",,PT,R. Prof. Dr. Egas Moniz 61,37.0282448,-7.9624417,"Albergue in Loulé, Portugal",https://www.google.com/maps/place/SKYNEST+61+Faro+Airport+Guest+House+%28168805AL%29/data=!4m10!3m9!1s0xd054d0069795827:0xf0ef0ccfd69b07c3!5m2!4m1!1i2!8m2!3d37.0282448!4d-7.9624417!16s%2Fg%2F11xt45dyzc!19sChIJJ1h5aQBNBQ0Rwweb1s8M7_A?authuser=0&hl=pt-BR&rclk=1,No,,
Faro Albacor Residence,,'+351938069183,"Rua Brites de Almeida 25, 8000-404 Faro, Portugal","3,9",,PT,Rua Brites de Almeida 25,37.015197,-7.9305944,"Hotel de 2 estrelas in Loulé, Portugal",https://www.google.com/maps/place/Faro+Albacor+Residence/data=!4m10!3m9!1s0xd0553c4365ec82d:0xeb2745ecec5b6210!5m2!4m1!1i2!8m2!3d37.015197!4d-7.9305944!16s%2Fg%2F11fmg6sngw!19sChIJLcheNsRTBQ0REGJb7OxFJ-s?authuser=0&hl=pt-BR&rclk=1,No,,
Pensão Algarve,,'+351289414251,"R. Betunes 50, 8100-616 Loulé, Portugal","3,4",,PT,R. Betunes 50,37.1333742,-8.0086353,"Hotel de 2 estrelas in Loulé, Portugal",https://www.google.com/maps/place/Pens%C3%A3o+Algarve/data=!4m10!3m9!1s0xd1ab1735490b48d:0x658efb433c51d96c!5m2!4m1!1i2!8m2!3d37.1333742!4d-8.0086353!16s%2Fg%2F11g8bwnlgp!19sChIJjbSQVHOxGg0RbNlRPEP7jmU?authuser=0&hl=pt-BR&rclk=1,No,,
Casa das Romãs,,,"N125 824, 8700 Moncarapacho, Portugal","5,0",1,PT,N125 824,37.0697837,-7.7441198,"Albergue in Loulé, Portugal",https://www.google.com/maps/place/Casa+das+Rom%C3%A3s/data=!4m10!3m9!1s0xd1001000e22da85:0x9369c19d06697baa!5m2!4m1!1i2!8m2!3d37.0697837!4d-7.7441198!16s%2Fg%2F11ydm2_w00!19sChIJhdoiDgABEA0RqntpBp3BaZM?authuser=0&hl=pt-BR&rclk=1,No,,
H Central Nando,,'+351289366014,"N125 3, Boliqueime, Portugal","4,2",,PT,N125 3,37.1232295,-8.1443778,"Hotel de 2 estrelas in Loulé, Portugal",https://www.google.com/maps/place/H+Central+Nando/data=!4m10!3m9!1s0xd1ac9e7e3f8cda7:0x5eee4d801e5e44f3!5m2!4m1!1i2!8m2!3d37.1232295!4d-8.1443778!16s%2Fg%2F11g71jzps_!19sChIJp8344-fJGg0R80ReHoBN7l4?authuser=0&hl=pt-BR&rclk=1,No,,
Faro Albacor Residence,,'+351938069183,"Rua Brites de Almeida 25, 8000-404 Faro, Portugal","3,9",,PT,Rua Brites de Almeida 25,37.015197,-7.9305944,"Albergue in Loulé, Portugal",https://www.google.com/maps/place/Faro+Albacor+Residence/data=!4m10!3m9!1s0xd0553c4365ec82d:0xeb2745ecec5b6210!5m2!4m1!1i2!8m2!3d37.015197!4d-7.9305944!16s%2Fg%2F11fmg6sngw!19sChIJLcheNsRTBQ0REGJb7OxFJ-s?authuser=0&hl=pt-BR&rclk=1,No,,
Armona,,'+351910123456,"Olhão, Portugal","4,7",,PT,Olhão,37.0190271,-7.8024641,"Hotel de 2 estrelas in Loulé, Portugal",https://www.google.com/maps/place/Armona/data=!4m10!3m9!1s0xd05556a0c65e515:0x72849fb1ed4ef243!5m2!4m1!1i2!8m2!3d37.0190271!4d-7.8024641!16s%2Fg%2F11b73jv_r5!19sChIJFeVlDGpVBQ0RQ_JO7bGfhHI?authuser=0&hl=pt-BR&rclk=1,No,,
"Villa Rodrigues, alojamento local",,'+351968925072,"R. de Vale de Silves 8100, Boliqueime, Portugal","4,8",,PT,R. de Vale de Silves 8100,37.1586177,-8.1384215,"Albergue in Loulé, Portugal","https://www.google.com/maps/place/Villa+Rodrigues,+alojamento+local/data=!4m10!3m9!1s0xd1ac904e5702523:0xd8911c8b7c46e28f!5m2!4m1!1i2!8m2!3d37.1586177!4d-8.1384215!16s%2Fg%2F11nmm14772!19sChIJIyVw5QTJGg0Rj-JGfIsckdg?authuser=0&hl=pt-BR&rclk=1",No,,
Hostel 1850,,'+351289398412,"Av. 5 de Outubro 76/78, 8135-101 Almancil, Portugal","3,7",,PT,Av. 5 de Outubro 76/78,37.0874147,-8.0326518,"Hotel de 2 estrelas in Loulé, Portugal",https://www.google.com/maps/place/Hostel+1850/data=!4m10!3m9!1s0xd1ab3931c5942e1:0x126e8e8ad0e040e0!5m2!4m1!1i2!8m2!3d37.0874147!4d-8.0326518!16s%2Fg%2F11f3_35fgh!19sChIJ4UJZHJOzGg0R4EDg0IqObhI?authuser=0&hl=pt-BR&rclk=1,No,,
Casa Mineira - Guest House,,'+351967775780,"Estr. do Paraíso 10F, 8200-567 Ferreiras, Portugal","4,7",,PT,Estr. do Paraíso 10F,37.12168,-8.2449947,"Hotel de 2 estrelas in Loulé, Portugal",https://www.google.com/maps/place/Casa+Mineira+-+Guest+House/data=!4m10!3m9!1s0xd1acf3730b264d7:0x79aacb6da45d632e!5m2!4m1!1i2!8m2!3d37.12168!4d-8.2449947!16s%2Fg%2F11fn0d3fch!19sChIJ12SyMDfPGg0RLmNdpG3Lqnk?authuser=0&hl=pt-BR&rclk=1,No,,
Casa Charneca,,'+351289992842,"Sitio da Charneca 502a, Faro, Algarve, Portugal","4,5",,PT,Faro,37.1154311,-7.9520416,"Hotel de 2 estrelas in Loulé, Portugal",https://www.google.com/maps/place/Casa+Charneca/data=!4m10!3m9!1s0xd1aadfd8e423707:0x7601f4c8b44c3d8f!5m2!4m1!1i2!8m2!3d37.1154311!4d-7.9520416!16s%2Fg%2F1hc2gsxrj!19sChIJBzdCjv2tGg0Rjz1MtMj0AXY?authuser=0&hl=pt-BR&rclk=1,No,,
Lime Beach House AL,,'+351914561479,"R. Dr. Manuel Arriaga 83, 8365-140 Armação de Pêra, Portugal","4,0",,PT,R. Dr. Manuel Arriaga 83,37.1036984,-8.3565099,"Albergue in Loulé, Portugal",https://www.google.com/maps/place/Lime+Beach+House+AL/data=!4m10!3m9!1s0xd1ad10054335fbf:0xd6190f2e7c285211!5m2!4m1!1i2!8m2!3d37.1036984!4d-8.3565099!16s%2Fg%2F11vybs508w!19sChIJv18zVADRGg0REVIofC4PGdY?authuser=0&hl=pt-BR&rclk=1,No,,
Seascape,,,"Rua da Aldeia 1940, Boliqueime, Portugal","3,9",,PT,Rua da Aldeia 1940,37.1205829,-8.1213363,"Hotel de 2 estrelas in Loulé, Portugal",https://www.google.com/maps/place/Seascape/data=!4m10!3m9!1s0xd1ab61734ec29a9:0xe8a24057c4eb08f6!5m2!4m1!1i2!8m2!3d37.1205829!4d-8.1213363!16s%2Fg%2F11c1w0fkld!19sChIJqSnsNBe2Gg0R9gjrxFdAoug?authuser=0&hl=pt-BR&rclk=1,No,,
Quinta Do Jolu,,,"Guia, Portugal","4,4",,PT,Guia,37.1223581,-8.3018631,"Hotel de 2 estrelas in Loulé, Portugal",https://www.google.com/maps/place/Quinta+Do+Jolu/data=!4m10!3m9!1s0xd1ace25bf1ba09b:0x1e8bb8c1f61fba9c!5m2!4m1!1i2!8m2!3d37.1223581!4d-8.3018631!16s%2Fg%2F11b7jhbxbn!19sChIJm6AbvyXOGg0RnLof9sG4ix4?authuser=0&hl=pt-BR&rclk=1,No,,
Hospedaria Jomafreitas,,'+351296202910,"Rua de São João 6/8, R. de São João 59, 9500-107 Ponta Delgada, Portugal","3,9",,PT,R. de São João 59,37.7416464,-25.6678732,"Hospedaria in Ponta Delgada, Portugal",https://www.google.com/maps/place/Hospedaria+Jomafreitas/data=!4m10!3m9!1s0xb432aca8f430f99:0x127f83f91d3370d5!5m2!4m1!1i2!8m2!3d37.7416464!4d-25.6678732!16s%2Fg%2F11dzdh454y!19sChIJmQ9Dj8oqQwsR1XAzHfmDfxI?authuser=0&hl=pt-BR&rclk=1,No,,
Retiro do Tico,,'+351963748006,"Rua da Ribeira Seca, nº19, Porto Formoso, 9625-416 Porto Formoso, Portugal","4,5",,PT,Porto Formoso,37.8224799,-25.4387247,"Hospedaria in Ponta Delgada, Portugal",https://www.google.com/maps/place/Retiro+do+Tico/data=!4m10!3m9!1s0xb5cd7278bfcb4bf:0xb167548f7559c184!5m2!4m1!1i2!8m2!3d37.8224799!4d-25.4387247!16s%2Fg%2F11f4wvdnb0!19sChIJv7T8iyfXXAsRhMFZdY9UZ7E?authuser=0&hl=pt-BR&rclk=1,No,,
Melaya Budget Hostel,,,"Praceta Dr. Clementino de Brito Pinto 3 Lj. C, 8000-327 Faro, Portugal","3,3",,PT,Praceta Dr. Clementino de Brito Pinto 3 Lj. C,37.0252158,-7.9312631,"Albergue in Loulé, Portugal",https://www.google.com/maps/place/Melaya+Budget+Hostel/data=!4m10!3m9!1s0xd0552cec58bb427:0xfbcd3176e1056769!5m2!4m1!1i2!8m2!3d37.0252158!4d-7.9312631!16s%2Fg%2F11f5lybdvq!19sChIJJ7SLxc5SBQ0RaWcF4XYxzfs?authuser=0&hl=pt-BR&rclk=1,No,,
Casa Tradicional da Vila,,,"R. da Paz 62, 9680-129 Vila Franca Do Campo, Portugal","4,6",,PT,R. da Paz 62,37.720043,-25.434398,"Hospedaria in Ponta Delgada, Portugal",https://www.google.com/maps/place/Casa+Tradicional+da+Vila/data=!4m10!3m9!1s0xb5d265c7922c23f:0xe7d843a94ed63760!5m2!4m1!1i2!8m2!3d37.720043!4d-25.434398!16s%2Fg%2F11bw1z6tgg!19sChIJP8IieVwmXQsRYDfWTqlD2Oc?authuser=0&hl=pt-BR&rclk=1,No,,
Casa Da Fatima Vista Serra Mar,,'+351919090811,"R. da Magnólia, Pico da Pedra, Portugal","4,7",,PT,R. da Magnólia,37.7990436,-25.6153337,"Hospedaria in Ponta Delgada, Portugal",https://www.google.com/maps/place/Casa+Da+Fatima+Vista+Serra+Mar/data=!4m7!3m6!1s0xb5cd531e7567bcf:0x695450a535865bd8!8m2!3d37.7990436!4d-25.6153337!16s%2Fg%2F11g074t_xv!19sChIJz3tW5zHVXAsR2FuGNaVQVGk?authuser=0&hl=pt-BR&rclk=1,No,Hospedaria,
Quinta Do Vulcão,,'+351296652677,"Estr. Regional 1 67, 9560-290 Lagoa, Portugal","4,7",,PT,Estr. Regional 1 67,37.7419294,-25.5534298,"Hospedaria in Ponta Delgada, Portugal",https://www.google.com/maps/place/Quinta+Do+Vulc%C3%A3o/data=!4m7!3m6!1s0xb5d29e488e9a837:0x7761c8ea1e645086!8m2!3d37.7419294!4d-25.5534298!16s%2Fg%2F11d_9gbnxb!19sChIJN6jpiOQpXQsRhlBkHurIYXc?authuser=0&hl=pt-BR&rclk=1,No,Hospedaria,
Azores Dream Hostel,,'+351934317197,"R. Dr. Gil Mont'Alverne Sequeira 9, 9500-199 Ponta Delgada, Portugal","4,2",,PT,R. Dr. Gil Mont'Alverne Sequeira 9,37.738474,-25.6723075,"Hospedaria in Ponta Delgada, Portugal",https://www.google.com/maps/place/Azores+Dream+Hostel/data=!4m10!3m9!1s0xb432ab7b7f0754b:0xcd1f5c445706fd42!5m2!4m1!1i2!8m2!3d37.738474!4d-25.6723075!16s%2Fg%2F11g8wwdpf3!19sChIJS3Xwt7cqQwsRQv0GV0RcH80?authuser=0&hl=pt-BR&rclk=1,No,,
Casa da Courela,,'+351927557764,"R. das Almas 20, 9630-312 Santana, Portugal","4,9",,PT,R. das Almas 20,37.8511241,-25.2571794,"Hospedaria in Ponta Delgada, Portugal",https://www.google.com/maps/place/Casa+da+Courela/data=!4m10!3m9!1s0xb5ce05e62a42fad:0xe7c5f8595894b5b2!5m2!4m1!1i2!8m2!3d37.8511241!4d-25.2571794!16s%2Fg%2F11f1gb1sb7!19sChIJrS-kYl7gXAsRsrWUWFn4xec?authuser=0&hl=pt-BR&rclk=1,No,,
Maia Guest House,,'+351917889610,"R. do Rosario 5, 9625-339 Maia, Portugal","4,4",,PT,R. do Rosario 5,37.8309942,-25.3880398,"Hospedaria in Ponta Delgada, Portugal",https://www.google.com/maps/place/Maia+Guest+House/data=!4m10!3m9!1s0xb5cd92f2f6cf613:0xb16c94b4467c0da5!5m2!4m1!1i2!8m2!3d37.8309942!4d-25.3880398!16s%2Fg%2F11c31slk0c!19sChIJE_ZsLy_ZXAsRpQ18RrSUbLE?authuser=0&hl=pt-BR&rclk=1,No,,
43' House Azores,,'+351916767339,"R. José Bensaúde 43, 9500-209 Ponta Delgada, Portugal","4,7",,PT,R. José Bensaúde 43,37.737865,-25.6783001,"Hospedaria in Ponta Delgada, Portugal",https://www.google.com/maps/place/43%27+House+Azores/data=!4m10!3m9!1s0xb432ab8f3595b47:0xbb254a1ab562353!5m2!4m1!1i2!8m2!3d37.737865!4d-25.6783001!16s%2Fg%2F11dfgpzld3!19sChIJR1tZ87gqQwsRUyNWq6FUsgs?authuser=0&hl=pt-BR&rclk=1,No,,
MS Vila Nova,,,"R. João Francisco Cabral 1, 9500-208 Ponta Delgada, Portugal","4,2",,PT,R. João Francisco Cabral 1,37.736384,-25.675061,"Hotel de 3 estrelas in Ponta Delgada, Portugal",https://www.google.com/maps/place/MS+Vila+Nova/data=!4m10!3m9!1s0xb432ab9d3f98a7f:0x4aa6188a805d7d66!5m2!4m1!1i2!8m2!3d37.736384!4d-25.675061!16s%2Fg%2F1tj7xmmn!19sChIJf4r507kqQwsRZn1dgIoYpko?authuser=0&hl=pt-BR&rclk=1,No,,
Casa do Galo,,'+351917769474,"Rua da Queira 3, 203 Sete Cidades, Portugal","4,6",,PT,Rua da Queira 3,37.8575728,-25.791236,"Hospedaria in Ponta Delgada, Portugal",https://www.google.com/maps/place/Casa+do+Galo/data=!4m7!3m6!1s0xb4331da42b61b99:0xbe18dd9e6a2e4416!8m2!3d37.8575728!4d-25.791236!16s%2Fg%2F11dymqjczz!19sChIJmRu2QtoxQwsRFkQuap7dGL4?authuser=0&hl=pt-BR&rclk=1,No,Hospedaria,
Bella Italia Pópulo Guest House,,'+351927583938,"R. Thomas Hickling 1, 9500-777 Ponta Delgada, Portugal","3,1",,PT,R. Thomas Hickling 1,37.7476493,-25.6057731,"Hotel de 3 estrelas in Ponta Delgada, Portugal",https://www.google.com/maps/place/Bella+Italia+P%C3%B3pulo+Guest+House/data=!4m10!3m9!1s0xb5cd552ad9ce895:0xa454bce909635a76!5m2!4m1!1i2!8m2!3d37.7476493!4d-25.6057731!16s%2Fg%2F11j82t8b13!19sChIJleicrVLVXAsRdlpjCem8VKQ?authuser=0&hl=pt-BR&rclk=1,No,,
Hospedaria Jomafreitas,,'+351296202910,"Rua de São João 6/8, R. de São João 59, 9500-107 Ponta Delgada, Portugal","3,9",,PT,R. de São João 59,37.7416464,-25.6678732,"Hotel de 3 estrelas in Ponta Delgada, Portugal",https://www.google.com/maps/place/Hospedaria+Jomafreitas/data=!4m10!3m9!1s0xb432aca8f430f99:0x127f83f91d3370d5!5m2!4m1!1i2!8m2!3d37.7416464!4d-25.6678732!16s%2Fg%2F11dzdh454y!19sChIJmQ9Dj8oqQwsR1XAzHfmDfxI?authuser=0&hl=pt-BR&rclk=1,No,,
Grand Hotel Açores Atlântico,,,"Av. Infante Dom Henrique 113, 9500-150 Ponta Delgada, Portugal","4,6",,PT,Av. Infante Dom Henrique 113,37.740375,-25.661872,"Hotel de 5 estrelas in Ponta Delgada, Portugal",https://www.google.com/maps/place/Grand+Hotel+A%C3%A7ores+Atl%C3%A2ntico/data=!4m10!3m9!1s0xb5cd54ac4d10ca7:0x85568587bb7fa9c8!5m2!4m1!1i2!8m2!3d37.740375!4d-25.661872!16s%2Fg%2F11fskrb95q!19sChIJpwzRxErVXAsRyKl_u4eFVoU?authuser=0&hl=pt-BR&rclk=1,No,,
Great House In Great Neighborhood,,'+351914474216,"Rua do Funcho, Rua da Videira 7, Portugal","5,0",,PT,Rua do Funcho,37.7519617,-25.6106113,"Hospedagem domiciliar in Ponta Delgada, Portugal",https://www.google.com/maps/place/Great+House+In+Great+Neighborhood/data=!4m7!3m6!1s0xb5cd59421183e0b:0xd603a3793d7ee62b!8m2!3d37.7519617!4d-25.6106113!16s%2Fg%2F11gmcfpvz7!19sChIJCz4YIZTVXAsRK-Z-PXmjA9Y?authuser=0&hl=pt-BR&rclk=1,No,Hospedagem domiciliar,
Ponta Delgada,,,"R. Dr. Bruno Tavares Carreiro 77, 9500-055 Ponta Delgada, Portugal",,,PT,R. Dr. Bruno Tavares Carreiro 77,37.7427681,-25.6702456,"Hospedagem domiciliar in Ponta Delgada, Portugal",https://www.google.com/maps/place/Ponta+Delgada/data=!4m7!3m6!1s0xb432b0077d46ec5:0x3a6de3e4f8a39457!8m2!3d37.7427681!4d-25.6702456!16s%2Fg%2F11z2lkvjz_!19sChIJxW7UdwArQwsRV5Sj-OTjbTo?authuser=0&hl=pt-BR&rclk=1,No,Hospedagem domiciliar,
Casa das Sereias,,'+351918800344,"Rabo de Peixe, Portugal","4,3",,PT,Rabo de Peixe,37.8092884,-25.5865303,"Hospedagem domiciliar in Ponta Delgada, Portugal",https://www.google.com/maps/place/Casa+das+Sereias/data=!4m7!3m6!1s0xb5cd5e5416895df:0x9ee607452fd573f0!8m2!3d37.8092884!4d-25.5865303!16s%2Fg%2F11syr3fwww!19sChIJ35VoQeXVXAsR8HPVL0UH5p4?authuser=0&hl=pt-BR&rclk=1,No,Hospedagem domiciliar,
House of Roses,,,"R. Direita do Ramalho 44, Ponta Delgada, Portugal","5,0",,PT,R. Direita do Ramalho 44,37.7426981,-25.6897721,"Hospedagem domiciliar in Ponta Delgada, Portugal",https://www.google.com/maps/place/House+of+Roses/data=!4m7!3m6!1s0xb432b0079de78e7:0x8746dc104217f5aa!8m2!3d37.7426981!4d-25.6897721!16s%2Fg%2F11vx5cmx4r!19sChIJ53jeeQArQwsRqvUXQhDcRoc?authuser=0&hl=pt-BR&rclk=1,No,Hospedagem domiciliar,
Volcanic Wave,,'+351934512826,"Bairro da Praia dos Santos 6, 9500-706 São Roque, Portugal","5,0",,PT,Bairro da Praia dos Santos 6,37.7451787,-25.6454919,"Hospedagem domiciliar in Ponta Delgada, Portugal",https://www.google.com/maps/place/Volcanic+Wave/data=!4m7!3m6!1s0xb5cd5003f2fdd8b:0xc026e33523193d2c!8m2!3d37.7451787!4d-25.6454919!16s%2Fg%2F11n4l8sw5n!19sChIJi90vPwDVXAsRLD0ZIzXjJsA?authuser=0&hl=pt-BR&rclk=1,No,Hospedagem domiciliar,
Vivenda Moura,,,"Água de Pau, Portugal","5,0",,PT,Água de Pau,37.7121945,-25.5131581,"Hospedagem domiciliar in Ponta Delgada, Portugal",https://www.google.com/maps/place/Vivenda+Moura/data=!4m10!3m9!1s0xb5d290064ce7373:0x2775faa47d485f99!5m2!4m1!1i2!8m2!3d37.7121945!4d-25.5131581!16s%2Fg%2F11w3t5j236!19sChIJc3POZAApXQsRmV9IfaT6dSc?authuser=0&hl=pt-BR&rclk=1,No,,
Casa dos Barcos,,,"V646+WC, Sete Cidades, Portugal","4,5",,PT,V646+WC,37.8572721,-25.7889857,"Hospedagem domiciliar in Ponta Delgada, Portugal",https://www.google.com/maps/place/Casa+dos+Barcos/data=!4m7!3m6!1s0xb43312108586adb:0x469d3a0fd998268d!8m2!3d37.8572721!4d-25.7889857!16s%2Fg%2F11l2fpsyrh!19sChIJ22pYCCExQwsRjSaY2Q86nUY?authuser=0&hl=pt-BR&rclk=1,No,Hospedagem domiciliar,
Villa Ana,,,"Estrada Regional do Populo 47, Lagoa, Portugal","4,4",,PT,Estrada Regional do Populo 47,37.7474834,-25.603684,"Hospedagem domiciliar in Ponta Delgada, Portugal",https://www.google.com/maps/place/Villa+Ana/data=!4m7!3m6!1s0xb5cd5907596d34b:0xb53c34c09ff03c48!8m2!3d37.7474834!4d-25.603684!16s%2Fg%2F11g6bp_qr6!19sChIJS9OWdZDVXAsRSDzwn8A0PLU?authuser=0&hl=pt-BR&rclk=1,No,Hospedagem domiciliar,
Alegria House,,'+351917525430,"R. D'Alegria 5, 9500-247 Ponta Delgada, Portugal","5,0",,PT,R. D'Alegria 5,37.735699,-25.6758511,"Hospedagem domiciliar in Ponta Delgada, Portugal",https://www.google.com/maps/place/Alegria+House/data=!4m7!3m6!1s0xb432bff85b6d34f:0x1d557788bb4d0b80!8m2!3d37.735699!4d-25.6758511!16s%2Fg%2F11t9v7xhyb!19sChIJT9O2hf8rQwsRgAtNu4h3VR0?authuser=0&hl=pt-BR&rclk=1,No,Hospedagem domiciliar,
Green House,,,"Porto Formoso, Portugal","4,8",,PT,Porto Formoso,37.8226433,-25.4301474,"Hospedagem domiciliar in Ponta Delgada, Portugal",https://www.google.com/maps/place/Green+House/data=!4m10!3m9!1s0xb5cd91402fb74c5:0xe6f7d78f970e72b4!5m2!4m1!1i2!8m2!3d37.8226433!4d-25.4301474!16s%2Fg%2F11h6t227_v!19sChIJxXT7AhTZXAsRtHIOl4_X9-Y?authuser=0&hl=pt-BR&rclk=1,No,,
Nuestra casa,,,"R. da Egreja à Lápa, 9500-605, Portugal",,,PT,R. da Egreja à Lápa,37.7559948,-25.6090263,"Hospedagem domiciliar in Ponta Delgada, Portugal",https://www.google.com/maps/place/Nuestra+casa/data=!4m7!3m6!1s0xb5cd5004f629ddf:0x663e85e3e22ca932!8m2!3d37.7559948!4d-25.6090263!16s%2Fg%2F11z1ls951m!19sChIJ351iTwDVXAsRMqks4uOFPmY?authuser=0&hl=pt-BR&rclk=1,No,Hospedagem domiciliar,
Vivendas Loureiro,,,"R das Arrudas 1b, Cabouco, Portugal","4,5",,PT,R das Arrudas 1b,37.7566175,-25.5642079,"Hospedagem domiciliar in Ponta Delgada, Portugal",https://www.google.com/maps/place/Vivendas+Loureiro/data=!4m7!3m6!1s0xb5cd7004d010a57:0x475b5075d8330979!8m2!3d37.7566175!4d-25.5642079!16s%2Fg%2F11whxx3h4v!19sChIJVwoBTQDXXAsReQkz2HVQW0c?authuser=0&hl=pt-BR&rclk=1,No,Hospedagem domiciliar,
PDL Central Apartments,,'+351917525430,"R. de Pedro Homem 59, 9500-099 Ponta Delgada, Portugal","4,3",,PT,R. de Pedro Homem 59,37.7422796,-25.6689914,"Hospedagem domiciliar in Ponta Delgada, Portugal",https://www.google.com/maps/place/PDL+Central+Apartments/data=!4m7!3m6!1s0xb432b9d8180abd1:0x9a012c406b0b6aee!8m2!3d37.7422796!4d-25.6689914!16s%2Fg%2F11t89g2wfn!19sChIJ0auAgZ0rQwsR7moLa0AsAZo?authuser=0&hl=pt-BR&rclk=1,No,Hospedagem domiciliar,
Vivenda Luxuosa,,,"R55V+WV, Feteiras, Portugal","5,0",,PT,R55V+WV,37.8097776,-25.8052764,"Hospedagem domiciliar in Ponta Delgada, Portugal",https://www.google.com/maps/place/Vivenda+Luxuosa/data=!4m10!3m9!1s0xb432f001b46301b:0xbe7c422c0b8d0794!5m2!4m1!1i2!8m2!3d37.8097776!4d-25.8052764!16s%2Fg%2F11vz7y0pvl!19sChIJGzBGGwAvQwsRlAeNCyxCfL4?authuser=0&hl=pt-BR&rclk=1,No,,
horta da boavista,,,"QCWM+CX, R. da Europa 6, 9600-172 Rabo de Peixe, Portugal","5,0",,PT,R. da Europa 6,37.7961159,-25.5650548,"Hospedagem domiciliar in Ponta Delgada, Portugal",https://www.google.com/maps/place/horta+da+boavista/data=!4m7!3m6!1s0xb5cd70046072b1b:0xb15dce69515fe9ed!8m2!3d37.7961159!4d-25.5650548!16s%2Fg%2F11w4vqj_nq!19sChIJGysHRgDXXAsR7elfUWnOXbE?authuser=0&hl=pt-BR&rclk=1,No,Hospedagem domiciliar,
Out of the Blue Azores,,,"R. da Boavista 38, 9500-035 Ponta Delgada, Portugal","4,8",,PT,R. da Boavista 38,37.74409,-25.668542,"Hotel de 2 estrelas in Ponta Delgada, Portugal",https://www.google.com/maps/place/Out+of+the+Blue+Azores/data=!4m10!3m9!1s0xb432acbded47e5d:0x84c1254e9f537d22!5m2!4m1!1i2!8m2!3d37.74409!4d-25.668542!16s%2Fg%2F11bztf3jq_!19sChIJXX7U3ssqQwsRIn1Tn04lwYQ?authuser=0&hl=pt-BR&rclk=1,No,,
AL AzorGaia,,'+351911073060,"Rua do Meio 4, 9500-325 Ponta Delgada, Portugal",,,PT,Rua do Meio 4,37.7415995,-25.6620259,"Hospedagem domiciliar in Ponta Delgada, Portugal",https://www.google.com/maps/place/AL+AzorGaia/data=!4m10!3m9!1s0xb5cd5006026724f:0x66fe1d2400cb3c4f!5m2!4m1!1i2!8m2!3d37.7415995!4d-25.6620259!16s%2Fg%2F11n9kqlyrf!19sChIJT3ImYADVXAsRTzzLACQd_mY?authuser=0&hl=pt-BR&rclk=1,No,,
Piso,,,"R. Padre Jorge Fernandes 2, 9500-451 Ponta Delgada, Portugal",,,PT,R. Padre Jorge Fernandes 2,37.7593827,-25.6482378,"Hospedagem domiciliar in Ponta Delgada, Portugal",https://www.google.com/maps/place/Piso/data=!4m7!3m6!1s0xb5cd5003b818391:0xd9017eab0fbd05a8!8m2!3d37.7593827!4d-25.6482378!16s%2Fg%2F11x8xb1blc!19sChIJkYOBOwDVXAsRqAW9D6t-Adk?authuser=0&hl=pt-BR&rclk=1,No,Hospedagem domiciliar,
Azores apartamentos,,,"R. Dr. José Bruno Tavares Carreiro S/N, 9500-119 Ponta Delgada, Portugal",,,PT,R. Dr. José Bruno Tavares Carreiro S/N,37.7406046,-25.6655626,"Hospedagem domiciliar in Ponta Delgada, Portugal",https://www.google.com/maps/place/Azores+apartamentos/data=!4m7!3m6!1s0xb432b001a2398e1:0x8717bfe0bea11153!8m2!3d37.7406046!4d-25.6655626!16s%2Fg%2F11njdvjl3r!19sChIJ4ZgjGgArQwsRUxGhvuC_F4c?authuser=0&hl=pt-BR&rclk=1,No,Hospedagem domiciliar,
Carreiro House,,'+351914920446,"R. Nova da Misericordia 18, 9500-336 Ponta Delgada, Portugal","4,3",,PT,R. Nova da Misericordia 18,37.7450055,-25.6603089,"Hotel de 2 estrelas in Ponta Delgada, Portugal",https://www.google.com/maps/place/Carreiro+House/data=!4m10!3m9!1s0xb5cd53502115449:0xca6c60507470ee3e!5m2!4m1!1i2!8m2!3d37.7450055!4d-25.6603089!16s%2Fg%2F11f4wslssn!19sChIJSVQRAjXVXAsRPu5wdFBgbMo?authuser=0&hl=pt-BR&rclk=1,No,,
Sea House Azores,,,"R. da Boa Viagem 43, Calhetas, Portugal",,,PT,R. da Boa Viagem 43,37.8229912,-25.6079598,"Hospedagem domiciliar in Ponta Delgada, Portugal",https://www.google.com/maps/place/Sea+House+Azores/data=!4m7!3m6!1s0xb5cd3cbfd8dced7:0x7c2cd6823b79f28d!8m2!3d37.8229912!4d-25.6079598!16s%2Fg%2F11n7t0jt_r!19sChIJ186N_cvTXAsRjfJ5O4LWLHw?authuser=0&hl=pt-BR&rclk=1,No,Hospedagem domiciliar,
Home Inn Azores - Alojamento Local,,'+351919564967,"R. Dr. Filipe da Cunha Álvares Cabral 27, 9500-182 Ponta Delgada, Portugal","4,6",,PT,R. Dr. Filipe da Cunha Álvares Cabral 27,37.7413602,-25.6817427,"Hospedagem domiciliar in Ponta Delgada, Portugal",https://www.google.com/maps/place/Home+Inn+Azores+-+Alojamento+Local/data=!4m7!3m6!1s0xb432ac0d295208b:0x95c3586d4d9fc791!8m2!3d37.7413602!4d-25.6817427!16s%2Fg%2F11dxlbl7n5!19sChIJiyCV0sAqQwsRkcefTW1Yw5U?authuser=0&hl=pt-BR&rclk=1,No,Hotel,
Islet View,,'+351296718504,"R. Luis Medeiros Rezendes Paiva 20, 9680-112 Vila Franca Do Campo, Portugal","4,7",,PT,R. Luis Medeiros Rezendes Paiva 20,37.7145472,-25.4438114,"Hotel de 2 estrelas in Ponta Delgada, Portugal",https://www.google.com/maps/place/Islet+View/data=!4m10!3m9!1s0xb5d2642275ab4eb:0x19a74816158ba87b!5m2!4m1!1i2!8m2!3d37.7145472!4d-25.4438114!16s%2Fg%2F11b7v_pnz9!19sChIJ67RaJ0ImXQsRe6iLFRZIpxk?authuser=0&hl=pt-BR&rclk=1,No,,
Alojamiento,,,"Estr. Regional 1-1 12, Água de Alto, Portugal",,,PT,Estr. Regional 1-1 12,37.7175222,-25.4627462,"Hospedagem domiciliar in Ponta Delgada, Portugal",https://www.google.com/maps/place/Alojamiento/data=!4m7!3m6!1s0xb5d2797b79bbf79:0x2544573288f9212d!8m2!3d37.7175222!4d-25.4627462!16s%2Fg%2F11s89lr3mf!19sChIJeb-bt5cnXQsRLSH5iDJXRCU?authuser=0&hl=pt-BR&rclk=1,No,Hospedagem domiciliar,
Um Quarto da Casa do Monte,,,"R. da Cruz 65 A, 9680, Ribeira Seca, Portugal",,,PT,9680,37.7223318,-25.4230267,"Hospedagem domiciliar in Ponta Delgada, Portugal",https://www.google.com/maps/place/Um+Quarto+da+Casa+do+Monte/data=!4m7!3m6!1s0xb5d27003abf5961:0x5c9851c3cf9786b!8m2!3d37.7223318!4d-25.4230267!16s%2Fg%2F11wql_bzvz!19sChIJYVm_OgAnXQsRa3j5PByFyQU?authuser=0&hl=pt-BR&rclk=1,No,Hospedagem domiciliar,
Casa das Palmeiras,,,"R. Nova 48, São Vicente Ferreira, Portugal",,,PT,R. Nova 48,37.8250787,-25.6659729,"Hospedagem domiciliar in Ponta Delgada, Portugal",https://www.google.com/maps/place/Casa+das+Palmeiras/data=!4m10!3m9!1s0xb432d0034a747f5:0x579c7560af52bfde!5m2!4m1!1i2!8m2!3d37.8250787!4d-25.6659729!16s%2Fg%2F11xcg4vxf0!19sChIJ9UenNAAtQwsR3r9Sr2B1nFc?authuser=0&hl=pt-BR&rclk=1,No,,
"Casa de Juan, Carlos",,,"R. Diário dos Açores 24A, 9500-178 Ponta Delgada, Portugal",,,PT,R. Diário dos Açores 24A,37.7392683,-25.6724954,"Hospedagem domiciliar in Ponta Delgada, Portugal","https://www.google.com/maps/place/Casa+de+Juan,+Carlos/data=!4m7!3m6!1s0xb432b57f19ecaa3:0x76b1ac5619d7f637!8m2!3d37.7392683!4d-25.6724954!16s%2Fg%2F11vbcfnw8g!19sChIJo8qe8VcrQwsRN_bXGVassXY?authuser=0&hl=pt-BR&rclk=1",No,Hospedagem domiciliar,
Lagoa podróżuj na wyspy szczęśliwe,,,"R. da Santa Casa da Misericordia 7 5, Lagoa, Portugal",,,PT,R. da Santa Casa da Misericordia 7 5,37.7436322,-25.5637485,"Hospedagem domiciliar in Ponta Delgada, Portugal",https://www.google.com/maps/place/Lagoa+podr%C3%B3%C5%BCuj+na+wyspy+szcz%C4%99%C5%9Bliwe/data=!4m7!3m6!1s0xb5d29a353083533:0x8e8a0ca5764b7fb3!8m2!3d37.7436322!4d-25.5637485!16s%2Fg%2F11jsf82m2n!19sChIJMzUIU6MpXQsRs39LdqUMio4?authuser=0&hl=pt-BR&rclk=1,No,Hospedagem domiciliar,
Happy Home - Two-Bedroom Apartment,,,Portugal,"5,0",,PT,Portugal,37.7602615,-25.6234207,"Hospedagem domiciliar in Ponta Delgada, Portugal",https://www.google.com/maps/place/Happy+Home+-+Two-Bedroom+Apartment/data=!4m11!3m10!1s0xb5cd50f6ef645c5:0x4844b3944dd53898!5m2!4m1!1i2!8m2!3d37.7602615!4d-25.6234207!16s%2Fg%2F11y51vjqtv!17BQ0FF!19sChIJxUX2bg_VXAsRmDjVTZSzREg?authuser=0&hl=pt-BR&rclk=1,No,,
Apartament,,,"QC3C+3P, Lagoa, Portugal",,,PT,QC3C+3P,37.75272,-25.5781856,"Hospedagem domiciliar in Ponta Delgada, Portugal",https://www.google.com/maps/place/Apartament/data=!4m7!3m6!1s0xb5cd5004a8a5ce9:0x52ace7d591cf3591!8m2!3d37.75272!4d-25.5781856!16s%2Fg%2F11lf12dslq!19sChIJ6VyKSgDVXAsRkTXPkdXnrFI?authuser=0&hl=pt-BR&rclk=1,No,Hospedagem domiciliar,
Apartament,,,"QC3C+3P, Lagoa, Portugal",,,PT,QC3C+3P,37.7405332,-25.668156,"Hospedagem domiciliar in Ponta Delgada, Portugal",https://www.google.com/maps/place/Apartamentai/data=!4m7!3m6!1s0xb432b86e77eb7dd:0x90fd86ec40824662!8m2!3d37.7405332!4d-25.668156!16s%2Fg%2F11t63g3yfg!19sChIJ3bd-54YrQwsRYkaCQOyG_ZA?authuser=0&hl=pt-BR&rclk=1,No,Hospedagem domiciliar,
Azor International Hostel,,'+351967951892,"R. da Arquinha 30, 9500-032 Ponta Delgada, Portugal","3,8",,PT,R. da Arquinha 30,37.7474263,-25.6679886,"Albergue in Ponta Delgada, Portugal",https://www.google.com/maps/place/Azor+International+Hostel/data=!4m10!3m9!1s0xb432acc3b32180d:0xe46d4ecc2a81c724!5m2!4m1!1i2!8m2!3d37.7474263!4d-25.6679886!16s%2Fg%2F11g864tvhk!19sChIJDRgyO8wqQwsRJMeBKsxObeQ?authuser=0&hl=pt-BR&rclk=1,No,,
Carvão PDL Inn,,'+351910278837,"Rua da Saúde 45A, 9500-363 Arrifes, Portugal","4,1",,PT,Rua da Saúde 45A,37.7508904,-25.6885323,"Albergue in Ponta Delgada, Portugal",https://www.google.com/maps/place/Carv%C3%A3o+PDL+Inn/data=!4m10!3m9!1s0xb432b5a8800403f:0xb21da0fdb3179ee2!5m2!4m1!1i2!8m2!3d37.7508904!4d-25.6885323!16s%2Fg%2F11sqcqx_rz!19sChIJP0AAiForQwsR4p4Xs_2gHbI?authuser=0&hl=pt-BR&rclk=1,No,,
Casa celso,,,"Rua Ilha das Flores 24, 9500-066 Ponta Delgada, Portugal",,,PT,Rua Ilha das Flores 24,37.7511525,-25.6697784,"Hospedagem domiciliar in Ponta Delgada, Portugal",https://www.google.com/maps/place/Casa+celso/data=!4m7!3m6!1s0xb432bcea76d8939:0x71ca9fc4c45f3b88!8m2!3d37.7511525!4d-25.6697784!16s%2Fg%2F11s5bz3fw0!19sChIJOYltp84rQwsRiDtfxMSfynE?authuser=0&hl=pt-BR&rclk=1,No,Hospedagem domiciliar,
Azores PDL House,,'+351910278837,"Rua Engº José Cordeiro Antiga da Calheta 36, 9500-311 Ponta Delgada, Portugal","4,5",,PT,Rua Engº José Cordeiro Antiga da Calheta 36,37.7423706,-25.6567526,"Albergue in Ponta Delgada, Portugal",https://www.google.com/maps/place/Azores+PDL+House/data=!4m10!3m9!1s0xb5cd51466da5abd:0xec94732b0d558d85!5m2!4m1!1i2!8m2!3d37.7423706!4d-25.6567526!16s%2Fg%2F11sm__hdr9!19sChIJvVraZhTVXAsRhY1VDStzlOw?authuser=0&hl=pt-BR&rclk=1,No,,
Quarteirão,,,"Candelária - Estrada Regional 9555, Portugal",,,PT,Candelária - Estrada Regional 9555,37.8185236,-25.814694,"Hospedagem domiciliar in Ponta Delgada, Portugal",https://www.google.com/maps/place/Quarteir%C3%A3o/data=!4m7!3m6!1s0xb432f004bd40fab:0x8b0558b6e306b75!8m2!3d37.8185236!4d-25.814694!16s%2Fg%2F11y4bwsttt!19sChIJqw_USwAvQwsRdWswbotVsAg?authuser=0&hl=pt-BR&rclk=1,No,Hospedagem domiciliar,
Casa do Fontanário,,,"R. 25 de Abril 5, 9560 Lagoa, Portugal",,,PT,R. 25 de Abril 5,37.7451561,-25.5783504,"Hospedagem domiciliar in Ponta Delgada, Portugal",https://www.google.com/maps/place/Casa+do+Fontan%C3%A1rio/data=!4m7!3m6!1s0xb5cd5d9d47e2361:0x3f38f16ff02a8c35!8m2!3d37.7451561!4d-25.5783504!16s%2Fg%2F11l1dr39ht!19sChIJYSN-1NnVXAsRNYwq8G_xOD8?authuser=0&hl=pt-BR&rclk=1,No,Hospedagem domiciliar,
My home | Azores - Three-Bedroom House,,,"9500-338 Ponta Delgada, Portugal","5,0",,PT,,37.7431908,-25.663271,"Hospedagem domiciliar in Ponta Delgada, Portugal",https://www.google.com/maps/place/My+home+%7C+Azores+-+Three-Bedroom+House/data=!4m11!3m10!1s0xb432acac9ebfc11:0xa2edbdfcca3c2637!5m2!4m1!1i2!8m2!3d37.7431908!4d-25.663271!16s%2Fg%2F11ks0j9d19!17BQ0FF!19sChIJEfzrycoqQwsRNyY8yvy97aI?authuser=0&hl=pt-BR&rclk=1,No,,
Casa do Aterro AL 7 Cidades,,,"9-1 2, 9555 Sete Cidades, Portugal",,,PT,9-1 2,37.8602337,-25.7922195,"Hospedagem domiciliar in Ponta Delgada, Portugal",https://www.google.com/maps/place/Casa+do+Aterro+AL+7+Cidades/data=!4m7!3m6!1s0xb4331007c787ccb:0x804537f561f2a361!8m2!3d37.8602337!4d-25.7922195!16s%2Fg%2F11lt9rh5ly!19sChIJy3x4fAAxQwsRYaPyYfU3RYA?authuser=0&hl=pt-BR&rclk=1,No,Hospedagem domiciliar,
Casa do Aterro,,,"9-1 20, 9555 Sete Cidades, Portugal",,,PT,9-1 20,37.8612496,-25.792831,"Hospedagem domiciliar in Ponta Delgada, Portugal",https://www.google.com/maps/place/Casa+do+Aterro/data=!4m7!3m6!1s0xb4331004d1433bb:0x1d0dce810964ea0a!8m2!3d37.8612496!4d-25.792831!16s%2Fg%2F11y7j2wfh_!19sChIJuzMUTQAxQwsRCupkCYHODR0?authuser=0&hl=pt-BR&rclk=1,No,Hospedagem domiciliar,
Casa do Aterro,,,"9-1 20, 9555 Sete Cidades, Portugal",,,PT,9-1 20,37.8632931,-25.7965516,"Hospedagem domiciliar in Ponta Delgada, Portugal",https://www.google.com/maps/place/Casa+do+Aterro+DCO/data=!4m7!3m6!1s0xb4331005722621b:0xf5ac16a29adcad5!8m2!3d37.8632931!4d-25.7965516!16s%2Fg%2F11whfg50r_!19sChIJG2IiVwAxQwsR1cqtKWrBWg8?authuser=0&hl=pt-BR&rclk=1,No,Hospedagem domiciliar,
Apartamento Valados,,'+351912715098,"Açores, R. dos Valados 12 r/c dtº, 9500-652 Ponta Delgada, Portugal","4,5",,PT,R. dos Valados 12 r/c dtº,37.7484034,-25.7048821,"Hotel de 2 estrelas in Ponta Delgada, Portugal",https://www.google.com/maps/place/Apartamento+Valados/data=!4m10!3m9!1s0xb432afe112ea0b3:0x43d41b85ad57928!5m2!4m1!1i2!8m2!3d37.7484034!4d-25.7048821!16s%2Fg%2F1tcvd42v!19sChIJs6AuEf4qQwsRKHnVWrhBPQQ?authuser=0&hl=pt-BR&rclk=1,No,,
Lisbon Apartment,,,"R. Marquês de Ponte de Lima 18A, 1100-588 Lisboa, Portugal","4,0",1,PT,R. Marquês de Ponte de Lima 18A,38.7156605,-9.1338972,"Hospedagem domiciliar in Moita, Portugal",https://www.google.com/maps/place/Lisbon+Apartment/data=!4m7!3m6!1s0xd19330018cca1f1:0x52ac4c0475492cda!8m2!3d38.7156605!4d-9.1338972!16s%2Fg%2F11wnbl2brg!19sChIJ8aHMGAAzGQ0R2ixJdQRMrFI?authuser=0&hl=pt-BR&rclk=1,No,Hospedagem domiciliar,
Apt Lisbon,,,"R. dos Remédios 4, 1100-448 Lisboa, Portugal","4,0",1,PT,R. dos Remédios 4,38.711416,-9.1276433,"Hospedagem domiciliar in Moita, Portugal",https://www.google.com/maps/place/Apt+Lisbon/data=!4m7!3m6!1s0xd19350011eebbe9:0x3b09e0e33faa56a2!8m2!3d38.711416!4d-9.1276433!16s%2Fg%2F11yclgl81_!19sChIJ6bvuEQA1GQ0RolaqP-PgCTs?authuser=0&hl=pt-BR&rclk=1,No,Hospedagem domiciliar,
Azores Dream Hostel,,'+351934317197,"R. Dr. Gil Mont'Alverne Sequeira 9, 9500-199 Ponta Delgada, Portugal","4,2",,PT,R. Dr. Gil Mont'Alverne Sequeira 9,37.738474,-25.6723075,"Albergue in Ponta Delgada, Portugal",https://www.google.com/maps/place/Azores+Dream+Hostel/data=!4m10!3m9!1s0xb432ab7b7f0754b:0xcd1f5c445706fd42!5m2!4m1!1i2!8m2!3d37.738474!4d-25.6723075!16s%2Fg%2F11g8wwdpf3!19sChIJS3Xwt7cqQwsRQv0GV0RcH80?authuser=0&hl=pt-BR&rclk=1,No,,
AL Mar de Prata,,,"Rua de Manuel Jacinto da Ponte 68, 9625 Maia, Portugal","5,0",,PT,Rua de Manuel Jacinto da Ponte 68,37.8330997,-25.3866788,"Albergue in Ponta Delgada, Portugal",https://www.google.com/maps/place/AL+Mar+de+Prata/data=!4m10!3m9!1s0xb5cd920a6ba7291:0x9ddb799df5286f99!5m2!4m1!1i2!8m2!3d37.8330997!4d-25.3866788!16s%2Fg%2F11vhsj823p!19sChIJkXK6piDZXAsRmW8o9Z15250?authuser=0&hl=pt-BR&rclk=1,No,,
Casa do Limoeiro - Ponta Delgada,,,"R. Emb. Faria e Maia 52, Ponta Delgada, Portugal","5,0",1,PT,R. Emb. Faria e Maia 52,37.7506252,-25.6666913,"Albergue in Ponta Delgada, Portugal",https://www.google.com/maps/place/Casa+do+Limoeiro+-+Ponta+Delgada/data=!4m10!3m9!1s0xb432b00623afa1f:0x22ad82bda1432314!5m2!4m1!1i2!8m2!3d37.7506252!4d-25.6666913!16s%2Fg%2F11lcq1w01_!19sChIJH_o6YgArQwsRFCNDob2CrSI?authuser=0&hl=pt-BR&rclk=1,No,,
Ca Loura 76,,'+351962777763,"Rua da Caloura 76, Portugal","5,0",,PT,Rua da Caloura 76,37.7145882,-25.5097248,"Albergue in Ponta Delgada, Portugal",https://www.google.com/maps/place/Ca+Loura+76/data=!4m10!3m9!1s0xb5d2979f897f47f:0x294140af960c8357!5m2!4m1!1i2!8m2!3d37.7145882!4d-25.5097248!16s%2Fg%2F11sv7w3fxl!19sChIJf_SX-HkpXQsRV4MMlq9AQSk?authuser=0&hl=pt-BR&rclk=1,No,,
Belém Lodge,,,"Canada de Belém, São Roque, Portugal","4,7",,PT,Canada de Belém,37.7464116,-25.6438892,"Albergue in Ponta Delgada, Portugal",https://www.google.com/maps/place/Bel%C3%A9m+Lodge/data=!4m10!3m9!1s0xb5cd5362a7a045f:0xf7bb2b804b2e11c8!5m2!4m1!1i2!8m2!3d37.7464116!4d-25.6438892!16s%2Fg%2F11vhqkv23t!19sChIJXwR6KjbVXAsRyBEuS4Aru_c?authuser=0&hl=pt-BR&rclk=1,No,,
Bella Italia Portas da Cidade,,,"R. António José D'Almeida 38 9500, 9500-040 Ponta Delgada, Portugal","2,6",,PT,R. António José D'Almeida 38 9500,37.7409825,-25.6690531,"Albergue in Ponta Delgada, Portugal",https://www.google.com/maps/place/Bella+Italia+Portas+da+Cidade/data=!4m10!3m9!1s0xb432b385d4e7cc5:0xdbac927e8f3c9a27!5m2!4m1!1i2!8m2!3d37.7409825!4d-25.6690531!16s%2Fg%2F11qfr5012w!19sChIJxXxOXTgrQwsRJ5o8j36SrNs?authuser=0&hl=pt-BR&rclk=1,No,,
Casa das Lapinhas,,,"Lagoa - Casa Do Seminário/Termo 81, 9560, Portugal","4,7",,PT,Lagoa - Casa Do Seminário/Termo 81,37.7351048,-25.5454874,"Albergue in Ponta Delgada, Portugal",https://www.google.com/maps/place/Casa+das+Lapinhas/data=!4m10!3m9!1s0xb5d29226f1992c7:0x79735cd94cd60794!5m2!4m1!1i2!8m2!3d37.7351048!4d-25.5454874!16s%2Fg%2F11v3kmk_ty!19sChIJx5IZbyIpXQsRlAfWTNlcc3k?authuser=0&hl=pt-BR&rclk=1,No,,
Casa dos Verdes,,'+351963508941,"Canada dos Verdes, 8 - São Roque, 9500-711 Ponta Delgada, Portugal","5,0",,PT,8 - São Roque,37.745884,-25.6400541,"Albergue in Ponta Delgada, Portugal",https://www.google.com/maps/place/Casa+dos+Verdes/data=!4m10!3m9!1s0xb5cd5000ba7bf85:0x92e2d451d1052a6a!5m2!4m1!1i2!8m2!3d37.745884!4d-25.6400541!16s%2Fg%2F11xm1n5wwg!19sChIJhb-nCwDVXAsRaioF0VHU4pI?authuser=0&hl=pt-BR&rclk=1,No,,
Casa do Maranhão,,,"R. do Maranhão 48, 9545, Portugal",,,PT,R. do Maranhão 48,37.8369905,-25.6975115,"Albergue in Ponta Delgada, Portugal",https://www.google.com/maps/place/Casa+do+Maranh%C3%A3o/data=!4m10!3m9!1s0xb432dd6f70412c7:0xd1b2b78db79583bd!5m2!4m1!1i2!8m2!3d37.8369905!4d-25.6975115!16s%2Fg%2F11l5wk_tbf!19sChIJxxIE99YtQwsRvYOVt423stE?authuser=0&hl=pt-BR&rclk=1,No,,
Azorescape,,'+351914374065,"Rua da Quinta, 9560-067 Lagoa, Portugal","5,0",1,PT,Rua da Quinta,37.7411381,-25.5553368,"Albergue in Ponta Delgada, Portugal",https://www.google.com/maps/place/Azorescape/data=!4m10!3m9!1s0xb5d2910849067b9:0x9b3a4e430d3202f2!5m2!4m1!1i2!8m2!3d37.7411381!4d-25.5553368!16s%2Fg%2F11msl40tgk!19sChIJuWeQhBApXQsR8gIyDUNOOps?authuser=0&hl=pt-BR&rclk=1,No,,
Hilton Vilamoura As Cascatas Golf Resort & Spa,,,"R. da Torre d'Água Lote 4.11 1.B, Vilamoura, 8125-615 Quarteira, Portugal","4,6",,PT,Vilamoura,37.093166,-8.11161,"Hotel de 5 estrelas in Faro, Portugal",https://www.google.com/maps/place/Hilton+Vilamoura+As+Cascatas+Golf+Resort+%26+Spa/data=!4m10!3m9!1s0xd1ab5c298a7596b:0xcbeb751e221c878!5m2!4m1!1i2!8m2!3d37.093166!4d-8.11161!16s%2Fg%2F1hm5c7j3f!19sChIJa1mnmMK1Gg0ReMgh4lG3vgw?authuser=0&hl=pt-BR&rclk=1,No,,
Poiso das Tesouras,,,"R. Dr. António Martins 36 1 d, Lisboa, Portugal","5,0",,PT,R. Dr. António Martins 36 1 d,38.7397352,-9.1657944,"Hospedagem domiciliar in Moita, Portugal",https://www.google.com/maps/place/Poiso+das+Tesouras/data=!4m7!3m6!1s0xd19333b67dd8fad:0xa408b93db7b2599e!8m2!3d38.7397352!4d-9.1657944!16s%2Fg%2F11ksbcplsc!19sChIJrY_dZzszGQ0Rnlmytz25CKQ?authuser=0&hl=pt-BR&rclk=1,No,Hospedagem domiciliar,
(Zu)Hause,,,"R. Damasceno Monteiro 55, 1170-110 Lisboa, Portugal",,,PT,R. Damasceno Monteiro 55,38.7205413,-9.1322768,"Hospedagem domiciliar in Moita, Portugal",https://www.google.com/maps/place/%28Zu%29Hause/data=!4m7!3m6!1s0xd19330d581788c9:0x8d249c897ac1e129!8m2!3d38.7205413!4d-9.1322768!16s%2Fg%2F11t6z40c69!19sChIJyYgXWA0zGQ0RKeHBeomcJI0?authuser=0&hl=pt-BR&rclk=1,No,Hospedagem domiciliar,
Hotel,,,"R. dos Poiais de São Bento 7, 1200-343 Lisboa, Portugal",,,PT,R. dos Poiais de São Bento 7,38.710944,-9.1501852,"Hospedagem domiciliar in Moita, Portugal",https://www.google.com/maps/place/Hotel/data=!4m7!3m6!1s0xd19357cccad21a3:0x45d493533e3b9ce7!8m2!3d38.710944!4d-9.1501852!16s%2Fg%2F11nn4npykl!19sChIJoyGtzHw1GQ0R55w7PlOT1EU?authuser=0&hl=pt-BR&rclk=1,No,Hospedagem domiciliar,
Home TP,,,"R. Operário 282, 2785-185 São Domingos de Rana, Portugal",,,PT,R. Operário 282,38.7278391,-9.3320114,"Hospedagem domiciliar in Moita, Portugal",https://www.google.com/maps/place/Home+TP/data=!4m7!3m6!1s0xd1ecf000add0e63:0x80bcbe9be9aeb3ca!8m2!3d38.7278391!4d-9.3320114!16s%2Fg%2F11yg68863j!19sChIJYw7dCgDPHg0RyrOu6Zu-vIA?authuser=0&hl=pt-BR&rclk=1,No,Hospedagem domiciliar,
Hotel Cascais Miragem Health & Spa,,,"Av. Marginal 8554, 2754-536 Cascais, Portugal","4,7",,PT,Av. Marginal 8554,38.702387,-9.410819,"Albergue in Moita, Portugal",https://www.google.com/maps/place/Hotel+Cascais+Miragem+Health+%26+Spa/data=!4m10!3m9!1s0xd1ec5cd59707da9:0x87336c79677e4bc0!5m2!4m1!1i2!8m2!3d38.702387!4d-9.410819!16s%2Fg%2F1vr1xxc_!19sChIJqX1wWc3FHg0RwEt-Z3lsM4c?authuser=0&hl=pt-BR&rclk=1,No,,
Hospedaria Moiras Encantadas,,'+351926190204,"R. Miguel Bombarda 7, Paderne, Portugal","4,3",,PT,R. Miguel Bombarda 7,37.1764018,-8.2035904,"Hospedaria in Faro, Portugal",https://www.google.com/maps/place/Hospedaria+Moiras+Encantadas/data=!4m10!3m9!1s0xd1ac8a3a5cb70af:0x6a4f66079aae96e4!5m2!4m1!1i2!8m2!3d37.1764018!4d-8.2035904!16s%2Fg%2F11b73mcwk4!19sChIJr3DLpaPIGg0R5JaumgdmT2o?authuser=0&hl=pt-BR&rclk=1,No,,
Hotel,,,"Caminho das Areias 184P, 8700 Quelfes, Portugal","5,0",1,PT,Caminho das Areias 184P,37.0444923,-7.8239107,"Hospedagem domiciliar in Faro, Portugal",https://www.google.com/maps/place/Hotel/data=!4m7!3m6!1s0xd1aab00135d8513:0xf85c8bf607ab8ccc!8m2!3d37.0444923!4d-7.8239107!16s%2Fg%2F11yc0dlgzw!19sChIJE4VdEwCrGg0RzIyrB_aLXPg?authuser=0&hl=pt-BR&rclk=1,No,Hospedagem domiciliar,
Boliqueime,,,"EM1181 668, 8100-070 Boliqueime, Portugal","4,3",,PT,EM1181 668,37.1449631,-8.1495763,"Hospedagem domiciliar in Faro, Portugal",https://www.google.com/maps/place/Boliqueime/data=!4m7!3m6!1s0xd1ac975ed28bb6f:0x96856128e089fe39!8m2!3d37.1449631!4d-8.1495763!16s%2Fg%2F11sskplh02!19sChIJb7so7XXJGg0ROf6J4ChhhZY?authuser=0&hl=pt-BR&rclk=1,No,Hospedagem domiciliar,
Roundhill,,,"Av. Ayrton Senna da Silva 13, 8135-024, Portugal","5,0",1,PT,Av. Ayrton Senna da Silva 13,37.0559775,-8.0271044,"Hospedagem domiciliar in Faro, Portugal",https://www.google.com/maps/place/Roundhill/data=!4m7!3m6!1s0xd1ab30078a1fc1d:0x2c147fcfcd091703!8m2!3d37.0559775!4d-8.0271044!16s%2Fg%2F11n4pbkhj4!19sChIJHfyheACzGg0RAxcJzc9_FCw?authuser=0&hl=pt-BR&rclk=1,No,Hospedagem domiciliar,
Casa d´Alagoa,,'+351914796478,"Moncarapacho, Portugal","5,0",1,PT,Moncarapacho,37.0973623,-7.7769852,"Hospedagem domiciliar in Faro, Portugal",https://www.google.com/maps/place/Casa+d%C2%B4Alagoa/data=!4m7!3m6!1s0xd10010023d93e59:0xe2c7de4246bf370b!8m2!3d37.0973623!4d-7.7769852!16s%2Fg%2F11z746437g!19sChIJWT7ZIwABEA0RCze_RkLex-I?authuser=0&hl=pt-BR&rclk=1,No,Hospedagem domiciliar,
Three Cats by the Sea,,,"R. 11 9, 8800-953 Tavira, Portugal",,,PT,R. 11 9,37.1424937,-7.6037964,"Hospedagem domiciliar in Faro, Portugal",https://www.google.com/maps/place/Three+Cats+by+the+Sea/data=!4m7!3m6!1s0xd101b0017a6b5b9:0xc9bb0f75d12fa218!8m2!3d37.1424937!4d-7.6037964!16s%2Fg%2F11z5s7_ghn!19sChIJubWmFwAbEA0RGKIv0XUPu8k?authuser=0&hl=pt-BR&rclk=1,No,Hospedagem domiciliar,
Faro home,,,"4R75+WG, Albufeira, Portugal",,,PT,4R75+WG,37.114795,-8.191238,"Hospedagem domiciliar in Faro, Portugal",https://www.google.com/maps/place/Faro+home/data=!4m7!3m6!1s0xd1ac90046c4fcf1:0xd2222a6a3d0caa88!8m2!3d37.114795!4d-8.191238!16s%2Fg%2F11ygjbdxql!19sChIJ8fzERgDJGg0RiKoMPWoqItI?authuser=0&hl=pt-BR&rclk=1,No,Hospedagem domiciliar,
Blife Beach Hostel,,'+351933007700,"Av. Poente 5 7, 8005-520 Faro, Portugal","3,4",,PT,Av. Poente 5 7,37.0087995,-7.996055,"Hotel in Faro, Portugal",https://www.google.com/maps/place/Blife+Beach+Hostel/data=!4m10!3m9!1s0xd054def0509fcad:0x3ba23d20fba938f4!5m2!4m1!1i2!8m2!3d37.0087995!4d-7.996055!16s%2Fg%2F11kjhmjg_7!19sChIJrfwJBe9NBQ0R9Dip-yA9ojs?authuser=0&hl=pt-BR&rclk=1,No,,
CASA MIRANDA,,,"Vale da Mó, Caliços, 8700-181 Faro, Portugal","5,0",1,PT,Caliços,37.059903,-7.8897004,"Hospedagem domiciliar in Faro, Portugal",https://www.google.com/maps/place/CASA+MIRANDA/data=!4m7!3m6!1s0xd1aad00614905a1:0x1f60053f928e1f0e!8m2!3d37.059903!4d-7.8897004!16s%2Fg%2F11xsp_dfhw!19sChIJoQVJYQCtGg0RDh-Okj8FYB8?authuser=0&hl=pt-BR&rclk=1,No,Hospedagem domiciliar,
Casa Ramos Alojamento,,'+351937842780,"Av. Sá Carneiro 31, 8200-340 Albufeira, Portugal","4,4",,PT,Av. Sá Carneiro 31,37.0918474,-8.2278547,"Albergue in Faro, Portugal",https://www.google.com/maps/place/Casa+Ramos+Alojamento/data=!4m10!3m9!1s0xd1acd6daee25715:0x1fde34ffc81d1e49!5m2!4m1!1i2!8m2!3d37.0918474!4d-8.2278547!16s%2Fg%2F11ty674gvc!19sChIJFVfirm3NGg0RSR4dyP803h8?authuser=0&hl=pt-BR&rclk=1,No,,
Eden Guest House,,,"R. Alm. Cândido dos Reis 4, 8800-318 Tavira, Portugal","4,0",,PT,R. Alm. Cândido dos Reis 4,37.128045,-7.6492618,"Albergue in Faro, Portugal",https://www.google.com/maps/place/Eden+Guest+House/data=!4m10!3m9!1s0xd10037bd517925b:0xcdf5c549d73730f3!5m2!4m1!1i2!8m2!3d37.128045!4d-7.6492618!16s%2Fg%2F11f4wv9bmk!19sChIJW5IX1XsDEA0R8zA310nF9c0?authuser=0&hl=pt-BR&rclk=1,No,,
Vila Tagus,,'+351912053402,"R. da Imac. Conceição 1, 2000-072 Santarém, Portugal","3,9",,PT,R. da Imac. Conceição 1,39.2247693,-8.6791691,"Hospedaria in Santarém, Portugal",https://www.google.com/maps/place/Vila+Tagus/data=!4m7!3m6!1s0xd18ee3e2b2281c7:0xd5fbb3e2cbbc5c94!8m2!3d39.2247693!4d-8.6791691!16s%2Fg%2F11fzf80ckf!19sChIJx4EiKz7uGA0RlFy8y-Kz-9U?authuser=0&hl=pt-BR&rclk=1,No,Hospedaria,
Casas Herdade do Convento da Serra,,'+351936342544,"Casal do Arco, Convento da Serra, 2080-708 Almeirim, Portugal","4,5",,PT,Convento da Serra,39.1346379,-8.6088583,"Hospedaria in Santarém, Portugal",https://www.google.com/maps/place/Casas+Herdade+do+Convento+da+Serra/data=!4m10!3m9!1s0xd18fa511de1235b:0x1c9f6d429e6292dc!5m2!4m1!1i2!8m2!3d39.1346379!4d-8.6088583!16s%2Fg%2F11dfgr1gyd!19sChIJWyPhHVH6GA0R3JJinkJtnxw?authuser=0&hl=pt-BR&rclk=1,No,,
faro central stay,,,"Largo de São Pedro 26, 8000-148 Faro, Portugal",,,PT,Largo de São Pedro 26,37.0192312,-7.933906,"Hospedagem domiciliar in Faro, Portugal",https://www.google.com/maps/place/faro+central+stay/data=!4m7!3m6!1s0xd055300231ddecd:0xe9961d2c89e0d06b!8m2!3d37.0192312!4d-7.933906!16s%2Fg%2F11mz4krl36!19sChIJzd4dIwBTBQ0Ra9DgiSwdluk?authuser=0&hl=pt-BR&rclk=1,No,Hospedagem domiciliar,
BLife Martinya Private Rooms Olhão,,,"R. do Sol Posto 13, 8700-437 Olhão, Portugal","1,0",,PT,R. do Sol Posto 13,37.0251122,-7.8435526,"Hospedagem domiciliar in Faro, Portugal",https://www.google.com/maps/place/BLife+Martinya+Private+Rooms+Olh%C3%A3o/data=!4m10!3m9!1s0xd05550059fe52bb:0x860b628d9c955bc6!5m2!4m1!1i2!8m2!3d37.0251122!4d-7.8435526!16s%2Fg%2F11njqq4f37!19sChIJu1L-WQBVBQ0RxluVnI1iC4Y?authuser=0&hl=pt-BR&rclk=1,No,,
Quintinha da Nave,,,"Nave do Barão, Loulé, Portugal","5,0",,PT,Nave do Barão,37.2218501,-8.0706963,"Hospedagem domiciliar in Faro, Portugal",https://www.google.com/maps/place/Quintinha+da+Nave/data=!4m7!3m6!1s0xd1ab998d325c019:0x6cef451bf29c1700!8m2!3d37.2218501!4d-8.0706963!16s%2Fg%2F11svdmzv9j!19sChIJGcAl05i5Gg0RABec8htF72w?authuser=0&hl=pt-BR&rclk=1,No,Hospedagem domiciliar,
Chalet Santa Iria,,,"Estr. da Ponte 12, 2000-572 Santarém, Portugal","4,8",,PT,Estr. da Ponte 12,39.2354135,-8.6741806,"Hospedaria in Santarém, Portugal",https://www.google.com/maps/place/Chalet+Santa+Iria/data=!4m10!3m9!1s0xd18ee11d6f12699:0xced8742e1aa0c752!5m2!4m1!1i2!8m2!3d39.2354135!4d-8.6741806!16s%2Fg%2F11f3nlh_yt!19sChIJmSbx1hHuGA0RUsegGi502M4?authuser=0&hl=pt-BR&rclk=1,No,,
Residencial Terminal NUNXÁ,,'+351938801792,"R. Latino Coelho 201, R. Latino Coelho 203, 2330-096 Entroncamento, Portugal",,,PT,R. Latino Coelho 203,39.4615491,-8.4725935,"Hospedaria in Santarém, Portugal",https://www.google.com/maps/place/Residencial+Terminal+NUNX%C3%81/data=!4m10!3m9!1s0xd18639c699028f5:0x83d5e189271010ea!5m2!4m1!1i2!8m2!3d39.4615491!4d-8.4725935!16s%2Fg%2F11zh29_3g5!19sChIJ9SiQaZxjGA0R6hAQJ4nh1YM?authuser=0&hl=pt-BR&rclk=1,No,,
Anexo Hotel Quarteira Sol,,,"8125-141 Quarteira, Portugal",,,PT,,37.0666914,-8.0984287,"Hospedagem domiciliar in Faro, Portugal",https://www.google.com/maps/place/Anexo+Hotel+Quarteira+Sol/data=!4m7!3m6!1s0xd1ab5df577f382d:0xca056097284db460!8m2!3d37.0666914!4d-8.0984287!16s%2Fg%2F11ss4_zmk2!19sChIJLTh_V9-1Gg0RYLRNKJdgBco?authuser=0&hl=pt-BR&rclk=1,No,Hospedagem domiciliar,
Residencial Central Lda,,'+351932339443,"Largo Dr. José Barbosa 22, 2500-106 Caldas da Rainha, Portugal","2,5",,PT,Largo Dr. José Barbosa 22,39.403569,-9.1330334,"Hospedaria in Santarém, Portugal",https://www.google.com/maps/place/Residencial+Central+Lda/data=!4m10!3m9!1s0xd18b3bb1fc92f97:0x59f801bb883e7883!5m2!4m1!1i2!8m2!3d39.403569!4d-9.1330334!16s%2Fg%2F1tgqkpfp!19sChIJly_JH7uzGA0Rg3g-iLsB-Fk?authuser=0&hl=pt-BR&rclk=1,No,,
Casa Vale Judeu,,,"4VGW+4M, Loulé, Portugal","4,0",,PT,4VGW+4M,37.1253213,-8.1032594,"Hospedagem domiciliar in Faro, Portugal",https://www.google.com/maps/place/Casa+Vale+Judeu/data=!4m7!3m6!1s0xd1ab70051608fe7:0x17655663dfa86c13!8m2!3d37.1253213!4d-8.1032594!16s%2Fg%2F11vz5hhswl!19sChIJ549gUQC3Gg0RE2yo32NWZRc?authuser=0&hl=pt-BR&rclk=1,No,Hospedagem domiciliar,
Foral Guest House - Óbidos,,,"Tv. Nossa Sra. do Rosario 5, 2510-070 Óbidos, Portugal","4,2",,PT,Tv. Nossa Sra. do Rosario 5,39.360311,-9.1573482,"Hospedaria in Santarém, Portugal",https://www.google.com/maps/place/Foral+Guest+House+-+%C3%93bidos/data=!4m10!3m9!1s0xd2279991d3183c3:0x6899523d03201381!5m2!4m1!1i2!8m2!3d39.360311!4d-9.1573482!16s%2Fg%2F11g8cmwrzb!19sChIJw4MxHZl5Ig0RgRMgAz1SmWg?authuser=0&hl=pt-BR&rclk=1,No,,
Villa Medeiros,,'+351919169306,"Rua Guarda-Rios 25, 8135-024 Almancil, Portugal","5,0",,PT,Rua Guarda-Rios 25,37.0365125,-8.0298847,"Hospedagem domiciliar in Faro, Portugal",https://www.google.com/maps/place/Villa+Medeiros/data=!4m10!3m9!1s0xd1ab346253191e7:0x317241697008147e!5m2!4m1!1i2!8m2!3d37.0365125!4d-8.0298847!16s%2Fg%2F11fj590mxz!19sChIJ55ExJUazGg0RfhQIcGlBcjE?authuser=0&hl=pt-BR&rclk=1,No,,
Vivenda Candeias,,,"Caminho Cerro da Águia, Albufeira, Portugal","5,0",1,PT,Caminho Cerro da Águia,37.0881097,-8.2794391,"Hospedagem domiciliar in Faro, Portugal",https://www.google.com/maps/place/Vivenda+Candeias/data=!4m7!3m6!1s0xd1acd6b0b339c39:0xaa8661415f417446!8m2!3d37.0881097!4d-8.2794391!16s%2Fg%2F11rvdcb_bh!19sChIJOZwzC2vNGg0RRnRBX0Fhhqo?authuser=0&hl=pt-BR&rclk=1,No,Hospedagem domiciliar,
Lissabon,,,"R. de Volta das Fragatas 2TG46, Vilamoura, 8125-406 Quarteira, Portugal","3,7",,PT,Vilamoura,37.078681,-8.102813,"Hospedagem domiciliar in Faro, Portugal",https://www.google.com/maps/place/Lissabon/data=!4m7!3m6!1s0xd1ab5001a97be09:0x24b979214c0b8e69!8m2!3d37.078681!4d-8.102813!16s%2Fg%2F11wc4v5t0d!19sChIJCb6XGgC1Gg0RaY4LTCF5uSQ?authuser=0&hl=pt-BR&rclk=1,No,Hospedagem domiciliar,
Sherry home pt,,,"Caminho Das Alfarrobeiras 325a, 8005, Portugal","3,0",1,PT,Caminho Das Alfarrobeiras 325a,37.0762517,-7.9377149,"Hospedagem domiciliar in Faro, Portugal",https://www.google.com/maps/place/Sherry+home+pt/data=!4m7!3m6!1s0xd1aad9cd902338d:0x4757213f713fcfd!8m2!3d37.0762517!4d-7.9377149!16s%2Fg%2F11l29wtyx6!19sChIJjTMC2ZytGg0R_fwT9xNydQQ?authuser=0&hl=pt-BR&rclk=1,No,Hospedagem domiciliar,
Home Galvana postal 64,,,"Areal gordo Postal, número 64, 8005-409 Faro, Portugal","5,0",,PT,número 64,37.0379022,-7.9068258,"Hospedagem domiciliar in Faro, Portugal",https://www.google.com/maps/place/Home+Galvana+postal+64/data=!4m7!3m6!1s0xd1aad005234f6d1:0x7c2f80c94bb9096c!8m2!3d37.0379022!4d-7.9068258!16s%2Fg%2F11lz_cdxqm!19sChIJ0fY0UgCtGg0RbAm5S8mAL3w?authuser=0&hl=pt-BR&rclk=1,No,Hospedagem domiciliar,
IPA Loulé,,,"Lgo Prof. Cabrita da Silva 10, 8100-561 Loulé, Portugal","4,7",,PT,Lgo Prof. Cabrita da Silva 10,37.137036,-8.0233958,"Hospedagem domiciliar in Faro, Portugal",https://www.google.com/maps/place/IPA+Loul%C3%A9/data=!4m7!3m6!1s0xd1ab100353f399f:0xc7d6090cf99bce05!8m2!3d37.137036!4d-8.0233958!16s%2Fg%2F11w_w948tr!19sChIJnzk_NQCxGg0RBc6b-QwJ1sc?authuser=0&hl=pt-BR&rclk=1,No,Hospedagem domiciliar,
Praia do barril,,,"EM1347 59C, 8800-562 Santa Luzia, Portugal","4,5",,PT,EM1347 59C,37.0943412,-7.6773807,"Hospedagem domiciliar in Faro, Portugal",https://www.google.com/maps/place/Praia+do+barril/data=!4m7!3m6!1s0xd100300716c426b:0x5ad90365dd967460!8m2!3d37.0943412!4d-7.6773807!16s%2Fg%2F11xmqlh47c!19sChIJa0JscQADEA0RYHSW3WUD2Vo?authuser=0&hl=pt-BR&rclk=1,No,Hospedagem domiciliar,
Quinta Amaliah,,,"3WGF+FG, Quarteira, Portugal","4,7",,PT,3WGF+FG,37.076141,-8.0761737,"Hospedagem domiciliar in Faro, Portugal",https://www.google.com/maps/place/Quinta+Amaliah/data=!4m7!3m6!1s0xd1ab5f1d10fac23:0x38e338c61342482f!8m2!3d37.076141!4d-8.0761737!16s%2Fg%2F11tp9l43xj!19sChIJI6wP0fG1Gg0RL0hCE8Y44zg?authuser=0&hl=pt-BR&rclk=1,No,Hospedagem domiciliar,
Mesquita Baixa,,,"44WX+X8, 8150-048 Estói, Portugal","5,0",,PT,44WX+X8,37.1477416,-7.8489693,"Hospedagem domiciliar in Faro, Portugal",https://www.google.com/maps/place/Mesquita+Baixa/data=!4m7!3m6!1s0xd1aa9bbeb0c6e6d:0xfc6f66f0704a0fa4!8m2!3d37.1477416!4d-7.8489693!16s%2Fg%2F11scpy01sj!19sChIJbW4M67upGg0RpA9KcPBmb_w?authuser=0&hl=pt-BR&rclk=1,No,Hospedagem domiciliar,
Villa Isabel,,,"Estói, Portugal","5,0",1,PT,Estói,37.1000824,-7.8664067,"Hospedagem domiciliar in Faro, Portugal",https://www.google.com/maps/place/Villa+Isabel/data=!4m7!3m6!1s0xd1aab35d071449d:0x248d8c68427baf58!8m2!3d37.1000824!4d-7.8664067!16s%2Fg%2F11l211zd4r!19sChIJnURx0DWrGg0RWK97QmiMjSQ?authuser=0&hl=pt-BR&rclk=1,No,Hospedagem domiciliar,
Quinta Catarina,,,"N269 222A 8200, Guia, Portugal","5,0",,PT,N269 222A 8200,37.1378886,-8.2654782,"Hospedagem domiciliar in Faro, Portugal",https://www.google.com/maps/place/Quinta+Catarina/data=!4m7!3m6!1s0xd1acfec22df9b45:0xbe4e0767c574f09c!8m2!3d37.1378886!4d-8.2654782!16s%2Fg%2F11tcn4x2vs!19sChIJRZvfIuzPGg0RnPB0xWcHTr4?authuser=0&hl=pt-BR&rclk=1,No,Hospedagem domiciliar,
Villa Rosser,,,"Unnamed Road, 8005, 8005-487, Portugal","4,0",,PT,8005,37.1179866,-7.999512,"Hospedagem domiciliar in Faro, Portugal",https://www.google.com/maps/place/Villa+Rosser/data=!4m7!3m6!1s0xd1ab1282aa01bdf:0x86f8902f4521efea!8m2!3d37.1179866!4d-7.999512!16s%2Fg%2F11pm4xskh8!19sChIJ3xugKiixGg0R6u8hRS-Q-IY?authuser=0&hl=pt-BR&rclk=1,No,Hospedagem domiciliar,
Villa Sophie Almancil,,'+33648365906,"Caminho do Setil 409a, 8135-016 Almancil, Portugal","5,0",,PT,Caminho do Setil 409a,37.0811499,-8.0495396,"Hospedagem domiciliar in Faro, Portugal",https://www.google.com/maps/place/Villa+Sophie+Almancil/data=!4m7!3m6!1s0xd1ab500507d0241:0xd317d74affc6b762!8m2!3d37.0811499!4d-8.0495396!16s%2Fg%2F11x7mfs950!19sChIJQQJ9UAC1Gg0RYrfG_0rXF9M?authuser=0&hl=pt-BR&rclk=1,No,Hospedagem domiciliar,
New house maravilha,,,"N397 113Z, Tavira, Portugal",,,PT,N397 113Z,37.138823,-7.652876,"Hospedagem domiciliar in Faro, Portugal",https://www.google.com/maps/place/New+house+maravilha/data=!4m7!3m6!1s0xd10050058c2f9d1:0x93cc85707c70da99!8m2!3d37.138823!4d-7.652876!16s%2Fg%2F11mkzsbl4w!19sChIJ0fnCWAAFEA0RmdpwfHCFzJM?authuser=0&hl=pt-BR&rclk=1,No,Hospedagem domiciliar,
Olhos d'Água,,'+351249091223,"Rua dos Olhos d' Água Praia Fluvial dos Olhos d' Água, 2380-450, Portugal","4,4",,PT,Rua dos Olhos d' Água Praia Fluvial dos Olhos d' Água,39.4442214,-8.7116829,"Hotel de 3 estrelas in Santarém, Portugal",https://www.google.com/maps/place/Olhos+d%27%C3%81gua/data=!4m10!3m9!1s0xd18916979a81275:0x451d3975e64b1bd8!5m2!4m1!1i2!8m2!3d39.4442214!4d-8.7116829!16s%2Fg%2F11h_gt4sdj!19sChIJdRKoeWmRGA0R2BtL5nU5HUU?authuser=0&hl=pt-BR&rclk=1,No,,
Avó Rosa- Turismo de aldeia,,,"R. Ricardo Jorge Almeida Gonçalves 2, 2040-460 São João da Ribeira, Portugal","4,4",,PT,R. Ricardo Jorge Almeida Gonçalves 2,39.2809707,-8.8556309,"Hotel de 3 estrelas in Santarém, Portugal",https://www.google.com/maps/place/Av%C3%B3+Rosa-+Turismo+de+aldeia/data=!4m10!3m9!1s0xd18c036558201e7:0x9eb12e5db0dc7!5m2!4m1!1i2!8m2!3d39.2809707!4d-8.8556309!16s%2Fg%2F11dfgswqjl!19sChIJ5wGCVTbAGA0Rxw3b5RLrCQA?authuser=0&hl=pt-BR&rclk=1,No,,
Vale Grande Residence,,'+351912228794,"Largo do Vale Grande 4, 2065-123 Alcoentre, Portugal","4,0",,PT,Largo do Vale Grande 4,39.2420467,-8.9533091,"Hotel de 3 estrelas in Santarém, Portugal",https://www.google.com/maps/place/Vale+Grande+Residence/data=!4m10!3m9!1s0xd18c69390a6fb51:0x711ac2e91ede0086!5m2!4m1!1i2!8m2!3d39.2420467!4d-8.9533091!16s%2Fg%2F11btmq7900!19sChIJUfumkJPGGA0RhgDeHunCGnE?authuser=0&hl=pt-BR&rclk=1,No,,
Female Hostel,,'+351910009822,"R. Baptista Lopes 10, 8000-225 Faro, Portugal","4,0",,PT,R. Baptista Lopes 10,37.0170796,-7.9324182,"Albergue in Faro, Portugal",https://www.google.com/maps/place/Female+Hostel/data=!4m10!3m9!1s0xd0552c698b86233:0x11b5ada1bd5f7259!5m2!4m1!1i2!8m2!3d37.0170796!4d-7.9324182!16s%2Fg%2F11jz9kt63h!19sChIJM2K4mMZSBQ0RWXJfvaGttRE?authuser=0&hl=pt-BR&rclk=1,Yes,,
Pátio da Avó Faustina,,'+351249977480,"R. Carlos Mendes Gonçalves 15, 2150-204 Golegã, Portugal","4,5",,PT,R. Carlos Mendes Gonçalves 15,39.401589,-8.478505,"Hotel de 3 estrelas in Santarém, Portugal",https://www.google.com/maps/place/P%C3%A1tio+da+Av%C3%B3+Faustina/data=!4m10!3m9!1s0xd1861dc29156fd7:0x8de97ac04aa6bb8!5m2!4m1!1i2!8m2!3d39.401589!4d-8.478505!16s%2Fg%2F1264brwwr!19sChIJ128VKdxhGA0RuGuqBKyX3gg?authuser=0&hl=pt-BR&rclk=1,No,,
Casa da Rainha,,'+351969512143,"Tv. da Rainha 6, 2050-343 Azambuja, Portugal","4,1",,PT,Tv. da Rainha 6,39.0684369,-8.8689983,"Hotel in Santarém, Portugal",https://www.google.com/maps/place/Casa+da+Rainha/data=!4m10!3m9!1s0xd18dd7b6466f383:0x54e137fa428047be!5m2!4m1!1i2!8m2!3d39.0684369!4d-8.8689983!16s%2Fg%2F11hzzr3n4q!19sChIJg_NmZHvdGA0RvkeAQvo34VQ?authuser=0&hl=pt-BR&rclk=1,No,,
HOSPEDARIA PORTUGUESA,,'+351965097146,"R. Dr. Queiroz Vaz Guedes 39, 2090-076 Alpiarça, Portugal","4,2",,PT,R. Dr. Queiroz Vaz Guedes 39,39.2571208,-8.5845077,"Hospedaria in Santarém, Portugal",https://www.google.com/maps/place/HOSPEDARIA+PORTUGUESA/data=!4m10!3m9!1s0xd18f76c38b128b7:0x6b0595103d594011!5m2!4m1!1i2!8m2!3d39.2571208!4d-8.5845077!16s%2Fg%2F11gly8b4c4!19sChIJtyixOGz3GA0REUBZPRCVBWs?authuser=0&hl=pt-BR&rclk=1,No,,
Rio Maior Hotel,,'+351243996087,"R. Dr. Francisco Barbosa 12, Rio Maior, Portugal","3,9",,PT,R. Dr. Francisco Barbosa 12,39.3361166,-8.9360757,"Hotel in Santarém, Portugal",https://www.google.com/maps/place/Rio+Maior+Hotel/data=!4m10!3m9!1s0xd18b8c58580984b:0xb78bfede3c22b13e!5m2!4m1!1i2!8m2!3d39.3361166!4d-8.9360757!16s%2Fg%2F11g8f7kk0f!19sChIJS5iAhcW4GA0RPrEiPN7-i7c?authuser=0&hl=pt-BR&rclk=1,No,,
Rio Maior Hotel,,'+351243996087,"R. Dr. Francisco Barbosa 12, Rio Maior, Portugal","3,9",,PT,R. Dr. Francisco Barbosa 12,39.3361166,-8.9360757,"Hospedaria in Santarém, Portugal",https://www.google.com/maps/place/Rio+Maior+Hotel/data=!4m10!3m9!1s0xd18b8c58580984b:0xb78bfede3c22b13e!5m2!4m1!1i2!8m2!3d39.3361166!4d-8.9360757!16s%2Fg%2F11g8f7kk0f!19sChIJS5iAhcW4GA0RPrEiPN7-i7c?authuser=0&hl=pt-BR&rclk=1,No,,
Alojamento costa brava,,,"Benedita, Portugal","4,6",,PT,Benedita,39.4295562,-8.9585496,"Hotel in Santarém, Portugal",https://www.google.com/maps/place/Alojamento+costa+brava/data=!4m10!3m9!1s0xd18bbea2309ced9:0x543674b8ba1d4874!5m2!4m1!1i2!8m2!3d39.4295562!4d-8.9585496!16s%2Fg%2F11spxk123d!19sChIJ2c4JI-q7GA0RdEgdurh0NlQ?authuser=0&hl=pt-BR&rclk=1,No,,
Casa de Besteiros,,'+351243595474,"Quinta da Variorum Estrada do, Arneiro da Volta, 2080-704 Almeirim, Portugal","4,8",,PT,Arneiro da Volta,39.1399807,-8.5059221,"Hospedaria in Santarém, Portugal",https://www.google.com/maps/place/Casa+de+Besteiros/data=!4m10!3m9!1s0xd18f86756c2f9b9:0x64a90c46105df669!5m2!4m1!1i2!8m2!3d39.1399807!4d-8.5059221!16s%2Fg%2F11bw4zk2bl!19sChIJufnCVmf4GA0RafZdEEYMqWQ?authuser=0&hl=pt-BR&rclk=1,No,,
Casa de Besteiros,,'+351243595474,"Quinta da Variorum Estrada do, Arneiro da Volta, 2080-704 Almeirim, Portugal","4,8",,PT,Arneiro da Volta,39.1399807,-8.5059221,"Hotel de 5 estrelas in Santarém, Portugal",https://www.google.com/maps/place/Casa+de+Besteiros/data=!4m10!3m9!1s0xd18f86756c2f9b9:0x64a90c46105df669!5m2!4m1!1i2!8m2!3d39.1399807!4d-8.5059221!16s%2Fg%2F11bw4zk2bl!19sChIJufnCVmf4GA0RafZdEEYMqWQ?authuser=0&hl=pt-BR&rclk=1,No,,
Casa da Rainha,,'+351969512143,"Tv. da Rainha 6, 2050-343 Azambuja, Portugal","4,1",,PT,Tv. da Rainha 6,39.0684369,-8.8689983,"Hotel de 3 estrelas in Santarém, Portugal",https://www.google.com/maps/place/Casa+da+Rainha/data=!4m10!3m9!1s0xd18dd7b6466f383:0x54e137fa428047be!5m2!4m1!1i2!8m2!3d39.0684369!4d-8.8689983!16s%2Fg%2F11hzzr3n4q!19sChIJg_NmZHvdGA0RvkeAQvo34VQ?authuser=0&hl=pt-BR&rclk=1,No,,
Quinta do Benjamim - Tejo,,'+351960269044,"R. do Ribeirinho 32, 2260-221 Praia do Ribatejo, Portugal","4,8",,PT,R. do Ribeirinho 32,39.4631924,-8.3568904,"Hotel de 4 estrelas in Santarém, Portugal",https://www.google.com/maps/place/Quinta+do+Benjamim+-+Tejo/data=!4m10!3m9!1s0xd1865255d1416e3:0xbe03b9dbd7314be3!5m2!4m1!1i2!8m2!3d39.4631924!4d-8.3568904!16s%2Fg%2F11rrs7_z54!19sChIJ4xYUXSVlGA0R40sx19u5A74?authuser=0&hl=pt-BR&rclk=1,No,,
Country House Santarem,,'+351966202800,"casa do vale, R. Dr. José Garcês Pereira Caldas, 2005-040 Vale de Santarém, Portugal","4,8",,PT,R. Dr. José Garcês Pereira Caldas,39.1921888,-8.7322611,"Hotel Resort in Santarém, Portugal",https://www.google.com/maps/place/Country+House+Santarem/data=!4m10!3m9!1s0xd18ef2485f7d4dd:0x8da9d24ee46f3f38!5m2!4m1!1i2!8m2!3d39.1921888!4d-8.7322611!16s%2Fg%2F11b73jpg0r!19sChIJ3dT3hSTvGA0ROD9v5E7SqY0?authuser=0&hl=pt-BR&rclk=1,No,,
Costa Brava,,'+351262929692,"IC 2, Km 84, Venda da Rega, 2475-042 Benedita, Portugal","4,8",,PT,Venda da Rega,39.4294586,-8.9582357,"Hotel de 3 estrelas in Santarém, Portugal",https://www.google.com/maps/place/Costa+Brava/data=!4m10!3m9!1s0xd18bba80f91fef5:0x95355cecd901f052!5m2!4m1!1i2!8m2!3d39.4294586!4d-8.9582357!16s%2Fg%2F11gdkykcnh!19sChIJ9f6RD6i7GA0RUvAB2excNZU?authuser=0&hl=pt-BR&rclk=1,No,,
Alojamento Moinho Rio Maior,,,"924W+8M, Rio Maior, Portugal","4,7",,PT,924W+8M,39.35579,-8.9533433,"Hospedagem domiciliar in Santarém, Portugal",https://www.google.com/maps/place/Alojamento+Moinho+Rio+Maior/data=!4m10!3m9!1s0xd18b904ed9074b5:0x8cbb1e6f13ce41f3!5m2!4m1!1i2!8m2!3d39.35579!4d-8.9533433!16s%2Fg%2F11sb4y9xmm!19sChIJtXSQ7QS5GA0R80HOE28eu4w?authuser=0&hl=pt-BR&rclk=1,No,,
Sónia Luís Petsitter,,'+351936368174,"R. Silva Nogueira 10, 2005-029 Vale de Santarém, Portugal","5,0",,PT,R. Silva Nogueira 10,39.1928857,-8.7243857,"Hospedagem domiciliar in Santarém, Portugal",https://www.google.com/maps/place/S%C3%B3nia+Lu%C3%ADs+Petsitter/data=!4m7!3m6!1s0xd18eff61ed46af7:0x285f8dadf3cb6847!8m2!3d39.1928857!4d-8.7243857!16s%2Fg%2F11y1xy68np!19sChIJ92rUHvbvGA0RR2jL862NXyg?authuser=0&hl=pt-BR&rclk=1,No,Hotel para animais de estimação,
Casa do Peregrino,,,"R. Principal 47, Achete, Portugal","3,0",1,PT,R. Principal 47,39.3522296,-8.7112794,"Hospedagem domiciliar in Santarém, Portugal",https://www.google.com/maps/place/Casa+do+Peregrino/data=!4m10!3m9!1s0xd189300728d6d91:0x126f495022574213!5m2!4m1!1i2!8m2!3d39.3522296!4d-8.7112794!16s%2Fg%2F11z9q5t3ml!19sChIJkW2NcgCTGA0RE0JXIlBJbxI?authuser=0&hl=pt-BR&rclk=1,No,,
Casa d Alagoa,,,"R. do Anjinho 30, 2005 Santarém, Portugal","5,0",1,PT,R. do Anjinho 30,39.2549755,-8.7045336,"Hospedagem domiciliar in Santarém, Portugal",https://www.google.com/maps/place/Casa+d+Alagoa/data=!4m7!3m6!1s0xd18ed00781a2e11:0x2c62a2fac6dc1b2a!8m2!3d39.2549755!4d-8.7045336!16s%2Fg%2F11zj1q8j6x!19sChIJES4aeADtGA0RKhvcxvqiYiw?authuser=0&hl=pt-BR&rclk=1,No,Hospedagem domiciliar,
Pensão Coimbra - Alojamento Local,,'+351243322816,"R. 31 de Janeiro 42, 2005-188 Santarém, Portugal","3,3",,PT,R. 31 de Janeiro 42,39.2387112,-8.6842792,"Hospedagem domiciliar in Santarém, Portugal",https://www.google.com/maps/place/Pens%C3%A3o+Coimbra+-+Alojamento+Local/data=!4m7!3m6!1s0xd18ef9359d08dc9:0xd8246b3ada35232e!8m2!3d39.2387112!4d-8.6842792!16s%2Fg%2F11rv0j0xnf!19sChIJyY3QWZPvGA0RLiM12jprJNg?authuser=0&hl=pt-BR&rclk=1,No,Hospedagem domiciliar,
Casa do Marecos,,,"R. dos Marecos 24, 2005 Vale de Santarém, Portugal","5,0",1,PT,R. dos Marecos 24,39.1966753,-8.7517448,"Hospedagem domiciliar in Santarém, Portugal",https://www.google.com/maps/place/Casa+do+Marecos/data=!4m7!3m6!1s0xd18e90060ef6793:0x6d0bf23e610c2931!8m2!3d39.1966753!4d-8.7517448!16s%2Fg%2F11vpt_16tf!19sChIJk2fvYADpGA0RMSkMYT7yC20?authuser=0&hl=pt-BR&rclk=1,No,Hospedagem domiciliar,
Casa da Ribeira,,,"R. da Fonte 8, 2025-085 Alcanede, Portugal","4,9",,PT,R. da Fonte 8,39.39078,-8.8077223,"Hospedagem domiciliar in Santarém, Portugal",https://www.google.com/maps/place/Casa+da+Ribeira/data=!4m10!3m9!1s0xd189599441f4aad:0x1538ee1daab1f1f2!5m2!4m1!1i2!8m2!3d39.39078!4d-8.8077223!16s%2Fg%2F11l28j8yf4!19sChIJrUofRJmVGA0R8vGxqh3uOBU?authuser=0&hl=pt-BR&rclk=1,No,,
R. Cmte. José Carvalho 5,,,"R. Cmte. José Carvalho 5, 2005-198 Santarém, Portugal",,,PT,R. Cmte. José Carvalho 5,39.2453321,-8.6889113,"Hospedagem domiciliar in Santarém, Portugal",https://www.google.com/maps/place/R.+Cmte.+Jos%C3%A9+Carvalho+5/data=!4m7!3m6!1s0xd18ed000999574b:0x981830c3a9c0080e!8m2!3d39.2453321!4d-8.6889113!16s%2Fg%2F11z67y4wm_!19sChIJS1eZCQDtGA0RDgjAqcMwGJg?authuser=0&hl=pt-BR&rclk=1,No,Hospedagem domiciliar,
Casal da Maria Júlia,,,"98CC+M4, Achete, Portugal","5,0",,PT,98CC+M4,39.3716796,-8.6796249,"Hospedagem domiciliar in Santarém, Portugal",https://www.google.com/maps/place/Casal+da+Maria+J%C3%BAlia/data=!4m7!3m6!1s0xd189300438b1459:0x3eba7afe7c5829c4!8m2!3d39.3716796!4d-8.6796249!16s%2Fg%2F11w3xyw7gl!19sChIJWRSLQwCTGA0RxClYfP56uj4?authuser=0&hl=pt-BR&rclk=1,No,Hospedagem domiciliar,
Casa avô,,,"R. Abilio Augusto Faria 90, 2080, Portugal",,,PT,R. Abilio Augusto Faria 90,39.1405892,-8.6798226,"Hospedagem domiciliar in Santarém, Portugal",https://www.google.com/maps/place/Casa+av%C3%B4/data=!4m7!3m6!1s0xd18e500617a829b:0x2bcf5ccb4bf69a69!8m2!3d39.1405892!4d-8.6798226!16s%2Fg%2F11z83nx43c!19sChIJm4J6YQDlGA0RaZr2S8tczys?authuser=0&hl=pt-BR&rclk=1,No,Hospedagem domiciliar,
Maria Ferreira,,,"Alvorninha, Portugal",,,PT,Alvorninha,39.388783,-9.0097899,"Hospedagem domiciliar in Santarém, Portugal",https://www.google.com/maps/place/Maria+Ferreira/data=!4m7!3m6!1s0xd18bb005add404d:0xc25b6a4f71e2acd3!8m2!3d39.388783!4d-9.0097899!16s%2Fg%2F11z7jycyzh!19sChIJTUDdWgC7GA0R06zicU9qW8I?authuser=0&hl=pt-BR&rclk=1,No,Hospedagem domiciliar,
General Triple F,,,"R. Dr. Álvaro Joaquim Gonçalves 35, 2080-122 Almeirim, Portugal",,,PT,R. Dr. Álvaro Joaquim Gonçalves 35,39.2039245,-8.6191272,"Hospedagem domiciliar in Santarém, Portugal",https://www.google.com/maps/place/General+Triple+F/data=!4m7!3m6!1s0xd18f1000844bfd9:0x7999a7d1a49a4e2b!8m2!3d39.2039245!4d-8.6191272!16s%2Fg%2F11zkl0bsn8!19sChIJ2b9ECADxGA0RK06apNGnmXk?authuser=0&hl=pt-BR&rclk=1,No,Hospedagem domiciliar,
Laurus Hotel,,,"Largo Mte. Anacleto Marques da Silva, 2530-124 Lourinhã, Portugal","4,1",,PT,Largo Mte. Anacleto Marques da Silva,39.245086,-9.315396,"Hotel de 2 estrelas in Santarém, Portugal",https://www.google.com/maps/place/Laurus+Hotel/data=!4m10!3m9!1s0xd1f36510823c727:0xc17a6c5b6123a601!5m2!4m1!1i2!8m2!3d39.245086!4d-9.315396!16s%2Fg%2F1tdwg5sm!19sChIJJ8cjCFE2Hw0RAaYjYVtsesE?authuser=0&hl=pt-BR&rclk=1,No,,
Quinta Arneiro de Cima,,'+351914816181,"Quinta Arneiro de Cima SN Estrada Nacional 118 ( junto ao Lidl), 2140-098 Chamusca, Portugal","4,3",,PT,Quinta Arneiro de Cima SN Estrada Nacional 118 ( junto ao Lidl),39.3654096,-8.4759256,"Hotel de 2 estrelas in Santarém, Portugal",https://www.google.com/maps/place/Quinta+Arneiro+de+Cima/data=!4m10!3m9!1s0xd186022f7b895e3:0xb7d5e763d43f27f8!5m2!4m1!1i2!8m2!3d39.3654096!4d-8.4759256!16s%2Fg%2F11c6v2zqyb!19sChIJ45W49yJgGA0R-Cc_1GPn1bc?authuser=0&hl=pt-BR&rclk=1,No,,
Albergue Solo Duro,,'+351935640550,"R. José Relvas 84/86, 2150-200 Golegã, Portugal","4,6",,PT,R. José Relvas 84/86,39.405221,-8.4861649,"Albergue in Santarém, Portugal",https://www.google.com/maps/place/Albergue+Solo+Duro/data=!4m10!3m9!1s0xd188a0ac295f3c3:0x54d5a3a24dc83062!5m2!4m1!1i2!8m2!3d39.405221!4d-8.4861649!16s%2Fg%2F11mnbwjylq!19sChIJw_OVwgqKGA0RYjDITaKj1VQ?authuser=0&hl=pt-BR&rclk=1,No,,
Casal das Areias,,'+351932384524,"R. Profa. Júlia Albino Gomes Pimenta, 2070-526 Valada, Portugal","4,5",,PT,R. Profa. Júlia Albino Gomes Pimenta,39.0866862,-8.7544337,"Albergue in Santarém, Portugal",https://www.google.com/maps/place/Casal+das+Areias/data=!4m10!3m9!1s0xd18e6a4f6a102dd:0x22d22ba00a93c229!5m2!4m1!1i2!8m2!3d39.0866862!4d-8.7544337!16s%2Fg%2F11c1s278wr!19sChIJ3QKh9qTmGA0RKcKTCqAr0iI?authuser=0&hl=pt-BR&rclk=1,No,,
Herdade da Raposinha - Raposa/ Almeirim,,'+351934509814,"Estrada Nacional 114 KM 95,8, 2080-701 Almeirim, Portugal","5,0",,PT,8,39.1001996,-8.5763116,"Albergue in Santarém, Portugal",https://www.google.com/maps/place/Herdade+da+Raposinha+-+Raposa%2F+Almeirim/data=!4m10!3m9!1s0xd18fb0071de7dd7:0x208a95b605b00a4a!5m2!4m1!1i2!8m2!3d39.1001996!4d-8.5763116!16s%2Fg%2F11m5jf9fhy!19sChIJ133ecQD7GA0RSgqwBbaViiA?authuser=0&hl=pt-BR&rclk=1,No,,
"Moradia ""Quinta de São Martinho""",,,"Rua de São Martinho 18, 2580-627 Alenquer, Portugal",,,PT,Rua de São Martinho 18,39.0521228,-9.0048124,"Albergue in Santarém, Portugal",https://www.google.com/maps/place/Moradia+%22Quinta+de+S%C3%A3o+Martinho%22/data=!4m10!3m9!1s0xd18d90018589d71:0xeef49540ac5b058!5m2!4m1!1i2!8m2!3d39.0521228!4d-9.0048124!16s%2Fg%2F11w7jdy80c!19sChIJcZ1YGADZGA0RWLDFClRJ7w4?authuser=0&hl=pt-BR&rclk=1,No,,
Flag Hotel Santarém,,,"Auto Estrada A1 Km 84 Área De Serviço Santarém, 2000-701 Pernes, Portugal","3,7",,PT,Auto Estrada A1 Km 84 Área De Serviço Santarém,39.394667,-8.640802,"Hotel de 5 estrelas in Santarém, Portugal",https://www.google.com/maps/place/Flag+Hotel+Santar%C3%A9m/data=!4m10!3m9!1s0xd188deafd7e459d:0x5aa96cfee2ffe117!5m2!4m1!1i2!8m2!3d39.394667!4d-8.640802!16s%2Fg%2F12hnnq8w3!19sChIJnUV-_eqNGA0RF-H_4v5sqVo?authuser=0&hl=pt-BR&rclk=1,No,,
Residência Aeminium,,'+351239829426,"Av. Fernão de Magalhães 17, 3000-175 Coimbra, Portugal","4,3",,PT,Av. Fernão de Magalhães 17,40.2092978,-8.4315108,"Hospedaria in Figueira da Foz, Portugal",https://www.google.com/maps/place/Resid%C3%AAncia+Aeminium/data=!4m10!3m9!1s0xd22f90642ad16ff:0x41bc1b462f2073de!5m2!4m1!1i2!8m2!3d40.2092978!4d-8.4315108!16s%2Fg%2F1ttq3cns!19sChIJ_xatQgb5Ig0R3nMgL0YbvEE?authuser=0&hl=pt-BR&rclk=1,No,,
Quinta do Casal de Santo António,,'+351916617808,"R. das Flores 10, 2580-511 Alenquer, Portugal","4,5",,PT,R. das Flores 10,39.0395883,-8.9649862,"Hotel de 4 estrelas in Santarém, Portugal",https://www.google.com/maps/place/Quinta+do+Casal+de+Santo+Ant%C3%B3nio/data=!4m10!3m9!1s0xd18d9b11d55fcf7:0x179a33951f7e6a30!5m2!4m1!1i2!8m2!3d39.0395883!4d-8.9649862!16s%2Fg%2F11f1gbg1j_!19sChIJ9_xVHbHZGA0RMGp-H5Uzmhc?authuser=0&hl=pt-BR&rclk=1,No,,
Ergosuites,,'+351912244284,"R. Combatentes da Grande Guerra 5, 3080-123 Figueira da Foz, Portugal","3,9",,PT,R. Combatentes da Grande Guerra 5,40.1502649,-8.8564948,"Hotel de 3 estrelas in Figueira da Foz, Portugal",https://www.google.com/maps/place/Ergosuites/data=!4m10!3m9!1s0xd2237ead216906f:0xce3518fd562beacc!5m2!4m1!1i2!8m2!3d40.1502649!4d-8.8564948!16s%2Fg%2F11swm8_l_v!19sChIJb5AW0uo3Ig0RzOorVv0YNc4?authuser=0&hl=pt-BR&rclk=1,No,,
La Casa de Lylou (location de bungalows),,'+33783003645,"Estr. Boavista 2, 3090-454 Lavos, Portugal","5,0",,PT,Estr. Boavista 2,40.0963183,-8.8335012,"Hotel de 3 estrelas in Figueira da Foz, Portugal",https://www.google.com/maps/place/La+Casa+de+Lylou+%28location+de+bungalows%29/data=!4m10!3m9!1s0xd2247864c1404bb:0xf42de61c901f96ae!5m2!4m1!1i2!8m2!3d40.0963183!4d-8.8335012!16s%2Fg%2F11jpvpq64r!19sChIJuwQUTIZHIg0RrpYfkBzmLfQ?authuser=0&hl=pt-BR&rclk=1,No,,
Lusitanus,,'+351249977572,"Largo do Marquês de Pombal, 2150-130 Golegã, Portugal","4,4",,PT,Largo do Marquês de Pombal,39.4016163,-8.4823882,"Hotel de 4 estrelas in Santarém, Portugal",https://www.google.com/maps/place/Lusitanus/data=!4m10!3m9!1s0xd1861df084aad4b:0xc2b9cb1f9f6f56dc!5m2!4m1!1i2!8m2!3d39.4016163!4d-8.4823882!16s%2Fg%2F1tjmfxz5!19sChIJS61KCN9hGA0R3FZvnx_LucI?authuser=0&hl=pt-BR&rclk=1,No,,
Casa do Lagar,,,Portugal,"4,3",,PT,Portugal,39.3846026,-8.8797015,"Hotel de 4 estrelas in Santarém, Portugal",https://www.google.com/maps/place/Casa+do+Lagar/data=!4m10!3m9!1s0xd18bf1acad541d3:0x6945467a28d3fec9!5m2!4m1!1i2!8m2!3d39.3846026!4d-8.8797015!16s%2Fg%2F11hnx7h3q1!19sChIJ00HVyhq_GA0Ryf7TKHpGRWk?authuser=0&hl=pt-BR&rclk=1,No,,
Mae Home Sol-Carril,,'+351911550680,"R. do Marco Branco 19, Carril, 2500-339 Alvorni, Portugal","4,6",,PT,Carril,39.4047035,-9.023307,"Hospedagem domiciliar in Santarém, Portugal",https://www.google.com/maps/place/Mae+Home+Sol-Carril/data=!4m10!3m9!1s0xd18b1302fc1aa23:0x25cff88c4fd9ff18!5m2!4m1!1i2!8m2!3d39.4047035!4d-9.023307!16s%2Fg%2F11t1k2dn9l!19sChIJI6rBLzCxGA0RGP_ZT4z4zyU?authuser=0&hl=pt-BR&rclk=1,No,,
Casa dos Cerdos,,,"R. de Santo António 30, 2500, Portugal","5,0",1,PT,R. de Santo António 30,39.3793383,-8.9880264,"Hospedagem domiciliar in Santarém, Portugal",https://www.google.com/maps/place/Casa+dos+Cerdos/data=!4m7!3m6!1s0xd18b950ba2d4963:0x864da9275cd83ee7!8m2!3d39.3793383!4d-8.9880264!16s%2Fg%2F11t49vscj5!19sChIJY0ktulC5GA0R5z7YXCepTYY?authuser=0&hl=pt-BR&rclk=1,No,Hospedagem domiciliar,
Miguel Teixeira,,,"R. Poço do Visc. 1, 2000-346 Achete, Portugal",,,PT,R. Poço do Visc. 1,39.3388966,-8.7146221,"Hospedagem domiciliar in Santarém, Portugal",https://www.google.com/maps/place/Miguel+Teixeira/data=!4m7!3m6!1s0xd1893b227b4a77b:0xc0b93d23d2598adf!8m2!3d39.3388966!4d-8.7146221!16s%2Fg%2F11kpd1trrs!19sChIJe6e0J7KTGA0R34pZ0iM9ucA?authuser=0&hl=pt-BR&rclk=1,No,Hospedagem domiciliar,
Férias,,,"R. dos Estrelos 15, Marinhais, Portugal",,,PT,R. dos Estrelos 15,39.0491277,-8.6894268,"Hospedagem domiciliar in Santarém, Portugal",https://www.google.com/maps/place/F%C3%A9rias/data=!4m7!3m6!1s0xd18e3002a05071d:0x4a42a04b12a40bab!8m2!3d39.0491277!4d-8.6894268!16s%2Fg%2F11y73sf6b7!19sChIJHQcFKgDjGA0RqwukEkugQko?authuser=0&hl=pt-BR&rclk=1,No,Hospedagem domiciliar,
Casa Tanoeira,,,"Rua dos Tanoeiros 47, S. Clemente, Portugal",,,PT,Rua dos Tanoeiros 47,39.3897729,-9.0112985,"Hospedagem domiciliar in Santarém, Portugal",https://www.google.com/maps/place/Casa+Tanoeira/data=!4m7!3m6!1s0xd18bb007592129d:0x89d0a8f2188e3fa7!8m2!3d39.3897729!4d-9.0112985!16s%2Fg%2F11zgz97j0z!19sChIJnRKSdQC7GA0Rpz-OGPKo0Ik?authuser=0&hl=pt-BR&rclk=1,No,Hospedagem domiciliar,
Shaktiman house,,,"R. Vicente Paulo Cordeiro 7, 2000 Póvoa de Santarém, Portugal",,,PT,R. Vicente Paulo Cordeiro 7,39.3029634,-8.6823493,"Hospedagem domiciliar in Santarém, Portugal",https://www.google.com/maps/place/Shaktiman+house/data=!4m7!3m6!1s0xd18ed00191bb611:0x4db090fed4dcc503!8m2!3d39.3029634!4d-8.6823493!16s%2Fg%2F11xgs706bz!19sChIJEbYbGQDtGA0RA8Xc1P6QsE0?authuser=0&hl=pt-BR&rclk=1,No,Hospedagem domiciliar,
Casa Loua,,,"R. José Duarte Luzia 10, 2000 São Vicente do Paul, Portugal",,,PT,R. José Duarte Luzia 10,39.3503733,-8.6224276,"Hospedagem domiciliar in Santarém, Portugal",https://www.google.com/maps/place/Casa+Loua/data=!4m7!3m6!1s0xd188d004b6d4e49:0x67f1d7bae422961c!8m2!3d39.3503733!4d-8.6224276!16s%2Fg%2F11ln1s382y!19sChIJSU5tSwCNGA0RHJYi5LrX8Wc?authuser=0&hl=pt-BR&rclk=1,No,Hospedagem domiciliar,
Casa CTX,,,"R. Luís de Camões 14, 2070-049 Cartaxo, Portugal",,,PT,R. Luís de Camões 14,39.1597019,-8.7890436,"Hospedagem domiciliar in Santarém, Portugal",https://www.google.com/maps/place/Casa+CTX/data=!4m7!3m6!1s0xd18e9c13c8253f5:0x534be87a3bfde260!8m2!3d39.1597019!4d-8.7890436!16s%2Fg%2F11tfkgp0ng!19sChIJ9VOCPMHpGA0RYOL9O3roS1M?authuser=0&hl=pt-BR&rclk=1,No,Hospedagem domiciliar,
L'Arche de Jo,,'+351922299251,"R. Dr. José Inácio de Castelo Branco 1, 3090-803 Santana, Portugal","4,8",,PT,R. Dr. José Inácio de Castelo Branco 1,40.2152344,-8.7331128,"Hotel in Figueira da Foz, Portugal",https://www.google.com/maps/place/L%27Arche+de+Jo/data=!4m10!3m9!1s0xd224f58b813de75:0x159a865ed43722ef!5m2!4m1!1i2!8m2!3d40.2152344!4d-8.7331128!16s%2Fg%2F11v_3s91q6!19sChIJdd4TuFhPIg0R7yI31F6GmhU?authuser=0&hl=pt-BR&rclk=1,No,,
Casa douglas,,,"R. Dr. Manuel Gomes da Silva 31, 2070-096 Cartaxo, Portugal",,,PT,R. Dr. Manuel Gomes da Silva 31,39.1590024,-8.7916508,"Hospedagem domiciliar in Santarém, Portugal",https://www.google.com/maps/place/Casa+douglas/data=!4m7!3m6!1s0xd18e900139c3f61:0x62c9c7c4f5049b1a!8m2!3d39.1590024!4d-8.7916508!16s%2Fg%2F11wtvycqjk!19sChIJYT-cEwDpGA0RGpsE9cTHyWI?authuser=0&hl=pt-BR&rclk=1,No,Hospedagem domiciliar,
Bc vale de gatos,,,"Beco de Vale Gatos, Vale da Pinta, Portugal",,,PT,Beco de Vale Gatos,39.1715124,-8.8141149,"Hospedagem domiciliar in Santarém, Portugal",https://www.google.com/maps/place/Bc+vale+de+gatos/data=!4m7!3m6!1s0xd18e90026d26ae9:0x5608100decf5d13f!8m2!3d39.1715124!4d-8.8141149!16s%2Fg%2F11wc7tc5z2!19sChIJ6WrSJgDpGA0RP9H17A0QCFY?authuser=0&hl=pt-BR&rclk=1,No,Hospedagem domiciliar,
Quinta Casa do Planalto,,,"R. Perna de Cabra, Santarém, Portugal",,,PT,R. Perna de Cabra,39.2126528,-8.7037438,"Hospedagem domiciliar in Santarém, Portugal",https://www.google.com/maps/place/Quinta+Casa+do+Planalto/data=!4m7!3m6!1s0xd18ef003b7c034d:0xe0c03eb07fa3b5dc!8m2!3d39.2126528!4d-8.7037438!16s%2Fg%2F11w7hld4k9!19sChIJTQN8OwDvGA0R3LWjf7A-wOA?authuser=0&hl=pt-BR&rclk=1,No,Hospedagem domiciliar,
El Camino Lodge,,'+351963053437,"R. Bernardino Marques 1, 3105-324 Redinha, Portugal","4,7",,PT,R. Bernardino Marques 1,40.0039268,-8.583799,"Hotel in Figueira da Foz, Portugal",https://www.google.com/maps/place/El+Camino+Lodge/data=!4m10!3m9!1s0xd225d73269a2bd9:0x418dd243329817b!5m2!4m1!1i2!8m2!3d40.0039268!4d-8.583799!16s%2Fg%2F11y5ghpm6_!19sChIJ2SuaJnNdIg0Re4EpMyTdGAQ?authuser=0&hl=pt-BR&rclk=1,No,,
Quinta Alto do Moinho,,,"R. António Vital, Pontével, Portugal",,,PT,R. António Vital,39.1532357,-8.8282147,"Hospedagem domiciliar in Santarém, Portugal",https://www.google.com/maps/place/Quinta+Alto+do+Moinho/data=!4m7!3m6!1s0xd18e9ccc334ed27:0x12861284071a00e2!8m2!3d39.1532357!4d-8.8282147!16s%2Fg%2F11pzp1w8vn!19sChIJJ-00w8zpGA0R4gAaB4QShhI?authuser=0&hl=pt-BR&rclk=1,No,Hospedagem domiciliar,
Quinta Valdemar,,,"R. Valdemar S/N, Amiais de Baixo, Portugal",,,PT,R. Valdemar S/N,39.433112,-8.740203,"Hospedagem domiciliar in Santarém, Portugal",https://www.google.com/maps/place/Quinta+Valdemar/data=!4m7!3m6!1s0xd189142226aad9d:0x2863f8e4878c75c5!8m2!3d39.433112!4d-8.740203!16s%2Fg%2F11s1q5gh46!19sChIJna1qIkKRGA0RxXWMh-T4Yyg?authuser=0&hl=pt-BR&rclk=1,No,Hospedagem domiciliar,
Quinta de Almostaria,,,"Estrada Nacional 114-2, Porta nº S/N, 2005-104, Portugal",,,PT,Porta nº S/N,39.2576702,-8.802731,"Hospedagem domiciliar in Santarém, Portugal",https://www.google.com/maps/place/Quinta+de+Almostaria/data=!4m7!3m6!1s0xd18eb2fde95d2a9:0x61015f7aa9f07bba!8m2!3d39.2576702!4d-8.802731!16s%2Fg%2F11s5q864bj!19sChIJqdKV3i_rGA0RunvwqXpfAWE?authuser=0&hl=pt-BR&rclk=1,No,Hospedagem domiciliar,
Casa da terra,,,"Largo do Filipe 10, 2350 Parceiros de Igreja, Portugal",,,PT,Largo do Filipe 10,39.4515718,-8.6124795,"Hospedagem domiciliar in Santarém, Portugal",https://www.google.com/maps/place/Casa+da+terra/data=!4m7!3m6!1s0xd188f35fb82cef3:0x88250c7ec0591d0b!8m2!3d39.4515718!4d-8.6124795!16s%2Fg%2F11vbf20m88!19sChIJ886C-zWPGA0RCx1ZwH4MJYg?authuser=0&hl=pt-BR&rclk=1,No,Hospedagem domiciliar,
Vivenda das Palmeiras,,,"CWMM+JG, Salir de Matos, Portugal","5,0",,PT,CWMM+JG,39.4340885,-9.0661785,"Hospedagem domiciliar in Santarém, Portugal",https://www.google.com/maps/place/Vivenda+das+Palmeiras/data=!4m7!3m6!1s0xd18b17b66b6a807:0x6bd79176d52d972e!8m2!3d39.4340885!4d-9.0661785!16s%2Fg%2F11tsxtp1f8!19sChIJB6i2ZnuxGA0RLpct1XaR12s?authuser=0&hl=pt-BR&rclk=1,No,Hospedagem domiciliar,
Lar de Idosos,,'+351243650537,"2P35+G4, Couço, Portugal","4,7",,PT,2P35+G4,39.0037877,-8.2922242,"Hospedagem domiciliar in Santarém, Portugal",https://www.google.com/maps/place/Lar+de+Idosos/data=!4m7!3m6!1s0xd19b38089e2f6b1:0x9a7240ba6bdf48bf!8m2!3d39.0037877!4d-8.2922242!16s%2Fg%2F11sdkrm4t4!19sChIJsfbiiYCzGQ0Rv0jfa7pAcpo?authuser=0&hl=pt-BR&rclk=1,No,Hospedagem domiciliar,
Malkeet Jaat,,,"R. José Afonso 3, 2330-074 Entroncamento, Portugal",,,PT,R. José Afonso 3,39.4690699,-8.4787613,"Hospedagem domiciliar in Santarém, Portugal",https://www.google.com/maps/place/Malkeet+Jaat/data=!4m7!3m6!1s0xd18630044d1564d:0xe8a2377c0474c0d3!8m2!3d39.4690699!4d-8.4787613!16s%2Fg%2F11vwfbrhgw!19sChIJTVbRRABjGA0R08B0BHw3oug?authuser=0&hl=pt-BR&rclk=1,No,Hospedagem domiciliar,
Lisboa,,,"São Miguel do Rio Torto, Portugal","3,0",,PT,São Miguel do Rio Torto,39.399872,-8.224454,"Hospedagem domiciliar in Santarém, Portugal",https://www.google.com/maps/place/Lisboa/data=!4m10!3m9!1s0xd1869dbe9da3fdd:0xc3d1bc7c394ccb00!5m2!4m1!1i2!8m2!3d39.399872!4d-8.224454!16s%2Fg%2F11t_yhm9dq!19sChIJ3T_a6dtpGA0RAMtMOXy80cM?authuser=0&hl=pt-BR&rclk=1,No,,
Eurostars Oasis Plaza,,,"Av. Brasil, 3080-323 Figueira da Foz, Portugal","4,4",,PT,Av. Brasil,40.155992,-8.867356,"Hotel de 5 estrelas in Figueira da Foz, Portugal",https://www.google.com/maps/place/Eurostars+Oasis+Plaza/data=!4m10!3m9!1s0xd2237bcede40351:0xb45a8a3e636da2ef!5m2!4m1!1i2!8m2!3d40.155992!4d-8.867356!16s%2Fg%2F11bbwmx51b!19sChIJUQPk7bw3Ig0R76JtYz6KWrQ?authuser=0&hl=pt-BR&rclk=1,No,,
A Casinha - Rooms (and much more for free),,'+351924466418,"Travessa da Igreja 60, Carreira do Mato, 2200-601 Aldeia do Mato, Portugal","5,0",1,PT,Carreira do Mato,39.5542904,-8.254169,"Hospedagem domiciliar in Santarém, Portugal",https://www.google.com/maps/place/A+Casinha+-+Rooms+%28and+much+more+for+free%29/data=!4m10!3m9!1s0xd1871543d1743f7:0xe7dde703944b8051!5m2!4m1!1i2!8m2!3d39.5542904!4d-8.254169!16s%2Fg%2F11v6xs7p1t!19sChIJ90MXPVRxGA0RUYBLlAPn3ec?authuser=0&hl=pt-BR&rclk=1,No,,
Quinta da Torre - Casas de Campo,,'+351964007406,"Vale das Pedras, 2580-251 Ota, Portugal","4,5",,PT,Vale das Pedras,39.1054148,-8.9602352,"Hotel de 2 estrelas in Santarém, Portugal",https://www.google.com/maps/place/Quinta+da+Torre+-+Casas+de+Campo/data=!4m10!3m9!1s0xd18db0431e4f2f9:0xe0df20a89ed9b556!5m2!4m1!1i2!8m2!3d39.1054148!4d-8.9602352!16s%2Fg%2F11dyr957s7!19sChIJ-fLkMQTbGA0RVrXZnqgg3-A?authuser=0&hl=pt-BR&rclk=1,No,,
Palace Hotel & Spa - Termas do Bicanho,,,"Termas do Bicanho, 3130-112, Portugal","3,7",,PT,Termas do Bicanho,40.085404,-8.739964,"Hotel de 4 estrelas in Figueira da Foz, Portugal",https://www.google.com/maps/place/Palace+Hotel+%26+Spa+-+Termas+do+Bicanho/data=!4m10!3m9!1s0xd22442382ea0067:0xc6628ee972128fb9!5m2!4m1!1i2!8m2!3d40.085404!4d-8.739964!16s%2Fg%2F11clysxlz_!19sChIJZwDqgiNEIg0RuY8ScumOYsY?authuser=0&hl=pt-BR&rclk=1,No,,
Casa Águas Mansas,,'+351926386810,"R. Principal 12, 3060-105 Nogueiras, Portugal","4,9",,PT,R. Principal 12,40.3502722,-8.6819134,"Hotel de 4 estrelas in Figueira da Foz, Portugal",https://www.google.com/maps/place/Casa+%C3%81guas+Mansas/data=!4m10!3m9!1s0xd2252b5b2aab415:0xc2e28a858a48086a!5m2!4m1!1i2!8m2!3d40.3502722!4d-8.6819134!16s%2Fg%2F11f4r2gf0l!19sChIJFbSqsrVSIg0RaghIioWK4sI?authuser=0&hl=pt-BR&rclk=1,No,,
Quinta Forum,,,"R. Manuel Rodrigues Maia 479, 3060-857 Tocha, Portugal","4,8",,PT,R. Manuel Rodrigues Maia 479,40.3184879,-8.7478371,"Hotel de 4 estrelas in Figueira da Foz, Portugal",https://www.google.com/maps/place/Quinta+Forum/data=!4m10!3m9!1s0xd23b3a8b0274169:0xc09f78c28798075c!5m2!4m1!1i2!8m2!3d40.3184879!4d-8.7478371!16s%2Fg%2F11vdh8kl9h!19sChIJaUEnsKizIw0RXAeYh8J4n8A?authuser=0&hl=pt-BR&rclk=1,No,,
Residencial Terrabela - Dormidas Pombal,,'+351236244660,"R. Primeiro de Maio 16, 3100-462 Pombal, Portugal","3,3",,PT,R. Primeiro de Maio 16,39.9163396,-8.6254156,"Hospedaria in Figueira da Foz, Portugal",https://www.google.com/maps/place/Residencial+Terrabela+-+Dormidas+Pombal/data=!4m10!3m9!1s0xd22666534b7bead:0x2794c13536b9a548!5m2!4m1!1i2!8m2!3d39.9163396!4d-8.6254156!16s%2Fg%2F1v1kr3tg!19sChIJrb63NGVmIg0RSKW5NjXBlCc?authuser=0&hl=pt-BR&rclk=1,No,,
Alojamento local santo antonio,,,"R. Conselheiro Ferreira Freire, 3140-563, Portugal","5,0",1,PT,R. Conselheiro Ferreira Freire,40.2199186,-8.5746136,"Hospedagem domiciliar in Figueira da Foz, Portugal",https://www.google.com/maps/place/Alojamento+local+santo+antonio/data=!4m10!3m9!1s0xd2251004190d617:0x8f44ad1b530f1e08!5m2!4m1!1i2!8m2!3d40.2199186!4d-8.5746136!16s%2Fg%2F11z6syn9v0!19sChIJF9aQQQBRIg0RCB4PUxutRI8?authuser=0&hl=pt-BR&rclk=1,No,,
Casa na Areia,,,"R. Cabeço da Caloira 7, 3090-458 Figueira da Foz, Portugal","5,0",,PT,R. Cabeço da Caloira 7,40.0925904,-8.8750357,"Hospedagem domiciliar in Figueira da Foz, Portugal",https://www.google.com/maps/place/Casa+na+Areia/data=!4m10!3m9!1s0xd2239aadc6f4c61:0x74becf953aa00e6b!5m2!4m1!1i2!8m2!3d40.0925904!4d-8.8750357!16s%2Fg%2F11kpj1s7t0!19sChIJYUxv3Ko5Ig0Raw6gOpXPvnQ?authuser=0&hl=pt-BR&rclk=1,No,,
Apartamento Figueira da Foz,,,"R. Carlos Sombrio A11, 3080-318 Buarcos, Portugal","5,0",,PT,R. Carlos Sombrio A11,40.1614182,-8.8669273,"Hospedagem domiciliar in Figueira da Foz, Portugal",https://www.google.com/maps/place/Apartamento+Figueira+da+Foz/data=!4m7!3m6!1s0xd2237271cf315d3:0x1cfe0c50639ba0f4!8m2!3d40.1614182!4d-8.8669273!16s%2Fg%2F11kk07jb71!19sChIJ0xXzHCc3Ig0R9KCbY1AM_hw?authuser=0&hl=pt-BR&rclk=1,No,Hospedagem domiciliar,
A Casinha,,,"R. das Pedreiras 9, 3080 Brenha, Portugal",,,PT,R. das Pedreiras 9,40.191768,-8.8362365,"Hospedagem domiciliar in Figueira da Foz, Portugal",https://www.google.com/maps/place/A+Casinha/data=!4m7!3m6!1s0xd2249e4dc18599f:0x3145f89c0bda1946!8m2!3d40.191768!4d-8.8362365!16s%2Fg%2F11v6xrqbj3!19sChIJn1kY3ORJIg0RRhnaC5z4RTE?authuser=0&hl=pt-BR&rclk=1,No,Hospedagem domiciliar,
Casa Figueira,,,"R. Redondos 2, 3080-290 Figueira da Foz, Portugal",,,PT,R. Redondos 2,40.1661478,-8.8765076,"Hospedagem domiciliar in Figueira da Foz, Portugal",https://www.google.com/maps/place/Casa+Figueira/data=!4m7!3m6!1s0xd2237007b2fb135:0x28d49e905c0c54ac!8m2!3d40.1661478!4d-8.8765076!16s%2Fg%2F11w2g3m1_z!19sChIJNbEvewA3Ig0RrFQMXJCe1Cg?authuser=0&hl=pt-BR&rclk=1,No,Hospedagem domiciliar,
Apart tia Natalia,,,"3080-230 Buarcos, Portugal",,,PT,,40.1682124,-8.8816732,"Hospedagem domiciliar in Figueira da Foz, Portugal",https://www.google.com/maps/place/Apart+tia+Natalia/data=!4m7!3m6!1s0xd2237a7bae54c8f:0x840e7835671a5875!8m2!3d40.1682124!4d-8.8816732!16s%2Fg%2F11t_kx6z7p!19sChIJj0zluqc3Ig0RdVgaZzV4DoQ?authuser=0&hl=pt-BR&rclk=1,No,Hospedagem domiciliar,
Casa Somni,,,"R. José da Costa Coelho A, 3080-302 Buarcos, Portugal",,,PT,R. José da Costa Coelho A,40.1681891,-8.8751149,"Hospedagem domiciliar in Figueira da Foz, Portugal",https://www.google.com/maps/place/Casa+Somni/data=!4m7!3m6!1s0xd2237001c1cdb63:0x7ef4d887f6950a65!8m2!3d40.1681891!4d-8.8751149!16s%2Fg%2F11yf8991_4!19sChIJY9scHAA3Ig0RZQqV9ofY9H4?authuser=0&hl=pt-BR&rclk=1,No,Hospedagem domiciliar,
praceta comendador augusto da silva 41,,,"praceta comendador augusto da silva 41, 3080-230 Buarcos, Portugal",,,PT,praceta comendador augusto da silva 41,40.1682124,-8.8816732,"Hospedagem domiciliar in Figueira da Foz, Portugal",https://www.google.com/maps/place/praceta+comendador+augusto+da+silva+41/data=!4m7!3m6!1s0xd22371578a1a12b:0x7fa8b322b4a371e3!8m2!3d40.1682124!4d-8.8816732!16s%2Fg%2F11kpdztkn2!19sChIJK6GheBU3Ig0R43GjtCKzqH8?authuser=0&hl=pt-BR&rclk=1,No,Hospedagem domiciliar,
Colina do Elétrico,,'+351925701029,"Rua do Alentejo n 22, 3080-378 Figueira da Foz, Portugal","4,1",,PT,Rua do Alentejo n 22,40.1814277,-8.9010983,"Hotel de 3 estrelas in Figueira da Foz, Portugal",https://www.google.com/maps/place/Colina+do+El%C3%A9trico/data=!4m10!3m9!1s0xd2236e86a9f244d:0x448782edb3e4047f!5m2!4m1!1i2!8m2!3d40.1814277!4d-8.9010983!16s%2Fg%2F11b73knwzp!19sChIJTSSfaug2Ig0RfwTks-2Ch0Q?authuser=0&hl=pt-BR&rclk=1,No,,
Plaza Real by Atlantic Hotels,,,"Sitio dos Castelos, Rotunda do Vau, Portimão, Portugal","3,9",,PT,Rotunda do Vau,37.124544,-8.546193,"Hospedaria in Portimão, Portugal",https://www.google.com/maps/place/Plaza+Real+by+Atlantic+Hotels/data=!4m10!3m9!1s0xd1b28e6f25e296d:0x10f7ad3fedb1bb39!5m2!4m1!1i2!8m2!3d37.124544!4d-8.546193!16s%2Fg%2F11b7w2705h!19sChIJbSle8uYoGw0RObux7T-t9xA?authuser=0&hl=pt-BR&rclk=1,No,,
Casa da ladeira branca Guest House,,,"Lagos, Portugal","4,4",,PT,Lagos,37.10348,-8.69931,"Hospedaria in Portimão, Portugal",https://www.google.com/maps/place/Casa+da+ladeira+branca+Guest+House/data=!4m10!3m9!1s0xd1b31ab7777c787:0xd1a2e17d4e27f1ca!5m2!4m1!1i2!8m2!3d37.10348!4d-8.69931!16s%2Fg%2F11fn4n9ky9!19sChIJh8d3d6sxGw0RyvEnTn3hotE?authuser=0&hl=pt-BR&rclk=1,No,,
Quinta Das Tamengas,,,"Rua da Areeira - Quinta das Tamengas, 3140-565 Tentúgal, Portugal","4,6",,PT,Rua da Areeira - Quinta das Tamengas,40.2263152,-8.5933246,"Hotel de 3 estrelas in Figueira da Foz, Portugal",https://www.google.com/maps/place/Quinta+Das+Tamengas/data=!4m10!3m9!1s0xd22515d776b8cab:0x471ae6c40ff33296!5m2!4m1!1i2!8m2!3d40.2263152!4d-8.5933246!16s%2Fg%2F11b73kx6lt!19sChIJq4xrd11RIg0RljLzD8TmGkc?authuser=0&hl=pt-BR&rclk=1,No,,
Casa da Avó Arminda,,'+351912065220,"R. Principal,527 Fervença, 3060-805 Cantanhede, Portugal","4,9",,PT,527 Fervença,40.3608533,-8.7126342,"Hotel de 3 estrelas in Figueira da Foz, Portugal",https://www.google.com/maps/place/Casa+da+Av%C3%B3+Arminda/data=!4m10!3m9!1s0xd23b3713295431d:0x2b9f15ac7c186443!5m2!4m1!1i2!8m2!3d40.3608533!4d-8.7126342!16s%2Fg%2F11jx4mf41f!19sChIJHUOVMnGzIw0RQ2QYfKwVnys?authuser=0&hl=pt-BR&rclk=1,No,,
Casa da Ti Lucinda - Casa de campo familiar,,'+351936461056,Portugal,"3,9",,PT,Portugal,40.025798,-8.591051,"Hotel de 3 estrelas in Figueira da Foz, Portugal",https://www.google.com/maps/place/Casa+da+Ti+Lucinda+-+Casa+de+campo+familiar/data=!4m10!3m9!1s0xd225dc97e6c6585:0x63bb724f94497ece!5m2!4m1!1i2!8m2!3d40.025798!4d-8.591051!16s%2Fg%2F1tcygr7t!19sChIJhWVsfsldIg0Rzn5JlE9yu2M?authuser=0&hl=pt-BR&rclk=1,No,,
Vila Paraíso,,,"Albufeira, Portugal","4,4",,PT,Albufeira,37.0852645,-8.3017558,"Hospedaria in Portimão, Portugal",https://www.google.com/maps/place/Vila+Para%C3%ADso/data=!4m10!3m9!1s0xd1acdfbbe79f119:0xf603e46fb3e00a7d!5m2!4m1!1i2!8m2!3d37.0852645!4d-8.3017558!16s%2Fg%2F11fy2q57ck!19sChIJGfF5vvvNGg0RfQrgs2_kA_Y?authuser=0&hl=pt-BR&rclk=1,No,,
Vilas Guerreiro,,'+351931803559,"Estrada do Toy 70 137A, Olhos de Água, Portugal","4,6",,PT,Estrada do Toy 70 137A,37.1015824,-8.183839,"Hospedaria in Portimão, Portugal",https://www.google.com/maps/place/Vilas+Guerreiro/data=!4m7!3m6!1s0xd1ac97dc2f2a075:0x746b330d0e8f9f89!8m2!3d37.1015824!4d-8.183839!16s%2Fg%2F11g9q8w830!19sChIJdaDywn3JGg0RiZ-PDg0za3Q?authuser=0&hl=pt-BR&rclk=1,No,Hospedaria,
Residencial Belo Horizonte,,'+351282697605,"Almadena, 8600-102 Luz, Portugal","4,4",,PT,Almadena,37.0978391,-8.7604129,"Hospedaria in Portimão, Portugal",https://www.google.com/maps/place/Residencial+Belo+Horizonte/data=!4m10!3m9!1s0xd1b313ec75cf3cb:0x993a7cd8756b0c90!5m2!4m1!1i2!8m2!3d37.0978391!4d-8.7604129!16s%2Fg%2F1v2jf554!19sChIJy_Ncxz4xGw0RkAxrddh8Opk?authuser=0&hl=pt-BR&rclk=1,No,,
Casa dos Batalim,,'+351962666934,"R. do Porto Fundo 34, 8550-455 Monchique, Portugal","4,2",,PT,R. do Porto Fundo 34,37.318515,-8.5566873,"Hotel de 3 estrelas in Portimão, Portugal",https://www.google.com/maps/place/Casa+dos+Batalim/data=!4m10!3m9!1s0xd1b21e5f6662cd9:0xaded060022c2670f!5m2!4m1!1i2!8m2!3d37.318515!4d-8.5566873!16s%2Fg%2F11f3wmdt3j!19sChIJ2Sxm9uUhGw0RD2fCIgAG7a0?authuser=0&hl=pt-BR&rclk=1,No,,
Buarcos Luxury Guest House,,'+351964456178,"Coimbra Region PT, R. Envolvente do Monte Alto 27, 3080-214 Buarcos, Portugal","4,3",,PT,R. Envolvente do Monte Alto 27,40.1752609,-8.8749183,"Hotel de 5 estrelas in Figueira da Foz, Portugal",https://www.google.com/maps/place/Buarcos+Luxury+Guest+House/data=!4m10!3m9!1s0xd223654787ab3db:0xf6b4842ecc0ca885!5m2!4m1!1i2!8m2!3d40.1752609!4d-8.8749183!16s%2Fg%2F11rb45n0wg!19sChIJ27N6eFQ2Ig0RhagMzC6EtPY?authuser=0&hl=pt-BR&rclk=1,No,,
Wyndham Residences Alvor Beach,,,"Praia de Alvor, R. do Barinel, 8500-053 Portimão, Portugal","4,5",,PT,R. do Barinel,37.124441,-8.589476,"Hotel in Portimão, Portugal",https://www.google.com/maps/place/Wyndham+Residences+Alvor+Beach/data=!4m10!3m9!1s0xd1b2f234c51d457:0xdb3166d6738066ff!5m2!4m1!1i2!8m2!3d37.124441!4d-8.589476!16s%2Fg%2F11kjpm5vc0!19sChIJV9RRTCMvGw0R_2aAc9ZmMds?authuser=0&hl=pt-BR&rclk=1,No,,
Penina Hotel & Golf Resort,,,"N125, 8501-952 Portimão, Portugal","4,3",,PT,N125,37.161549,-8.580354,"Hotel de 5 estrelas in Portimão, Portugal",https://www.google.com/maps/place/Penina+Hotel+%26+Golf+Resort/data=!4m10!3m9!1s0xd1b25f99e005881:0x98c7c065bb58d1e1!5m2!4m1!1i2!8m2!3d37.161549!4d-8.580354!16s%2Fm%2F05pb03n!19sChIJgVgAnvklGw0R4dFYu2XAx5g?authuser=0&hl=pt-BR&rclk=1,No,,
Hotel Salgados Palace,,,"Herdade dos Salgados, 8200-424 Guia, Portugal","4,5",,PT,Herdade dos Salgados,37.0933014,-8.320944,"Hotel de 5 estrelas in Portimão, Portugal",https://www.google.com/maps/place/Hotel+Salgados+Palace/data=!4m10!3m9!1s0xd1ad1f7110471e7:0x3741cf8f60a38a81!5m2!4m1!1i2!8m2!3d37.0933014!4d-8.320944!16s%2Fg%2F1tff8wns!19sChIJ53EEEffRGg0RgYqjYI_PQTc?authuser=0&hl=pt-BR&rclk=1,No,,
Apartamento tia natalia,,,"R. Carlos Sombrio A11, 3080-318 Buarcos, Portugal",,,PT,R. Carlos Sombrio A11,40.1613525,-8.8669728,"Hospedagem domiciliar in Figueira da Foz, Portugal",https://www.google.com/maps/place/Apartamento+tia+natalia/data=!4m7!3m6!1s0xd22377a8cd33bcf:0x1db58ac6dae5cc9a!8m2!3d40.1613525!4d-8.8669728!16s%2Fg%2F11st9374m6!19sChIJzzvTjHo3Ig0Rmszl2saKtR0?authuser=0&hl=pt-BR&rclk=1,No,Hospedagem domiciliar,
Rua José Afonso 11,,,"R. José Afonso n 11, 3100-341 Pombal, Portugal","4,0",1,PT,R. José Afonso n 11,39.9247251,-8.6214415,"Hospedagem domiciliar in Figueira da Foz, Portugal",https://www.google.com/maps/place/Rua+Jos%C3%A9+Afonso+11/data=!4m7!3m6!1s0xd22670054196189:0x790f8e4285047585!8m2!3d39.9247251!4d-8.6214415!16s%2Fg%2F11z50ft1sr!19sChIJiWEZVABnIg0RhXUEhUKOD3k?authuser=0&hl=pt-BR&rclk=1,No,Hospedagem domiciliar,
Casa. Rios frios,,,"R. Esqueiro 16, Rios Frios, 3025-620, Portugal",,,PT,Rios Frios,40.2765803,-8.4764588,"Hospedagem domiciliar in Figueira da Foz, Portugal",https://www.google.com/maps/place/Casa.+Rios+frios/data=!4m7!3m6!1s0xd22ff005a290a03:0x206a470bdd5f4ded!8m2!3d40.2765803!4d-8.4764588!16s%2Fg%2F11z94zb7zh!19sChIJAwopWgD_Ig0R7U1f3QtHaiA?authuser=0&hl=pt-BR&rclk=1,No,Hospedagem domiciliar,
Governos,,,"R. José Afonso 11, 3100 Pombal, Portugal",,,PT,R. José Afonso 11,39.9162755,-8.6281031,"Hospedagem domiciliar in Figueira da Foz, Portugal",https://www.google.com/maps/place/Governos/data=!4m7!3m6!1s0xd2267001b779711:0x358af7a5a8504e06!8m2!3d39.9162755!4d-8.6281031!16s%2Fg%2F11nc6z6168!19sChIJEZd3GwBnIg0RBk5QqKX3ijU?authuser=0&hl=pt-BR&rclk=1,No,Hospedagem domiciliar,
Depto new,,,"3020-205 Coimbra, Portugal",,,PT,,40.2345372,-8.4285587,"Hospedagem domiciliar in Figueira da Foz, Portugal",https://www.google.com/maps/place/Depto+new/data=!4m7!3m6!1s0xd22f9b8d7c60d8f:0x687c3f331f6fe681!8m2!3d40.2345372!4d-8.4285587!16s%2Fg%2F11tsjxn7xs!19sChIJjw3G17j5Ig0RgeZvHzM_fGg?authuser=0&hl=pt-BR&rclk=1,No,Hospedagem domiciliar,
Vale House,,,"R. Sao Joao 16, 3100 Pombal, Portugal",,,PT,R. Sao Joao 16,39.8990908,-8.6412486,"Hospedagem domiciliar in Figueira da Foz, Portugal",https://www.google.com/maps/place/Vale+House/data=!4m7!3m6!1s0xd2265923515f8df:0xa7a75f5e5fb95f97!8m2!3d39.8990908!4d-8.6412486!16s%2Fg%2F11t__wx1tx!19sChIJ3_gVNZJlIg0Rl1-5X15fp6c?authuser=0&hl=pt-BR&rclk=1,No,Hospedagem domiciliar,
Hotel Aviz,,,"R. Dr. António Lopes Guimarães 16, 3080-169 Figueira da Foz, Portugal","4,4",,PT,R. Dr. António Lopes Guimarães 16,40.152082,-8.865088,"Hotel de 2 estrelas in Figueira da Foz, Portugal",https://www.google.com/maps/place/Hotel+Aviz/data=!4m10!3m9!1s0xd22379618371625:0xc675093e6fcc18ad!5m2!4m1!1i2!8m2!3d40.152082!4d-8.865088!16s%2Fg%2F1tdmrb2n!19sChIJJRY3GJY3Ig0RrRjMbz4JdcY?authuser=0&hl=pt-BR&rclk=1,No,,
NN Guest House,,'+351913079746,"R. Dr. José Jardim 35, 3080-066 Figueira da Foz, Portugal","3,1",,PT,R. Dr. José Jardim 35,40.1495951,-8.8570218,"Hotel de 2 estrelas in Figueira da Foz, Portugal",https://www.google.com/maps/place/NN+Guest+House/data=!4m10!3m9!1s0xd2237eb3e3494df:0x8feb0ac038cf09a6!5m2!4m1!1i2!8m2!3d40.1495951!4d-8.8570218!16s%2Fg%2F11fy5656zb!19sChIJ35Q0Pus3Ig0RpgnPOMAK648?authuser=0&hl=pt-BR&rclk=1,No,,
QH Praia de Quiaios,,,"Aldeamento Turístico Torricentro - Praia De Quiaios Palheiros de, 3080-515 Quiaios, Portugal","4,2",,PT,Aldeamento Turístico Torricentro - Praia De Quiaios Palheiros de,40.219963,-8.889642,"Albergue in Figueira da Foz, Portugal",https://www.google.com/maps/place/QH+Praia+de+Quiaios/data=!4m10!3m9!1s0xd22342fbb4f4267:0xc412f15afb0d5c2!5m2!4m1!1i2!8m2!3d40.219963!4d-8.889642!16s%2Fg%2F12xq1qxd3!19sChIJZ0JPuy80Ig0RwtWwrxUvQQw?authuser=0&hl=pt-BR&rclk=1,No,,
Mini Hostel FigueiraMar,,'+351964915790,"R. Ferreiros 9, 3090-118 Figueira da Foz, Portugal","5,0",,PT,R. Ferreiros 9,40.1502812,-8.856071,"Albergue in Figueira da Foz, Portugal",https://www.google.com/maps/place/Mini+Hostel+FigueiraMar/data=!4m10!3m9!1s0xd2237eb05a67ba1:0xe5734846b03108cb!5m2!4m1!1i2!8m2!3d40.1502812!4d-8.856071!16s%2Fg%2F11f5gd47b8!19sChIJoXumBes3Ig0RywgxsEZIc-U?authuser=0&hl=pt-BR&rclk=1,No,,
Windy’s Guesthouse,,'+351927796329,"Urbanização Vale da Telha, 8670-156 Aljezur, Portugal","4,9",,PT,Urbanização Vale da Telha,37.306075,-8.8432186,"Hospedagem domiciliar in Portimão, Portugal",https://www.google.com/maps/place/Windy%E2%80%99s+Guesthouse/data=!4m10!3m9!1s0xd1b4100283f0dad:0xb2a1e858e6a46097!5m2!4m1!1i2!8m2!3d37.306075!4d-8.8432186!16s%2Fg%2F11x6xtcnp2!19sChIJrQ0_KABBGw0Rl2Ck5ljoobI?authuser=0&hl=pt-BR&rclk=1,No,,
Casa Colle,,'+351912097247,"Rua Doutora Maria Graça Santos Soares, 8600-123 Luz, Portugal","4,9",,PT,Rua Doutora Maria Graça Santos Soares,37.0809773,-8.748724,"Hospedagem domiciliar in Portimão, Portugal",https://www.google.com/maps/place/Casa+Colle/data=!4m7!3m6!1s0xd1b3709f19f50d9:0x81ec9b460bbc04af!8m2!3d37.0809773!4d-8.748724!16s%2Fg%2F11nn046scx!19sChIJ2VCf8Qk3Gw0RrwS8C0ab7IE?authuser=0&hl=pt-BR&rclk=1,No,Hospedagem domiciliar,
Jardim das Bagas,,'+351965395130,"7CRW+J2, Monchique, Portugal","5,0",,PT,7CRW+J2,37.291516,-8.5549811,"Hospedagem domiciliar in Portimão, Portugal",https://www.google.com/maps/place/Jardim+das+Bagas/data=!4m7!3m6!1s0xd1b21005d7a6db5:0x3593d242512584ea!8m2!3d37.291516!4d-8.5549811!16s%2Fg%2F11yzcttnvy!19sChIJtW16XQAhGw0R6oQlUULSkzU?authuser=0&hl=pt-BR&rclk=1,No,Hospedagem domiciliar,
Miradoiro Residencial,,'+351282423011,"R. Machado Santos, 8500-704 Portimão, Portugal","2,5",,PT,R. Machado Santos,37.1396293,-8.5365819,"Hospedaria in Portimão, Portugal",https://www.google.com/maps/place/Miradoiro+Residencial/data=!4m10!3m9!1s0xd1b288d2774d433:0xe7129178b81817bf!5m2!4m1!1i2!8m2!3d37.1396293!4d-8.5365819!16s%2Fg%2F11b73jm8fj!19sChIJM9R0J40oGw0RvxcYuHiREuc?authuser=0&hl=pt-BR&rclk=1,No,,
Hotel Lagos,,,"R. Prof. Correia Abreu 180, 8600-613 Lagos, Portugal","5,0",1,PT,R. Prof. Correia Abreu 180,37.0934321,-8.6707454,"Hospedagem domiciliar in Portimão, Portugal",https://www.google.com/maps/place/Hotel+Lagos/data=!4m7!3m6!1s0xd1b31d4c10273b9:0xcb086dc8babd416d!8m2!3d37.0934321!4d-8.6707454!16s%2Fg%2F11vb6f177n!19sChIJuXMCwdQxGw0RbUG9ushtCMs?authuser=0&hl=pt-BR&rclk=1,No,Hospedagem domiciliar,
Golden House,,,"Urbanizacao ALGARVESOL, R. da Pedra Bloco 2 1A, 8500-815 Portimão, Portugal","5,0",,PT,R. da Pedra Bloco 2 1A,37.1367255,-8.4569891,"Hospedagem domiciliar in Portimão, Portugal",https://www.google.com/maps/place/Golden+House/data=!4m7!3m6!1s0xd1ad77b21788d27:0xbc5d57fcb10d3e7c!8m2!3d37.1367255!4d-8.4569891!16s%2Fg%2F11j19qwtgc!19sChIJJ414IXvXGg0RfD4NsfxXXbw?authuser=0&hl=pt-BR&rclk=1,No,Hospedagem domiciliar,
Plaza Real by Atlantic Hotels,,,"Sitio dos Castelos, Rotunda do Vau, Portimão, Portugal","3,9",,PT,Rotunda do Vau,37.124544,-8.546193,"Hotel de 3 estrelas in Portimão, Portugal",https://www.google.com/maps/place/Plaza+Real+by+Atlantic+Hotels/data=!4m10!3m9!1s0xd1b28e6f25e296d:0x10f7ad3fedb1bb39!5m2!4m1!1i2!8m2!3d37.124544!4d-8.546193!16s%2Fg%2F11b7w2705h!19sChIJbSle8uYoGw0RObux7T-t9xA?authuser=0&hl=pt-BR&rclk=1,No,,
Alvor,,,"Praceta Alto da Ria 2, 8500-013 Alvor, Portugal","5,0",1,PT,Praceta Alto da Ria 2,37.127261,-8.5937678,"Hospedagem domiciliar in Portimão, Portugal",https://www.google.com/maps/place/Alvor/data=!4m10!3m9!1s0xd1b2f005cf36361:0x4d53f44aacca91b3!5m2!4m1!1i2!8m2!3d37.127261!4d-8.5937678!16s%2Fg%2F11wtwb1dz1!19sChIJYWPzXAAvGw0Rs5HKrEr0U00?authuser=0&hl=pt-BR&rclk=1,No,,
Quinta Vermelha,,'+31625050535,"Unnamed Road,, Lagoa, Portugal","4,8",,PT,,37.1017262,-8.4301792,"Hospedagem domiciliar in Portimão, Portugal",https://www.google.com/maps/place/Quinta+Vermelha/data=!4m7!3m6!1s0xd1ad68d77054b81:0xb323b25fc83c4500!8m2!3d37.1017262!4d-8.4301792!16s%2Fg%2F11c5zh4_w0!19sChIJgUsFd43WGg0RAEU8yF-yI7M?authuser=0&hl=pt-BR&rclk=1,No,Hospedagem domiciliar,
Apartamento Praia do Alvor,,'+351921921921,"Praia do Alvor, 8500-003 Alvor, Portugal","4,4",,PT,Praia do Alvor,37.1239205,-8.5900199,"Hospedagem domiciliar in Portimão, Portugal",https://www.google.com/maps/place/Apartamento+Praia+do+Alvor/data=!4m10!3m9!1s0xd1b2f2331b40da5:0xbe436653b5d9d94c!5m2!4m1!1i2!8m2!3d37.1239205!4d-8.5900199!16s%2Fg%2F11b73m7hrr!19sChIJpQ20MSMvGw0RTNnZtVNmQ74?authuser=0&hl=pt-BR&rclk=1,No,,
O Monte dos meus Tios,,,"4H98+JP, Lagoa, Portugal","5,0",1,PT,4H98+JP,37.1189939,-8.4328176,"Hospedagem domiciliar in Portimão, Portugal",https://www.google.com/maps/place/O+Monte+dos+meus+Tios/data=!4m7!3m6!1s0xd1ad7003423ab99:0xaa6af85b51095131!8m2!3d37.1189939!4d-8.4328176!16s%2Fg%2F11vwjxd9mg!19sChIJmasjNADXGg0RMVEJUVv4aqo?authuser=0&hl=pt-BR&rclk=1,No,Hospedagem domiciliar,
Casa princ,,,"R. Cabeço Esteves 40, 8500-158, Portugal","5,0",1,PT,R. Cabeço Esteves 40,37.1854773,-8.5843864,"Hospedagem domiciliar in Portimão, Portugal",https://www.google.com/maps/place/Casa+princ/data=!4m7!3m6!1s0xd1b25812b4f5977:0x8fc4830ecf11d2ec!8m2!3d37.1854773!4d-8.5843864!16s%2Fg%2F11p61v0xz1!19sChIJd1lPK4ElGw0R7NIRzw6DxI8?authuser=0&hl=pt-BR&rclk=1,No,Hospedagem domiciliar,
Casa Fim do Mundo,,,"7C2M+GC, Portimão, Portugal","5,0",1,PT,7C2M+GC,37.251374,-8.5664179,"Hospedagem domiciliar in Portimão, Portugal",https://www.google.com/maps/place/Casa+Fim+do+Mundo/data=!4m7!3m6!1s0xd1b21003eeb06bf:0x2b21e22868232185!8m2!3d37.251374!4d-8.5664179!16s%2Fg%2F11vpwr735k!19sChIJvwbrPgAhGw0RhSEjaCjiISs?authuser=0&hl=pt-BR&rclk=1,No,Hospedagem domiciliar,
mel and karen,,,"Estevais (Casa Paz, 8365-023 Alcantarilha, Portugal","5,0",1,PT,Estevais (Casa Paz,37.1641368,-8.3423959,"Hospedagem domiciliar in Portimão, Portugal",https://www.google.com/maps/place/mel+and+karen/data=!4m7!3m6!1s0xd1ad10075bc048b:0x7db57135f5d07eb1!8m2!3d37.1641368!4d-8.3423959!16s%2Fg%2F11y6m0yw28!19sChIJiwS8dQDRGg0RsX7Q9TVxtX0?authuser=0&hl=pt-BR&rclk=1,No,Hospedagem domiciliar,
Lagos Pilz,,,"8600-315 Lagos, Portugal","4,0",1,PT,,37.0929397,-8.6693925,"Hospedagem domiciliar in Portimão, Portugal",https://www.google.com/maps/place/Lagos+Pilz/data=!4m7!3m6!1s0xd1b310016b2d7e1:0x49644c7689d5d1c0!8m2!3d37.0929397!4d-8.6693925!16s%2Fg%2F11z2lntvvf!19sChIJ4deyFgAxGw0RwNHViXZMZEk?authuser=0&hl=pt-BR&rclk=1,No,Hospedagem domiciliar,
Saozinha's Place,,,"Praça do Poder Lote 3 R/C Esquerdo R/C Esquerdo, piso 0, 8600-524 Lagos, Portugal","5,0",1,PT,piso 0,37.0937261,-8.6789962,"Hospedagem domiciliar in Portimão, Portugal",https://www.google.com/maps/place/Saozinha%27s+Place/data=!4m7!3m6!1s0xd1b310058a7543f:0xd7fa4d80d6492894!8m2!3d37.0937261!4d-8.6789962!16s%2Fg%2F11lcnd25g2!19sChIJP1SnWAAxGw0RlChJ1oBN-tc?authuser=0&hl=pt-BR&rclk=1,No,Hospedagem domiciliar,
Alameda Hostel,,'+351966833366,"R. do Comércio 9, 8500-633 Portimão, Portugal","4,6",,PT,R. do Comércio 9,37.1396349,-8.5372777,"Hotel de 2 estrelas in Portimão, Portugal",https://www.google.com/maps/place/Alameda+Hostel/data=!4m10!3m9!1s0xd1b288d3d196553:0xf8d97c3503b5c3c9!5m2!4m1!1i2!8m2!3d37.1396349!4d-8.5372777!16s%2Fg%2F11b7_0pt2c!19sChIJU2UZPY0oGw0RycO1AzV82fg?authuser=0&hl=pt-BR&rclk=1,No,,
Vivenda Família Pedro,,'+351966611837,"Vivenda Família Pedro, Monte Salema, 8650-435, Vila do Bispo, 8650-435 Vila do Bpo., Portugal","4,5",,PT,Monte Salema,37.0726029,-8.9185577,"Hotel de 2 estrelas in Portimão, Portugal",https://www.google.com/maps/place/Vivenda+Fam%C3%ADlia+Pedro/data=!4m10!3m9!1s0xd1b4936a3c66e95:0x72b6824174808846!5m2!4m1!1i2!8m2!3d37.0726029!4d-8.9185577!16s%2Fg%2F11bbrmb1w1!19sChIJlW7GozZJGw0RRoiAdEGCtnI?authuser=0&hl=pt-BR&rclk=1,No,,
Hotel Sol e Mar,,,"R. José Bernardino de Sousa, 8200-146 Albufeira, Portugal","4,2",,PT,R. José Bernardino de Sousa,37.08707,-8.252506,"Hotel de 4 estrelas in Portimão, Portugal",https://www.google.com/maps/place/Hotel+Sol+e+Mar/data=!4m10!3m9!1s0xd1acc250c7443f9:0xb061e0992f40c7a6!5m2!4m1!1i2!8m2!3d37.08707!4d-8.252506!16s%2Fg%2F1w3w48zz!19sChIJ-UN0DCXMGg0RpsdAL5ngYbA?authuser=0&hl=pt-BR&rclk=1,No,,
Lagos City Center Guest House & Hostel,,'+351912758972,"R. Lançarote de Freitas n. 58, 8600-747 Lagos, Portugal","3,6",,PT,R. Lançarote de Freitas n. 58,37.0988588,-8.6730821,"Hotel de 2 estrelas in Portimão, Portugal",https://www.google.com/maps/place/Lagos+City+Center+Guest+House+%26+Hostel/data=!4m10!3m9!1s0xd1b31cfbced0cc3:0x73c54b6c856af2e2!5m2!4m1!1i2!8m2!3d37.0988588!4d-8.6730821!16s%2Fg%2F11b73q6492!19sChIJwwztvM8xGw0R4vJqhWxLxXM?authuser=0&hl=pt-BR&rclk=1,No,,
Marina Park Hotel,,,"Quinta do Landeiro, 8600-302 Lagos, Portugal","4,0",,PT,Quinta do Landeiro,37.1024597,-8.672672,"Hotel de 2 estrelas in Portimão, Portugal",https://www.google.com/maps/place/Marina+Park+Hotel/data=!4m10!3m9!1s0xd1b31cdcf14336d:0x7aee7a1778b13c06!5m2!4m1!1i2!8m2!3d37.1024597!4d-8.672672!16s%2Fg%2F119wz03n1!19sChIJbTMUz80xGw0RBjyxeBd67no?authuser=0&hl=pt-BR&rclk=1,No,,
DBV GuestHouse,,'+351282762477,"R. António Crisógno dos Santos 60, 8600-789 Lagos, Portugal","3,6",,PT,R. António Crisógno dos Santos 60,37.1060881,-8.6756262,"Hotel de 2 estrelas in Portimão, Portugal",https://www.google.com/maps/place/DBV+GuestHouse/data=!4m10!3m9!1s0xd1b31cc96e26ddb:0xb1b0217d2eb79800!5m2!4m1!1i2!8m2!3d37.1060881!4d-8.6756262!16s%2Fg%2F1ttyx_hy!19sChIJ223ilswxGw0RAJi3Ln0hsLE?authuser=0&hl=pt-BR&rclk=1,No,,
Hostel CC Portimao,,'+351933091660,"R. Frei Luís das Chagas 7, 8500-679 Portimão, Portugal","3,4",,PT,R. Frei Luís das Chagas 7,37.1361584,-8.5474571,"Albergue in Portimão, Portugal",https://www.google.com/maps/place/Hostel+CC+Portimao/data=!4m10!3m9!1s0xd1b295bdfb4ead9:0x5bc16812ef0bbffb!5m2!4m1!1i2!8m2!3d37.1361584!4d-8.5474571!16s%2Fg%2F11vx3js58_!19sChIJ2eq031spGw0R-78L7xJowVs?authuser=0&hl=pt-BR&rclk=1,No,,
Hostel da Praia,,,"Av. Tomás Cabreira M, 8500-802 Portimão, Portugal","3,4",,PT,Av. Tomás Cabreira M,37.119271,-8.5391004,"Albergue in Portimão, Portugal",https://www.google.com/maps/place/Hostel+da+Praia/data=!4m10!3m9!1s0xd1b298bc29c39c1:0xecb14936f1b2da82!5m2!4m1!1i2!8m2!3d37.119271!4d-8.5391004!16s%2Fg%2F11l2fcnmmh!19sChIJwTmcwospGw0Rgtqy8TZJsew?authuser=0&hl=pt-BR&rclk=1,No,,
Park Hotel Porto Valongo,,,"R. Regedor José Diogo 90, 4440-653 Valongo, Portugal","4,2",,PT,R. Regedor José Diogo 90,41.190375,-8.510654,"Hospedaria in Felgueiras, Portugal",https://www.google.com/maps/place/Park+Hotel+Porto+Valongo/data=!4m10!3m9!1s0xd24623ec0ac9dc7:0x4668f01b697f1011!5m2!4m1!1i2!8m2!3d41.190375!4d-8.510654!16s%2Fg%2F1tf4g9c6!19sChIJx52swD5iJA0RERB_aRvwaEY?authuser=0&hl=pt-BR&rclk=1,No,,
Lagos,,,"R. Maria Horta Taquelim Veiga 7, 8600-543 Lagos, Portugal","5,0",,PT,R. Maria Horta Taquelim Veiga 7,37.1024094,-8.6834626,"Hospedagem domiciliar in Portimão, Portugal",https://www.google.com/maps/place/Lagos/data=!4m7!3m6!1s0xd1b31e0f13d6de3:0x135e0ef8f6c82cee!8m2!3d37.1024094!4d-8.6834626!16s%2Fg%2F11s0_4r1_l!19sChIJ42098eAxGw0R7izI9vgOXhM?authuser=0&hl=pt-BR&rclk=1,No,Hospedagem domiciliar,
VianasHome,,'+351916917536,"R. das Vianas 190, 4600-758, Portugal","4,5",,PT,R. das Vianas 190,41.311166,-8.103517,"Hotel de 3 estrelas in Felgueiras, Portugal",https://www.google.com/maps/place/VianasHome/data=!4m10!3m9!1s0xd24bf88d40e48ed:0x7a5354403cc017ba!5m2!4m1!1i2!8m2!3d41.311166!4d-8.103517!16s%2Fg%2F11fy5664fl!19sChIJ7UgO1Ii_JA0RuhfAPEBUU3o?authuser=0&hl=pt-BR&rclk=1,No,,
Casa Elza,,,"R. Canelas 28A, 8600-102 Luz, Portugal","5,0",,PT,R. Canelas 28A,37.100798,-8.7376861,"Hospedagem domiciliar in Portimão, Portugal",https://www.google.com/maps/place/Casa+Elza/data=!4m7!3m6!1s0xd1b31446fa90613:0x87a77ad48f4af3b4!8m2!3d37.100798!4d-8.7376861!16s%2Fg%2F11v1837_wq!19sChIJEwapb0QxGw0RtPNKj9R6p4c?authuser=0&hl=pt-BR&rclk=1,No,Hospedagem domiciliar,
Avairos Appartement 37,,,"R. dos Aveiros, 8200-294 Albufeira, Portugal","5,0",,PT,R. dos Aveiros,37.0843047,-8.2312988,"Hospedagem domiciliar in Portimão, Portugal",https://www.google.com/maps/place/Avairos+Appartement+37/data=!4m7!3m6!1s0xd1acd002527e0f9:0xf6228ca9a50d5ec7!8m2!3d37.0843047!4d-8.2312988!16s%2Fg%2F11x6nvhtgm!19sChIJ-eAnJQDNGg0Rx14NpamMIvY?authuser=0&hl=pt-BR&rclk=1,No,Hospedagem domiciliar,
Holiday House,,,"Largo de Camões 1I, 8200-178 Albufeira, Portugal","5,0",1,PT,Largo de Camões 1I,37.0860168,-8.2589187,"Hospedagem domiciliar in Portimão, Portugal",https://www.google.com/maps/place/Holiday+House/data=!4m7!3m6!1s0xd1acd3cff3c2517:0xf01caa707a440dcb!8m2!3d37.0860168!4d-8.2589187!16s%2Fg%2F11q4dlc480!19sChIJFyU8_zzNGg0Ryw1EenCqHPA?authuser=0&hl=pt-BR&rclk=1,No,Hospedagem domiciliar,
Villa Canto dos Buzios,,,"R. de Areias dos Moinhos 4, 8400 Carvoeiro, Portugal","4,4",,PT,R. de Areias dos Moinhos 4,37.0973056,-8.4588333,"Hospedagem domiciliar in Portimão, Portugal",https://www.google.com/maps/place/Villa+Canto+dos+Buzios/data=!4m10!3m9!1s0xd1ad7005f828dfb:0x2ed939c3cc92b752!5m2!4m1!1i2!8m2!3d37.0973056!4d-8.4588333!16s%2Fg%2F11xw3hmhqk!19sChIJ-42CXwDXGg0RUreSzMM52S4?authuser=0&hl=pt-BR&rclk=1,No,,
Sitio da Nave,,,"Monchique, Portugal","4,6",,PT,Monchique,37.2978187,-8.5671743,"Hospedagem domiciliar in Portimão, Portugal",https://www.google.com/maps/place/Sitio+da+Nave/data=!4m7!3m6!1s0xd1b21e30667bdf7:0x46c217e3afec3e80!8m2!3d37.2978187!4d-8.5671743!16s%2Fg%2F11sh4bx8lp!19sChIJ971nBuMhGw0RgD7sr-MXwkY?authuser=0&hl=pt-BR&rclk=1,No,Hospedagem domiciliar,
Villa Figueiras,,,"Estrada da Galé 162 8200, Albufeira, Portugal","5,0",1,PT,Estrada da Galé 162 8200,37.0805982,-8.2940758,"Hospedagem domiciliar in Portimão, Portugal",https://www.google.com/maps/place/Villa+Figueiras/data=!4m10!3m9!1s0xd1acd7ba31ec635:0x11d5c36768bf3f94!5m2!4m1!1i2!8m2!3d37.0805982!4d-8.2940758!16s%2Fg%2F11t05y11bh!19sChIJNcYeo3vNGg0RlD-_aGfD1RE?authuser=0&hl=pt-BR&rclk=1,No,,
Casa Parreira,,,"Estrada do Farol, Carvoeiro, Portugal","5,0",,PT,Estrada do Farol,37.0880633,-8.4435735,"Hospedagem domiciliar in Portimão, Portugal",https://www.google.com/maps/place/Casa+Parreira/data=!4m7!3m6!1s0xd1ad7007a8abd5b:0x248423727be65699!8m2!3d37.0880633!4d-8.4435735!16s%2Fg%2F11vz5jk1xh!19sChIJW72KegDXGg0RmVbme3IjhCQ?authuser=0&hl=pt-BR&rclk=1,No,Hospedagem domiciliar,
Petrus Hotel,,'+351276351500,"Ed. Solar Flaviense, R. Família de Camões no 20, 5400-239 Chaves, Portugal","3,8",,PT,R. Família de Camões no 20,41.738611,-7.471111,"Hotel in Felgueiras, Portugal",https://www.google.com/maps/place/Petrus+Hotel/data=!4m10!3m9!1s0xd3ade67d235003d:0xa3fed776b62c8800!5m2!4m1!1i2!8m2!3d41.738611!4d-7.471111!16s%2Fg%2F1td8_dx7!19sChIJPQA10mfeOg0RAIgstnbX_qM?authuser=0&hl=pt-BR&rclk=1,No,,
Hotel do Paço By VimaHotels,,,"R. 10 de Junho 372, 4805-211 Ponte, Portugal","3,9",,PT,R. 10 de Junho 372,41.466413,-8.324057,"Hotel in Felgueiras, Portugal",https://www.google.com/maps/place/Hotel+do+Pa%C3%A7o+By+VimaHotels/data=!4m10!3m9!1s0xd24faa4671c2075:0x3610a303389573ec!5m2!4m1!1i2!8m2!3d41.466413!4d-8.324057!16s%2Fg%2F1tmgdqc4!19sChIJdSAcZ6T6JA0R7HOVOAOjEDY?authuser=0&hl=pt-BR&rclk=1,No,,
Villa Domipajo,,,"R. do Cabeço de Pias 20 8400, Carvoeiro, Portugal","5,0",1,PT,R. do Cabeço de Pias 20 8400,37.1170046,-8.4811082,"Hospedagem domiciliar in Portimão, Portugal",https://www.google.com/maps/place/Villa+Domipajo/data=!4m7!3m6!1s0xd1ad7ee13296b75:0xd7f4979a2bc61429!8m2!3d37.1170046!4d-8.4811082!16s%2Fg%2F11jsc_wctt!19sChIJdWspE-7XGg0RKRTGK5qX9Nc?authuser=0&hl=pt-BR&rclk=1,No,Hospedagem domiciliar,
Zufahrt Casa Ingrid,,,"Barão de São Miguel, Portugal","5,0",,PT,Barão de São Miguel,37.1178672,-8.7913347,"Hospedagem domiciliar in Portimão, Portugal",https://www.google.com/maps/place/Zufahrt+Casa+Ingrid/data=!4m7!3m6!1s0xd1b37005e532c91:0x374be51041a64cfd!8m2!3d37.1178672!4d-8.7913347!16s%2Fg%2F11x8__052h!19sChIJkSxTXgA3Gw0R_UymQRDlSzc?authuser=0&hl=pt-BR&rclk=1,No,Hospedagem domiciliar,
Arcanjo Hostel 2,,'+351967349727,"Av. Central 156, 4710-251 Braga, Portugal","1,0",1,PT,Av. Central 156,41.551407,-8.41883,"Hotel in Felgueiras, Portugal",https://www.google.com/maps/place/Arcanjo+Hostel+2/data=!4m10!3m9!1s0xd24fec0040dde35:0x5c638cdb7214de5e!5m2!4m1!1i2!8m2!3d41.551407!4d-8.41883!16s%2Fg%2F11nq8ttkbg!19sChIJNd4NBMD-JA0RXt4UctuMY1w?authuser=0&hl=pt-BR&rclk=1,No,,
Quinta do Mocho,,,"Quinta do Mocho, Caramujeira, 8400-411 Porches, Portugal","4,6",,PT,Caramujeira,37.1177862,-8.4177714,"Hospedagem domiciliar in Portimão, Portugal",https://www.google.com/maps/place/Quinta+do+Mocho/data=!4m10!3m9!1s0xd1ad6dd7a9bb7b1:0x9d977db35c4c7fa9!5m2!4m1!1i2!8m2!3d37.1177862!4d-8.4177714!16s%2Fg%2F11b73qj0kz!19sChIJsbebet3WGg0RqX9MXLN9l50?authuser=0&hl=pt-BR&rclk=1,No,,
As Andhorinhas,,,"8550-254, Portugal",,,PT,,37.3024134,-8.5818482,"Hospedagem domiciliar in Portimão, Portugal",https://www.google.com/maps/place/As+Andhorinhas/data=!4m7!3m6!1s0xd1b230054bac04b:0x22e53c96df156dfd!8m2!3d37.3024134!4d-8.5818482!16s%2Fg%2F11z3brt9kh!19sChIJS8C6VAAjGw0R_W0V35Y85SI?authuser=0&hl=pt-BR&rclk=1,No,Hospedagem domiciliar,
Villa Llamedos,,,"4G7X+W3, Lagoa, Portugal","5,0",1,PT,4G7X+W3,37.1148154,-8.4523071,"Hospedagem domiciliar in Portimão, Portugal",https://www.google.com/maps/place/Villa+Llamedos/data=!4m7!3m6!1s0xd1ad700028fb1f1:0xf4d04335d8ae84ff!8m2!3d37.1148154!4d-8.4523071!16s%2Fg%2F11x1n28xp9!19sChIJ8bGPAgDXGg0R_4Su2DVD0PQ?authuser=0&hl=pt-BR&rclk=1,No,Hospedagem domiciliar,
Luz,,,"Aldeamento Porto Dona Maria 89 Apt 409, 8600 Luz, Portugal","5,0",1,PT,Aldeamento Porto Dona Maria 89 Apt 409,37.0777181,-8.7513235,"Hospedagem domiciliar in Portimão, Portugal",https://www.google.com/maps/place/Luz/data=!4m7!3m6!1s0xd1b37001fd16e6b:0x656680dbe0baaa46!8m2!3d37.0777181!4d-8.7513235!16s%2Fg%2F11x6l00944!19sChIJa27RHwA3Gw0RRqq64NuAZmU?authuser=0&hl=pt-BR&rclk=1,No,Hospedagem domiciliar,
Casa do Farol - Charming Town House,,'+351917263962,"R. Prof. Luis de Azevedo 26, 8600-617 Lagos, Portugal","4,4",,PT,R. Prof. Luis de Azevedo 26,37.1002001,-8.6735341,"Hospedagem domiciliar in Portimão, Portugal",https://www.google.com/maps/place/Casa+do+Farol+-+Charming+Town+House/data=!4m7!3m6!1s0xd1b31d1488a29eb:0x609c71cb9940f8b7!8m2!3d37.1002001!4d-8.6735341!16s%2Fg%2F11ry5yld2y!19sChIJ6ymKSNExGw0Rt_hAmctxnGA?authuser=0&hl=pt-BR&rclk=1,No,Hospedagem domiciliar,
Sunbed retirement home,,,"8600-160 Luz, Portugal","5,0",1,PT,,37.0927293,-8.7295625,"Hospedagem domiciliar in Portimão, Portugal",https://www.google.com/maps/place/Sunbed+retirement+home/data=!4m7!3m6!1s0xd1b31c92b1042cf:0x80df3cddef729d40!8m2!3d37.0927293!4d-8.7295625!16s%2Fg%2F11l1_t578b!19sChIJz0IQK8kxGw0RQJ1y790834A?authuser=0&hl=pt-BR&rclk=1,No,Hospedagem domiciliar,
Avacado House,,'+351963555873,"R. das Mercês 45, 8600-176 Lagos, Portugal","5,0",1,PT,R. das Mercês 45,37.0883382,-8.7450823,"Hospedagem domiciliar in Portimão, Portugal",https://www.google.com/maps/place/Avacado+House/data=!4m7!3m6!1s0xd1b313df1523d97:0xa4ef4614e4930bd!8m2!3d37.0883382!4d-8.7450823!16s%2Fg%2F11f3s_w_j5!19sChIJlz1S8T0xGw0RvTBJTmH0Tgo?authuser=0&hl=pt-BR&rclk=1,No,Hospedagem domiciliar,
Brisa mar,,,"R. da Alvorada 8500 8500, Alvor, Portugal","5,0",1,PT,R. da Alvorada 8500 8500,37.1376459,-8.5837833,"Hospedagem domiciliar in Portimão, Portugal",https://www.google.com/maps/place/Brisa+mar/data=!4m10!3m9!1s0xd1b2f00129bea0d:0x30879adfd548e035!5m2!4m1!1i2!8m2!3d37.1376459!4d-8.5837833!16s%2Fg%2F11y0gt5n95!19sChIJDeqbEgAvGw0RNeBI1d-ahzA?authuser=0&hl=pt-BR&rclk=1,No,,
Sophie’s holiday house,,,"R. de Areias dos Moinhos 67, 8400 Carvoeiro, Portugal","4,0",1,PT,R. de Areias dos Moinhos 67,37.1005755,-8.4573549,"Hospedagem domiciliar in Portimão, Portugal",https://www.google.com/maps/place/Sophie%E2%80%99s+holiday+house/data=!4m7!3m6!1s0xd1ad70008a440c9:0x52e4335e1b4cb87f!8m2!3d37.1005755!4d-8.4573549!16s%2Fg%2F11wbghhpg7!19sChIJyUCkCADXGg0Rf7hMG14z5FI?authuser=0&hl=pt-BR&rclk=1,No,Hospedagem domiciliar,
Gatão Lovely Country House,,'+351910560663,"Rua do Cabo, Lugar do Cabo, Código Postal: 4600-631, Rua do Cabo, 4600-631 Amarante, Portugal","4,8",,PT,Código Postal:,41.2970834,-8.0532621,"Hospedagem domiciliar in Felgueiras, Portugal",https://www.google.com/maps/place/Gat%C3%A3o+Lovely+Country+House/data=!4m7!3m6!1s0xd24bf482620cb53:0xe59b8648ddb25c35!8m2!3d41.2970834!4d-8.0532621!16s%2Fg%2F11nn1bgzr4!19sChIJU8sgJki_JA0RNVyy3UiGm-U?authuser=0&hl=pt-BR&rclk=1,No,Hospedagem domiciliar,
Bébé 🩷,,,"4580-204 Paredes, Portugal",,,PT,,41.2051674,-8.3303867,"Hospedagem domiciliar in Felgueiras, Portugal",https://www.google.com/maps/place/B%C3%A9b%C3%A9+%F0%9F%A9%B7/data=!4m7!3m6!1s0xd248f00122afc93:0x3088928712ab07c!8m2!3d41.2051674!4d-8.3303867!16s%2Fg%2F11z7fdbtpg!19sChIJk_wqEgCPJA0RfLAqcSiJCAM?authuser=0&hl=pt-BR&rclk=1,No,Hospedagem domiciliar,
Casa do Martir,,,"CM1328 15, 5040 Vila Marim, Portugal","5,0",1,PT,CM1328 15,41.1832071,-7.8516113,"Hospedagem domiciliar in Felgueiras, Portugal",https://www.google.com/maps/place/Casa+do+Martir/data=!4m10!3m9!1s0xd24b3000ef7681f:0xf53cd0e576fa7e5!5m2!4m1!1i2!8m2!3d41.1832071!4d-7.8516113!16s%2Fg%2F11x61jz15w!19sChIJH2j3DgCzJA0R5advVw7NUw8?authuser=0&hl=pt-BR&rclk=1,No,,
Eliana casa,,,"R. Maninho 70, Fânzeres, Portugal",,,PT,R. Maninho 70,41.1897266,-8.5224565,"Hospedagem domiciliar in Felgueiras, Portugal",https://www.google.com/maps/place/Eliana+casa/data=!4m7!3m6!1s0xd2463bed8503549:0x1eb19673f1b08ba9!8m2!3d41.1897266!4d-8.5224565!16s%2Fg%2F11s4t7_dxm!19sChIJSTVQ2L5jJA0RqYuw8XOWsR4?authuser=0&hl=pt-BR&rclk=1,No,Hospedagem domiciliar,
"Casa dos Canais, cottage by the river (gate entrance)",,,"6V37+P7P, Várzea da Ovelha e Aliviada, Portugal",,,PT,6V37+P7P,41.2043375,-8.1367969,"Hospedagem domiciliar in Felgueiras, Portugal","https://www.google.com/maps/place/Casa+dos+Canais,+cottage+by+the+river+%28gate+entrance%29/data=!4m7!3m6!1s0xd249700510a9fc1:0x32807a16abdeca2f!8m2!3d41.2043375!4d-8.1367969!16s%2Fg%2F11z9qy872h!19sChIJwZ8KUQCXJA0RL8reqxZ6gDI?authuser=0&hl=pt-BR&rclk=1",No,Hospedagem domiciliar,
Casa de venda,,,"R. do Campo do Porto 4635, Portugal",,,PT,R. do Campo do Porto 4635,41.1942261,-8.2153298,"Hospedagem domiciliar in Felgueiras, Portugal",https://www.google.com/maps/place/Casa+de+venda/data=!4m7!3m6!1s0xd24970061bbac4d:0x4f0478415098870f!8m2!3d41.1942261!4d-8.2153298!16s%2Fg%2F11xrv7rk26!19sChIJTay7YQCXJA0RD4eYUEF4BE8?authuser=0&hl=pt-BR&rclk=1,No,Hospedagem domiciliar,
Casa de Rebordoes,,,"EM616 571, 4890 Infesta, Portugal",,,PT,EM616 571,41.3965579,-8.0573975,"Hospedagem domiciliar in Felgueiras, Portugal",https://www.google.com/maps/place/Casa+de+Rebordoes/data=!4m7!3m6!1s0xd24c181d3cb1cd3:0x933060c98a8b383a!8m2!3d41.3965579!4d-8.0573975!16s%2Fg%2F11t3z8rycz!19sChIJ0xzL04HBJA0ROjiLislgMJM?authuser=0&hl=pt-BR&rclk=1,No,Hospedagem domiciliar,
Basseiros,,,"Ladeira da Eira do Casal 530, 4600-530 Bustelo, Portugal",,,PT,Ladeira da Eira do Casal 530,41.2433599,-7.9936844,"Hospedagem domiciliar in Felgueiras, Portugal",https://www.google.com/maps/place/Basseiros/data=!4m7!3m6!1s0xd24bb00100f8f27:0xc358da814f8b1a0!8m2!3d41.2433599!4d-7.9936844!16s%2Fg%2F11ynfc1fzy!19sChIJJ48PEAC7JA0RoLH4FKiNNQw?authuser=0&hl=pt-BR&rclk=1,No,Hospedagem domiciliar,
Casa Alecrim,,,"R. de São Sebastião 324, Portugal",,,PT,R. de São Sebastião 324,41.2015151,-8.1971365,"Hospedagem domiciliar in Felgueiras, Portugal",https://www.google.com/maps/place/Casa+Alecrim/data=!4m7!3m6!1s0xd24970074d92747:0x1efcdde0561b8f5e!8m2!3d41.2015151!4d-8.1971365!16s%2Fg%2F11ww96ks_v!19sChIJRyfZdACXJA0RXo8bVuDd_B4?authuser=0&hl=pt-BR&rclk=1,No,Hospedagem domiciliar,
Estrada Nossa Senhora da Expectação Sousela 4620-738 SOUSELA,,'+351915993501,"N106 1468, 4620, Portugal",,,PT,N106 1468,41.3022252,-8.3140115,"Hospedagem domiciliar in Felgueiras, Portugal",https://www.google.com/maps/place/Estrada+Nossa+Senhora+da+Expecta%C3%A7%C3%A3o+Sousela+4620-738+SOUSELA/data=!4m7!3m6!1s0xd24f3003bf7e9b9:0xc5f0189badc4df1!8m2!3d41.3022252!4d-8.3140115!16s%2Fg%2F11zj1rbpww!19sChIJuen3OwDzJA0R8U3cuokBXww?authuser=0&hl=pt-BR&rclk=1,No,Hospedagem domiciliar,
Paraíso dos avós,,,"R. Escola da Portela 123, Ribeirão, Portugal",,,PT,R. Escola da Portela 123,41.3539024,-8.548724,"Hospedagem domiciliar in Felgueiras, Portugal",https://www.google.com/maps/place/Para%C3%ADso+dos+av%C3%B3s/data=!4m7!3m6!1s0xd245f00019e9eb9:0x406f97f2a048f6cf!8m2!3d41.3539024!4d-8.548724!16s%2Fg%2F11m5zqfl8f!19sChIJuZ6eAQBfJA0Rz_ZIoPKXb0A?authuser=0&hl=pt-BR&rclk=1,No,Hospedagem domiciliar,
G Guest House,,'+351919254004,"Alameda de São Dâmaso 113, 4810-431 Guimarães, Portugal","4,3",,PT,Alameda de São Dâmaso 113,41.441928,-8.2925477,"Hospedaria in Felgueiras, Portugal",https://www.google.com/maps/place/G+Guest+House/data=!4m10!3m9!1s0xd24efc1fe64b0c7:0xb2e8f2d1422a9402!5m2!4m1!1i2!8m2!3d41.441928!4d-8.2925477!16s%2Fg%2F113hplghj!19sChIJx7Bk_sHvJA0RApQqQtHy6LI?authuser=0&hl=pt-BR&rclk=1,No,,
A Cafreal - Alojamento Local,,'+351962783040,"Rua da Misericórdia 8, 4860-352 Cabeceiras de Basto, Portugal",,,PT,Rua da Misericórdia 8,41.5157939,-7.9931957,"Hospedaria in Felgueiras, Portugal",https://www.google.com/maps/place/A+Cafreal+-+Alojamento+Local/data=!4m7!3m6!1s0xd24dba077f62885:0x3ba677f89d131ccd!8m2!3d41.5157939!4d-7.9931957!16s%2Fg%2F11zbftxhp_!19sChIJhSj2d6DbJA0RzRwTnfh3pjs?authuser=0&hl=pt-BR&rclk=1,No,Hospedaria,
Zé mondim,,,"EM1199, 4880, Portugal",,,PT,EM1199,41.4437279,-7.9270511,"Hospedagem domiciliar in Felgueiras, Portugal",https://www.google.com/maps/place/Z%C3%A9+mondim/data=!4m7!3m6!1s0xd24cf7dd28f415d:0x6f754f394c45dd19!8m2!3d41.4437279!4d-7.9270511!16s%2Fg%2F11q1tt9pq5!19sChIJXUGP0n3PJA0RGd1FTDlPdW8?authuser=0&hl=pt-BR&rclk=1,No,Hospedagem domiciliar,
Santa casa Felgueiras,,,"Felgueiras, Portugal",,,PT,Felgueiras,41.3748772,-8.2095395,"Hospedagem domiciliar in Felgueiras, Portugal",https://www.google.com/maps/place/Santa+casa+Felgueiras/data=!4m7!3m6!1s0xd24eb00196f4ae5:0xdc6e48803b926ed5!8m2!3d41.3748772!4d-8.2095395!16s%2Fg%2F11zjhxmmb_!19sChIJ5UpvGQDrJA0R1W6SO4BIbtw?authuser=0&hl=pt-BR&rclk=1,No,Hospedagem domiciliar,
Casa de Valinhas,,,Portugal,,,PT,Portugal,41.3202877,-8.2284897,"Hospedagem domiciliar in Felgueiras, Portugal",https://www.google.com/maps/place/Casa+de+Valinhas/data=!4m7!3m6!1s0xd24ed003dce5bc7:0x7238fa53dd1d4899!8m2!3d41.3202877!4d-8.2284897!16s%2Fg%2F11yj4dl8_n!19sChIJx1vOPQDtJA0RmUgd3VP6OHI?authuser=0&hl=pt-BR&rclk=1,No,Hospedagem domiciliar,
Casa da Vila,,'+351964427793,"Rua Chã da Raposa nº52, 4795-784, Portugal","4,6",,PT,Rua Chã da Raposa nº52,41.3757984,-8.3294176,"Hospedaria in Felgueiras, Portugal",https://www.google.com/maps/place/Casa+da+Vila/data=!4m10!3m9!1s0xd24f21f2a5652a1:0x71e2073f74e2c112!5m2!4m1!1i2!8m2!3d41.3757984!4d-8.3294176!16s%2Fg%2F11bzrpxs4l!19sChIJoVJWKh_yJA0REsHidD8H4nE?authuser=0&hl=pt-BR&rclk=1,No,,
Hotel Albano,,'+351255922012,"nº a 384610-125, R. 25 de Abril 45, Ribeirão, Portugal","3,8",,PT,R. 25 de Abril 45,41.3654341,-8.1993561,"Hotel de 2 estrelas in Felgueiras, Portugal",https://www.google.com/maps/place/Hotel+Albano/data=!4m10!3m9!1s0xd24ebbe27122465:0x363c5a128a8a9896!5m2!4m1!1i2!8m2!3d41.3654341!4d-8.1993561!16s%2Fg%2F1tf5rj0v!19sChIJZSQSJ77rJA0RlpiKihJaPDY?authuser=0&hl=pt-BR&rclk=1,No,,
Casa Dos Pombais,,'+351253412917,"Av. de Londres 2B, Guimarães, Portugal","4,5",,PT,Av. de Londres 2B,41.4421777,-8.3031974,"Hospedaria in Felgueiras, Portugal",https://www.google.com/maps/place/Casa+Dos+Pombais/data=!4m10!3m9!1s0xd24efe6d9de42d3:0xcb3709ef7e5ca002!5m2!4m1!1i2!8m2!3d41.4421777!4d-8.3031974!16s%2Fg%2F1tqnmxwb!19sChIJ00Le2ebvJA0RAqBcfu8JN8s?authuser=0&hl=pt-BR&rclk=1,No,,
Turismo Castelo de Gouveia,,'+351936515515,"Caminho de Casal Paio Várzea, Aliviada e Folhada, 4635-608 Marco de Canaveses, Portugal","4,5",,PT,Aliviada e Folhada,41.203717,-8.102925,"Hotel de 2 estrelas in Felgueiras, Portugal",https://www.google.com/maps/place/Turismo+Castelo+de+Gouveia/data=!4m10!3m9!1s0xd24bda509c852e1:0x3a4106876926ffe!5m2!4m1!1i2!8m2!3d41.203717!4d-8.102925!16s%2Fg%2F11byt6s_6p!19sChIJ4VLICaW9JA0R_m-SdmgQpAM?authuser=0&hl=pt-BR&rclk=1,No,,
Fonte Branca Guest House - Sé,,'+351938852798,"Região Norte, Lgo de Santa Cruz 70 2º andar, 4700-030 Braga, Portugal","5,0",1,PT,Lgo de Santa Cruz 70 2º andar,41.5489145,-8.4270971,"Hotel de 2 estrelas in Felgueiras, Portugal",https://www.google.com/maps/place/Fonte+Branca+Guest+House+-+S%C3%A9/data=!4m10!3m9!1s0xd24fec2fc695555:0x1e370993014c142c!5m2!4m1!1i2!8m2!3d41.5489145!4d-8.4270971!16s%2Fg%2F11ft01qbdp!19sChIJVVVp_ML-JA0RLBRMAZMJNx4?authuser=0&hl=pt-BR&rclk=1,No,,
Residencial das Aves,,'+351252872363,"Av. Comendador Silva Araújo 324, Vila das Aves, Portugal","4,1",,PT,Av. Comendador Silva Araújo 324,41.3622439,-8.4003013,"Hotel de 2 estrelas in Felgueiras, Portugal",https://www.google.com/maps/place/Residencial+das+Aves/data=!4m10!3m9!1s0xd24f408ef4784c5:0x6ee24c74d4edf32b!5m2!4m1!1i2!8m2!3d41.3622439!4d-8.4003013!16s%2Fg%2F1tf8vc_n!19sChIJxYRH7wj0JA0RK_Pt1HRM4m4?authuser=0&hl=pt-BR&rclk=1,No,,
House of Marly,,'+351912424248,"Largo do Concelho 19, 4820-540 Martinhão, Portugal","4,6",,PT,Largo do Concelho 19,41.4649265,-8.1268604,"Hotel de 2 estrelas in Felgueiras, Portugal",https://www.google.com/maps/place/House+of+Marly/data=!4m10!3m9!1s0xd24c2af151d5aeb:0x9c98c7cab028b7c0!5m2!4m1!1i2!8m2!3d41.4649265!4d-8.1268604!16s%2Fg%2F11dxdd4p9x!19sChIJ61odFa_CJA0RwLcosMrHmJw?authuser=0&hl=pt-BR&rclk=1,No,,
AntHouse,,'+351962311140,"São Simão, Portugal","4,3",,PT,São Simão,41.2317325,-8.0537722,"Albergue in Felgueiras, Portugal",https://www.google.com/maps/place/AntHouse/data=!4m10!3m9!1s0xd24bc05c8978721:0xd6a5d459ae74b895!5m2!4m1!1i2!8m2!3d41.2317325!4d-8.0537722!16s%2Fg%2F11f66tcmqq!19sChIJIYeXyAW8JA0Rlbh0rlnUpdY?authuser=0&hl=pt-BR&rclk=1,No,,
Albufeira Hostel,,'+351924432855,"R. Rainha Dona Mafalda 709, 4630-259 Marco de Canaveses, Portugal","4,1",,PT,R. Rainha Dona Mafalda 709,41.1941558,-8.1569287,"Albergue in Felgueiras, Portugal",https://www.google.com/maps/place/Albufeira+Hostel/data=!4m10!3m9!1s0xd24964a928ceb5f:0xe9cfd5b25ffa1dc9!5m2!4m1!1i2!8m2!3d41.1941558!4d-8.1569287!16s%2Fg%2F11c6cxd39s!19sChIJX-uMkkqWJA0RyR36X7LVz-k?authuser=0&hl=pt-BR&rclk=1,No,,
Flag Hotels,,,"Av. do Brasil, 4820-121 Fafe, Portugal","3,8",,PT,Av. do Brasil,41.445815,-8.175707,"Hospedaria in Paços de Ferreira, Portugal",https://www.google.com/maps/place/Flag+Hotels/data=!4m10!3m9!1s0xd24e85f3a792a91:0xe35744176d878555!5m2!4m1!1i2!8m2!3d41.445815!4d-8.175707!16s%2Fg%2F1thssns5!19sChIJkSp5Ol_oJA0RVYWHbRdEV-M?authuser=0&hl=pt-BR&rclk=1,No,,
Hotel Porto Mar,,,"Rua de Brito Capelo 169, 4450-073 Matosinhos, Portugal","3,7",,PT,Rua de Brito Capelo 169,41.185833,-8.693276,"Hotel de 3 estrelas in Paços de Ferreira, Portugal",https://www.google.com/maps/place/Hotel+Porto+Mar/data=!4m10!3m9!1s0xd246f2e290d3b0f:0xa0dab4297b827137!5m2!4m1!1i2!8m2!3d41.185833!4d-8.693276!16s%2Fg%2F1tfryrwc!19sChIJDzsNKS5vJA0RN3GCeym02qA?authuser=0&hl=pt-BR&rclk=1,No,,
Quinta da Costa,,'+351919100404,"Rua da Costa, S/N Vila Cova da Lixa, 4615-511 Vila da Lixa, Portugal","4,4",,PT,S/N Vila Cova da Lixa,41.3209665,-8.1636299,"Hotel de 4 estrelas in Felgueiras, Portugal",https://www.google.com/maps/place/Quinta+da+Costa/data=!4m10!3m9!1s0xd24eacf777b6c9f:0x91c7570a3f12d427!5m2!4m1!1i2!8m2!3d41.3209665!4d-8.1636299!16s%2Fg%2F11c317gsf_!19sChIJn2x7d8_qJA0RJ9QSPwpXx5E?authuser=0&hl=pt-BR&rclk=1,No,,
Quartel do Jacaré,,,"Arco de Baúlhe, Portugal","5,0",1,PT,Arco de Baúlhe,41.483477,-7.9688765,"Hospedagem domiciliar in Felgueiras, Portugal",https://www.google.com/maps/place/Quartel+do+Jacar%C3%A9/data=!4m7!3m6!1s0xd24c581857a43eb:0xda89f0e3efc9b496!8m2!3d41.483477!4d-7.9688765!16s%2Fg%2F11t_t62df4!19sChIJ60N6hYHFJA0RlrTJ7-Pwido?authuser=0&hl=pt-BR&rclk=1,No,Hospedagem domiciliar,
Pequena Casa rústica com piscina,,,"Avenida da Fábrica 19, 4560-164 Guilhufe, Portugal",,,PT,Avenida da Fábrica 19,41.1944548,-8.3192828,"Hospedagem domiciliar in Felgueiras, Portugal",https://www.google.com/maps/place/Pequena+Casa+r%C3%BAstica+com+piscina/data=!4m7!3m6!1s0xd248f0016572563:0x58e7c5e196356964!8m2!3d41.1944548!4d-8.3192828!16s%2Fg%2F11z1zsjwln!19sChIJYyVXFgCPJA0RZGk1luHF51g?authuser=0&hl=pt-BR&rclk=1,No,Hospedagem domiciliar,
InBloom Apartments,,,"Praça de Almeida Garrett 10 1.1, 4000-322 Porto, Portugal","4,6",,PT,Praça de Almeida Garrett 10 1.1,41.1453246,-8.6112267,"Hospedagem domiciliar in Paços de Ferreira, Portugal",https://www.google.com/maps/place/InBloom+Apartments/data=!4m10!3m9!1s0xd2465b90591d229:0xf68c03e045e10ad1!5m2!4m1!1i2!8m2!3d41.1453246!4d-8.6112267!16s%2Fg%2F11krhxpvcj!19sChIJKdKRBbllJA0R0QrhReADjPY?authuser=0&hl=pt-BR&rclk=1,No,,
Porto,,,"R. das Flores, Porto, Portugal",,,PT,R. das Flores,41.1444265,-8.6128489,"Hospedagem domiciliar in Paços de Ferreira, Portugal",https://www.google.com/maps/place/Porto/data=!4m10!3m9!1s0xd2465007ffa1653:0x1b23d9c111ac9a0b!5m2!4m1!1i2!8m2!3d41.1444265!4d-8.6128489!16s%2Fg%2F11yzkpmvhy!19sChIJUxb6fwBlJA0RC5qsEcHZIxs?authuser=0&hl=pt-BR&rclk=1,No,,
Quinta da Torre de Baixo,,'+351913750446,"Rua de Valadares 933, 4635-660 Amarante, Portugal","5,0",,PT,Rua de Valadares 933,41.2189632,-8.1001981,"Hospedagem domiciliar in Felgueiras, Portugal",https://www.google.com/maps/place/Quinta+da+Torre+de+Baixo/data=!4m7!3m6!1s0xd24bdc88b110727:0x4a620039e6810bee!8m2!3d41.2189632!4d-8.1001981!16s%2Fg%2F11fz9zvx88!19sChIJJwcRi8i9JA0R7guB5jkAYko?authuser=0&hl=pt-BR&rclk=1,No,Hospedagem domiciliar,
Apartamento,,,"Rua dos Mártires da Liberdade 27, 4050-358 Porto, Portugal",,,PT,Rua dos Mártires da Liberdade 27,41.1507286,-8.6143384,"Hospedagem domiciliar in Paços de Ferreira, Portugal",https://www.google.com/maps/place/Apartamento/data=!4m7!3m6!1s0xd2465004d62e449:0x9832779a66c22baf!8m2!3d41.1507286!4d-8.6143384!16s%2Fg%2F11z9f4ztd2!19sChIJSeRiTQBlJA0RryvCZpp3Mpg?authuser=0&hl=pt-BR&rclk=1,No,Hospedagem domiciliar,
Alojamento Tuias,,,"Marco de Canaveses, Portugal",,,PT,Marco de Canaveses,41.1770665,-8.1611703,"Hospedagem domiciliar in Felgueiras, Portugal",https://www.google.com/maps/place/Alojamento+Tuias/data=!4m7!3m6!1s0xd2497e16e68f335:0x907efe5177f468c3!8m2!3d41.1770665!4d-8.1611703!16s%2Fg%2F11qbjnnjs7!19sChIJNfNobuGXJA0Rw2j0d1H-fpA?authuser=0&hl=pt-BR&rclk=1,No,Hospedagem domiciliar,
Apartment Market Bolhão- W Views F2,,,"R. de Alexandre Braga 88, 4000-252 Porto, Portugal","1,0",1,PT,R. de Alexandre Braga 88,41.1493067,-8.6065424,"Hospedagem domiciliar in Paços de Ferreira, Portugal",https://www.google.com/maps/place/Apartment+Market+Bolh%C3%A3o-+W+Views+F2/data=!4m10!3m9!1s0xd2465003c057659:0xe523292b988b981d!5m2!4m1!1i2!8m2!3d41.1493067!4d-8.6065424!16s%2Fg%2F11z1lqx2gg!19sChIJWXYFPABlJA0RHZiLmCspI-U?authuser=0&hl=pt-BR&rclk=1,No,,
Villa pimentas,,,"Rua do Nó do Valinho 55, Mondim de Basto, Portugal",,,PT,Rua do Nó do Valinho 55,41.4103333,-7.9522918,"Hospedagem domiciliar in Felgueiras, Portugal",https://www.google.com/maps/place/Villa+pimentas/data=!4m7!3m6!1s0xd24cfb7aebe704b:0x708731625cb8fc4!8m2!3d41.4103333!4d-7.9522918!16s%2Fg%2F11l1dk5dbv!19sChIJS3C-rrfPJA0RxI_LJRZzCAc?authuser=0&hl=pt-BR&rclk=1,No,Hospedagem domiciliar,
Arbnb,,,"Rua de Fernandes Tomás 692, 4100-212 Porto, Portugal",,,PT,Rua de Fernandes Tomás 692,41.1502967,-8.6066958,"Hospedagem domiciliar in Paços de Ferreira, Portugal",https://www.google.com/maps/place/Arbnb/data=!4m7!3m6!1s0xd24650053434c21:0x85a3a24f7ff2604a!8m2!3d41.1502967!4d-8.6066958!16s%2Fg%2F11z5qmz54b!19sChIJIUxDUwBlJA0RSmDyf0-io4U?authuser=0&hl=pt-BR&rclk=1,No,Hospedagem domiciliar,
Casa de férias,,,"R. Valente Perfeito 212, 4400-330 Vila Nova de Gaia, Portugal",,,PT,R. Valente Perfeito 212,41.132925,-8.622355,"Hospedagem domiciliar in Paços de Ferreira, Portugal",https://www.google.com/maps/place/Casa+de+f%C3%A9rias/data=!4m7!3m6!1s0xd2465004c7e9963:0xdbb392ac45f83209!8m2!3d41.132925!4d-8.622355!16s%2Fg%2F11zd59txlh!19sChIJY5l-TABlJA0RCTL4RaySs9s?authuser=0&hl=pt-BR&rclk=1,No,Hospedagem domiciliar,
zu hause,,,"R. de Miguel Bombarda, 4050-379 Porto, Portugal",,,PT,R. de Miguel Bombarda,41.1496138,-8.6208001,"Hospedagem domiciliar in Paços de Ferreira, Portugal",https://www.google.com/maps/place/zu+hause/data=!4m7!3m6!1s0xd2465002b2659c3:0x1201940b12f8dae!8m2!3d41.1496138!4d-8.6208001!16s%2Fg%2F11wg4n8f7k!19sChIJw1kmKwBlJA0Rro0vsUAZIAE?authuser=0&hl=pt-BR&rclk=1,No,Hospedagem domiciliar,
דירה פורטן,,,"כתובת, R. 1.º de Maio 108 1 Andar, 4430-646 Vila Nova de Gaia, Portugal",,,PT,R. 1.º de Maio 108 1 Andar,41.1348845,-8.6064508,"Hospedagem domiciliar in Paços de Ferreira, Portugal",https://www.google.com/maps/place/%D7%93%D7%99%D7%A8%D7%94+%D7%A4%D7%95%D7%A8%D7%98%D7%9F%E2%80%AD/data=!4m7!3m6!1s0xd24650023518abb:0x8c3b129c5f33734c!8m2!3d41.1348845!4d-8.6064508!16s%2Fg%2F11zd8j158m!19sChIJu4pRIwBlJA0RTHMzX5wSO4w?authuser=0&hl=pt-BR&rclk=1,No,Hospedagem domiciliar,
Oasis,,,"Av. da República 2266, 4430-196 Vila Nova de Gaia, Portugal",,,PT,Av. da República 2266,41.1181607,-8.6067493,"Hospedagem domiciliar in Paços de Ferreira, Portugal",https://www.google.com/maps/place/Oasis/data=!4m7!3m6!1s0xd247b0066155927:0xb532e4c95ff3f5ff!8m2!3d41.1181607!4d-8.6067493!16s%2Fg%2F11xgl27qqw!19sChIJJ1kVZgB7JA0R__XzX8nkMrU?authuser=0&hl=pt-BR&rclk=1,No,Hospedagem domiciliar,
Apartamento oporto,,,"R. de Trás 181, 4050-616 Porto, Portugal",,,PT,R. de Trás 181,41.145455,-8.6146695,"Hospedagem domiciliar in Paços de Ferreira, Portugal",https://www.google.com/maps/place/Apartamento+oporto/data=!4m7!3m6!1s0xd2465002f8dc0c7:0x8b705123ddb9c9a8!8m2!3d41.145455!4d-8.6146695!16s%2Fg%2F11zgvw9ty4!19sChIJx8CNLwBlJA0RqMm53SNRcIs?authuser=0&hl=pt-BR&rclk=1,No,Hospedagem domiciliar,
Casa Valen Pao,,,"R. do Dr. Mário de Vasconcelos e Sá, 4050-352 Porto, Portugal",,,PT,R. do Dr. Mário de Vasconcelos e Sá,41.1612028,-8.6239855,"Hospedagem domiciliar in Paços de Ferreira, Portugal",https://www.google.com/maps/place/Casa+Valen+Pao/data=!4m7!3m6!1s0xd246500425bd05b:0xd22012862c8177a6!8m2!3d41.1612028!4d-8.6239855!16s%2Fg%2F11ytrb66kd!19sChIJW9BbQgBlJA0RpneBLIYSINI?authuser=0&hl=pt-BR&rclk=1,No,Hospedagem domiciliar,
Apartamento,,,"R. do Duque de Saldanha 177, 4300-461 Porto, Portugal",,,PT,R. do Duque de Saldanha 177,41.1433273,-8.5967667,"Hospedagem domiciliar in Paços de Ferreira, Portugal",https://www.google.com/maps/place/Apartamento/data=!4m7!3m6!1s0xd24650070f799e3:0xd5368daba72634f2!8m2!3d41.1433273!4d-8.5967667!16s%2Fg%2F11yjplry2q!19sChIJ45n3cABlJA0R8jQmp6uNNtU?authuser=0&hl=pt-BR&rclk=1,No,Hospedagem domiciliar,
My vintage garden house,,,"Rua de Fernandes Tomás 832, 4000-220 Porto, Portugal",,,PT,Rua de Fernandes Tomás 832,41.1504167,-8.6082778,"Hospedagem domiciliar in Paços de Ferreira, Portugal",https://www.google.com/maps/place/My+vintage+garden+house/data=!4m7!3m6!1s0xd24650071e21779:0xfc1267fc5b52811e!8m2!3d41.1504167!4d-8.6082778!16s%2Fg%2F11lnnc63zh!19sChIJeRficQBlJA0RHoFSW_xnEvw?authuser=0&hl=pt-BR&rclk=1,No,Hospedagem domiciliar,
Logeeradres,,,"R. da Vitória 380, 4050-430 Porto, Portugal",,,PT,R. da Vitória 380,41.1430381,-8.6167205,"Hospedagem domiciliar in Paços de Ferreira, Portugal",https://www.google.com/maps/place/Logeeradres/data=!4m7!3m6!1s0xd24653d87f77c95:0xa6a30444b1abbb1d!8m2!3d41.1430381!4d-8.6167205!16s%2Fg%2F11qh3phz2h!19sChIJlXz3hz1lJA0RHbursUQEo6Y?authuser=0&hl=pt-BR&rclk=1,No,Hospedagem domiciliar,
nuestro apartamento,,,"Rua dos Caldeireiros, 4050-141 Porto, Portugal",,,PT,Rua dos Caldeireiros,41.1450852,-8.6142329,"Hospedagem domiciliar in Paços de Ferreira, Portugal",https://www.google.com/maps/place/nuestro+apartamento/data=!4m7!3m6!1s0xd246500169ff11b:0xdefb7edb09739f16!8m2!3d41.1450852!4d-8.6142329!16s%2Fg%2F11ypmgwnk3!19sChIJG_GfFgBlJA0RFp9zCdt--94?authuser=0&hl=pt-BR&rclk=1,No,Hospedagem domiciliar,
Casa do mocoto,,,"Rua da Colónia 135, 4580 Mouriz, Portugal","5,0",1,PT,Rua da Colónia 135,41.1876478,-8.354352,"Hospedagem domiciliar in Paços de Ferreira, Portugal",https://www.google.com/maps/place/Casa+do+mocoto/data=!4m7!3m6!1s0xd248fd597594fb7:0x7355205f30211378!8m2!3d41.1876478!4d-8.354352!16s%2Fg%2F11scfs596b!19sChIJt09Zl9WPJA0ReBMhMF8gVXM?authuser=0&hl=pt-BR&rclk=1,No,Hospedagem domiciliar,
Nixxus II apto,,,"R. dos Cedros 50, 4100-159 Porto, Portugal",,,PT,R. dos Cedros 50,41.1737737,-8.6562483,"Hospedagem domiciliar in Paços de Ferreira, Portugal",https://www.google.com/maps/place/Nixxus+II+apto/data=!4m7!3m6!1s0xd24650036797af7:0x867339ceb2efc4b!8m2!3d41.1737737!4d-8.6562483!16s%2Fg%2F11n9cnsttw!19sChIJ93p5NgBlJA0RS_wu65wzZwg?authuser=0&hl=pt-BR&rclk=1,No,Hospedagem domiciliar,
Casa Rural das Devesas,,,"R. das Devesas, 4560-185 Lagares, Portugal","4,7",,PT,R. das Devesas,41.1324159,-8.3694185,"Hospedagem domiciliar in Paços de Ferreira, Portugal",https://www.google.com/maps/place/Casa+Rural+das+Devesas/data=!4m7!3m6!1s0xd2485ffefa15813:0xffa5350eacfbe814!8m2!3d41.1324159!4d-8.3694185!16s%2Fg%2F11t4yjhhwz!19sChIJE1ih7_-FJA0RFOj7rA41pf8?authuser=0&hl=pt-BR&rclk=1,No,Hospedagem domiciliar,
ñosible,,,"Praça Sousa Caldas, 4400-040 Vila Nova de Gaia, Portugal",,,PT,Praça Sousa Caldas,41.12727,-8.6225154,"Hospedagem domiciliar in Paços de Ferreira, Portugal",https://www.google.com/maps/place/%C3%B1osible/data=!4m7!3m6!1s0xd246500747da9a9:0x1b80a9c666f1069f!8m2!3d41.12727!4d-8.6225154!16s%2Fg%2F11wv9qqh1f!19sChIJqal9dABlJA0RnwbxZsapgBs?authuser=0&hl=pt-BR&rclk=1,No,Hospedagem domiciliar,
largo dos arcos da ribeira 52,,,"Rua da Reboleira 49, 4050-450 Porto, Portugal",,,PT,Rua da Reboleira 49,41.1402129,-8.6153942,"Hospedagem domiciliar in Paços de Ferreira, Portugal",https://www.google.com/maps/place/largo+dos+arcos+da+ribeira+52/data=!4m7!3m6!1s0xd2465001a2f6ab9:0xa395fc907d8362d9!8m2!3d41.1402129!4d-8.6153942!16s%2Fg%2F11z1rnlk8p!19sChIJuWovGgBlJA0R2WKDfZD8laM?authuser=0&hl=pt-BR&rclk=1,No,Hospedagem domiciliar,
BREINER 28,,,"Região Norte, R. do Breiner 28, 4050-124 Porto, Portugal","4,5",,PT,R. do Breiner 28,41.151536,-8.618034,"Hospedaria in Paços de Ferreira, Portugal",https://www.google.com/maps/place/BREINER+28/data=!4m10!3m9!1s0xd2465025a3db13f:0x37de652de4321ae9!5m2!4m1!1i2!8m2!3d41.151536!4d-8.618034!16s%2Fg%2F11jyw29_2v!19sChIJP7E9WgJlJA0R6Roy5C1l3jc?authuser=0&hl=pt-BR&rclk=1,No,,
Hotel Moov Porto Centro,,,"Praça da Batalha 32, 4000-101 Porto, Portugal","4,3",,PT,Praça da Batalha 32,41.145722,-8.606788,"Hotel de 2 estrelas in Paços de Ferreira, Portugal",https://www.google.com/maps/place/Hotel+Moov+Porto+Centro/data=!4m10!3m9!1s0xd2464e5c0b32667:0x85efcd48500c3e36!5m2!4m1!1i2!8m2!3d41.145722!4d-8.606788!16s%2Fg%2F11clgjdbn4!19sChIJZyazwOVkJA0RNj4MUEjN74U?authuser=0&hl=pt-BR&rclk=1,No,,
Hotel Senhora do Espinheiro - Serra da Estrela,,,"Estrada Nacional 339, Sra do Espinheiro, Aldeia da Serra, 6270-371 Seia, Portugal","4,4",,PT,Aldeia da Serra,40.413132,-7.675163,"Albergue in Paços de Ferreira, Portugal",https://www.google.com/maps/place/Hotel+Senhora+do+Espinheiro+-+Serra+da+Estrela/data=!4m10!3m9!1s0xd3cd65d9f808ddf:0x21c1bddd79a55dcd!5m2!4m1!1i2!8m2!3d40.413132!4d-7.675163!16s%2Fg%2F1w0h8t93!19sChIJ342An13WPA0RzV2led29wSE?authuser=0&hl=pt-BR&rclk=1,No,,
HOTEL ibis Porto Centro Mercado Bolhão,,,"R. de Sá da Bandeira 567 Rnet 9272, 4000-437 Porto, Portugal","4,3",,PT,R. de Sá da Bandeira 567 Rnet 9272,41.151261,-8.606773,"Hotel de 3 estrelas in Paços de Ferreira, Portugal",https://www.google.com/maps/place/HOTEL+ibis+Porto+Centro+Mercado+Bolh%C3%A3o/data=!4m10!3m9!1s0xd2464faedd6c799:0x2e27468f06c4553!5m2!4m1!1i2!8m2!3d41.151261!4d-8.606773!16s%2Fg%2F11fs0j14my!19sChIJmcfW7fpkJA0RU0Vs8Gh04gI?authuser=0&hl=pt-BR&rclk=1,No,,
Mirandesa Garden,,,"R. do Duque de Saldanha 512, 4300-462 Porto, Portugal","3,5",,PT,R. do Duque de Saldanha 512,41.14626,-8.5972799,"Hotel de 3 estrelas in Paços de Ferreira, Portugal",https://www.google.com/maps/place/Mirandesa+Garden/data=!4m10!3m9!1s0xd2464ec66475363:0xf7d21e57a12680b4!5m2!4m1!1i2!8m2!3d41.14626!4d-8.5972799!16s%2Fg%2F1vr3ffk2!19sChIJY1NHZuxkJA0RtIAmoVce0vc?authuser=0&hl=pt-BR&rclk=1,No,,
Restaurante Berne,,,"Estr. da Lapa, 6260-191 Manteigas, Portugal","4,6",,PT,Estr. da Lapa,40.395021,-7.538456,"Hotel in Paços de Ferreira, Portugal",https://www.google.com/maps/place/Restaurante+Berne/data=!4m10!3m9!1s0xd3cd8a4339b85a1:0x3725ace05b97d8ed!5m2!4m1!1i2!8m2!3d40.395021!4d-7.538456!16s%2Fg%2F11b7bzp_04!19sChIJoYWbM6TYPA0R7diXW-CsJTc?authuser=0&hl=pt-BR&rclk=1,No,,
Casa de Burros,,'+351924357282,"Tv. do Casalinho 6, 6000-541 Juncal do Campo, Portugal","4,0",,PT,Tv. do Casalinho 6,39.9061986,-7.614925,"Hotel de 3 estrelas in Castelo Branco, Portugal",https://www.google.com/maps/place/Casa+de+Burros/data=!4m10!3m9!1s0xd3d4ff76f880897:0xf428eda81c958c01!5m2!4m1!1i2!8m2!3d39.9061986!4d-7.614925!16s%2Fg%2F11b7qd1gw3!19sChIJlwiIb_dPPQ0RAYyVHKjtKPQ?authuser=0&hl=pt-BR&rclk=1,No,,
Quinta da Eira,,'+351933875653,"Oliveiras, 6150-724 Sobreira Formosa, Portugal","4,3",,PT,Oliveiras,39.7895938,-7.8318848,"Hotel de 3 estrelas in Castelo Branco, Portugal",https://www.google.com/maps/place/Quinta+da+Eira/data=!4m10!3m9!1s0xd22ab832501ca29:0x47ef5b0c6b07c6ac!5m2!4m1!1i2!8m2!3d39.7895938!4d-7.8318848!16s%2Fg%2F12lt3df61!19sChIJKcoBJYOrIg0RrMYHawxb70c?authuser=0&hl=pt-BR&rclk=1,No,,
Europa-restaurante Residencial Lda.,,'+351272347356,"6000-459 Castelo Branco, Portugal","3,8",,PT,,39.8063317,-7.5178607,"Hotel de 3 estrelas in Castelo Branco, Portugal",https://www.google.com/maps/place/Europa-restaurante+Residencial+Lda./data=!4m10!3m9!1s0xd3d5c287c2924bd:0xc664aec872f15dc1!5m2!4m1!1i2!8m2!3d39.8063317!4d-7.5178607!16s%2Fg%2F1thqj19n!19sChIJvSQpfChcPQ0RwV3xcsiuZMY?authuser=0&hl=pt-BR&rclk=1,No,,
Casa dos Bordados,,'+351914451823,"N 9, 6000-044 Castelo Branco, Portugal",,,PT,N 9,39.824124,-7.470059,"Hotel de 3 estrelas in Castelo Branco, Portugal",https://www.google.com/maps/place/Casa+dos+Bordados/data=!4m10!3m9!1s0xd3d5dd8185db93d:0xe37b456ecc16b847!5m2!4m1!1i2!8m2!3d39.824124!4d-7.470059!16s%2Fg%2F11k3rjt0zc!19sChIJPbldGNhdPQ0RR7gWzG5Fe-M?authuser=0&hl=pt-BR&rclk=1,No,,
Castrum Sentido,,'+351964659714,"Av. Nuno Álvares 29 b, 6000-083 Castelo Branco, Portugal","1,0",,PT,Av. Nuno Álvares 29 b,39.8213494,-7.4922824,"Hotel de 3 estrelas in Castelo Branco, Portugal",https://www.google.com/maps/place/Castrum+Sentido/data=!4m10!3m9!1s0xd3d5e82aaf75b3f:0x20e9348405758c2f!5m2!4m1!1i2!8m2!3d39.8213494!4d-7.4922824!16s%2Fg%2F11dfgqgfmf!19sChIJP1v3qoJePQ0RL4x1BYQ06SA?authuser=0&hl=pt-BR&rclk=1,No,,
Aibnb,,,"R. do Bonjardim 389, 4000-220 Porto, Portugal",,,PT,R. do Bonjardim 389,41.1504138,-8.6091627,"Hospedagem domiciliar in Paços de Ferreira, Portugal",https://www.google.com/maps/place/Aibnb/data=!4m7!3m6!1s0xd246500071de57f:0x7891bc45f97af705!8m2!3d41.1504138!4d-8.6091627!16s%2Fg%2F11yrb2qp_x!19sChIJf-UdBwBlJA0RBfd6-UW8kXg?authuser=0&hl=pt-BR&rclk=1,No,Hospedagem domiciliar,
Tapada das Carvalhas,,'+351964429209,"R. do Bonfim 114, 6000-186 Castelo Branco, Portugal","5,0",,PT,R. do Bonfim 114,39.8292491,-7.4695895,"Hotel in Castelo Branco, Portugal",https://www.google.com/maps/place/Tapada+das+Carvalhas/data=!4m10!3m9!1s0xd3d5da28fc531cf:0xe6e177ee69cafd9e!5m2!4m1!1i2!8m2!3d39.8292491!4d-7.4695895!16s%2Fg%2F11xsk_f19h!19sChIJzzHFj6JdPQ0Rnv3Kae534eY?authuser=0&hl=pt-BR&rclk=1,No,,
"Casa da Lardosa, Guesthouse",,'+351961082926,"Av. de Santo António 54, 6005-193, Portugal","3,5",,PT,Av. de Santo António 54,39.9876564,-7.4557454,"Hotel in Castelo Branco, Portugal","https://www.google.com/maps/place/Casa+da+Lardosa,+Guesthouse/data=!4m10!3m9!1s0xd3d4104b4d6a0a3:0x7823de693b9e692c!5m2!4m1!1i2!8m2!3d39.9876564!4d-7.4557454!16s%2Fg%2F11rsjw01m9!19sChIJo6DWtARBPQ0RLGmeO2neI3g?authuser=0&hl=pt-BR&rclk=1",No,,
Lpa Pereira Hotel Restaurante,,'+351916786459,"ZONA INDUSTRIAL LOTE 1, 6030-012 Fratel, Portugal","4,1",,PT,ZONA INDUSTRIAL LOTE 1,39.6303989,-7.7522834,"Hotel in Castelo Branco, Portugal",https://www.google.com/maps/place/Lpa+Pereira+Hotel+Restaurante/data=!4m10!3m9!1s0xd17f996a7025c4f:0xd2b2f870a67df61f!5m2!4m1!1i2!8m2!3d39.6303989!4d-7.7522834!16s%2Fg%2F11tjf78wd5!19sChIJT1wCp5b5Fw0RH_Z9pnD4stI?authuser=0&hl=pt-BR&rclk=1,No,,
portugese place,,,"R. dos Manjericos 59A, 4000-526 Porto, Portugal",,,PT,R. dos Manjericos 59A,41.1450424,-8.601404,"Hospedagem domiciliar in Paços de Ferreira, Portugal",https://www.google.com/maps/place/portugese+place/data=!4m7!3m6!1s0xd2465007488b735:0x8978a89b3d927176!8m2!3d41.1450424!4d-8.601404!16s%2Fg%2F11lz_cg6nd!19sChIJNbeIdABlJA0RdnGSPZuoeIk?authuser=0&hl=pt-BR&rclk=1,No,Hospedagem domiciliar,
Casa das Olarias - Castelo Branco,,'+351933420703,"R. das Olarias 82, 6000-176 Castelo Branco, Portugal","5,0",,PT,R. das Olarias 82,39.8274724,-7.4929049,"Hotel in Castelo Branco, Portugal",https://www.google.com/maps/place/Casa+das+Olarias+-+Castelo+Branco/data=!4m10!3m9!1s0xd3d5d23dc4417c9:0x4163477e845866e8!5m2!4m1!1i2!8m2!3d39.8274724!4d-7.4929049!16s%2Fg%2F11yj76z0bt!19sChIJyRdE3CNdPQ0R6GZYhH5HY0E?authuser=0&hl=pt-BR&rclk=1,No,,
Solar Dos Caldeira E Bourbon,,'+351275901843,"Largo da Igreja 2, Portugal","4,3",,PT,Largo da Igreja 2,40.0231003,-7.3944995,"Hotel in Castelo Branco, Portugal",https://www.google.com/maps/place/Solar+Dos+Caldeira+E+Bourbon/data=!4m10!3m9!1s0xd3d6b6ec93aa963:0x32d9699d29632f8f!5m2!4m1!1i2!8m2!3d40.0231003!4d-7.3944995!16s%2Fg%2F1ptwrpvnn!19sChIJY6k6yW5rPQ0Rjy9jKZ1p2TI?authuser=0&hl=pt-BR&rclk=1,No,,
Family Hostel Costa Nova,,,"Região Centro PT, Av. José Estevão 190, 3830-453 Gafanha da Encarnação, Portugal","4,5",,PT,Av. José Estevão 190,40.613182,-8.750075,"Albergue in Paços de Ferreira, Portugal",https://www.google.com/maps/place/Family+Hostel+Costa+Nova/data=!4m10!3m9!1s0xd23be09bd19f429:0x8d0fb6406c5c824f!5m2!4m1!1i2!8m2!3d40.613182!4d-8.750075!16s%2Fg%2F11j5sy1mvj!19sChIJKfQZvQm-Iw0RT4JcbEC2D40?authuser=0&hl=pt-BR&rclk=1,No,,
Alojamento Turístico São Torcato,,,"Sao Torcato Moradal, 6160-132 Estreito, Portugal","4,7",,PT,Sao Torcato Moradal,39.944094,-7.797726,"Hotel de 3 estrelas in Castelo Branco, Portugal",https://www.google.com/maps/place/Alojamento+Tur%C3%ADstico+S%C3%A3o+Torcato/data=!4m10!3m9!1s0xd22b3387159a1ad:0x17cea86e5ad57894!5m2!4m1!1i2!8m2!3d39.944094!4d-7.797726!16s%2Fg%2F1tfks13z!19sChIJraFZcTizIg0RlHjVWm6ozhc?authuser=0&hl=pt-BR&rclk=1,No,,
Cró Hotel Rural,,,"N324, 6324-011, Portugal","4,4",,PT,N324,40.443292,-7.042752,"Hotel de 4 estrelas in Castelo Branco, Portugal",https://www.google.com/maps/place/Cr%C3%B3+Hotel+Rural/data=!4m10!3m9!1s0xd3c54e6e22f96e1:0xb291e15f5e0c4bca!5m2!4m1!1i2!8m2!3d40.443292!4d-7.042752!16s%2Fg%2F11cm_h73p3!19sChIJ4ZYv4uZUPA0RyksMXl_hkbI?authuser=0&hl=pt-BR&rclk=1,No,,
Escola Primaria - stay here,,,"Rua Cimeira s/n, 6000-699 Vale Maria Dona, Portugal","4,9",,PT,Rua Cimeira s/n,39.9059787,-7.7312036,"Hospedagem domiciliar in Castelo Branco, Portugal",https://www.google.com/maps/place/Escola+Primaria+-+stay+here/data=!4m7!3m6!1s0xd3d4dfcf597e86d:0x80f1bfb2d6c820e6!8m2!3d39.9059787!4d-7.7312036!16s%2Fg%2F11t7b_7f26!19sChIJbeiX9fxNPQ0R5iDI1rK_8YA?authuser=0&hl=pt-BR&rclk=1,No,Hospedagem domiciliar,
Pensão Luis,,,"Av. 1 de Maio, 6000-291 Castelo Branco, Portugal",,,PT,Av. 1 de Maio,39.8206595,-7.4950719,"Hospedagem domiciliar in Castelo Branco, Portugal",https://www.google.com/maps/place/Pens%C3%A3o+Luis/data=!4m7!3m6!1s0xd3d5f0027192955:0xb6951ff8f4109abc!8m2!3d39.8206595!4d-7.4950719!16s%2Fg%2F11zc0rt505!19sChIJVSkZJwBfPQ0RvJoQ9PgflbY?authuser=0&hl=pt-BR&rclk=1,No,Hospedagem domiciliar,
Yaman,,,"6000-117 Castelo Branco, Portugal",,,PT,,39.8196165,-7.4965133,"Hospedagem domiciliar in Castelo Branco, Portugal",https://www.google.com/maps/place/Yaman/data=!4m7!3m6!1s0xd3d5f0aea2fc1e5:0xc57e9bcf1f3496e5!8m2!3d39.8196165!4d-7.4965133!16s%2Fg%2F11tp47y527!19sChIJ5cEv6gpfPQ0R5ZY0H8-bfsU?authuser=0&hl=pt-BR&rclk=1,No,Hospedagem domiciliar,
Casa do Balcão,,'+351917751417,"R. do Fundo 36, 6000-610 Póvoa de Rio de Moinhos, Portugal","4,4",,PT,R. do Fundo 36,39.9411926,-7.5045254,"Hotel de 3 estrelas in Castelo Branco, Portugal",https://www.google.com/maps/place/Casa+do+Balc%C3%A3o/data=!4m10!3m9!1s0xd3d437518cb607d:0x7caf5582050668ed!5m2!4m1!1i2!8m2!3d39.9411926!4d-7.5045254!16s%2Fg%2F11c5crfs6p!19sChIJfWDLGHVDPQ0R7WgGBYJVr3w?authuser=0&hl=pt-BR&rclk=1,No,,
Casa Grade - Long stay only,,'+351931929366,"Rua do Povo 7, 6000-689 Grade, Portugal",,,PT,Rua do Povo 7,39.9116914,-7.6809396,"Hospedagem domiciliar in Castelo Branco, Portugal",https://www.google.com/maps/place/Casa+Grade+-+Long+stay+only/data=!4m7!3m6!1s0xd3d4f67fcbc0af5:0x847f6ed9f7358374!8m2!3d39.9116914!4d-7.6809396!16s%2Fg%2F11rmw71vkp!19sChIJ9Qq8_GdPPQ0RdIM199luf4Q?authuser=0&hl=pt-BR&rclk=1,No,Hospedagem domiciliar,
Vinha Velha Ganitos,,,"R. dos Granitos 15, Castelo Branco, Portugal",,,PT,R. dos Granitos 15,39.8364463,-7.5054269,"Hospedagem domiciliar in Castelo Branco, Portugal",https://www.google.com/maps/place/Vinha+Velha+Ganitos/data=!4m7!3m6!1s0xd3d5d730a2c4d39:0xb71f8036a4822b1c!8m2!3d39.8364463!4d-7.5054269!16s%2Fg%2F11q83_wtqj!19sChIJOU0sCnNdPQ0RHCuCpDaAH7c?authuser=0&hl=pt-BR&rclk=1,No,Hospedagem domiciliar,
Ramundo house for Indians,,,"3H7F+2V, Póvoa de Atalaia, Portugal","5,0",1,PT,3H7F+2V,40.0625877,-7.4253505,"Hospedagem domiciliar in Castelo Branco, Portugal",https://www.google.com/maps/place/Ramundo+house+for+Indians/data=!4m7!3m6!1s0xd3d6b2ba1c37c51:0xe34675caba3d2df2!8m2!3d40.0625877!4d-7.4253505!16s%2Fg%2F11vkpn94jg!19sChIJUXzDoStrPQ0R8i09usp1RuM?authuser=0&hl=pt-BR&rclk=1,No,Hospedagem domiciliar,
Casa Principal Portugal,,'+351966177093,"R. Principal 1311, 6150-017 Alvito da Beira, Portugal","3,0",,PT,R. Principal 1311,39.809053,-7.7969667,"Hospedagem domiciliar in Castelo Branco, Portugal",https://www.google.com/maps/place/Casa+Principal+Portugal/data=!4m10!3m9!1s0xd22ade605686f4b:0xc20a9fcf94a4c783!5m2!4m1!1i2!8m2!3d39.809053!4d-7.7969667!16s%2Fg%2F11p0fy9d9y!19sChIJS29oBeatIg0Rg8eklM-fCsI?authuser=0&hl=pt-BR&rclk=1,No,,
C&A,,,"Rua das Casas 6030, Portugal",,,PT,Rua das Casas 6030,39.5756337,-7.776041,"Hospedagem domiciliar in Castelo Branco, Portugal",https://www.google.com/maps/place/C%26A/data=!4m7!3m6!1s0xd17f9001bf32c19:0x4c9c98d4f6dd48c9!8m2!3d39.5756337!4d-7.776041!16s%2Fg%2F11w9gwm_0r!19sChIJGSzzGwD5Fw0RyUjd9tSYnEw?authuser=0&hl=pt-BR&rclk=1,No,Hospedagem domiciliar,
Casa do Silvério,,'+351934600272,"Travessa do Sr° da Agonia n° 2, 6230-137 Barroca, Portugal","4,3",,PT,Travessa do Sr° da Agonia n° 2,40.1086804,-7.7175278,"Hospedagem domiciliar in Castelo Branco, Portugal",https://www.google.com/maps/place/Casa+do+Silv%C3%A9rio/data=!4m10!3m9!1s0xd3d3507cbc0fb21:0xcb8fc34f512d67bf!5m2!4m1!1i2!8m2!3d40.1086804!4d-7.7175278!16s%2Fg%2F11tcwwglpz!19sChIJIfvAywc1PQ0Rv2ctUU_Dj8s?authuser=0&hl=pt-BR&rclk=1,No,,
蒙杉圖圖住宿,,,"Portugal, Monsanto, R. da Capela, 20",,,PT,R. da Capela,40.0394106,-7.1150121,"Hospedagem domiciliar in Castelo Branco, Portugal",https://www.google.com/maps/place/%E8%92%99%E6%9D%89%E5%9C%96%E5%9C%96%E4%BD%8F%E5%AE%BF/data=!4m7!3m6!1s0xd3d75abc1170319:0x9a889a28b74a0a2e!8m2!3d40.0394106!4d-7.1150121!16s%2Fg%2F11tdqvbgyt!19sChIJGQMXwat1PQ0RLgpKtyiaiJo?authuser=0&hl=pt-BR&rclk=1,No,Hospedagem domiciliar,
Herdade do Montinho Parcela 2,,,"7GWW+P9, Portalegre, Portugal","4,7",,PT,7GWW+P9,39.2967675,-7.4540651,"Hospedagem domiciliar in Castelo Branco, Portugal",https://www.google.com/maps/place/Herdade+do+Montinho+Parcela+2/data=!4m7!3m6!1s0xd1797139cfa6ebb:0x7d7ce72db12cdf73!8m2!3d39.2967675!4d-7.4540651!16s%2Fg%2F11py_nrb_f!19sChIJu276nBOXFw0Rc98ssS3nfH0?authuser=0&hl=pt-BR&rclk=1,No,Hospedagem domiciliar,
Meliá Castelo Branco,,,"Rua da Piscina, 6000-776 Castelo Branco, Portugal","4,4",,PT,Rua da Piscina,39.826404,-7.498933,"Hotel in Castelo Branco, Portugal",https://www.google.com/maps/place/Meli%C3%A1+Castelo+Branco/data=!4m10!3m9!1s0xd3d5c23e0947e2f:0xc7d8aabf543fe0d6!5m2!4m1!1i2!8m2!3d39.826404!4d-7.498933!16s%2Fg%2F11bw3d5kvv!19sChIJL36U4CNcPQ0R1uA_VL-q2Mc?authuser=0&hl=pt-BR&rclk=1,No,,
Castelejo,,,"R. do Fundo 17, Castelejo, Portugal","4,5",,PT,R. do Fundo 17,40.1236073,-7.5786897,"Hospedagem domiciliar in Castelo Branco, Portugal",https://www.google.com/maps/place/Castelejo/data=!4m7!3m6!1s0xd3d391f8f05369b:0xf5c8fe71e273c645!8m2!3d40.1236073!4d-7.5786897!16s%2Fg%2F11t0w5lltn!19sChIJmzYFjx85PQ0RRcZz4nH-yPU?authuser=0&hl=pt-BR&rclk=1,No,Hospedagem domiciliar,
Montinho das corgas,,,"Montinho das Corgas, 6150-328 Proença-a-Nova, Portugal",,,PT,Montinho das Corgas,39.8037924,-7.9107885,"Hospedagem domiciliar in Castelo Branco, Portugal",https://www.google.com/maps/place/Montinho+das+corgas/data=!4m7!3m6!1s0xd22af00463eee35:0x4728ff7f8431ff90!8m2!3d39.8037924!4d-7.9107885!16s%2Fg%2F11zg9xfpnv!19sChIJNe4-RgCvIg0RkP8xhH__KEc?authuser=0&hl=pt-BR&rclk=1,No,Hospedagem domiciliar,
Casa Loma,,,"Rua Fundo do Casal, Malhadal, 6150-342, Portugal",,,PT,Malhadal,39.7819224,-7.9482705,"Hospedagem domiciliar in Castelo Branco, Portugal",https://www.google.com/maps/place/Casa+Loma/data=!4m7!3m6!1s0xd22a90019b220a3:0xc3e5a95e295fc974!8m2!3d39.7819224!4d-7.9482705!16s%2Fg%2F11yyycbqtk!19sChIJoyCyGQCpIg0RdMlfKV6p5cM?authuser=0&hl=pt-BR&rclk=1,No,Hospedagem domiciliar,
Mosteiro,,,"V2WM+72, Portugal","5,0",,PT,V2WM+72,39.8957506,-7.9673976,"Hospedagem domiciliar in Castelo Branco, Portugal",https://www.google.com/maps/place/Mosteiro/data=!4m7!3m6!1s0xd22bbb47fa4bbbf:0x2e91f20c3c7b8980!8m2!3d39.8957506!4d-7.9673976!16s%2Fg%2F11ksl3_gt4!19sChIJv7ukf7S7Ig0RgIl7PAzykS4?authuser=0&hl=pt-BR&rclk=1,No,Hospedagem domiciliar,
A Casinha - Rooms (and much more for free),,'+351924466418,"Travessa da Igreja 60, Carreira do Mato, 2200-601 Aldeia do Mato, Portugal","5,0",1,PT,Carreira do Mato,39.5542904,-8.254169,"Hospedagem domiciliar in Castelo Branco, Portugal",https://www.google.com/maps/place/A+Casinha+-+Rooms+%28and+much+more+for+free%29/data=!4m10!3m9!1s0xd1871543d1743f7:0xe7dde703944b8051!5m2!4m1!1i2!8m2!3d39.5542904!4d-8.254169!16s%2Fg%2F11v6xs7p1t!19sChIJ90MXPVRxGA0RUYBLlAPn3ec?authuser=0&hl=pt-BR&rclk=1,No,,
Catrao,,,"Catrão, Alpedrinha, Portugal",,,PT,Catrão,40.1066643,-7.3738829,"Hospedagem domiciliar in Castelo Branco, Portugal",https://www.google.com/maps/place/Catrao/data=!4m7!3m6!1s0xd3d15007a592b0d:0x3093478a58ac07c6!8m2!3d40.1066643!4d-7.3738829!16s%2Fg%2F11ltct46rw!19sChIJDStZegAVPQ0RxgesWIpHkzA?authuser=0&hl=pt-BR&rclk=1,No,Hospedagem domiciliar,
Lagoa das traves,,,"Estr. da Ponte, 6150-311, Portugal","5,0",1,PT,Estr. da Ponte,39.7590004,-8.0202425,"Hospedagem domiciliar in Castelo Branco, Portugal",https://www.google.com/maps/place/Lagoa+das+traves/data=!4m7!3m6!1s0xd22a78fa163249f:0xa2e737b77f57f456!8m2!3d39.7590004!4d-8.0202425!16s%2Fg%2F11ks1db7yd!19sChIJnyRjoY-nIg0RVvRXf7c356I?authuser=0&hl=pt-BR&rclk=1,No,Hospedagem domiciliar,
Vale dos Vascos,,'+351963098299,"Vale dos Vascos, 6160-010, Portugal","5,0",,PT,Vale dos Vascos,39.9526932,-7.9795343,"Hospedagem domiciliar in Castelo Branco, Portugal",https://www.google.com/maps/place/Vale+dos+Vascos/data=!4m7!3m6!1s0xd22b9006e50cf21:0x1b1838e4a54cc492!8m2!3d39.9526932!4d-7.9795343!16s%2Fg%2F11vpdn1r71!19sChIJIc9QbgC5Ig0RksRMpeQ4GBs?authuser=0&hl=pt-BR&rclk=1,No,Hospedagem domiciliar,
Loureiro Casa & Taberna,,'+351969360593,"Rua dos Cotrim 430, 2240, Portugal","5,0",,PT,Rua dos Cotrim 430,39.7383733,-8.2488788,"Hospedagem domiciliar in Castelo Branco, Portugal",https://www.google.com/maps/place/Loureiro+Casa+%26+Taberna/data=!4m7!3m6!1s0xd229d0058f5bf43:0xea2ab99768c7a9f7!8m2!3d39.7383733!4d-8.2488788!16s%2Fg%2F11z4wwv8qh!19sChIJQ7_1WACdIg0R96nHaJe5Kuo?authuser=0&hl=pt-BR&rclk=1,No,Hospedagem domiciliar,
Alves,,,"Camba, Rua da Fonte 2, 3320-072, Portugal",,,PT,Rua da Fonte 2,40.174292,-7.8598199,"Hospedagem domiciliar in Castelo Branco, Portugal",https://www.google.com/maps/place/Alves/data=!4m7!3m6!1s0xd250900294d0571:0xc0bb2ce7c2722333!8m2!3d40.174292!4d-7.8598199!16s%2Fg%2F11zgfd3yx6!19sChIJcQVNKQAJJQ0RMyNywucsu8A?authuser=0&hl=pt-BR&rclk=1,No,Hospedagem domiciliar,
Charming house with a view,,,"Tv. da Praça de Cima 2a, 6230-050 Aldeia Nova do Cabo, Portugal",,,PT,Tv. da Praça de Cima 2a,40.1318505,-7.5323674,"Hospedagem domiciliar in Castelo Branco, Portugal",https://www.google.com/maps/place/Charming+house+with+a+view/data=!4m7!3m6!1s0xd3d3900722a9811:0xc327b56230681f92!8m2!3d40.1318505!4d-7.5323674!16s%2Fg%2F11y_20mqn8!19sChIJEZgqcgA5PQ0Rkh9oMGK1J8M?authuser=0&hl=pt-BR&rclk=1,No,Hospedagem domiciliar,
Quinta do Badaro,,,"R. da Fonte Nova, Gavião, Portugal","5,0",1,PT,R. da Fonte Nova,39.4586021,-7.931461,"Hospedagem domiciliar in Castelo Branco, Portugal",https://www.google.com/maps/place/Quinta+do+Badaro/data=!4m7!3m6!1s0xd1819000dfe8907:0x45a0b644189a4af8!8m2!3d39.4586021!4d-7.931461!16s%2Fg%2F11wc5506bj!19sChIJB4n-DQAZGA0R-EqaGES2oEU?authuser=0&hl=pt-BR&rclk=1,No,Hospedagem domiciliar,
Lisboa,,,"São Miguel do Rio Torto, Portugal","3,0",,PT,São Miguel do Rio Torto,39.399872,-8.224454,"Hospedagem domiciliar in Castelo Branco, Portugal",https://www.google.com/maps/place/Lisboa/data=!4m10!3m9!1s0xd1869dbe9da3fdd:0xc3d1bc7c394ccb00!5m2!4m1!1i2!8m2!3d39.399872!4d-8.224454!16s%2Fg%2F11t_yhm9dq!19sChIJ3T_a6dtpGA0RAMtMOXy80cM?authuser=0&hl=pt-BR&rclk=1,No,,
Malcata Naturalmente,,,"R. do Cabeço Nº 43, 6320-181, Portugal","5,0",1,PT,R. do Cabeço Nº 43,40.2974597,-7.0716867,"Hospedagem domiciliar in Castelo Branco, Portugal",https://www.google.com/maps/place/Malcata+Naturalmente/data=!4m7!3m6!1s0xd3da9001234fe27:0xbed563880162a69a!8m2!3d40.2974597!4d-7.0716867!16s%2Fg%2F11vrhb8tgx!19sChIJJ_40EgCpPQ0RmqZiAYhj1b4?authuser=0&hl=pt-BR&rclk=1,No,Hospedagem domiciliar,
Quinta da Cântara - Marvão,,'+351919710340,"Vale de Ródão, 7330-151 Marvão, Portugal","4,5",,PT,Vale de Ródão,39.4162317,-7.3855007,"Hospedagem domiciliar in Castelo Branco, Portugal",https://www.google.com/maps/place/Quinta+da+C%C3%A2ntara+-+Marv%C3%A3o/data=!4m7!3m6!1s0xd17bf602c3dff4d:0xa145025ae199bf67!8m2!3d39.4162317!4d-7.3855007!16s%2Fg%2F11v3jsq09m!19sChIJTf89LGC_Fw0RZ7-Z4VoCRaE?authuser=0&hl=pt-BR&rclk=1,No,Hospedagem domiciliar,
Quinta da Cântara - Marvão,,'+351919710340,"Vale de Ródão, 7330-151 Marvão, Portugal","4,5",,PT,Vale de Ródão,40.147739,-7.2200016,"Hospedagem domiciliar in Castelo Branco, Portugal",https://www.google.com/maps/place/Quinta/data=!4m7!3m6!1s0xd3d0d0058dab1ff:0x8723921cd3984395!8m2!3d40.147739!4d-7.2200016!16s%2Fg%2F11z515h81p!19sChIJ_7HaWAANPQ0RlUOY0xySI4c?authuser=0&hl=pt-BR&rclk=1,No,Hospedagem domiciliar,
Quintal de São Marcos,,'+351966169633,"Tv. da Rua Dona Emília Oliveira Pinto, 6000-247 Castelo Branco, Portugal","4,9",,PT,Tv. da Rua Dona Emília Oliveira Pinto,39.8241175,-7.4885626,"Hotel in Castelo Branco, Portugal",https://www.google.com/maps/place/Quintal+de+S%C3%A3o+Marcos/data=!4m10!3m9!1s0xd3d5d35a08d0e85:0xac16ded40a923d06!5m2!4m1!1i2!8m2!3d39.8241175!4d-7.4885626!16s%2Fg%2F11ywd6g10c!19sChIJhQ6NoDVdPQ0RBj2SCtTeFqw?authuser=0&hl=pt-BR&rclk=1,No,,
Casa da Capela,,,"Rua da Capela 3, Dejusta, Tomar, Portugal","5,0",,PT,Dejusta,39.6506684,-8.3419627,"Hospedagem domiciliar in Castelo Branco, Portugal",https://www.google.com/maps/place/Casa+da+Capela/data=!4m7!3m6!1s0xd1879001c8ba2ab:0x20f721150334a9b5!8m2!3d39.6506684!4d-8.3419627!16s%2Fg%2F11wfkfm8pv!19sChIJq6KLHAB5GA0Rtak0AxUh9yA?authuser=0&hl=pt-BR&rclk=1,No,Hospedagem domiciliar,
"Hotel Rainha D. Amélia, Arts & Leisure",,,"Rua de Santiago 15, 6000-179 Castelo Branco, Portugal","4,0",,PT,Rua de Santiago 15,39.820605,-7.496636,"Hotel de 5 estrelas in Castelo Branco, Portugal","https://www.google.com/maps/place/Hotel+Rainha+D.+Am%C3%A9lia,+Arts+%26+Leisure/data=!4m10!3m9!1s0xd3d5e9df20288a7:0x749613e4f6f6e4bb!5m2!4m1!1i2!8m2!3d39.820605!4d-7.496636!16s%2Fg%2F1v1smjfq!19sChIJp4gC8p1ePQ0Ru-T29uQTlnQ?authuser=0&hl=pt-BR&rclk=1",No,,
Imperhotel,,,"R. de São João de Deus 9, Cova da Iria, 2495-456 Fátima, Portugal","4,2",,PT,Cova da Iria,39.632101,-8.666716,"Albergue in Castelo Branco, Portugal",https://www.google.com/maps/place/Imperhotel/data=!4m10!3m9!1s0xd189d36b4ef9113:0xad31531faf5f0c6a!5m2!4m1!1i2!8m2!3d39.632101!4d-8.666716!16s%2Fg%2F1wh4h3b7!19sChIJE5HvtDadGA0Ragxfrx9TMa0?authuser=0&hl=pt-BR&rclk=1,No,,
Atalia's Hostel Aventura,,'+351961572303,"Atalaia Estevão Vaz - Antiga Escola Primária da Aldeia da Atalaia, 6150-711 Proença-a-Nova, Portugal","3,5",,PT,Atalaia Estevão Vaz - Antiga Escola Primária da Aldeia da Atalaia,39.7706168,-7.8497851,"Albergue in Castelo Branco, Portugal",https://www.google.com/maps/place/Atalia%27s+Hostel+Aventura/data=!4m10!3m9!1s0xd22abb89a1e3cb7:0x5f378f89cb812359!5m2!4m1!1i2!8m2!3d39.7706168!4d-7.8497851!16s%2Fg%2F11cm_hw7ck!19sChIJtzwemrirIg0RWSOBy4mPN18?authuser=0&hl=pt-BR&rclk=1,No,,
O Miradouro,,'+351933736567,"Travessa do Forno, 6000-648, Portugal","4,1",,PT,Travessa do Forno,39.7765913,-7.7191319,"Albergue in Castelo Branco, Portugal",https://www.google.com/maps/place/O+Miradouro/data=!4m10!3m9!1s0xd3d551ad1d5eb39:0xe1b79ca772b2e516!5m2!4m1!1i2!8m2!3d39.7765913!4d-7.7191319!16s%2Fg%2F11g2w5dr9c!19sChIJOevV0RpVPQ0RFuWycqect-E?authuser=0&hl=pt-BR&rclk=1,No,,
Raízes Turismo Rural,,'+351963546632,"Q6V5+PV, 6150-116 Castelo Branco, Portugal","4,9",,PT,Q6V5+PV,39.7943125,-7.7903125,"Albergue in Castelo Branco, Portugal",https://www.google.com/maps/place/Ra%C3%ADzes+Turismo+Rural/data=!4m10!3m9!1s0xd22ab62d219e3ef:0x3c9a7b587cd134ac!5m2!4m1!1i2!8m2!3d39.7943125!4d-7.7903125!16s%2Fg%2F11sf0345_r!19sChIJ7-MZ0mKrIg0RrDTRfFh7mjw?authuser=0&hl=pt-BR&rclk=1,No,,
Hotel Ibn-Arrik,,,"R. Alexandre Herculano 18-24, Coimbra, Portugal","3,9",,PT,R. Alexandre Herculano 18-24,40.207669,-8.419687,"Hotel de 4 estrelas in Castelo Branco, Portugal",https://www.google.com/maps/place/Hotel+Ibn-Arrik/data=!4m10!3m9!1s0xd22f90ac06bfe95:0xacddfc97055296c0!5m2!4m1!1i2!8m2!3d40.207669!4d-8.419687!16s%2Fg%2F11dfj6wsvq!19sChIJlf5rwAr5Ig0RwJZSBZf83aw?authuser=0&hl=pt-BR&rclk=1,No,,
Sant'Ana Guest House,,'+351965848394,"Largo de Santana 9, 2400-147 Leiria, Portugal","4,0",,PT,Largo de Santana 9,39.7431895,-8.8077882,"Hospedaria in Pombal, Portugal",https://www.google.com/maps/place/Sant%27Ana+Guest+House/data=!4m10!3m9!1s0xd2273599b561f4b:0xeb73429d0c193a57!5m2!4m1!1i2!8m2!3d39.7431895!4d-8.8077882!16s%2Fg%2F11j8656fsh!19sChIJSx9Wm1lzIg0RVzoZDJ1Cc-s?authuser=0&hl=pt-BR&rclk=1,No,,
حاجیاں آباد پرتگال,,,"R. Tavares Proença Junior 1, 6000-282 Castelo Branco, Portugal",,,PT,R. Tavares Proença Junior 1,39.8243334,-7.4898841,"Hospedagem domiciliar in Castelo Branco, Portugal",https://www.google.com/maps/place/%D8%AD%D8%A7%D8%AC%DB%8C%D8%A7%DA%BA+%D8%A2%D8%A8%D8%A7%D8%AF+%D9%BE%D8%B1%D8%AA%DA%AF%D8%A7%D9%84%E2%80%AD/data=!4m7!3m6!1s0xd3d5d006eb90ca9:0x25000d13c5902837!8m2!3d39.8243334!4d-7.4898841!16s%2Fg%2F11w4t_z69z!19sChIJqQy5bgBdPQ0RNyiQxRMNACU?authuser=0&hl=pt-BR&rclk=1,No,Hospedagem domiciliar,
Hotel Quinta do Viso,,'+351239530400,"Urbanização Quinta do Viso-Vale, 3220-234 Miranda do Corvo, Portugal","3,8",,PT,Urbanização Quinta do Viso-Vale,40.0976269,-8.3268011,"Hotel de 3 estrelas in Pombal, Portugal",https://www.google.com/maps/place/Hotel+Quinta+do+Viso/data=!4m10!3m9!1s0xd22f18ad74bf905:0x9e5b2682318e2b0a!5m2!4m1!1i2!8m2!3d40.0976269!4d-8.3268011!16s%2Fg%2F1tfzyr_f!19sChIJBflL14rxIg0RCiuOMYImW54?authuser=0&hl=pt-BR&rclk=1,No,,
Centro de convívio de Sto Antônio,,,"R. da Creche 4, 6230-512 Orca, Portugal","5,0",1,PT,R. da Creche 4,40.0486623,-7.3664638,"Hospedagem domiciliar in Castelo Branco, Portugal",https://www.google.com/maps/place/Centro+de+conv%C3%ADvio+de+Sto+Ant%C3%B4nio/data=!4m7!3m6!1s0xd3d6b00613bb95f:0x72aef944dbf79f04!8m2!3d40.0486623!4d-7.3664638!16s%2Fg%2F11v_4w7_l0!19sChIJX7k7YQBrPQ0RBJ_320T5rnI?authuser=0&hl=pt-BR&rclk=1,No,Hospedagem domiciliar,
Orvalho,,,"4C5P+Q6, Souto da Casa, Portugal","4,7",,PT,4C5P+Q6,40.109486,-7.564433,"Hospedagem domiciliar in Castelo Branco, Portugal",https://www.google.com/maps/place/Orvalho/data=!4m7!3m6!1s0xd3d390062ea49e9:0xfc78ab2931888ae3!8m2!3d40.109486!4d-7.564433!16s%2Fg%2F11xkdf9db3!19sChIJ6UnqYgA5PQ0R44qIMSmrePw?authuser=0&hl=pt-BR&rclk=1,No,Hospedagem domiciliar,
Guest House Eça - Centro Histórico Leiria,,'+351915673189,"R. Gago Coutinho 28, 2400-080 Leiria, Portugal","4,7",,PT,R. Gago Coutinho 28,39.7453548,-8.8082755,"Hotel de 3 estrelas in Pombal, Portugal",https://www.google.com/maps/place/Guest+House+E%C3%A7a+-+Centro+Hist%C3%B3rico+Leiria/data=!4m10!3m9!1s0xd22736c0c41d0f9:0xf80dfd01bcbcc9bf!5m2!4m1!1i2!8m2!3d39.7453548!4d-8.8082755!16s%2Fg%2F11g1lmhgp3!19sChIJ-dBBDGxzIg0Rv8m8vAH9Dfg?authuser=0&hl=pt-BR&rclk=1,No,,
Casa do Viajante,,'+351914398331,"R. da Bidoeira 60, 2420-195, Portugal","4,0",,PT,R. da Bidoeira 60,39.8270976,-8.723966,"Hotel de 3 estrelas in Pombal, Portugal",https://www.google.com/maps/place/Casa+do+Viajante/data=!4m10!3m9!1s0xd226e22d2a02d2b:0x69ff3a0de7665ac7!5m2!4m1!1i2!8m2!3d39.8270976!4d-8.723966!16s%2Fg%2F11dfgt11b0!19sChIJKy2g0iJuIg0Rx1pm5w06_2k?authuser=0&hl=pt-BR&rclk=1,No,,
Rua do Cocharro,,,"W36Q+74, Portugal",,,PT,W36Q+74,39.9107192,-7.9122118,"Hospedagem domiciliar in Castelo Branco, Portugal",https://www.google.com/maps/place/Rua+do+Cocharro/data=!4m7!3m6!1s0xd22b10032a29ff9:0xcce0953d0e40334e!8m2!3d39.9107192!4d-7.9122118!16s%2Fg%2F11z4dcvknt!19sChIJ-Z-iMgCxIg0RTjNADj2V4Mw?authuser=0&hl=pt-BR&rclk=1,No,Hospedagem domiciliar,
Casa Do Ze Sapateiro,,,Portugal,"4,7",,PT,Portugal,39.9738757,-8.3258747,"Hotel de 3 estrelas in Pombal, Portugal",https://www.google.com/maps/place/Casa+Do+Ze+Sapateiro/data=!4m10!3m9!1s0xd228d76da1823f7:0x91bc4317884aed40!5m2!4m1!1i2!8m2!3d39.9738757!4d-8.3258747!16s%2Fg%2F1tfqs6c9!19sChIJ9yMY2naNIg0RQO1KiBdDvJE?authuser=0&hl=pt-BR&rclk=1,No,,
Pega,,,"6300-155, Portugal",,,PT,,40.4310459,-7.143994,"Hospedagem domiciliar in Castelo Branco, Portugal",https://www.google.com/maps/place/Pega/data=!4m7!3m6!1s0xd3cff004b40f473:0x8c9304ac013caa98!8m2!3d40.4310459!4d-7.143994!16s%2Fg%2F11nv2909r2!19sChIJc_RASwD_PA0RmKo8AawEk4w?authuser=0&hl=pt-BR&rclk=1,No,Hospedagem domiciliar,
Apartamento Travessa do Pranto,,'+351912776817,"Tv. Colégio de Nossa Sra. do Pranto 6, 2240-361 Ferreira do Zêzere, Portugal","4,5",,PT,Tv. Colégio de Nossa Sra. do Pranto 6,39.694582,-8.291322,"Hotel de 3 estrelas in Pombal, Portugal",https://www.google.com/maps/place/Apartamento+Travessa+do+Pranto/data=!4m10!3m9!1s0xd229d5cb999aedd:0x6d6fe4ad26c35f4d!5m2!4m1!1i2!8m2!3d39.694582!4d-8.291322!16s%2Fg%2F11f4wsx4j6!19sChIJ3a6ZuVydIg0RTV_DJq3kb20?authuser=0&hl=pt-BR&rclk=1,No,,
Otium Country House,,'+351914784547,"Otium Country House Rua Agripino Lopes Ferreira, 57 - Quinta do Sobral, 3240-417, Portugal","4,7",,PT,57 - Quinta do Sobral,39.9821101,-8.4764883,"Hotel de 3 estrelas in Pombal, Portugal",https://www.google.com/maps/place/Otium+Country+House/data=!4m10!3m9!1s0xd228aa3a27b2c6b:0xb4e4e483ad057197!5m2!4m1!1i2!8m2!3d39.9821101!4d-8.4764883!16s%2Fg%2F11b73rmhdd!19sChIJayx7oqOKIg0Rl3EFrYPk5LQ?authuser=0&hl=pt-BR&rclk=1,No,,
Casa de Newsham,,'+351925691370,"R. Jose Ribeiro de Carvalho, Cabaços, 3250-404, Portugal","5,0",,PT,Cabaços,39.7977902,-8.3456775,"Hotel de 3 estrelas in Pombal, Portugal",https://www.google.com/maps/place/Casa+de+Newsham/data=!4m10!3m9!1s0xd2284fd8b2ed3f7:0xa544e225f199655e!5m2!4m1!1i2!8m2!3d39.7977902!4d-8.3456775!16s%2Fg%2F11hzn54h1z!19sChIJ99Mui_2EIg0RXmWZ8SXiRKU?authuser=0&hl=pt-BR&rclk=1,No,,
Quinta Rede,,,"3GMM+6J, Alpedrinha, Portugal",,,PT,3GMM+6J,40.083036,-7.465946,"Hospedagem domiciliar in Castelo Branco, Portugal",https://www.google.com/maps/place/Quinta+Rede/data=!4m7!3m6!1s0xd3d3f00634a9d89:0x9fdd9b56f47f58ac!8m2!3d40.083036!4d-7.465946!16s%2Fg%2F11xfqhlg71!19sChIJiZ1KYwA_PQ0RrFh_9Fab3Z8?authuser=0&hl=pt-BR&rclk=1,No,Hospedagem domiciliar,
Cantinho da Aldeia,,,"R. Igreja 4, Portugal","5,0",,PT,R. Igreja 4,39.5358857,-8.4413885,"Hospedagem domiciliar in Castelo Branco, Portugal",https://www.google.com/maps/place/Cantinho+da+Aldeia/data=!4m7!3m6!1s0xd187d0072e16ddb:0x70ef1d36a3428a09!8m2!3d39.5358857!4d-8.4413885!16s%2Fg%2F11ldxxr12c!19sChIJ223hcgB9GA0RCYpCozYd73A?authuser=0&hl=pt-BR&rclk=1,No,Hospedagem domiciliar,
Casa Ti Carolina,,'+351914215449,"R. Nova 1, 2450-027 Famalicão, Portugal","4,8",,PT,R. Nova 1,39.537965,-9.082383,"Hospedagem domiciliar in Castelo Branco, Portugal",https://www.google.com/maps/place/Casa+Ti+Carolina/data=!4m7!3m6!1s0xd18af97fd030c25:0xe27e9046b722b5a6!8m2!3d39.537965!4d-9.082383!16s%2Fg%2F11l29wz620!19sChIJJQwD_ZevGA0RprUit0aQfuI?authuser=0&hl=pt-BR&rclk=1,No,Hospedagem domiciliar,
Casa na Travesa,,,"Tv. da Mota 22, Portugal",,,PT,Tv. da Mota 22,40.1322051,-7.4415819,"Hospedagem domiciliar in Castelo Branco, Portugal",https://www.google.com/maps/place/Casa+na+Travesa/data=!4m7!3m6!1s0xd3d3f00174318f7:0x128808dab1c4beee!8m2!3d40.1322051!4d-7.4415819!16s%2Fg%2F11zj1llf0h!19sChIJ9xhDFwA_PQ0R7r7EsdoIiBI?authuser=0&hl=pt-BR&rclk=1,No,Hospedagem domiciliar,
Xitaca do Pula,,,"Xitaca do Pula, 6200-151 Covilhã, Portugal","5,0",,PT,Xitaca do Pula,40.2805633,-7.5043272,"Hospedagem domiciliar in Castelo Branco, Portugal",https://www.google.com/maps/place/Xitaca+do+Pula/data=!4m7!3m6!1s0xd3d230048fe4e4d:0x3d8bb8bf89ae01da!8m2!3d40.2805633!4d-7.5043272!16s%2Fg%2F11w7sg16gk!19sChIJTU7-SAAjPQ0R2gGuib-4iz0?authuser=0&hl=pt-BR&rclk=1,No,Hospedagem domiciliar,
Casa de Joe,,,"R. de S. António, 3220-240 Miranda do Corvo, Portugal","5,0",1,PT,R. de S. António,40.0394159,-8.3222209,"Hospedagem domiciliar in Castelo Branco, Portugal",https://www.google.com/maps/place/Casa+de+Joe/data=!4m7!3m6!1s0xd22edb7d0eacab7:0x659ff7a20e2ad55e!8m2!3d40.0394159!4d-8.3222209!16s%2Fg%2F11l6dl9hyr!19sChIJt8rq0LftIg0RXtUqDqL3n2U?authuser=0&hl=pt-BR&rclk=1,No,Hospedagem domiciliar,
Monte da Bugiada,,'+351917305502,"Unnamed Road, 7580, Portugal","4,8",,PT,Unnamed Road,38.3609496,-8.359546,"Hospedagem domiciliar in Castelo Branco, Portugal",https://www.google.com/maps/place/Monte+da+Bugiada/data=!4m7!3m6!1s0xd19876b235ec2b7:0x4547f58866ca6fb!8m2!3d38.3609496!4d-8.359546!16s%2Fg%2F11px5y1srp!19sChIJt8JeI2uHGQ0R-6Zshlh_VAQ?authuser=0&hl=pt-BR&rclk=1,No,Hospedagem domiciliar,
Pinheiros,,,"R. do Canto 21, 2240-322, Portugal",,,PT,R. do Canto 21,39.687746,-8.4000844,"Hospedagem domiciliar in Castelo Branco, Portugal",https://www.google.com/maps/place/Pinheiros/data=!4m7!3m6!1s0xd2281002241ab49:0xf9c9bcf934d7404f!8m2!3d39.687746!4d-8.4000844!16s%2Fg%2F11yp8dcrjt!19sChIJSatBIgCBIg0RT0DXNPm8yfk?authuser=0&hl=pt-BR&rclk=1,No,Hospedagem domiciliar,
Quinta do sol nascente,,'+351967250933,"Alvaiázere, Portugal","5,0",1,PT,Alvaiázere,39.8774854,-8.3593384,"Hospedagem domiciliar in Castelo Branco, Portugal",https://www.google.com/maps/place/Quinta+do+sol+nascente/data=!4m7!3m6!1s0xd228f97cac813b1:0xe3d25f805ef33aa3!8m2!3d39.8774854!4d-8.3593384!16s%2Fg%2F11s1rpm_jy!19sChIJsRPIypePIg0RozrzXoBf0uM?authuser=0&hl=pt-BR&rclk=1,No,Hospedagem domiciliar,
Quinta da Barreta,,,"7G59+44, Covilhã, Portugal","5,0",1,PT,7G59+44,40.2578333,-7.4821389,"Hospedagem domiciliar in Castelo Branco, Portugal",https://www.google.com/maps/place/Quinta+da+Barreta/data=!4m7!3m6!1s0xd3d23006033b845:0xdc5d7b438f0a6b00!8m2!3d40.2578333!4d-7.4821389!16s%2Fg%2F11w1w2dqcy!19sChIJRbgzYAAjPQ0RAGsKj0N7Xdw?authuser=0&hl=pt-BR&rclk=1,No,Hospedagem domiciliar,
Casa da Fonte,,,"Rua das Sobreiras 290, 3300-221, Portugal",,,PT,Rua das Sobreiras 290,40.1620072,-7.9440848,"Hospedagem domiciliar in Castelo Branco, Portugal",https://www.google.com/maps/place/Casa+da+Fonte/data=!4m7!3m6!1s0xd22cf005caa42bd:0x506ccd927137dba5!8m2!3d40.1620072!4d-7.9440848!16s%2Fg%2F11x6cjwdrx!19sChIJvUKqXADPIg0Rpds3cZLNbFA?authuser=0&hl=pt-BR&rclk=1,No,Hospedagem domiciliar,
Espinhal,,,"Vila Cova de Alva, Portugal",,,PT,Vila Cova de Alva,40.2732086,-7.9387688,"Hospedagem domiciliar in Castelo Branco, Portugal",https://www.google.com/maps/place/Espinhal/data=!4m7!3m6!1s0xd22d10061be8193:0xa89f3591e35a515f!8m2!3d40.2732086!4d-7.9387688!16s%2Fg%2F11ywd6kwqf!19sChIJk4G-YQDRIg0RX1Fa45E1n6g?authuser=0&hl=pt-BR&rclk=1,No,Hospedagem domiciliar,
Casa das Pias,,'+351932422181,"Rua da Cancela, Pias, Portugal",,,PT,Rua da Cancela,39.7169311,-8.3349885,"Hospedagem domiciliar in Castelo Branco, Portugal",https://www.google.com/maps/place/Casa+das+Pias/data=!4m7!3m6!1s0xd2283000f7ee9c3:0x15186e5519bb6d9d!8m2!3d39.7169311!4d-8.3349885!16s%2Fg%2F11z2vzyyk4!19sChIJw-l-DwCDIg0RnW27GVVuGBU?authuser=0&hl=pt-BR&rclk=1,No,Hospedagem domiciliar,
Casa da Eira,,,"Rio Fundeiro, Ferreira do Zêzere, Portugal","5,0",,PT,Rio Fundeiro,39.7291252,-8.2415145,"Hospedagem domiciliar in Castelo Branco, Portugal",https://www.google.com/maps/place/Casa+da+Eira/data=!4m7!3m6!1s0xd229d002d2a3031:0x869a057a7be266f1!8m2!3d39.7291252!4d-8.2415145!16s%2Fg%2F11yc1jfm1b!19sChIJMTAqLQCdIg0R8Wbie3oFmoY?authuser=0&hl=pt-BR&rclk=1,No,Hospedagem domiciliar,
ALOJAMENTO,,,"Estr. do Sineiro 39, 6200-209 Covilhã, Portugal",,,PT,Estr. do Sineiro 39,40.2866603,-7.5124614,"Hospedagem domiciliar in Castelo Branco, Portugal",https://www.google.com/maps/place/ALOJAMENTO/data=!4m7!3m6!1s0xd3d2300088b4095:0x9ab09a88a5bf783!8m2!3d40.2866603!4d-7.5124614!16s%2Fg%2F11yjzg66m3!19sChIJlUCLCAAjPQ0Rg_dbiqgJqwk?authuser=0&hl=pt-BR&rclk=1,No,Hospedagem domiciliar,
Casal do Olho de Água,,,"MR7M+M3, Vila de Rei, Portugal",,,PT,MR7M+M3,39.6641471,-8.167357,"Hospedagem domiciliar in Castelo Branco, Portugal",https://www.google.com/maps/place/Casal+do+Olho+de+%C3%81gua/data=!4m7!3m6!1s0xd18750037376701:0xd2292d36b3b37304!8m2!3d39.6641471!4d-8.167357!16s%2Fg%2F11ntfrdjcz!19sChIJAWc3NwB1GA0RBHOzszYtKdI?authuser=0&hl=pt-BR&rclk=1,No,Hospedagem domiciliar,
Dave Green CT7AYQ.,,'+351926826994,"R. Encosta do Vale 35, 3250-174 Vendas, Portugal","5,0",,PT,R. Encosta do Vale 35,39.8472538,-8.3994954,"Hospedagem domiciliar in Castelo Branco, Portugal",https://www.google.com/maps/place/Dave+Green+CT7AYQ./data=!4m7!3m6!1s0xd2289deb71bd95d:0x7e4ea95ec794cde3!8m2!3d39.8472538!4d-8.3994954!16s%2Fg%2F11q_3l8dlv!19sChIJXdkbt96JIg0R482Ux16pTn4?authuser=0&hl=pt-BR&rclk=1,No,Hospedagem domiciliar,
Casa das Pias,,,"Rua da Cancela, Pias, Portugal",,,PT,Rua da Cancela,39.7170441,-8.3352012,"Hospedagem domiciliar in Castelo Branco, Portugal",https://www.google.com/maps/place/Casa+das+Pias/data=!4m7!3m6!1s0xd2283003c576665:0x3402b822972ae2f9!8m2!3d39.7170441!4d-8.3352012!16s%2Fg%2F11z2vzsxp8!19sChIJZWZXPACDIg0R-eIqlyK4AjQ?authuser=0&hl=pt-BR&rclk=1,No,Hospedagem domiciliar,
O Ninho do Açor,,,"62HR+XR, Portugal",,,PT,62HR+XR,40.2298945,-7.9578774,"Hospedagem domiciliar in Castelo Branco, Portugal",https://www.google.com/maps/place/O+Ninho+do+A%C3%A7or/data=!4m7!3m6!1s0xd22d14d19095d2d:0xd63737cd97380661!8m2!3d40.2298945!4d-7.9578774!16s%2Fg%2F11t_ly5c1d!19sChIJLV0JGU3RIg0RYQY4l803N9Y?authuser=0&hl=pt-BR&rclk=1,No,Hospedagem domiciliar,
Casa Grande - Sede Oficial da Gala de Remelas e Patrões,,,"R. Ribeiro 5, 3430-211 Carregal do Sal, Portugal","5,0",,PT,R. Ribeiro 5,40.4230472,-7.9973166,"Hospedagem domiciliar in Castelo Branco, Portugal",https://www.google.com/maps/place/Casa+Grande+-+Sede+Oficial+da+Gala+de+Remelas+e+Patr%C3%B5es/data=!4m7!3m6!1s0xd232700754bfbb1:0x71427b7fdf30cb0e!8m2!3d40.4230472!4d-7.9973166!16s%2Fg%2F11wty3s34m!19sChIJsftLdQAnIw0RDssw3397QnE?authuser=0&hl=pt-BR&rclk=1,No,Hospedagem domiciliar,
Travessa,,,"R. de Juventude 27, 2240-300 Travessa, Portugal",,,PT,R. de Juventude 27,39.729842,-8.406267,"Hospedagem domiciliar in Castelo Branco, Portugal",https://www.google.com/maps/place/Travessa/data=!4m7!3m6!1s0xd2281002e7d3453:0xadd52cb3c5159a40!8m2!3d39.729842!4d-8.406267!16s%2Fg%2F11ywy7q30c!19sChIJUzR9LgCBIg0RQJoVxbMs1a0?authuser=0&hl=pt-BR&rclk=1,No,Hospedagem domiciliar,
Riverfront,,,"Cernache do Bonjardim, Portugal",,,PT,Cernache do Bonjardim,39.8013401,-8.2834296,"Hospedagem domiciliar in Castelo Branco, Portugal",https://www.google.com/maps/place/Riverfront/data=!4m7!3m6!1s0xd229b0f19872a67:0xee2cd3f3d46fe166!8m2!3d39.8013401!4d-8.2834296!16s%2Fg%2F11v198m2z8!19sChIJZyqHGQ-bIg0RZuFv1PPTLO4?authuser=0&hl=pt-BR&rclk=1,No,Hospedagem domiciliar,
J& W,,,"R. das Escolas Gerais 37, 1100-219 Lisboa, Portugal",,,PT,R. das Escolas Gerais 37,38.7128506,-9.1284301,"Hospedagem domiciliar in Castelo Branco, Portugal",https://www.google.com/maps/place/J%26+W/data=!4m7!3m6!1s0xd193550c8486e93:0x8bb864a5244887b3!8m2!3d38.7128506!4d-9.1284301!16s%2Fg%2F11vby5gygg!19sChIJk25IyFA1GQ0Rs4dIJKVkuIs?authuser=0&hl=pt-BR&rclk=1,No,Hospedagem domiciliar,
Villa Santo Antonio,,'+33651522992,"Rua de Santo Antonio - 80 Serra de Mouro, 3250-501 Chão de Couce, Portugal","4,8",,PT,Rua de Santo Antonio - 80 Serra de Mouro,39.8948128,-8.3944232,"Hotel de 4 estrelas in Pombal, Portugal",https://www.google.com/maps/place/Villa+Santo+Antonio/data=!4m10!3m9!1s0xd228ecd0330e183:0xa3361197a652fd7e!5m2!4m1!1i2!8m2!3d39.8948128!4d-8.3944232!16s%2Fg%2F11df0qnj0w!19sChIJg-EwA82OIg0Rfv1SppcRNqM?authuser=0&hl=pt-BR&rclk=1,No,,
Casa Das Raposas,,,Portugal,"4,8",,PT,Portugal,40.053637,-8.445875,"Albergue in Castelo Branco, Portugal",https://www.google.com/maps/place/Casa+Das+Raposas/data=!4m10!3m9!1s0xd22f5b1882dac5d:0x3fddf30930846db4!5m2!4m1!1i2!8m2!3d40.053637!4d-8.445875!16s%2Fg%2F11gk7lx18b!19sChIJXawtiLH1Ig0RtG2EMAnz3T8?authuser=0&hl=pt-BR&rclk=1,No,,
"Casa da Lardosa, Guesthouse",,'+351961082926,"Av. de Santo António 54, 6005-193, Portugal","3,5",,PT,Av. de Santo António 54,39.9876564,-7.4557454,"Albergue in Castelo Branco, Portugal","https://www.google.com/maps/place/Casa+da+Lardosa,+Guesthouse/data=!4m10!3m9!1s0xd3d4104b4d6a0a3:0x7823de693b9e692c!5m2!4m1!1i2!8m2!3d39.9876564!4d-7.4557454!16s%2Fg%2F11rsjw01m9!19sChIJo6DWtARBPQ0RLGmeO2neI3g?authuser=0&hl=pt-BR&rclk=1",No,,
Rua José Afonso 11,,,"R. José Afonso n 11, 3100-341 Pombal, Portugal","4,0",1,PT,R. José Afonso n 11,39.9247251,-8.6214415,"Hospedagem domiciliar in Pombal, Portugal",https://www.google.com/maps/place/Rua+Jos%C3%A9+Afonso+11/data=!4m7!3m6!1s0xd22670054196189:0x790f8e4285047585!8m2!3d39.9247251!4d-8.6214415!16s%2Fg%2F11z50ft1sr!19sChIJiWEZVABnIg0RhXUEhUKOD3k?authuser=0&hl=pt-BR&rclk=1,No,Hospedagem domiciliar,
Quinta do sol nascente,,'+351967250933,"Alvaiázere, Portugal","5,0",1,PT,Alvaiázere,39.8774854,-8.3593384,"Hospedagem domiciliar in Pombal, Portugal",https://www.google.com/maps/place/Quinta+do+sol+nascente/data=!4m7!3m6!1s0xd228f97cac813b1:0xe3d25f805ef33aa3!8m2!3d39.8774854!4d-8.3593384!16s%2Fg%2F11s1rpm_jy!19sChIJsRPIypePIg0RozrzXoBf0uM?authuser=0&hl=pt-BR&rclk=1,No,Hospedagem domiciliar,
Casa de Joe,,,"R. de S. António, 3220-240 Miranda do Corvo, Portugal","5,0",1,PT,R. de S. António,40.0394159,-8.3222209,"Hospedagem domiciliar in Pombal, Portugal",https://www.google.com/maps/place/Casa+de+Joe/data=!4m7!3m6!1s0xd22edb7d0eacab7:0x659ff7a20e2ad55e!8m2!3d40.0394159!4d-8.3222209!16s%2Fg%2F11l6dl9hyr!19sChIJt8rq0LftIg0RXtUqDqL3n2U?authuser=0&hl=pt-BR&rclk=1,No,Hospedagem domiciliar,
Dave Green CT7AYQ.,,'+351926826994,"R. Encosta do Vale 35, 3250-174 Vendas, Portugal","5,0",,PT,R. Encosta do Vale 35,39.8472538,-8.3994954,"Hospedagem domiciliar in Pombal, Portugal",https://www.google.com/maps/place/Dave+Green+CT7AYQ./data=!4m7!3m6!1s0xd2289deb71bd95d:0x7e4ea95ec794cde3!8m2!3d39.8472538!4d-8.3994954!16s%2Fg%2F11q_3l8dlv!19sChIJXdkbt96JIg0R482Ux16pTn4?authuser=0&hl=pt-BR&rclk=1,No,Hospedagem domiciliar,
Travessa,,,"R. de Juventude 27, 2240-300 Travessa, Portugal",,,PT,R. de Juventude 27,39.729842,-8.406267,"Hospedagem domiciliar in Pombal, Portugal",https://www.google.com/maps/place/Travessa/data=!4m7!3m6!1s0xd2281002e7d3453:0xadd52cb3c5159a40!8m2!3d39.729842!4d-8.406267!16s%2Fg%2F11ywy7q30c!19sChIJUzR9LgCBIg0RQJoVxbMs1a0?authuser=0&hl=pt-BR&rclk=1,No,Hospedagem domiciliar,
Governos,,,"R. José Afonso 11, 3100 Pombal, Portugal",,,PT,R. José Afonso 11,39.9162755,-8.6281031,"Hospedagem domiciliar in Pombal, Portugal",https://www.google.com/maps/place/Governos/data=!4m7!3m6!1s0xd2267001b779711:0x358af7a5a8504e06!8m2!3d39.9162755!4d-8.6281031!16s%2Fg%2F11nc6z6168!19sChIJEZd3GwBnIg0RBk5QqKX3ijU?authuser=0&hl=pt-BR&rclk=1,No,Hospedagem domiciliar,
B&B Hotels Leiria,,,"R. Carlos Leonel Sousa Caiado, 2400-449 Leiria, Portugal","4,6",,PT,R. Carlos Leonel Sousa Caiado,39.748118,-8.820614,"Hotel de 3 estrelas in Pombal, Portugal",https://www.google.com/maps/place/B%26B+Hotels+Leiria/data=!4m10!3m9!1s0xd22734759096423:0x776c5ac762545d74!5m2!4m1!1i2!8m2!3d39.748118!4d-8.820614!16s%2Fg%2F11t53nll4r!19sChIJI2QJWUdzIg0RdF1UYsdabHc?authuser=0&hl=pt-BR&rclk=1,No,,
Amardeep,,,"R. dos Outeirinhos 21, 2430-282 Marinha Grande, Portugal",,,PT,R. dos Outeirinhos 21,39.756001,-8.9340941,"Hospedagem domiciliar in Pombal, Portugal",https://www.google.com/maps/place/Amardeep/data=!4m7!3m6!1s0xd220f00746933f1:0xbbf623ab572fe468!8m2!3d39.756001!4d-8.9340941!16s%2Fg%2F11lmjt8ms0!19sChIJ8TNpdAAPIg0RaOQvV6sj9rs?authuser=0&hl=pt-BR&rclk=1,No,Hospedagem domiciliar,
Estacionamento prisional de leria,,,"Largo Santo Agostinho 2400, Leiria, Portugal",,,PT,Largo Santo Agostinho 2400,39.741287,-8.802702,"Hospedagem domiciliar in Pombal, Portugal",https://www.google.com/maps/place/Estacionamento+prisional+de+leria/data=!4m7!3m6!1s0xd2273001ba021f9:0x873428d537883d34!8m2!3d39.741287!4d-8.802702!16s%2Fg%2F11nb3c4g20!19sChIJ-SGgGwBzIg0RND2IN9UoNIc?authuser=0&hl=pt-BR&rclk=1,No,Hospedagem domiciliar,
Quinta do Junqueiro,,,"QMFC+WH, Paio Mendes, Portugal",,,PT,QMFC+WH,39.774826,-8.3285646,"Hospedagem domiciliar in Pombal, Portugal",https://www.google.com/maps/place/Quinta+do+Junqueiro/data=!4m7!3m6!1s0xd2285007af6d865:0x11831bb9e7e6bc8f!8m2!3d39.774826!4d-8.3285646!16s%2Fg%2F11yj5hf1xk!19sChIJZdj2egCFIg0Rj7zm57kbgxE?authuser=0&hl=pt-BR&rclk=1,No,Hospedagem domiciliar,
Sims place,,,"Beco, Portugal",,,PT,Beco,39.7828036,-8.3125917,"Hospedagem domiciliar in Pombal, Portugal",https://www.google.com/maps/place/Sims+place/data=!4m7!3m6!1s0xd2285007eb10993:0x7f246b6c0db09a21!8m2!3d39.7828036!4d-8.3125917!16s%2Fg%2F11x7n2_ssg!19sChIJkwmxfgCFIg0RIZqwDWxrJH8?authuser=0&hl=pt-BR&rclk=1,No,Hospedagem domiciliar,
Residencial Terrabela - Dormidas Pombal,,'+351236244660,"R. Primeiro de Maio 16, 3100-462 Pombal, Portugal","3,3",,PT,R. Primeiro de Maio 16,39.9163396,-8.6254156,"Hospedagem domiciliar in Pombal, Portugal",https://www.google.com/maps/place/Residencial+Terrabela+-+Dormidas+Pombal/data=!4m10!3m9!1s0xd22666534b7bead:0x2794c13536b9a548!5m2!4m1!1i2!8m2!3d39.9163396!4d-8.6254156!16s%2Fg%2F1v1kr3tg!19sChIJrb63NGVmIg0RSKW5NjXBlCc?authuser=0&hl=pt-BR&rclk=1,No,,
Dim,,,"R. Principal da Fartaria 32, 2490 Gondemaria, Portugal",,,PT,R. Principal da Fartaria 32,39.6945401,-8.6296294,"Hospedagem domiciliar in Pombal, Portugal",https://www.google.com/maps/place/Dim/data=!4m7!3m6!1s0xd227900056d0b7b:0x808a4bcb282bb761!8m2!3d39.6945401!4d-8.6296294!16s%2Fg%2F11y41rxp78!19sChIJewttBQB5Ig0RYbcrKMtLioA?authuser=0&hl=pt-BR&rclk=1,No,Hospedagem domiciliar,
Bed and Breakfast Casa d’ Oliveiral - Adults only,,,"R. do Lugar Do Olival 14, 3260-044 Olival, Portugal","5,0",,PT,R. do Lugar Do Olival 14,39.900884,-8.3363422,"Hotel de 3 estrelas in Pombal, Portugal",https://www.google.com/maps/place/Bed+and+Breakfast+Casa+d%E2%80%99+Oliveiral+-+Adults+only/data=!4m10!3m9!1s0xd228ff1f1b192b7:0x52d16ec88c989a4!5m2!4m1!1i2!8m2!3d39.900884!4d-8.3363422!16s%2Fg%2F11h0r2glq6!19sChIJt5Kx8fGPIg0RpInJiOwWLQU?authuser=0&hl=pt-BR&rclk=1,No,,
Mae Home Foz,,'+351911550680,"R. Carolina Lopes 5, 2500-514 Foz do Arelho, Portugal","4,6",,PT,R. Carolina Lopes 5,39.4338912,-9.2244577,"Hospedagem domiciliar in Pombal, Portugal",https://www.google.com/maps/place/Mae+Home+Foz/data=!4m10!3m9!1s0xd1f4dab892a4ba3:0x9232a6d8a7325e35!5m2!4m1!1i2!8m2!3d39.4338912!4d-9.2244577!16s%2Fg%2F11s_zqmsqn!19sChIJo0sqiatNHw0RNV4yp9imMpI?authuser=0&hl=pt-BR&rclk=1,No,,
Cantinho da Aldeia,,,"R. Igreja 4, Portugal","5,0",,PT,R. Igreja 4,39.5358857,-8.4413885,"Hospedagem domiciliar in Pombal, Portugal",https://www.google.com/maps/place/Cantinho+da+Aldeia/data=!4m7!3m6!1s0xd187d0072e16ddb:0x70ef1d36a3428a09!8m2!3d39.5358857!4d-8.4413885!16s%2Fg%2F11ldxxr12c!19sChIJ223hcgB9GA0RCYpCozYd73A?authuser=0&hl=pt-BR&rclk=1,No,Hospedagem domiciliar,
Bananas House,,,"R. Pedro Monteiro 70, 3000-329 Coimbra, Portugal","5,0",,PT,R. Pedro Monteiro 70,40.2096136,-8.4153169,"Hospedagem domiciliar in Pombal, Portugal",https://www.google.com/maps/place/Bananas+House/data=!4m7!3m6!1s0xd22f987f5c9039b:0xb6427ee5811f6c19!8m2!3d40.2096136!4d-8.4153169!16s%2Fg%2F11j_98vq0y!19sChIJmwPJ9Yf5Ig0RGWwfgeV-QrY?authuser=0&hl=pt-BR&rclk=1,No,Hospedagem domiciliar,
Casa Ti Carolina,,'+351914215449,"R. Nova 1, 2450-027 Famalicão, Portugal","4,8",,PT,R. Nova 1,39.537965,-9.082383,"Hospedagem domiciliar in Pombal, Portugal",https://www.google.com/maps/place/Casa+Ti+Carolina/data=!4m7!3m6!1s0xd18af97fd030c25:0xe27e9046b722b5a6!8m2!3d39.537965!4d-9.082383!16s%2Fg%2F11l29wz620!19sChIJJQwD_ZevGA0RprUit0aQfuI?authuser=0&hl=pt-BR&rclk=1,No,Hospedagem domiciliar,
Armindo's Castle,,,"Rua Chão da Cavada, Portugal",,,PT,Rua Chão da Cavada,39.847088,-8.1862682,"Hospedagem domiciliar in Pombal, Portugal",https://www.google.com/maps/place/Armindo%27s+Castle/data=!4m7!3m6!1s0xd2299001e5b24a1:0x26797a988d944c20!8m2!3d39.847088!4d-8.1862682!16s%2Fg%2F11nq94y5g2!19sChIJoSRbHgCZIg0RIEyUjZh6eSY?authuser=0&hl=pt-BR&rclk=1,No,Hospedagem domiciliar,
Most Art Boutique Hostel,,'+351910477211,"Largo de Infantaria 7 11A, 2410-111 Leiria, Portugal","4,3",,PT,Largo de Infantaria 7 11A,39.7404938,-8.802347,"Hotel in Pombal, Portugal",https://www.google.com/maps/place/Most+Art+Boutique+Hostel/data=!4m10!3m9!1s0xd2273701410b131:0xc8cca737e6fca500!5m2!4m1!1i2!8m2!3d39.7404938!4d-8.802347!16s%2Fg%2F11bzzk35n8!19sChIJMbEQFHBzIg0RAKX85jenzMg?authuser=0&hl=pt-BR&rclk=1,No,,
Hotel Primavera,,'+351919803949,"R. Duarte Pacheco 11, 2425-031 Monte Real, Portugal","4,0",,PT,R. Duarte Pacheco 11,39.8508199,-8.8650971,"Hotel de 2 estrelas in Pombal, Portugal",https://www.google.com/maps/place/Hotel+Primavera/data=!4m10!3m9!1s0xd22131c4091e1f5:0x310de24e122c7f35!5m2!4m1!1i2!8m2!3d39.8508199!4d-8.8650971!16s%2Fg%2F1q628qb29!19sChIJ9eGRQBwTIg0RNX8sEk7iDTE?authuser=0&hl=pt-BR&rclk=1,No,,
Hotel Primavera,,'+351919803949,"R. Duarte Pacheco 11, 2425-031 Monte Real, Portugal","4,0",,PT,R. Duarte Pacheco 11,39.8508199,-8.8650971,"Hotel in Pombal, Portugal",https://www.google.com/maps/place/Hotel+Primavera/data=!4m10!3m9!1s0xd22131c4091e1f5:0x310de24e122c7f35!5m2!4m1!1i2!8m2!3d39.8508199!4d-8.8650971!16s%2Fg%2F1q628qb29!19sChIJ9eGRQBwTIg0RNX8sEk7iDTE?authuser=0&hl=pt-BR&rclk=1,No,,
Hotel Santa Rita,,'+351244612147,"R. de Leiria 35, 2425-039 Monte Real, Portugal","3,8",,PT,R. de Leiria 35,39.851353,-8.863731,"Hotel de 2 estrelas in Pombal, Portugal",https://www.google.com/maps/place/Hotel+Santa+Rita/data=!4m10!3m9!1s0xd22131e95906ced:0x26ad9dc84941dd7d!5m2!4m1!1i2!8m2!3d39.851353!4d-8.863731!16s%2Fg%2F1th29p4b!19sChIJ7WyQlR4TIg0Rfd1BScidrSY?authuser=0&hl=pt-BR&rclk=1,No,,
Atlântico do Liz,,'+351244691207,"R. José Gaspar 46, Pedrogão, LE, Portugal","4,2",,PT,Pedrogão,39.916748,-8.952125,"Hotel de 2 estrelas in Pombal, Portugal",https://www.google.com/maps/place/Atl%C3%A2ntico+do+Liz/data=!4m10!3m9!1s0xd2216f3fe2907e3:0x51f5b1442e98162c!5m2!4m1!1i2!8m2!3d39.916748!4d-8.952125!16s%2Fg%2F11b73msvl2!19sChIJ4wcp_vMWIg0RLBaYLkSx9VE?authuser=0&hl=pt-BR&rclk=1,No,,
Albergue O Bonito,,'+351916890599,"3230-544 Rabaçal, Portugal","4,5",,PT,,40.0291322,-8.4545907,"Albergue in Pombal, Portugal",https://www.google.com/maps/place/Albergue+O+Bonito/data=!4m10!3m9!1s0xd22f511b0171ac1:0xb27ba1c6fb3c3647!5m2!4m1!1i2!8m2!3d40.0291322!4d-8.4545907!16s%2Fg%2F11c2nq3hlw!19sChIJwRoXsBH1Ig0RRzY8-8ahe7I?authuser=0&hl=pt-BR&rclk=1,No,,
Hospedaria Quinta Chave D'Ouro,,'+351262408819,"Junto à Marina/ Porto de Pesca, Avenida Manuel Remígio A, Quinta Chave D'Ouro, 2450-106 Nazaré, Portugal","3,9",,PT,Quinta Chave D'Ouro,39.5877137,-9.0732342,"Hospedaria in Alcobaça, Portugal",https://www.google.com/maps/place/Hospedaria+Quinta+Chave+D%27Ouro/data=!4m10!3m9!1s0xd18a9a729ce3b2f:0x1098370d6a0ef915!5m2!4m1!1i2!8m2!3d39.5877137!4d-9.0732342!16s%2Fg%2F11cfcts6s!19sChIJLzvOKaepGA0RFfkOag03mBA?authuser=0&hl=pt-BR&rclk=1,No,,
Casa dos Junqueiros,,'+351969891546,"Largo dos Junqueiros 8, 2500-711 Caldas da Rainha, Portugal","4,8",,PT,Largo dos Junqueiros 8,39.4509617,-9.1770474,"Hospedaria in Alcobaça, Portugal",https://www.google.com/maps/place/Casa+dos+Junqueiros/data=!4m10!3m9!1s0xd18b2a64de2e703:0x3bb5be437cfbd6d3!5m2!4m1!1i2!8m2!3d39.4509617!4d-9.1770474!16s%2Fg%2F11fd41rpzw!19sChIJA-fiTaayGA0R09b7fEO-tTs?authuser=0&hl=pt-BR&rclk=1,No,,
The Hangfive House,,,"R. Joaquim Barardo 29, 2520-059 Ferrel, Portugal","4,7",,PT,R. Joaquim Barardo 29,39.369666,-9.3300103,"Hospedaria in Alcobaça, Portugal",https://www.google.com/maps/place/The+Hangfive+House/data=!4m10!3m9!1s0xd1f4f2f672a7b5d:0x6163d48b8676cbb4!5m2!4m1!1i2!8m2!3d39.369666!4d-9.3300103!16s%2Fg%2F11f3srksq8!19sChIJXXsqZy9PHw0RtMt2hovUY2E?authuser=0&hl=pt-BR&rclk=1,No,,
Let's Sea - Baleal Beach House,,,"13 Travessa das Pedras Muitas 6, 2520-050 Ferrel, Portugal","4,3",,PT,13 Travessa das Pedras Muitas 6,39.3708261,-9.3281574,"Hospedaria in Alcobaça, Portugal",https://www.google.com/maps/place/Let%27s+Sea+-+Baleal+Beach+House/data=!4m7!3m6!1s0xd1f4f2608a34577:0x64b49ccccb806c46!8m2!3d39.3708261!4d-9.3281574!16s%2Fg%2F11g9dtrd29!19sChIJd0WjCCZPHw0RRmyAy8yctGQ?authuser=0&hl=pt-BR&rclk=1,No,Hospedaria,
Quinta do Olival,,,"Alvaiázere, Portugal","5,0",1,PT,Alvaiázere,39.7989076,-8.3850079,"Hospedagem domiciliar in Pombal, Portugal",https://www.google.com/maps/place/Quinta+do+Olival/data=!4m7!3m6!1s0xd2285c99c3859b3:0x3dec65bd29115361!8m2!3d39.7989076!4d-8.3850079!16s%2Fg%2F11kr8wn0k3!19sChIJs1k4nMmFIg0RYVMRKb1l7D0?authuser=0&hl=pt-BR&rclk=1,No,Hospedagem domiciliar,
briosa,,,"Lgo Dr. Serafim Lopes Pereira, 2400-096 Leiria, Portugal",,,PT,Lgo Dr. Serafim Lopes Pereira,39.7457968,-8.8113383,"Hospedagem domiciliar in Pombal, Portugal",https://www.google.com/maps/place/briosa/data=!4m7!3m6!1s0xd22730064c3fd4d:0x8782f6bbfaf68f2c!8m2!3d39.7457968!4d-8.8113383!16s%2Fg%2F11yjvb3j8f!19sChIJTf3DZABzIg0RLI_2-rv2goc?authuser=0&hl=pt-BR&rclk=1,No,Hospedagem domiciliar,
Casa da Avó Irene Arega,,,"Casa da Avó Irene, R. da Portela, Portugal",,,PT,Casa da Avó Irene,39.8495776,-8.3186024,"Hospedagem domiciliar in Pombal, Portugal",https://www.google.com/maps/place/Casa+da+Av%C3%B3+Irene+Arega/data=!4m7!3m6!1s0xd228fc21dbd7259:0x68b6cafb30749ec6!8m2!3d39.8495776!4d-8.3186024!16s%2Fg%2F11sw0ksnjr!19sChIJWXK9HcKPIg0Rxp50MPvKtmg?authuser=0&hl=pt-BR&rclk=1,No,Hospedagem domiciliar,
alojamento familiar,,,"2430-696 Vieira de Leiria, Portugal",,,PT,,39.8753204,-8.9687701,"Hospedagem domiciliar in Pombal, Portugal",https://www.google.com/maps/place/alojamento+familiar/data=!4m11!3m10!1s0xd2210d5f861e1ed:0x662361dad32be305!5m2!4m1!1i2!8m2!3d39.8753204!4d-8.9687701!16s%2Fg%2F11xc_z02_k!17BQ0FF!19sChIJ7eFh-NUQIg0RBeMr09phI2Y?authuser=0&hl=pt-BR&rclk=1,No,,
Apartamento Figueira da Foz,,,"R. Carlos Sombrio A11, 3080-318 Buarcos, Portugal","5,0",,PT,R. Carlos Sombrio A11,40.1614182,-8.8669273,"Hospedagem domiciliar in Pombal, Portugal",https://www.google.com/maps/place/Apartamento+Figueira+da+Foz/data=!4m7!3m6!1s0xd2237271cf315d3:0x1cfe0c50639ba0f4!8m2!3d40.1614182!4d-8.8669273!16s%2Fg%2F11kk07jb71!19sChIJ0xXzHCc3Ig0R9KCbY1AM_hw?authuser=0&hl=pt-BR&rclk=1,No,Hospedagem domiciliar,
Casa da Pedra,,,"Rua da Escola 5, Seada, Portugal","5,0",,PT,Rua da Escola 5,39.718826,-8.1998811,"Hospedagem domiciliar in Pombal, Portugal",https://www.google.com/maps/place/Casa+da+Pedra/data=!4m7!3m6!1s0xd229fc8794015c9:0xf265a467603c3c2e!8m2!3d39.718826!4d-8.1998811!16s%2Fg%2F11tdqzclpp!19sChIJyRVAecifIg0RLjw8YGekZfI?authuser=0&hl=pt-BR&rclk=1,No,Hospedagem domiciliar,
Minion,,,"R. Luis Carlos Rodrigues da Silva 6, Alto de São João, 3030-254 Coimbra, Portugal",,,PT,Alto de São João,40.1913425,-8.4072627,"Hospedagem domiciliar in Pombal, Portugal",https://www.google.com/maps/place/Minion/data=!4m7!3m6!1s0xd22f913f829a3f3:0xce5daf5da0eee901!8m2!3d40.1913425!4d-8.4072627!16s%2Fg%2F11nnmg736v!19sChIJ86Mp-BP5Ig0RAenuoF2vXc4?authuser=0&hl=pt-BR&rclk=1,No,Hospedagem domiciliar,
Tiny house,,,"R. Dr. Augusto Rocha 29, 3000-250 Coimbra, Portugal",,,PT,R. Dr. Augusto Rocha 29,40.2129642,-8.4137702,"Hospedagem domiciliar in Pombal, Portugal",https://www.google.com/maps/place/Tiny+house/data=!4m7!3m6!1s0xd22f93d77ef5e01:0x5197cbac124af5b!8m2!3d40.2129642!4d-8.4137702!16s%2Fg%2F11st4krwgp!19sChIJAV7vdz35Ig0RW68kwbp8GQU?authuser=0&hl=pt-BR&rclk=1,No,Hospedagem domiciliar,
tomar bnb,,,"1Rua PE de, Praça da República, R. Pé da Costa de Baixo 199, Tomar, Portugal",,,PT,R. Pé da Costa de Baixo 199,39.6036952,-8.4148813,"Hospedagem domiciliar in Pombal, Portugal",https://www.google.com/maps/place/tomar+bnb/data=!4m7!3m6!1s0xd187f0067a188cd:0x138e5b8ae7bec00a!8m2!3d39.6036952!4d-8.4148813!16s%2Fg%2F11x8c3xk31!19sChIJzYihZwB_GA0RCsC-54pbjhM?authuser=0&hl=pt-BR&rclk=1,No,Hospedagem domiciliar,
BALEAL4SURF,,'+351928025204,"Av. do Mar 113E, 2520-050 Peniche, Portugal","4,6",,PT,Av. do Mar 113E,39.3715637,-9.3329199,"Hotel de 4 estrelas in Alcobaça, Portugal",https://www.google.com/maps/place/BALEAL4SURF/data=!4m10!3m9!1s0xd1f4f28bd501259:0x5f6162f31009457!5m2!4m1!1i2!8m2!3d39.3715637!4d-9.3329199!16s%2Fg%2F11dzdddws1!19sChIJWRJQvShPHw0RV5QAMS8W9gU?authuser=0&hl=pt-BR&rclk=1,No,,
Casa Buganvilia Penela - Alojamento Local | Guest House,,'+351923128167,"R. 213 3, 3230-263 Penela, Portugal","5,0",,PT,R. 213 3,40.0284917,-8.3906977,"Albergue in Pombal, Portugal",https://www.google.com/maps/place/Casa+Buganvilia+Penela+-+Alojamento+Local+%7C+Guest+House/data=!4m10!3m9!1s0xd22f309b244f533:0x823db8be62cb8877!5m2!4m1!1i2!8m2!3d40.0284917!4d-8.3906977!16s%2Fg%2F11lf016lvx!19sChIJM_VEsgnzIg0Rd4jLYr64PYI?authuser=0&hl=pt-BR&rclk=1,No,,
Alojamento Local Sobrado das Marias,,'+351934204301,"R. Torre 20, 3260-430 Figueiró dos Vinhos, Portugal","5,0",,PT,R. Torre 20,39.9023293,-8.2760399,"Albergue in Pombal, Portugal",https://www.google.com/maps/place/Alojamento+Local+Sobrado+das+Marias/data=!4m10!3m9!1s0xd2291b70a16ab63:0x8bc32a7d217b330a!5m2!4m1!1i2!8m2!3d39.9023293!4d-8.2760399!16s%2Fg%2F11z9fpk83s!19sChIJY6sWCreRIg0RCjN7IX0qw4s?authuser=0&hl=pt-BR&rclk=1,No,,
Retiro do Lavrador,,,"R. Fonte Do Campo, Alvaiázere, Portugal","4,8",,PT,R. Fonte Do Campo,39.808476,-8.3781977,"Albergue in Pombal, Portugal",https://www.google.com/maps/place/Retiro+do+Lavrador/data=!4m10!3m9!1s0xd2285002573936f:0x992fbfb517d43ca0!5m2!4m1!1i2!8m2!3d39.808476!4d-8.3781977!16s%2Fg%2F11xdj8yrbw!19sChIJb5NzJQCFIg0RoDzUF7W_L5k?authuser=0&hl=pt-BR&rclk=1,No,,
Quinta do Campo Events,,,"entre quintas, Estr. Real, n 495 Miranda do Corvo, Portugal",,,PT,Estr. Real,40.0846002,-8.3275395,"Albergue in Pombal, Portugal",https://www.google.com/maps/place/Quinta+do+Campo+Events/data=!4m10!3m9!1s0xd22f3cb4a5705e5:0xe2a00545b4ed51a9!5m2!4m1!1i2!8m2!3d40.0846002!4d-8.3275395!16s%2Fg%2F11sw2_f1zr!19sChIJ5QVXSsvzIg0RqVHttEUFoOI?authuser=0&hl=pt-BR&rclk=1,No,,
Residencial Central Lda,,'+351932339443,"Largo Dr. José Barbosa 22, 2500-106 Caldas da Rainha, Portugal","2,5",,PT,Largo Dr. José Barbosa 22,39.403569,-9.1330334,"Hospedaria in Alcobaça, Portugal",https://www.google.com/maps/place/Residencial+Central+Lda/data=!4m10!3m9!1s0xd18b3bb1fc92f97:0x59f801bb883e7883!5m2!4m1!1i2!8m2!3d39.403569!4d-9.1330334!16s%2Fg%2F1tgqkpfp!19sChIJly_JH7uzGA0Rg3g-iLsB-Fk?authuser=0&hl=pt-BR&rclk=1,No,,
Foral Guest House - Óbidos,,,"Tv. Nossa Sra. do Rosario 5, 2510-070 Óbidos, Portugal","4,2",,PT,Tv. Nossa Sra. do Rosario 5,39.360311,-9.1573482,"Hospedaria in Alcobaça, Portugal",https://www.google.com/maps/place/Foral+Guest+House+-+%C3%93bidos/data=!4m10!3m9!1s0xd2279991d3183c3:0x6899523d03201381!5m2!4m1!1i2!8m2!3d39.360311!4d-9.1573482!16s%2Fg%2F11g8cmwrzb!19sChIJw4MxHZl5Ig0RgRMgAz1SmWg?authuser=0&hl=pt-BR&rclk=1,No,,
Alfeizerão Lodge,,'+351936012136,"Lot. Fortunato Cabecinhos 18, Alfeizerão, Portugal","4,8",,PT,Lot. Fortunato Cabecinhos 18,39.4991617,-9.0944495,"Hospedaria in Alcobaça, Portugal",https://www.google.com/maps/place/Alfeizer%C3%A3o+Lodge/data=!4m10!3m9!1s0xd18ae7dcdd95fb3:0x62708f7e06617470!5m2!4m1!1i2!8m2!3d39.4991617!4d-9.0944495!16s%2Fg%2F12qgy6h0w!19sChIJs1_ZzX2uGA0RcHRhBn6PcGI?authuser=0&hl=pt-BR&rclk=1,No,,
Hello Guest Houses,,'+351912831866,"R. 25 de Abril 76, 2520-112 Ferrel, Portugal","5,0",,PT,R. 25 de Abril 76,39.3648867,-9.3233004,"Hospedaria in Alcobaça, Portugal",https://www.google.com/maps/place/Hello+Guest+Houses/data=!4m7!3m6!1s0xd1f4fb1655d4b41:0xb293fa46faebd1f5!8m2!3d39.3648867!4d-9.3233004!16s%2Fg%2F11p0_lm51g!19sChIJQUtdZbFPHw0R9dHr-kb6k7I?authuser=0&hl=pt-BR&rclk=1,No,Hospedaria,
Casas do Rio Alcobaça,,'+351962101327,"R. da Fiação e Tecidos 26, 2460 Vestiaria, Portugal","4,5",,PT,R. da Fiação e Tecidos 26,39.5674593,-8.9914555,"Hospedagem domiciliar in Alcobaça, Portugal",https://www.google.com/maps/place/Casas+do+Rio+Alcoba%C3%A7a/data=!4m7!3m6!1s0xd18a7002ced75bd:0x2a3fa0b7b9ed850f!8m2!3d39.5674593!4d-8.9914555!16s%2Fg%2F11ldlncw_n!19sChIJvXXtLACnGA0RD4XtubegPyo?authuser=0&hl=pt-BR&rclk=1,No,Hospedagem domiciliar,
Vivenda das Palmeiras,,,"CWMM+JG, Salir de Matos, Portugal","5,0",,PT,CWMM+JG,39.4340885,-9.0661785,"Hospedagem domiciliar in Alcobaça, Portugal",https://www.google.com/maps/place/Vivenda+das+Palmeiras/data=!4m7!3m6!1s0xd18b17b66b6a807:0x6bd79176d52d972e!8m2!3d39.4340885!4d-9.0661785!16s%2Fg%2F11tsxtp1f8!19sChIJB6i2ZnuxGA0RLpct1XaR12s?authuser=0&hl=pt-BR&rclk=1,No,Hospedagem domiciliar,
Casa do Obie,,'+351912600265,"Alcobaça, Portugal","5,0",,PT,Alcobaça,39.5336927,-8.9632847,"Hospedagem domiciliar in Alcobaça, Portugal",https://www.google.com/maps/place/Casa+do+Obie/data=!4m7!3m6!1s0xd18a5007b7bb53f:0x1d0750a380181665!8m2!3d39.5336927!4d-8.9632847!16s%2Fg%2F11lthgw9jv!19sChIJP7V7ewClGA0RZRYYgKNQBx0?authuser=0&hl=pt-BR&rclk=1,No,Hospedagem domiciliar,
Casa do Terraço,,,"R. Mal. Carmona 30, 2460-654 São Martinho do Porto, Portugal","4,3",,PT,R. Mal. Carmona 30,39.51236,-9.1316879,"Hospedagem domiciliar in Alcobaça, Portugal",https://www.google.com/maps/place/Casa+do+Terra%C3%A7o/data=!4m7!3m6!1s0xd18ad852b15e969:0x2680c756367f93e1!8m2!3d39.51236!4d-9.1316879!16s%2Fg%2F11rksb8ns5!19sChIJaekVK4WtGA0R4ZN_NlbHgCY?authuser=0&hl=pt-BR&rclk=1,No,Hospedagem domiciliar,
yazzmin apartement,,,"Travessa da Barroca 3, 2500 Salir do Porto, Portugal",,,PT,Travessa da Barroca 3,39.4940113,-9.1556924,"Hospedagem domiciliar in Alcobaça, Portugal",https://www.google.com/maps/place/yazzmin+apartement/data=!4m7!3m6!1s0xd18ad000757a98b:0xf61010c435711232!8m2!3d39.4940113!4d-9.1556924!16s%2Fg%2F11mc9hgxkn!19sChIJi6lXBwCtGA0RMhJxNcQQEPY?authuser=0&hl=pt-BR&rclk=1,No,Hospedagem domiciliar,
Tiago Company,,,"R. Principal 4, 2460, Portugal",,,PT,R. Principal 4,39.5259741,-9.0130611,"Hospedagem domiciliar in Alcobaça, Portugal",https://www.google.com/maps/place/Tiago+Company/data=!4m7!3m6!1s0xd18af006cf1197b:0x3d5f35442eeeb28e!8m2!3d39.5259741!4d-9.0130611!16s%2Fg%2F11xsd7x417!19sChIJexnxbACvGA0RjrLuLkQ1Xz0?authuser=0&hl=pt-BR&rclk=1,No,Hospedagem domiciliar,
"Nada es,Lisboa,alcobaca,batida,obidos,tomar,coimbra",,,"2495-557 Fátima, Portugal",,,PT,,39.6172299,-8.6520999,"Hospedagem domiciliar in Alcobaça, Portugal","https://www.google.com/maps/place/Nada+es,Lisboa,alcobaca,batida,obidos,tomar,coimbra/data=!4m7!3m6!1s0xd188372cf25f6e7:0xe5ea8500950c7691!8m2!3d39.6172299!4d-8.6520999!16s%2Fg%2F11sjftyvry!19sChIJ5_Ylz3KDGA0RkXYMlQCF6uU?authuser=0&hl=pt-BR&rclk=1",No,Hospedagem domiciliar,
Casa Tanoeira,,,"Rua dos Tanoeiros 47, S. Clemente, Portugal",,,PT,Rua dos Tanoeiros 47,39.3897729,-9.0112985,"Hospedagem domiciliar in Alcobaça, Portugal",https://www.google.com/maps/place/Casa+Tanoeira/data=!4m7!3m6!1s0xd18bb007592129d:0x89d0a8f2188e3fa7!8m2!3d39.3897729!4d-9.0112985!16s%2Fg%2F11zgz97j0z!19sChIJnRKSdQC7GA0Rpz-OGPKo0Ik?authuser=0&hl=pt-BR&rclk=1,No,Hospedagem domiciliar,
Hotel Santo António de Pádua,,'+351249533094,"R. Francisco Marto 42, Cova da Iria, 2495-448 Fátima, Portugal","4,2",,PT,Cova da Iria,39.6277606,-8.667627,"Hotel de 2 estrelas in Alcobaça, Portugal",https://www.google.com/maps/place/Hotel+Santo+Ant%C3%B3nio+de+P%C3%A1dua/data=!4m10!3m9!1s0xd189d305e6a0647:0x468aaae711e2bbed!5m2!4m1!1i2!8m2!3d39.6277606!4d-8.667627!16s%2Fg%2F1wj_78tk!19sChIJRwZqXjCdGA0R7bviEeeqikY?authuser=0&hl=pt-BR&rclk=1,No,,
Alojamentos S.José,,'+351963598037,"Largo de São José, 2525-028 Atouguia da Baleia, Portugal","3,6",,PT,Largo de São José,39.3401691,-9.3272296,"Hotel de 3 estrelas in Alcobaça, Portugal",https://www.google.com/maps/place/Alojamentos+S.Jos%C3%A9/data=!4m10!3m9!1s0xd1f48de17cce631:0x8248fda976d546e0!5m2!4m1!1i2!8m2!3d39.3401691!4d-9.3272296!16s%2Fg%2F11g8bwvffy!19sChIJMebMF95IHw0R4EbVdqn9SII?authuser=0&hl=pt-BR&rclk=1,No,,
Hotel Pensao Concha Residencial,,'+351262995000,"R. Vitorino Fróis 21, Caldas da Rainha, Portugal","5,0",,PT,R. Vitorino Fróis 21,39.4059407,-9.1516682,"Hotel de 2 estrelas in Alcobaça, Portugal",https://www.google.com/maps/place/Hotel+Pensao+Concha+Residencial/data=!4m10!3m9!1s0xd18b305e7040077:0x13f956945c585c96!5m2!4m1!1i2!8m2!3d39.4059407!4d-9.1516682!16s%2Fg%2F11b6d4f53w!19sChIJdwAE5wWzGA0RllxYXJRW-RM?authuser=0&hl=pt-BR&rclk=1,No,,
By the Beach,,'+351961234190,"R. dos Pescadores 4 34, 2450-106 Nazaré, Portugal","4,2",,PT,R. dos Pescadores 4 34,39.599061,-9.0725083,"Hotel de 2 estrelas in Alcobaça, Portugal",https://www.google.com/maps/place/By+the+Beach/data=!4m10!3m9!1s0xd18a935bf54387b:0x628119c5fb709e10!5m2!4m1!1i2!8m2!3d39.599061!4d-9.0725083!16s%2Fg%2F11fk936mt3!19sChIJezhUvzWpGA0REJ5w-8UZgWI?authuser=0&hl=pt-BR&rclk=1,No,,
Granada Holidays,,'+351910622280,"Av. Marginal - Ed. Granada, 2460-096 São Martinho do Porto, Portugal","4,4",,PT,Av. Marginal - Ed. Granada,39.5065977,-9.1342351,"Hotel de 2 estrelas in Alcobaça, Portugal",https://www.google.com/maps/place/Granada+Holidays/data=!4m10!3m9!1s0xd18ac4fd6656cb9:0x6fb2a3f0ed08327c!5m2!4m1!1i2!8m2!3d39.5065977!4d-9.1342351!16s%2Fg%2F11b73vbb43!19sChIJuWxl1k-sGA0RfDII7fCjsm8?authuser=0&hl=pt-BR&rclk=1,No,,
H2O Surfguide Hostel,,'+351928080772,"R. Joaquim Barardo 7, 2520-059 Peniche, Portugal","4,0",,PT,R. Joaquim Barardo 7,39.3703861,-9.3300928,"Hotel de 2 estrelas in Alcobaça, Portugal",https://www.google.com/maps/place/H2O+Surfguide+Hostel/data=!4m10!3m9!1s0xd1f4f258c736e09:0xb46c9ca5539fb494!5m2!4m1!1i2!8m2!3d39.3703861!4d-9.3300928!16s%2Fg%2F12hllltx1!19sChIJCW5zjCVPHw0RlLSfU6WcbLQ?authuser=0&hl=pt-BR&rclk=1,No,,
Casa da Âncora,,'+351914230888,"R. Conde de Avelar 57, 2460-642 São Martinho do Porto, Portugal","5,0",1,PT,R. Conde de Avelar 57,39.5085401,-9.1324723,"Hotel de 2 estrelas in Alcobaça, Portugal",https://www.google.com/maps/place/Casa+da+%C3%82ncora/data=!4m10!3m9!1s0xd18ac4f8f84cc67:0x94cdd2afe9d65c09!5m2!4m1!1i2!8m2!3d39.5085401!4d-9.1324723!16s%2Fg%2F11g8bwwk6w!19sChIJZ8yEj0-sGA0RCVzW6a_SzZQ?authuser=0&hl=pt-BR&rclk=1,No,,
Quintinha do Azemel,,'+351915310000,"Estrada do Casal do Relvas, 2440-020 Alqueidão, Portugal","4,6",,PT,Estrada do Casal do Relvas,39.6584349,-8.8427416,"Hotel de 2 estrelas in Alcobaça, Portugal",https://www.google.com/maps/place/Quintinha+do+Azemel/data=!4m10!3m9!1s0xd220ab0f9b6beff:0x629988eeed432c16!5m2!4m1!1i2!8m2!3d39.6584349!4d-8.8427416!16s%2Fg%2F11dzdh70gt!19sChIJ_762-bAKIg0RFixD7e6ImWI?authuser=0&hl=pt-BR&rclk=1,No,,
Casas com Amoras in Serra da Pescaria,,'+351969386052,"NZR, Rua José Lopes Riquezo 5, 2450-024, Portugal","4,7",,PT,Rua José Lopes Riquezo 5,39.5482484,-9.091276,"Albergue in Alcobaça, Portugal",https://www.google.com/maps/place/Casas+com+Amoras+in+Serra+da+Pescaria/data=!4m10!3m9!1s0xd18a951f7013115:0xcb122bf08ee0d5c0!5m2!4m1!1i2!8m2!3d39.5482484!4d-9.091276!16s%2Fg%2F11f1055sy5!19sChIJFTEB91GpGA0RwNXgjvArEss?authuser=0&hl=pt-BR&rclk=1,No,,
Hostel Casa do Arco,,'+351969456576,"N8 Nº2, 2510-082 Óbidos, Portugal","4,4",,PT,N8 Nº2,39.3586609,-9.1572817,"Albergue in Alcobaça, Portugal",https://www.google.com/maps/place/Hostel+Casa+do+Arco/data=!4m10!3m9!1s0xd18b491faf1f74d:0xad784325b5a52b89!5m2!4m1!1i2!8m2!3d39.3586609!4d-9.1572817!16s%2Fg%2F11bysjsj9k!19sChIJTffx-pG0GA0RiSultSVDeK0?authuser=0&hl=pt-BR&rclk=1,No,,
Villa Sofia-Alojamento Local,,,"R. da Fonte 6, 2500-469 Foz do Arelho, Portugal",,,PT,R. da Fonte 6,39.4362677,-9.2127087,"Albergue in Alcobaça, Portugal",https://www.google.com/maps/place/Villa+Sofia-Alojamento+Local/data=!4m10!3m9!1s0xd1f4d000576cb4f:0x8a62c213833a9460!5m2!4m1!1i2!8m2!3d39.4362677!4d-9.2127087!16s%2Fg%2F11z9s1kgd1!19sChIJT8t2BQBNHw0RYJQ6gxPCYoo?authuser=0&hl=pt-BR&rclk=1,No,,
Alojamento Santo António,,'+351927968388,"CM1349 45, 2380, Portugal","4,5",,PT,CM1349 45,39.5178888,-8.7340894,"Albergue in Alcobaça, Portugal",https://www.google.com/maps/place/Alojamento+Santo+Ant%C3%B3nio/data=!4m10!3m9!1s0xd189b00200a06e3:0x402ba5ff4ed87d24!5m2!4m1!1i2!8m2!3d39.5178888!4d-8.7340894!16s%2Fg%2F11w20tgv93!19sChIJ4wYKIACbGA0RJH3YTv-lK0A?authuser=0&hl=pt-BR&rclk=1,No,,
Maria Gertrudes Abrantes,,'+351266892357,"R. do Poço do Paço 34, 7050-219 Montemor-o-Novo, Portugal","4,3",,PT,R. do Poço do Paço 34,38.648408,-8.2167893,"Hospedaria in Évora, Portugal",https://www.google.com/maps/place/Maria+Gertrudes+Abrantes/data=!4m7!3m6!1s0xd199428c48be37b:0xf1260c5e056348d4!8m2!3d38.648408!4d-8.2167893!16s%2Fg%2F1tx16mh2!19sChIJe-OLxCiUGQ0R1EhjBV4MJvE?authuser=0&hl=pt-BR&rclk=1,No,Hospedaria,
Alma da Praça 65 - Hostel & Guesthouse,,'+351961671897,"R. do Raimundo 65, 7000-661 Évora, Portugal","4,7",,PT,R. do Raimundo 65,38.5697703,-7.9107522,"Hospedaria in Évora, Portugal",https://www.google.com/maps/place/Alma+da+Pra%C3%A7a+65+-+Hostel+%26+Guesthouse/data=!4m10!3m9!1s0xd19e4dea45cdbc9:0x662494e937764af7!5m2!4m1!1i2!8m2!3d38.5697703!4d-7.9107522!16s%2Fg%2F11grc38rt9!19sChIJydtcpN7kGQ0R90p2N-mUJGY?authuser=0&hl=pt-BR&rclk=1,No,,
Hospedaria Os Condes,,'+351938959493,"Rua 1.º De Maio N.º 56, 7200-363 Reguengos de Monsaraz, Portugal","4,6",,PT,Rua 1.º De Maio N.º 56,38.4256344,-7.5366318,"Hospedaria in Évora, Portugal",https://www.google.com/maps/place/Hospedaria+Os+Condes/data=!4m10!3m9!1s0xd174cbb4376b299:0x3fabdd17840a0696!5m2!4m1!1i2!8m2!3d38.4256344!4d-7.5366318!16s%2Fg%2F11b73qzycf!19sChIJmbJ2Q7tMFw0RlgYKhBfdqz8?authuser=0&hl=pt-BR&rclk=1,No,,
Casa do Peregrino,,,"R. Principal 47, Achete, Portugal","3,0",1,PT,R. Principal 47,39.3522296,-8.7112794,"Hospedagem domiciliar in Alcobaça, Portugal",https://www.google.com/maps/place/Casa+do+Peregrino/data=!4m10!3m9!1s0xd189300728d6d91:0x126f495022574213!5m2!4m1!1i2!8m2!3d39.3522296!4d-8.7112794!16s%2Fg%2F11z9q5t3ml!19sChIJkW2NcgCTGA0RE0JXIlBJbxI?authuser=0&hl=pt-BR&rclk=1,No,,
Lusitaurus - Turismo Rural,,'+351925083332,"Quinta da Ribeira Abaixo, Quinta Ribeira Abaixo, Rua Horta Abaixo, 7200-051, Portugal","3,8",,PT,Rua Horta Abaixo,38.5041823,-7.5963311,"Hospedaria in Évora, Portugal",https://www.google.com/maps/place/Lusitaurus+-+Turismo+Rural/data=!4m10!3m9!1s0xd174e117185887f:0xa4ed1e7092e443f6!5m2!4m1!1i2!8m2!3d38.5041823!4d-7.5963311!16s%2Fg%2F11clt9jzrr!19sChIJf4iFcRFOFw0R9kPkknAe7aQ?authuser=0&hl=pt-BR&rclk=1,No,,
Casa da Ribeira,,,"R. da Fonte 8, 2025-085 Alcanede, Portugal","4,9",,PT,R. da Fonte 8,39.39078,-8.8077223,"Hospedagem domiciliar in Alcobaça, Portugal",https://www.google.com/maps/place/Casa+da+Ribeira/data=!4m10!3m9!1s0xd189599441f4aad:0x1538ee1daab1f1f2!5m2!4m1!1i2!8m2!3d39.39078!4d-8.8077223!16s%2Fg%2F11l28j8yf4!19sChIJrUofRJmVGA0R8vGxqh3uOBU?authuser=0&hl=pt-BR&rclk=1,No,,
Casa avacaciones,,,"R. Diogo Cão 9, 2510 Amoreira, Portugal",,,PT,R. Diogo Cão 9,39.382177,-9.2836741,"Hospedagem domiciliar in Alcobaça, Portugal",https://www.google.com/maps/place/Casa+avacaciones/data=!4m7!3m6!1s0xd1f4f0059ef88a5:0x3bb0f70b9f85997f!8m2!3d39.382177!4d-9.2836741!16s%2Fg%2F11z9101_9w!19sChIJpYjvWQBPHw0Rf5mFnwv3sDs?authuser=0&hl=pt-BR&rclk=1,No,Hospedagem domiciliar,
Estacionamento prisional de leria,,,"Largo Santo Agostinho 2400, Leiria, Portugal",,,PT,Largo Santo Agostinho 2400,39.741287,-8.802702,"Hospedagem domiciliar in Alcobaça, Portugal",https://www.google.com/maps/place/Estacionamento+prisional+de+leria/data=!4m7!3m6!1s0xd2273001ba021f9:0x873428d537883d34!8m2!3d39.741287!4d-8.802702!16s%2Fg%2F11nb3c4g20!19sChIJ-SGgGwBzIg0RND2IN9UoNIc?authuser=0&hl=pt-BR&rclk=1,No,Hospedagem domiciliar,
Hospedaria D. Carlos,,'+351268980318,"Praça da República 25, 7160-207 Vila Viçosa, Portugal","4,0",,PT,Praça da República 25,38.778722,-7.4190342,"Hospedaria in Évora, Portugal",https://www.google.com/maps/place/Hospedaria+D.+Carlos/data=!4m10!3m9!1s0xd17153dd39d3595:0x86bccd2ae0b76116!5m2!4m1!1i2!8m2!3d38.778722!4d-7.4190342!16s%2Fg%2F11btt7gvg3!19sChIJlTWd0z0VFw0RFmG34CrNvIY?authuser=0&hl=pt-BR&rclk=1,No,,
Moira - Alojamento Local,,'+351962647213,"R. dos Mendes 88 7200, Reguengos de Monsaraz, Portugal","4,3",,PT,R. dos Mendes 88 7200,38.4225086,-7.5289731,"Hospedaria in Évora, Portugal",https://www.google.com/maps/place/Moira+-+Alojamento+Local/data=!4m10!3m9!1s0xd174ca66e0c9339:0x66b1d8b7ac203092!5m2!4m1!1i2!8m2!3d38.4225086!4d-7.5289731!16s%2Fg%2F11rsgzrmbc!19sChIJOZMMbqZMFw0RkjAgrLfYsWY?authuser=0&hl=pt-BR&rclk=1,No,,
Alojamento Local O Convento,,'+351911025282,"R. do Convento nº43, 7090-256 Viana do Alentejo, Portugal","4,7",,PT,R. do Convento nº43,38.3355682,-8.002964,"Hospedaria in Évora, Portugal",https://www.google.com/maps/place/Alojamento+Local+O+Convento/data=!4m10!3m9!1s0xd1a1c557b1fa62b:0x47a0f648de663035!5m2!4m1!1i2!8m2!3d38.3355682!4d-8.002964!16s%2Fg%2F11fp4j2ppz!19sChIJK6Yfe1UcGg0RNTBm3kj2oEc?authuser=0&hl=pt-BR&rclk=1,No,,
Casa Monreal AL44622,,'+351927317106,"R. de Moçambique 28, 7200-351 Reguengos de Monsaraz, Portugal","4,5",,PT,R. de Moçambique 28,38.4288889,-7.5377778,"Hospedaria in Évora, Portugal",https://www.google.com/maps/place/Casa+Monreal+AL44622/data=!4m10!3m9!1s0xd174cbcfc34d139:0xb38b60545f28f4c!5m2!4m1!1i2!8m2!3d38.4288889!4d-7.5377778!16s%2Fg%2F11xhs_4b5!19sChIJOdE0_LxMFw0RTI_yRQW2OAs?authuser=0&hl=pt-BR&rclk=1,No,,
Hospedaria Ramiro,,,"Largo Dr. João Fernandes da Silveira 9 5, 7920-054 Alvito, Portugal","3,2",,PT,Largo Dr. João Fernandes da Silveira 9 5,38.2582935,-7.9920684,"Hospedaria in Évora, Portugal",https://www.google.com/maps/place/Hospedaria+Ramiro/data=!4m7!3m6!1s0xd1a1baace282e05:0x44aa5bc8c78dd317!8m2!3d38.2582935!4d-7.9920684!16s%2Fg%2F11tdgmk_l1!19sChIJBS4ozqobGg0RF9ONx8hbqkQ?authuser=0&hl=pt-BR&rclk=1,No,Hospedagem domiciliar,
Hospedaria A Italiana,,'+351285254239,"R. da Victória 8 Rch, 7860-033 Moura, Portugal","4,3",,PT,R. da Victória 8 Rch,38.1370589,-7.4467574,"Hospedaria in Évora, Portugal",https://www.google.com/maps/place/Hospedaria+A+Italiana/data=!4m10!3m9!1s0xd10bf42ae5643d9:0x19064b3d3ce8b8f8!5m2!4m1!1i2!8m2!3d38.1370589!4d-7.4467574!16s%2Fg%2F1tjgqvdh!19sChIJ2UNWrkK_EA0R-LjoPD1LBhk?authuser=0&hl=pt-BR&rclk=1,No,,
Hospedaria de São João,,'+351967820099,"Urbanização de São João lote 2 RC, 7960-304 Vidigueira, Portugal","4,0",,PT,Urbanização de São João lote 2 RC,38.2080264,-7.8035581,"Hospedaria in Évora, Portugal",https://www.google.com/maps/place/Hospedaria+de+S%C3%A3o+Jo%C3%A3o/data=!4m10!3m9!1s0xd1a09cb82a7c549:0x4aeb4d78b18253f4!5m2!4m1!1i2!8m2!3d38.2080264!4d-7.8035581!16s%2Fg%2F11rgbv5d_g!19sChIJScWngssJGg0R9FOCsXhN60o?authuser=0&hl=pt-BR&rclk=1,No,,
Baleal Surf Emotions,,'+351960457422,"Região Centro, R. Cruz das Almas 112, 2520-054 Ferrel, Portugal","4,7",,PT,R. Cruz das Almas 112,39.3664659,-9.3358812,"Albergue in Alcobaça, Portugal",https://www.google.com/maps/place/Baleal+Surf+Emotions/data=!4m10!3m9!1s0xd1f4f31b0fcffff:0xc05a714f325dc6a!5m2!4m1!1i2!8m2!3d39.3664659!4d-9.3358812!16s%2Fg%2F11k3gy692s!19sChIJ___8sDFPHw0Ratwl8xSnBQw?authuser=0&hl=pt-BR&rclk=1,No,,
Casa do Alto da Eira,,'+351965405432,"Rua do Alto da Eira 4, Vila Ruiva, Portugal","4,8",,PT,Rua do Alto da Eira 4,38.2846817,-7.9339683,"Hospedaria in Évora, Portugal",https://www.google.com/maps/place/Casa+do+Alto+da+Eira/data=!4m10!3m9!1s0xd1a049423bcc63f:0xf973503076ac84b7!5m2!4m1!1i2!8m2!3d38.2846817!4d-7.9339683!16s%2Fg%2F11b73mkqcl!19sChIJP8a8I5QEGg0Rt4SsdjBQc_k?authuser=0&hl=pt-BR&rclk=1,No,,
Alojamento Pero Rodrigues,,'+351962876066,"R. Alexandre Herculano 43, 7250-117 Alandroal, Portugal","4,4",,PT,R. Alexandre Herculano 43,38.7007597,-7.4062775,"Hospedaria in Évora, Portugal",https://www.google.com/maps/place/Alojamento+Pero+Rodrigues/data=!4m10!3m9!1s0xd173f1003d21ad9:0xa25f2fd7d41c8600!5m2!4m1!1i2!8m2!3d38.7007597!4d-7.4062775!16s%2Fg%2F12vr30msj!19sChIJ2RrSAxA_Fw0RAIYc1NcvX6I?authuser=0&hl=pt-BR&rclk=1,No,,
Onda Atlântica - Atlantic Wave Peniche,,'+351910960015,"R. Mendo Fróios Osório 88, 2525-328 Atouguia da Baleia, Portugal","5,0",,PT,R. Mendo Fróios Osório 88,39.350744,-9.2940154,"Albergue in Alcobaça, Portugal",https://www.google.com/maps/place/Onda+Atl%C3%A2ntica+-+Atlantic+Wave+Peniche/data=!4m10!3m9!1s0xd1f499ee3d0085f:0xdedbae5ace542c9c!5m2!4m1!1i2!8m2!3d39.350744!4d-9.2940154!16s%2Fg%2F11yr2jlcfk!19sChIJXwjQ455JHw0RnCxUzlqu294?authuser=0&hl=pt-BR&rclk=1,No,,
Casa D. Diogo,,'+351266490025,"R. Cunha Rivara 6, 7040-013 Arraiolos, Portugal","4,4",,PT,R. Cunha Rivara 6,38.7249052,-7.9847208,"Hotel de 3 estrelas in Évora, Portugal",https://www.google.com/maps/place/Casa+D.+Diogo/data=!4m10!3m9!1s0xd19c299e9bc77ab:0xadb16a5479deb1cc!5m2!4m1!1i2!8m2!3d38.7249052!4d-7.9847208!16s%2Fg%2F113f316ll!19sChIJq3e86ZnCGQ0RzLHeeVRqsa0?authuser=0&hl=pt-BR&rclk=1,No,,
Baleal House Sea Sun Surf & Sky,,'+351919379590,"R. Amigos do Baleal 46, 2540-001 Ferrel, Portugal","5,0",,PT,R. Amigos do Baleal 46,39.3668707,-9.3361368,"Albergue in Alcobaça, Portugal",https://www.google.com/maps/place/Baleal+House+Sea+Sun+Surf+%26+Sky/data=!4m10!3m9!1s0xd1f4f31ad433dd1:0x5c2733fb168bd146!5m2!4m1!1i2!8m2!3d39.3668707!4d-9.3361368!16s%2Fg%2F11gn21z1_7!19sChIJ0T1DrTFPHw0RRtGLFvszJ1w?authuser=0&hl=pt-BR&rclk=1,No,,
Casa Vitória Guest House,,'+351961121115,"Beco do Themudo 11, 7000-784 Évora, Portugal","4,1",,PT,Beco do Themudo 11,38.5697173,-7.9041116,"Hotel de 3 estrelas in Évora, Portugal",https://www.google.com/maps/place/Casa+Vit%C3%B3ria+Guest+House/data=!4m10!3m9!1s0xd19e4c357270dbf:0xcbed111a0e5c2fae!5m2!4m1!1i2!8m2!3d38.5697173!4d-7.9041116!16s%2Fg%2F11gfkl1r12!19sChIJvw0nV8PkGQ0Rri9cDhoR7cs?authuser=0&hl=pt-BR&rclk=1,No,,
Rota VMF - Redondo,,'+351913876573,"Posto Galp, R. da Faia, 7170-024 Redondo, Portugal","4,6",,PT,R. da Faia,38.644826,-7.5490556,"Hotel de 3 estrelas in Évora, Portugal",https://www.google.com/maps/place/Rota+VMF+-+Redondo/data=!4m10!3m9!1s0xd17446c8479b59d:0x82f8e5704c5804d5!5m2!4m1!1i2!8m2!3d38.644826!4d-7.5490556!16s%2Fg%2F11l8nqhj2y!19sChIJnbV5hGxEFw0R1QRYTHDl-II?authuser=0&hl=pt-BR&rclk=1,No,,
"Casa do Lagar, óbidos",,,"Largo do Pinheiro 2, 2510 Óbidos, Portugal","4,8",,PT,Largo do Pinheiro 2,39.3813035,-9.1804672,"Albergue in Alcobaça, Portugal","https://www.google.com/maps/place/Casa+do+Lagar,+%C3%B3bidos/data=!4m10!3m9!1s0xd18b3faa944841d:0x8e04138373d8b496!5m2!4m1!1i2!8m2!3d39.3813035!4d-9.1804672!16s%2Fg%2F11ty70dsbp!19sChIJHYREqfqzGA0RlrTYc4MTBI4?authuser=0&hl=pt-BR&rclk=1",No,,
Casa da Magnólia,,,"R. Dona Catarina de Bragança 1 C7 2510, 2510 Amoreira, Portugal",,,PT,R. Dona Catarina de Bragança 1 C7 2510,39.384294,-9.2811678,"Albergue in Alcobaça, Portugal",https://www.google.com/maps/place/Casa+da+Magn%C3%B3lia/data=!4m10!3m9!1s0xd1f4f0011e33e0f:0x898223eb0c40a39a!5m2!4m1!1i2!8m2!3d39.384294!4d-9.2811678!16s%2Fg%2F11w3s7zm8d!19sChIJDz7jEQBPHw0RmqNADOsjgok?authuser=0&hl=pt-BR&rclk=1,No,,
Cloud to Chill -- Surf House Baleal,,'+351928033928,"Av. do Mar 91A, Baleal, 2520-053 Ferrel, Portugal","4,7",,PT,Baleal,39.3694398,-9.3272204,"Albergue in Alcobaça, Portugal",https://www.google.com/maps/place/Cloud+to+Chill+--+Surf+House+Baleal/data=!4m10!3m9!1s0xd1f4fd469e6f8a9:0x99a86cb5aa366999!5m2!4m1!1i2!8m2!3d39.3694398!4d-9.3272204!16s%2Fg%2F11cnqxml74!19sChIJqfjmadRPHw0RmWk2qrVsqJk?authuser=0&hl=pt-BR&rclk=1,No,,
Eljoy Project,,,"R. Ferreira de Castro 20, 2520-106 Ferrel, Portugal","4,3",,PT,R. Ferreira de Castro 20,39.3631896,-9.3373678,"Albergue in Alcobaça, Portugal",https://www.google.com/maps/place/Eljoy+Project/data=!4m10!3m9!1s0xd1f4f33c89b8169:0xb2a2edd09bd48e82!5m2!4m1!1i2!8m2!3d39.3631896!4d-9.3373678!16s%2Fg%2F11c54fg8vg!19sChIJaYGbyDNPHw0Rgo7Um9DtorI?authuser=0&hl=pt-BR&rclk=1,No,,
Good Mood Hostel,,'+351965831594,"R. de Aviz 93, 7000-600 Évora, Portugal","3,6",,PT,R. de Aviz 93,38.5749683,-7.9100289,"Hotel de 3 estrelas in Évora, Portugal",https://www.google.com/maps/place/Good+Mood+Hostel/data=!4m10!3m9!1s0xd19e4e74db486f3:0x3f1aa56e74994739!5m2!4m1!1i2!8m2!3d38.5749683!4d-7.9100289!16s%2Fg%2F11cs4m1_j6!19sChIJ84a0TefkGQ0ROUeZdG6lGj8?authuser=0&hl=pt-BR&rclk=1,No,,
Alojamento Casa do Largo,,,"Largo de Nossa Sra. da Nazaré 4, 2450-065 Nazaré, Portugal","3,5",,PT,Largo de Nossa Sra. da Nazaré 4,39.6057755,-9.0760854,"Albergue in Alcobaça, Portugal",https://www.google.com/maps/place/Alojamento+Casa+do+Largo/data=!4m10!3m9!1s0xd18a900457ef52d:0x32ba7b717fb848bd!5m2!4m1!1i2!8m2!3d39.6057755!4d-9.0760854!16s%2Fg%2F11xdk24cvn!19sChIJLfV-RQCpGA0RvUi4f3F7ujI?authuser=0&hl=pt-BR&rclk=1,No,,
Portuguese LoveBoat,,'+351969213179,"R. Casal dos Ninhos 12, 2520-101 Ferrel, Portugal",,,PT,R. Casal dos Ninhos 12,39.3693246,-9.3277778,"Albergue in Alcobaça, Portugal",https://www.google.com/maps/place/Portuguese+LoveBoat/data=!4m10!3m9!1s0xd1f4f28b09d9ccf:0xe07ec1a85b755900!5m2!4m1!1i2!8m2!3d39.3693246!4d-9.3277778!16s%2Fg%2F11h6sltjfl!19sChIJz5ydsChPHw0RAFl1W6jBfuA?authuser=0&hl=pt-BR&rclk=1,No,,
Hotel Torres Novas,,,"Praça 5 de Outubro 5, 2350-418 Torres Novas, Portugal","4,2",,PT,Praça 5 de Outubro 5,39.478891,-8.539194,"Hotel in Évora, Portugal",https://www.google.com/maps/place/Hotel+Torres+Novas/data=!4m10!3m9!1s0xd1888ed89f0276b:0x39c1dc310a9534c4!5m2!4m1!1i2!8m2!3d39.478891!4d-8.539194!16s%2Fg%2F1vkxnjbv!19sChIJayfwie2IGA0RxDSVCjHcwTk?authuser=0&hl=pt-BR&rclk=1,No,,
Hotel Lisboa,,,"R. Barata Salgueiro 5, 1169-066 Lisboa, Portugal","4,3",,PT,R. Barata Salgueiro 5,38.722243,-9.146356,"Hotel in Évora, Portugal",https://www.google.com/maps/place/Hotel+Lisboa/data=!4m10!3m9!1s0xd19337811f0ed27:0xa086cd3abc1c7289!5m2!4m1!1i2!8m2!3d38.722243!4d-9.146356!16s%2Fg%2F1tj97p4y!19sChIJJ-3wEXgzGQ0RiXIcvDrNhqA?authuser=0&hl=pt-BR&rclk=1,No,,
Casa do Avô Serra,,,"R. Dom Carlos I 51, Leiria, Portugal",,,PT,R. Dom Carlos I 51,39.7596882,-8.8252151,"Albergue in Alcobaça, Portugal",https://www.google.com/maps/place/Casa+do+Av%C3%B4+Serra/data=!4m10!3m9!1s0xd227395faad0f1d:0xfa5d5ed1b8c0aee5!5m2!4m1!1i2!8m2!3d39.7596882!4d-8.8252151!16s%2Fg%2F11l1q8m9jf!19sChIJHQ-t-pVzIg0R5a7AuNFeXfo?authuser=0&hl=pt-BR&rclk=1,No,,
Monte da Oliveirinha,,'+351960369049,"Monte da Oliveirinha, 7000-016 Évora, Portugal","4,3",,PT,Monte da Oliveirinha,38.6425676,-7.9435068,"Hotel Resort in Évora, Portugal",https://www.google.com/maps/place/Monte+da+Oliveirinha/data=!4m10!3m9!1s0xd19e60e7c9a7cdd:0xd780e165fa65ec6a!5m2!4m1!1i2!8m2!3d38.6425676!4d-7.9435068!16s%2Fg%2F11dfgswhz4!19sChIJ3XyafA7mGQ0Rauxl-mXhgNc?authuser=0&hl=pt-BR&rclk=1,No,,
Casinhas do Canário,,,"R. Nova de Reguengos 75, 7200-053 Montoito, Portugal","4,8",,PT,R. Nova de Reguengos 75,38.5072758,-7.5967252,"Hospedagem domiciliar in Évora, Portugal",https://www.google.com/maps/place/Casinhas+do+Can%C3%A1rio/data=!4m10!3m9!1s0xd174f5ef4acb915:0x6e0bf1caaa3d5a24!5m2!4m1!1i2!8m2!3d38.5072758!4d-7.5967252!16s%2Fg%2F11p5hyd6t_!19sChIJFbms9F5PFw0RJFo9qsrxC24?authuser=0&hl=pt-BR&rclk=1,No,,
Girassol - Alojamento Local,,'+351962484139,"GRWH+8G, 7050-999, Portugal","4,7",,PT,GRWH+8G,38.5457488,-8.1711839,"Hospedagem domiciliar in Évora, Portugal",https://www.google.com/maps/place/Girassol+-+Alojamento+Local/data=!4m10!3m9!1s0xd1993cfb4e1059f:0x897e5011b995774e!5m2!4m1!1i2!8m2!3d38.5457488!4d-8.1711839!16s%2Fg%2F11s546n3xr!19sChIJnwXhtM-TGQ0RTneVuRFQfok?authuser=0&hl=pt-BR&rclk=1,No,,
Monte Sereno,,,"Nossa Sra. de Machede, Portugal","5,0",,PT,Nossa Sra. de Machede,38.5103944,-7.6684416,"Hospedagem domiciliar in Évora, Portugal",https://www.google.com/maps/place/Monte+Sereno/data=!4m7!3m6!1s0xd17516ca398e31f:0x8667cdf41108bc34!8m2!3d38.5103944!4d-7.6684416!16s%2Fg%2F11pv2851_t!19sChIJH-OYo2xRFw0RNLwIEfTNZ4Y?authuser=0&hl=pt-BR&rclk=1,No,Hospedagem domiciliar,
Alojamento,,,"R. Miguel Bombarda 37, 7000-919 Évora, Portugal",,,PT,R. Miguel Bombarda 37,38.5700346,-7.906883,"Hospedagem domiciliar in Évora, Portugal",https://www.google.com/maps/place/Alojamento/data=!4m7!3m6!1s0xd19e50049d60b87:0xbc8e414098a03abb!8m2!3d38.5700346!4d-7.906883!16s%2Fg%2F11nb4s0496!19sChIJhwvWSQDlGQ0RuzqgmEBBjrw?authuser=0&hl=pt-BR&rclk=1,No,Hospedagem domiciliar,
Terras de Monsaraz,,'+351963350443,"Estrada Nacional 255 Sentido Alandroal (Cerro da Areia, 7200-207, Portugal","4,5",,PT,Estrada Nacional 255 Sentido Alandroal (Cerro da Areia,38.4350003,-7.5314068,"Hospedaria in Évora, Portugal",https://www.google.com/maps/place/Terras+de+Monsaraz/data=!4m10!3m9!1s0xd174d898d377fe1:0xd6ca5ddff5ff7a56!5m2!4m1!1i2!8m2!3d38.4350003!4d-7.5314068!16s%2Fg%2F11hr9jx_pm!19sChIJ4X83jYlNFw0RVnr_9d9dytY?authuser=0&hl=pt-BR&rclk=1,No,,
Herdade da Valeira,,,"JXQW+FH, Nossa Sra. de Guadalupe, Portugal","4,5",,PT,JXQW+FH,38.6387583,-8.0035706,"Hospedagem domiciliar in Évora, Portugal",https://www.google.com/maps/place/Herdade+da+Valeira/data=!4m7!3m6!1s0xd19e90041e3f91f:0x8d3352720e1a9f56!8m2!3d38.6387583!4d-8.0035706!16s%2Fg%2F11w9290_t4!19sChIJH_njQQDpGQ0RVp8aDnJSM40?authuser=0&hl=pt-BR&rclk=1,No,Hospedagem domiciliar,
Pousada Mar de Calma,,'+351936841194,"Largo António Mouzinho Almadanim 6, 7050-600, Portugal","5,0",,PT,Largo António Mouzinho Almadanim 6,38.491846,-8.3079685,"Hospedaria in Évora, Portugal",https://www.google.com/maps/place/Pousada+Mar+de+Calma/data=!4m10!3m9!1s0xd198f912d479c67:0x3bf9f6c7d4e44c77!5m2!4m1!1i2!8m2!3d38.491846!4d-8.3079685!16s%2Fg%2F11zd3385x4!19sChIJZ5xHLZGPGQ0Rd0zk1Mf2-Ts?authuser=0&hl=pt-BR&rclk=1,No,,
Monte da Lagoa,,,"G5MC+X4, Nossa Sra. de Machede, Portugal",,,PT,G5MC+X4,38.5349704,-7.829651,"Hospedagem domiciliar in Évora, Portugal",https://www.google.com/maps/place/Monte+da+Lagoa/data=!4m7!3m6!1s0xd19fd00571e2fd5:0x62033494dabaee70!8m2!3d38.5349704!4d-7.829651!16s%2Fg%2F11z41hkqfb!19sChIJ1S8eVwD9GQ0RcO662pQ0A2I?authuser=0&hl=pt-BR&rclk=1,No,Hospedagem domiciliar,
Herdade dos Padres,,,"JV43+CW, São Sebastião da Giesteira, Portugal","5,0",,PT,JV43+CW,38.6060833,-8.1451667,"Hospedagem domiciliar in Évora, Portugal",https://www.google.com/maps/place/Herdade+dos+Padres/data=!4m7!3m6!1s0xd19930089d39e5f:0xbbd4e0b3de2774ee!8m2!3d38.6060833!4d-8.1451667!16s%2Fg%2F11l34_qnzy!19sChIJX57TiQCTGQ0R7nQn3rPg1Ls?authuser=0&hl=pt-BR&rclk=1,No,Hospedagem domiciliar,
Residência RTS,,,"R. da Saudade, Évora, Portugal",,,PT,R. da Saudade,38.5708156,-7.8901416,"Hospedagem domiciliar in Évora, Portugal",https://www.google.com/maps/place/Resid%C3%AAncia+RTS/data=!4m7!3m6!1s0xd19e50066af4ae5:0x6c4d6d9bf3962681!8m2!3d38.5708156!4d-7.8901416!16s%2Fg%2F11xrdsgt9r!19sChIJ5UqvZgDlGQ0RgSaW85ttTWw?authuser=0&hl=pt-BR&rclk=1,No,Hospedagem domiciliar,
Monte da Vila,,,"R. João José Perdigão 19, 7005, Portugal",,,PT,R. João José Perdigão 19,38.7050461,-7.7835652,"Hospedagem domiciliar in Évora, Portugal",https://www.google.com/maps/place/Monte+da+Vila/data=!4m7!3m6!1s0xd175fd3603666cd:0x3936e8170361968b!8m2!3d38.7050461!4d-7.7835652!16s%2Fg%2F11jyjffff5!19sChIJzWY2YNNfFw0Ri5ZhAxfoNjk?authuser=0&hl=pt-BR&rclk=1,No,Hospedagem domiciliar,
Isabel Gancho,,'+351266733917,"R. de Valdevinos 40A, 7000-645 Évora, Portugal",,,PT,R. de Valdevinos 40A,38.5701866,-7.9076486,"Hospedagem domiciliar in Évora, Portugal",https://www.google.com/maps/place/Isabel+Gancho/data=!4m7!3m6!1s0xd19e4dc60549347:0x500b1eb44f8a20a!8m2!3d38.5701866!4d-7.9076486!16s%2Fg%2F1hc2fr0x1!19sChIJR5NUYNzkGQ0RCqL4ROuxAAU?authuser=0&hl=pt-BR&rclk=1,No,Hospedagem domiciliar,
Amore Fra,,,"JPVX+89, Montemor-o-Novo, Portugal",,,PT,JPVX+89,38.6433111,-8.2515679,"Hospedagem domiciliar in Évora, Portugal",https://www.google.com/maps/place/Amore+Fra/data=!4m7!3m6!1s0xd199799ee3af3dd:0xf1562a99455789e9!8m2!3d38.6433111!4d-8.2515679!16s%2Fg%2F11sb5dnrkj!19sChIJ3fM67pmXGQ0R6YlXRZkqVvE?authuser=0&hl=pt-BR&rclk=1,No,Hospedagem domiciliar,
Herdade da Negraxa,,,"São Sebastião da Giesteira, Portugal",,,PT,São Sebastião da Giesteira,38.594836,-8.1485895,"Hospedagem domiciliar in Évora, Portugal",https://www.google.com/maps/place/Herdade+da+Negraxa/data=!4m7!3m6!1s0xd1993a3e97fac2f:0x3193e0b0c16db13a!8m2!3d38.594836!4d-8.1485895!16s%2Fg%2F11vf9gls7g!19sChIJL6x_6aOTGQ0ROrFtwbDgkzE?authuser=0&hl=pt-BR&rclk=1,No,Hospedagem domiciliar,
ibis Évora,,,"Qta. Tapada Urb. Muralha, R. de Viana 18, 7005-410 Evora, Portugal","3,8",,PT,R. de Viana 18,38.565928,-7.912491,"Hotel de 3 estrelas in Évora, Portugal",https://www.google.com/maps/place/ibis+%C3%89vora/data=!4m10!3m9!1s0xd19e4d9a91f6f6d:0x896a7562db0979a0!5m2!4m1!1i2!8m2!3d38.565928!4d-7.912491!16s%2Fg%2F1tcz9l56!19sChIJbW8fqdnkGQ0RoHkJ22J1aok?authuser=0&hl=pt-BR&rclk=1,No,,
Mont'sobro House,,'+351969302313,"R. de Diogo Cão 1, 7000-872 Évora, Portugal","3,6",,PT,R. de Diogo Cão 1,38.5712318,-7.9080229,"Hotel de 3 estrelas in Évora, Portugal",https://www.google.com/maps/place/Mont%27sobro+House/data=!4m10!3m9!1s0xd19e4dc510f439b:0x5fbc360dde5e87e1!5m2!4m1!1i2!8m2!3d38.5712318!4d-7.9080229!16s%2Fg%2F11dfgpcr37!19sChIJm0MPUdzkGQ0R4Yde3g02vF8?authuser=0&hl=pt-BR&rclk=1,No,,
Sunny respite in Evora,,,"R. Pedro Álvares Cabral 8, 7200-328 Reguengos de Monsaraz, Portugal",,,PT,R. Pedro Álvares Cabral 8,38.4256455,-7.5350372,"Hospedagem domiciliar in Évora, Portugal",https://www.google.com/maps/place/Sunny+respite+in+Evora/data=!4m10!3m9!1s0xd174d00201aa4d1:0xa40b9d8aee42ac34!5m2!4m1!1i2!8m2!3d38.4256455!4d-7.5350372!16s%2Fg%2F11lp69nvjb!19sChIJ0aQaIABNFw0RNKxC7oqdC6Q?authuser=0&hl=pt-BR&rclk=1,No,,
Rua de Mourão 48,,,"Reguengos de Monsaraz, Portugal",,,PT,Reguengos de Monsaraz,38.3956192,-7.5185269,"Hospedagem domiciliar in Évora, Portugal",https://www.google.com/maps/place/Rua+de+Mour%C3%A3o+48/data=!4m7!3m6!1s0xd10b5001b87f77b:0xf8e13ac05ccc1473!8m2!3d38.3956192!4d-7.5185269!16s%2Fg%2F11myl9gbwn!19sChIJe_eHGwC1EA0RcxTMXMA64fg?authuser=0&hl=pt-BR&rclk=1,No,Hospedagem domiciliar,
Horta Cega Gatos,,'+351969815514,"8XP3+5G, Viana do Alentejo, Portugal",,,PT,8XP3+5G,38.3354426,-8.0461733,"Hospedagem domiciliar in Évora, Portugal",https://www.google.com/maps/place/Horta+Cega+Gatos/data=!4m7!3m6!1s0xd1a1d501e2ad7a9:0xcbc69d23b5c44f98!8m2!3d38.3354426!4d-8.0461733!16s%2Fg%2F11vbxjl6ph!19sChIJqdcqHlAdGg0RmE_EtSOdxss?authuser=0&hl=pt-BR&rclk=1,No,Hospedagem domiciliar,
Monte da Bugiada,,'+351917305502,"Unnamed Road, 7580, Portugal","4,8",,PT,Unnamed Road,38.3609496,-8.359546,"Hospedagem domiciliar in Évora, Portugal",https://www.google.com/maps/place/Monte+da+Bugiada/data=!4m7!3m6!1s0xd19876b235ec2b7:0x4547f58866ca6fb!8m2!3d38.3609496!4d-8.359546!16s%2Fg%2F11px5y1srp!19sChIJt8JeI2uHGQ0R-6Zshlh_VAQ?authuser=0&hl=pt-BR&rclk=1,No,Hospedagem domiciliar,
Monte de São Francisco Country House,,'+351966257573,"2C3H+MJ, Aldeia de Vale Maceiras, Portugal","5,0",,PT,2C3H+MJ,39.0041533,-7.5709536,"Hospedagem domiciliar in Évora, Portugal",https://www.google.com/maps/place/Monte+de+S%C3%A3o+Francisco+Country+House/data=!4m10!3m9!1s0xd1777007394ed69:0x4176203383b53861!5m2!4m1!1i2!8m2!3d39.0041533!4d-7.5709536!16s%2Fg%2F11lw8qm0m9!19sChIJae2UcwB3Fw0RYTi1gzMgdkE?authuser=0&hl=pt-BR&rclk=1,No,,
Vilar HelEsa,,,"R. Luís de Camões 7250, 7250-117 Alandroal, Portugal","4,4",,PT,R. Luís de Camões 7250,38.701199,-7.4066512,"Hospedagem domiciliar in Évora, Portugal",https://www.google.com/maps/place/Vilar+HelEsa/data=!4m10!3m9!1s0xd173fad62241245:0xf80d3aa82b9e5ce0!5m2!4m1!1i2!8m2!3d38.701199!4d-7.4066512!16s%2Fg%2F11p75kvpl_!19sChIJRRIkYq0_Fw0R4FyeK6g6Dfg?authuser=0&hl=pt-BR&rclk=1,No,,
Alojamento Local - Às Portas da Vila,,'+351961152055,"Largo de São Sebastião 13, 7200-181, Portugal","4,7",,PT,Largo de São Sebastião 13,38.453913,-7.3814979,"Hospedagem domiciliar in Évora, Portugal",https://www.google.com/maps/place/Alojamento+Local+-+%C3%80s+Portas+da+Vila/data=!4m7!3m6!1s0xd1735dd55c842f5:0x1dd46d6460625ea!8m2!3d38.453913!4d-7.3814979!16s%2Fg%2F11s6j0v172!19sChIJ9ULIVd01Fw0R6iUGRtZG3QE?authuser=0&hl=pt-BR&rclk=1,No,Hospedagem domiciliar,
Monte Sereno Alentejo,,,"Rua do Poço Novo 7200, 14, Portugal","5,0",,PT,Rua do Poço Novo 7200,38.5306497,-7.3908152,"Hospedagem domiciliar in Évora, Portugal",https://www.google.com/maps/place/Monte+Sereno+Alentejo/data=!4m7!3m6!1s0xd17370039dc8e15:0x4840959deb8b7781!8m2!3d38.5306497!4d-7.3908152!16s%2Fg%2F11wvcwz30k!19sChIJFY7cOQA3Fw0RgXeL652VQEg?authuser=0&hl=pt-BR&rclk=1,No,Hospedagem domiciliar,
Monte de Cima,,,"Monte de Cima bloco 614, Lages, 7200-016, Portugal","5,0",,PT,Lages,38.558619,-7.4536437,"Hospedagem domiciliar in Évora, Portugal",https://www.google.com/maps/place/Monte+de+Cima/data=!4m7!3m6!1s0xd1749c5c50d5c83:0x3cb729aeb001f2d1!8m2!3d38.558619!4d-7.4536437!16s%2Fg%2F11scxyv8mt!19sChIJg1wNxcVJFw0R0fIBsK4ptzw?authuser=0&hl=pt-BR&rclk=1,No,Hospedagem domiciliar,
Monte dos Tojos,,,"Cabeça de Carneiro, Ferreira de Capelins, Portugal","5,0",,PT,Cabeça de Carneiro,38.5289511,-7.3893307,"Hospedagem domiciliar in Évora, Portugal",https://www.google.com/maps/place/Monte+dos+Tojos/data=!4m7!3m6!1s0xd1737aaf5f1dc0d:0x74d3d251c2e36614!8m2!3d38.5289511!4d-7.3893307!16s%2Fg%2F11p0bvm3xt!19sChIJDdzx9ao3Fw0RFGbjwlHS03Q?authuser=0&hl=pt-BR&rclk=1,No,Hospedagem domiciliar,
Monte Dos Bochechos,,,"8Q27+97, Torrão, Portugal",,,PT,8Q27+97,38.3009661,-8.2368597,"Hospedagem domiciliar in Évora, Portugal",https://www.google.com/maps/place/Monte+Dos+Bochechos/data=!4m7!3m6!1s0xd1a2700271eb6e1:0x67a02ae048d0bc75!8m2!3d38.3009661!4d-8.2368597!16s%2Fg%2F11y_prjt46!19sChIJ4bYeJwAnGg0RdbzQSOAqoGc?authuser=0&hl=pt-BR&rclk=1,No,Hospedagem domiciliar,
Monte do vinhão,,,"RFWM+82, Estremoz, Portugal","5,0",1,PT,RFWM+82,38.8458323,-7.5174451,"Hospedagem domiciliar in Évora, Portugal",https://www.google.com/maps/place/Monte+do+vinh%C3%A3o/data=!4m7!3m6!1s0xd176dbf293de315:0x1afdddb03df6c6eb!8m2!3d38.8458323!4d-7.5174451!16s%2Fg%2F11tfz5g9yj!19sChIJFeM9Kb9tFw0R68b2PbDd_Ro?authuser=0&hl=pt-BR&rclk=1,No,Hospedagem domiciliar,
Monte da Fonte Nova,,,"7100-034 Arcos, Portugal","4,0",,PT,,38.8463269,-7.5168535,"Hospedagem domiciliar in Évora, Portugal",https://www.google.com/maps/place/Monte+da+Fonte+Nova/data=!4m7!3m6!1s0xd176dd456146e7d:0xbbfa2f075720cadd!8m2!3d38.8463269!4d-7.5168535!16s%2Fg%2F11tp2g_gmm!19sChIJfW4UVtRtFw0R3cogVwcv-rs?authuser=0&hl=pt-BR&rclk=1,No,Hospedagem domiciliar,
Monte dos Sonhos,,,"Alcôrrego, Portugal","4,8",,PT,Alcôrrego,38.9775544,-7.8947295,"Hospedagem domiciliar in Évora, Portugal",https://www.google.com/maps/place/Monte+dos+Sonhos/data=!4m7!3m6!1s0xd19d3b00b97a74f:0xf2ad04005d711789!8m2!3d38.9775544!4d-7.8947295!16s%2Fg%2F11s76ptndw!19sChIJT6eXC7DTGQ0RiRdxXQAErfI?authuser=0&hl=pt-BR&rclk=1,No,Hospedagem domiciliar,
O Cantinho Alentejano,,,"7940-017 Cuba, Portugal","5,0",1,PT,,38.2185695,-7.9028804,"Hospedagem domiciliar in Évora, Portugal",https://www.google.com/maps/place/O+Cantinho+Alentejano/data=!4m7!3m6!1s0xd1a0f006aa77f8d:0x5ae26f642cc7e57a!8m2!3d38.2185695!4d-7.9028804!16s%2Fg%2F11yhy12541!19sChIJjX-nagAPGg0ReuXHLGRv4lo?authuser=0&hl=pt-BR&rclk=1,No,Hospedagem domiciliar,
Monte da Fonte da Pedra,,,Portugal,,,PT,Portugal,38.4907558,-8.3065415,"Hospedagem domiciliar in Évora, Portugal",https://www.google.com/maps/place/Monte+da+Fonte+da+Pedra/data=!4m7!3m6!1s0xd198f005ae5055d:0x17701b496023c70a!8m2!3d38.4907558!4d-8.3065415!16s%2Fg%2F11vpjtnl9z!19sChIJXQXlWgCPGQ0RCscjYEkbcBc?authuser=0&hl=pt-BR&rclk=1,No,Hospedagem domiciliar,
Monte do Chocalho,,,"FMFQ+38, Alcáçovas, Portugal",,,PT,FMFQ+38,38.4727649,-8.3116569,"Hospedagem domiciliar in Évora, Portugal",https://www.google.com/maps/place/Monte+do+Chocalho/data=!4m7!3m6!1s0xd19850004861bed:0x1e9adc3e0b7014f7!8m2!3d38.4727649!4d-8.3116569!16s%2Fg%2F11lm_73k5_!19sChIJ7RuGBACFGQ0R9xRwCz7cmh4?authuser=0&hl=pt-BR&rclk=1,No,Hospedagem domiciliar,
Guest House Alentejo,,,"R. de Mendo Estevens, 7000-865 Évora, Portugal","3,2",,PT,R. de Mendo Estevens,38.5712461,-7.9037105,"Hotel in Évora, Portugal",https://www.google.com/maps/place/Guest+House+Alentejo/data=!4m10!3m9!1s0xd19e58406cb1853:0xe2969a56378aa721!5m2!4m1!1i2!8m2!3d38.5712461!4d-7.9037105!16s%2Fg%2F11rjq9dv6t!19sChIJUxjLBoTlGQ0RIaeKN1aaluI?authuser=0&hl=pt-BR&rclk=1,No,,
Quinta Selva,,,"Estrada regional 381, Quinta da coita, Estremoz, Portugal",,,PT,Quinta da coita,38.832186,-7.5928468,"Hospedagem domiciliar in Évora, Portugal",https://www.google.com/maps/place/Quinta+Selva/data=!4m7!3m6!1s0xd176f00528b321b:0x77958c27b65b111c!8m2!3d38.832186!4d-7.5928468!16s%2Fg%2F11zjpkbzj9!19sChIJGzKLUgBvFw0RHBFbtieMlXc?authuser=0&hl=pt-BR&rclk=1,No,Hospedagem domiciliar,
Guesthouse Évora,,,"R. Miguel Bombarda 59, 7000-647 Évora, Portugal","2,5",,PT,R. Miguel Bombarda 59,38.5703925,-7.9060994,"Hotel in Évora, Portugal",https://www.google.com/maps/place/Guesthouse+%C3%89vora/data=!4m10!3m9!1s0xd19e5002ed5ef4f:0xad5728f30e12ac1!5m2!4m1!1i2!8m2!3d38.5703925!4d-7.9060994!16s%2Fg%2F11yckwwrf2!19sChIJT-_VLgDlGQ0RwSrhMI9y1Qo?authuser=0&hl=pt-BR&rclk=1,No,,
Guest House Palácio Diana (Antiga Pensão Diana),,'+351926392602,"R. de Diogo Cão 2, 7000-872 Évora, Portugal","4,3",,PT,R. de Diogo Cão 2,38.5711967,-7.9080427,"Hotel in Évora, Portugal",https://www.google.com/maps/place/Guest+House+Pal%C3%A1cio+Diana+%28Antiga+Pens%C3%A3o+Diana%29/data=!4m10!3m9!1s0xd19e5b755b1d7f9:0xe33228ab6da4e1d8!5m2!4m1!1i2!8m2!3d38.5711967!4d-7.9080427!16s%2Fg%2F11s958fz8w!19sChIJ-dexVbflGQ0R2OGkbasoMuM?authuser=0&hl=pt-BR&rclk=1,No,,
Residência EPA,,,"Praça da República 24, 7920-067 Alvito, Portugal",,,PT,Praça da República 24,38.2567444,-7.9915101,"Hospedagem domiciliar in Évora, Portugal",https://www.google.com/maps/place/Resid%C3%AAncia+EPA/data=!4m7!3m6!1s0xd1a1bb54aaf3fd1:0xa00f47a97d0db836!8m2!3d38.2567444!4d-7.9915101!16s%2Fg%2F11s8y11v9h!19sChIJ0T-vSrUbGg0RNrgNfalHD6A?authuser=0&hl=pt-BR&rclk=1,No,Hospedagem domiciliar,
Casa Alento,,,"CJH5+JQ, Portugal",,,PT,CJH5+JQ,38.4290625,-7.3905625,"Hospedagem domiciliar in Évora, Portugal",https://www.google.com/maps/place/Casa+Alento/data=!4m7!3m6!1s0xd173500532b079b:0xc0bedc29bbda2517!8m2!3d38.4290625!4d-7.3905625!16s%2Fg%2F11ypcrvm78!19sChIJmwcrUwA1Fw0RFyXauyncvsA?authuser=0&hl=pt-BR&rclk=1,No,Hospedagem domiciliar,
Casa Jannat,,'+351920139891,"Estrada dos Verissimos s/n, Foros da Boa Vista, 2985-050 Canha, Portugal","5,0",1,PT,Foros da Boa Vista,38.7535088,-8.6235732,"Hospedagem domiciliar in Évora, Portugal",https://www.google.com/maps/place/Casa+Jannat/data=!4m7!3m6!1s0xd190f001c4c1235:0x63424415e8cedac2!8m2!3d38.7535088!4d-8.6235732!16s%2Fg%2F11z6c55rj6!19sChIJNRJMHAAPGQ0RwtrO6BVEQmM?authuser=0&hl=pt-BR&rclk=1,No,Hospedagem domiciliar,
Peacock House,,'+351924071244,"R. Romão Ramalho 37, 7000-669 Évora, Portugal","4,2",,PT,R. Romão Ramalho 37,38.5695482,-7.9095356,"Hotel in Évora, Portugal",https://www.google.com/maps/place/Peacock+House/data=!4m10!3m9!1s0xd19e5c2d01a9491:0xbde3909ff3fed5fc!5m2!4m1!1i2!8m2!3d38.5695482!4d-7.9095356!16s%2Fg%2F11flg1lq2q!19sChIJkZQa0MLlGQ0R_NX-85-Q470?authuser=0&hl=pt-BR&rclk=1,No,,
Monte da Samarra,,,"Zona Industrial de Avis, Avis, Portugal","5,0",,PT,Zona Industrial de Avis,39.0304463,-7.8901583,"Hospedagem domiciliar in Évora, Portugal",https://www.google.com/maps/place/Monte+da+Samarra/data=!4m10!3m9!1s0xd19d3003ff28373:0x2ee48bbd525daa11!5m2!4m1!1i2!8m2!3d39.0304463!4d-7.8901583!16s%2Fg%2F11vx7jlw3y!19sChIJc4PyPwDTGQ0REapdUr2L5C4?authuser=0&hl=pt-BR&rclk=1,No,,
Hotel Moov Évora,,,"R. do Raimundo 99C, 7000-661 Évora, Portugal","4,2",,PT,R. do Raimundo 99C,38.568463,-7.912157,"Hotel de 2 estrelas in Évora, Portugal",https://www.google.com/maps/place/Hotel+Moov+%C3%89vora/data=!4m10!3m9!1s0xd19e4d931812c51:0x2ceed994a1d12c3!5m2!4m1!1i2!8m2!3d38.568463!4d-7.912157!16s%2Fg%2F11fxc1st8g!19sChIJUSyBMdnkGQ0RwxIdSpntzgI?authuser=0&hl=pt-BR&rclk=1,No,,
HI Évora – Pousada de Juventude,,,"R. Miguel Bombarda 40, 7000-919 Évora, Portugal","4,1",,PT,R. Miguel Bombarda 40,38.569911,-7.907255,"Hotel de 2 estrelas in Évora, Portugal",https://www.google.com/maps/place/HI+%C3%89vora+%E2%80%93+Pousada+de+Juventude/data=!4m10!3m9!1s0xd19e4dc88dad897:0xf8a1e7ecb3e931ac!5m2!4m1!1i2!8m2!3d38.569911!4d-7.907255!16s%2Fg%2F11b8z0xsr8!19sChIJl9jaiNzkGQ0RrDHps-znofg?authuser=0&hl=pt-BR&rclk=1,No,,
Hotel Convento de São Paulo,,,"Aldeia da Serra, 7170-120 Redondo, Portugal","4,6",,PT,Aldeia da Serra,38.726181,-7.578427,"Hotel de 4 estrelas in Évora, Portugal",https://www.google.com/maps/place/Hotel+Convento+de+S%C3%A3o+Paulo/data=!4m10!3m9!1s0xd17428dfc654a31:0x6e917c8321da21fb!5m2!4m1!1i2!8m2!3d38.726181!4d-7.578427!16s%2Fg%2F1tctytmd!19sChIJMUpl_I1CFw0R-yHaIYN8kW4?authuser=0&hl=pt-BR&rclk=1,No,,
Hotel Senhora do Monte,,,"Calçada do Monte 39, 1170-250 Lisboa, Portugal","4,0",,PT,Calçada do Monte 39,38.718586,-9.132217,"Albergue in Évora, Portugal",https://www.google.com/maps/place/Hotel+Senhora+do+Monte/data=!4m10!3m9!1s0xd193388d0e798f5:0x4c51349d3955f89b!5m2!4m1!1i2!8m2!3d38.718586!4d-9.132217!16s%2Fg%2F1hc1xhl7w!19sChIJ9Zjn0IgzGQ0Rm_hVOZ00UUw?authuser=0&hl=pt-BR&rclk=1,No,,
Guesthouse Évora,,,"R. Miguel Bombarda 59, 7000-647 Évora, Portugal","2,5",,PT,R. Miguel Bombarda 59,38.5703925,-7.9060994,"Albergue in Évora, Portugal",https://www.google.com/maps/place/Guesthouse+%C3%89vora/data=!4m10!3m9!1s0xd19e5002ed5ef4f:0xad5728f30e12ac1!5m2!4m1!1i2!8m2!3d38.5703925!4d-7.9060994!16s%2Fg%2F11yckwwrf2!19sChIJT-_VLgDlGQ0RwSrhMI9y1Qo?authuser=0&hl=pt-BR&rclk=1,No,,
Bellas house,,'+351967040763,"Tv. do Contreyras 20, 7000-313 Évora, Portugal","4,8",,PT,Tv. do Contreyras 20,38.5700009,-7.912935,"Albergue in Évora, Portugal",https://www.google.com/maps/place/Bellas+house/data=!4m10!3m9!1s0xd19e5b95319ec5b:0xb7e3447fea1f9b8c!5m2!4m1!1i2!8m2!3d38.5700009!4d-7.912935!16s%2Fg%2F11f5pyp_qg!19sChIJW-wZU7nlGQ0RjJsf6n9E47c?authuser=0&hl=pt-BR&rclk=1,No,,
Casas de São Cristóvão,,'+351963486244,"R. de São Cristóvão 31 / 31 A, 7000-518 Évora, Portugal","4,6",,PT,R. de São Cristóvão 31 / 31 A,38.5717893,-7.9142993,"Albergue in Évora, Portugal",https://www.google.com/maps/place/Casas+de+S%C3%A3o+Crist%C3%B3v%C3%A3o/data=!4m10!3m9!1s0xd19e571934fc41d:0xed13db67018f8bb1!5m2!4m1!1i2!8m2!3d38.5717893!4d-7.9142993!16s%2Fg%2F11h6tpk9ct!19sChIJHcRPk3HlGQ0RsYuPAWfbE-0?authuser=0&hl=pt-BR&rclk=1,No,,
Herdade Vale Castelo,,,"Caminho do Esporão, 7200-203, Portugal","5,0",,PT,Caminho do Esporão,38.4001303,-7.556971,"Albergue in Évora, Portugal",https://www.google.com/maps/place/Herdade+Vale+Castelo/data=!4m10!3m9!1s0xd10b30016909d6d:0xe1c7d9e41b0fbfda!5m2!4m1!1i2!8m2!3d38.4001303!4d-7.556971!16s%2Fg%2F11ybb8ph88!19sChIJbZ2QFgCzEA0R2r8PG-TZx-E?authuser=0&hl=pt-BR&rclk=1,No,,
HERDADE DA SAUDADE,,'+351914017144,"Herdade da Saudade, 7040-513 São Pedro de Gafanhoeira, Portugal","4,7",,PT,Herdade da Saudade,38.7582107,-8.0678783,"Albergue in Évora, Portugal",https://www.google.com/maps/place/HERDADE+DA+SAUDADE/data=!4m10!3m9!1s0xd19c16300ee3133:0xae007953774e1157!5m2!4m1!1i2!8m2!3d38.7582107!4d-8.0678783!16s%2Fg%2F11qnjhp83p!19sChIJMzHuAGPBGQ0RVxFOd1N5AK4?authuser=0&hl=pt-BR&rclk=1,No,,
casa do campo,,'+351256192117,"R. Sé 415, 4505-678 Caldas de São Jorge, Portugal","4,7",,PT,R. Sé 415,40.969629,-8.498892,"Hospedaria in Marco de Canavezes, Portugal",https://www.google.com/maps/place/casa+do+campo/data=!4m10!3m9!1s0xd247ff659614539:0x9e615ba6b1ae4d4!5m2!4m1!1i2!8m2!3d40.969629!4d-8.498892!16s%2Fg%2F11dfgswqbd!19sChIJOUVhWfZ_JA0R1OQaa7oV5gk?authuser=0&hl=pt-BR&rclk=1,No,,
Restaurante Figurino do Douro,,,"Av. José Joaquim Ferreira 2984, 4515-462 Melres, Portugal","4,3",,PT,Av. José Joaquim Ferreira 2984,41.074425,-8.413474,"Hospedaria in Marco de Canavezes, Portugal",https://www.google.com/maps/place/Restaurante+Figurino+do+Douro/data=!4m10!3m9!1s0xd248695fadea149:0xe36feb774351056d!5m2!4m1!1i2!8m2!3d41.074425!4d-8.413474!16s%2Fg%2F11b6xhrf3g!19sChIJSaHe-pWGJA0RbQVRQ3frb-M?authuser=0&hl=pt-BR&rclk=1,No,,
Casa Grande do Serrado,,'+351254822253,"R. do Casal 16, Sanhoane, Portugal","4,6",,PT,R. do Casal 16,41.2030327,-7.798812,"Hospedaria in Marco de Canavezes, Portugal",https://www.google.com/maps/place/Casa+Grande+do+Serrado/data=!4m10!3m9!1s0xd24b2c43321ce13:0x52aec48612824a80!5m2!4m1!1i2!8m2!3d41.2030327!4d-7.798812!16s%2Fg%2F1q62h757h!19sChIJE84hM8SyJA0RgEqCEobErlI?authuser=0&hl=pt-BR&rclk=1,No,,
Holiday house in Douro Valley,,'+351926961006,"EM537 914, Portugal","4,8",,PT,EM537 914,41.1419823,-7.8834834,"Hospedaria in Marco de Canavezes, Portugal",https://www.google.com/maps/place/Holiday+house+in+Douro+Valley/data=!4m7!3m6!1s0xd24ae6ffb717f49:0x1a247d2483ba8394!8m2!3d41.1419823!4d-7.8834834!16s%2Fg%2F11g7z6849z!19sChIJSX9x-2-uJA0RlIO6gyR9JBo?authuser=0&hl=pt-BR&rclk=1,No,Hospedaria,
Monte azul,,,"Q353+JW, São Gregório, Portugal","4,8",,PT,Q353+JW,38.7590663,-7.9452137,"Hospedagem domiciliar in Évora, Portugal",https://www.google.com/maps/place/Monte+azul/data=!4m7!3m6!1s0xd19dd1b4cff4a5b:0xcd27bda16f1459d2!8m2!3d38.7590663!4d-7.9452137!16s%2Fg%2F11s5mxj4d_!19sChIJW0r_TBvdGQ0R0lkUb6G9J80?authuser=0&hl=pt-BR&rclk=1,No,Hospedagem domiciliar,
Brigadeiro Country House,,,"H4R9+F3, Évora, Portugal","4,7",,PT,H4R9+F3,38.5911471,-7.8823274,"Hospedagem domiciliar in Évora, Portugal",https://www.google.com/maps/place/Brigadeiro+Country+House/data=!4m7!3m6!1s0xd19e55b882e9a9f:0xb61a3958a457cc55!8m2!3d38.5911471!4d-7.8823274!16s%2Fg%2F11q4hmtlfn!19sChIJn5ouiFvlGQ0RVcxXpFg5GrY?authuser=0&hl=pt-BR&rclk=1,No,Hospedagem domiciliar,
Casa da Vila,,'+351964427793,"Rua Chã da Raposa nº52, 4795-784, Portugal","4,6",,PT,Rua Chã da Raposa nº52,41.3757984,-8.3294176,"Hospedaria in Marco de Canavezes, Portugal",https://www.google.com/maps/place/Casa+da+Vila/data=!4m10!3m9!1s0xd24f21f2a5652a1:0x71e2073f74e2c112!5m2!4m1!1i2!8m2!3d41.3757984!4d-8.3294176!16s%2Fg%2F11bzrpxs4l!19sChIJoVJWKh_yJA0REsHidD8H4nE?authuser=0&hl=pt-BR&rclk=1,No,,
Casa do Villas,,,"Castelo de Paiva, Portugal","4,3",,PT,Castelo de Paiva,41.0318868,-8.2881444,"Hospedaria in Marco de Canavezes, Portugal",https://www.google.com/maps/place/Casa+do+Villas/data=!4m10!3m9!1s0xd249cdd396953ad:0x98da52928f5a119c!5m2!4m1!1i2!8m2!3d41.0318868!4d-8.2881444!16s%2Fg%2F11bbww_5x9!19sChIJrVNpOd2cJA0RnBFaj5JS2pg?authuser=0&hl=pt-BR&rclk=1,No,,
Hotel Oasis,,,"R. dos Combatentes 24, 5030-477 Santa Marta de Penaguião, Portugal","4,0",,PT,R. dos Combatentes 24,41.210879,-7.786804,"Hotel de 3 estrelas in Marco de Canavezes, Portugal",https://www.google.com/maps/place/Hotel+Oasis/data=!4m10!3m9!1s0xd24b2d319523a91:0xa00cd5c2b4f23fcf!5m2!4m1!1i2!8m2!3d41.210879!4d-7.786804!16s%2Fg%2F11df7jv8gx!19sChIJkTpSGdOyJA0Rzz_ytMLVDKA?authuser=0&hl=pt-BR&rclk=1,No,,
Hotel Oasis,,'+351254821532,"R. dos Combatentes 24, 5030-477 Santa Marta de Penaguião, Portugal","4,0",,PT,R. dos Combatentes 24,41.2108793,-7.7868035,"Hotel de 3 estrelas in Marco de Canavezes, Portugal",https://www.google.com/maps/place/Hotel+Oasis/data=!4m10!3m9!1s0xd24b2d319390b27:0xa00cd5c2b4f23fcf!5m2!4m1!1i2!8m2!3d41.2108793!4d-7.7868035!16s%2Fg%2F11df7jv8gx!19sChIJJws5GdOyJA0Rzz_ytMLVDKA?authuser=0&hl=pt-BR&rclk=1,No,,
casa do campo,,'+351256192117,"R. Sé 415, 4505-678 Caldas de São Jorge, Portugal","4,7",,PT,R. Sé 415,40.969629,-8.4988915,"Hotel de 3 estrelas in Marco de Canavezes, Portugal",https://www.google.com/maps/place/casa+do+campo/data=!4m10!3m9!1s0xd247ff659615ac1:0x9e615ba6b1ae4d4!5m2!4m1!1i2!8m2!3d40.969629!4d-8.4988915!16s%2Fg%2F11dfgswqbd!19sChIJwVphWfZ_JA0R1OQaa7oV5gk?authuser=0&hl=pt-BR&rclk=1,No,,
Casa estagio evora,,,"R. da Trindade 26, 7000-528 Évora, Portugal",,,PT,R. da Trindade 26,38.5749768,-7.9118746,"Hospedagem domiciliar in Évora, Portugal",https://www.google.com/maps/place/Casa+estagio+evora/data=!4m7!3m6!1s0xd19e5732fa71af1:0xecc3f8800b97a3dc!8m2!3d38.5749768!4d-7.9118746!16s%2Fg%2F11sv74hfgd!19sChIJ8RqnL3PlGQ0R3KOXC4D4w-w?authuser=0&hl=pt-BR&rclk=1,No,Hospedagem domiciliar,
Monte das Graças,,'+351914354800,"7170-064 Redondo, Portugal",,,PT,,38.6490163,-7.543723,"Hospedagem domiciliar in Évora, Portugal",https://www.google.com/maps/place/Monte+das+Gra%C3%A7as/data=!4m7!3m6!1s0xd1745a5e7fc8617:0xe0af59632094d34a!8m2!3d38.6490163!4d-7.543723!16s%2Fg%2F11t1g5rdnp!19sChIJF4b856VFFw0RStOUIGNZr-A?authuser=0&hl=pt-BR&rclk=1,No,Hospedagem domiciliar,
Casa Vale do Rio Ovil,,'+351917155418,"R. de Pena Curva 357, 4640-268, Portugal","4,6",,PT,R. de Pena Curva 357,41.1278328,-8.0546895,"Hotel de 3 estrelas in Marco de Canavezes, Portugal",https://www.google.com/maps/place/Casa+Vale+do+Rio+Ovil/data=!4m10!3m9!1s0xd24a37b02c28305:0xe06c5d1afd61b187!5m2!4m1!1i2!8m2!3d41.1278328!4d-8.0546895!16s%2Fg%2F11f04d8g98!19sChIJBYPCAnujJA0Rh7Fh_RpdbOA?authuser=0&hl=pt-BR&rclk=1,No,,
Casa da Avó Vitória,,,"CM1124 5 7200, Corval, Portugal","5,0",1,PT,CM1124 5 7200,38.4560218,-7.4809583,"Hospedagem domiciliar in Évora, Portugal",https://www.google.com/maps/place/Casa+da+Av%C3%B3+Vit%C3%B3ria/data=!4m10!3m9!1s0xd174bad7f0c7adf:0x6477946f383baed3!5m2!4m1!1i2!8m2!3d38.4560218!4d-7.4809583!16s%2Fg%2F11jsj7mw88!19sChIJ33oMf61LFw0R0647OG-Ud2Q?authuser=0&hl=pt-BR&rclk=1,No,,
Monte de Santa Maria,,,"Horta dos Revoredos, Portugal","5,0",1,PT,Horta dos Revoredos,38.4558779,-7.3940434,"Hospedagem domiciliar in Évora, Portugal",https://www.google.com/maps/place/Monte+de+Santa+Maria/data=!4m7!3m6!1s0xd17352dfc05d71b:0xccfb1c4d709a3fec!8m2!3d38.4558779!4d-7.3940434!16s%2Fg%2F11kqnrzwsx!19sChIJG9cF_C01Fw0R7D-acE0c-8w?authuser=0&hl=pt-BR&rclk=1,No,Hospedagem domiciliar,
Herdade Corta Rabos,,,"Corta Rabos de Cima, 7050, Portugal",,,PT,Corta Rabos de Cima,38.5482401,-8.301779,"Hospedagem domiciliar in Évora, Portugal",https://www.google.com/maps/place/Herdade+Corta+Rabos/data=!4m7!3m6!1s0xd19910007cfa029:0x257bf8c445ef8cec!8m2!3d38.5482401!4d-8.301779!16s%2Fg%2F11ml49gvyw!19sChIJKaDPBwCRGQ0R7IzvRcT4eyU?authuser=0&hl=pt-BR&rclk=1,No,Hospedagem domiciliar,
Évora Terrace Guest House,,'+351932644459,"Praça do Giraldo 83, 7000-508 Évora, Portugal","4,4",,PT,Praça do Giraldo 83,38.570861,-7.909733,"Hotel de 2 estrelas in Évora, Portugal",https://www.google.com/maps/place/%C3%89vora+Terrace+Guest+House/data=!4m10!3m9!1s0xd19e4dc3e7dfcf7:0xb0ff8f3d84b44edb!5m2!4m1!1i2!8m2!3d38.570861!4d-7.909733!16s%2Fg%2F1td6hrjs!19sChIJ9_x9PtzkGQ0R2060hD2P_7A?authuser=0&hl=pt-BR&rclk=1,No,,
Residencial Jardim da Amadora,,,"Largo Maj. Humberto Cruz 3, 2700-545 Amadora, Portugal","3,4",,PT,Largo Maj. Humberto Cruz 3,38.759889,-9.233384,"Albergue in Évora, Portugal",https://www.google.com/maps/place/Residencial+Jardim+da+Amadora/data=!4m10!3m9!1s0xd1ecd08305d99b5:0x6f911974e6823a8a!5m2!4m1!1i2!8m2!3d38.759889!4d-9.233384!16s%2Fg%2F1tf1d00t!19sChIJtZldMAjNHg0RijqC5nQZkW8?authuser=0&hl=pt-BR&rclk=1,No,,
Álamos Hostel,,'+351962568505,"R. Vasco da Silveira 53, 7005-634 Évora, Portugal","4,6",,PT,R. Vasco da Silveira 53,38.5742007,-7.8978966,"Albergue in Évora, Portugal",https://www.google.com/maps/place/%C3%81lamos+Hostel/data=!4m10!3m9!1s0xd19e4c1c28eb0ef:0xe8700b1dde082da0!5m2!4m1!1i2!8m2!3d38.5742007!4d-7.8978966!16s%2Fg%2F11f8ll575z!19sChIJ77COwsHkGQ0RoC0I3h0LcOg?authuser=0&hl=pt-BR&rclk=1,No,,
Casa Cardoso AL,,'+351911920375,"R. do Cravelo, nr 362, Portugal","4,3",,PT,R. do Cravelo,41.1050027,-7.8965782,"Hotel in Marco de Canavezes, Portugal",https://www.google.com/maps/place/Casa+Cardoso+AL/data=!4m10!3m9!1s0xd24af49a8bd9cfd:0x4fc1aaa767d35981!5m2!4m1!1i2!8m2!3d41.1050027!4d-7.8965782!16s%2Fg%2F11jzkn5d9z!19sChIJ_Zy9qEmvJA0RgVnTZ6eqwU8?authuser=0&hl=pt-BR&rclk=1,No,,
Huga Home,,'+351967088545,"Av. 5 de Outubro 29, 5100-065 Lamego, Portugal","3,9",,PT,Av. 5 de Outubro 29,41.0968208,-7.8098444,"Hotel in Marco de Canavezes, Portugal",https://www.google.com/maps/place/Huga+Home/data=!4m10!3m9!1s0xd24ac9e2c7a913f:0xf29d6aef04a87af2!5m2!4m1!1i2!8m2!3d41.0968208!4d-7.8098444!16s%2Fg%2F11fylx73mb!19sChIJP5F6LJ6sJA0R8nqoBO9qnfI?authuser=0&hl=pt-BR&rclk=1,No,,
Monte da Mesquita,,,"Ecopista de Arraiolos, 7040, Portugal","4,8",,PT,Ecopista de Arraiolos,38.715433,-7.960784,"Albergue in Évora, Portugal",https://www.google.com/maps/place/Monte+da+Mesquita/data=!4m10!3m9!1s0xd19e90bae4d7295:0x4de43769823ae4a1!5m2!4m1!1i2!8m2!3d38.715433!4d-7.960784!16s%2Fg%2F11qnvmgwtv!19sChIJlXJNrgvpGQ0RoeQ6gmk35E0?authuser=0&hl=pt-BR&rclk=1,No,,
Douro Scala,,,"R. do Paço, 5040-154 Cidadelhe, Portugal","4,4",,PT,R. do Paço,41.167414,-7.847084,"Hotel de 5 estrelas in Marco de Canavezes, Portugal",https://www.google.com/maps/place/Douro+Scala/data=!4m10!3m9!1s0xd24ad8c5c9f73e7:0x34b155a9f89d61c7!5m2!4m1!1i2!8m2!3d41.167414!4d-7.847084!16s%2Fg%2F1hc0y0tqn!19sChIJ53OfXIytJA0Rx2Gd-KlVsTQ?authuser=0&hl=pt-BR&rclk=1,No,,
Douro Royal Valley Hotel & Spa,,,"Lugar de Portela do Rio, 4640-400 Ribadouro, Portugal","4,5",,PT,Lugar de Portela do Rio,41.103139,-8.094663,"Hotel de 5 estrelas in Marco de Canavezes, Portugal",https://www.google.com/maps/place/Douro+Royal+Valley+Hotel+%26+Spa/data=!4m10!3m9!1s0xd24a24c3dc59dd9:0x1233e986648b2cba!5m2!4m1!1i2!8m2!3d41.103139!4d-8.094663!16s%2Fg%2F11c3k9ptgq!19sChIJ2Z3FPUyiJA0RuiyLZIbpMxI?authuser=0&hl=pt-BR&rclk=1,No,,
Vacaciones,,,"R. Dr. Manuel Borges Carneiro 120, 4660-206 Resende, Portugal",,,PT,R. Dr. Manuel Borges Carneiro 120,41.1102316,-7.9682926,"Hospedagem domiciliar in Marco de Canavezes, Portugal",https://www.google.com/maps/place/Vacaciones/data=!4m7!3m6!1s0xd24a5001c074c95:0x93eebe1c943562f1!8m2!3d41.1102316!4d-7.9682926!16s%2Fg%2F11nty9b5x6!19sChIJlUwHHAClJA0R8WI1lBy-7pM?authuser=0&hl=pt-BR&rclk=1,No,Hospedagem domiciliar,
Casa de Madeira Nespereira,,,Portugal,"5,0",,PT,Portugal,41.0032028,-8.1864429,"Hospedagem domiciliar in Marco de Canavezes, Portugal",https://www.google.com/maps/place/Casa+de+Madeira+Nespereira/data=!4m7!3m6!1s0xd249f007b849e19:0xe78b0fa1ed259c0c!8m2!3d41.0032028!4d-8.1864429!16s%2Fg%2F11w3zxzjk0!19sChIJGZ6EewCfJA0RDJwl7aEPi-c?authuser=0&hl=pt-BR&rclk=1,No,Hospedagem domiciliar,
Casa da Moura,,,"R. de Trás das Tapadas, 4600-510 Amarante, Portugal","4,8",,PT,R. de Trás das Tapadas,41.3305518,-8.0717722,"Hospedagem domiciliar in Marco de Canavezes, Portugal",https://www.google.com/maps/place/Casa+da+Moura/data=!4m7!3m6!1s0xd24c1a627ae82ed:0x1ea98871a337c750!8m2!3d41.3305518!4d-8.0717722!16s%2Fg%2F11jhvccl71!19sChIJ7YKuJ6bBJA0RUMc3o3GIqR4?authuser=0&hl=pt-BR&rclk=1,No,Hospedagem domiciliar,
Hotel Comércio,,,"Av. Dr. Correia Pinto, Portugal","4,3",,PT,Av. Dr. Correia Pinto,41.101802,-8.010148,"Hotel de 2 estrelas in Marco de Canavezes, Portugal",https://www.google.com/maps/place/Hotel+Com%C3%A9rcio/data=!4m10!3m9!1s0xd24a4363bc371e3:0x8c5b381e8b71d1ff!5m2!4m1!1i2!8m2!3d41.101802!4d-8.010148!16s%2Fg%2F11btmcbxrl!19sChIJ43HDOzakJA0R_9Fxix44W4w?authuser=0&hl=pt-BR&rclk=1,No,,
Original Douro Hotel,,,"R. dos Camilos 515, 5050-273 Peso da Régua, Portugal","4,8",,PT,R. dos Camilos 515,41.16049,-7.786609,"Hotel de 2 estrelas in Marco de Canavezes, Portugal",https://www.google.com/maps/place/Original+Douro+Hotel/data=!4m10!3m9!1s0xd24ad4ae046d949:0x5840e17a682b4d8d!5m2!4m1!1i2!8m2!3d41.16049!4d-7.786609!16s%2Fg%2F11hb2kvqfp!19sChIJSdlG4EqtJA0RjU0raHrhQFg?authuser=0&hl=pt-BR&rclk=1,No,,
Pensão S. Jorge,,'+351256911303,"Região Norte, R. Rio Uima 191, 4505-683 Caldas de São Jorge, Portugal","3,8",,PT,R. Rio Uima 191,40.9674362,-8.5008046,"Hospedaria in Marco de Canavezes, Portugal",https://www.google.com/maps/place/Pens%C3%A3o+S.+Jorge/data=!4m10!3m9!1s0xd247ff600bb924b:0xf46efd421ebcff3a!5m2!4m1!1i2!8m2!3d40.9674362!4d-8.5008046!16s%2Fg%2F11nwcbjdx8!19sChIJS5K7APZ_JA0ROv-8HkL9bvQ?authuser=0&hl=pt-BR&rclk=1,No,,
Hotel Oasis,,'+351254821532,"R. dos Combatentes 24, 5030-477 Santa Marta de Penaguião, Portugal","4,0",,PT,R. dos Combatentes 24,41.210879,-7.786804,"Hotel de 3 estrelas in Marco de Canavezes, Portugal",https://www.google.com/maps/place/Hotel+Oasis/data=!4m10!3m9!1s0xd24b2d319523a91:0xa00cd5c2b4f23fcf!5m2!4m1!1i2!8m2!3d41.210879!4d-7.786804!16s%2Fg%2F11df7jv8gx!19sChIJkTpSGdOyJA0Rzz_ytMLVDKA?authuser=0&hl=pt-BR&rclk=1,No,,
Casa da Portela by Villa Regalenga,,'+351923127760,"R. Dr. Jaime Magalhães 3, 4660-237 Resende, Portugal","5,0",,PT,R. Dr. Jaime Magalhães 3,41.1061072,-7.9627076,"Albergue in Marco de Canavezes, Portugal",https://www.google.com/maps/place/Casa+da+Portela+by+Villa+Regalenga/data=!4m10!3m9!1s0xd24a530b2d804b3:0xc5601283343b94d7!5m2!4m1!1i2!8m2!3d41.1061072!4d-7.9627076!16s%2Fg%2F11nqfkqjdh!19sChIJswTYsjClJA0R15Q7NIMSYMU?authuser=0&hl=pt-BR&rclk=1,No,,
S. Mamede House - AL,,'+351929130227,"Av. de Recezinhos 1752, 4560-800, Portugal","4,9",,PT,Av. de Recezinhos 1752,41.2279804,-8.2015524,"Albergue in Marco de Canavezes, Portugal",https://www.google.com/maps/place/S.+Mamede+House+-+AL/data=!4m10!3m9!1s0xd249700711f8223:0x3db1afe2e8c9ab61!5m2!4m1!1i2!8m2!3d41.2279804!4d-8.2015524!16s%2Fg%2F11y2n9lzq8!19sChIJI4IfcQCXJA0RYavJ6OKvsT0?authuser=0&hl=pt-BR&rclk=1,No,,
Imaginário d'El-Rei,,'+351963469819,"N108 n. 57 Km 103, 5040-229 Santa Cristina, Portugal","4,6",,PT,N108 n. 57 Km 103,41.1591907,-7.879555,"Albergue in Marco de Canavezes, Portugal",https://www.google.com/maps/place/Imagin%C3%A1rio+d%27El-Rei/data=!4m10!3m9!1s0xd24ae0f2010034f:0xa76214489f1b964a!5m2!4m1!1i2!8m2!3d41.1591907!4d-7.879555!16s%2Fg%2F11cs5vlhjx!19sChIJTwMQIA-uJA0RSpYbn0gUYqc?authuser=0&hl=pt-BR&rclk=1,No,,
VianasHome,,'+351916917536,"R. das Vianas 190, 4600-758, Portugal","4,5",,PT,R. das Vianas 190,41.311166,-8.103517,"Hotel de 3 estrelas in Marco de Canavezes, Portugal",https://www.google.com/maps/place/VianasHome/data=!4m10!3m9!1s0xd24bf88d40e48ed:0x7a5354403cc017ba!5m2!4m1!1i2!8m2!3d41.311166!4d-8.103517!16s%2Fg%2F11fy5664fl!19sChIJ7UgO1Ii_JA0RuhfAPEBUU3o?authuser=0&hl=pt-BR&rclk=1,No,,
Casa real de Cima e Licor de Camélias,,,"4890, 4890-314 Fervença, Portugal","4,7",,PT,4890,41.360292,-8.0803425,"Albergue in Marco de Canavezes, Portugal",https://www.google.com/maps/place/Casa+real+de+Cima+e+Licor+de+Cam%C3%A9lias/data=!4m10!3m9!1s0xd24c159a024fe45:0x6003cd109ef5dcba!5m2!4m1!1i2!8m2!3d41.360292!4d-8.0803425!16s%2Fg%2F11qb676q43!19sChIJRf4koFnBJA0Rutz1nhDNA2A?authuser=0&hl=pt-BR&rclk=1,No,,
Casa de Pinheiral,,'+351925521367,"R. Padre Lima 213, 4640, Portugal","3,4",,PT,R. Padre Lima 213,41.0967812,-8.0576643,"Albergue in Marco de Canavezes, Portugal",https://www.google.com/maps/place/Casa+de+Pinheiral/data=!4m10!3m9!1s0xd24a3001a8a5b4d:0x1e067c4454c64540!5m2!4m1!1i2!8m2!3d41.0967812!4d-8.0576643!16s%2Fg%2F11wmhmk8_c!19sChIJTVuKGgCjJA0RQEXGVER8Bh4?authuser=0&hl=pt-BR&rclk=1,No,,
Viela alojamentos,,'+351912660706,"Tv. de Olivença n° 21, 4600-681 Amarante, Portugal","5,0",,PT,Tv. de Olivença n° 21,41.2683946,-8.0744697,"Albergue in Marco de Canavezes, Portugal",https://www.google.com/maps/place/Viela+alojamentos/data=!4m10!3m9!1s0xd24bf5c7d99785b:0xca2a0367acd8ff05!5m2!4m1!1i2!8m2!3d41.2683946!4d-8.0744697!16s%2Fg%2F11q9631qlq!19sChIJW3iZfVy_JA0RBf_YrGcDKso?authuser=0&hl=pt-BR&rclk=1,No,,
Partezins AL,,,"N225 4550, Fornos, Portugal","4,2",,PT,N225 4550,41.0524302,-8.2507502,"Albergue in Marco de Canavezes, Portugal",https://www.google.com/maps/place/Partezins+AL/data=!4m10!3m9!1s0xd249dc67ca394a5:0x1c181d94934fcf61!5m2!4m1!1i2!8m2!3d41.0524302!4d-8.2507502!16s%2Fg%2F11n_xvnhsw!19sChIJpZSjfMadJA0RYc9Pk5QdGBw?authuser=0&hl=pt-BR&rclk=1,No,,
The Pine House,,'+351919740133,"R. Dr. Maximiano de Lemos 105, 5050-276 Peso da Régua, Portugal","4,9",,PT,R. Dr. Maximiano de Lemos 105,41.1647907,-7.7884479,"Hotel de 3 estrelas in Marco de Canavezes, Portugal",https://www.google.com/maps/place/The+Pine+House/data=!4m10!3m9!1s0xd24ad563fc61bcb:0x8cfce28061b28cd2!5m2!4m1!1i2!8m2!3d41.1647907!4d-7.7884479!16s%2Fg%2F11h_v6d3xn!19sChIJyxvGP1atJA0R0oyyYYDi_Iw?authuser=0&hl=pt-BR&rclk=1,No,,
Casa da Russa,,,"74GQ+FH, Quintã, Portugal","5,0",,PT,74GQ+FH,41.276179,-7.8610268,"Albergue in Marco de Canavezes, Portugal",https://www.google.com/maps/place/Casa+da+Russa/data=!4m10!3m9!1s0xd24b52c8d6b4dff:0x813a3a84e4176635!5m2!4m1!1i2!8m2!3d41.276179!4d-7.8610268!16s%2Fg%2F11pd3c8c6b!19sChIJ_01rjSy1JA0RNWYX5IQ6OoE?authuser=0&hl=pt-BR&rclk=1,No,,
Quinta do Vale do Cabo,,,"Lugar da Pala / Ribadouro Baião - Porto, 4640-402 Ribadouro, Portugal","3,7",,PT,Lugar da Pala / Ribadouro Baião - Porto,41.1044004,-8.0945406,"Hotel de 3 estrelas in Marco de Canavezes, Portugal",https://www.google.com/maps/place/Quinta+do+Vale+do+Cabo/data=!4m10!3m9!1s0xd24a24dcb6df309:0x3cb18ba877053c2b!5m2!4m1!1i2!8m2!3d41.1044004!4d-8.0945406!16s%2Fg%2F11f4wt7r33!19sChIJCfNty02iJA0RKzwFd6iLsTw?authuser=0&hl=pt-BR&rclk=1,No,,
Muralha da Junqueira,,'+351965792006,"Ladeira da Junqueira, 4600-580 Chapa, Portugal","4,8",,PT,Ladeira da Junqueira,41.3173767,-8.0573247,"Albergue in Marco de Canavezes, Portugal",https://www.google.com/maps/place/Muralha+da+Junqueira/data=!4m10!3m9!1s0xd24bf7789682dd5:0x442330759a2795d2!5m2!4m1!1i2!8m2!3d41.3173767!4d-8.0573247!16s%2Fg%2F11nxskw2m6!19sChIJ1S1oiXe_JA0R0pUnmnUwI0Q?authuser=0&hl=pt-BR&rclk=1,No,,
Casa do Canastro,,,"Pioledo, Mondim de Basto, Portugal","5,0",,PT,Pioledo,41.3937843,-7.8414844,"Albergue in Marco de Canavezes, Portugal",https://www.google.com/maps/place/Casa+do+Canastro/data=!4m10!3m9!1s0xd24cb007953b9ef:0x98b27f6607f3f5e3!5m2!4m1!1i2!8m2!3d41.3937843!4d-7.8414844!16s%2Fg%2F11vxnbv5kf!19sChIJ77lTeQDLJA0R4_XzB2Z_spg?authuser=0&hl=pt-BR&rclk=1,No,,
Moinho do Granjão,,'+351916684187,"Rua do Granjão 160, 5040-461 Vila Marim, Portugal","5,0",1,PT,Rua do Granjão 160,41.1582725,-7.8452057,"Albergue in Marco de Canavezes, Portugal",https://www.google.com/maps/place/Moinho+do+Granj%C3%A3o/data=!4m10!3m9!1s0xd24ad679d7d3a49:0x6ef4d53848a1c61b!5m2!4m1!1i2!8m2!3d41.1582725!4d-7.8452057!16s%2Fg%2F11wfvvjy6r!19sChIJSTp9nWetJA0RG8ahSDjV9G4?authuser=0&hl=pt-BR&rclk=1,No,,
Casa da Alvarinha,,'+351933446214,"R. das Agras 335, 4585-299, Portugal","5,0",,PT,R. das Agras 335,41.1641562,-8.3783796,"Albergue in Marco de Canavezes, Portugal",https://www.google.com/maps/place/Casa+da+Alvarinha/data=!4m10!3m9!1s0xd248ff138858b43:0x951a87c28d190815!5m2!4m1!1i2!8m2!3d41.1641562!4d-8.3783796!16s%2Fg%2F11s17mzzpl!19sChIJQ4uFOPGPJA0RFQgZjcKHGpU?authuser=0&hl=pt-BR&rclk=1,No,,
Cisterna loft,,'+351963208396,"R. do Castelo 28, 5100-127 Lamego, Portugal","4,4",,PT,R. do Castelo 28,41.0978362,-7.8083795,"Albergue in Marco de Canavezes, Portugal",https://www.google.com/maps/place/Cisterna+loft/data=!4m10!3m9!1s0xd24adb58a60dd85:0x238cfbe75b7d55a0!5m2!4m1!1i2!8m2!3d41.0978362!4d-7.8083795!16s%2Fg%2F11srys9l0v!19sChIJhd1girWtJA0RoFV9W-f7jCM?authuser=0&hl=pt-BR&rclk=1,No,,
Cacho d’Ouro,,,"N304-3 229 5030, Santa Marta de Penaguião, Portugal","5,0",,PT,N304-3 229 5030,41.207455,-7.7864927,"Hotel de 3 estrelas in Marco de Canavezes, Portugal",https://www.google.com/maps/place/Cacho+d%E2%80%99Ouro/data=!4m10!3m9!1s0xd24b3548993ee8d:0xa23cdbd53585bdc3!5m2!4m1!1i2!8m2!3d41.207455!4d-7.7864927!16s%2Fg%2F11rsrsg_4x!19sChIJje6TiVSzJA0Rw72FNdXbPKI?authuser=0&hl=pt-BR&rclk=1,No,,
Quinta do Lodão,,,"Espadanedo, Portugal",,,PT,Espadanedo,41.0820637,-8.2012299,"Albergue in Marco de Canavezes, Portugal",https://www.google.com/maps/place/Quinta+do+Lod%C3%A3o/data=!4m10!3m9!1s0xd2499003f28f135:0xe98bb9255ddf8162!5m2!4m1!1i2!8m2!3d41.0820637!4d-8.2012299!16s%2Fg%2F11wbzkz18v!19sChIJNfEoPwCZJA0RYoHfXSW5i-k?authuser=0&hl=pt-BR&rclk=1,No,,
RS Sobreiro,,'+351252931043,"Av. Silva Pereira 698, 4765-014 Bairro, Portugal","4,0",,PT,Av. Silva Pereira 698,41.3717851,-8.4333493,"Hotel de 3 estrelas in Marco de Canavezes, Portugal",https://www.google.com/maps/place/RS+Sobreiro/data=!4m10!3m9!1s0xd24f427d00001e1:0x294db534874dfb50!5m2!4m1!1i2!8m2!3d41.3717851!4d-8.4333493!16s%2Fg%2F1tgf4hh3!19sChIJ4QEA0Cf0JA0RUPtNhzS1TSk?authuser=0&hl=pt-BR&rclk=1,No,,
Johni House,,'+351936280379,"Rua De Varais , Cambres, 5100-426 Lamego, Portugal","5,0",1,PT,Cambres,41.154729,-7.7872367,"Albergue in Marco de Canavezes, Portugal",https://www.google.com/maps/place/Johni+House/data=!4m10!3m9!1s0xd24ad56ff152c47:0x9eb88a35eebed355!5m2!4m1!1i2!8m2!3d41.154729!4d-7.7872367!16s%2Fg%2F11krywcnw3!19sChIJRywV_1atJA0RVdO-7jWKuJ4?authuser=0&hl=pt-BR&rclk=1,No,,
Casa do Engenho,,,"Canadelo, Portugal","4,8",,PT,Canadelo,41.3238139,-7.973756,"Hotel de 3 estrelas in Marco de Canavezes, Portugal",https://www.google.com/maps/place/Casa+do+Engenho/data=!4m10!3m9!1s0xd24b809c7a06acb:0x3cb6048b9eb50f5d!5m2!4m1!1i2!8m2!3d41.3238139!4d-7.973756!16s%2Fg%2F11g8ksxgc6!19sChIJy2qgxwm4JA0RXQ-1nosEtjw?authuser=0&hl=pt-BR&rclk=1,No,,
Varanda do Abelhal,,,"Caminho do Abelhal 343, 4640-421 Santa Cruz do Douro, Portugal","2,8",,PT,Caminho do Abelhal 343,41.1092217,-8.0134122,"Albergue in Marco de Canavezes, Portugal",https://www.google.com/maps/place/Varanda+do+Abelhal/data=!4m10!3m9!1s0xd24a500284efd19:0x125113d13267c00f!5m2!4m1!1i2!8m2!3d41.1092217!4d-8.0134122!16s%2Fg%2F11w4489pnq!19sChIJGf1OKAClJA0RD8BnMtETURI?authuser=0&hl=pt-BR&rclk=1,No,,
"Restored, rustic and rural mini cottage in typical Portuguese village",,,"5100, Mazes, Portugal","4,0",1,PT,5100,41.0171789,-7.8497176,"Albergue in Marco de Canavezes, Portugal","https://www.google.com/maps/place/Restored,+rustic+and+rural+mini+cottage+in+typical+Portuguese+village/data=!4m10!3m9!1s0xd24abb2c8041923:0x42a367cabb341!5m2!4m1!1i2!8m2!3d41.0171789!4d-7.8497176!16s%2Fg%2F11rcrkzz_f!19sChIJIxkEyLKrJA0RQbOrfDYqBAA?authuser=0&hl=pt-BR&rclk=1",No,,
Quinta do Mosteiro,,'+351916444540,"CM1160 319, Portugal","4,8",,PT,CM1160 319,41.3831716,-8.2235003,"Hotel de 3 estrelas in Marco de Canavezes, Portugal",https://www.google.com/maps/place/Quinta+do+Mosteiro/data=!4m10!3m9!1s0xd24ec00dd016789:0x42ecaaa48ea85a21!5m2!4m1!1i2!8m2!3d41.3831716!4d-8.2235003!16s%2Fg%2F11g71_8mv_!19sChIJiWcB3QDsJA0RIVqojqSq7EI?authuser=0&hl=pt-BR&rclk=1,No,,
Casa da Eira - Castanheiras,,'+351965319020,"Calçada das Castanheiras 137 casa 2, 4660-333, Portugal","4,5",,PT,Calçada das Castanheiras 137 casa 2,41.1054687,-7.9267922,"Hotel de 3 estrelas in Marco de Canavezes, Portugal",https://www.google.com/maps/place/Casa+da+Eira+-+Castanheiras/data=!4m10!3m9!1s0xd24af3cd3d36ff7:0x90137cb08e9bf67f!5m2!4m1!1i2!8m2!3d41.1054687!4d-7.9267922!16s%2Fg%2F11g8vm4x4f!19sChIJ92_T0zyvJA0Rf_abjrB8E5A?authuser=0&hl=pt-BR&rclk=1,No,,
Quinta dos Monteiros,,,"Possarro, Resende, Portugal","4,5",,PT,Possarro,41.1149074,-7.9341834,"Albergue in Marco de Canavezes, Portugal",https://www.google.com/maps/place/Quinta+dos+Monteiros/data=!4m10!3m9!1s0xd24af92ee7cb531:0x8f83a1966798d9f7!5m2!4m1!1i2!8m2!3d41.1149074!4d-7.9341834!16s%2Fg%2F11svzc7rc4!19sChIJMbV87pKvJA0R99mYZ5ahg48?authuser=0&hl=pt-BR&rclk=1,No,,
Casa Travessa da Quinta,,'+351938877725,"Travessa da Rua da Quinta 41, 4880-183 Mondim de Basto, Portugal","3,0",,PT,Travessa da Rua da Quinta 41,41.4053795,-7.9562014,"Albergue in Marco de Canavezes, Portugal",https://www.google.com/maps/place/Casa+Travessa+da+Quinta/data=!4m10!3m9!1s0xd24c9cb9cf333f9:0x138af42c0eb0fdc8!5m2!4m1!1i2!8m2!3d41.4053795!4d-7.9562014!16s%2Fg%2F11twk2w_nw!19sChIJ-TPznMvJJA0RyP2wDiz0ihM?authuser=0&hl=pt-BR&rclk=1,No,,
Quinta da casa do Fundo do Lugar,,,"Rua do Fundo do Lugar, Portugal","5,0",,PT,Rua do Fundo do Lugar,41.2724502,-8.0453168,"Albergue in Marco de Canavezes, Portugal",https://www.google.com/maps/place/Quinta+da+casa+do+Fundo+do+Lugar/data=!4m10!3m9!1s0xd24b98094f71223:0xcc55219d6b92b969!5m2!4m1!1i2!8m2!3d41.2724502!4d-8.0453168!16s%2Fg%2F11g0n03ysc!19sChIJIxL3lIC5JA0RabmSa50hVcw?authuser=0&hl=pt-BR&rclk=1,No,,
Casa de Ladrido,,'+351917510071,"Av. de Felgueiras 3623, 4610-500 Penacova, Portugal","4,9",,PT,Av. de Felgueiras 3623,41.3767985,-8.2482,"Albergue in Marco de Canavezes, Portugal",https://www.google.com/maps/place/Casa+de+Ladrido/data=!4m10!3m9!1s0xd24ed51de8c3bb1:0x6b1b5fdea860c91e!5m2!4m1!1i2!8m2!3d41.3767985!4d-8.2482!16s%2Fg%2F11fn7t_gq7!19sChIJsTuM3lHtJA0RHslgqN5fG2s?authuser=0&hl=pt-BR&rclk=1,No,,
Quinta do Tio Viagem,,,"R. Duque de Palmela 50, 2950-717 Q.ta do Anjo, Portugal","4,8",,PT,R. Duque de Palmela 50,38.5619233,-8.9420455,"Hospedaria in Sesimbra, Portugal",https://www.google.com/maps/place/Quinta+do+Tio+Viagem/data=!4m10!3m9!1s0xd19441e1c3cace3:0xf459ee565882b863!5m2!4m1!1i2!8m2!3d38.5619233!4d-8.9420455!16s%2Fg%2F11c1vkqlf9!19sChIJ46w8HB5EGQ0RY7iCWFbuWfQ?authuser=0&hl=pt-BR&rclk=1,No,,
Alojamentos Vista Mar-Luisa Todi,,'+351933762319,"Av. Luísa Todi N.º 118, 2900-450 Setúbal, Portugal","3,3",,PT,Av. Luísa Todi N.º 118,38.5230936,-8.8879146,"Hospedaria in Sesimbra, Portugal",https://www.google.com/maps/place/Alojamentos+Vista+Mar-Luisa+Todi/data=!4m10!3m9!1s0xd1943086a871b3b:0xc57806ca46941156!5m2!4m1!1i2!8m2!3d38.5230936!4d-8.8879146!16s%2Fg%2F11hdsqlz5_!19sChIJOxuHaghDGQ0RVhGURsoGeMU?authuser=0&hl=pt-BR&rclk=1,No,,
De Pedra e Sal Hostel & Suites,,'+351265418353,"Largo do Dr. Francisco Soveral 10, 2900-214 Setúbal, Portugal","4,2",,PT,Largo do Dr. Francisco Soveral 10,38.5238252,-8.8919383,"Hotel de 3 estrelas in Sesimbra, Portugal",https://www.google.com/maps/place/De+Pedra+e+Sal+Hostel+%26+Suites/data=!4m10!3m9!1s0xd19430805cb690b:0xb912faef286619b1!5m2!4m1!1i2!8m2!3d38.5238252!4d-8.8919383!16s%2Fg%2F11dxj0z_6v!19sChIJC2nLBQhDGQ0RsRlmKO_6Erk?authuser=0&hl=pt-BR&rclk=1,No,,
Porta da Arrábida Suites,,'+351212337090,"R. Contra Alm. Jaime Afreixo 123, 2950-266 Palmela, Portugal","4,4",,PT,R. Contra Alm. Jaime Afreixo 123,38.5679726,-8.8997423,"Hotel de 3 estrelas in Sesimbra, Portugal",https://www.google.com/maps/place/Porta+da+Arr%C3%A1bida+Suites/data=!4m10!3m9!1s0xd194160556043dd:0x146accf4b2385f54!5m2!4m1!1i2!8m2!3d38.5679726!4d-8.8997423!16s%2Fg%2F11f8ll7nms!19sChIJ3UNgVWBBGQ0RVF84svTMahQ?authuser=0&hl=pt-BR&rclk=1,No,,
Marina Blue,,'+351938033804,"Lad. das Fontainhas 14, 2910-081 Setúbal, Portugal","4,8",,PT,Lad. das Fontainhas 14,38.5229046,-8.8850781,"Hotel de 3 estrelas in Sesimbra, Portugal",https://www.google.com/maps/place/Marina+Blue/data=!4m10!3m9!1s0xd1943aa66d2e6f3:0x46f3054d4c045c06!5m2!4m1!1i2!8m2!3d38.5229046!4d-8.8850781!16s%2Fg%2F11h0zhtv19!19sChIJ8-bSZqpDGQ0RBlwETE0F80Y?authuser=0&hl=pt-BR&rclk=1,No,,
Yard,,'+351926866052,"R. dos Foros de Amora 204, 2845-589 Amora, Portugal","4,4",,PT,R. dos Foros de Amora 204,38.6098126,-9.1250565,"Hotel de 3 estrelas in Sesimbra, Portugal",https://www.google.com/maps/place/Yard/data=!4m10!3m9!1s0xd194a403b8e317b:0xc9c3dd5550736a4d!5m2!4m1!1i2!8m2!3d38.6098126!4d-9.1250565!16s%2Fg%2F11h0t__h8v!19sChIJezGOO0BKGQ0RTWpzUFXdw8k?authuser=0&hl=pt-BR&rclk=1,No,,
Real Caparica Hotel,,'+351212918870,"R. do Mte. Manuel 18, 2825-358 Costa de Caparica, Portugal","4,0",,PT,R. do Mte. Manuel 18,38.6430316,-9.2364545,"Hotel in Sesimbra, Portugal",https://www.google.com/maps/place/Real+Caparica+Hotel/data=!4m10!3m9!1s0xd1eca6079833803:0x36522568689ba205!5m2!4m1!1i2!8m2!3d38.6430316!4d-9.2364545!16s%2Fg%2F1td_zwds!19sChIJAziDeWDKHg0RBaKbaGglUjY?authuser=0&hl=pt-BR&rclk=1,No,,
Tróia Design Hotel,,,"Marina de Tróia, Tróia, 7570-789, Portugal","4,6",,PT,Tróia,38.492994,-8.902877,"Hotel de 5 estrelas in Sesimbra, Portugal",https://www.google.com/maps/place/Tr%C3%B3ia+Design+Hotel/data=!4m10!3m9!1s0xd194347f0c311c5:0x1178cdc60daa0bce!5m2!4m1!1i2!8m2!3d38.492994!4d-8.902877!16s%2Fg%2F11b77gmzjj!19sChIJxRHD8EdDGQ0RzguqDcbNeBE?authuser=0&hl=pt-BR&rclk=1,No,,
Hotel Casa Palmela,,,"Quinta do Esteval, N10 km 33.5, 2900-725 Setúbal, Portugal","4,6",,PT,N10 km 33.5,38.522617,-8.944878,"Hotel de 5 estrelas in Sesimbra, Portugal",https://www.google.com/maps/place/Hotel+Casa+Palmela/data=!4m10!3m9!1s0xd194460594d81af:0xc2933ab3137f9d24!5m2!4m1!1i2!8m2!3d38.522617!4d-8.944878!16s%2Fg%2F11cnbtwwhb!19sChIJr4FNWWBEGQ0RJJ1_E7M6k8I?authuser=0&hl=pt-BR&rclk=1,No,,
Hotel Club d`Azeitão,,,"Urbanização do Bom Pastor, 2925-483 São Simão, Portugal","4,1",,PT,Urbanização do Bom Pastor,38.523768,-8.996663,"Hotel de 4 estrelas in Sesimbra, Portugal",https://www.google.com/maps/place/Hotel+Club+d%60Azeit%C3%A3o/data=!4m10!3m9!1s0xd19459bd6ad4abb:0x9cdbc0a2619467d3!5m2!4m1!1i2!8m2!3d38.523768!4d-8.996663!16s%2Fg%2F1tfkmfvk!19sChIJu0qt1ptFGQ0R02eUYaLA25w?authuser=0&hl=pt-BR&rclk=1,No,,
Hotel Aldeia dos Capuchos Golf & SPA,,,"Largo Aldeia dos Capuchos, 2825-017 Caparica, Portugal","4,1",,PT,Largo Aldeia dos Capuchos,38.6478923,-9.2245939,"Hotel de 4 estrelas in Sesimbra, Portugal",https://www.google.com/maps/place/Hotel+Aldeia+dos+Capuchos+Golf+%26+SPA/data=!4m10!3m9!1s0xd1ecaf268fd60b9:0x5e15d724b5bbb3c8!5m2!4m1!1i2!8m2!3d38.6478923!4d-9.2245939!16s%2Fg%2F1tdxgksf!19sChIJuWD9aPLKHg0RyLO7tSTXFV4?authuser=0&hl=pt-BR&rclk=1,No,,
Casa Grande Herdade do Perú,,,"GWCQ+MQ, São Lourenço, Portugal",,,PT,GWCQ+MQ,38.5216875,-9.0605625,"Hospedagem domiciliar in Sesimbra, Portugal",https://www.google.com/maps/place/Casa+Grande+Herdade+do+Per%C3%BA/data=!4m7!3m6!1s0xd194f00040b04fd:0x652827adbeccadce!8m2!3d38.5216875!4d-9.0605625!16s%2Fg%2F11zdyst3zp!19sChIJ_QQLBABPGQ0Rzq3Mvq0nKGU?authuser=0&hl=pt-BR&rclk=1,No,Hospedagem domiciliar,
Casinhas da Tia Emília,,'+351969703934,"Av. dos Pescadores 7580, 7580-613 Comporta, Portugal","4,7",,PT,Av. dos Pescadores 7580,38.4090879,-8.7502528,"Hospedagem domiciliar in Sesimbra, Portugal",https://www.google.com/maps/place/Casinhas+da+Tia+Em%C3%ADlia/data=!4m7!3m6!1s0xd1961b018b928db:0xac86cd8fa43edc1!8m2!3d38.4090879!4d-8.7502528!16s%2Fg%2F11q85_kb82!19sChIJ2yi5GLBhGQ0Rwe1D-thsyAo?authuser=0&hl=pt-BR&rclk=1,No,Hospedagem domiciliar,
Palmela Cozy,,'+352691139579,"R. do Arrabalde 14, 2950-275 Palmela, Portugal","4,6",,PT,R. do Arrabalde 14,38.5680831,-8.9007677,"Hospedagem domiciliar in Sesimbra, Portugal",https://www.google.com/maps/place/Palmela+Cozy/data=!4m10!3m9!1s0xd1941001f460ee7:0x5be2118d650373e5!5m2!4m1!1i2!8m2!3d38.5680831!4d-8.9007677!16s%2Fg%2F11vxycz1p2!19sChIJ5w5GHwBBGQ0R5XMDZY0R4ls?authuser=0&hl=pt-BR&rclk=1,No,,
Maria Meco,,'+351966951431,"R. da Romã 8, 2970, Portugal","4,4",,PT,R. da Romã 8,38.465554,-9.175566,"Hospedagem domiciliar in Sesimbra, Portugal",https://www.google.com/maps/place/Maria+Meco/data=!4m10!3m9!1s0xd194d0001a16881:0x186a34c1b01b9cd7!5m2!4m1!1i2!8m2!3d38.465554!4d-9.175566!16s%2Fg%2F11xtqh_fdn!19sChIJgWihAQBNGQ0R15wbsME0ahg?authuser=0&hl=pt-BR&rclk=1,No,,
Amora,,,"Av. Marcos Portugal, 2845-481 Amora, Portugal",,,PT,Av. Marcos Portugal,38.6273755,-9.1163393,"Hospedagem domiciliar in Sesimbra, Portugal",https://www.google.com/maps/place/Amora/data=!4m7!3m6!1s0xd194b005736548f:0xffe56dc35f9fb768!8m2!3d38.6273755!4d-9.1163393!16s%2Fg%2F11xlfs8fkw!19sChIJj1Q2VwBLGQ0RaLefX8Nt5f8?authuser=0&hl=pt-BR&rclk=1,No,Hospedagem domiciliar,
Cabana Life - Cabanazul,,,"R. Praia da Saúde, 8285-812 Costa de Caparica, Portugal",,,PT,R. Praia da Saúde,38.6283643,-9.2264965,"Hospedagem domiciliar in Sesimbra, Portugal",https://www.google.com/maps/place/Cabana+Life+-+Cabanazul/data=!4m7!3m6!1s0xd1ecb00096f0a29:0x9a1f487b023d6c96!8m2!3d38.6283643!4d-9.2264965!16s%2Fg%2F11z1kx9rfs!19sChIJKQpvCQDLHg0Rlmw9AntIH5o?authuser=0&hl=pt-BR&rclk=1,No,Hospedagem domiciliar,
Maria Pereira,,,"R. da Esperança 2, 2910, Portugal","1,0",1,PT,R. da Esperança 2,38.5603011,-8.7700561,"Hospedagem domiciliar in Sesimbra, Portugal",https://www.google.com/maps/place/Maria+Pereira/data=!4m7!3m6!1s0xd1969003b4c61a7:0xd2dd2cd0e2141129!8m2!3d38.5603011!4d-8.7700561!16s%2Fg%2F11m6h7zjmn!19sChIJp2FMOwBpGQ0RKREU4tAs3dI?authuser=0&hl=pt-BR&rclk=1,No,Hospedagem domiciliar,
PENTHOUSE DO CARMO,,,"Travessa do Carmo 14, 2900 Setúbal, Portugal",,,PT,Travessa do Carmo 14,38.5240823,-8.8951807,"Hospedagem domiciliar in Sesimbra, Portugal",https://www.google.com/maps/place/PENTHOUSE+DO+CARMO/data=!4m7!3m6!1s0xd194300569fa171:0x47a59c9caef934b!8m2!3d38.5240823!4d-8.8951807!16s%2Fg%2F11yqc0wr_b!19sChIJcaGfVgBDGQ0RS5PvyslZegQ?authuser=0&hl=pt-BR&rclk=1,No,Hospedagem domiciliar,
Fonte da telha airbnb,,,"Av. 1 de Maio 135, Fonte da Telha, Costa de Caparica, Portugal",,,PT,Fonte da Telha,38.5731103,-9.1952388,"Hospedagem domiciliar in Sesimbra, Portugal",https://www.google.com/maps/place/Fonte+da+telha+airbnb/data=!4m7!3m6!1s0xd1eb5004c0911cf:0xf7df9041985e0a94!8m2!3d38.5731103!4d-9.1952388!16s%2Fg%2F11ym1fjn90!19sChIJzxEJTAC1Hg0RlApemEGQ3_c?authuser=0&hl=pt-BR&rclk=1,No,Hospedagem domiciliar,
Mario,,,"R. Heróis do Ultramar 22, 2950-102 Palmela, Portugal",,,PT,R. Heróis do Ultramar 22,38.5693871,-8.8861801,"Hospedagem domiciliar in Sesimbra, Portugal",https://www.google.com/maps/place/Mario/data=!4m7!3m6!1s0xd194100616b2bb7:0xcf926544a9e2ea3b!8m2!3d38.5693871!4d-8.8861801!16s%2Fg%2F11zcvw8brf!19sChIJtytrYQBBGQ0RO-riqURlks8?authuser=0&hl=pt-BR&rclk=1,No,Hospedagem domiciliar,
House of Colors Sesimbra,,,"charneca grande 34, 2970-141 Sesimbra, Portugal",,,PT,charneca grande 34,38.4881618,-9.0639452,"Hospedagem domiciliar in Sesimbra, Portugal",https://www.google.com/maps/place/House+of+Colors+Sesimbra/data=!4m7!3m6!1s0xd194f00476fd5d1:0x2a8b61028a74792e!8m2!3d38.4881618!4d-9.0639452!16s%2Fg%2F11nblv17v9!19sChIJ0dVvRwBPGQ0RLnl0igJhiyo?authuser=0&hl=pt-BR&rclk=1,No,Hospedagem domiciliar,
Olive Tree House,,,"R. das Ágatas 13, 2970-190, Portugal",,,PT,R. das Ágatas 13,38.4866605,-9.1181481,"Hospedagem domiciliar in Sesimbra, Portugal",https://www.google.com/maps/place/Olive+Tree+House/data=!4m10!3m9!1s0xd194d4680c8749d:0xeddb6f716f837cc5!5m2!4m1!1i2!8m2!3d38.4866605!4d-9.1181481!16s%2Fg%2F11kqlt8bc3!19sChIJnXTIgEZNGQ0RxXyDb3Fv2-0?authuser=0&hl=pt-BR&rclk=1,No,,
Lad. das Fontainas - Airbnb,,,"Lad. das Fontainhas 23, 2910-082 Setúbal, Portugal","2,0",1,PT,Lad. das Fontainhas 23,38.522997,-8.885424,"Hospedagem domiciliar in Sesimbra, Portugal",https://www.google.com/maps/place/Lad.+das+Fontainas+-+Airbnb/data=!4m7!3m6!1s0xd1943006a21c41d:0x9c85f6d6833321ba!8m2!3d38.522997!4d-8.885424!16s%2Fg%2F11x328lcfl!19sChIJHcQhagBDGQ0RuiEzg9b2hZw?authuser=0&hl=pt-BR&rclk=1,No,Hospedagem domiciliar,
Vivenda Silva,,,"R. David Mourão Ferreira 10, 2835 Santo António da Charneca, Portugal",,,PT,R. David Mourão Ferreira 10,38.6021712,-9.0154408,"Hospedagem domiciliar in Sesimbra, Portugal",https://www.google.com/maps/place/Vivenda+Silva/data=!4m7!3m6!1s0xd19490050d507fd:0x1df8fcbc93e55af6!8m2!3d38.6021712!4d-9.0154408!16s%2Fg%2F11z38hp0x5!19sChIJ_QfVUABJGQ0R9lrlk7z8-B0?authuser=0&hl=pt-BR&rclk=1,No,Hospedagem domiciliar,
Real Caparica Hotel,,'+351212918870,"R. do Mte. Manuel 18, 2825-358 Costa de Caparica, Portugal","4,0",,PT,R. do Mte. Manuel 18,38.643032,-9.236454,"Hotel de 2 estrelas in Sesimbra, Portugal",https://www.google.com/maps/place/Real+Caparica+Hotel/data=!4m10!3m9!1s0xd1eca607983483f:0x36522568689ba205!5m2!4m1!1i2!8m2!3d38.643032!4d-9.236454!16s%2Fg%2F1td_zwds!19sChIJP0iDeWDKHg0RBaKbaGglUjY?authuser=0&hl=pt-BR&rclk=1,No,,
Hotel Residencial Colibri,,'+351212919100,"Av. 1º de Maio 10, 2825-392 Costa de Caparica, Portugal","3,9",,PT,Av. 1º de Maio 10,38.645797,-9.235239,"Hotel de 2 estrelas in Sesimbra, Portugal",https://www.google.com/maps/place/Hotel+Residencial+Colibri/data=!4m10!3m9!1s0xd1eca5f9c269853:0xc52faaf16f6686a5!5m2!4m1!1i2!8m2!3d38.645797!4d-9.235239!16s%2Fg%2F11b6_v8yvt!19sChIJU5gmnF_KHg0RpYZmb_GqL8U?authuser=0&hl=pt-BR&rclk=1,No,,
Hotel Residencial Colibri,,'+351212919100,"Av. 1º de Maio 10, 2825-392 Costa de Caparica, Portugal","3,9",,PT,Av. 1º de Maio 10,38.6457971,-9.2352392,"Hotel de 2 estrelas in Sesimbra, Portugal",https://www.google.com/maps/place/Hotel+Residencial+Colibri/data=!4m10!3m9!1s0xd1eca5f9c2699b5:0xc52faaf16f6686a5!5m2!4m1!1i2!8m2!3d38.6457971!4d-9.2352392!16s%2Fg%2F11b6_v8yvt!19sChIJtZkmnF_KHg0RpYZmb_GqL8U?authuser=0&hl=pt-BR&rclk=1,No,,
Hotel Mar e Sol,,'+351265534868,"Av. Luísa Todi 606, 2900-457 Setúbal, Portugal","3,8",,PT,Av. Luísa Todi 606,38.5212138,-8.9019568,"Hotel de 2 estrelas in Sesimbra, Portugal",https://www.google.com/maps/place/Hotel+Mar+e+Sol/data=!4m10!3m9!1s0xd19430ad6e8a44b:0x2ece348175f6a46!5m2!4m1!1i2!8m2!3d38.5212138!4d-8.9019568!16s%2Fg%2F1wg5z8m8!19sChIJS6To1gpDGQ0RRmpfF0jj7AI?authuser=0&hl=pt-BR&rclk=1,No,,
Sea for Yourself,,'+351968619067,"R. Infante Dom Henrique 28, 2825-456, Portugal","4,7",,PT,R. Infante Dom Henrique 28,38.661937,-9.2415941,"Hotel de 2 estrelas in Sesimbra, Portugal",https://www.google.com/maps/place/Sea+for+Yourself/data=!4m10!3m9!1s0xd1ecb4f7aac0abd:0xee38b3b01680a5a6!5m2!4m1!1i2!8m2!3d38.661937!4d-9.2415941!16s%2Fg%2F11f781pqwt!19sChIJvQqsek_LHg0RpqWAFrCzOO4?authuser=0&hl=pt-BR&rclk=1,No,,
Come Inn Sesimbra,,'+351920039913,"Av. da Liberdade 672 C 1-Esq, 2975-192 Quinta do Conde, Portugal","2,5",,PT,Av. da Liberdade 672 C 1-Esq,38.5597886,-9.0519854,"Hotel de 2 estrelas in Sesimbra, Portugal",https://www.google.com/maps/place/Come+Inn+Sesimbra/data=!4m10!3m9!1s0xd1948d6b72a5305:0xf7b2cdf7c4d4d9f3!5m2!4m1!1i2!8m2!3d38.5597886!4d-9.0519854!16s%2Fg%2F11gwhbxwmb!19sChIJBVMqt9ZIGQ0R89nUxPfNsvc?authuser=0&hl=pt-BR&rclk=1,No,,
Amarte,,'+351962960599,"R. Xavier Santana, 2950-065 Palmela, Portugal","4,4",,PT,R. Xavier Santana,38.6165492,-8.8111547,"Hotel de 2 estrelas in Sesimbra, Portugal",https://www.google.com/maps/place/Amarte/data=!4m10!3m9!1s0xd196a5e895fe4a1:0xfde6f100ee2a8589!5m2!4m1!1i2!8m2!3d38.6165492!4d-8.8111547!16s%2Fg%2F11f4wtfwn9!19sChIJoeRfiV5qGQ0RiYUq7gDx5v0?authuser=0&hl=pt-BR&rclk=1,No,,
Paloma Caparica Beach Hostel,,'+351912894382,"R. Cap. Ribeiro da Cruz 7, 2825-397 Costa de Caparica, Portugal","2,7",,PT,R. Cap. Ribeiro da Cruz 7,38.6441813,-9.2366226,"Albergue in Sesimbra, Portugal",https://www.google.com/maps/place/Paloma+Caparica+Beach+Hostel/data=!4m10!3m9!1s0xd1eca5fce9c0001:0x150ebfcb9ddf6c8d!5m2!4m1!1i2!8m2!3d38.6441813!4d-9.2366226!16s%2Fg%2F11nnv5zy_y!19sChIJAQCczl_KHg0RjWzfncu_DhU?authuser=0&hl=pt-BR&rclk=1,No,,
Plaza Caparica Hostel,,'+351920412907,"R. dos Pescadores 35, 2825-386 Costa de Caparica, Portugal","4,0",,PT,R. dos Pescadores 35,38.6440799,-9.2343696,"Albergue in Sesimbra, Portugal",https://www.google.com/maps/place/Plaza+Caparica+Hostel/data=!4m10!3m9!1s0xd1ecb00179e4bd9:0x8ec202152dc8cd4d!5m2!4m1!1i2!8m2!3d38.6440799!4d-9.2343696!16s%2Fg%2F11zbkp1pz0!19sChIJ2UueFwDLHg0RTc3ILRUCwo4?authuser=0&hl=pt-BR&rclk=1,No,,
Refúgio do Gato,,'+351924205562,"Algeruz (M542 Posto Combustivel, 2950-051 Palmela, Portugal","4,5",,PT,Algeruz (M542 Posto Combustivel,38.5811952,-8.8310309,"Albergue in Sesimbra, Portugal",https://www.google.com/maps/place/Ref%C3%BAgio+do+Gato/data=!4m10!3m9!1s0xd196b00229a77bf:0x8c0a7e79ccefe099!5m2!4m1!1i2!8m2!3d38.5811952!4d-8.8310309!16s%2Fg%2F11w9ytsl7_!19sChIJv3eaIgBrGQ0RmeDvzHl-Cow?authuser=0&hl=pt-BR&rclk=1,No,,
Casa Feia Hostel,,'+351961598404,"R. 6 5, 2825-412 Costa de Caparica, Portugal",,,PT,R. 6 5,38.6273074,-9.21828,"Albergue in Sesimbra, Portugal",https://www.google.com/maps/place/Casa+Feia+Hostel/data=!4m10!3m9!1s0xd1ecb6cf7e408ef:0xa9fb3ca7f2e5e206!5m2!4m1!1i2!8m2!3d38.6273074!4d-9.21828!16s%2Fg%2F11z1ckrvfy!19sChIJ7wjk92zLHg0RBuLl8qc8-6k?authuser=0&hl=pt-BR&rclk=1,No,,
Hostel Beira Rio,,'+351926577274,"R. Ocidental do Mercado 7, 2900-516 Setúbal, Portugal",,,PT,R. Ocidental do Mercado 7,38.5203082,-8.8950868,"Albergue in Sesimbra, Portugal",https://www.google.com/maps/place/Hostel+Beira+Rio/data=!4m10!3m9!1s0xd194309165aaaab:0xa08317937f461f30!5m2!4m1!1i2!8m2!3d38.5203082!4d-8.8950868!16s%2Fg%2F11tcvgrj4n!19sChIJq6paFglDGQ0RMB9Gf5MXg6A?authuser=0&hl=pt-BR&rclk=1,No,,
A Casa do Lago alojamento local 112693 AL,,'+351962470896,"R. dos Vitoriosos 92, 2925-312 São Simão, Portugal","5,0",,PT,R. dos Vitoriosos 92,38.5452532,-9.0089645,"Albergue in Sesimbra, Portugal",https://www.google.com/maps/place/A+Casa+do+Lago+alojamento+local+112693+AL/data=!4m10!3m9!1s0xd1945acc8fc6695:0xdf814352eb68daf6!5m2!4m1!1i2!8m2!3d38.5452532!4d-9.0089645!16s%2Fg%2F11s0_vmdzx!19sChIJlWb8yKxFGQ0R9tpo61JDgd8?authuser=0&hl=pt-BR&rclk=1,No,,
Kontiki Surf House,,'+351924341813,"R. Holbeche Castelo Branco, 2825-335 Costa de Caparica, Portugal","3,0",,PT,R. Holbeche Castelo Branco,38.6464152,-9.2357608,"Albergue in Sesimbra, Portugal",https://www.google.com/maps/place/Kontiki+Surf+House/data=!4m10!3m9!1s0xd1eca5f0dac142f:0x81382ae30d119d3a!5m2!4m1!1i2!8m2!3d38.6464152!4d-9.2357608!16s%2Fg%2F11g0zldyy7!19sChIJLxSsDV_KHg0ROp0RDeMqOIE?authuser=0&hl=pt-BR&rclk=1,No,,
M E S hospedagem,,,"Santa M.nha do Zêzere, Portugal",,,PT,Santa M.nha do Zêzere,41.1406015,-7.9519746,"Hospedagem domiciliar in Amarante, Portugal",https://www.google.com/maps/place/M+E+S+hospedagem/data=!4m7!3m6!1s0xd24af0037cd7433:0x4cdf580a029257ae!8m2!3d41.1406015!4d-7.9519746!16s%2Fg%2F11zgsgj8ws!19sChIJM3TNNwCvJA0RrleSAgpY30w?authuser=0&hl=pt-BR&rclk=1,No,Hospedagem domiciliar,
Casa Moscatel,,,"Godim, Portugal","4,3",,PT,Godim,41.1701634,-7.7979078,"Hospedagem domiciliar in Amarante, Portugal",https://www.google.com/maps/place/Casa+Moscatel/data=!4m10!3m9!1s0xd24ad9e58ba3f47:0x32f303ae33f54e40!5m2!4m1!1i2!8m2!3d41.1701634!4d-7.7979078!16s%2Fg%2F11vcm__l5d!19sChIJRz-6WJ6tJA0RQE71M64D8zI?authuser=0&hl=pt-BR&rclk=1,No,,
Residencial Real,,'+351259325879,"R. dos Combatentes da Grande Guerra 5, 5000-635 Vila Real, Portugal","3,5",,PT,R. dos Combatentes da Grande Guerra 5,41.2968005,-7.7449935,"Hotel de 2 estrelas in Amarante, Portugal",https://www.google.com/maps/place/Residencial+Real/data=!4m10!3m9!1s0xd3b4b01249dd173:0x8e6df7783d93229a!5m2!4m1!1i2!8m2!3d41.2968005!4d-7.7449935!16s%2Fg%2F1thxmc8m!19sChIJc9GdJAFLOw0RmiKTPXj3bY4?authuser=0&hl=pt-BR&rclk=1,No,,
Casa do Olival,,'+351964645930,"Tv. do Olival Basto 340, 5050-098 Godim, Portugal","4,4",,PT,Tv. do Olival Basto 340,41.1635511,-7.7967927,"Hotel de 2 estrelas in Amarante, Portugal",https://www.google.com/maps/place/Casa+do+Olival/data=!4m10!3m9!1s0xd24ad4be51e043b:0x82e6be322ac4de5f!5m2!4m1!1i2!8m2!3d41.1635511!4d-7.7967927!16s%2Fg%2F11c1w__xq5!19sChIJOwQe5UutJA0RX97EKjK-5oI?authuser=0&hl=pt-BR&rclk=1,No,,
Casa da Bela vista,,,"Casa Da Bela Vista Avenida n° 2000, N°20, 5100-530 Figueira Do Douro, Portugal","4,0",,PT,N°20,41.1018287,-7.7612763,"Albergue in Amarante, Portugal",https://www.google.com/maps/place/Casa+da+Bela+vista/data=!4m10!3m9!1s0xd3b530048395ed5:0x8347dad1132f6442!5m2!4m1!1i2!8m2!3d41.1018287!4d-7.7612763!16s%2Fg%2F11vyq3vdw4!19sChIJ1V45SABTOw0RQmQvE9HaR4M?authuser=0&hl=pt-BR&rclk=1,No,,
Casa do Barreiro de Cima,,,"Rua do Barreiro de Cima, Portugal","5,0",,PT,Rua do Barreiro de Cima,41.4474515,-7.928865,"Albergue in Amarante, Portugal",https://www.google.com/maps/place/Casa+do+Barreiro+de+Cima/data=!4m10!3m9!1s0xd24cf0ed48c5853:0xc97ea3b2a3824dc6!5m2!4m1!1i2!8m2!3d41.4474515!4d-7.928865!16s%2Fg%2F11kqclxkrr!19sChIJU1iM1A7PJA0Rxk2Co7Kjfsk?authuser=0&hl=pt-BR&rclk=1,No,,
Casa do Mirante,,,"CXR2+R9, Moreira do Rei, Portugal","4,8",,PT,CXR2+R9,41.4421172,-8.0490642,"Albergue in Amarante, Portugal",https://www.google.com/maps/place/Casa+do+Mirante/data=!4m10!3m9!1s0xd24c34a81a79de1:0x57a052e37f294ee8!5m2!4m1!1i2!8m2!3d41.4421172!4d-8.0490642!16s%2Fg%2F11rmy2zb_d!19sChIJ4Z2ngUrDJA0R6E4pf-NSoFc?authuser=0&hl=pt-BR&rclk=1,No,,
Quinta da Batoca,,,"Sanhoane, Portugal","4,8",,PT,Sanhoane,41.2086707,-7.7968082,"Albergue in Amarante, Portugal",https://www.google.com/maps/place/Quinta+da+Batoca/data=!4m10!3m9!1s0xd24b3007e2bd017:0x5f1410f8010b859b!5m2!4m1!1i2!8m2!3d41.2086707!4d-7.7968082!16s%2Fg%2F11y19jnmg8!19sChIJF9ArfgCzJA0Rm4ULAfgQFF8?authuser=0&hl=pt-BR&rclk=1,No,,
Zimão Garden House,,'+351912888943,"R. da Capela n° 7, Zimão, 5450-283 Vila Pouca de Aguiar, Portugal","4,9",,PT,Zimão,41.4442721,-7.6603977,"Hospedaria in Vila Real, Portugal",https://www.google.com/maps/place/Zim%C3%A3o+Garden+House/data=!4m10!3m9!1s0xd3b316ad34e9de3:0x8d1ac36ad14e5db5!5m2!4m1!1i2!8m2!3d41.4442721!4d-7.6603977!16s%2Fg%2F11ry1mbwjb!19sChIJ451O02oxOw0RtV1O0WrDGo0?authuser=0&hl=pt-BR&rclk=1,No,,
Hotel Mor,,'+351254858238,"Av. Dr. Oliveira Salazar, 5110-122 Armamar, Portugal","3,7",,PT,Av. Dr. Oliveira Salazar,41.10595,-7.6913454,"Hospedaria in Vila Real, Portugal",https://www.google.com/maps/place/Hotel+Mor/data=!4m10!3m9!1s0xd3b51531843e90f:0x4f370cc43b2abca0!5m2!4m1!1i2!8m2!3d41.10595!4d-7.6913454!16s%2Fg%2F1v0lm1s_!19sChIJD-lDGFNROw0RoLwqO8QMN08?authuser=0&hl=pt-BR&rclk=1,No,,
Casa de Pascoaes,,'+351912457769,"R. da Capelinha 122, 4600-632 Gatão, Portugal","4,8",,PT,R. da Capelinha 122,41.2863745,-8.0712162,"Hotel de 3 estrelas in Vila Real, Portugal",https://www.google.com/maps/place/Casa+de+Pascoaes/data=!4m10!3m9!1s0xd24bf19b3549a91:0x6a13e4624adb1d8d!5m2!4m1!1i2!8m2!3d41.2863745!4d-8.0712162!16s%2Fg%2F122lkkdt!19sChIJkZpUsxm_JA0RjR3bSmLkE2o?authuser=0&hl=pt-BR&rclk=1,No,,
Quinta de Arroios,,,"77QW+4V, Vila Real, Portugal","5,0",1,PT,77QW+4V,41.287874,-7.702828,"Hospedagem domiciliar in Vila Real, Portugal",https://www.google.com/maps/place/Quinta+de+Arroios/data=!4m7!3m6!1s0xd3b4b9725c64e53:0xc2f135d04033fb8!8m2!3d41.287874!4d-7.702828!16s%2Fg%2F11sw480ysf!19sChIJU07GJZdLOw0RuD8DBF0TLww?authuser=0&hl=pt-BR&rclk=1,No,Hospedagem domiciliar,
Chicole guancia back boarding house,,,"Pauline, 5070-013 Alijó, Portugal",,,PT,Pauline,41.2772347,-7.4771108,"Hospedagem domiciliar in Vila Real, Portugal",https://www.google.com/maps/place/Chicole+guancia+back+boarding+house/data=!4m7!3m6!1s0xd3b4300348fb40f:0x8c1f2947d354ce94!8m2!3d41.2772347!4d-7.4771108!16s%2Fg%2F11z12xwlgr!19sChIJD7SPNABDOw0RlM5U00cpH4w?authuser=0&hl=pt-BR&rclk=1,No,Hospedagem domiciliar,
Casa do Forno F.R,,'+351910005220,"Rua de Fervença 2390, 4880-133, Portugal","4,0",,PT,Rua de Fervença 2390,41.3669486,-7.8417462,"Hospedagem domiciliar in Vila Real, Portugal",https://www.google.com/maps/place/Casa+do+Forno+F.R/data=!4m7!3m6!1s0xd24cb003d423e37:0x5c3d5df2ba5b8a1!8m2!3d41.3669486!4d-7.8417462!16s%2Fg%2F11xn26c0g0!19sChIJNz5CPQDLJA0RobilK9_VwwU?authuser=0&hl=pt-BR&rclk=1,No,Hospedagem domiciliar,
Cantinho da Laura,,,"Casa Santiago S. Pedro de Balsemão 5100-013 Lamego, 5100-013 Sé, Portugal","5,0",,PT,Casa Santiago S. Pedro de Balsemão,41.1067132,-7.7824132,"Hospedagem domiciliar in Vila Real, Portugal",https://www.google.com/maps/place/Cantinho+da+Laura/data=!4m7!3m6!1s0xd3b5300479d28b5:0xe025d044b5e00415!8m2!3d41.1067132!4d-7.7824132!16s%2Fg%2F11vymwcrzw!19sChIJtSidRwBTOw0RFQTgtUTQJeA?authuser=0&hl=pt-BR&rclk=1,No,Hospedagem domiciliar,
Miguas House Baião,,,"Caminho do Sobradinho 163, 4640-467, Portugal",,,PT,Caminho do Sobradinho 163,41.1341195,-7.9398845,"Hospedagem domiciliar in Vila Real, Portugal",https://www.google.com/maps/place/Miguas+House+Bai%C3%A3o/data=!4m7!3m6!1s0xd24af0000eb49e7:0x9f984656d366d584!8m2!3d41.1341195!4d-7.9398845!16s%2Fg%2F11nk11drk9!19sChIJ50nrAACvJA0RhNVm01ZGmJ8?authuser=0&hl=pt-BR&rclk=1,No,Hospedagem domiciliar,
Casa dos Ingleses,,,"Rua da Saudade 14, 5000-011, Portugal",,,PT,Rua da Saudade 14,41.2160667,-7.7179032,"Hospedagem domiciliar in Vila Real, Portugal",https://www.google.com/maps/place/Casa+dos+Ingleses/data=!4m7!3m6!1s0xd3b4d65c13befe9:0x5da5fd72d39674f3!8m2!3d41.2160667!4d-7.7179032!16s%2Fg%2F11vb0yfjbj!19sChIJ6e87wWVNOw0R83SW03L9pV0?authuser=0&hl=pt-BR&rclk=1,No,Hospedagem domiciliar,
Casa dos Porquinhos,,,"R. Alegria 10, 5090-013, Portugal",,,PT,R. Alegria 10,41.3661206,-7.4042057,"Hospedagem domiciliar in Vila Real, Portugal",https://www.google.com/maps/place/Casa+dos+Porquinhos/data=!4m7!3m6!1s0xd3b1557e036ee4b:0xb391be99e6875967!8m2!3d41.3661206!4d-7.4042057!16s%2Fg%2F11l6df1kd6!19sChIJS-424FcVOw0RZ1mH5pm-kbM?authuser=0&hl=pt-BR&rclk=1,No,Hospedagem domiciliar,
Casa da avó,,'+351916677573,"R. da Fonte, Armamar, Portugal","4,8",,PT,R. da Fonte,41.1122715,-7.7178014,"Hotel de 2 estrelas in Vila Real, Portugal",https://www.google.com/maps/place/Casa+da+av%C3%B3/data=!4m10!3m9!1s0xd3b53f296b468c1:0x9c2c51fc4e0eeb9!5m2!4m1!1i2!8m2!3d41.1122715!4d-7.7178014!16s%2Fg%2F11g02397v3!19sChIJwWi0lvJTOw0Rue7gxB_Fwgk?authuser=0&hl=pt-BR&rclk=1,No,,
Casa do Fundo do Povo,,'+351913870088,"Rua de Laurentim, 79, 5030-458, Portugal","4,2",,PT,79,41.1970002,-7.7884925,"Hotel de 2 estrelas in Vila Real, Portugal",https://www.google.com/maps/place/Casa+do+Fundo+do+Povo/data=!4m10!3m9!1s0xd24b2b59a0493b9:0x9a959069fdb3a2c3!5m2!4m1!1i2!8m2!3d41.1970002!4d-7.7884925!16s%2Fg%2F11gcc_vyp2!19sChIJuZMEmrWyJA0Rw6Kz_WmQlZo?authuser=0&hl=pt-BR&rclk=1,No,,
Hotel Porto Antigo,,,"R. do Cais 675, 4690-423 Cinfães, Portugal","4,4",,PT,R. do Cais 675,41.090028,-8.079426,"Albergue in Vila Real, Portugal",https://www.google.com/maps/place/Hotel+Porto+Antigo/data=!4m10!3m9!1s0xd24a3cf80d55c93:0x36db95df005cb91f!5m2!4m1!1i2!8m2!3d41.090028!4d-8.079426!16s%2Fg%2F1tdl7dtz!19sChIJk1zVgM-jJA0RH7lcAN-V2zY?authuser=0&hl=pt-BR&rclk=1,No,,
Carmo guestroom - Alojamento Local,,'+351933822124,"R. das Ameixoeiras 7, 5120-406 Tabuaço, Portugal","5,0",1,PT,R. das Ameixoeiras 7,41.1178226,-7.56534,"Albergue in Vila Real, Portugal",https://www.google.com/maps/place/Carmo+guestroom+-+Alojamento+Local/data=!4m10!3m9!1s0xd3b5b00177bb23d:0x280b8a25e5b633f2!5m2!4m1!1i2!8m2!3d41.1178226!4d-7.56534!16s%2Fg%2F11ycgwgm1j!19sChIJPbJ7FwBbOw0R8jO25SWKCyg?authuser=0&hl=pt-BR&rclk=1,No,,
Casa do Paçô,,,"Rua de Paço - Rua 1, Cabeceiras de Basto, Portugal","5,0",1,PT,Rua de Paço - Rua 1,41.4966335,-7.9888511,"Albergue in Vila Real, Portugal",https://www.google.com/maps/place/Casa+do+Pa%C3%A7%C3%B4/data=!4m10!3m9!1s0xd24db000781e73b:0xfdf63deb893677d6!5m2!4m1!1i2!8m2!3d41.4966335!4d-7.9888511!16s%2Fg%2F11nb4qjx60!19sChIJO-eBBwDbJA0R1nc2ies99v0?authuser=0&hl=pt-BR&rclk=1,No,,
Alojamento Local - Casa Madureira,,'+351938691874,"Paradela de Guiaes, 5060-161 Vila Real, Portugal","5,0",,PT,Paradela de Guiaes,41.2269165,-7.6360618,"Albergue in Vila Real, Portugal",https://www.google.com/maps/place/Alojamento+Local+-+Casa+Madureira/data=!4m10!3m9!1s0xd3b4f78ab3fc9df:0x49dfc7f69004a8ec!5m2!4m1!1i2!8m2!3d41.2269165!4d-7.6360618!16s%2Fg%2F11vkjwq8nh!19sChIJ38k_q3hPOw0R7KgEkPbH30k?authuser=0&hl=pt-BR&rclk=1,No,,
Casa das Feitorias,,'+351918256347,"Rua Central de Parada, Tresouras, Portugal","5,0",,PT,Rua Central de Parada,41.1553702,-7.9174762,"Albergue in Vila Real, Portugal",https://www.google.com/maps/place/Casa+das+Feitorias/data=!4m10!3m9!1s0xd24af228a5ef44f:0x893dd66104452aca!5m2!4m1!1i2!8m2!3d41.1553702!4d-7.9174762!16s%2Fg%2F11krkfr5nr!19sChIJT_ReiiKvJA0RyipFBGHWPYk?authuser=0&hl=pt-BR&rclk=1,No,,
"Casa da Veiga, alojamento local",,,"Graceira, Fermil, 4890, Portugal","5,0",1,PT,Fermil,41.4323932,-7.9898769,"Albergue in Vila Real, Portugal","https://www.google.com/maps/place/Casa+da+Veiga,+alojamento+local/data=!4m10!3m9!1s0xd24c5f1cfb466a3:0x5cc1e0e2105f4fe4!5m2!4m1!1i2!8m2!3d41.4323932!4d-7.9898769!16s%2Fg%2F11rwrhvp2z!19sChIJo2a0z_HFJA0R5E9fEOLgwVw?authuser=0&hl=pt-BR&rclk=1",No,,
Casa das Penhas da Saude,,'+351962373074,"40°18'28.2""N 7°32'44.1""W, 6200-324 Covilhã, Portugal","4,8",,PT,"40°18'28.2""N 7°32'44.1""W",40.3077765,-7.5449035,"Hospedaria in Covilhã, Portugal",https://www.google.com/maps/place/Casa+das+Penhas+da+Saude/data=!4m10!3m9!1s0xd3d26a0093508a1:0x4b50d8a525bdf81c!5m2!4m1!1i2!8m2!3d40.3077765!4d-7.5449035!16s%2Fg%2F11ggr0jn9h!19sChIJoQg1CaAmPQ0RHPi9JaXYUEs?authuser=0&hl=pt-BR&rclk=1,No,,
Hospedaria Robalo,,'+351271753566,"d'Almeida, R. António José de Almeida nº53, 6320-354 Sabugal, Portugal","4,3",,PT,R. António José de Almeida nº53,40.3506164,-7.0887336,"Hospedaria in Covilhã, Portugal",https://www.google.com/maps/place/Hospedaria+Robalo/data=!4m10!3m9!1s0xd3daa094182287b:0x15b0bc623b35d8e2!5m2!4m1!1i2!8m2!3d40.3506164!4d-7.0887336!16s%2Fg%2F1tdbgqwl!19sChIJeyiCQQmqPQ0R4tg1O2K8sBU?authuser=0&hl=pt-BR&rclk=1,No,,
Quinta Sarnadela AL 30684,,'+351912378451,"Av. Principal 68, 3405-501, Portugal","4,9",,PT,Av. Principal 68,40.3882449,-7.9046691,"Hospedaria in Covilhã, Portugal",https://www.google.com/maps/place/Quinta+Sarnadela+AL+30684/data=!4m10!3m9!1s0xd2329b9d96b40d3:0x7f4580bd66230260!5m2!4m1!1i2!8m2!3d40.3882449!4d-7.9046691!16s%2Fg%2F11f03q1prc!19sChIJ00Br2bkpIw0RYAIjZr2ARX8?authuser=0&hl=pt-BR&rclk=1,No,,
Casa do Telheiro - 56346/AL,,'+351926892781,"R. do Cortinhal, 6270-151 Sabugueiro, Portugal","4,7",,PT,R. do Cortinhal,40.4031551,-7.6387358,"Hotel de 3 estrelas in Covilhã, Portugal",https://www.google.com/maps/place/Casa+do+Telheiro+-+56346%2FAL/data=!4m10!3m9!1s0xd3cd7b8ac24ef0b:0x865e3acf2d82c1a5!5m2!4m1!1i2!8m2!3d40.4031551!4d-7.6387358!16s%2Fg%2F11cssdfln3!19sChIJC-8krLjXPA0RpcGCLc86XoY?authuser=0&hl=pt-BR&rclk=1,No,,
Cantinho da Estrela,,'+351960498543,"R. do Comércio 92, 6270-586, Portugal","4,7",,PT,R. do Comércio 92,40.4712687,-7.7510823,"Hotel de 3 estrelas in Covilhã, Portugal",https://www.google.com/maps/place/Cantinho+da+Estrela/data=!4m10!3m9!1s0xd3cd39aaae0cc21:0x435c789a3249c882!5m2!4m1!1i2!8m2!3d40.4712687!4d-7.7510823!16s%2Fg%2F11b73lp3lh!19sChIJIczgqprTPA0RgshJMpp4XEM?authuser=0&hl=pt-BR&rclk=1,No,,
Hotel Belsol,,'+351275912206,"6250-076 Belmonte, Portugal","4,3",,PT,,40.366352,-7.352465,"Hotel de 3 estrelas in Covilhã, Portugal",https://www.google.com/maps/place/Hotel+Belsol/data=!4m10!3m9!1s0xd3d19411c24f503:0x455975fe5c76f402!5m2!4m1!1i2!8m2!3d40.366352!4d-7.352465!16s%2Fg%2F1hc2jmtwz!19sChIJA_UkHEEZPQ0RAvR2XP51WUU?authuser=0&hl=pt-BR&rclk=1,No,,
Casas da Escola-Meãs,,,"R. Dr. António Lourenço 59, 3320-368, Portugal",,,PT,R. Dr. António Lourenço 59,40.1524827,-7.8145158,"Hotel de 3 estrelas in Covilhã, Portugal",https://www.google.com/maps/place/Casas+da+Escola-Me%C3%A3s/data=!4m10!3m9!1s0xd22cd002fa91adb:0xf091ce909e924e1d!5m2!4m1!1i2!8m2!3d40.1524827!4d-7.8145158!16s%2Fg%2F11mt5x5zy5!19sChIJ2xqpLwDNIg0RHU6SnpDOkfA?authuser=0&hl=pt-BR&rclk=1,No,,
Casa da Latada,,,"R. Ten-Cel. José Biscaia Rabaça 10, 6260-311 Sameiro, Portugal","4,0",1,PT,R. Ten-Cel. José Biscaia Rabaça 10,40.4096181,-7.4895762,"Hotel de 3 estrelas in Covilhã, Portugal",https://www.google.com/maps/place/Casa+da+Latada/data=!4m10!3m9!1s0xd3cdf9cfea65ce5:0x75139d6aa4cbeaf6!5m2!4m1!1i2!8m2!3d40.4096181!4d-7.4895762!16s%2Fg%2F11h4d3xz7f!19sChIJ5Vym_pzfPA0R9urLpGqdE3U?authuser=0&hl=pt-BR&rclk=1,No,,
Quinta Ponte da Capinha,,'+351962812497,"Estrada Municipal do Salgueiro, M570 1, 6230-145 Capinha, Portugal","4,7",,PT,M570 1,40.192267,-7.3607072,"Hotel de 3 estrelas in Covilhã, Portugal",https://www.google.com/maps/place/Quinta+Ponte+da+Capinha/data=!4m10!3m9!1s0xd3d16d7352f3659:0xc6491d98a3e92c55!5m2!4m1!1i2!8m2!3d40.192267!4d-7.3607072!16s%2Fg%2F11c5cphyd0!19sChIJWTYvNdcWPQ0RVSzpo5gdScY?authuser=0&hl=pt-BR&rclk=1,No,,
Casa da Almoinha,,'+351962381144,"Estrada Nacional 230, 6215-517 Unhais da Serra, Portugal","4,0",,PT,Estrada Nacional 230,40.2567176,-7.6219884,"Hotel de 3 estrelas in Covilhã, Portugal",https://www.google.com/maps/place/Casa+da+Almoinha/data=!4m10!3m9!1s0xd3d2fb2a6f7b3ff:0x60f8585c66fcfeba!5m2!4m1!1i2!8m2!3d40.2567176!4d-7.6219884!16s%2Fg%2F11jg8392c2!19sChIJ_7P3prIvPQ0Ruv78ZlxY-GA?authuser=0&hl=pt-BR&rclk=1,No,,
Hotel Rural Casa da Eira,,'+351275941180,"Largo João José, Largo Vitória Forte, 6230-000 Peroviseu, Portugal","4,5",,PT,Largo Vitória Forte,40.20753,-7.4445589,"Hotel de 3 estrelas in Covilhã, Portugal",https://www.google.com/maps/place/Hotel+Rural+Casa+da+Eira/data=!4m10!3m9!1s0xd3d3d66a13e3283:0x7adaa9ccd57205f!5m2!4m1!1i2!8m2!3d40.20753!4d-7.4445589!16s%2Fg%2F11btmb3myn!19sChIJgzI-oWY9PQ0RXyBXzZyqrQc?authuser=0&hl=pt-BR&rclk=1,No,,
Villa Alzira - Alojamento e Restaurante,,'+351919924157,"R. de São Sebastião 6270, Portugal","4,8",,PT,R. de São Sebastião 6270,40.3584295,-7.7878867,"Hotel de 4 estrelas in Covilhã, Portugal",https://www.google.com/maps/place/Villa+Alzira+-+Alojamento+e+Restaurante/data=!4m10!3m9!1s0xd22d5d6b329c295:0x8c4f80363d15cea2!5m2!4m1!1i2!8m2!3d40.3584295!4d-7.7878867!16s%2Fg%2F11h7_tv0vh!19sChIJlcIps9bVIg0Ros4VPTaAT4w?authuser=0&hl=pt-BR&rclk=1,No,,
Casa da Vila,,,"Rua da lgreja, 6320-530 Sortelha, Portugal",,,PT,Rua da lgreja,40.3286313,-7.2162773,"Hospedagem domiciliar in Covilhã, Portugal",https://www.google.com/maps/place/Casa+da+Vila/data=!4m10!3m9!1s0xd3d03003799ae65:0x38c2c1966dd5803!5m2!4m1!1i2!8m2!3d40.3286313!4d-7.2162773!16s%2Fg%2F11z8tm4616!19sChIJZa6ZNwADPQ0RA1jdZhksjAM?authuser=0&hl=pt-BR&rclk=1,No,,
Quintinha do Lavrador,,,"96JH+2R, Torrozelo, Portugal",,,PT,96JH+2R,40.3800289,-7.7704909,"Hospedagem domiciliar in Covilhã, Portugal",https://www.google.com/maps/place/Quintinha+do+Lavrador/data=!4m7!3m6!1s0xd3cd50014a073a1:0x5be7958d5a6dcf7a!8m2!3d40.3800289!4d-7.7704909!16s%2Fg%2F11z4rp6dy6!19sChIJoXOgFADVPA0Res9tWo2V51s?authuser=0&hl=pt-BR&rclk=1,No,Hospedagem domiciliar,
Casa do Forno,,,"R. do Cabo 17, 6270-621 Valezim, Portugal","4,4",,PT,R. do Cabo 17,40.3581482,-7.7182521,"Hotel de 2 estrelas in Covilhã, Portugal",https://www.google.com/maps/place/Casa+do+Forno/data=!4m10!3m9!1s0xd3d2a156b327381:0xb018f080942ad754!5m2!4m1!1i2!8m2!3d40.3581482!4d-7.7182521!16s%2Fg%2F11b73n50sq!19sChIJgXMyaxUqPQ0RVNcqlIDwGLA?authuser=0&hl=pt-BR&rclk=1,No,,
Casinha Branca Alojamento,,'+351968105401,"R. Cid. Vl. Real St. António 83, Fundão, Portugal","4,9",,PT,R. Cid. Vl. Real St. António 83,40.1569757,-7.4954057,"Albergue in Covilhã, Portugal",https://www.google.com/maps/place/Casinha+Branca+Alojamento/data=!4m10!3m9!1s0xd3d3d007c6618f9:0x67c7d1961c9b39dd!5m2!4m1!1i2!8m2!3d40.1569757!4d-7.4954057!16s%2Fg%2F11yb3nrzlm!19sChIJ-RhmfAA9PQ0R3TmbHJbRx2c?authuser=0&hl=pt-BR&rclk=1,No,,
Hostel Dom Yahya- Dr.Saba,,,"R. Direita 39, 6250-047 Belmonte, Portugal","4,0",,PT,R. Direita 39,40.3584453,-7.3484562,"Albergue in Covilhã, Portugal",https://www.google.com/maps/place/Hostel+Dom+Yahya-+Dr.Saba/data=!4m10!3m9!1s0xd3d1dbd0ad06179:0x13530b713368042f!5m2!4m1!1i2!8m2!3d40.3584453!4d-7.3484562!16s%2Fg%2F11fwfkjbmt!19sChIJeWHQCr0dPQ0RLwRoM3ELUxM?authuser=0&hl=pt-BR&rclk=1,No,,
Casas da Villa - Belmonte,,,"R. Pedro Álvares Cabral 22, 6250-065 Belmonte, Portugal","4,0",1,PT,R. Pedro Álvares Cabral 22,40.3559878,-7.352976,"Albergue in Covilhã, Portugal",https://www.google.com/maps/place/Casas+da+Villa+-+Belmonte/data=!4m10!3m9!1s0xd3d1f002ffcb599:0x5a06611f97f79044!5m2!4m1!1i2!8m2!3d40.3559878!4d-7.352976!16s%2Fg%2F11vr1pk0d7!19sChIJmbX8LwAfPQ0RRJD3lx9hBlo?authuser=0&hl=pt-BR&rclk=1,No,,
Marquinhas House - A Queijeira,,'+351919870567,"N17 n 22, 3400-691 Oliveira do Hospital, Portugal","5,0",1,PT,N17 n 22,40.3452693,-7.8419993,"Albergue in Covilhã, Portugal",https://www.google.com/maps/place/Marquinhas+House+-+A+Queijeira/data=!4m10!3m9!1s0xd22d5ce47ab4531:0xabf50c57d349c049!5m2!4m1!1i2!8m2!3d40.3452693!4d-7.8419993!16s%2Fg%2F11q91svhkx!19sChIJMUWrR87VIg0RScBJ01cM9as?authuser=0&hl=pt-BR&rclk=1,No,,
Casal dos Netos,,'+351964648537,"Penhas da Saúde, 6200-324 Covilhã, Portugal","5,0",1,PT,Penhas da Saúde,40.306645,-7.5467171,"Albergue in Covilhã, Portugal",https://www.google.com/maps/place/Casal+dos+Netos/data=!4m10!3m9!1s0xd3d258705e68833:0xb7ab90e3271fa1d7!5m2!4m1!1i2!8m2!3d40.306645!4d-7.5467171!16s%2Fg%2F11ty271l37!19sChIJM4jmBYclPQ0R16EfJ-OQq7c?authuser=0&hl=pt-BR&rclk=1,No,,
Refúgio da Estrela,,'+351919241397,"R. das Maravilhas 16, Aguincho, 6270-011, Portugal","5,0",,PT,Aguincho,40.2858061,-7.7214398,"Albergue in Covilhã, Portugal",https://www.google.com/maps/place/Ref%C3%BAgio+da+Estrela/data=!4m10!3m9!1s0xd3d2d32ad48ccfd:0xeca64468942acae3!5m2!4m1!1i2!8m2!3d40.2858061!4d-7.7214398!16s%2Fg%2F11t6y_zd5n!19sChIJ_cxIrTItPQ0R48oqlGhEpuw?authuser=0&hl=pt-BR&rclk=1,No,,
Casa dos Conchos,,,"Av. da Igreja 2, 6270-151 Sabugueiro, Portugal","4,9",,PT,Av. da Igreja 2,40.4022307,-7.640688,"Albergue in Covilhã, Portugal",https://www.google.com/maps/place/Casa+dos+Conchos/data=!4m10!3m9!1s0xd3cd736bf857fd5:0x1e847474a3fb43dc!5m2!4m1!1i2!8m2!3d40.4022307!4d-7.640688!16s%2Fg%2F11v0fc2mg9!19sChIJ1X-FvzbXPA0R3EP7o3R0hB4?authuser=0&hl=pt-BR&rclk=1,No,,
Casa das Oliveiras - Manteigas,,'+351962107071,"R. Ribeira dos Bacelos 20, 6260 Manteigas, Portugal","5,0",,PT,R. Ribeira dos Bacelos 20,40.4050301,-7.5201214,"Albergue in Covilhã, Portugal",https://www.google.com/maps/place/Casa+das+Oliveiras+-+Manteigas/data=!4m10!3m9!1s0xd3cdf0049a44cd1:0x4c83cc683b0fbf3d!5m2!4m1!1i2!8m2!3d40.4050301!4d-7.5201214!16s%2Fg%2F11vpqvsp7w!19sChIJ0UykSQDfPA0RPb8PO2jMg0w?authuser=0&hl=pt-BR&rclk=1,No,,
Hotel Dona Leonor,,,"R. Hemíciclo João Paulo II 9, Caldas da Rainha, Portugal","3,6",,PT,R. Hemíciclo João Paulo II 9,39.40592,-9.135773,"Hotel de 3 estrelas in Caldas da Rainha, Portugal",https://www.google.com/maps/place/Hotel+Dona+Leonor/data=!4m10!3m9!1s0xd18b3a55fa8978b:0xe1525dac9f609b16!5m2!4m1!1i2!8m2!3d39.40592!4d-9.135773!16s%2Fg%2F1tdl2tyw!19sChIJi5eoX6WzGA0RFptgn6xdUuE?authuser=0&hl=pt-BR&rclk=1,No,,
Cabeço dos Três Moinhos,,'+351243991165,"Rio Maior, Portugal","4,5",,PT,Rio Maior,39.3537017,-8.9616617,"Hotel de 3 estrelas in Caldas da Rainha, Portugal",https://www.google.com/maps/place/Cabe%C3%A7o+dos+Tr%C3%AAs+Moinhos/data=!4m10!3m9!1s0xd18b9046c9aa081:0x305fe30eff3b18c4!5m2!4m1!1i2!8m2!3d39.3537017!4d-8.9616617!16s%2Fg%2F11b7t90v69!19sChIJgaCabAS5GA0RxBg7_w7jXzA?authuser=0&hl=pt-BR&rclk=1,No,,
Lov'in Book Guesthouse,,'+351962305804,"R. Direita 12, 2510-102 Óbidos, Portugal","4,5",,PT,R. Direita 12,39.3599838,-9.1578246,"Hotel de 3 estrelas in Caldas da Rainha, Portugal",https://www.google.com/maps/place/Lov%27in+Book+Guesthouse/data=!4m10!3m9!1s0xd18b491c89b1449:0xd12d2d3b431160ce!5m2!4m1!1i2!8m2!3d39.3599838!4d-9.1578246!16s%2Fg%2F11c6vvkf9v!19sChIJSRSbyJG0GA0RzmARQzstLdE?authuser=0&hl=pt-BR&rclk=1,No,,
Dolinas Climbing Hotel,,,"Av. de São Pedro nr 1, 2480-303 Porto de Mós, Portugal","4,6",,PT,Av. de São Pedro nr 1,39.599128,-8.822861,"Hotel de 4 estrelas in Caldas da Rainha, Portugal",https://www.google.com/maps/place/Dolinas+Climbing+Hotel/data=!4m10!3m9!1s0xd189f70d0c9fe5b:0xd4fecea5a71d675d!5m2!4m1!1i2!8m2!3d39.599128!4d-8.822861!16s%2Fg%2F11sjygs2r0!19sChIJW_7J0HCfGA0RXWcdp6XO_tQ?authuser=0&hl=pt-BR&rclk=1,No,,
Dim,,,"R. do Sargaçalinho 22, 2530-052 Atalaia, Portugal","4,5",,PT,R. do Sargaçalinho 22,39.2359927,-9.3343393,"Hospedagem domiciliar in Caldas da Rainha, Portugal",https://www.google.com/maps/place/Dim/data=!4m7!3m6!1s0xd1f378909eaf62d:0xf102d09d0eb95f2e!8m2!3d39.2359927!4d-9.3343393!16s%2Fg%2F11vkqvrllk!19sChIJLfbqCYk3Hw0RLl-5Dp3QAvE?authuser=0&hl=pt-BR&rclk=1,No,Hospedagem domiciliar,
Lili & Tom beach house,,,"Av. da Praia 47 2520, Ferrel, Portugal","5,0",1,PT,Av. da Praia 47 2520,39.3669065,-9.3366184,"Hospedagem domiciliar in Caldas da Rainha, Portugal",https://www.google.com/maps/place/Lili+%26+Tom+beach+house/data=!4m7!3m6!1s0xd1f4facdb6ac359:0x36acbd6fcbb63b74!8m2!3d39.3669065!4d-9.3366184!16s%2Fg%2F11rq0k6vt5!19sChIJWcNq26xPHw0RdDu2y2-9rDY?authuser=0&hl=pt-BR&rclk=1,No,Hospedagem domiciliar,
Haryana,,'+351920503986,"Praça do Município 10, 2540-046 Bombarral, Portugal",,,PT,Praça do Município 10,39.2684345,-9.1547603,"Hospedagem domiciliar in Caldas da Rainha, Portugal",https://www.google.com/maps/place/Haryana/data=!4m7!3m6!1s0xd18cb7675bd19a5:0x6c9c5f8eaf23529b!8m2!3d39.2684345!4d-9.1547603!16s%2Fg%2F11s_wwg873!19sChIJpRm9dXbLGA0Rm1Ijr45fnGw?authuser=0&hl=pt-BR&rclk=1,No,Hospedagem domiciliar,
Djob,,,"R. de São João 29, 2520-225 Peniche, Portugal",,,PT,R. de São João 29,39.366235,-9.37627,"Hospedagem domiciliar in Caldas da Rainha, Portugal",https://www.google.com/maps/place/Djob/data=!4m7!3m6!1s0xd1f4500038ca325:0xef09682f324b7234!8m2!3d39.366235!4d-9.37627!16s%2Fg%2F11x02rx_lc!19sChIJJaOMAwBFHw0RNHJLMi9oCe8?authuser=0&hl=pt-BR&rclk=1,No,Hospedagem domiciliar,
Villa de Golfo 31-1,,,"R. Jósefa de Obidós 31 1, Praia D'el Rey, 2510-451 Amoreira, Portugal",,,PT,Praia D'el Rey,39.3910554,-9.2801004,"Hospedagem domiciliar in Caldas da Rainha, Portugal",https://www.google.com/maps/place/Villa+de+Golfo+31-1/data=!4m7!3m6!1s0xd1f4f802cb53a67:0x2687c8923b9bc46d!8m2!3d39.3910554!4d-9.2801004!16s%2Fg%2F11y1tbn61z!19sChIJZzq1LIBPHw0RbcSbO5LIhyY?authuser=0&hl=pt-BR&rclk=1,No,Hospedagem domiciliar,
Montebelo,,,"R. Araújo Guimarães 20, 2460 Alcobaça, Portugal",,,PT,R. Araújo Guimarães 20,39.5496255,-8.9784242,"Hospedagem domiciliar in Caldas da Rainha, Portugal",https://www.google.com/maps/place/Montebelo/data=!4m7!3m6!1s0xd18a5002a6e53d7:0x388dccb17b31a56b!8m2!3d39.5496255!4d-8.9784242!16s%2Fg%2F11xtq0mqqq!19sChIJ11NuKgClGA0Ra6Uxe7HMjTg?authuser=0&hl=pt-BR&rclk=1,No,Hospedagem domiciliar,
Santa Maria do Mar Guest House,,'+351918857108,"Largo dos Remédios nº25, 2520-641 Peniche, Portugal","4,4",,PT,Largo dos Remédios nº25,39.3659222,-9.4019392,"Hotel de 2 estrelas in Caldas da Rainha, Portugal",https://www.google.com/maps/place/Santa+Maria+do+Mar+Guest+House/data=!4m10!3m9!1s0xd1f45cfbd9ed0c5:0xb6d361fe06751341!5m2!4m1!1i2!8m2!3d39.3659222!4d-9.4019392!16s%2Fg%2F1q62m_y6k!19sChIJxdCevc9FHw0RQRN1Bv5h07Y?authuser=0&hl=pt-BR&rclk=1,No,,
Peniche Hostel - Backpackers,,'+351936012628,"R. Arquitecto Paulino Montez 6, 2520-293 Peniche, Portugal","4,5",,PT,R. Arquitecto Paulino Montez 6,39.3596663,-9.3787746,"Albergue in Caldas da Rainha, Portugal",https://www.google.com/maps/place/Peniche+Hostel+-+Backpackers/data=!4m10!3m9!1s0xd1f45e3362c6f15:0xa5f49ed0a1c72d1!5m2!4m1!1i2!8m2!3d39.3596663!4d-9.3787746!16s%2Fg%2F11f5lybc2_!19sChIJFW8sNuNFHw0R0XIcCu1JXwo?authuser=0&hl=pt-BR&rclk=1,No,,
"Casa de Ferreiros, Refoios do Lima, Ponte de Lima",,,"EM523 105, 4990-690, Portugal","4,7",,PT,EM523 105,41.7963123,-8.5442472,"Hospedaria in Vila Verde, Portugal","https://www.google.com/maps/place/Casa+de+Ferreiros,+Refoios+do+Lima,+Ponte+de+Lima/data=!4m7!3m6!1s0xd25a659369087fb:0xc308137496e58384!8m2!3d41.7963123!4d-8.5442472!16s%2Fg%2F11g8xf7v5d!19sChIJ-4eQNlmmJQ0RhIPllnQTCMM?authuser=0&hl=pt-BR&rclk=1",No,Hospedaria,
Casa do Lugar de Paços,,'+351253361101,"Av. Afonso Manuel ° 681, 4720-249 Caldelas, Portugal","4,2",,PT,Av. Afonso Manuel ° 681,41.6675246,-8.376314,"Hospedaria in Vila Verde, Portugal",https://www.google.com/maps/place/Casa+do+Lugar+de+Pa%C3%A7os/data=!4m10!3m9!1s0xd25028bd88e59eb:0x4c4d6465d713901a!5m2!4m1!1i2!8m2!3d41.6675246!4d-8.376314!16s%2Fg%2F1tj9vmcd!19sChIJ61mO2IsCJQ0RGpAT12VkTUw?authuser=0&hl=pt-BR&rclk=1,No,,
Restaurante Hotel Troia,,'+351253993240,"R. 25 de Abril 27, 4720-393 Ferreiros, Portugal","4,3",,PT,R. 25 de Abril 27,41.6309929,-8.3590336,"Hotel de 3 estrelas in Vila Verde, Portugal",https://www.google.com/maps/place/Restaurante+Hotel+Troia/data=!4m10!3m9!1s0xd25028bd88e5fd3:0x2039461ed49f7107!5m2!4m1!1i2!8m2!3d41.6309929!4d-8.3590336!16s%2Fg%2F1tf88cct!19sChIJ01-O2IsCJQ0RB3Gf1B5GOSA?authuser=0&hl=pt-BR&rclk=1,No,,
Tivoli Estela Golf & Lodges Porto,,,"Rio Alto km 13 km 13, 4570-275 Estela, Portugal","4,8",,PT,Rio Alto km 13 km 13,41.463449,-8.772803,"Hotel in Vila Verde, Portugal",https://www.google.com/maps/place/Tivoli+Estela+Golf+%26+Lodges+Porto/data=!4m10!3m9!1s0xd2448e0549edbd5:0x9b8c755ba2f6ea22!5m2!4m1!1i2!8m2!3d41.463449!4d-8.772803!16s%2Fg%2F11wjq19tx_!19sChIJ1dueVOBIJA0RIur2olt1jJs?authuser=0&hl=pt-BR&rclk=1,No,,
Hotel do Parque,,,"Bom Jesus do Monte, 4715-056 Braga, Portugal","4,4",,PT,Bom Jesus do Monte,41.555647,-8.376656,"Hotel de 4 estrelas in Vila Verde, Portugal",https://www.google.com/maps/place/Hotel+do+Parque/data=!4m10!3m9!1s0xd24fc3fcf7b0f63:0xff28c17ce70ff45c!5m2!4m1!1i2!8m2!3d41.555647!4d-8.376656!16s%2Fg%2F1th252gm!19sChIJYw97zz_8JA0RXPQP53zBKP8?authuser=0&hl=pt-BR&rclk=1,No,,
Casa do Riacho - Alojamento local,,,"Rua Manuel Rodrigues Areia 118, Marinhas, Portugal","4,7",,PT,Rua Manuel Rodrigues Areia 118,41.5441524,-8.7663153,"Hospedagem domiciliar in Vila Verde, Portugal",https://www.google.com/maps/place/Casa+do+Riacho+-+Alojamento+local/data=!4m10!3m9!1s0xd244b000246f1e9:0x9322636be4bde42a!5m2!4m1!1i2!8m2!3d41.5441524!4d-8.7663153!16s%2Fg%2F11yc1p1c9b!19sChIJ6fFGAgBLJA0RKuS95GtjIpM?authuser=0&hl=pt-BR&rclk=1,No,,
Casa do Colmeal,,'+351960252121,"R. Raposeira 350, 4840-030, Portugal","5,0",,PT,R. Raposeira 350,41.760669,-8.1930206,"Hospedagem domiciliar in Vila Verde, Portugal",https://www.google.com/maps/place/Casa+do+Colmeal/data=!4m7!3m6!1s0xd2519f1e1799d63:0x1d99c02857e4d5cb!8m2!3d41.760669!4d-8.1930206!16s%2Fg%2F11qbh07xpd!19sChIJY5154fEZJQ0Ry9XkVyjAmR0?authuser=0&hl=pt-BR&rclk=1,No,Hospedagem domiciliar,
Refúgio das carvalhas,,,"EM595 393, Portugal","5,0",,PT,EM595 393,41.6482187,-8.2358291,"Hospedagem domiciliar in Vila Verde, Portugal",https://www.google.com/maps/place/Ref%C3%BAgio+das+carvalhas/data=!4m7!3m6!1s0xd251d14065bb6c3:0x5f569b0d4e6d6830!8m2!3d41.6482187!4d-8.2358291!16s%2Fg%2F11ksvmxrf6!19sChIJw7ZbBhQdJQ0RMGhtTg2bVl8?authuser=0&hl=pt-BR&rclk=1,No,Hospedagem domiciliar,
Assossego House-Gerês,,,"CM1274 40, 4845-013, Portugal","4,4",,PT,CM1274 40,41.670997,-8.1914191,"Hospedagem domiciliar in Vila Verde, Portugal",https://www.google.com/maps/place/Assossego+House-Ger%C3%AAs/data=!4m7!3m6!1s0xd251f050d599105:0x10a0f4b1296f5db3!8m2!3d41.670997!4d-8.1914191!16s%2Fg%2F11s5gvhfln!19sChIJBZFZDQUfJQ0Rs11vKbH0oBA?authuser=0&hl=pt-BR&rclk=1,No,Hospedagem domiciliar,
Casa Miradouro,,,"Ventosa, Portugal","5,0",1,PT,Ventosa,41.6687016,-8.1740457,"Hospedagem domiciliar in Vila Verde, Portugal",https://www.google.com/maps/place/Casa+Miradouro/data=!4m7!3m6!1s0xd251f84b75567cd:0x6ddbe9ac8956a3b1!8m2!3d41.6687016!4d-8.1740457!16s%2Fg%2F11sx0d62ch!19sChIJzWdVt4QfJQ0RsaNWiazp220?authuser=0&hl=pt-BR&rclk=1,No,Hospedagem domiciliar,
Quinta dos Castanheiros,,,"PC7W+CR, Queijada, Portugal","5,0",,PT,PC7W+CR,41.7135291,-8.5528781,"Hospedagem domiciliar in Vila Verde, Portugal",https://www.google.com/maps/place/Quinta+dos+Castanheiros/data=!4m7!3m6!1s0xd25a9519a4b6415:0xb30827258cc7ae50!8m2!3d41.7135291!4d-8.5528781!16s%2Fg%2F11s5391ycy!19sChIJFWRLmlGpJQ0RUK7HjCUnCLM?authuser=0&hl=pt-BR&rclk=1,No,Hospedagem domiciliar,
Casa do Canto,,'+351912520210,"R. da Veiga 73, 4980-016, Portugal",,,PT,R. da Veiga 73,41.7769255,-8.3553486,"Hospedagem domiciliar in Vila Verde, Portugal",https://www.google.com/maps/place/Casa+do+Canto/data=!4m7!3m6!1s0xd250f0699c46725:0xc95d2e900a59d5cd!8m2!3d41.7769255!4d-8.3553486!16s%2Fg%2F11mw7rdfzv!19sChIJJWfEmQYPJQ0RzdVZCpAuXck?authuser=0&hl=pt-BR&rclk=1,No,Hospedagem domiciliar,
Casa do Soldadinho de Chumbo,,,"Travessa da Armada 271, 4990-233 Arcozelo, Portugal","1,0",,PT,Travessa da Armada 271,41.7987696,-8.5851954,"Hospedagem domiciliar in Vila Verde, Portugal",https://www.google.com/maps/place/Casa+do+Soldadinho+de+Chumbo/data=!4m7!3m6!1s0xd25a50013301819:0x19eb379fb14cbdd1!8m2!3d41.7987696!4d-8.5851954!16s%2Fg%2F11wwh0825j!19sChIJGRgwEwClJQ0R0b1MsZ836xk?authuser=0&hl=pt-BR&rclk=1,No,Hospedagem domiciliar,
Casinhas dona isabel,,,"Av. Prof. Dr. Eng. Eugénio Castro Caldas 155, 4970 Arcos de Valdevez, Portugal","1,0",1,PT,Av. Prof. Dr. Eng. Eugénio Castro Caldas 155,41.8443213,-8.4125149,"Albergue in Vila Verde, Portugal",https://www.google.com/maps/place/Casinhas+dona+isabel/data=!4m10!3m9!1s0xd2509001180fd0b:0x7dff773e413fc81c!5m2!4m1!1i2!8m2!3d41.8443213!4d-8.4125149!16s%2Fg%2F11zjhx2_x7!19sChIJC_2AEQAJJQ0RHMg_QT53_30?authuser=0&hl=pt-BR&rclk=1,No,,
Casal da Juge,,'+351918944765,"Estrada da Sapeira, Casal da Juge, 2350-619 Torres Novas, Portugal","4,4",,PT,Casal da Juge,39.4737535,-8.5143054,"Hotel de 5 estrelas in Ourém, Portugal",https://www.google.com/maps/place/Casal+da+Juge/data=!4m10!3m9!1s0xd1888453b0ec775:0x3709af63e2c9b369!5m2!4m1!1i2!8m2!3d39.4737535!4d-8.5143054!16s%2Fg%2F11cs6lcfls!19sChIJdccOO0WIGA0RabPJ4mOvCTc?authuser=0&hl=pt-BR&rclk=1,No,,
Hotel Segredos de Vale Manso,,'+351917147964,"Rua de Vale Manso, 2200-601 Aldeia do Mato, Portugal","4,3",,PT,Rua de Vale Manso,39.5457149,-8.2925212,"Hotel Resort in Ourém, Portugal",https://www.google.com/maps/place/Hotel+Segredos+de+Vale+Manso/data=!4m10!3m9!1s0xd187749bfbcfa55:0x2cc1a52b401d9cb1!5m2!4m1!1i2!8m2!3d39.5457149!4d-8.2925212!16s%2Fg%2F1td7vf_t!19sChIJVfq8v0l3GA0RsZwdQCulwSw?authuser=0&hl=pt-BR&rclk=1,No,,
CASA DONA MARIA JOAO TOMAR,,,"N349-3 31 21, Tomar, Portugal",,,PT,N349-3 31 21,39.5937149,-8.4291615,"Hospedagem domiciliar in Ourém, Portugal",https://www.google.com/maps/place/CASA+DONA+MARIA+JOAO+TOMAR/data=!4m7!3m6!1s0xd187f0028c658fd:0xa96a5a491a1cd362!8m2!3d39.5937149!4d-8.4291615!16s%2Fg%2F11z0_jcvw_!19sChIJ_VjGKAB_GA0RYtMcGklaaqk?authuser=0&hl=pt-BR&rclk=1,No,Hospedagem domiciliar,
Helder Amado,,,"R. do Seminário 455 2380, Serra de Santo António, Portugal",,,PT,R. do Seminário 455 2380,39.516727,-8.728492,"Hospedagem domiciliar in Ourém, Portugal",https://www.google.com/maps/place/Helder+Amado/data=!4m7!3m6!1s0xd189b542617ea11:0x88c31bfb5ca49914!8m2!3d39.516727!4d-8.728492!16s%2Fg%2F11rrj7myvz!19sChIJEeoXJlSbGA0RFJmkXPsbw4g?authuser=0&hl=pt-BR&rclk=1,No,Hospedagem domiciliar,
Hotel Sinagoga,,'+351249323083,"R. Gil Avô, 2300-580 Tomar, Portugal","3,5",,PT,R. Gil Avô,39.604535,-8.414537,"Hotel de 2 estrelas in Ourém, Portugal",https://www.google.com/maps/place/Hotel+Sinagoga/data=!4m10!3m9!1s0xd187ebccb909a47:0x1f767017d6087cd2!5m2!4m1!1i2!8m2!3d39.604535!4d-8.414537!16s%2Fg%2F1wk7s3k7!19sChIJR5qQy7x-GA0R0nwI1hdwdh8?authuser=0&hl=pt-BR&rclk=1,No,,
Vila do Covil,,,"Rua Principal 138, 2300-063, Portugal","5,0",,PT,Rua Principal 138,39.6265251,-8.2766476,"Albergue in Ourém, Portugal",https://www.google.com/maps/place/Vila+do+Covil/data=!4m10!3m9!1s0xd18770030dbce8f:0xa5e995c87c97a16!5m2!4m1!1i2!8m2!3d39.6265251!4d-8.2766476!16s%2Fg%2F11xdvggb80!19sChIJj87bMAB3GA0RFnrJh1yZXgo?authuser=0&hl=pt-BR&rclk=1,No,,
Refúgio do Prado,,'+351915827776,"Casal Cordeiro 10, 2305-310, Portugal","5,0",,PT,Casal Cordeiro 10,39.6415424,-8.3986338,"Albergue in Ourém, Portugal",https://www.google.com/maps/place/Ref%C3%BAgio+do+Prado/data=!4m10!3m9!1s0xd1879cce38c5c3b:0xb0e06de76457a572!5m2!4m1!1i2!8m2!3d39.6415424!4d-8.3986338!16s%2Fg%2F11lmc5g_dn!19sChIJO1yM48x5GA0RcqVXZOdt4LA?authuser=0&hl=pt-BR&rclk=1,No,,
Casita da Floresta,,'+351916492264,"Estr. das Indústrias 1018, 2240-426, Portugal","4,3",,PT,Estr. das Indústrias 1018,39.688746,-8.311919,"Albergue in Ourém, Portugal",https://www.google.com/maps/place/Casita+da+Floresta/data=!4m10!3m9!1s0xd2283aad7aec281:0xe378e29ad5e683b1!5m2!4m1!1i2!8m2!3d39.688746!4d-8.311919!16s%2Fg%2F11l1dc1nyd!19sChIJgcKu16qDIg0RsYPm1ZrieOM?authuser=0&hl=pt-BR&rclk=1,No,,
Wakevilla Guest House,,'+351910925262,"de Tomar PT, Vale da Menina s/n, 2300-256 Serra, Portugal","5,0",,PT,Vale da Menina s/n,39.5739152,-8.2798345,"Albergue in Ourém, Portugal",https://www.google.com/maps/place/Wakevilla+Guest+House/data=!4m10!3m9!1s0xd1871d8f9259fb9:0xda493978453af40!5m2!4m1!1i2!8m2!3d39.5739152!4d-8.2798345!16s%2Fg%2F11x764771t!19sChIJuZ8l-dhxGA0RQK9ThJeTpA0?authuser=0&hl=pt-BR&rclk=1,No,,
Hostel Pearl,,'+351927871010,"Largo Engenheiro sarreia prado 1, 8500-534 Portimão, Portugal","4,5",,PT,Largo Engenheiro sarreia prado 1,37.1441958,-8.5379514,"Albergue in Albufeira, Portugal",https://www.google.com/maps/place/Hostel+Pearl/data=!4m10!3m9!1s0xd1b296f12147633:0x612939509317a5d9!5m2!4m1!1i2!8m2!3d37.1441958!4d-8.5379514!16s%2Fg%2F11x6x3p17g!19sChIJM3YUEm8pGw0R2aUXk1A5KWE?authuser=0&hl=pt-BR&rclk=1,No,,
Casa de São Marcos Alojamento,,'+351275982420,"R. Q.ta de São Fernando, 6260-175 Manteigas, Portugal","4,5",,PT,R. Q.ta de São Fernando,40.4036399,-7.5363158,"Hospedaria in Guarda, Portugal",https://www.google.com/maps/place/Casa+de+S%C3%A3o+Marcos+Alojamento/data=!4m10!3m9!1s0xd3cd9385b2ddf8f:0x81a4ca468bc18268!5m2!4m1!1i2!8m2!3d40.4036399!4d-7.5363158!16s%2Fg%2F11mvyyrld4!19sChIJj98tWzjZPA0RaILBi0bKpIE?authuser=0&hl=pt-BR&rclk=1,No,,
Residencial Parque,,'+351271742197,"R. Sacadura Cabral, 6360-331 Celorico da Beira, Portugal","3,7",,PT,R. Sacadura Cabral,40.6344733,-7.3943761,"Hotel de 3 estrelas in Guarda, Portugal",https://www.google.com/maps/place/Residencial+Parque/data=!4m10!3m9!1s0xd3cebb9bbaded71:0xaad1cdbfe74a3f4!5m2!4m1!1i2!8m2!3d40.6344733!4d-7.3943761!16s%2Fg%2F1tdl7f6c!19sChIJce2tu7nrPA0R9KN0_tscrQo?authuser=0&hl=pt-BR&rclk=1,No,,
Casa das Fragas,,'+351918746604,"Av. das Tílias Nº8, 6370-341, Portugal","4,6",,PT,Av. das Tílias Nº8,40.6804387,-7.4703961,"Hotel de 4 estrelas in Guarda, Portugal",https://www.google.com/maps/place/Casa+das+Fragas/data=!4m10!3m9!1s0xd3cc04d8b42b1f9:0x650576e51eeb5f92!5m2!4m1!1i2!8m2!3d40.6804387!4d-7.4703961!16s%2Fg%2F11b5ys4fnh!19sChIJ-bFCi03APA0Rkl_rHuV2BWU?authuser=0&hl=pt-BR&rclk=1,No,,
Casa Jurada,,,"Espedrada, Pinhel, Portugal","5,0",,PT,Espedrada,40.6730383,-7.1928776,"Hospedagem domiciliar in Guarda, Portugal",https://www.google.com/maps/place/Casa+Jurada/data=!4m7!3m6!1s0xd3cf30023277283:0x3f086112524b92a3!8m2!3d40.6730383!4d-7.1928776!16s%2Fg%2F11vyx512pt!19sChIJg3InIwDzPA0Ro5JLUhJhCD8?authuser=0&hl=pt-BR&rclk=1,No,Hospedagem domiciliar,
Vale da urra,,,"R. do Cabeço, Portugal",,,PT,R. do Cabeço,40.4929718,-7.1900291,"Hospedagem domiciliar in Guarda, Portugal",https://www.google.com/maps/place/Vale+da+urra/data=!4m7!3m6!1s0xd3cfb1f10ea8fc5:0x7dcb3ae6d23e04d!8m2!3d40.4929718!4d-7.1900291!16s%2Fg%2F11ksl1blt9!19sChIJxY_qEB_7PA0RTeAjba6z3Ac?authuser=0&hl=pt-BR&rclk=1,No,Hospedagem domiciliar,
Alojamento Santa Clara - Double Room,,,"Manteigas, Portugal",,,PT,Manteigas,40.4050903,-7.5237899,"Hospedagem domiciliar in Guarda, Portugal",https://www.google.com/maps/place/Alojamento+Santa+Clara+-+Double+Room/data=!4m11!3m10!1s0xd3cdf4ca7228e8d:0x4864c43c20cc9ba5!5m2!4m1!1i2!8m2!3d40.4050903!4d-7.5237899!16s%2Fg%2F11z5qsdfxf!17BQ0FF!19sChIJjY4ip0zfPA0RpZvMIDzEZEg?authuser=0&hl=pt-BR&rclk=1,No,,
CASA DA CALÇADA,,'+351963121130,"6320-536 Sortelha, Portugal","3,0",,PT,,40.3302543,-7.2108946,"Hospedagem domiciliar in Guarda, Portugal",https://www.google.com/maps/place/CASA+DA+CAL%C3%87ADA/data=!4m10!3m9!1s0xd3d03007f00cefd:0x2f17ed75c43f7eb5!5m2!4m1!1i2!8m2!3d40.3302543!4d-7.2108946!16s%2Fg%2F11yy_f30rs!19sChIJ_c4AfwADPQ0RtX4_xHXtFy8?authuser=0&hl=pt-BR&rclk=1,No,,
Quinta da Bravinha,,'+351939388112,"Rua da Passagem, St Ildefonso, 3550-071, Portugal","5,0",,PT,St Ildefonso,40.6855226,-7.6718851,"Hospedagem domiciliar in Guarda, Portugal",https://www.google.com/maps/place/Quinta+da+Bravinha/data=!4m7!3m6!1s0xd3cc97d5940233f:0xb25f2343791d93bb!8m2!3d40.6855226!4d-7.6718851!16s%2Fg%2F11r9s409wr!19sChIJPyNAWX3JPA0Ru5MdeUMjX7I?authuser=0&hl=pt-BR&rclk=1,No,Hospedagem domiciliar,
Home dos Pets,,,"São Pedro de France, Portugal",,,PT,São Pedro de France,40.7245087,-7.7798416,"Hospedagem domiciliar in Guarda, Portugal",https://www.google.com/maps/place/Home+dos+Pets/data=!4m7!3m6!1s0xd3cb50068bf78c5:0xe75ad0a695b103c1!8m2!3d40.7245087!4d-7.7798416!16s%2Fg%2F11nr33spcx!19sChIJxXi_aAC1PA0RwQOxlabQWuc?authuser=0&hl=pt-BR&rclk=1,No,Hospedagem domiciliar,
Casa do Souto - Alojamento Local no Douro,,,"R. do Eiró, 5110-051, Portugal",,,PT,R. do Eiró,40.2865364,-6.8917643,"Hospedagem domiciliar in Guarda, Portugal",https://www.google.com/maps/place/Casa+do+Souto+-+Alojamento+Local+no+Douro/data=!4m7!3m6!1s0xd3db106c8b25d19:0x75b11d95e462523e!8m2!3d40.2865364!4d-6.8917643!16s%2Fg%2F11ty2xx2rq!19sChIJGV2yyAaxPQ0RPlJi5JUdsXU?authuser=0&hl=pt-BR&rclk=1,No,Hospedagem domiciliar,
AtHome,,'+351964029383,"Mangualde, 3530-000 Viseu, Portugal",,,PT,Mangualde,40.6083723,-7.7664152,"Hospedagem domiciliar in Guarda, Portugal",https://www.google.com/maps/place/AtHome/data=!4m7!3m6!1s0xd3ccd207c57a823:0xafc6dd8ab48566e0!8m2!3d40.6083723!4d-7.7664152!16s%2Fg%2F11s8_f24g8!19sChIJI6hXfCDNPA0R4GaFtIrdxq8?authuser=0&hl=pt-BR&rclk=1,No,Hospedagem domiciliar,
Hotel Ibis Guimarães,,,"Nº De Registo:298, Av. Conde de Margaride 12, 4810-537 Guimarães, Portugal","4,0",,PT,Av. Conde de Margaride 12,41.441618,-8.302267,"Hotel de 2 estrelas in Guarda, Portugal",https://www.google.com/maps/place/Hotel+Ibis+Guimar%C3%A3es/data=!4m10!3m9!1s0xd24efe75cbf0159:0xaef2c58c632f8a41!5m2!4m1!1i2!8m2!3d41.441618!4d-8.302267!16s%2Fg%2F1tf726kq!19sChIJWQG_XOfvJA0RQYovY4zF8q4?authuser=0&hl=pt-BR&rclk=1,No,,
"N°7 Sacadura Cabral, Guarda",,'+351963843482,"R. Sacadura Cabral 7, 6300-751 Guarda, Portugal","4,7",,PT,R. Sacadura Cabral 7,40.538797,-7.2681689,"Albergue in Guarda, Portugal","https://www.google.com/maps/place/N%C2%B07+Sacadura+Cabral,+Guarda/data=!4m10!3m9!1s0xd3ce50c26544299:0xf709257e81b27847!5m2!4m1!1i2!8m2!3d40.538797!4d-7.2681689!16s%2Fg%2F11k41m3d92!19sChIJmUJUJgzlPA0RR3iygX4lCfc?authuser=0&hl=pt-BR&rclk=1",No,,
Casa aldeia da serra,,'+351967493145,"Rua de Santo António 65, Aldeia da Serra, 6360-319 Celorico da Beira, Portugal","5,0",,PT,Aldeia da Serra,40.6153907,-7.3798081,"Albergue in Guarda, Portugal",https://www.google.com/maps/place/Casa+aldeia+da+serra/data=!4m10!3m9!1s0xd3ce9000ce2efef:0x37cebaf2699ca76d!5m2!4m1!1i2!8m2!3d40.6153907!4d-7.3798081!16s%2Fg%2F11ldjxhzcz!19sChIJ7-_iDADpPA0RbaecafK6zjc?authuser=0&hl=pt-BR&rclk=1,No,,
Casa frade,,'+351966898111,"R. do Lavadouro 2, 6270-151 Sabugueiro, Portugal","3,7",,PT,R. do Lavadouro 2,40.4019482,-7.6396235,"Albergue in Guarda, Portugal",https://www.google.com/maps/place/Casa+frade/data=!4m10!3m9!1s0xd3cd7a8cf33c871:0xd3694e54640b3104!5m2!4m1!1i2!8m2!3d40.4019482!4d-7.6396235!16s%2Fg%2F11p67k6nyy!19sChIJccgzz6jXPA0RBDELZFROadM?authuser=0&hl=pt-BR&rclk=1,No,,
Residencial Florinda - Antonio Teixeira,,'+351276326577,"R. Açougues 15, 5400-021 Chaves, Portugal","3,5",,PT,R. Açougues 15,41.7405711,-7.4723771,"Hospedaria in Chaves, Portugal",https://www.google.com/maps/place/Residencial+Florinda+-+Antonio+Teixeira/data=!4m10!3m9!1s0xd3ade6671e67815:0xf9af093dbd3391ff!5m2!4m1!1i2!8m2!3d41.7405711!4d-7.4723771!16s%2Fg%2F11bbrk3tyq!19sChIJFXjmcWbeOg0R_5EzvT0Jr_k?authuser=0&hl=pt-BR&rclk=1,No,,
Casa de férias,,,"Largo Mercado 13A, 5425-304 Vidago, Portugal",,,PT,Largo Mercado 13A,41.6403811,-7.5721684,"Hospedaria in Chaves, Portugal",https://www.google.com/maps/place/Casa+de+f%C3%A9rias/data=!4m7!3m6!1s0xd3b27a8a1cdfb4f:0xdd8b80efd3251817!8m2!3d41.6403811!4d-7.5721684!16s%2Fg%2F11fy19qzv1!19sChIJT_vNoagnOw0RFxgl0--Ai90?authuser=0&hl=pt-BR&rclk=1,No,Hospedaria,
Petrus Hotel,,'+351276351500,"Ed. Solar Flaviense, R. Família de Camões no 20, 5400-239 Chaves, Portugal","3,8",,PT,R. Família de Camões no 20,41.7386111,-7.4711111,"Hospedaria in Chaves, Portugal",https://www.google.com/maps/place/Petrus+Hotel/data=!4m10!3m9!1s0xd3ade4f22c4af3d:0xa3fed776b62c8800!5m2!4m1!1i2!8m2!3d41.7386111!4d-7.4711111!16s%2Fg%2F1td8_dx7!19sChIJPa_EIk_eOg0RAIgstnbX_qM?authuser=0&hl=pt-BR&rclk=1,No,,
Casa dos Covelos - Beach & Country Villas,,'+351912347788,"Ribeira de Pena, Portugal","4,9",,PT,Ribeira de Pena,41.5188287,-7.7911049,"Hospedaria in Chaves, Portugal",https://www.google.com/maps/place/Casa+dos+Covelos+-+Beach+%26+Country+Villas/data=!4m7!3m6!1s0xd24d2c984867c47:0x71011588bd8138e8!8m2!3d41.5188287!4d-7.7911049!16s%2Fg%2F11c54cgwq4!19sChIJR3yGhMnSJA0R6DiBvYgVAXE?authuser=0&hl=pt-BR&rclk=1,No,Hospedaria,
Casa Santa Catarina,,'+351964303379,"R. Mijareta 906, 5470-226 Montalegre, Portugal","4,4",,PT,R. Mijareta 906,41.82273,-7.7832375,"Hotel de 3 estrelas in Chaves, Portugal",https://www.google.com/maps/place/Casa+Santa+Catarina/data=!4m10!3m9!1s0xd3acd5260d06765:0x450d0fed7996fd35!5m2!4m1!1i2!8m2!3d41.82273!4d-7.7832375!16s%2Fg%2F11f8_k5b29!19sChIJZWfQYFLNOg0RNf2Wee0PDUU?authuser=0&hl=pt-BR&rclk=1,No,,
O Resineiro,,'+351276907312,"N2, 5445-323 Vidago, Portugal","4,2",,PT,N2,41.6412105,-7.5745354,"Hotel de 3 estrelas in Chaves, Portugal",https://www.google.com/maps/place/O+Resineiro/data=!4m10!3m9!1s0xd3b27a895030aad:0x80686b6b9df50df6!5m2!4m1!1i2!8m2!3d41.6412105!4d-7.5745354!16s%2Fg%2F11x9kcj31!19sChIJrQoDlagnOw0R9g31nWtraIA?authuser=0&hl=pt-BR&rclk=1,No,,
Quarto Marrocos,,'+351910934205,"Rua Cândido dos Reis - Edifício Marrocos, 5º E, 5400-114 Chaves, Portugal","4,5",,PT,5º E,41.7411143,-7.4685451,"Hotel de 3 estrelas in Chaves, Portugal",https://www.google.com/maps/place/Quarto+Marrocos/data=!4m10!3m9!1s0xd3ade68d1e7c9b3:0x4ad3ff75675e6bab!5m2!4m1!1i2!8m2!3d41.7411143!4d-7.4685451!16s%2Fg%2F11f4wtkkk8!19sChIJs8nn0WjeOg0Rq2teZ3X_00o?authuser=0&hl=pt-BR&rclk=1,No,,
Anevan Alojamento Local,,'+351935540800,"Estr. Nacional Nº 2 nº154 A, 5425-323 Vidago, Portugal","4,8",,PT,Estr. Nacional Nº 2 nº154 A,41.6396326,-7.5723909,"Hotel de 3 estrelas in Chaves, Portugal",https://www.google.com/maps/place/Anevan+Alojamento+Local/data=!4m10!3m9!1s0xd3b275db91b355d:0x755686964c9b42a7!5m2!4m1!1i2!8m2!3d41.6396326!4d-7.5723909!16s%2Fg%2F11fmd9d39r!19sChIJXTUbuV0nOw0Rp0KbTJaGVnU?authuser=0&hl=pt-BR&rclk=1,No,,
Solar de Oura,,'+351276999070,"5425-206 Oura, Portugal","4,5",,PT,,41.6177846,-7.5638925,"Hotel de 3 estrelas in Chaves, Portugal",https://www.google.com/maps/place/Solar+de+Oura/data=!4m10!3m9!1s0xd3b26f6c1f38d8f:0x6ef270f9fe56c603!5m2!4m1!1i2!8m2!3d41.6177846!4d-7.5638925!16s%2Fg%2F12hn3qgvh!19sChIJj43zwfYmOw0RA8ZW_vlw8m4?authuser=0&hl=pt-BR&rclk=1,No,,
Casa Zé Maria,,'+351276512457,"R. Vitor Branco 3, 5470-242 Montalegre, Portugal","3,8",,PT,R. Vitor Branco 3,41.8246115,-7.7907759,"Hotel de 3 estrelas in Chaves, Portugal",https://www.google.com/maps/place/Casa+Z%C3%A9+Maria/data=!4m10!3m9!1s0xd2532b1f9295f27:0x9889276ab8397536!5m2!4m1!1i2!8m2!3d41.8246115!4d-7.7907759!16s%2Fg%2F119tzdqq_!19sChIJJ18p-bEyJQ0RNnU5uGoniZg?authuser=0&hl=pt-BR&rclk=1,No,,
CASA DE FRANCE,,'+351912134580,"R. Santa Bárbara nº 6, 5400-643 France, Portugal","4,0",,PT,R. Santa Bárbara nº 6,41.6496752,-7.4729544,"Hotel de 3 estrelas in Chaves, Portugal",https://www.google.com/maps/place/CASA+DE+FRANCE/data=!4m10!3m9!1s0xd3b205aef5814c3:0x1b9ab759b17402fb!5m2!4m1!1i2!8m2!3d41.6496752!4d-7.4729544!16s%2Fg%2F1w456x9k!19sChIJwxRY71ogOw0R-wJ0sVm3mhs?authuser=0&hl=pt-BR&rclk=1,No,,
Casa de Campo O Castelo,,'+351276518125,"Terreiro do Açougue nº1, 5470-250 Montalegre, Portugal","4,7",,PT,Terreiro do Açougue nº1,41.8261156,-7.7915704,"Hotel de 3 estrelas in Chaves, Portugal",https://www.google.com/maps/place/Casa+de+Campo+O+Castelo/data=!4m10!3m9!1s0xd2532b19c23ee53:0xbf89864b23fad590!5m2!4m1!1i2!8m2!3d41.8261156!4d-7.7915704!16s%2Fg%2F1hc1dhhmc!19sChIJU-4jnLEyJQ0RkNX6I0uGib8?authuser=0&hl=pt-BR&rclk=1,No,,
Guest,,,"R. Solidão 46, 5400 Chaves, Portugal",,,PT,R. Solidão 46,41.7354299,-7.4725552,"Hotel de 3 estrelas in Chaves, Portugal",https://www.google.com/maps/place/Guest/data=!4m10!3m9!1s0xd3adf001198a6a3:0x8749d5597f291d36!5m2!4m1!1i2!8m2!3d41.7354299!4d-7.4725552!16s%2Fg%2F11mrqz174q!19sChIJo6aYEQDfOg0RNh0pf1nVSYc?authuser=0&hl=pt-BR&rclk=1,No,,
"A Céu, tranquilidade",,'+351912193323,"Rua Cerca do Convento nº6-B Rua Cerca do Convento nº6-B, 5400-575, Portugal",,,PT,Rua Cerca do Convento nº6-B Rua Cerca do Convento nº6-B,41.723673,-7.46866,"Hotel de 3 estrelas in Chaves, Portugal","https://www.google.com/maps/place/A+C%C3%A9u,+tranquilidade/data=!4m10!3m9!1s0xd3ade4e4fb6803b:0x3d785ebecc4a397c!5m2!4m1!1i2!8m2!3d41.723673!4d-7.46866!16s%2Fg%2F11r_ngn4ly!19sChIJO4C2T07eOg0RfDlKzL5eeD0?authuser=0&hl=pt-BR&rclk=1",No,,
Hotel Casino Chaves,,'+351276309600,"Lugar do Extremo, 5400-001, Portugal","4,6",,PT,Lugar do Extremo,41.7610133,-7.4886711,"Hotel de 4 estrelas in Chaves, Portugal",https://www.google.com/maps/place/Hotel+Casino+Chaves/data=!4m10!3m9!1s0xd3adc2c025d426d:0x1432d360dfeb68d2!5m2!4m1!1i2!8m2!3d41.7610133!4d-7.4886711!16s%2Fg%2F1tp30p4d!19sChIJbUJdAizcOg0R0mjr32DTMhQ?authuser=0&hl=pt-BR&rclk=1,No,,
Casas do Fantal,,'+351278989133,"Av. São Sebastião 326, Portugal","3,8",,PT,Av. São Sebastião 326,41.5902506,-7.2354801,"Hotel de 4 estrelas in Chaves, Portugal",https://www.google.com/maps/place/Casas+do+Fantal/data=!4m10!3m9!1s0xd3b04e731018a89:0x54ec09fc7124731d!5m2!4m1!1i2!8m2!3d41.5902506!4d-7.2354801!16s%2Fg%2F11c75qw9f7!19sChIJiYoBMecEOw0RHXMkcfwJ7FQ?authuser=0&hl=pt-BR&rclk=1,No,,
Agroturismo Casal de Castro,,'+351913300384,"Largo Abílio Augusto 8, 5370-040 Avantos, Portugal","4,8",,PT,Largo Abílio Augusto 8,41.5439775,-7.0976244,"Hotel de 4 estrelas in Chaves, Portugal",https://www.google.com/maps/place/Agroturismo+Casal+de+Castro/data=!4m10!3m9!1s0xd3b07fe7ca2d287:0xd83cfe7fbfc7927!5m2!4m1!1i2!8m2!3d41.5439775!4d-7.0976244!16s%2Fg%2F11f08pspfk!19sChIJh9KifP4HOw0RJ3n8--fPgw0?authuser=0&hl=pt-BR&rclk=1,No,,
Hotel Jardim das Caldas,,'+351276331189,"Alameda Tabolado 5, 5400-523 Chaves, Portugal","3,7",,PT,Alameda Tabolado 5,41.737794,-7.470061,"Hotel de 4 estrelas in Chaves, Portugal",https://www.google.com/maps/place/Hotel+Jardim+das+Caldas/data=!4m10!3m9!1s0xd3ade6872f0c143:0x605784d9471f6729!5m2!4m1!1i2!8m2!3d41.737794!4d-7.470061!16s%2Fg%2F1tg2fsgn!19sChIJQ8HwcmjeOg0RKWcfR9mEV2A?authuser=0&hl=pt-BR&rclk=1,No,,
Casa do Sobrado,,,"Beco dos Carneiros 5, 5470-160 Gralhas, Portugal","5,0",,PT,Beco dos Carneiros 5,41.8504828,-7.7053849,"Hospedagem domiciliar in Chaves, Portugal",https://www.google.com/maps/place/Casa+do+Sobrado/data=!4m7!3m6!1s0xd3acd00509ce77b:0x59d2270098593797!8m2!3d41.8504828!4d-7.7053849!16s%2Fg%2F11n4276nf0!19sChIJe-ecUADNOg0RlzdZmAAn0lk?authuser=0&hl=pt-BR&rclk=1,No,Hospedagem domiciliar,
Casa do João Dois,,,"EM525 8, 5470, Portugal","5,0",,PT,EM525 8,41.7569082,-7.7441031,"Hospedagem domiciliar in Chaves, Portugal",https://www.google.com/maps/place/Casa+do+Jo%C3%A3o+Dois/data=!4m7!3m6!1s0xd3ad33710154d93:0x6a49f4acdd78999c!8m2!3d41.7569082!4d-7.7441031!16s%2Fg%2F11vf7y02kc!19sChIJk00VEDfTOg0RnJl43az0SWo?authuser=0&hl=pt-BR&rclk=1,No,Hospedagem domiciliar,
Nossa senhora do extremo Tourencinho,,,"R. da Quinta da Regada 3, 5450 Mesão Frio, Portugal",,,PT,R. da Quinta da Regada 3,41.5507443,-7.6007831,"Hospedagem domiciliar in Chaves, Portugal",https://www.google.com/maps/place/Nossa+senhora+do+extremo+Tourencinho/data=!4m7!3m6!1s0xd3b25005653809f:0x5f0ed6ea789ec268!8m2!3d41.5507443!4d-7.6007831!16s%2Fg%2F11zbsjthfp!19sChIJn4BTVgAlOw0RaMKeeOrWDl8?authuser=0&hl=pt-BR&rclk=1,No,Hospedagem domiciliar,
Pedras Salgadas,,,"R. Henrique Maia 118, Pedras Salgadas, Portugal",,,PT,R. Henrique Maia 118,41.545525,-7.5996681,"Hospedagem domiciliar in Chaves, Portugal",https://www.google.com/maps/place/Pedras+Salgadas/data=!4m7!3m6!1s0xd3b25006d7ca86f:0x2cdf44e214496726!8m2!3d41.545525!4d-7.5996681!16s%2Fg%2F11yyg6mvq6!19sChIJb6h8bQAlOw0RJmdJFOJE3yw?authuser=0&hl=pt-BR&rclk=1,No,Hospedagem domiciliar,
Alojamento baier,,,"N2 87 5450, Mesão Frio, Portugal","5,0",1,PT,N2 87 5450,41.537969,-7.6062846,"Hospedagem domiciliar in Chaves, Portugal",https://www.google.com/maps/place/Alojamento+baier/data=!4m7!3m6!1s0xd3b2502c098f487:0x5354c4f901df5db4!8m2!3d41.537969!4d-7.6062846!16s%2Fg%2F11rv598zy3!19sChIJh_SYwAIlOw0RtF3fAfnEVFM?authuser=0&hl=pt-BR&rclk=1,No,Hospedagem domiciliar,
Quinta da libelinha,,'+351917524412,"Contins, Mirandela, Portugal","4,7",,PT,Contins,41.530845,-7.1664605,"Hospedagem domiciliar in Chaves, Portugal",https://www.google.com/maps/place/Quinta+da+libelinha/data=!4m7!3m6!1s0xd3b09334c196bc1:0xed9053bb563a2c90!8m2!3d41.530845!4d-7.1664605!16s%2Fg%2F11vd10756d!19sChIJwWsZTDMJOw0RkCw6VrtTkO0?authuser=0&hl=pt-BR&rclk=1,No,Hospedagem domiciliar,
Exclusive Pena Rio,,,"Rua do Enxertado 10, 4870-190 Ribeira de Pena, Portugal","5,0",,PT,Rua do Enxertado 10,41.5258773,-7.8014311,"Hospedagem domiciliar in Chaves, Portugal",https://www.google.com/maps/place/Exclusive+Pena+Rio/data=!4m10!3m9!1s0xd24d3004333877f:0x89ec7d93fcac51cd!5m2!4m1!1i2!8m2!3d41.5258773!4d-7.8014311!16s%2Fg%2F11x71w4mpt!19sChIJf4czQwDTJA0RzVGs_JN97Ik?authuser=0&hl=pt-BR&rclk=1,No,,
República do Gato Preto,,,"N312 10 4870, Ribeira de Pena, Portugal","3,4",,PT,N312 10 4870,41.5268038,-7.791019,"Hospedagem domiciliar in Chaves, Portugal",https://www.google.com/maps/place/Rep%C3%BAblica+do+Gato+Preto/data=!4m7!3m6!1s0xd24d335115369fb:0x97b3b7315056430!8m2!3d41.5268038!4d-7.791019!16s%2Fg%2F11q1rqzcc6!19sChIJ-2lTETXTJA0RMGQFFXM7ewk?authuser=0&hl=pt-BR&rclk=1,No,Hospedagem domiciliar,
Casa do Apeadeiro,,,"Nuzedo, R. do Apeadeiro 2, 5459-082 Vila Pouca de Aguiar, Portugal","4,5",,PT,R. do Apeadeiro 2,41.5169521,-7.6215594,"Hospedagem domiciliar in Chaves, Portugal",https://www.google.com/maps/place/Casa+do+Apeadeiro/data=!4m10!3m9!1s0xd3b2f0000808767:0x18591b9e8724b27!5m2!4m1!1i2!8m2!3d41.5169521!4d-7.6215594!16s%2Fg%2F11xffpmtlj!19sChIJZ4eAAAAvOw0RJ0ty6LmRhQE?authuser=0&hl=pt-BR&rclk=1,No,,
Pondras - Haven Villas,,,"EM523 27 17, Pondras, Portugal",,,PT,EM523 27 17,41.698103,-7.933623,"Hospedagem domiciliar in Chaves, Portugal",https://www.google.com/maps/place/Pondras+-+Haven+Villas/data=!4m7!3m6!1s0xd25290039d87eaf:0xd81e89ff8d3d48ae!8m2!3d41.698103!4d-7.933623!16s%2Fg%2F11ydww8wzg!19sChIJr37YOQApJQ0Rrkg9jf-JHtg?authuser=0&hl=pt-BR&rclk=1,No,Hospedagem domiciliar,
Quarto Marrocos,,,"Rua Cândido dos Reis - Edifício Marrocos, 5º E, 5400-114 Chaves, Portugal","4,5",,PT,5º E,41.741114,-7.468545,"Albergue in Chaves, Portugal",https://www.google.com/maps/place/Quarto+Marrocos/data=!4m10!3m9!1s0xd3ade68d1e0c90d:0x4ad3ff75675e6bab!5m2!4m1!1i2!8m2!3d41.741114!4d-7.468545!16s%2Fg%2F11f4wtkkk8!19sChIJDcng0WjeOg0Rq2teZ3X_00o?authuser=0&hl=pt-BR&rclk=1,No,,
SRhouse,,'+351912275374,"Região Norte, R. City 1, 5400-588 Vilar de Nantes, Portugal","5,0",1,PT,R. City 1,41.717311,-7.449738,"Albergue in Chaves, Portugal",https://www.google.com/maps/place/SRhouse/data=!4m10!3m9!1s0xd3adfcd45643239:0x42b05aa6171d970a!5m2!4m1!1i2!8m2!3d41.717311!4d-7.449738!16s%2Fg%2F11sy3_4dg0!19sChIJOTJkRc3fOg0RCpcdF6ZasEI?authuser=0&hl=pt-BR&rclk=1,No,,
Casa Ventos do Gerês,,,"R. da Fecha 3, 5470-069, Portugal","5,0",,PT,R. da Fecha 3,41.7626772,-7.8094107,"Albergue in Chaves, Portugal",https://www.google.com/maps/place/Casa+Ventos+do+Ger%C3%AAs/data=!4m10!3m9!1s0xd252d0052320e0d:0x7ee3ed0934d2ad45!5m2!4m1!1i2!8m2!3d41.7626772!4d-7.8094107!16s%2Fg%2F11lp653f2m!19sChIJDQ4yUgAtJQ0RRa3SNAnt434?authuser=0&hl=pt-BR&rclk=1,No,,
Green Garden Houses,,,"R. Caneiro, 5400-323 Chaves, Portugal","5,0",,PT,R. Caneiro,41.7344398,-7.4681645,"Albergue in Chaves, Portugal",https://www.google.com/maps/place/Green+Garden+Houses/data=!4m10!3m9!1s0xd3adf006a6fcbad:0x9f9ef703f647dd4b!5m2!4m1!1i2!8m2!3d41.7344398!4d-7.4681645!16s%2Fg%2F11vrz0zsgq!19sChIJrctvagDfOg0RS91H9gP3np8?authuser=0&hl=pt-BR&rclk=1,No,,
Casa Rural Pimentel Calçada,,,"Praça Nova, 5430-100, Portugal","4,5",,PT,Praça Nova,41.6537715,-7.2639585,"Albergue in Chaves, Portugal",https://www.google.com/maps/place/Casa+Rural+Pimentel+Cal%C3%A7ada/data=!4m10!3m9!1s0xd3b02d4c2c13e91:0x75fc1f3d4b94dbab!5m2!4m1!1i2!8m2!3d41.6537715!4d-7.2639585!16s%2Fg%2F11cr_7gm63!19sChIJkT7BwtQCOw0Rq9uUSz0f_HU?authuser=0&hl=pt-BR&rclk=1,No,,
Alojamento Casa Ferreira,,'+351917893962,"Terreiro de Santa Marta nr 27, Argea, 2350-151 Olaia, Portugal",,,PT,Argea,39.509329,-8.4902114,"Hospedaria in Tomar, Portugal",https://www.google.com/maps/place/Alojamento+Casa+Ferreira/data=!4m7!3m6!1s0xd1887f644547c25:0x2f36707c05799c6b!8m2!3d39.509329!4d-8.4902114!16s%2Fg%2F11zgcvmkdc!19sChIJJXxURPaHGA0Ra5x5BXxwNi8?authuser=0&hl=pt-BR&rclk=1,No,Hospedaria,
Palhota,,,"R. da Palhota 59, 2230 Sardoal, Portugal",,,PT,R. da Palhota 59,39.5421258,-8.1263505,"Hospedagem domiciliar in Tomar, Portugal",https://www.google.com/maps/place/Palhota/data=!4m7!3m6!1s0xd180d1a837adbdd:0xfd96548e67f789c!8m2!3d39.5421258!4d-8.1263505!16s%2Fg%2F11rpx1mqsz!19sChIJ3dt6gxoNGA0RnHh_5khl2Q8?authuser=0&hl=pt-BR&rclk=1,No,Hospedagem domiciliar,
Casa Mel,,'+351919777444,"GMWM+V6, Alverangel, Portugal",,,PT,GMWM+V6,39.5471591,-8.3169441,"Hospedagem domiciliar in Tomar, Portugal",https://www.google.com/maps/place/Casa+Mel/data=!4m7!3m6!1s0xd187bcff1f606fd:0xdae5e903f124c974!8m2!3d39.5471591!4d-8.3169441!16s%2Fg%2F11rq451lgq!19sChIJ_Qb28c97GA0RdMkk8QPp5do?authuser=0&hl=pt-BR&rclk=1,No,Hospedagem domiciliar,
Quinta dos Negréus de Baixo,,,"Av. dos Negréus, Torres Novas, Portugal",,,PT,Av. dos Negréus,39.4756684,-8.5551191,"Hospedagem domiciliar in Tomar, Portugal",https://www.google.com/maps/place/Quinta+dos+Negr%C3%A9us+de+Baixo/data=!4m7!3m6!1s0xd1889000f286f0f:0x2a2e12ebeed72c8a!8m2!3d39.4756684!4d-8.5551191!16s%2Fg%2F11ntd8nf8r!19sChIJD28oDwCJGA0RiizX7usSLio?authuser=0&hl=pt-BR&rclk=1,No,Hospedagem domiciliar,
Castelo Bode Murtinhal,,,"HM2X+48, Aldeia do Mato, Portugal",,,PT,HM2X+48,39.5503265,-8.3016823,"Hospedagem domiciliar in Tomar, Portugal",https://www.google.com/maps/place/Castelo+Bode+Murtinhal/data=!4m7!3m6!1s0xd1871005425f137:0x5105be0e736ea5de!8m2!3d39.5503265!4d-8.3016823!16s%2Fg%2F11xkwc3zzl!19sChIJN_ElVABxGA0R3qVucw6-BVE?authuser=0&hl=pt-BR&rclk=1,No,Hospedagem domiciliar,
Rua das fontainhas,,,"Av. Andrade Corvo 2350, Torres Novas, Portugal",,,PT,Av. Andrade Corvo 2350,39.3866323,-8.603027,"Hospedagem domiciliar in Tomar, Portugal",https://www.google.com/maps/place/Rua+das+fontainhas/data=!4m7!3m6!1s0xd188d0025ef6401:0x68f953a765c2667b!8m2!3d39.3866323!4d-8.603027!16s%2Fg%2F11nqygc4jq!19sChIJAWTvJQCNGA0Re2bCZadT-Wg?authuser=0&hl=pt-BR&rclk=1,No,Hospedagem domiciliar,
Martins <3,,,"São João Baptista, Portugal",,,PT,São João Baptista,39.6021937,-8.8165221,"Hospedagem domiciliar in Tomar, Portugal",https://www.google.com/maps/place/Martins+%3C3/data=!4m7!3m6!1s0xd189f822c2871ad:0xc0d0af31204f790e!8m2!3d39.6021937!4d-8.8165221!16s%2Fg%2F11tcj9p1dw!19sChIJrXEoLIKfGA0RDnlPIDGv0MA?authuser=0&hl=pt-BR&rclk=1,No,Hospedagem domiciliar,
Miami Inn,,,"Amoreira, 2200-790 Abrantes, Portugal","3,0",1,PT,Amoreira,39.4869595,-8.2685614,"Albergue in Tomar, Portugal",https://www.google.com/maps/place/Miami+Inn/data=!4m10!3m9!1s0xd186f0078801cf5:0xb93a9df69d66a05c!5m2!4m1!1i2!8m2!3d39.4869595!4d-8.2685614!16s%2Fg%2F11whljwglg!19sChIJ9RyAeABvGA0RXKBmnfadOrk?authuser=0&hl=pt-BR&rclk=1,No,,
Casa dos Monstros,,,"GMWM+V6, 2300 Alverangel, Portugal",,,PT,GMWM+V6,39.5466255,-8.3172542,"Albergue in Tomar, Portugal",https://www.google.com/maps/place/Casa+dos+Monstros/data=!4m10!3m9!1s0xd187b150196a7e3:0x69471035333f7c9!5m2!4m1!1i2!8m2!3d39.5466255!4d-8.3172542!16s%2Fg%2F11scbn5c3x!19sChIJ46eWARV7GA0RyfczUwNxlAY?authuser=0&hl=pt-BR&rclk=1,No,,
Casa do Tojo e Rosmaninho,,,"Rio Fundeiro, Ferreira do Zêzere, Portugal","4,9",,PT,Rio Fundeiro,39.729269,-8.2412224,"Albergue in Tomar, Portugal",https://www.google.com/maps/place/Casa+do+Tojo+e+Rosmaninho/data=!4m10!3m9!1s0xd229d50c02d81b9:0x748cd8ece948397c!5m2!4m1!1i2!8m2!3d39.729269!4d-8.2412224!16s%2Fg%2F11ptnmt04_!19sChIJuYEtwFCdIg0RfDlI6ezYjHQ?authuser=0&hl=pt-BR&rclk=1,No,,
Bairro das Flores,,,"Tv. Gil de Avô 5, 2300-586 Tomar, Portugal","4,7",,PT,Tv. Gil de Avô 5,39.6049169,-8.4140919,"Albergue in Tomar, Portugal",https://www.google.com/maps/place/Bairro+das+Flores/data=!4m10!3m9!1s0xd187fe46985bba7:0x85411b13c09e8910!5m2!4m1!1i2!8m2!3d39.6049169!4d-8.4140919!16s%2Fg%2F11knq6typt!19sChIJp7uFaeR_GA0REImewBMbQYU?authuser=0&hl=pt-BR&rclk=1,No,,
Quinta do Rio [AL 120636],,,"Casal Ascenso Antunes, Rua Amadeu Garcês 1336, Portugal",,,PT,Casal Ascenso Antunes,39.769917,-8.255856,"Albergue in Tomar, Portugal",https://www.google.com/maps/place/Quinta+do+Rio+%5BAL+120636%5D/data=!4m10!3m9!1s0xd229b006dbc978d:0xf83a369ac5181ca5!5m2!4m1!1i2!8m2!3d39.769917!4d-8.255856!16s%2Fg%2F11w46n3423!19sChIJjZe8bQCbIg0RpRwYxZo2Ovg?authuser=0&hl=pt-BR&rclk=1,No,,
D'El Rey Guest House,,'+351918678228,"R. Casal do Láparo 40 2300, 2300-376 Tomar, Portugal","4,9",,PT,R. Casal do Láparo 40 2300,39.6059234,-8.419136,"Albergue in Tomar, Portugal",https://www.google.com/maps/place/D%27El+Rey+Guest+House/data=!4m10!3m9!1s0xd187fafe50c2da9:0x6785014dd6654db3!5m2!4m1!1i2!8m2!3d39.6059234!4d-8.419136!16s%2Fg%2F11q24htgqm!19sChIJqS0M5a9_GA0Rs01l1k0BhWc?authuser=0&hl=pt-BR&rclk=1,No,,
Central Family Palace,,'+351920534261,"Avenidas Torres Pinheiro, Nº7, 2300-537 Tomar, Portugal","4,0",,PT,Nº7,39.6006689,-8.4116361,"Hotel de 3 estrelas in Abrantes, Portugal",https://www.google.com/maps/place/Central+Family+Palace/data=!4m10!3m9!1s0xd187f109c05ab0d:0xcfbcafb7796dbdd8!5m2!4m1!1i2!8m2!3d39.6006689!4d-8.4116361!16s%2Fg%2F11f6yddfy8!19sChIJDasFnBB_GA0R2L1tebevvM8?authuser=0&hl=pt-BR&rclk=1,No,,
Casa dos Vargos,,'+351249791159,"Largo do Terreiro, 2350-202 Torres Novas, Portugal","4,6",,PT,Largo do Terreiro,39.5450751,-8.50801,"Hotel de 3 estrelas in Abrantes, Portugal",https://www.google.com/maps/place/Casa+dos+Vargos/data=!4m10!3m9!1s0xd1887a069b634db:0x4e1f1ca403c9f58c!5m2!4m1!1i2!8m2!3d39.5450751!4d-8.50801!16s%2Fg%2F11dxr_j1lg!19sChIJ2zS2aaCHGA0RjPXJA6QcH04?authuser=0&hl=pt-BR&rclk=1,No,,
Hostel da Lamarosa (Torres Novas),,'+351249981164,"R. da Saudade 43, 2350-168 Olaia, Portugal","4,1",,PT,R. da Saudade 43,39.5194173,-8.4705526,"Hotel de 3 estrelas in Abrantes, Portugal",https://www.google.com/maps/place/Hostel+da+Lamarosa+%28Torres+Novas%29/data=!4m10!3m9!1s0xd187d459d7bf8c9:0xe044cbeac3671e60!5m2!4m1!1i2!8m2!3d39.5194173!4d-8.4705526!16s%2Fg%2F11dfgt05x4!19sChIJyfh7nUV9GA0RYB5nw-rLROA?authuser=0&hl=pt-BR&rclk=1,No,,
Quinta da Anunciada Velha,,'+351249345218,"Quinta da Anunciada Velha, 2305-432, Portugal","4,6",,PT,Quinta da Anunciada Velha,39.5947823,-8.4435209,"Hotel de 3 estrelas in Abrantes, Portugal",https://www.google.com/maps/place/Quinta+da+Anunciada+Velha/data=!4m10!3m9!1s0xd187eb1d68e651f:0xa39def436918e77d!5m2!4m1!1i2!8m2!3d39.5947823!4d-8.4435209!16s%2Fg%2F119wxnlpn!19sChIJH2WO1rF-GA0RfecYaUPvnaM?authuser=0&hl=pt-BR&rclk=1,No,,
QUINTA DOS TEMPLARIOS,,'+351926351606,"EN 349-3 Nº 19 Cem Soldos, 2305-444 Madalena, Portugal","4,5",,PT,EN 349-3 Nº 19 Cem Soldos,39.580979,-8.4624801,"Hotel de 3 estrelas in Abrantes, Portugal",https://www.google.com/maps/place/QUINTA+DOS+TEMPLARIOS/data=!4m10!3m9!1s0xd2283ab964d3ab3:0x415e6eb5b9bb0da0!5m2!4m1!1i2!8m2!3d39.580979!4d-8.4624801!16s%2Fg%2F11h71hp2b6!19sChIJszpNlquDIg0RoA27ubVuXkE?authuser=0&hl=pt-BR&rclk=1,No,,
Thomar House,,'+351969674956,"Av. Combatentes da Grande Guerra 2300, 2300-533 Tomar, Portugal","4,1",,PT,Av. Combatentes da Grande Guerra 2300,39.5989624,-8.4131177,"Hotel in Abrantes, Portugal",https://www.google.com/maps/place/Thomar+House/data=!4m10!3m9!1s0xd187f42c33ab9e5:0x98f1e1650975b81f!5m2!4m1!1i2!8m2!3d39.5989624!4d-8.4131177!16s%2Fg%2F11sjrngw5f!19sChIJ5bk6w0J_GA0RH7h1CWXh8Zg?authuser=0&hl=pt-BR&rclk=1,No,,
Vale Encantado,,,"R. da Igreja 123, Casas da Ribeira, 6120-704, Portugal","4,9",,PT,Casas da Ribeira,39.5755183,-7.9753673,"Hotel Resort in Abrantes, Portugal",https://www.google.com/maps/place/Vale+Encantado/data=!4m10!3m9!1s0xd180f43e5a9adfb:0xe6c7271fb29ee0de!5m2!4m1!1i2!8m2!3d39.5755183!4d-7.9753673!16s%2Fg%2F11rxpm7mby!19sChIJ-62p5UMPGA0R3uCesh8nx-Y?authuser=0&hl=pt-BR&rclk=1,No,,
Predio Promessa Fenomenal,,,"Av. Conde de Alferrarede 40, Abrantes, Portugal",,,PT,Av. Conde de Alferrarede 40,39.4714181,-8.1880029,"Hospedagem domiciliar in Abrantes, Portugal",https://www.google.com/maps/place/Predio+Promessa+Fenomenal/data=!4m7!3m6!1s0xd186d32c1d087d1:0x757593f07e8bf666!8m2!3d39.4714181!4d-8.1880029!16s%2Fg%2F11v3jsnlkk!19sChIJ0YfQwTJtGA0RZvaLfvCTdXU?authuser=0&hl=pt-BR&rclk=1,No,Hospedagem domiciliar,
HOME@abrantes,,'+351966380799,"123312/AL, R. 17 de Agosto de 1808, 2200-370 Abrantes, Portugal","5,0",,PT,R. 17 de Agosto de 1808,39.4609419,-8.1982323,"Hospedagem domiciliar in Abrantes, Portugal",https://www.google.com/maps/place/HOME@abrantes/data=!4m10!3m9!1s0xd186d73d57c045f:0x6f47ba92da5b41af!5m2!4m1!1i2!8m2!3d39.4609419!4d-8.1982323!16s%2Fg%2F11pzyggsqx!19sChIJXwR81XNtGA0Rr0Fb2pK6R28?authuser=0&hl=pt-BR&rclk=1,No,,
Machado,,,"N2, Ponte de Sor, Portugal",,,PT,N2,39.2576532,-8.0397129,"Hospedagem domiciliar in Abrantes, Portugal",https://www.google.com/maps/place/Machado/data=!4m7!3m6!1s0xd183b0025135fe7:0x1da93205fd5a82dd!8m2!3d39.2576532!4d-8.0397129!16s%2Fg%2F11y784rl0t!19sChIJ518TJQA7GA0R3YJa_QUyqR0?authuser=0&hl=pt-BR&rclk=1,No,Hospedagem domiciliar,
Joana’s House,,,"EN2, Vale do Paço n 30, Soutelo, 3600-432 Mões, Portugal",,,PT,Soutelo,39.2576532,-8.0397129,"Hospedagem domiciliar in Abrantes, Portugal",https://www.google.com/maps/place/Joana%E2%80%99s+House/data=!4m7!3m6!1s0xd183b002d1ddb2f:0x75fa1240f1b316d6!8m2!3d39.2576532!4d-8.0397129!16s%2Fg%2F11mdv3nz15!19sChIJL9sdLQA7GA0R1haz8UAS-nU?authuser=0&hl=pt-BR&rclk=1,No,Hospedagem domiciliar,
Manuel José Prates,,,"R. Luís de Camões, Ponte de Sor, Portugal","5,0",1,PT,R. Luís de Camões,39.2491111,-8.0069357,"Hospedagem domiciliar in Abrantes, Portugal",https://www.google.com/maps/place/Manuel+Jos%C3%A9+Prates/data=!4m7!3m6!1s0xd183b00509d191f:0xa03f6caae1467517!8m2!3d39.2491111!4d-8.0069357!16s%2Fg%2F11wj00r9v9!19sChIJHxmdUAA7GA0RF3VG4apsP6A?authuser=0&hl=pt-BR&rclk=1,No,Hospedagem domiciliar,
Hotel Bonjardim,,'+351249313195,"Praceta de Santo André n.º 5, 2300-445 Tomar, Portugal","4,1",,PT,Praceta de Santo André n.º 5,39.6070766,-8.4072323,"Hotel de 2 estrelas in Abrantes, Portugal",https://www.google.com/maps/place/Hotel+Bonjardim/data=!4m10!3m9!1s0xd187eb0790978d7:0x71521865c71b2219!5m2!4m1!1i2!8m2!3d39.6070766!4d-8.4072323!16s%2Fg%2F1pp2t_5xp!19sChIJ13gJebB-GA0RGSIbx2UYUnE?authuser=0&hl=pt-BR&rclk=1,No,,
Linhal das Meias,,'+351962569427,"Rua das Flores 6, 6120, Portugal","4,6",,PT,Rua das Flores 6,39.5284727,-7.8515192,"Albergue in Abrantes, Portugal",https://www.google.com/maps/place/Linhal+das+Meias/data=!4m10!3m9!1s0xd181df8fa088a4d:0xb4dc6b52d6370428!5m2!4m1!1i2!8m2!3d39.5284727!4d-7.8515192!16s%2Fg%2F11sy2sm0pk!19sChIJTYoI-vgdGA0RKAQ31lJr3LQ?authuser=0&hl=pt-BR&rclk=1,No,,
Three Trees ~ Hostel,,'+351919417716,"Av.António Rodrigues Carrusca (E.N.244) (Junto ao Hiper Pingo-Doce), 7400-295 Ponte de Sor, Portugal","4,5",,PT,Av.António Rodrigues Carrusca (E.N.244) (Junto ao Hiper Pingo-Doce),39.267627,-8.012579,"Albergue in Abrantes, Portugal",https://www.google.com/maps/place/Three+Trees+~+Hostel/data=!4m10!3m9!1s0xd183ba4a06c681d:0xa46d5e44f96f6eb6!5m2!4m1!1i2!8m2!3d39.267627!4d-8.012579!16s%2Fg%2F11cs6lkjrd!19sChIJHWhsoKQ7GA0Rtm5v-URebaQ?authuser=0&hl=pt-BR&rclk=1,No,,
Casa da Papoila,,,"N3 260 262, Abrantes, Portugal","5,0",1,PT,N3 260 262,39.478721,-8.158509,"Albergue in Abrantes, Portugal",https://www.google.com/maps/place/Casa+da+Papoila/data=!4m10!3m9!1s0xd186d0023d90719:0x79e6e048506cd6d4!5m2!4m1!1i2!8m2!3d39.478721!4d-8.158509!16s%2Fg%2F11myh9rttz!19sChIJGQfZIwBtGA0R1NZsUEjg5nk?authuser=0&hl=pt-BR&rclk=1,No,,
Castle Terrace & Relax,,,"R. Sacadura Cabral 30, Tomar, Portugal","5,0",1,PT,R. Sacadura Cabral 30,39.6048796,-8.4151637,"Albergue in Abrantes, Portugal",https://www.google.com/maps/place/Castle+Terrace+%26+Relax/data=!4m10!3m9!1s0xd187f001c1abd75:0x88844d7cd3485da6!5m2!4m1!1i2!8m2!3d39.6048796!4d-8.4151637!16s%2Fg%2F11ld917p_t!19sChIJdb0aHAB_GA0Rpl1I03xNhIg?authuser=0&hl=pt-BR&rclk=1,No,,
Crisol Tres Pastorinhos,,,"R. João Paulo II, 2495-451 Fátima, Portugal","4,0",,PT,R. João Paulo II,39.630407,-8.67672,"Hotel de 3 estrelas in Marinha Grande, Portugal",https://www.google.com/maps/place/Crisol+Tres+Pastorinhos/data=!4m10!3m9!1s0xd189d3c09a8e2bd:0xccc40437b9d5baf8!5m2!4m1!1i2!8m2!3d39.630407!4d-8.67672!16s%2Fg%2F1tfbdf31!19sChIJveKoCTydGA0R-LrVuTcExMw?authuser=0&hl=pt-BR&rclk=1,No,,
Hotel Recinto,,,"R. de Santa Ana 147, Cova da Iria, 2495-425 Fátima, Portugal","3,6",,PT,Cova da Iria,39.630266,-8.670488,"Hotel in Marinha Grande, Portugal",https://www.google.com/maps/place/Hotel+Recinto/data=!4m10!3m9!1s0xd189d30984ccfe5:0x87c19ae3d8a77062!5m2!4m1!1i2!8m2!3d39.630266!4d-8.670488!16s%2Fg%2F11k9hc2ky0!19sChIJ5c9MmDCdGA0RYnCn2OOawYc?authuser=0&hl=pt-BR&rclk=1,No,,
Vila Petra,,,"R. Mouzinho de Albuquerque, 8200-356 Albufeira, Portugal","4,6",,PT,R. Mouzinho de Albuquerque,37.097358,-8.226758,"Hospedaria in Silves, Portugal",https://www.google.com/maps/place/Vila+Petra/data=!4m10!3m9!1s0xd1aceaa002af871:0x47c61a0fb21f6656!5m2!4m1!1i2!8m2!3d37.097358!4d-8.226758!16s%2Fg%2F1tddtgfp!19sChIJcfgqAKrOGg0RVmYfsg8axkc?authuser=0&hl=pt-BR&rclk=1,No,,
Casa Pura Vida,,'+491778359351,"Carrascalinho C.P. 484-c, 8670-417, Portugal","4,8",,PT,Carrascalinho C.P. 484-c,37.349452,-8.7804478,"Hospedagem domiciliar in Silves, Portugal",https://www.google.com/maps/place/Casa+Pura+Vida/data=!4m10!3m9!1s0xd1b1555ab333a43:0x68b4c82711bc14d!5m2!4m1!1i2!8m2!3d37.349452!4d-8.7804478!16s%2Fg%2F11jcsdf1ly!19sChIJQzozq1UVGw0RTcEbcYJMiwY?authuser=0&hl=pt-BR&rclk=1,No,,
Casa Pintos,,,"Sítio da Zorreira, 8600-013 Barão de São João, Portugal","5,0",1,PT,Sítio da Zorreira,37.1141935,-8.7720803,"Hospedagem domiciliar in Silves, Portugal",https://www.google.com/maps/place/Casa+Pintos/data=!4m7!3m6!1s0xd1b37006172425f:0x60f7188920387420!8m2!3d37.1141935!4d-8.7720803!16s%2Fg%2F11n9qkrr6b!19sChIJX0JyYQA3Gw0RIHQ4IIkY92A?authuser=0&hl=pt-BR&rclk=1,No,Hospedagem domiciliar,
Hospedaria Dona Maria,,'+351284327602,"R. Dom Nuno Alvares Pereira 12, 7800-018 Beja, Portugal","4,3",,PT,R. Dom Nuno Alvares Pereira 12,38.0125837,-7.8612478,"Hospedaria in Beja, Portugal",https://www.google.com/maps/place/Hospedaria+Dona+Maria/data=!4m10!3m9!1s0xd1a7487e03dad2f:0x57e68435226d9cef!5m2!4m1!1i2!8m2!3d38.0125837!4d-7.8612478!16s%2Fg%2F1q69y5h92!19sChIJL6094Id0Gg0R75xtIjWE5lc?authuser=0&hl=pt-BR&rclk=1,No,,
Residencial Rosa do Campo,,'+351284323578,"R. da Liberdade 12, 7800-462 Beja, Portugal","4,2",,PT,R. da Liberdade 12,38.0137823,-7.8658376,"Hospedaria in Beja, Portugal",https://www.google.com/maps/place/Residencial+Rosa+do+Campo/data=!4m10!3m9!1s0xd1a7487270eb2e3:0x609f7bcf0907d302!5m2!4m1!1i2!8m2!3d38.0137823!4d-7.8658376!16s%2Fg%2F1tftglcz!19sChIJ47IOJ4d0Gg0RAtMHCc97n2A?authuser=0&hl=pt-BR&rclk=1,No,,
Casa Virginia,,'+351284549145,"Largo 25 de Abril 75, 7830-371 Serpa, Portugal","4,4",,PT,Largo 25 de Abril 75,37.9408117,-7.5956862,"Hospedaria in Beja, Portugal",https://www.google.com/maps/place/Casa+Virginia/data=!4m7!3m6!1s0xd109063e88092f7:0x4068b8432d3bc258!8m2!3d37.9408117!4d-7.5956862!16s%2Fg%2F1t_h_74l!19sChIJ95KA6GOQEA0RWMI7LUO4aEA?authuser=0&hl=pt-BR&rclk=1,No,Hotel,
Herdade da Retorta,,'+351284544774,"Monte Da Retorta, Apartado 59, 7830-305 Serpa, Portugal","4,8",,PT,Apartado 59,37.9703135,-7.6032225,"Hospedaria in Beja, Portugal",https://www.google.com/maps/place/Herdade+da+Retorta/data=!4m10!3m9!1s0xd1090a383989147:0x2025918028fe436f!5m2!4m1!1i2!8m2!3d37.9703135!4d-7.6032225!16s%2Fg%2F1tdfdbsg!19sChIJR5GYg6OQEA0Rb0P-KICRJSA?authuser=0&hl=pt-BR&rclk=1,No,,
Casa da Estalagem - Turismo Rural,,'+351966860672,"R. de São Pedro 3, 7600-225 Ervidel, Portugal","4,8",,PT,R. de São Pedro 3,37.9636837,-8.0861224,"Hotel de 3 estrelas in Beja, Portugal",https://www.google.com/maps/place/Casa+da+Estalagem+-+Turismo+Rural/data=!4m10!3m9!1s0xd1a6bd26a911f45:0x28f4cbd4b84b746b!5m2!4m1!1i2!8m2!3d37.9636837!4d-8.0861224!16s%2Fg%2F11b73p96bt!19sChIJRR-RatJrGg0Ra3RLuNTL9Cg?authuser=0&hl=pt-BR&rclk=1,No,,
Turismo de Habitação Casa da Muralha,,'+351284543150,"R. das Portas de Beja 43, 7830-431 Serpa, Portugal","4,6",,PT,R. das Portas de Beja 43,37.9438825,-7.5995677,"Hotel de 3 estrelas in Beja, Portugal",https://www.google.com/maps/place/Turismo+de+Habita%C3%A7%C3%A3o+Casa+da+Muralha/data=!4m10!3m9!1s0xd10906296aba5db:0x34d743f688a75e9f!5m2!4m1!1i2!8m2!3d37.9438825!4d-7.5995677!16s%2Fg%2F1tdby01s!19sChIJ26WrlmKQEA0Rn16niPZD1zQ?authuser=0&hl=pt-BR&rclk=1,No,,
Casa Maria Victoria,,'+351284322575,"R. Pedro Vitor 8, 7800-068 Beja, Portugal","4,0",,PT,R. Pedro Vitor 8,38.0157797,-7.8583406,"Hotel de 3 estrelas in Beja, Portugal",https://www.google.com/maps/place/Casa+Maria+Victoria/data=!4m10!3m9!1s0xd1a748ed47d9f21:0xe2add77405cc493d!5m2!4m1!1i2!8m2!3d38.0157797!4d-7.8583406!16s%2Fg%2F11b6dfzk7x!19sChIJIZ991I50Gg0RPUnMBXTXreI?authuser=0&hl=pt-BR&rclk=1,No,,
Hotel O Gato & SPA,,,"EN 2, 7900-371 Odivelas, Portugal","4,1",,PT,EN 2,38.170482,-8.147478,"Hotel in Beja, Portugal",https://www.google.com/maps/place/Hotel+O+Gato+%26+SPA/data=!4m10!3m9!1s0xd1a3d702b30d163:0x3caaba6198dfaf6a!5m2!4m1!1i2!8m2!3d38.170482!4d-8.147478!16s%2Fg%2F1tdkyyxf!19sChIJY9EwK3A9Gg0Raq_fmGG6qjw?authuser=0&hl=pt-BR&rclk=1,No,,
Vila galé,,,"Paredes, 7800-730 Santa Vitória, Portugal",,,PT,Paredes,37.9067511,-8.0361088,"Hotel in Beja, Portugal",https://www.google.com/maps/place/Vila+gal%C3%A9/data=!4m10!3m9!1s0xd1a6f6688e1958d:0x4c639544fea65e5!5m2!4m1!1i2!8m2!3d37.9067511!4d-8.0361088!16s%2Fg%2F11zc4514mn!19sChIJjZXhiGZvGg0R5WXqT1Q5xgQ?authuser=0&hl=pt-BR&rclk=1,No,,
Vidigás,,'+351964073038,"Largo Frei Antonio das Chagas 52, 7960-220 Vidigueira, Portugal","4,0",,PT,Largo Frei Antonio das Chagas 52,38.2114647,-7.8020556,"Hotel in Beja, Portugal",https://www.google.com/maps/place/Vidig%C3%A1s/data=!4m10!3m9!1s0xd1a0813dd270e0f:0x1f778d86a8ff94ad!5m2!4m1!1i2!8m2!3d38.2114647!4d-7.8020556!16s%2Fg%2F11cjj0x4mm!19sChIJDw4n3RMIGg0RrZT_qIaNdx8?authuser=0&hl=pt-BR&rclk=1,No,,
Cantar do Grilo,,,"Vale de Milhanos Correio da Mó, Apartado 668, 7830-495 Serpa, Portugal","4,8",,PT,Apartado 668,37.8308674,-7.5106488,"Hotel de 4 estrelas in Beja, Portugal",https://www.google.com/maps/place/Cantar+do+Grilo/data=!4m10!3m9!1s0xd108c0dd9a0a057:0x162c668ae26a6ec!5m2!4m1!1i2!8m2!3d37.8308674!4d-7.5106488!16s%2Fg%2F1w6r9jt9!19sChIJV6Cg2Q2MEA0R7KYmrmjGYgE?authuser=0&hl=pt-BR&rclk=1,No,,
Monte dos Poços - Agroturismo & Eventos,,'+351284010559,"Monte dos Poços Carregueiro, Aljustrel, 7600-171 Beja, Portugal","4,3",,PT,Aljustrel,37.8132983,-8.1013908,"Hotel de 4 estrelas in Beja, Portugal",https://www.google.com/maps/place/Monte+dos+Po%C3%A7os+-+Agroturismo+%26+Eventos/data=!4m10!3m9!1s0xd1a61242287ebc9:0xcf6e14a2b804596b!5m2!4m1!1i2!8m2!3d37.8132983!4d-8.1013908!16s%2Fg%2F11xg4gk5x!19sChIJyeuHIiRhGg0Ra1kEuKIUbs8?authuser=0&hl=pt-BR&rclk=1,No,,
MoonLight,,'+351928052931,"Alentejo, R. dos Gregos 31, 7960-273 Vidigueira, Portugal","4,8",,PT,R. dos Gregos 31,38.2122008,-7.7993532,"Hotel de 4 estrelas in Beja, Portugal",https://www.google.com/maps/place/MoonLight/data=!4m10!3m9!1s0xd1a09207c6c5c31:0x107ac295e2b88469!5m2!4m1!1i2!8m2!3d38.2122008!4d-7.7993532!16s%2Fg%2F11h_177khs!19sChIJMVxsfCAJGg0RaYS44pXCehA?authuser=0&hl=pt-BR&rclk=1,No,,
Secção Residencial - SAR,,'+351911955473,"Bairro Res. da Força Aérea Portuguesa, Beja, Portugal","5,0",1,PT,Bairro Res. da Força Aérea Portuguesa,38.0098139,-7.8695728,"Hospedagem domiciliar in Beja, Portugal",https://www.google.com/maps/place/Sec%C3%A7%C3%A3o+Residencial+-+SAR/data=!4m7!3m6!1s0xd1a750006b32df5:0x4a7b95dad5b5a755!8m2!3d38.0098139!4d-7.8695728!16s%2Fg%2F11wc3hwbmk!19sChIJ9S2zBgB1Gg0RVae11dqVe0o?authuser=0&hl=pt-BR&rclk=1,No,Hospedagem domiciliar,
Rocim Guesthouse,,,"642R+Q4, Cuba, Portugal","4,8",,PT,642R+Q4,38.201865,-7.8597424,"Hospedagem domiciliar in Beja, Portugal",https://www.google.com/maps/place/Rocim+Guesthouse/data=!4m7!3m6!1s0xd1a090067134a5b:0x6ed2eeed64ef0f27!8m2!3d38.201865!4d-7.8597424!16s%2Fg%2F11vyvt7203!19sChIJW0oTZwAJGg0RJw_vZO3u0m4?authuser=0&hl=pt-BR&rclk=1,No,Hospedagem domiciliar,
Borlão,,,"38XQ+34, Pedrogão, Portugal",,,PT,38XQ+34,38.0977017,-7.6621669,"Hospedagem domiciliar in Beja, Portugal",https://www.google.com/maps/place/Borl%C3%A3o/data=!4m7!3m6!1s0xd10a3004a1274e3:0x62bcca4496bbdde1!8m2!3d38.0977017!4d-7.6621669!16s%2Fg%2F11zk840b20!19sChIJ43QSSgCjEA0R4d27lkTKvGI?authuser=0&hl=pt-BR&rclk=1,No,Hospedagem domiciliar,
FARM HOUSE,,,"3W4F+8W, Ferreira do Alentejo, Portugal",,,PT,3W4F+8W,38.0557626,-8.0752499,"Hospedagem domiciliar in Beja, Portugal",https://www.google.com/maps/place/FARM+HOUSE/data=!4m7!3m6!1s0xd1a150017a598eb:0x971d8a15826f5a43!8m2!3d38.0557626!4d-8.0752499!16s%2Fg%2F11xyfrrvph!19sChIJ65ilFwAVGg0RQ1pvghWKHZc?authuser=0&hl=pt-BR&rclk=1,No,Hospedagem domiciliar,
Monte do Azinhal,,,"7920-389 Vila Nova da Baronia, Portugal",,,PT,,38.2890113,-8.0377378,"Hospedagem domiciliar in Beja, Portugal",https://www.google.com/maps/place/Monte+do+Azinhal/data=!4m7!3m6!1s0xd1a1b0074be289d:0xeb78124d9cfb020b!8m2!3d38.2890113!4d-8.0377378!16s%2Fg%2F11nbm22998!19sChIJnSi-dAAbGg0RCwL7nE0SeOs?authuser=0&hl=pt-BR&rclk=1,No,Hospedagem domiciliar,
Sunshine Valley,,'+351968757190,"VM5J+GG, Vila Verde de Ficalho, Portugal","5,0",1,PT,VM5J+GG,37.8588611,-7.3186667,"Hospedagem domiciliar in Beja, Portugal",https://www.google.com/maps/place/Sunshine+Valley/data=!4m7!3m6!1s0xd10f130dbd3ba7f:0x7c8b435b823ad559!8m2!3d37.8588611!4d-7.3186667!16s%2Fg%2F11vc2ctxrc!19sChIJf7rT2zDxEA0RWdU6gltDi3w?authuser=0&hl=pt-BR&rclk=1,No,Hospedagem domiciliar,
Ruff House,,,"EM1134 no 10, 7780 Castro Verde, Portugal","3,0",,PT,EM1134 no 10,37.6508598,-8.1428533,"Hospedagem domiciliar in Beja, Portugal",https://www.google.com/maps/place/Ruff+House/data=!4m7!3m6!1s0xd1a8b4291254867:0xe9f62cad5040ce84!8m2!3d37.6508598!4d-8.1428533!16s%2Fg%2F11l5s4wcfd!19sChIJZ0glkUKLGg0RhM5AUK0s9uk?authuser=0&hl=pt-BR&rclk=1,No,Hospedagem domiciliar,
Monte da Barca,,,"Figueira dos Cavaleiros, Portugal",,,PT,Figueira dos Cavaleiros,38.0990838,-8.2850759,"Hospedagem domiciliar in Beja, Portugal",https://www.google.com/maps/place/Monte+da+Barca/data=!4m7!3m6!1s0xd1a39007856518f:0xbeed7084bf26ab24!8m2!3d38.0990838!4d-8.2850759!16s%2Fg%2F11xfsr7c0d!19sChIJj1FWeAA5Gg0RJKsmv4Rw7b4?authuser=0&hl=pt-BR&rclk=1,No,Hospedagem domiciliar,
Chandra,,,"5CFH+98, Vila Nova de Cacela, Portugal","5,0",1,PT,5CFH+98,37.1734133,-7.5717116,"Hospedagem domiciliar in Beja, Portugal",https://www.google.com/maps/place/Chandra/data=!4m7!3m6!1s0xd101b003aec435f:0x393b5bdb8ff526bb!8m2!3d37.1734133!4d-7.5717116!16s%2Fg%2F11yq1wtt66!19sChIJX0PsOgAbEA0Ruyb1j9tbOzk?authuser=0&hl=pt-BR&rclk=1,No,Hospedagem domiciliar,
En Cante Hostel,,'+351968535417,"Rua da República 1, 7940-139 Cuba, Portugal","4,3",,PT,Rua da República 1,38.1658304,-7.8894238,"Albergue in Beja, Portugal",https://www.google.com/maps/place/En+Cante+Hostel/data=!4m10!3m9!1s0xd1a0ec3696fe7eb:0x218932d2094f45bd!5m2!4m1!1i2!8m2!3d38.1658304!4d-7.8894238!16s%2Fg%2F11cnxpfhtr!19sChIJ6-dvacMOGg0RvUVPCdIyiSE?authuser=0&hl=pt-BR&rclk=1,No,,
A Casa Dos Raminhos,,,"R. de Lisboa no 23, 7960-456 Vila de Frades, Portugal","5,0",,PT,R. de Lisboa no 23,38.2132071,-7.8241391,"Albergue in Beja, Portugal",https://www.google.com/maps/place/A+Casa+Dos+Raminhos/data=!4m10!3m9!1s0xd1a090045995827:0x5f323834546c7dfd!5m2!4m1!1i2!8m2!3d38.2132071!4d-7.8241391!16s%2Fg%2F11x7z46rm1!19sChIJJ1iZRQAJGg0R_X1sVDQ4Ml8?authuser=0&hl=pt-BR&rclk=1,No,,
Hospedaria Isaias,,,"R. Francisco de Ornelas 1, 9700-043 Angra do Heroísmo, Portugal","4,5",,PT,R. Francisco de Ornelas 1,38.653934,-27.2150547,"Hospedaria in Angra do Heroísmo, Portugal",https://www.google.com/maps/place/Hospedaria+Isaias/data=!4m10!3m9!1s0xb467ff9975babf9:0xcf53896df3074b24!5m2!4m1!1i2!8m2!3d38.653934!4d-27.2150547!16s%2Fg%2F11qbbp3gn7!19sChIJ-atbl_l_RgsRJEsH822JU88?authuser=0&hl=pt-BR&rclk=1,No,,
"Biscoito Bravo, Lda (RRAL n.° 1235)",,'+351968207138,"Biscoito Bravo 47, 9760-060, Portugal","4,6",,PT,Biscoito Bravo 47,38.7963828,-27.2460042,"Hospedaria in Angra do Heroísmo, Portugal","https://www.google.com/maps/place/Biscoito+Bravo,+Lda+%28RRAL+n.%C2%B0+1235%29/data=!4m7!3m6!1s0xb467932d8912a73:0xa214cd72d2cf0521!8m2!3d38.7963828!4d-27.2460042!16s%2Fg%2F11byl4s1zr!19sChIJcyqR2DJ5RgsRIQXP0nLNFKI?authuser=0&hl=pt-BR&rclk=1",No,Hospedaria,
Hotel Varandas do Atlantico,,,"R. da Alfândega 19, 9760-411 Praia da Vitória, Portugal","4,1",,PT,R. da Alfândega 19,38.731367,-27.059331,"Hotel de 3 estrelas in Angra do Heroísmo, Portugal",https://www.google.com/maps/place/Hotel+Varandas+do+Atlantico/data=!4m10!3m9!1s0xb45d15ce68c4b9f:0x491529b22d13605c!5m2!4m1!1i2!8m2!3d38.731367!4d-27.059331!16s%2Fg%2F1tgz6rnx!19sChIJn0uM5lzRRQsRXGATLbIpFUk?authuser=0&hl=pt-BR&rclk=1,No,,
CasadaVinhaGrande,,'+351910077374,"R. da Igreja 20, 9760-051 Biscoitos, Portugal","4,5",,PT,R. da Igreja 20,38.7919512,-27.2550748,"Hotel de 3 estrelas in Angra do Heroísmo, Portugal",https://www.google.com/maps/place/CasadaVinhaGrande/data=!4m10!3m9!1s0xb4676d81625b087:0x62cac6196a159a5c!5m2!4m1!1i2!8m2!3d38.7919512!4d-27.2550748!16s%2Fg%2F11fztnmqvl!19sChIJh7AlFth2RgsRXJoVahnGymI?authuser=0&hl=pt-BR&rclk=1,No,,
CASA MARQUES,,'+351917373382,"EN6-2A 44, 9700-552 São Mateus da Calheta, Portugal","5,0",,PT,EN6-2A 44,38.6681709,-27.2605209,"Hotel de 3 estrelas in Angra do Heroísmo, Portugal",https://www.google.com/maps/place/CASA+MARQUES/data=!4m10!3m9!1s0xb467eaeaea805a3:0xfe13be3b2005e591!5m2!4m1!1i2!8m2!3d38.6681709!4d-27.2605209!16s%2Fg%2F11fmzglkxr!19sChIJowWorq5-RgsRkeUFIDu-E_4?authuser=0&hl=pt-BR&rclk=1,No,,
Casa de Santa Catarina,,'+351965438330,"Caminho do Meio 42, 9760-114, Portugal","4,8",,PT,Caminho do Meio 42,38.7022097,-27.0561969,"Hotel de 3 estrelas in Angra do Heroísmo, Portugal",https://www.google.com/maps/place/Casa+de+Santa+Catarina/data=!4m10!3m9!1s0xb45d32e36142fa7:0xba83f765648fd7c2!5m2!4m1!1i2!8m2!3d38.7022097!4d-27.0561969!16s%2Fg%2F11kqn6b5vs!19sChIJpy8UNi7TRQsRwtePZGX3g7o?authuser=0&hl=pt-BR&rclk=1,No,,
Quinta da Araucária,,'+351917299660,"Caminho de Santo António 13, 9760-099 Porto Martins, Portugal",,,PT,Caminho de Santo António 13,38.6934594,-27.0685649,"Hotel de 3 estrelas in Angra do Heroísmo, Portugal",https://www.google.com/maps/place/Quinta+da+Arauc%C3%A1ria/data=!4m10!3m9!1s0xb45d38fcf7f4a75:0x6f53bde85c6acc61!5m2!4m1!1i2!8m2!3d38.6934594!4d-27.0685649!16s%2Fg%2F11g8bwp_bc!19sChIJdUp_z4_TRQsRYcxqXOi9U28?authuser=0&hl=pt-BR&rclk=1,No,,
Martin Guest House,,'+351938604238,"Canada da Faneca, 24, 9760-107 Praia da Vitória, Portugal","4,8",,PT,24,38.70335,-27.051743,"Hotel de 4 estrelas in Angra do Heroísmo, Portugal",https://www.google.com/maps/place/Martin+Guest+House/data=!4m10!3m9!1s0xb45d3bf1ebf2401:0x5385e0ee3036f669!5m2!4m1!1i2!8m2!3d38.70335!4d-27.051743!16s%2Fg%2F11c70jgl3z!19sChIJASS_Hr_TRQsRafY2MO7ghVM?authuser=0&hl=pt-BR&rclk=1,No,,
Terra Do Mar,,,"Faja do Fischer - Serretinha, Ladeira Grande Portugal, 9700-355 Feteira, Portugal",,,PT,Ladeira Grande Portugal,38.6605644,-27.1581845,"Hotel de 4 estrelas in Angra do Heroísmo, Portugal",https://www.google.com/maps/place/Terra+Do+Mar/data=!4m10!3m9!1s0xb45d59d984cbd8d:0x772e79bc5463638c!5m2!4m1!1i2!8m2!3d38.6605644!4d-27.1581845!16s%2Fg%2F1tmcngxh!19sChIJjb1MmJ3VRQsRjGNjVLx5Lnc?authuser=0&hl=pt-BR&rclk=1,No,,
Vilar dos Carvalhinhos I,,'+351919430258,"Canada Madre de Deus, 9760-142 Porto Martins, Portugal","4,5",,PT,Canada Madre de Deus,38.6810398,-27.0643114,"Hotel de 4 estrelas in Angra do Heroísmo, Portugal",https://www.google.com/maps/place/Vilar+dos+Carvalhinhos+I/data=!4m10!3m9!1s0xb45d376547d8a07:0xa8442b884abfb4d7!5m2!4m1!1i2!8m2!3d38.6810398!4d-27.0643114!16s%2Fg%2F11g6qs2kqc!19sChIJB4p9VHbTRQsR17S_SogrRKg?authuser=0&hl=pt-BR&rclk=1,No,,
Vivenda Porto de Abrigo,,,"Canada da Salga, Biscoitos, Portugal","5,0",,PT,Canada da Salga,38.7956182,-27.2630346,"Hospedagem domiciliar in Angra do Heroísmo, Portugal",https://www.google.com/maps/place/Vivenda+Porto+de+Abrigo/data=!4m10!3m9!1s0xb46774db56c8ce9:0x3a25c6c421c04b41!5m2!4m1!1i2!8m2!3d38.7956182!4d-27.2630346!16s%2Fg%2F11kj5lqlb4!19sChIJ6YxstU13RgsRQUvAIcTGJTo?authuser=0&hl=pt-BR&rclk=1,No,,
Crystal House,,,"Ribeirinha, Portugal","4,7",,PT,Ribeirinha,38.6600862,-27.1814391,"Hospedagem domiciliar in Angra do Heroísmo, Portugal",https://www.google.com/maps/place/Crystal+House/data=!4m10!3m9!1s0xb467f7b5f245b17:0xa4b4c5ae15d2305!5m2!4m1!1i2!8m2!3d38.6600862!4d-27.1814391!16s%2Fg%2F11scmwwlmp!19sChIJF1skX3t_RgsRBSNd4VpMSwo?authuser=0&hl=pt-BR&rclk=1,No,,
Home Base,,,"Canada da Ribeirinha 73, 9700-166 Angra do Heroísmo, Portugal",,,PT,Canada da Ribeirinha 73,38.6741706,-27.2001693,"Hospedagem domiciliar in Angra do Heroísmo, Portugal",https://www.google.com/maps/place/Home+Base/data=!4m7!3m6!1s0xb467f0048582325:0x53b6cb81853e4053!8m2!3d38.6741706!4d-27.2001693!16s%2Fg%2F11yksqzl6w!19sChIJJSNYSAB_RgsRU0A-hYHLtlM?authuser=0&hl=pt-BR&rclk=1,No,Hospedagem domiciliar,
Casa açores,,,"EN1-1A 41, 9700, Portugal",,,PT,EN1-1A 41,38.7564845,-27.363438,"Hospedagem domiciliar in Angra do Heroísmo, Portugal",https://www.google.com/maps/place/Casa+a%C3%A7ores/data=!4m7!3m6!1s0xb466f003f7a8bbb:0x83dc88dd314af3b9!8m2!3d38.7564845!4d-27.363438!16s%2Fg%2F11ms3rqfd7!19sChIJu4t6PwBvRgsRufNKMd2I3IM?authuser=0&hl=pt-BR&rclk=1,No,Hospedagem domiciliar,
Casa da Miragaia,,'+351932180715,"R. da Miragaia 19, 9700-024 Angra do Heroísmo, Portugal","5,0",,PT,R. da Miragaia 19,38.6579309,-27.2211026,"Hospedagem domiciliar in Angra do Heroísmo, Portugal",https://www.google.com/maps/place/Casa+da+Miragaia/data=!4m10!3m9!1s0xb467f99992a5865:0x5b15933fa68c9032!5m2!4m1!1i2!8m2!3d38.6579309!4d-27.2211026!16s%2Fg%2F11t9lt_d0l!19sChIJZVgqmZl_RgsRMpCMpj-TFVs?authuser=0&hl=pt-BR&rclk=1,No,,
Terceira Horizon Retreat,,,"EN1-1A 62, 9700 Altares, Portugal",,,PT,EN1-1A 62,38.7921492,-27.3074696,"Hospedagem domiciliar in Angra do Heroísmo, Portugal",https://www.google.com/maps/place/Terceira+Horizon+Retreat/data=!4m7!3m6!1s0xb4671006c906b55:0xea0ceaff232379ac!8m2!3d38.7921492!4d-27.3074696!16s%2Fg%2F11n3_7wvr8!19sChIJVWuQbABxRgsRrHkjI__qDOo?authuser=0&hl=pt-BR&rclk=1,No,Hospedagem domiciliar,
O Miradouro | The Viewpoint,,,"Nossa Senhora do Pilar, Portugal","5,0",,PT,Nossa Senhora do Pilar,38.6862454,-27.3085503,"Hospedagem domiciliar in Angra do Heroísmo, Portugal",https://www.google.com/maps/place/O+Miradouro+%7C+The+Viewpoint/data=!4m7!3m6!1s0xb467b006c05cbaf:0x402026ff01a715e5!8m2!3d38.6862454!4d-27.3085503!16s%2Fg%2F11vr5zb787!19sChIJr8sFbAB7RgsR5RWnAf8mIEA?authuser=0&hl=pt-BR&rclk=1,No,Hospedagem domiciliar,
Casa da salga,,,"Canada da Salga 10, Biscoitos, Portugal",,,PT,Canada da Salga 10,38.7977404,-27.2608662,"Hospedagem domiciliar in Angra do Heroísmo, Portugal",https://www.google.com/maps/place/Casa+da+salga/data=!4m7!3m6!1s0xb46770071b59995:0xf10448a840ca549f!8m2!3d38.7977404!4d-27.2608662!16s%2Fg%2F11ynqqhrzp!19sChIJlZm1cQB3RgsRn1TKQKhIBPE?authuser=0&hl=pt-BR&rclk=1,No,Hospedagem domiciliar,
Alojamento Lucas,,,"Canada Da Penha França, Angra do Heroísmo, Portugal",,,PT,Canada Da Penha França,38.6647883,-27.2361573,"Hospedagem domiciliar in Angra do Heroísmo, Portugal",https://www.google.com/maps/place/Alojamento+Lucas/data=!4m7!3m6!1s0xb467f55d2a3430d:0x553600d19896148a!8m2!3d38.6647883!4d-27.2361573!16s%2Fg%2F11v142ypr0!19sChIJDUOj0lV_RgsRihSWmNEANlU?authuser=0&hl=pt-BR&rclk=1,No,Hospedagem domiciliar,
Valadão's House,,,"Canada da Francesa 92, Portugal",,,PT,Canada da Francesa 92,38.6764725,-27.2657439,"Hospedagem domiciliar in Angra do Heroísmo, Portugal",https://www.google.com/maps/place/Valad%C3%A3o%27s+House/data=!4m7!3m6!1s0xb4679d6ed81526b:0xa3e223baa077b66e!8m2!3d38.6764725!4d-27.2657439!16s%2Fg%2F11ssd6zf3x!19sChIJa1KB7dZ5RgsRbrZ3oLoj4qM?authuser=0&hl=pt-BR&rclk=1,No,Hospedagem domiciliar,
AT Sups/Women Hotel,,,"Serra de Santiago 336, 9760, Portugal",,,PT,Serra de Santiago 336,38.7637255,-27.0785878,"Hospedagem domiciliar in Angra do Heroísmo, Portugal",https://www.google.com/maps/place/AT+Sups%2FWomen+Hotel/data=!4m7!3m6!1s0xb45d1006d052df1:0x9f785762e7bbce78!8m2!3d38.7637255!4d-27.0785878!16s%2Fg%2F11vy0rvvvg!19sChIJ8S0FbQDRRQsReM6752JXeJ8?authuser=0&hl=pt-BR&rclk=1,No,Hospedagem domiciliar,
Traditional Angra House,,,"R. do Pau São 40a, Angra do Heroísmo, Portugal",,,PT,R. do Pau São 40a,38.6575755,-27.2226258,"Hospedagem domiciliar in Angra do Heroísmo, Portugal",https://www.google.com/maps/place/Traditional+Angra+House/data=!4m7!3m6!1s0xb467f0035bc3517:0xa923845bae241b7f!8m2!3d38.6575755!4d-27.2226258!16s%2Fg%2F11tk7skhgy!19sChIJFzW8NQB_RgsRfxskrluEI6k?authuser=0&hl=pt-BR&rclk=1,No,Hospedagem domiciliar,
Hotel Ilha,,,"R. Direita 24, 9700-066 Angra do Heroísmo, Portugal","3,9",,PT,R. Direita 24,38.654742,-27.218573,"Hotel de 2 estrelas in Angra do Heroísmo, Portugal",https://www.google.com/maps/place/Hotel+Ilha/data=!4m10!3m9!1s0xb467f1d3a7cc9e1:0xd7d0b93e4e0cf734!5m2!4m1!1i2!8m2!3d38.654742!4d-27.218573!16s%2Fg%2F11btmqm0xd!19sChIJ4cl8Oh1_RgsRNPcMTj650Nc?authuser=0&hl=pt-BR&rclk=1,No,,
Hotel Monte Brasil,,,"Alto das Covas nºs 8/10, 9700-220 Angra do Heroísmo, Portugal","4,0",,PT,Alto das Covas nºs 8/10,38.655828,-27.223227,"Hotel de 2 estrelas in Angra do Heroísmo, Portugal",https://www.google.com/maps/place/Hotel+Monte+Brasil/data=!4m10!3m9!1s0xb467ee252345a07:0xeeaebe70f84b1048!5m2!4m1!1i2!8m2!3d38.655828!4d-27.223227!16s%2Fg%2F1tdqjqp6!19sChIJB1o0UuJ-RgsRSBBL-HC-ru4?authuser=0&hl=pt-BR&rclk=1,No,,
Hotel Apt. Praia Marina,,,"Av. Álvaro Martins Homem, 9760-412 Praia da Vitória, Portugal","4,4",,PT,Av. Álvaro Martins Homem,38.731768,-27.058801,"Albergue in Angra do Heroísmo, Portugal",https://www.google.com/maps/place/Hotel+Apt.+Praia+Marina/data=!4m10!3m9!1s0xb45d15d2006fe43:0x65413ad97f794fcf!5m2!4m1!1i2!8m2!3d38.731768!4d-27.058801!16s%2Fg%2F11g0g4xmb0!19sChIJQ_4GIF3RRQsRz095f9k6QWU?authuser=0&hl=pt-BR&rclk=1,No,,
"Mosteirinho, Negreda",,'+351934398239,"Mosteirinho, 5320-023 Negreda, Vinhais, Portugal","4,7",,PT,Mosteirinho,41.720445,-6.9643423,"Hospedaria in Bragança, Portugal","https://www.google.com/maps/place/Mosteirinho,+Negreda/data=!4m10!3m9!1s0xd3a53278b0a3863:0x29664439d0c0029d!5m2!4m1!1i2!8m2!3d41.720445!4d-6.9643423!16s%2Fg%2F119wc60b4!19sChIJYzgKiydTOg0RnQLA0DlEZik?authuser=0&hl=pt-BR&rclk=1",No,,
Veigas e cabeça lda,,'+351278425149,"Rua do Adil 7, Gradíssimo, 5340-022 Macedo de Cavaleiros, Portugal",,,PT,Gradíssimo,41.5684134,-6.9634242,"Hospedaria in Bragança, Portugal",https://www.google.com/maps/place/Veigas+e+cabe%C3%A7a+lda/data=!4m10!3m9!1s0xd3bafcea87c5741:0x78626b8e0a6a2915!5m2!4m1!1i2!8m2!3d41.5684134!4d-6.9634242!16s%2Fg%2F11zh9_09mg!19sChIJQVd8qM6vOw0RFSlqCo5rYng?authuser=0&hl=pt-BR&rclk=1,No,,
Solar de Rabal,,,"Costa do Castro 2, 5300 Rabal, Portugal","4,5",,PT,Costa do Castro 2,41.8696368,-6.7535002,"Hotel de 3 estrelas in Bragança, Portugal",https://www.google.com/maps/place/Solar+de+Rabal/data=!4m10!3m9!1s0xd3a481cb5add7a7:0xd5b90b89037c31ee!5m2!4m1!1i2!8m2!3d41.8696368!4d-6.7535002!16s%2Fg%2F11c0xjy1wp!19sChIJp9ettRxIOg0R7jF8A4kLudU?authuser=0&hl=pt-BR&rclk=1,No,,
A Casa de Salsas,,'+351962630809,"R. de São Roque 12, 5300-845 Salsas, Portugal","4,6",,PT,R. de São Roque 12,41.6370431,-6.8143879,"Hotel de 3 estrelas in Bragança, Portugal",https://www.google.com/maps/place/A+Casa+de+Salsas/data=!4m10!3m9!1s0xd3bb6a07780332b:0xadb43eb6a42d3270!5m2!4m1!1i2!8m2!3d41.6370431!4d-6.8143879!16s%2Fg%2F11bv33ngq7!19sChIJKzOAd6C2Ow0RcDItpLY-tK0?authuser=0&hl=pt-BR&rclk=1,No,,
Casa da Mencha,,'+351934143171,"Rio de Fornos, 5320-279 Vinhais, Portugal","4,5",,PT,Rio de Fornos,41.8527939,-7.0130444,"Hotel de 3 estrelas in Bragança, Portugal",https://www.google.com/maps/place/Casa+da+Mencha/data=!4m10!3m9!1s0xd3a574e6e910ecd:0xf99098da763bb52a!5m2!4m1!1i2!8m2!3d41.8527939!4d-7.0130444!16s%2Fg%2F1vl9sslz!19sChIJzQ6Rbk5XOg0RKrU7dtqYkPk?authuser=0&hl=pt-BR&rclk=1,No,,
Casa da Edra,,'+351962777026,"Rua do Meio n⁰1, 5300 - 542 - Bragança PT, Montesinho, 5300-542 Aldeia de Montesinho, Portugal","4,6",,PT,Montesinho,41.9386368,-6.7650171,"Hotel de 3 estrelas in Bragança, Portugal",https://www.google.com/maps/place/Casa+da+Edra/data=!4m10!3m9!1s0xd3a4769e91da9b9:0x572c1fe9544dd196!5m2!4m1!1i2!8m2!3d41.9386368!4d-6.7650171!16s%2Fg%2F113hrqs_k!19sChIJuakd6WlHOg0RltFNVOkfLFc?authuser=0&hl=pt-BR&rclk=1,No,,
Casa da Fraga,,'+351960166747,"R. do Cimo do Povo 10, 5340-142, Portugal","4,7",,PT,R. do Cimo do Povo 10,41.6371926,-6.9823376,"Hotel de 3 estrelas in Bragança, Portugal",https://www.google.com/maps/place/Casa+da+Fraga/data=!4m10!3m9!1s0xd3bac2321015765:0x923706d3a0b278a0!5m2!4m1!1i2!8m2!3d41.6371926!4d-6.9823376!16s%2Fg%2F11c5c3l5x8!19sChIJZVcBISOsOw0RoHiyoNMGN5I?authuser=0&hl=pt-BR&rclk=1,No,,
Casa Dona Chama,,'+351278312244,"R. Carolino Gonçalves 131, 5385-097 Torre de Dona Chama, Portugal","4,6",,PT,R. Carolino Gonçalves 131,41.6536161,-7.128072,"Hotel de 3 estrelas in Bragança, Portugal",https://www.google.com/maps/place/Casa+Dona+Chama/data=!4m10!3m9!1s0xd3b00fbca97ae85:0x2e2ff9833b635ba1!5m2!4m1!1i2!8m2!3d41.6536161!4d-7.128072!16s%2Fg%2F1ttpcll7!19sChIJha6XyvsAOw0RoVtjO4P5Ly4?authuser=0&hl=pt-BR&rclk=1,No,,
Casa do Pedro,,'+351938459072,"Lugar do Pedro - Sobreiró de Baixo, 5320-163 Vinhais, Portugal","4,8",,PT,Lugar do Pedro - Sobreiró de Baixo,41.8313594,-7.0550826,"Hotel de 3 estrelas in Bragança, Portugal",https://www.google.com/maps/place/Casa+do+Pedro/data=!4m10!3m9!1s0xd3a57a6509a5dd5:0x72c469e8d8c82467!5m2!4m1!1i2!8m2!3d41.8313594!4d-7.0550826!16s%2Fg%2F11c5cjkp15!19sChIJ1V2aUKZXOg0RZyTI2OhpxHI?authuser=0&hl=pt-BR&rclk=1,No,,
Casa Freixedelo,,'+351932535451,"R. do Pombal n 13, 5300-861 Santa Comba de Rossas, Portugal","4,6",,PT,R. do Pombal n 13,41.6699105,-6.824461,"Hotel de 3 estrelas in Bragança, Portugal",https://www.google.com/maps/place/Casa+Freixedelo/data=!4m10!3m9!1s0xd3bb4652b90f3a3:0x8db7b60baffba199!5m2!4m1!1i2!8m2!3d41.6699105!4d-6.824461!16s%2Fg%2F11gghdm8bn!19sChIJo_OQK2W0Ow0RmaH7rwu2t40?authuser=0&hl=pt-BR&rclk=1,No,,
Casa da Gadanha - Turismo Rural,,'+351962924671,"Parque Natural de Montesinho, Tv. da Eira 5, 5300-542 Bragança, Portugal",,,PT,Tv. da Eira 5,41.9390591,-6.7650949,"Hotel de 3 estrelas in Bragança, Portugal",https://www.google.com/maps/place/Casa+da+Gadanha+-+Turismo+Rural/data=!4m10!3m9!1s0xd3a47fec722fa5b:0xc1c6abaa92a286e5!5m2!4m1!1i2!8m2!3d41.9390591!4d-6.7650949!16s%2Fg%2F11km3mx66t!19sChIJW_oix_5HOg0R5YaikqqrxsE?authuser=0&hl=pt-BR&rclk=1,No,,
Hotel Azibo e Restaurante,,'+351966406268,"A4 - N15 cruzamento do azibo N.161 5340.392 Podence 5315-391, 5340-391 Podense, Portugal","3,1",,PT,A4 - N15 cruzamento do azibo N.161 5340.392 Podence,41.5936622,-6.9147338,"Hotel in Bragança, Portugal",https://www.google.com/maps/place/Hotel+Azibo+e+Restaurante/data=!4m10!3m9!1s0xd3bb1d3520d864b:0x5ec61565ebe34c08!5m2!4m1!1i2!8m2!3d41.5936622!4d-6.9147338!16s%2Fg%2F11cm_hxjsy!19sChIJS4YNUtOxOw0RCEzj62UVxl4?authuser=0&hl=pt-BR&rclk=1,No,,
Casa da Teresinha,,,"Rua da Igreja, Bragança, Portugal","4,8",,PT,Rua da Igreja,41.8253493,-6.7100534,"Hotel in Bragança, Portugal",https://www.google.com/maps/place/Casa+da+Teresinha/data=!4m10!3m9!1s0xd3a3700248ecaab:0x13e94fc66f344d38!5m2!4m1!1i2!8m2!3d41.8253493!4d-6.7100534!16s%2Fg%2F11y29vgnq7!19sChIJq8qOJAA3Og0ROE00b8ZP6RM?authuser=0&hl=pt-BR&rclk=1,No,,
Casa da Edrosa,,'+351919505524,"Rua da Portela nº 25, 5320-041, Portugal","4,9",,PT,Rua da Portela nº 25,41.7651539,-6.9652653,"Hotel in Bragança, Portugal",https://www.google.com/maps/place/Casa+da+Edrosa/data=!4m10!3m9!1s0xd3a539df4afb1c1:0xb422935a92c602ad!5m2!4m1!1i2!8m2!3d41.7651539!4d-6.9652653!16s%2Fg%2F11ldq0l68z!19sChIJwbGv9J1TOg0RrQLGklqTIrQ?authuser=0&hl=pt-BR&rclk=1,No,,
Quinta da Barca,,'+351936755753,Portugal,"4,7",,PT,Portugal,41.731122,-7.0996239,"Hotel de 4 estrelas in Bragança, Portugal",https://www.google.com/maps/place/Quinta+da+Barca/data=!4m10!3m9!1s0xd3aff85661f68cb:0xf11e002cadcc9e4d!5m2!4m1!1i2!8m2!3d41.731122!4d-7.0996239!16s%2Fg%2F11b73ntgs9!19sChIJy2gfZoX_Og0RTZ7MrSwAHvE?authuser=0&hl=pt-BR&rclk=1,No,,
Quinta das Colmeias,,'+351967185607,"Quinta das Colmeias, 5300-902 Lancao, Portugal","4,2",,PT,Quinta das Colmeias,41.6962127,-6.8530041,"Hotel de 4 estrelas in Bragança, Portugal",https://www.google.com/maps/place/Quinta+das+Colmeias/data=!4m10!3m9!1s0xd3bb3417a569ef5:0x7aff411dff145a40!5m2!4m1!1i2!8m2!3d41.6962127!4d-6.8530041!16s%2Fg%2F11cs76wfl1!19sChIJ9Z5WekGzOw0RQFoU_x1B_3o?authuser=0&hl=pt-BR&rclk=1,No,,
Casa da Fonte de Travanca,,'+351933289612,"Travanca, 5320-180 Travanca, Portugal","4,1",,PT,Travanca,41.8922361,-6.9985714,"Hotel de 4 estrelas in Bragança, Portugal",https://www.google.com/maps/place/Casa+da+Fonte+de+Travanca/data=!4m10!3m9!1s0xd3a5a24fe054bef:0xc641b58b811d7017!5m2!4m1!1i2!8m2!3d41.8922361!4d-6.9985714!16s%2Fg%2F11q3ch2jzc!19sChIJ70sF_iRaOg0RF3AdgYu1QcY?authuser=0&hl=pt-BR&rclk=1,No,,
Montesinho Eco-Resort,,'+351273302510,"Quinta das Covas, 5300-552 Bragança, Portugal","4,3",,PT,Quinta das Covas,41.7974505,-6.6938099,"Hotel Resort in Bragança, Portugal",https://www.google.com/maps/place/Montesinho+Eco-Resort/data=!4m10!3m9!1s0xd3a342457884395:0x3fc86d4b5b9940e9!5m2!4m1!1i2!8m2!3d41.7974505!4d-6.6938099!16s%2Fg%2F11q3ch25t0!19sChIJlUOIVyQ0Og0R6UCZW0ttyD8?authuser=0&hl=pt-BR&rclk=1,No,,
Casa Ferradal,,,"QC3H+4V, Quintanilha, Portugal","4,0",1,PT,QC3H+4V,41.7528214,-6.5703161,"Hospedagem domiciliar in Bragança, Portugal",https://www.google.com/maps/place/Casa+Ferradal/data=!4m10!3m9!1s0xd3a2d00614b5053:0xb3f77abb46b6f356!5m2!4m1!1i2!8m2!3d41.7528214!4d-6.5703161!16s%2Fg%2F11yb0b0pwm!19sChIJU1BLYQAtOg0RVvO2Rrt697M?authuser=0&hl=pt-BR&rclk=1,No,,
Abrigo Montesinho,,,"Rua do Cimo 4, 5300-542 Bragança, Portugal",,,PT,Rua do Cimo 4,41.9392448,-6.7645204,"Hospedagem domiciliar in Bragança, Portugal",https://www.google.com/maps/place/Abrigo+Montesinho/data=!4m10!3m9!1s0xd3a470050aa1c35:0x2d282871c6110316!5m2!4m1!1i2!8m2!3d41.9392448!4d-6.7645204!16s%2Fg%2F11msg6t4r2!19sChIJNRyqUABHOg0RFgMRxnEoKC0?authuser=0&hl=pt-BR&rclk=1,No,,
Casa Ninho da Cegonha,,,"5300-561, Portugal",,,PT,,41.8509949,-6.8620885,"Hospedagem domiciliar in Bragança, Portugal",https://www.google.com/maps/place/Casa+Ninho+da+Cegonha/data=!4m7!3m6!1s0xd3a4f71fe9a1aad:0xb22cae00fb51e905!8m2!3d41.8509949!4d-6.8620885!16s%2Fg%2F11scv9yf5l!19sChIJrRqa_nFPOg0RBelR-wCuLLI?authuser=0&hl=pt-BR&rclk=1,No,Hospedagem domiciliar,
Carrasco de Cima,,,"N 218 Km 56 + 200m, 5230-343 Vimioso, Portugal",,,PT,N 218 Km 56 + 200m,41.5834616,-6.5094977,"Hospedagem domiciliar in Bragança, Portugal",https://www.google.com/maps/place/Carrasco+de+Cima/data=!4m7!3m6!1s0xd3bd1e3b247f5a7:0xeb785d6aaebf4c76!8m2!3d41.5834616!4d-6.5094977!16s%2Fg%2F11tf503f2r!19sChIJp_VHsuPROw0Rdky_rmpdeOs?authuser=0&hl=pt-BR&rclk=1,No,Hospedagem domiciliar,
Casa la Isla,,,"R. dos Pescadores 317, Sagres, Portugal",,,PT,R. dos Pescadores 317,37.0162091,-8.9375016,"Hospedagem domiciliar in Bragança, Portugal",https://www.google.com/maps/place/Casa+la+Isla/data=!4m10!3m9!1s0xd1b4d007ed59f43:0xbd4eb0b513ed9b39!5m2!4m1!1i2!8m2!3d37.0162091!4d-8.9375016!16s%2Fg%2F11zdyw033b!19sChIJQ5_VfgBNGw0ROZvtE7WwTr0?authuser=0&hl=pt-BR&rclk=1,No,,
Hotel shalon braganza,,,"Av. Abade de Baçal 39, 5300-068 Bragança, Portugal","3,6",,PT,Av. Abade de Baçal 39,41.8024347,-6.7721217,"Hotel de 2 estrelas in Bragança, Portugal",https://www.google.com/maps/place/Hotel+shalon+braganza/data=!4m10!3m9!1s0xd3a49002d11464d:0x16583a732b0a5f8d!5m2!4m1!1i2!8m2!3d41.8024347!4d-6.7721217!16s%2Fg%2F11ml2gjycy!19sChIJTUYRLQBJOg0RjV8KK3M6WBY?authuser=0&hl=pt-BR&rclk=1,No,,
Hotel Restaurante Tic-Tac,,'+351273331373,"R. Emídio Navarro Nº 85, 5300-210 Bragança, Portugal","3,6",,PT,R. Emídio Navarro Nº 85,41.8070895,-6.7575473,"Hotel de 2 estrelas in Bragança, Portugal",https://www.google.com/maps/place/Hotel+Restaurante+Tic-Tac/data=!4m10!3m9!1s0xd3a49fa4ce5246b:0x9206b3876f392ff2!5m2!4m1!1i2!8m2!3d41.8070895!4d-6.7575473!16s%2Fg%2F11b5pkt7fp!19sChIJayTlTPpJOg0R8i85b4ezBpI?authuser=0&hl=pt-BR&rclk=1,No,,
Casa do Forno,,'+351933287129,"Largo da Feira 27, 5300-721 Parada, Portugal","4,7",,PT,Largo da Feira 27,41.680928,-6.6993521,"Hotel de 2 estrelas in Bragança, Portugal",https://www.google.com/maps/place/Casa+do+Forno/data=!4m10!3m9!1s0xd3bcba944a273b9:0x6f2c249b180a2e15!5m2!4m1!1i2!8m2!3d41.680928!4d-6.6993521!16s%2Fg%2F11d_9kvy6c!19sChIJuXOiRKnLOw0RFS4KGJskLG8?authuser=0&hl=pt-BR&rclk=1,No,,
Casa do Boubelo,,'+351935509333,"Av. de Alcanices N° 21 1° Andar, 5230-308 Vimioso, Portugal","5,0",,PT,Av. de Alcanices N° 21 1° Andar,41.5861522,-6.5307536,"Albergue in Bragança, Portugal",https://www.google.com/maps/place/Casa+do+Boubelo/data=!4m10!3m9!1s0xd3bd100115dec6f:0xc532e4ccdedf002f!5m2!4m1!1i2!8m2!3d41.5861522!4d-6.5307536!16s%2Fg%2F11wblhkbsg!19sChIJb-xdEQDROw0RLwDf3szkMsU?authuser=0&hl=pt-BR&rclk=1,No,,
Quinta Pedro e Inês,,,"R. do Couço no 40, 5300-492 Bragança, Portugal","5,0",1,PT,R. do Couço no 40,41.6541571,-6.6623546,"Albergue in Bragança, Portugal",https://www.google.com/maps/place/Quinta+Pedro+e+In%C3%AAs/data=!4m10!3m9!1s0xd3bcd0052010ac7:0xa137d5af6ab9a289!5m2!4m1!1i2!8m2!3d41.6541571!4d-6.6623546!16s%2Fg%2F11xn0lf22n!19sChIJxwoBUgDNOw0RiaK5aq_VN6E?authuser=0&hl=pt-BR&rclk=1,No,,
Mindelo,,,"R. do Norte 91, 4485-495 Mindelo, Portugal","3,3",,PT,R. do Norte 91,41.313728,-8.732566,"Hospedaria in Esposende, Portugal",https://www.google.com/maps/place/Mindelo/data=!4m10!3m9!1s0xd2443cc11395549:0xaa4ed7f64e951070!5m2!4m1!1i2!8m2!3d41.313728!4d-8.732566!16s%2Fg%2F11xh8n_c4c!19sChIJSVU5EcxDJA0RcBCVTvbXTqo?authuser=0&hl=pt-BR&rclk=1,No,,
Hospedaria Nossa Senhora do Carmo,,,"4900-542 Viana do Castelo, Portugal",,,PT,,41.6922302,-8.8277102,"Hospedaria in Esposende, Portugal",https://www.google.com/maps/place/Hospedaria+Nossa+Senhora+do+Carmo/data=!4m11!3m10!1s0xd25b631da9dd745:0xef3400d6af275ae6!5m2!4m1!1i2!8m2!3d41.6922302!4d-8.8277102!16s%2Fg%2F11z9c9lgyc!17BQ0FF!19sChIJRded2jG2JQ0R5lonr9YANO8?authuser=0&hl=pt-BR&rclk=1,No,,
Hotel Moon & Sun Braga,,,"R. dos Capelistas 85, 4700-307 Braga, Portugal","4,5",,PT,R. dos Capelistas 85,41.551872,-8.424373,"Hotel de 4 estrelas in Esposende, Portugal",https://www.google.com/maps/place/Hotel+Moon+%26+Sun+Braga/data=!4m10!3m9!1s0xd24fee9fa433921:0xd62032d4a395464d!5m2!4m1!1i2!8m2!3d41.551872!4d-8.424373!16s%2Fg%2F11h7g4_hmt!19sChIJITlD-un-JA0RTUaVo9QyINY?authuser=0&hl=pt-BR&rclk=1,No,,
Angra Marina Hotel,,,"R. do Faleiro, 9700-075 Angra do Heroísmo, Portugal","3,7",,PT,R. do Faleiro,38.653071,-27.215268,"Hotel de 5 estrelas in Ribeira Grande, Portugal",https://www.google.com/maps/place/Angra+Marina+Hotel/data=!4m10!3m9!1s0xb467f037ad739f5:0xee5406625bdbcad0!5m2!4m1!1i2!8m2!3d38.653071!4d-27.215268!16s%2Fg%2F12hk526dq!19sChIJ9TnXegN_RgsR0MrbW2IGVO4?authuser=0&hl=pt-BR&rclk=1,No,,
Casa formosa,,,"Rua Casas da Ponte 68, 9625-400 Porto Formoso, Portugal","5,0",,PT,Rua Casas da Ponte 68,37.8238306,-25.4328958,"Hospedagem domiciliar in Ribeira Grande, Portugal",https://www.google.com/maps/place/Casa+formosa/data=!4m10!3m9!1s0xb5cd90064544d5f:0xb1818bc6fea55f7!5m2!4m1!1i2!8m2!3d37.8238306!4d-25.4328958!16s%2Fg%2F11z36mb1sk!19sChIJX01UZADZXAsR91Xqb7wYGAs?authuser=0&hl=pt-BR&rclk=1,No,,
Coração da Quinta,,,"R. da Quinta 6, Algarvia, Portugal","4,0",,PT,R. da Quinta 6,37.846805,-25.2262514,"Hospedagem domiciliar in Ribeira Grande, Portugal",https://www.google.com/maps/place/Cora%C3%A7%C3%A3o+da+Quinta/data=!4m10!3m9!1s0xb5ce1002621428d:0x463d2572cdbc6cb6!5m2!4m1!1i2!8m2!3d37.846805!4d-25.2262514!16s%2Fg%2F11w4xcwn6p!19sChIJjUIhJgDhXAsRtmy8zXIlPUY?authuser=0&hl=pt-BR&rclk=1,No,,
Casa das Caldeiras,,,"Outeiro das Caldeiras, Furnas, Portugal","5,0",1,PT,Outeiro das Caldeiras,37.7747287,-25.3064167,"Hospedagem domiciliar in Ribeira Grande, Portugal",https://www.google.com/maps/place/Casa+das+Caldeiras/data=!4m10!3m9!1s0xb5d2100178d1e57:0x72ee523afc9da1f5!5m2!4m1!1i2!8m2!3d37.7747287!4d-25.3064167!16s%2Fg%2F11w3t4wr6y!19sChIJVx6NFwAhXQsR9aGd_DpS7nI?authuser=0&hl=pt-BR&rclk=1,No,,
Chalet da Eirinha,,,"Rua da Eirinha 8A, 9675-011 Furnas, Portugal","5,0",,PT,Rua da Eirinha 8A,37.7784051,-25.3105276,"Hospedagem domiciliar in Ribeira Grande, Portugal",https://www.google.com/maps/place/Chalet+da+Eirinha/data=!4m10!3m9!1s0xb5d216a2ae4c63f:0x234d7316065b2ffc!5m2!4m1!1i2!8m2!3d37.7784051!4d-25.3105276!16s%2Fg%2F11vddj684h!19sChIJP8bkKmohXQsR_C9bBhZzTSM?authuser=0&hl=pt-BR&rclk=1,No,,
Furnas B&B,,'+351915974174,"EN1-1A 10, 9675-045 Furnas, Portugal","5,0",,PT,EN1-1A 10,37.7718867,-25.2978022,"Hospedagem domiciliar in Ribeira Grande, Portugal",https://www.google.com/maps/place/Furnas+B%26B/data=!4m7!3m6!1s0xb5d21ed2d076661:0x9d0c8dd346047f1c!8m2!3d37.7718867!4d-25.2978022!16s%2Fg%2F11s628jfrg!19sChIJYWYHLe0hXQsRHH8ERtONDJ0?authuser=0&hl=pt-BR&rclk=1,No,Hospedagem domiciliar,
Villa Blue Horizon,,,"Rua Carreira de Baixo 60, 9545-420 Santo António, Portugal",,,PT,Rua Carreira de Baixo 60,37.873677,-25.7104541,"Hospedagem domiciliar in Ribeira Grande, Portugal",https://www.google.com/maps/place/Villa+Blue+Horizon/data=!4m7!3m6!1s0xb4333007d747195:0xe54798b26af41d9!8m2!3d37.873677!4d-25.7104541!16s%2Fg%2F11nhr057sn!19sChIJlXF0fQAzQwsR2UGvJot5VA4?authuser=0&hl=pt-BR&rclk=1,No,Hospedagem domiciliar,
"Casa dos Arcos, Studios & Pool",,'+351961769616,"R. Francisco de Arruda Furtado 9, 9500-020 Ponta Delgada, Portugal","5,0",,PT,R. Francisco de Arruda Furtado 9,37.7457994,-25.6668721,"Hospedagem domiciliar in Ribeira Grande, Portugal","https://www.google.com/maps/place/Casa+dos+Arcos,+Studios+%26+Pool/data=!4m10!3m9!1s0xb432b0064f6eb0f:0xc4b4cd67051e4ed7!5m2!4m1!1i2!8m2!3d37.7457994!4d-25.6668721!16s%2Fg%2F11whq62fp6!19sChIJD-v2ZAArQwsR104eBWfNtMQ?authuser=0&hl=pt-BR&rclk=1",No,,
Szállás,,,"Canada da Figueira do Mato 8, 9545-262 Farropo, Portugal",,,PT,Canada da Figueira do Mato 8,37.8114742,-25.6292209,"Hospedagem domiciliar in Ribeira Grande, Portugal",https://www.google.com/maps/place/Sz%C3%A1ll%C3%A1s/data=!4m7!3m6!1s0xb5cd300025826d5:0xabcf1807ac4ccb77!8m2!3d37.8114742!4d-25.6292209!16s%2Fg%2F11md13qd6y!19sChIJ1SZYAgDTXAsRd8tMrAcYz6s?authuser=0&hl=pt-BR&rclk=1,No,Hospedagem domiciliar,
Escoteiros 39,,,"Estr. Regional da Ribeira Grande 740, 9500 São Roque, Portugal","3,0",1,PT,Estr. Regional da Ribeira Grande 740,37.7512658,-25.6423381,"Hospedagem domiciliar in Ribeira Grande, Portugal",https://www.google.com/maps/place/Escoteiros+39/data=!4m7!3m6!1s0xb5cd5003e8bf7b5:0x3d2430bb4b51d8ac!8m2!3d37.7512658!4d-25.6423381!16s%2Fg%2F11w91v73t5!19sChIJtfeLPgDVXAsRrNhRS7swJD0?authuser=0&hl=pt-BR&rclk=1,No,Hospedagem domiciliar,
Jubileu 74,,,"Unnamed Road, 9560, Portugal","5,0",,PT,Unnamed Road,37.7144829,-25.5096559,"Albergue in Ribeira Grande, Portugal",https://www.google.com/maps/place/Jubileu+74/data=!4m10!3m9!1s0xb5d292b70266e5d:0x82293915088b07eb!5m2!4m1!1i2!8m2!3d37.7144829!4d-25.5096559!16s%2Fg%2F11p0ztpxjk!19sChIJXW4mcCspXQsR6weLCBU5KYI?authuser=0&hl=pt-BR&rclk=1,No,,
BEM ME QUER,,,"R. Abel Diniz 9630, Nordestinho, Portugal","4,7",,PT,R. Abel Diniz 9630,37.8493016,-25.19803,"Albergue in Ribeira Grande, Portugal",https://www.google.com/maps/place/BEM+ME+QUER/data=!4m10!3m9!1s0xb5ce1e15f209545:0x4271a54b3beddba0!5m2!4m1!1i2!8m2!3d37.8493016!4d-25.19803!16s%2Fg%2F11lkhydxmx!19sChIJRZUgX-HhXAsRoNvtO0ulcUI?authuser=0&hl=pt-BR&rclk=1,No,,
Alojamento do Arco,,'+351919289940,"Rua do Peru 55, 9500-340 Ponta Delgada, Portugal","4,6",,PT,Rua do Peru 55,37.7422463,-25.6616972,"Albergue in Ribeira Grande, Portugal",https://www.google.com/maps/place/Alojamento+do+Arco/data=!4m10!3m9!1s0xb5cd5355f5c4b4d:0x66ab65a54c9ef4b!5m2!4m1!1i2!8m2!3d37.7422463!4d-25.6616972!16s%2Fg%2F11dzdb1t8_!19sChIJTUtcXzXVXAsRS-_JVFq2agY?authuser=0&hl=pt-BR&rclk=1,No,,
Hospedaria Restaurante,,,"R. Infante Dom Henrique, 3700-120 São João da Madeira, Portugal",,,PT,R. Infante Dom Henrique,40.8974424,-8.4946373,"Hospedaria in Espinho, Portugal",https://www.google.com/maps/place/Hospedaria+Restaurante/data=!4m7!3m6!1s0xd2381faacda45ab:0xdcd2e24a5bc10020!8m2!3d40.8974424!4d-8.4946373!16s%2Fg%2F11kmnyc8yl!19sChIJq0XarPqBIw0RIADBW0ri0tw?authuser=0&hl=pt-BR&rclk=1,No,Hotel,
AS,,'+351256836100,"Praça Luis Ribeiro 7, 3700-172 São João da Madeira, Portugal","3,6",,PT,Praça Luis Ribeiro 7,40.8991476,-8.4927498,"Hotel de 2 estrelas in Espinho, Portugal",https://www.google.com/maps/place/AS/data=!4m10!3m9!1s0xd2381e51e6677a9:0x115094ba5e702e5!5m2!4m1!1i2!8m2!3d40.8991476!4d-8.4927498!16s%2Fg%2F1txnqqws!19sChIJqXdmHuWBIw0R5QLnpUsJFQE?authuser=0&hl=pt-BR&rclk=1,No,,
AS,,'+351256836100,"Praça Luis Ribeiro 7, 3700-172 São João da Madeira, Portugal","3,6",,PT,Praça Luis Ribeiro 7,41.1469838,-8.5995488,"Hotel de 2 estrelas in Espinho, Portugal",https://www.google.com/maps/place/Canvas+Atelier+Hostel/data=!4m10!3m9!1s0xd2464ec281f2475:0xbafa1d6325e9d14b!5m2!4m1!1i2!8m2!3d41.1469838!4d-8.5995488!16s%2Fg%2F11c60nn2m4!19sChIJdSQfKOxkJA0RS9HpJWMd-ro?authuser=0&hl=pt-BR&rclk=1,No,,
Hotel dos Loios,,,"R. Dr. António Ferreira Soares 2, 4520-214 Santa Maria da Feira, Portugal","4,3",,PT,R. Dr. António Ferreira Soares 2,40.926233,-8.544634,"Albergue in Espinho, Portugal",https://www.google.com/maps/place/Hotel+dos+Loios/data=!4m10!3m9!1s0xd2380e22a780ce1:0xe852ad4b0318a74f!5m2!4m1!1i2!8m2!3d40.926233!4d-8.544634!16s%2Fg%2F1tm89qbg!19sChIJ4Qx4KuKAIw0RT6cYA0utUug?authuser=0&hl=pt-BR&rclk=1,No,,
Vidamar Algarve Resort,,,"Estr. dos Salgados 1, 8200-424 Guia, Portugal","4,4",,PT,Estr. dos Salgados 1,37.090498,-8.325224,"Hospedaria in Lagos, Portugal",https://www.google.com/maps/place/Vidamar+Algarve+Resort/data=!4m10!3m9!1s0xd1ad1f60088b397:0x26b86cfbc74dd257!5m2!4m1!1i2!8m2!3d37.090498!4d-8.325224!16s%2Fg%2F12hmltq2m!19sChIJl7OIAPbRGg0RV9JNx_tsuCY?authuser=0&hl=pt-BR&rclk=1,No,,
Residencia Quinta do Poço,,,"N 268 Residencia Quinta do Poço, 8650-375 Sagres, Portugal","4,3",,PT,N 268 Residencia Quinta do Poço,37.0181835,-8.9393239,"Hospedaria in Lagos, Portugal",https://www.google.com/maps/place/Residencia+Quinta+do+Po%C3%A7o/data=!4m10!3m9!1s0xd1b4c6e97794dc9:0x9a82c02e9d449001!5m2!4m1!1i2!8m2!3d37.0181835!4d-8.9393239!16s%2Fg%2F1w6_q2c3!19sChIJyU15l25MGw0RAZBEnS7Agpo?authuser=0&hl=pt-BR&rclk=1,No,,
Aparthotel Colina Sol,,'+351282475989,"Carvoeiro, Portugal","3,8",,PT,Carvoeiro,37.0911801,-8.4533795,"Hotel de 3 estrelas in Lagos, Portugal",https://www.google.com/maps/place/Aparthotel+Colina+Sol/data=!4m10!3m9!1s0xd1b28f2d31b7adb:0x1600d90285cc176e!5m2!4m1!1i2!8m2!3d37.0911801!4d-8.4533795!16s%2Fg%2F1wnbz8cb!19sChIJ23ob0_IoGw0RbhfMhQLZABY?authuser=0&hl=pt-BR&rclk=1,No,,
Casa Fajara Boutique House & Hotel,,,"Urbanização Quinta da Barrada 6, Aljezur, Portugal","4,8",,PT,Urbanização Quinta da Barrada 6,37.184273,-8.887983,"Hotel in Lagos, Portugal",https://www.google.com/maps/place/Casa+Fajara+Boutique+House+%26+Hotel/data=!4m10!3m9!1s0xd1b46fbb009b7d5:0xe4c0b01217855691!5m2!4m1!1i2!8m2!3d37.184273!4d-8.887983!16s%2Fg%2F1tls42rl!19sChIJ1bcJsPtGGw0RkVaFFxKwwOQ?authuser=0&hl=pt-BR&rclk=1,No,,
Vila Encosta da Praia Ferragudo,,'+351962506995,"M530, 8400-275 Ferragudo, Portugal","4,9",,PT,M530,37.1158728,-8.515624,"Hotel de 5 estrelas in Lagos, Portugal",https://www.google.com/maps/place/Vila+Encosta+da+Praia+Ferragudo/data=!4m10!3m9!1s0xd1b297a4beade51:0x396de3dfd029f5e1!5m2!4m1!1i2!8m2!3d37.1158728!4d-8.515624!16s%2Fg%2F11h8kvh2dr!19sChIJUd7qS3opGw0R4fUp0N_jbTk?authuser=0&hl=pt-BR&rclk=1,No,,
Lagos Atlantic Hotel,,,"Est do Monte Carapeto nº 9, 8600-515 Lagos, Portugal","4,7",,PT,Est do Monte Carapeto nº 9,37.089207,-8.685816,"Hotel de 4 estrelas in Lagos, Portugal",https://www.google.com/maps/place/Lagos+Atlantic+Hotel/data=!4m10!3m9!1s0xd1b31beee9b2c2f:0x641b6c6130237cfb!5m2!4m1!1i2!8m2!3d37.089207!4d-8.685816!16s%2Fg%2F11f714mw8x!19sChIJLyyb7r4xGw0R-3wjMGFsG2Q?authuser=0&hl=pt-BR&rclk=1,No,,
Apartamento de praia (Vista Mar),,'+351931630437,"Condomínio do Mar, Lagos, Portugal","5,0",,PT,Condomínio do Mar,37.1109519,-8.6687071,"Hospedagem domiciliar in Lagos, Portugal",https://www.google.com/maps/place/Apartamento+de+praia+%28Vista+Mar%29/data=!4m10!3m9!1s0xd1b3155fbfbb97f:0xbf0db872eb58f424!5m2!4m1!1i2!8m2!3d37.1109519!4d-8.6687071!16s%2Fg%2F11q79ptfgk!19sChIJf7n7-1UxGw0RJPRY63K4Db8?authuser=0&hl=pt-BR&rclk=1,No,,
Edificio Primavera,,,"R. Agosto Azul, 8500-801 Portimão, Portugal","4,6",,PT,R. Agosto Azul,37.121846,-8.5483798,"Hospedagem domiciliar in Lagos, Portugal",https://www.google.com/maps/place/Edificio+Primavera/data=!4m10!3m9!1s0xd1b28e0cfa2b605:0xfe205784864c30ba!5m2!4m1!1i2!8m2!3d37.121846!4d-8.5483798!16s%2Fg%2F11fy4wttfj!19sChIJBbaiz-AoGw0RujBMhoRXIP4?authuser=0&hl=pt-BR&rclk=1,No,,
Kawaii apartments by HOME TO CASA,,'+48662351032,"R. António Crisógno dos Santos 25, 8600-764 Lagos, Portugal","5,0",,PT,R. António Crisógno dos Santos 25,37.1052252,-8.675115,"Hospedagem domiciliar in Lagos, Portugal",https://www.google.com/maps/place/Kawaii+apartments+by+HOME+TO+CASA/data=!4m7!3m6!1s0xd1b31000f8f2cff:0x80d8d5849ef7002d!8m2!3d37.1052252!4d-8.675115!16s%2Fg%2F11xl0kks83!19sChIJ_yyPDwAxGw0RLQD3noTV2IA?authuser=0&hl=pt-BR&rclk=1,No,Hospedagem domiciliar,
Monte Jessanna,,'+351927187930,"8600-779 Lagos, Portugal","5,0",,PT,,37.1140997,-8.7100012,"Hospedagem domiciliar in Lagos, Portugal",https://www.google.com/maps/place/Monte+Jessanna/data=!4m7!3m6!1s0xd1b3183122cb82b:0xba5fd6c2dc3187d2!8m2!3d37.1140997!4d-8.7100012!16s%2Fg%2F11f658ltj7!19sChIJK7gsEoMxGw0R0ocx3MLWX7o?authuser=0&hl=pt-BR&rclk=1,No,Hospedagem domiciliar,
Realvor apartamentos,,,"R. Padre Mendes, 8500-081 Alvor, Portugal","5,0",1,PT,R. Padre Mendes,37.1304988,-8.5925746,"Hospedagem domiciliar in Lagos, Portugal",https://www.google.com/maps/place/Realvor+apartamentos/data=!4m7!3m6!1s0xd1b2fb682aa2c43:0x42acc60516e89c41!8m2!3d37.1304988!4d-8.5925746!16s%2Fg%2F11l1d6ktm2!19sChIJQyyqgrYvGw0RQZzoFgXGrEI?authuser=0&hl=pt-BR&rclk=1,No,Hospedagem domiciliar,
Haus di Locos,,'+351916699120,"R. dos Lusíadas 15, 2765-538 Estoril, Portugal","3,5",,PT,R. dos Lusíadas 15,38.69594,-9.376195,"Hotel de 3 estrelas in Charneca, Portugal",https://www.google.com/maps/place/Haus+di+Locos/data=!4m10!3m9!1s0xd1ec5fd0d053fbf:0x7d7eceab003d46ea!5m2!4m1!1i2!8m2!3d38.69594!4d-9.376195!16s%2Fg%2F11g1lmqwnd!19sChIJvz8FDf3FHg0R6kY9AKvOfn0?authuser=0&hl=pt-BR&rclk=1,No,,
Alvalade II Guest House,,'+351913293282,"Av. Rio de Janeiro 25, 1700-331 Lisboa, Portugal","3,8",,PT,Av. Rio de Janeiro 25,38.7552101,-9.1394343,"Hotel de 3 estrelas in Charneca, Portugal",https://www.google.com/maps/place/Alvalade+II+Guest+House/data=!4m10!3m9!1s0xd1932534df66e25:0x7e037b05164979ae!5m2!4m1!1i2!8m2!3d38.7552101!4d-9.1394343!16s%2Fg%2F11b73m7m_z!19sChIJJW72TVMyGQ0RrnlJFgV7A34?authuser=0&hl=pt-BR&rclk=1,No,,
Apartamento Rosa,,'+351965880280,"R. da Farmacia 6, 7520-437, Portugal","3,2",,PT,R. da Farmacia 6,37.8526647,-8.7923773,"Hospedaria in Santiago do Cacém, Portugal",https://www.google.com/maps/place/Apartamento+Rosa/data=!4m10!3m9!1s0xd1bbd90d3e4bc83:0xe3ba4a91361c4dd7!5m2!4m1!1i2!8m2!3d37.8526647!4d-8.7923773!16s%2Fg%2F11h6ql0jp2!19sChIJg7zk05C9Gw0R100cNpFKuuM?authuser=0&hl=pt-BR&rclk=1,No,,
Castilho Guest House,,'+351283996487,"R. da Eira da Pedra 16, 7645-258 Vila Nova de Milfontes, Portugal","3,9",,PT,R. da Eira da Pedra 16,37.7241584,-8.7862837,"Hospedaria in Santiago do Cacém, Portugal",https://www.google.com/maps/place/Castilho+Guest+House/data=!4m10!3m9!1s0xd1ba170adcfbb0b:0x7c484524b8953d75!5m2!4m1!1i2!8m2!3d37.7241584!4d-8.7862837!16s%2Fg%2F1t_wqmkb!19sChIJC7vPrXChGw0RdT2VuCRFSHw?authuser=0&hl=pt-BR&rclk=1,No,,
Refúgio do Almograve,,'+351916903892,"R. do Carriço 5, 7630-017, Portugal","4,9",,PT,R. do Carriço 5,37.652769,-8.794014,"Hospedaria in Santiago do Cacém, Portugal",https://www.google.com/maps/place/Ref%C3%BAgio+do+Almograve/data=!4m10!3m9!1s0xd1ba13a4088ac13:0xe6d5bf66024196f1!5m2!4m1!1i2!8m2!3d37.652769!4d-8.794014!16s%2Fg%2F11h6t71zvj!19sChIJE6yIQDqhGw0R8ZZBAma_1eY?authuser=0&hl=pt-BR&rclk=1,No,,
Hotel Dom Jorge,,'+351269498810,"Praça D. Jorge 14, 7570-139 Grândola, Portugal","3,9",,PT,Praça D. Jorge 14,38.1753125,-8.567681,"Hotel de 3 estrelas in Santiago do Cacém, Portugal",https://www.google.com/maps/place/Hotel+Dom+Jorge/data=!4m10!3m9!1s0xd1bd20119d69893:0x5eba558a676b26bd!5m2!4m1!1i2!8m2!3d38.1753125!4d-8.567681!16s%2Fg%2F1tdm9lsv!19sChIJk5jWGQHSGw0RvSZrZ4pVul4?authuser=0&hl=pt-BR&rclk=1,No,,
Hotel Veleiro,,'+351269634751,"R. Sacadura Cabral 19 A, 7520-239 Sines, Portugal","4,1",,PT,R. Sacadura Cabral 19 A,37.9548926,-8.8685542,"Hotel de 3 estrelas in Santiago do Cacém, Portugal",https://www.google.com/maps/place/Hotel+Veleiro/data=!4m10!3m9!1s0xd1b9510ba31a951:0x9f166185781ca285!5m2!4m1!1i2!8m2!3d37.9548926!4d-8.8685542!16s%2Fg%2F11b6dhjt6d!19sChIJUakxuhCVGw0RhaIceIVhFp8?authuser=0&hl=pt-BR&rclk=1,No,,
Azul Alentejano Traditional Hotel,,'+351926196473,"R. da Parreira 9, 7555-119, Portugal","3,8",,PT,R. da Parreira 9,37.8012874,-8.6729398,"Hotel de 3 estrelas in Santiago do Cacém, Portugal",https://www.google.com/maps/place/Azul+Alentejano+Traditional+Hotel/data=!4m10!3m9!1s0xd1ba56f3174770d:0x87c28d8f191eb00c!5m2!4m1!1i2!8m2!3d37.8012874!4d-8.6729398!16s%2Fg%2F11yccjr2d!19sChIJDXd0MW-lGw0RDLAeGY-Nwoc?authuser=0&hl=pt-BR&rclk=1,No,,
Casa Girassol,,'+351962646784,"Largo 28 de Agosto nº 8, 7540-126 Santiago do Cacém, Portugal","3,8",,PT,Largo 28 de Agosto nº 8,38.016176,-8.694984,"Hotel de 3 estrelas in Santiago do Cacém, Portugal",https://www.google.com/maps/place/Casa+Girassol/data=!4m10!3m9!1s0xd1bc7a29b7dfaeb:0xd6e21fca08db681f!5m2!4m1!1i2!8m2!3d38.016176!4d-8.694984!16s%2Fg%2F11f0kst8m4!19sChIJ6_p9m6LHGw0RH2jbCMof4tY?authuser=0&hl=pt-BR&rclk=1,No,,
Courela do Salgueiro,,'+351914916782,"Estrada Nacional 120 Km60 Vale Seco, Santiago do Cacém, Portugal","4,4",,PT,Estrada Nacional 120 Km60 Vale Seco,37.916183,-8.6983955,"Hotel de 4 estrelas in Santiago do Cacém, Portugal",https://www.google.com/maps/place/Courela+do+Salgueiro/data=!4m10!3m9!1s0xd1bb9844e7c67cf:0xfd68907f200a2fb2!5m2!4m1!1i2!8m2!3d37.916183!4d-8.6983955!16s%2Fg%2F11b73r80wj!19sChIJz2d8ToS5Gw0Rsi8KIH-QaP0?authuser=0&hl=pt-BR&rclk=1,No,,
Rural da Daroeira,,'+351269590050,"Alvalade, Portugal","4,7",,PT,Alvalade,37.9110234,-8.3276796,"Hotel de 4 estrelas in Santiago do Cacém, Portugal",https://www.google.com/maps/place/Rural+da+Daroeira/data=!4m10!3m9!1s0xd1a4f6c87286e7d:0xe87192b2bca229af!5m2!4m1!1i2!8m2!3d37.9110234!4d-8.3276796!16s%2Fg%2F11b73kt1ht!19sChIJfW4oh2xPGg0RrymivLKSceg?authuser=0&hl=pt-BR&rclk=1,No,,
Monte Faneca,,,"R6PR+XQ, Sines, Portugal",,,PT,R6PR+XQ,37.8386875,-8.7555625,"Hospedagem domiciliar in Santiago do Cacém, Portugal",https://www.google.com/maps/place/Monte+Faneca/data=!4m7!3m6!1s0xd1bbd00796d1d25:0x38cab014c59175d2!8m2!3d37.8386875!4d-8.7555625!16s%2Fg%2F11zdr0rjny!19sChIJJR1teQC9Gw0R0nWRxRSwyjg?authuser=0&hl=pt-BR&rclk=1,No,Hospedagem domiciliar,
Alojamiento Parfum de la Mer,,'+33786339094,"R. Alexandre Massaii 5, Sines, Portugal","4,9",,PT,R. Alexandre Massaii 5,37.9530302,-8.875002,"Hospedagem domiciliar in Santiago do Cacém, Portugal",https://www.google.com/maps/place/Alojamiento+Parfum+de+la+Mer/data=!4m7!3m6!1s0xd1b9520a252b153:0x9164c243e82d9a4d!8m2!3d37.9530302!4d-8.875002!16s%2Fg%2F11tf9ncg57!19sChIJU7FSoiCVGw0RTZot6EPCZJE?authuser=0&hl=pt-BR&rclk=1,No,Hospedagem domiciliar,
GR ALENTEJO HILLS Nature & Tranquility,,,"Santa Margarida da Serra, Portugal","5,0",1,PT,Santa Margarida da Serra,38.089491,-8.5542914,"Hospedagem domiciliar in Santiago do Cacém, Portugal",https://www.google.com/maps/place/GR+ALENTEJO+HILLS+Nature+%26+Tranquility/data=!4m7!3m6!1s0xd1bcd000b688d4b:0xc18c24ede70296d1!8m2!3d38.089491!4d-8.5542914!16s%2Fg%2F11n57n7vf8!19sChIJS41oCwDNGw0R0ZYC5-0kjME?authuser=0&hl=pt-BR&rclk=1,No,Hospedagem domiciliar,
Alojamento Santo André,,,"Bairro Azul A4, Santiago do Cacém, Portugal",,,PT,Bairro Azul A4,38.0570178,-8.7839522,"Hospedagem domiciliar in Santiago do Cacém, Portugal",https://www.google.com/maps/place/Alojamento+Santo+Andr%C3%A9/data=!4m7!3m6!1s0xd1bc10060102ab7:0x99803ea9704cd9ae!8m2!3d38.0570178!4d-8.7839522!16s%2Fg%2F11nj9v7lnv!19sChIJtyoQYADBGw0RrtlMcKk-gJk?authuser=0&hl=pt-BR&rclk=1,No,Hospedagem domiciliar,
Monte do VMS,,,"576F+8C, Melides, Portugal","5,0",1,PT,576F+8C,38.1607984,-8.7264309,"Hospedagem domiciliar in Santiago do Cacém, Portugal",https://www.google.com/maps/place/Monte+do+VMS/data=!4m7!3m6!1s0xd1bdb002105f619:0xd0dbe9f69de464f9!8m2!3d38.1607984!4d-8.7264309!16s%2Fg%2F11zgyd8xhy!19sChIJGfYFIQDbGw0R-WTknfbp29A?authuser=0&hl=pt-BR&rclk=1,No,Hospedagem domiciliar,
Casa da Chlo,,,Portugal,"5,0",1,PT,Portugal,38.1113463,-8.7652298,"Hospedagem domiciliar in Santiago do Cacém, Portugal",https://www.google.com/maps/place/Casa+da+Chlo/data=!4m7!3m6!1s0xd1bc3006cce0baf:0xedb3fccb8ab14622!8m2!3d38.1113463!4d-8.7652298!16s%2Fg%2F11vs_5bnwx!19sChIJrwvObADDGw0RIkaxisv8s-0?authuser=0&hl=pt-BR&rclk=1,No,Hospedagem domiciliar,
AL quinta das TEIMOSAS,,,"R85G+XX, Portugal","4,7",,PT,R85G+XX,37.8098569,-8.6719424,"Hospedagem domiciliar in Santiago do Cacém, Portugal",https://www.google.com/maps/place/AL+quinta+das+TEIMOSAS/data=!4m7!3m6!1s0xd1ba500af970553:0xa3eed50c890ca9c!8m2!3d37.8098569!4d-8.6719424!16s%2Fg%2F11k3kr0d29!19sChIJUwWXrwClGw0RnMqQyFDtPgo?authuser=0&hl=pt-BR&rclk=1,No,Hospedagem domiciliar,
São Francisco da Serra,,,"R. Manuel Guerreiro Malhadais 43, 7540-555, Portugal",,,PT,R. Manuel Guerreiro Malhadais 43,38.0894586,-8.667198,"Hospedagem domiciliar in Santiago do Cacém, Portugal",https://www.google.com/maps/place/S%C3%A3o+Francisco+da+Serra/data=!4m7!3m6!1s0xd1bc57800bc4699:0xa23c350b9ba1c415!8m2!3d38.0894586!4d-8.667198!16s%2Fg%2F11q4mb16bd!19sChIJmUa8AHjFGw0RFcShmws1PKI?authuser=0&hl=pt-BR&rclk=1,No,Hospedagem domiciliar,
Monte do Sottomayor,,,"7570 Grândola, Portugal","5,0",1,PT,7570 Grândola,38.1126038,-8.5319958,"Hospedagem domiciliar in Santiago do Cacém, Portugal",https://www.google.com/maps/place/Monte+do+Sottomayor/data=!4m7!3m6!1s0xd1bcdff44a4ff7d:0x171214354ac2332d!8m2!3d38.1126038!4d-8.5319958!16s%2Fg%2F11q2qk41bw!19sChIJff-kRP_NGw0RLTPCSjUUEhc?authuser=0&hl=pt-BR&rclk=1,No,Hospedagem domiciliar,
Lobata da Maria,,,"275Q+GF, 7540-230 Santiago do Cacém, Portugal","5,0",,PT,275Q+GF,38.0088436,-8.7114006,"Hospedagem domiciliar in Santiago do Cacém, Portugal",https://www.google.com/maps/place/Lobata+da+Maria/data=!4m10!3m9!1s0xd1bc70008effc69:0xa6621bc2e1497693!5m2!4m1!1i2!8m2!3d38.0088436!4d-8.7114006!16s%2Fg%2F11vqhjfwps!19sChIJafzvCADHGw0Rk3ZJ4cIbYqY?authuser=0&hl=pt-BR&rclk=1,No,,
Sobreiras Dunes Melides,,'+351967652438,"685Q+6P, Grândola, Portugal",,,PT,685Q+6P,38.2080767,-8.6606913,"Hospedagem domiciliar in Santiago do Cacém, Portugal",https://www.google.com/maps/place/Sobreiras+Dunes+Melides/data=!4m7!3m6!1s0xd1bdb000837899b:0xef7895a3ca3c4c4a!8m2!3d38.2080767!4d-8.6606913!16s%2Fg%2F11z85499mv!19sChIJm4k3CADbGw0RSkw8yqOVeO8?authuser=0&hl=pt-BR&rclk=1,No,Hospedagem domiciliar,
Casa Cactus Melides,,'+351917171803,"Sancha, 7570-401 Melides, Portugal","5,0",,PT,Sancha,38.1381065,-8.7382941,"Hospedagem domiciliar in Santiago do Cacém, Portugal",https://www.google.com/maps/place/Casa+Cactus+Melides/data=!4m7!3m6!1s0xd1bc539bac80a4f:0x267940d33c92a240!8m2!3d38.1381065!4d-8.7382941!16s%2Fg%2F11np36qpyx!19sChIJTwrIujnFGw0RQKKSPNNAeSY?authuser=0&hl=pt-BR&rclk=1,No,Hospedagem domiciliar,
Monte da Cardela,,,"Monte da Cardela, Melides, Portugal","5,0",1,PT,Monte da Cardela,38.129059,-8.7173667,"Hospedagem domiciliar in Santiago do Cacém, Portugal",https://www.google.com/maps/place/Monte+da+Cardela/data=!4m7!3m6!1s0xd1bc5001e4969f3:0x4a6f1a6c6606fdc2!8m2!3d38.129059!4d-8.7173667!16s%2Fg%2F11wq06vg4p!19sChIJ82lJHgDFGw0Rwv0GZmwab0o?authuser=0&hl=pt-BR&rclk=1,No,Hospedagem domiciliar,
Monte das Laranjeiras do Sul / Courela das Laranjeiras do Sul,,,"Rua da Escola Primária 31, 7540, Portugal",,,PT,Rua da Escola Primária 31,38.0908796,-8.6585315,"Hospedagem domiciliar in Santiago do Cacém, Portugal",https://www.google.com/maps/place/Monte+das+Laranjeiras+do+Sul+%2F+Courela+das+Laranjeiras+do+Sul/data=!4m7!3m6!1s0xd1bcf002a69f0c7:0xcd15cfcb5d209c8!8m2!3d38.0908796!4d-8.6585315!16s%2Fg%2F11vwknd_r6!19sChIJx_BpKgDPGw0RyAnStfxc0Qw?authuser=0&hl=pt-BR&rclk=1,No,Hospedagem domiciliar,
Casa da lene,,,"Sines, Portugal",,,PT,Sines,37.9661744,-8.8447488,"Hospedagem domiciliar in Santiago do Cacém, Portugal",https://www.google.com/maps/place/Casa+da+lene/data=!4m7!3m6!1s0xd1b95003b5c6249:0x53c61bd3e9a17752!8m2!3d37.9661744!4d-8.8447488!16s%2Fg%2F11yz0jwk26!19sChIJSWJcOwCVGw0RUneh6dMbxlM?authuser=0&hl=pt-BR&rclk=1,No,Hospedagem domiciliar,
Naza's,,,"Tv. da Liberdade 7, Santiago do Cacém, Portugal",,,PT,Tv. da Liberdade 7,38.0119272,-8.7035845,"Hospedagem domiciliar in Santiago do Cacém, Portugal",https://www.google.com/maps/place/Naza%27s/data=!4m7!3m6!1s0xd1bc70005921eed:0x4b35de9f68be79d6!8m2!3d38.0119272!4d-8.7035845!16s%2Fg%2F11yhskb_qs!19sChIJ7R6SBQDHGw0R1nm-aJ_eNUs?authuser=0&hl=pt-BR&rclk=1,No,Hospedagem domiciliar,
Turismo - Bairro do Vau,,,"Melides, Portugal",,,PT,Melides,38.1134523,-8.7639,"Hospedagem domiciliar in Santiago do Cacém, Portugal",https://www.google.com/maps/place/Turismo+-+Bairro+do+Vau/data=!4m7!3m6!1s0xd1bc335ecfe1c97:0xc0b02f314310c002!8m2!3d38.1134523!4d-8.7639!16s%2Fg%2F11v0xts9dw!19sChIJlxz-7DXDGw0RAsAQQzEvsMA?authuser=0&hl=pt-BR&rclk=1,No,Hospedagem domiciliar,
Moinho do Braz,,,"Moinho do Braz, 7520-309 Sines, Portugal",,,PT,Moinho do Braz,37.9607883,-8.8355584,"Hospedagem domiciliar in Santiago do Cacém, Portugal",https://www.google.com/maps/place/Moinho+do+Braz/data=!4m7!3m6!1s0xd1b950015e315db:0xd6be0eb28e1a867d!8m2!3d37.9607883!4d-8.8355584!16s%2Fg%2F11y3f72_f7!19sChIJ2xXjFQCVGw0RfYYajrIOvtY?authuser=0&hl=pt-BR&rclk=1,No,Hospedagem domiciliar,
Residencial Gabriel,,'+351269822245,"R. Prof. Egas Moniz 24, 7540-150 Santiago do Cacém, Portugal","3,7",,PT,R. Prof. Egas Moniz 24,38.0177957,-8.6943131,"Hospedagem domiciliar in Santiago do Cacém, Portugal",https://www.google.com/maps/place/Residencial+Gabriel/data=!4m10!3m9!1s0xd1bc7a2c294ac5f:0xaf1f6decc1fcf420!5m2!4m1!1i2!8m2!3d38.0177957!4d-8.6943131!16s%2Fg%2F1thxmbgj!19sChIJX6yUwqLHGw0RIPT8wextH68?authuser=0&hl=pt-BR&rclk=1,No,,
Alojamento Local Largo da Igreja,,'+351969877446,"Largo da Igreja, 7500-011, Portugal","4,3",,PT,Largo da Igreja,38.0538867,-8.7517465,"Hospedagem domiciliar in Santiago do Cacém, Portugal",https://www.google.com/maps/place/Alojamento+Local+Largo+da+Igreja/data=!4m10!3m9!1s0xd1bc1df41897cd3:0x48045fd5a1e5a93!5m2!4m1!1i2!8m2!3d38.0538867!4d-8.7517465!16s%2Fg%2F11t9w4jns_!19sChIJ03yJQd_BGw0Rk1oeWv1FgAQ?authuser=0&hl=pt-BR&rclk=1,No,,
Quinta dos Cardos,,'+351911931530,Portugal,"4,5",,PT,Portugal,37.8059997,-8.6814638,"Hospedagem domiciliar in Santiago do Cacém, Portugal",https://www.google.com/maps/place/Quinta+dos+Cardos/data=!4m7!3m6!1s0xd1ba5178b1c5e9d:0x7bbbdc7a03eca304!8m2!3d37.8059997!4d-8.6814638!16s%2Fg%2F11rfq5xpx6!19sChIJnV4cixelGw0RBKPsA3rcu3s?authuser=0&hl=pt-BR&rclk=1,No,Hospedagem domiciliar,
Herdade do Carrascal Country Village,,,"Santa Margarida da Serra, Portugal",,,PT,Santa Margarida da Serra,38.1196461,-8.5897867,"Hospedagem domiciliar in Santiago do Cacém, Portugal",https://www.google.com/maps/place/Herdade+do+Carrascal+Country+Village/data=!4m7!3m6!1s0xd1bcf745f96973b:0xcf2d8c8cae706fac!8m2!3d38.1196461!4d-8.5897867!16s%2Fg%2F11symcl0jw!19sChIJO5eWX3TPGw0RrG9wroyMLc8?authuser=0&hl=pt-BR&rclk=1,No,Hospedagem domiciliar,
Elements Alentejo,,,"Courela do Chaparrinho, 7540-060 Vale Seco, Portugal","5,0",,PT,Courela do Chaparrinho,37.9129746,-8.6830745,"Hospedagem domiciliar in Santiago do Cacém, Portugal",https://www.google.com/maps/place/Elements+Alentejo/data=!4m7!3m6!1s0xd1bb921918db2b9:0xc052141a5b7fc734!8m2!3d37.9129746!4d-8.6830745!16s%2Fg%2F11t64g9f4k!19sChIJubKNkSG5Gw0RNMd_WxoUUsA?authuser=0&hl=pt-BR&rclk=1,No,Hospedagem domiciliar,
Monte do Chico Papas,,,"6FVP+6G, Grândola, Portugal",,,PT,6FVP+6G,38.2430971,-8.5136828,"Hospedagem domiciliar in Santiago do Cacém, Portugal",https://www.google.com/maps/place/Monte+do+Chico+Papas/data=!4m7!3m6!1s0xd1bd37e5534f751:0x991239189ee651d5!8m2!3d38.2430971!4d-8.5136828!16s%2Fg%2F11krgc8q8s!19sChIJUfc0VX7TGw0R1VHmnhg5Epk?authuser=0&hl=pt-BR&rclk=1,No,Hospedagem domiciliar,
Herdade Do Chaparral,,,"Herd. Do Chaparral, Brejinho D'agua, 7570-461 Melides, Portugal","4,6",,PT,Brejinho D'agua,38.2470149,-8.6936496,"Hospedagem domiciliar in Santiago do Cacém, Portugal",https://www.google.com/maps/place/Herdade+Do+Chaparral/data=!4m7!3m6!1s0xd1bd902015bd8a9:0xa34b8146128ed0f4!8m2!3d38.2470149!4d-8.6936496!16s%2Fg%2F11p4mz_w03!19sChIJqdhbAQLZGw0R9NCOEkaBS6M?authuser=0&hl=pt-BR&rclk=1,No,Hospedagem domiciliar,
Cercal do alentejo,,,"7630-174 Colos, Portugal",,,PT,,37.7691065,-8.5616491,"Hospedagem domiciliar in Santiago do Cacém, Portugal",https://www.google.com/maps/place/Cercal+do+alentejo/data=!4m7!3m6!1s0xd1bad0019f5b10b:0xc7990027cd4a66f3!8m2!3d37.7691065!4d-8.5616491!16s%2Fg%2F11yxmps1p3!19sChIJC7H1GQCtGw0R82ZKzScAmcc?authuser=0&hl=pt-BR&rclk=1,No,Hospedagem domiciliar,
I Ka Hale,,'+351962565474,"Ribeira da Azenha, CP, 671, 7645-065, Portugal","4,6",,PT,671,37.8016792,-8.7608751,"Hotel de 2 estrelas in Santiago do Cacém, Portugal",https://www.google.com/maps/place/I+Ka+Hale/data=!4m10!3m9!1s0xd1ba3a93aa078df:0xe62ef31179b77e93!5m2!4m1!1i2!8m2!3d37.8016792!4d-8.7608751!16s%2Fg%2F11f9xy4rhm!19sChIJ33igOqmjGw0Rk363eRHzLuY?authuser=0&hl=pt-BR&rclk=1,No,,
Quinta do Pinheiro,,'+351269442851,"Sobreiras Altas, 7570-743 Melides, Portugal","4,5",,PT,Sobreiras Altas,38.1849535,-8.6683712,"Hotel de 2 estrelas in Santiago do Cacém, Portugal",https://www.google.com/maps/place/Quinta+do+Pinheiro/data=!4m10!3m9!1s0xd1bdaa28b030a8b:0x3963d7b6fd7bec61!5m2!4m1!1i2!8m2!3d38.1849535!4d-8.6683712!16s%2Fg%2F11fy1dn2_q!19sChIJiwoDi6LaGw0RYex7_bbXYzk?authuser=0&hl=pt-BR&rclk=1,No,,
Estanqueira Guest House,,'+351965609560,"Estanqueira Nova, 7520-046 Sines, Portugal","3,3",,PT,Estanqueira Nova,37.9608044,-8.8555557,"Albergue in Santiago do Cacém, Portugal",https://www.google.com/maps/place/Estanqueira+Guest+House/data=!4m10!3m9!1s0xd1b95745b3b3e3d:0x40e5420f34bedc80!5m2!4m1!1i2!8m2!3d37.9608044!4d-8.8555557!16s%2Fg%2F11t5x1bx85!19sChIJPT47W3SVGw0RgNy-NA9C5UA?authuser=0&hl=pt-BR&rclk=1,No,,
Casas da Bica,,,"R. da Bica Santa 7555, Portugal","4,1",,PT,R. da Bica Santa 7555,37.7878395,-8.6861371,"Albergue in Santiago do Cacém, Portugal",https://www.google.com/maps/place/Casas+da+Bica/data=!4m10!3m9!1s0xd1ba5ae9912b8f1:0x77c02edd66e990e1!5m2!4m1!1i2!8m2!3d37.7878395!4d-8.6861371!16s%2Fg%2F11swttx_kf!19sChIJ8bgSma6lGw0R4ZDpZt0uwHc?authuser=0&hl=pt-BR&rclk=1,No,,
Casa dos Diogos,,'+351964122353,"R. 25 de Abril 6, Aldeia do Futuro, 7570-165 Grândola, Portugal","4,1",,PT,Aldeia do Futuro,38.1901117,-8.5551501,"Albergue in Santiago do Cacém, Portugal",https://www.google.com/maps/place/Casa+dos+Diogos/data=!4m10!3m9!1s0xd1bd3002ded8c1d:0x6899ccfa72770f1b!5m2!4m1!1i2!8m2!3d38.1901117!4d-8.5551501!16s%2Fg%2F11vk6rzb69!19sChIJHYztLQDTGw0RGw93cvrMmWg?authuser=0&hl=pt-BR&rclk=1,No,,
Monte Frei Cuco,,,"27WF+6G, Santiago do Cacém, Portugal","4,4",,PT,27WF+6G,38.0456027,-8.7262598,"Albergue in Santiago do Cacém, Portugal",https://www.google.com/maps/place/Monte+Frei+Cuco/data=!4m10!3m9!1s0xd1bc74fb9cc4697:0x2b32eb4598528183!5m2!4m1!1i2!8m2!3d38.0456027!4d-8.7262598!16s%2Fg%2F11tmj1cvx6!19sChIJl0bMuU_HGw0Rg4FSmEXrMis?authuser=0&hl=pt-BR&rclk=1,No,,
Dunas House,,,"R. das Dunas 7i NR 79, 7500-190 Santiago do Cacém, Portugal","3,0",,PT,R. das Dunas 7i NR 79,38.0661478,-8.788867,"Albergue in Santiago do Cacém, Portugal",https://www.google.com/maps/place/Dunas+House/data=!4m10!3m9!1s0xd1bc1bed4bb8c89:0x1e2908e3724e0aec!5m2!4m1!1i2!8m2!3d38.0661478!4d-8.788867!16s%2Fg%2F11s_znfgy9!19sChIJiYy71L7BGw0R7ApOcuMIKR4?authuser=0&hl=pt-BR&rclk=1,No,,
O Lugar do Sonho - AL,,,"N120 1, 7555-135, Portugal","5,0",,PT,N120 1,37.7947282,-8.669462,"Albergue in Santiago do Cacém, Portugal",https://www.google.com/maps/place/O+Lugar+do+Sonho+-+AL/data=!4m10!3m9!1s0xd1ba5ed396f60bf:0xf24a7d835990b55a!5m2!4m1!1i2!8m2!3d37.7947282!4d-8.669462!16s%2Fg%2F11vb63jrnf!19sChIJv2BvOe2lGw0RWrWQWYN9SvI?authuser=0&hl=pt-BR&rclk=1,No,,
Casa D'Avó Souzinha,,,"Av. Manuel Joaquim Pereira 7565, Ermidas do Sado, Portugal","5,0",1,PT,Av. Manuel Joaquim Pereira 7565,38.007634,-8.4138325,"Albergue in Santiago do Cacém, Portugal",https://www.google.com/maps/place/Casa+D%27Av%C3%B3+Souzinha/data=!4m10!3m9!1s0xd1a4b13ae4e5a77:0x9c8be10c167180ba!5m2!4m1!1i2!8m2!3d38.007634!4d-8.4138325!16s%2Fg%2F11qq4l21mx!19sChIJd1pOrhNLGg0RuoBxFgzhi5w?authuser=0&hl=pt-BR&rclk=1,No,,
Quinta de São Marcos,,'+351936450620,"Rua Fernando Tudela de Castilho n.º17, 6230-298 Fundão, Portugal","4,5",,PT,Rua Fernando Tudela de Castilho n.º17,40.1572595,-7.4954318,"Hotel de 3 estrelas in Fundão, Portugal",https://www.google.com/maps/place/Quinta+de+S%C3%A3o+Marcos/data=!4m10!3m9!1s0xd3d3c24db9ae259:0xe87539d86e854726!5m2!4m1!1i2!8m2!3d40.1572595!4d-7.4954318!16s%2Fg%2F11dxdd157r!19sChIJWeKa2yQ8PQ0RJkeFbtg5deg?authuser=0&hl=pt-BR&rclk=1,No,,
Casa dos Teares,,'+351238677757,"Rua José João Mendes nº3 – Secolinho, 3400-269 Aldeia das Dez, Portugal","4,8",,PT,Rua José João Mendes nº3 – Secolinho,40.2919622,-7.865425,"Hotel de 3 estrelas in Fundão, Portugal",https://www.google.com/maps/place/Casa+dos+Teares/data=!4m10!3m9!1s0xd22d4043944d107:0xaf3360dabcd29273!5m2!4m1!1i2!8m2!3d40.2919622!4d-7.865425!16s%2Fg%2F1tflt918!19sChIJB9FEOQTUIg0Rc5LSvNpgM68?authuser=0&hl=pt-BR&rclk=1,No,,
Casa da Carvalha - Alojamento Local,,'+351964203125,"Tv. de Santo António 13, 6270-122 Loriga, Portugal","4,9",,PT,Tv. de Santo António 13,40.324173,-7.6904516,"Hotel de 3 estrelas in Fundão, Portugal",https://www.google.com/maps/place/Casa+da+Carvalha+-+Alojamento+Local/data=!4m10!3m9!1s0xd3d294824b8fdfd:0x8ddddcb7bc5ef50a!5m2!4m1!1i2!8m2!3d40.324173!4d-7.6904516!16s%2Fg%2F11fn0d168_!19sChIJ_f24JEgpPQ0RCvVevLfc3Y0?authuser=0&hl=pt-BR&rclk=1,No,,
Garden House Fundão,,'+351936708324,"Praça do Município 30, 6230-338 Fundão, Portugal","4,9",,PT,Praça do Município 30,40.1380752,-7.5000308,"Hotel in Fundão, Portugal",https://www.google.com/maps/place/Garden+House+Fund%C3%A3o/data=!4m10!3m9!1s0xd3d3fd04e10661d:0x8071d6391b86fbfb!5m2!4m1!1i2!8m2!3d40.1380752!4d-7.5000308!16s%2Fg%2F11lcystg1_!19sChIJHWYQTtA_PQ0R-_uGGznWcYA?authuser=0&hl=pt-BR&rclk=1,No,,
Hotel Sénior Príncipe da Beira,,'+351275247380,"EN 18 Km 63, 5 Sitio da Maria Negra Donas DONAS, 6230-170 Fundão, Portugal","4,0",,PT,5 Sitio da Maria Negra Donas DONAS,40.1270062,-7.4781436,"Hotel de 4 estrelas in Fundão, Portugal",https://www.google.com/maps/place/Hotel+S%C3%A9nior+Pr%C3%ADncipe+da+Beira/data=!4m10!3m9!1s0xd3d35f97d215341:0xa14e824ac6bf088!5m2!4m1!1i2!8m2!3d40.1270062!4d-7.4781436!16s%2Fg%2F1tp_7pnp!19sChIJQVMhffk1PQ0RiPBrrCToFAo?authuser=0&hl=pt-BR&rclk=1,No,,
Casa de Baixo - Nature Hotel,,,"R. Arrifana 11, 3400-310, Portugal","4,7",,PT,R. Arrifana 11,40.3034562,-7.8356626,"Hotel de 4 estrelas in Fundão, Portugal",https://www.google.com/maps/place/Casa+de+Baixo+-+Nature+Hotel/data=!4m10!3m9!1s0xd22d4669ef19167:0xb66e029d25b3d940!5m2!4m1!1i2!8m2!3d40.3034562!4d-7.8356626!16s%2Fg%2F11c5btmv3t!19sChIJZ5HxnmbUIg0RQNmzJZ0CbrY?authuser=0&hl=pt-BR&rclk=1,No,,
Quinta dos Barbas,,'+351918127192,"3400-654 São Gião, Portugal","4,8",,PT,,40.3370247,-7.8098177,"Hotel de 4 estrelas in Fundão, Portugal",https://www.google.com/maps/place/Quinta+dos+Barbas/data=!4m10!3m9!1s0xd22d5191eef80af:0xae4b32a5e690c28!5m2!4m1!1i2!8m2!3d40.3370247!4d-7.8098177!16s%2Fg%2F1hc1mmgpq!19sChIJr4DvHhnVIg0RKAxpXiqz5Ao?authuser=0&hl=pt-BR&rclk=1,No,,
Kasas do Serado,,'+351912709457,"Caria, Portugal","4,7",,PT,Caria,40.2918691,-7.3693618,"Hotel de 4 estrelas in Fundão, Portugal",https://www.google.com/maps/place/Kasas+do+Serado/data=!4m10!3m9!1s0xd3d196c40d95915:0x597d724d2c4a3acc!5m2!4m1!1i2!8m2!3d40.2918691!4d-7.3693618!16s%2Fg%2F11btwr059c!19sChIJFVnZQGwZPQ0RzDpKLE1yfVk?authuser=0&hl=pt-BR&rclk=1,No,,
R chafariz 2,,,"R. do Castelo 2, 6230-600 Póvoa de Atalaia, Portugal",,,PT,R. do Castelo 2,40.0657801,-7.432372,"Hospedagem domiciliar in Fundão, Portugal",https://www.google.com/maps/place/R+chafariz+2/data=!4m7!3m6!1s0xd3d6b007147c223:0x44ef059f6a84d74c!8m2!3d40.0657801!4d-7.432372!16s%2Fg%2F11ytw2z0wv!19sChIJI8JHcQBrPQ0RTNeEap8F70Q?authuser=0&hl=pt-BR&rclk=1,No,Hospedagem domiciliar,
"uma encantadora unidade de alojamento na tipologia T0+1 com 34,13 m²",,,"6320-530, Portugal",,,PT,,40.3286018,-7.21629,"Hospedagem domiciliar in Fundão, Portugal","https://www.google.com/maps/place/uma+encantadora+unidade+de+alojamento+na+tipologia+T0%2B1+com+34,13+m%C2%B2/data=!4m11!3m10!1s0xd3d03875659db11:0x5f263e553185a9a5!5m2!4m1!1i2!8m2!3d40.3286018!4d-7.21629!16s%2Fg%2F11w9xyqr6q!17BQ0FF!19sChIJEdtZVocDPQ0RpamFMVU-Jl8?authuser=0&hl=pt-BR&rclk=1",No,,
Danairbnb,,,"VF22+PQ, Castelo Branco, Portugal",,,PT,VF22+PQ,39.851809,-7.548067,"Hospedagem domiciliar in Fundão, Portugal",https://www.google.com/maps/place/Danairbnb/data=!4m7!3m6!1s0xd3d5b007ce7aecb:0x14e6f4061a271a4a!8m2!3d39.851809!4d-7.548067!16s%2Fg%2F11vywhk9qf!19sChIJy67nfABbPQ0RShonGgb05hQ?authuser=0&hl=pt-BR&rclk=1,No,Hospedagem domiciliar,
Hospedagem Dona Rosalina - Double Room with Terrace,,,"6270-211, Portugal",,,PT,,40.4161186,-7.7276401,"Hospedagem domiciliar in Fundão, Portugal",https://www.google.com/maps/place/Hospedagem+Dona+Rosalina+-+Double+Room+with+Terrace/data=!4m11!3m10!1s0xd3cd5b3238914f1:0xab41e4d09225f9ca!5m2!4m1!1i2!8m2!3d40.4161186!4d-7.7276401!16s%2Fg%2F11kj5nh19l!17BQ0FF!19sChIJ8RSJI7PVPA0RyvklktDkQas?authuser=0&hl=pt-BR&rclk=1,No,,
Casa de Santo António,,'+351912225511,"Rua de St António 12, 6060-531, Portugal",,,PT,Rua de St António 12,39.9225524,-7.0343507,"Hospedagem domiciliar in Fundão, Portugal",https://www.google.com/maps/place/Casa+de+Santo+Ant%C3%B3nio/data=!4m7!3m6!1s0xd3d83004a6a4427:0x1a49171a43c8a553!8m2!3d39.9225524!4d-7.0343507!16s%2Fg%2F11nq104f3j!19sChIJJ0RqSgCDPQ0RU6XIQxoXSRo?authuser=0&hl=pt-BR&rclk=1,No,Hospedagem domiciliar,
Beco do Braçal,,,"Vila Nova de Poiares, Portugal","5,0",,PT,Vila Nova de Poiares,40.2026658,-8.2315129,"Hospedagem domiciliar in Fundão, Portugal",https://www.google.com/maps/place/Beco+do+Bra%C3%A7al/data=!4m7!3m6!1s0xd22e5ab1151c4bf:0xf5f0c3c6562291!8m2!3d40.2026658!4d-8.2315129!16s%2Fg%2F11t2vld77m!19sChIJv8RREavlIg0RkSJWxsPw9QA?authuser=0&hl=pt-BR&rclk=1,No,Hospedagem domiciliar,
Quinta Selvagem,,,"Redonda, Vila Cova de Alva, Portugal",,,PT,Redonda,40.2921409,-7.9489842,"Hospedagem domiciliar in Fundão, Portugal",https://www.google.com/maps/place/Quinta+Selvagem/data=!4m7!3m6!1s0xd22d7007f0fbb7b:0x309d0b4ec7e3ce80!8m2!3d40.2921409!4d-7.9489842!16s%2Fg%2F11x_crj3y3!19sChIJe7sPfwDXIg0RgM7jx04LnTA?authuser=0&hl=pt-BR&rclk=1,No,Hospedagem domiciliar,
Casa de Santo António,,,"R. de Santo António 7, 6060-021, Portugal","4,0",,PT,R. de Santo António 7,40.0619086,-7.2777258,"Albergue in Fundão, Portugal",https://www.google.com/maps/place/Casa+de+Santo+Ant%C3%B3nio/data=!4m10!3m9!1s0xd3d6d4e27978ec5:0xcab0cb3755fdfb1!5m2!4m1!1i2!8m2!3d40.0619086!4d-7.2777258!16s%2Fg%2F11q3_sftdg!19sChIJxY6XJ05tPQ0Rsd9fdbMMqww?authuser=0&hl=pt-BR&rclk=1,No,,
Casa do Avô,,,"Calçada de Santo Antão 1, 6320-530 Sortelha, Portugal","5,0",1,PT,Calçada de Santo Antão 1,40.3300352,-7.2107403,"Albergue in Fundão, Portugal",https://www.google.com/maps/place/Casa+do+Av%C3%B4/data=!4m10!3m9!1s0xd3d03e2fa199cf1:0xcc871464c83917af!5m2!4m1!1i2!8m2!3d40.3300352!4d-7.2107403!16s%2Fg%2F11nxcfkpxs!19sChIJ8ZwZ-uIDPQ0Rrxc5yGQUh8w?authuser=0&hl=pt-BR&rclk=1,No,,
Casa d'Avó Glória,,,"R. Outeiro 1, 3400-320 Alvoco das Várzeas, Portugal","4,9",,PT,R. Outeiro 1,40.3031205,-7.8340985,"Albergue in Fundão, Portugal",https://www.google.com/maps/place/Casa+d%27Av%C3%B3+Gl%C3%B3ria/data=!4m10!3m9!1s0xd22d594edd2be35:0x1f2ef0e39bdb9303!5m2!4m1!1i2!8m2!3d40.3031205!4d-7.8340985!16s%2Fg%2F11thgg5th3!19sChIJNb7S7ZTVIg0RA5Pbm-PwLh8?authuser=0&hl=pt-BR&rclk=1,No,,
Monte Macário,,'+351933679185,"Estr. da Lamarosa, Erra, Portugal","4,7",,PT,Estr. da Lamarosa,39.008351,-8.496523,"Hotel de 3 estrelas in Benavente, Portugal",https://www.google.com/maps/place/Monte+Mac%C3%A1rio/data=!4m10!3m9!1s0xd19001cdfebbd6b:0x992381ee0c84b2be!5m2!4m1!1i2!8m2!3d39.008351!4d-8.496523!16s%2Fg%2F1ptw5q8cb!19sChIJa73r3xwAGQ0RvrKEDO6BI5k?authuser=0&hl=pt-BR&rclk=1,No,,
Hotel Vila Sena SSPSP,,,"R. de Vila Sena, 1800-356 Lisboa, Portugal","4,1",,PT,R. de Vila Sena,38.7597995,-9.1046266,"Hotel de 3 estrelas in Benavente, Portugal",https://www.google.com/maps/place/Hotel+Vila+Sena+SSPSP/data=!4m10!3m9!1s0xd1933000e67844d:0xc7dd83edc64388ae!5m2!4m1!1i2!8m2!3d38.7597995!4d-9.1046266!16s%2Fg%2F11mctkrk6r!19sChIJTYRnDgAzGQ0RrohDxu2D3cc?authuser=0&hl=pt-BR&rclk=1,No,,
Lisbon Airport Suites,,,"R. VL de Catió lote 399 7ºE, 1800-348 Lisboa, Portugal","3,4",,PT,R. VL de Catió lote 399 7ºE,38.7607798,-9.1124627,"Hotel de 3 estrelas in Benavente, Portugal",https://www.google.com/maps/place/Lisbon+Airport+Suites/data=!4m10!3m9!1s0xd193232756fde17:0x4bfe777c479f98ba!5m2!4m1!1i2!8m2!3d38.7607798!4d-9.1124627!16s%2Fg%2F11f5ly9k1d!19sChIJF95vdTIyGQ0RupifR3x3_ks?authuser=0&hl=pt-BR&rclk=1,No,,
Casa de Campo Vila Maior,,'+351925162252,"R. Dr. Santos Valente 20, 6100-764 Sertã, Portugal","4,6",,PT,R. Dr. Santos Valente 20,39.80582,-8.098754,"Hotel in Benavente, Portugal",https://www.google.com/maps/place/Casa+de+Campo+Vila+Maior/data=!4m10!3m9!1s0xd22a248d13a3a1d:0xc4572029bea801fe!5m2!4m1!1i2!8m2!3d39.80582!4d-8.098754!16s%2Fg%2F11bx0hfbht!19sChIJHTo60UiiIg0R_gGovikgV8Q?authuser=0&hl=pt-BR&rclk=1,No,,
Plenavita Residence,,'+351917054469,"R. Manuel Francisco Soromenho 10, 2670-452 Loures, Portugal","3,5",,PT,R. Manuel Francisco Soromenho 10,38.8256284,-9.1702116,"Hotel in Benavente, Portugal",https://www.google.com/maps/place/Plenavita+Residence/data=!4m10!3m9!1s0xd192da2939b076f:0x20a529fdefcc0992!5m2!4m1!1i2!8m2!3d38.8256284!4d-9.1702116!16s%2Fg%2F11s7zgt9tp!19sChIJbwebk6ItGQ0RkgnM7_0ppSA?authuser=0&hl=pt-BR&rclk=1,No,,
BeauTour,,'+351934022064,"R. José Luís de Morais 30 4º DRT, 2685-075 Sacavém, Portugal","4,6",,PT,R. José Luís de Morais 30 4º DRT,38.7943612,-9.1054115,"Hotel in Benavente, Portugal",https://www.google.com/maps/place/BeauTour/data=!4m10!3m9!1s0xd1933a0ccf84ab1:0xea3f5e34ae963f41!5m2!4m1!1i2!8m2!3d38.7943612!4d-9.1054115!16s%2Fg%2F11twpcm9ld!19sChIJsUr4zKAzGQ0RQT-WrjReP-o?authuser=0&hl=pt-BR&rclk=1,No,,
Paradise Guest House,,'+351966202665,"R. Cap. Henrique Galvão N2 R/C, 2680-064 Camarate, Portugal","4,5",,PT,R. Cap. Henrique Galvão N2 R/C,38.8041928,-9.1203118,"Hotel in Benavente, Portugal",https://www.google.com/maps/place/Paradise+Guest+House/data=!4m10!3m9!1s0xd192dc1a5dc1741:0x5d34862092056f3b!5m2!4m1!1i2!8m2!3d38.8041928!4d-9.1203118!16s%2Fg%2F11j0yr5s0p!19sChIJQRfcpcEtGQ0RO28FkiCGNF0?authuser=0&hl=pt-BR&rclk=1,No,,
InterContinental Lisboa,,,"R. Castilho 149, 1070-050 Lisboa, Portugal","4,6",,PT,R. Castilho 149,38.726817,-9.155224,"Hotel de 5 estrelas in Benavente, Portugal",https://www.google.com/maps/place/InterContinental+Lisboa/data=!4m10!3m9!1s0xd193371933dce49:0x53c41f85b6f6ed6d!5m2!4m1!1i2!8m2!3d38.726817!4d-9.155224!16s%2Fg%2F11b6pc0r18!19sChIJSc49k3EzGQ0Rbe32toUfxFM?authuser=0&hl=pt-BR&rclk=1,No,,
Quinta das Gémeas,,,"R. Nova 48, 2100-525 Fajarda, Portugal",,,PT,R. Nova 48,38.9667185,-8.608665,"Hospedagem domiciliar in Benavente, Portugal",https://www.google.com/maps/place/Quinta+das+G%C3%A9meas/data=!4m7!3m6!1s0xd1903002f9ac8c1:0xc689e0caf757b336!8m2!3d38.9667185!4d-8.608665!16s%2Fg%2F11zdzd9sx4!19sChIJwciaLwADGQ0RNrNX98rgicY?authuser=0&hl=pt-BR&rclk=1,No,Hospedagem domiciliar,
Monte Glorioso,,,"V76M+JX, Santo Estevão, Portugal","5,0",,PT,V76M+JX,38.861597,-8.715047,"Hospedagem domiciliar in Benavente, Portugal",https://www.google.com/maps/place/Monte+Glorioso/data=!4m7!3m6!1s0xd191b8bd64df125:0x817621bc269d7a2d!8m2!3d38.861597!4d-8.715047!16s%2Fg%2F11tmk4511h!19sChIJJfFN1osbGQ0RLXqdJrwhdoE?authuser=0&hl=pt-BR&rclk=1,No,Hospedagem domiciliar,
Casita,,,"Praceta Maria Lamas 3, 2620-050 Olival Basto, Portugal",,,PT,Praceta Maria Lamas 3,38.790427,-9.1670181,"Hospedagem domiciliar in Benavente, Portugal",https://www.google.com/maps/place/Casita/data=!4m7!3m6!1s0xd1933004ffbbe0f:0x813420eb7ba1558a!8m2!3d38.790427!4d-9.1670181!16s%2Fg%2F11xdjp1mcj!19sChIJD777TwAzGQ0RilWhe-sgNIE?authuser=0&hl=pt-BR&rclk=1,No,Hospedagem domiciliar,
Casa susana,,,"V77J+JR, Santo Estevão, Portugal",,,PT,V77J+JR,38.8640268,-8.7179055,"Hospedagem domiciliar in Benavente, Portugal",https://www.google.com/maps/place/Casa+susana/data=!4m7!3m6!1s0xd191b004e3c9cf3:0xc3829b4cedc956f0!8m2!3d38.8640268!4d-8.7179055!16s%2Fg%2F11njhmtwvw!19sChIJ85w8TgAbGQ0R8FbJ7UybgsM?authuser=0&hl=pt-BR&rclk=1,No,Hospedagem domiciliar,
Ohid Choudhur,,,"R. C A, 2680-582 Camarate, Portugal",,,PT,R. C A,38.7910711,-9.1358915,"Hospedagem domiciliar in Benavente, Portugal",https://www.google.com/maps/place/Ohid+Choudhur/data=!4m7!3m6!1s0xd193338d4f45c93:0x23e36603c2c35aec!8m2!3d38.7910711!4d-9.1358915!16s%2Fg%2F11qt44m322!19sChIJk1z01DgzGQ0R7FrDwgNm4yM?authuser=0&hl=pt-BR&rclk=1,No,Hospedagem domiciliar,
ALGARVER III,,,"2070-595 Vale da Pinta, Portugal",,,PT,,39.1728824,-8.8265747,"Hospedagem domiciliar in Benavente, Portugal",https://www.google.com/maps/place/ALGARVER+III/data=!4m7!3m6!1s0xd18e900026abd91:0xa2da792035abe8de!8m2!3d39.1728824!4d-8.8265747!16s%2Fg%2F11ydc7gm9_!19sChIJkb1qAgDpGA0R3uirNSB52qI?authuser=0&hl=pt-BR&rclk=1,No,Hospedagem domiciliar,
Patrícia Menéres,,,"V7M5+7X, 2130 Santo Estevão, Portugal",,,PT,V7M5+7X,38.8825921,-8.741338,"Hospedagem domiciliar in Benavente, Portugal",https://www.google.com/maps/place/Patr%C3%ADcia+Men%C3%A9res/data=!4m7!3m6!1s0xd191b0051773ba9:0x4ac4de3fb54a2cdf!8m2!3d38.8825921!4d-8.741338!16s%2Fg%2F11wqyc3vgk!19sChIJqTt3UQAbGQ0R3yxKtT_exEo?authuser=0&hl=pt-BR&rclk=1,No,Hospedagem domiciliar,
Santa Sofia,,,"R. António Palha 14, 2600-104 Vila Franca de Xira, Portugal",,,PT,R. António Palha 14,38.9534569,-8.99182,"Hospedagem domiciliar in Benavente, Portugal",https://www.google.com/maps/place/Santa+Sofia/data=!4m7!3m6!1s0xd19270060549f29:0x33ab0466a0e13f52!8m2!3d38.9534569!4d-8.99182!16s%2Fg%2F11y2j13ytg!19sChIJKZ9UYAAnGQ0RUj_hoGYEqzM?authuser=0&hl=pt-BR&rclk=1,No,Hospedagem domiciliar,
Moscavibes,,,"R. Salvador Allende 48, 1885-042 Moscavide, Portugal",,,PT,R. Salvador Allende 48,38.7781663,-9.101186,"Hospedagem domiciliar in Benavente, Portugal",https://www.google.com/maps/place/Moscavibes/data=!4m7!3m6!1s0xd193195ccdf4f11:0x24085d14622d5088!8m2!3d38.7781663!4d-9.101186!16s%2Fg%2F11qg1pq3fh!19sChIJEU_fzJUxGQ0RiFAtYhRdCCQ?authuser=0&hl=pt-BR&rclk=1,No,Hospedagem domiciliar,
gerbalis,,,"R. Vice-Almirante Augusto de Castro Guedes 51, 1800-341 Lisboa, Portugal",,,PT,R. Vice-Almirante Augusto de Castro Guedes 51,38.781217,-9.1207584,"Hospedagem domiciliar in Benavente, Portugal",https://www.google.com/maps/place/gerbalis/data=!4m7!3m6!1s0xd1933004b9531a1:0x1a5fa135a1315170!8m2!3d38.781217!4d-9.1207584!16s%2Fg%2F11vyysdwbw!19sChIJoTGVSwAzGQ0RcFExoTWhXxo?authuser=0&hl=pt-BR&rclk=1,No,Hospedagem domiciliar,
Quinta vala grande,,,"Salgueirinha, 2100-178 Coruche, Portugal",,,PT,Salgueirinha,38.9602968,-8.5247516,"Hospedagem domiciliar in Benavente, Portugal",https://www.google.com/maps/place/Quinta+vala+grande/data=!4m7!3m6!1s0xd1901d4c681d689:0x8f7024894d1abbd0!8m2!3d38.9602968!4d-8.5247516!16s%2Fg%2F11k4tzxy4b!19sChIJidaBxtQBGQ0R0LsaTYkkcI8?authuser=0&hl=pt-BR&rclk=1,No,Hospedagem domiciliar,
Sesmarias,,,"QFGM+69, Cortiçadas de Lavre, Portugal",,,PT,QFGM+69,38.7755722,-8.5166007,"Hospedagem domiciliar in Benavente, Portugal",https://www.google.com/maps/place/Sesmarias/data=!4m7!3m6!1s0xd19090020ee7483:0x8ab429f927249a17!8m2!3d38.7755722!4d-8.5166007!16s%2Fg%2F11nj23d6nr!19sChIJg3TuIAAJGQ0RF5okJ_kptIo?authuser=0&hl=pt-BR&rclk=1,No,Hospedagem domiciliar,
"San Antonio, 52, Confrides, 03517, Espanha",,,"R. Granja 29, 2620 Odivelas, Portugal",,,PT,R. Granja 29,38.7993275,-9.1720819,"Hospedagem domiciliar in Benavente, Portugal","https://www.google.com/maps/place/San+Antonio,+52,+Confrides,+03517,+Espanha/data=!4m7!3m6!1s0xd192d0044c7a2ef:0xbdda71c5a89b2b77!8m2!3d38.7993275!4d-9.1720819!16s%2Fg%2F11z9vx3d9t!19sChIJ76LHRAAtGQ0RdyubqMVx2r0?authuser=0&hl=pt-BR&rclk=1",No,Hospedagem domiciliar,
Casa de Regina,,,"R. Padre Abel Varzim, 1800-220 Lisboa, Portugal",,,PT,R. Padre Abel Varzim,38.7703707,-9.1042167,"Hospedagem domiciliar in Benavente, Portugal",https://www.google.com/maps/place/Casa+de+Regina/data=!4m7!3m6!1s0xd19332b0e0376a9:0xdd1b62ab64094b66!8m2!3d38.7703707!4d-9.1042167!16s%2Fg%2F11ss7c_9x7!19sChIJqXYDDiszGQ0RZksJZKtiG90?authuser=0&hl=pt-BR&rclk=1,No,Hospedagem domiciliar,
Residencial Mira Tejo,,'+351219591216,"Estrada Nacional 10, 2690-390 Santa Iria de Azoia, Portugal","3,7",,PT,Estrada Nacional 10,38.8366432,-9.0837394,"Hotel de 2 estrelas in Benavente, Portugal",https://www.google.com/maps/place/Residencial+Mira+Tejo/data=!4m10!3m9!1s0xd192e8a7ddbfe05:0x7c467a74a9f8079a!5m2!4m1!1i2!8m2!3d38.8366432!4d-9.0837394!16s%2Fg%2F11yvxcsbr!19sChIJBf7bfYouGQ0Rmgf4qXR6Rnw?authuser=0&hl=pt-BR&rclk=1,No,,
Casa Velha,,,"Rua Dr. Bento Pereira do Carmo 24, 2580-360 Alenquer, Portugal","4,5",,PT,Rua Dr. Bento Pereira do Carmo 24,39.054123,-9.007722,"Albergue in Benavente, Portugal",https://www.google.com/maps/place/Casa+Velha/data=!4m10!3m9!1s0xd18d9ff4980d351:0xc9d97222a915a349!5m2!4m1!1i2!8m2!3d39.054123!4d-9.007722!16s%2Fg%2F11g4hv4j7m!19sChIJUdOASf_ZGA0RSaMVqSJy2ck?authuser=0&hl=pt-BR&rclk=1,No,,
Casa do Meio,,,"Lamas, Portugal","5,0",,PT,Lamas,39.2138686,-9.0794536,"Albergue in Benavente, Portugal",https://www.google.com/maps/place/Casa+do+Meio/data=!4m10!3m9!1s0xd18cf00057993e5:0x81bbb2deb906be3b!5m2!4m1!1i2!8m2!3d39.2138686!4d-9.0794536!16s%2Fg%2F11y4863lk6!19sChIJ5ZN5BQDPGA0RO74Gud6yu4E?authuser=0&hl=pt-BR&rclk=1,No,,
Oriente DNA Studios X,,,"R. Francisco Marques Beato 89, Moscavide, Portugal","3,2",,PT,R. Francisco Marques Beato 89,38.7798546,-9.10458,"Albergue in Benavente, Portugal",https://www.google.com/maps/place/Oriente+DNA+Studios+X/data=!4m10!3m9!1s0xd1933000a434487:0x9bca6a657a0655c0!5m2!4m1!1i2!8m2!3d38.7798546!4d-9.10458!16s%2Fg%2F11ydrh5qr9!19sChIJh0RDCgAzGQ0RwFUGemVqyps?authuser=0&hl=pt-BR&rclk=1,No,,
Travessa Borges Monteiro 1 Povoa de Midões,,,"Tv. José Alberto Borgas Monteiro 1, 3420-202 Póvoa de Midões, Portugal","3,9",,PT,Tv. José Alberto Borgas Monteiro 1,40.392511,-7.9744462,"Hospedaria in Tondela, Portugal",https://www.google.com/maps/place/Travessa+Borges+Monteiro+1+Povoa+de+Mid%C3%B5es/data=!4m7!3m6!1s0xd2327cf211cd247:0x16eaeff4d1fde2b7!8m2!3d40.392511!4d-7.9744462!16s%2Fg%2F11f03_d_mr!19sChIJR9IcIc8nIw0Rt-L90fTv6hY?authuser=0&hl=pt-BR&rclk=1,No,Hospedaria,
Hotel Pantanha,,,"Avenida Dr. Aurélio Gonçalves Santos, 3525-202 Caldas de Felgueira, Portugal","3,8",,PT,Avenida Dr. Aurélio Gonçalves Santos,40.488872,-7.864526,"Hotel de 3 estrelas in Tondela, Portugal",https://www.google.com/maps/place/Hotel+Pantanha/data=!4m10!3m9!1s0xd232dd32d2611fb:0xc7487233a8c1848c!5m2!4m1!1i2!8m2!3d40.488872!4d-7.864526!16s%2Fg%2F1th29p6w!19sChIJ-xEmLdMtIw0RjITBqDNySMc?authuser=0&hl=pt-BR&rclk=1,No,,
Residencial Imperial,,'+351938114472,"R. Emídio Navarro 25, 3050-224 Luso, Portugal","4,2",,PT,R. Emídio Navarro 25,40.383021,-8.376564,"Hotel de 3 estrelas in Tondela, Portugal",https://www.google.com/maps/place/Residencial+Imperial/data=!4m10!3m9!1s0xd2303c6fb7c9aa9:0x821c9e3b5f1cbebb!5m2!4m1!1i2!8m2!3d40.383021!4d-8.376564!16s%2Fg%2F1tdhn2lx!19sChIJqZp8-8YDIw0Ru74cXzueHII?authuser=0&hl=pt-BR&rclk=1,No,,
Porto Peace Haven,,'+351911957291,"Rua da Paz 66 34, 3º andar, 4050-461 Porto, Portugal","3,7",,PT,3º andar,41.1542736,-8.6252266,"Hospedaria in Porto, Portugal",https://www.google.com/maps/place/Porto+Peace+Haven/data=!4m7!3m6!1s0xd2465f8efa9032b:0xc71257fc3ee490d6!8m2!3d41.1542736!4d-8.6252266!16s%2Fg%2F11z9v4svhb!19sChIJKwOp7_hlJA0R1pDkPvxXEsc?authuser=0&hl=pt-BR&rclk=1,No,Hospedaria,
Hospedaria S. Roque,,,"R. São Roque 96, 4450-038 Matosinhos, Portugal",,,PT,R. São Roque 96,41.1865598,-8.6910285,"Hospedaria in Porto, Portugal",https://www.google.com/maps/place/Hospedaria+S.+Roque/data=!4m7!3m6!1s0xd246f31bca96657:0x8df6bab831f6b1d0!8m2!3d41.1865598!4d-8.6910285!16s%2Fg%2F11x03zbh02!19sChIJV2apvDFvJA0R0LH2Mbi69o0?authuser=0&hl=pt-BR&rclk=1,No,Hotel,
Hospedaria S. Roque,,,"R. São Roque 96, 4450-038 Matosinhos, Portugal",,,PT,R. São Roque 96,41.1663745,-8.5962597,"Hospedaria in Porto, Portugal",https://www.google.com/maps/place/./data=!4m10!3m9!1s0xd24645dc8585fcb:0x45eb3da0a4da96b2!5m2!4m1!1i2!8m2!3d41.1663745!4d-8.5962597!16s%2Fg%2F1tfp3r0l!19sChIJy19YyF1kJA0RspbapKA960U?authuser=0&hl=pt-BR&rclk=1,No,Hotel,
29 Madeira Hostel,https://www.29madeirahostel.pt/pt,'+351926931096,"R. dos Netos 29, São Martinho, 9000-084 Funchal, Portugal","4,5",,PT,São Martinho,32.6509441,-16.910366,"Hotel in Funchal, Portugal",https://www.google.com/maps/place/29+Madeira+Hostel/data=!4m10!3m9!1s0xc606009bdf343e7:0xca9cb711432e5738!5m2!4m1!1i2!8m2!3d32.6509441!4d-16.910366!16s%2Fg%2F11cnxyr54w!19sChIJ50PzvQlgYAwROFcuQxG3nMo?authuser=0&hl=pt-BR&rclk=1,No,,info@29madeirahostel.com
