No.,Công ty,Chức danh,Người liên hệ,SĐT,Liên Hệ,Email,Liên Hệ mail,Địa chỉ,Lương,Ngày đăng,Hạn tuyển,Check gửi,Last Subject,Last Body HTML,Trạng thái Reply,Lần Follow-up,Ngày Follow-up gần nhất,Mailbox đã dùng,Category
1,營陞營造工程有限公司,,,'065981198,https://inscen.com.tw/,s1382@ms12.hinet.net,,712台灣臺南市新化區大目降大道 1881巷9號,,,,,,,,0,,,Nhà thầu phụ công trình
2,承恩土木包工業,,,'032205386,http://www.032205386.com.tw/,ee5432@yahoo.com.tw,,330台灣桃園市桃園區中平里中山路685巷60號,,,,,,,,0,,,Nhà thầu
3,富盛工程行,,,'0492262588,http://www.0492262588.com.tw/,fusheng666@gmail.com,,540台灣南投縣南投市平山里平山二路66巷18號,,,,,,,,0,,,Công ty xây dựng
4,亞晟開發有限公司水泥屋 |蝸居|組合屋|移動式建築l鋼構,,,'0933500501,https://www.0933500501.com.tw/about-us.html,bobby500501@gmail.com,,542台灣南投縣草屯鎮北投里史館路致興巷94號,,,,,,,,0,,,Công ty xây dựng
5,嘉育室內裝潢- 彰化室內裝潢｜雲林室內裝潢｜嘉義室內裝潢,,,'0966553378,https://www.0966553378.com.tw/,chieh0912@hotmail.com,,631台灣雲林縣大埤鄉尚義村106號-1號,,,,,,,,0,,,Dịch vụ phục hồi / trùng tu công trình
6,奕明地板,,,'0955205219,https://0955205219.com/,k0800888868@gmail.com,,241台灣新北市三重區永清里三和路四段396巷28號,,,,,,,,0,,,Dịch vụ phục hồi / trùng tu công trình
7,帝郡股份有限公司、帝郡營造股份有限公司,,,'0435083115,https://www.168dijun.com/,emperorcounty@gmail.com,,50046台灣彰化縣彰化市西勢里忠孝街47號,,,,,,,,0,,,Đơn vị xây dựng nhà theo yêu cầu
8,宏邦營造股份有限公司/翔鴻營造,,,'047634536,https://www.7632076.com.tw/,g89g89@gmail.com,,500台灣彰化縣彰化市西勢里金馬路三段439號,,,,,,,,0,,,Công ty xây dựng
9,鴻毅企業工程行,,,'088631132,http://8631132.strikingly.com/,hoi8631132@yahoo.com.tw,,924台灣屏東縣崁頂鄉北勢村北勢路37之3號,,,,,,,,0,,,Nhà thầu
10,洲邑工程有限公司,,,,http://93812.find168.com.tw/,paul-chu333@chouyi.com.tw,,111台灣臺北市士林區承德里承德路四段83號7F-1,,,,,,,,0,,,Công ty công trình dân dụng / Kỹ thuật dân dụng
11,施健泰土木技師事務所,,,'062362527,https://www.888civil.com/vendor/com615,service@888civil.com,,701台灣臺南市東區裕農路320號,,,,,,,,0,,,Công ty công trình dân dụng / Kỹ thuật dân dụng
12,商宸建設有限公司,,,'047625586,https://www.ace-house.com.tw/,peter@ace-house.com.tw,,500台灣彰化縣彰化市崙平南路臨274之1號,,,,,,,,0,,,Công ty xây dựng
13,雅緻住宅事業股份有限公司,,,'034071122,https://www.aghouse.com.tw/,aghouse.tw@gmail.com,,325台灣桃園市龍潭區渴望里渴望一路158巷38號,,,,,,,,0,,,Công ty xây dựng
14,屏東自地自建,,,'0911029242,https://apple-work.com.tw/,f912260@gmail.com,,900台灣屏東縣屏東市廣東路954巷34弄3號。,,,,,,,,0,,,Dịch vụ phục hồi / trùng tu công trình
15,裕發營造工程有限公司,,,'076438299,https://www.arch-world.com.tw/Company/95763.html,service@arch-world.com.tw,,832台灣高雄市林園區文賢里文賢南路226巷2號,,,,,,,,0,,,Công ty xây dựng
16,鎰興建設有限公司,,,'048381368,https://www.archessence888.com.tw/,arch.essence888@gmail.com,,510台灣彰化縣員林市三條里員林大道三段181號,,,,,,,,0,,,Công ty xây dựng
17,羅德一田,,,'053742100,https://archlotus.weebly.com/,archlotus@gmail.com,,61544台灣嘉義縣六腳鄉溪厝村４１,,,,,,,,0,,,Đơn vị xây dựng nhà
18,興悅HIGH LINE,,,'065932403,https://www.artsyplaza.com/artsy/,eugene.lee@gang-wei.com,,745台灣臺南市安定區,,,,,,,,0,,,Công ty xây dựng
19,居林木構建築｜美式風格室內設計,,,'0425608797,https://www.asperworld.com/,twang.apw@gmail.com,,428台灣臺中市大雅區橫山里永和路112-30號,,,,,,,,0,,,Công ty xây dựng
20,世久營造探勘工程股份有限公司,,,'0226984988,http://www.awec.com.tw/,awec@awec.com.tw,,221台灣新北市汐止區文化里新台五路一段81號7樓-2,,,,,,,,0,,,Công ty xây dựng
21,北揚建設股份有限公司,,,'062036955,http://www.be-young.com.tw/,by.young@msa.hinet.net,,710台灣臺南市永康區龍埔里永大路三段520號,,,,,,,,0,,,Công ty xây dựng
22,寶徠建設股份有限公司,,,,https://blgroup.com.tw/,service@blgroup.com.tw,,114台灣臺北市內湖區湖元里新湖一路303號4樓,,,,,,,,0,,,Công ty xây dựng
23,頭家哩賀房屋整修,,,'0978148676,http://www.bossliho.com/,bossliho2018@gmail.com,,606台灣嘉義縣中埔鄉和美村大義路71巷17號,,,,,,,,0,,,Dịch vụ phục hồi / trùng tu công trình
24,明裎建設有限公司,,,'073832856,https://bucolic-caramel-ad6c91.netlify.app/,mingcheng20040707@gmail.com,,830台灣高雄市鳳山區文德里文龍路81號4樓,,,,,,,,0,,,Công ty xây dựng
25,宏明麗山接待中心,,,'0287978199,https://buildhm.com/,hm@buildhm.com,,114台灣臺北市內湖區港都里內湖路一段675號1樓,,,,,,,,0,,,Đơn vị xây dựng nhà theo yêu cầu
26,阿德師建築台南老屋舊屋翻修自地自建水電管線浴室整新增建工程,,,'0913328366,https://www.buildtw.com/,yenzin@flashaim.com,,702台灣臺南市南區永華路一段233巷10號,,,,,,,,0,,,Dịch vụ phục hồi / trùng tu công trình
27,雲林 挖土機 山貓 拆除 填土 整地 營建「Tiktok雲林工程-大霖」壹程工程行,,,'0909931902,https://biglin.com.tw/,makis1491491@gmail.com,,647台灣雲林縣莿桐鄉五華村27-3號,,,,,,,,0,,,Công ty xây dựng
28,連建建設有限公司,,,'063361599,https://www.calife.com.tw/,ca300158@gmail.com,,701台灣臺南市東區大智里長東街71號,,,,,,,,0,,,Đơn vị xây dựng nhà
29,常詠營造股份有限公司,,,'062475079,http://www.chang-yung.com.tw/,chang.yung88@msa.hinet.net,,709台灣臺南市安南區佃東里海佃路四段 388巷2弄158號,,,,,,,,0,,,Công ty xây dựng
30,長群建設,,,'0229060545,http://www.changqun.com.tw/,service@changqun.com.tw,,243台灣新北市泰山區貴和里明志路三段350號,,,,,,,,0,,,Công ty xây dựng
31,昌祐建設股份有限公司,,,'0435002829,https://www.changyo.com.tw/,cycs@changyo.com.tw,,403台灣臺中市西區公正里東興路三段160號11號樓之3,,,,,,,,0,,,Công ty xây dựng
32,長宏營造股份有限公司,,,'052753890,http://www.chcon.com.tw/,hr84401508@gmail.com,,600台灣嘉義市東區長竹里大雅路二段298號,,,,,,,,0,,,Công ty xây dựng
33,齊揚建設有限公司,,,'089227711,http://www.cheeron.com.tw/,yangky77@yahoo.com.tw,,950台灣臺東縣臺東市光明里中興路二段27號,,,,,,,,0,,,Công ty xây dựng
34,城揚建設集團,,,'075556888,http://www.chen-yan.com.tw/,chenyan.service@gmail.com,,804台灣高雄市鼓山區龍子里明誠三路689號18樓,,,,,,,,0,,,Công ty xây dựng
35,宸都營造有限公司,,,'032202328,https://www.chen-du.com/,chendu94@gmail.com,,330台灣桃園市桃園區中平里壽昌街20巷54-1號,,,,,,,,0,,,Nhà thầu
36,誠邦營造有限公司 | 外邦開發工程有限公司,,,'0426260847,https://www.cheng-beng.com/,cb.build@msa.hinet.net,,436台灣臺中市清水區國姓里中央北路82-5號,,,,,,,,0,,,Công ty xây dựng
37,晟隆土木包工業(居家無障礙改善工程),,,'0931341168,https://www.chenglongtumu.com/,jianjian1413@gmail.com,,973台灣花蓮縣吉安鄉勝安村中央路三段2號1樓,,,,,,,,0,,,Công ty công trình dân dụng / Kỹ thuật dân dụng
38,正三營造工程有限公司,,,'077335890,http://www.chengsan.com.tw/,service@chengsan.com.tw,,833台灣高雄市鳥松區鳥松里忠仁路1號之6號,,,,,,,,0,,,Công ty xây dựng
39,晨均建設股份有限公司,,,'073319878,https://chez-cca.com/,nihao@chez-cca.com,,802台灣高雄市苓雅區晴朗里四維三路6號10樓之1,,,,,,,,0,,,Công ty xây dựng
40,謙丞工程有限公司-土木工程優質廠商/防水施工/抓漏/專業房屋修繕/專業隧道工程施工/潛盾隧道/房屋結構補強修繕,,,'073232281,https://chiancheng073232281.com/,<chiencheng123@gmail.com>,,807台灣高雄市三民區安泰里博愛一路391號,,,,,,,,0,,,Công ty công trình dân dụng / Kỹ thuật dân dụng
41,僑駿建設股份有限公司,,,'033579138,https://www.chianchun.com.tw/,chianchun.con@gmail.com,,330台灣桃園市桃園區同安里新埔六街97號21樓,,,,,,,,0,,,Công ty xây dựng
42,佳源工程股份有限公司,,,'087238715,http://www.chiayuan.com.tw/,chiayuanv@gmail.com,,909台灣屏東縣麟洛鄉麟趾村中山路591號,,,,,,,,0,,,Nhà thầu
43,青揚營造,,,'0422993168,https://chingyang.com.tw/,aa83398168@gmail.com,,404台灣臺中市北區賴興里文昌東一街61號1樓,,,,,,,,0,,,Công ty công trình dân dụng / Kỹ thuật dân dụng
44,麒瑞營造股份有限公司,,,'034961515,http://www.chirey.com.tw/,chirey219@chirey.com.tw,,326台灣桃園市楊梅區高榮里電研路190巷295-1號,,,,,,,,0,,,Công ty công trình dân dụng / Kỹ thuật dân dụng
45,"群越工程股份有限公司(維運工程,模組清洗,HDPE膜防水工程,漁電建設(養殖池/整地/地改/管路/鼓風機/曝氣盤/管道溝挖掘/重機械服務/圍籬/抑草蓆鋪設)",,,'067896169,https://www.chiunyue-eng.com.tw/,cy90070110@gmail.com,,724027台灣臺南市七股區竹橋127號,,,,,,,,0,,,Công ty công trình dân dụng / Kỹ thuật dân dụng
46,南投SRC鋼網牆免拆模工程行,,,'0906717888,https://www.chuang-xin.com.tw/tw/about/aboutus,b0909242122@gmail.com,,557台灣南投縣竹山鎮延山里瑞山巷38號,,,,,,,,0,,,Công ty xây dựng
47,春福建設股份有限公司,,,'035326220,https://www.chunfu.com.tw/,info@chunfu.com.tw,,300台灣新竹市東區文華里北大路88號,,,,,,,,0,,,Công ty xây dựng
48,傳說藝品有限公司,,,'088645005,http://www.chuanso.com.tw/tw/,a8645005@yahoo.com.tw,,926台灣屏東縣南州鄉七塊村七塊路5號,,,,,,,,0,,,Công ty xây dựng
49,群臻鋼網牆工程行,,,'0973836466,https://www.chunjen-src.com.tw/,wsm6423@gmail.com,,43346台灣臺中市沙鹿區清泉里東大路二段1641號,,,,,,,,0,,,Dịch vụ phục hồi / trùng tu công trình
50,中麟營造股份有限公司,,,'0227074216,https://www.chunglin.com.tw/,shao@chunglin.com.tw,,110054台灣臺北市信義區忠孝東路四段560號2樓,,,,,,,,0,,,Công ty xây dựng
51,奇品臻典-接待會館,,,'0425852898,https://www.chyipiin.com.tw/%E5%A5%87%E5%93%81%E8%87%BB%E7%BE%8E,chyipiin@yahoo.com.tw,,423台灣臺中市東勢區延平里東關路七段233號,,,,,,,,0,,,Công ty xây dựng
52,中麗建設股份有限公司,,,'033588979,https://chung-li.com.tw/,chungli@chung-li.com.tw,,330台灣桃園市桃園區同安里藝文一街86之6號9 樓,,,,,,,,0,,,Công ty xây dựng
53,ckgroup,,,'0227849730,https://www.ckgroup.com.tw/,service@ckgroup.com.tw,,106台灣臺北市大安區敦化南路二段,,,,,,,,0,,,Công ty công trình dân dụng / Kỹ thuật dân dụng
54,嘉楠建設股份有限公司,,,'055353568,http://www.cngroup.com.tw/,chna.con@gmail.com,,640台灣雲林縣斗六市成功里成功二街50號,,,,,,,,0,,,Công ty xây dựng
55,毅成建設股份有限公司,,,'0223258666,http://www.construction.com.tw/,edward.wang@construction.com.tw,,106台灣臺北市大安區義安里安和路二段60號,,,,,,,,0,,,Công ty công trình dân dụng / Kỹ thuật dân dụng
56,晶楊模板工程（梅山賢）/晶嵩開發營造,,,'0937350721,https://crystal-js.net/,jingsong412@gmail.com,,603台灣嘉義縣梅山鄉梅北村環南路412號,,,,,,,,0,,,Công ty công trình dân dụng / Kỹ thuật dân dụng
57,定誠營造股份有限公司,,,'065818611,https://www.cwdc.com.tw/,dingcheng.co@cwdc.com.tw,,741台灣臺南市善化區東關里中山路349號5 樓,,,,,,,,0,,,Công ty xây dựng
58,中欣開發股份有限公司,,,'075362500,http://www.cpdc-csc.com.tw/,cpdc0@mail.csc.com.tw,,80661台灣高雄市前鎮區意誠里成功二路88號23樓,,,,,,,,0,,,Nhà thầu phụ công trình
59,昌益事業群 - Building Your Dream,,,'036885688,http://www.cy-arch.com.tw/company.aspx,cy-arch@cy-arch.com.tw,,300台灣新竹市東區豐功里公道五路二段417號,,,,,,,,0,,,Công ty xây dựng
60,宬億企業有限公司,,,'047121333,http://www.cygo.com.tw/,cy.ddnice@gmail.com,,500台灣彰化縣彰化市文心街16號,,,,,,,,0,,,Đơn vị xây dựng nhà theo yêu cầu
61,誠宜建設股份有限公司,,,'035889898,http://www.cyccl.com.tw/,service@cyccl.com.tw,,30542台灣新竹縣新埔鎮義民路三段500巷160號,,,,,,,,0,,,Công ty xây dựng
62,泉美建設股份有限公司,,,'0422310336,https://www.cyuanmay.com.tw/,cyuan.may@msa.hinet.net,,404台灣臺中市北區錦洲里進化路558號,,,,,,,,0,,,Công ty xây dựng
63,德億建築事業,,,'033017508,https://www.d-deyi.com.tw/,deyi@d-deyi.com.tw,,330台灣桃園市桃園區中正路1351號9樓,,,,,,,,0,,,Công ty xây dựng
64,泉宇建設股份有限公司,,,'0422596826,https://www.cybuild.com.tw/,cy88616@yahoo.com.tw,,407台灣臺中市西屯區潮洋里朝馬二街5號2樓,,,,,,,,0,,,Công ty xây dựng
65,全威建設聯合接待會館,,,'052269559,http://www.cyuanweibuild.com.tw/,s2228v@gmail.com,,621台灣嘉義縣民雄鄉東湖村建國路二段502號,,,,,,,,0,,,Công ty xây dựng
66,大漁建設股份有限公司,,,'0423299298,http://www.da-city.com.tw/,dz@da-city.com.tw,,408台灣臺中市南屯區大業里公益路二段51號13樓B2室,,,,,,,,0,,,Công ty xây dựng
67,大花蓮工程行,,,'038267738,http://www.da-hualien.tw/,a0958700059@gmail.com,,971台灣花蓮縣新城鄉民族路55巷1號,,,,,,,,0,,,Công ty xây dựng
68,大林蒲建物查估補償暨協力造屋平台服務據點,,,'078712080,https://www.dalinpubuild.com.tw/Consult?ModuleID=C1,kaa@kaa.org.tw,,812台灣高雄市小港區鳳森里鳳林路80巷33號3樓,,,,,,,,0,,,Đơn vị xây dựng nhà
69,得源營造有限公司,,,'065813138,http://www.de-yuan.com.tw/,chin.chu2003@msa.hinet.net,,"30之2號, 中和街東關里善化區臺南市台灣 74157",,,,,,,,0,,,Công ty xây dựng
70,德府建設股份有限公司,,,'0229182208,http://www.defu.com.tw/,info@company.com,,231台灣新北市新店區廣明里中興路一段107號1樓,,,,,,,,0,,,Công ty xây dựng
71,五結我家,,,'039503135,https://www.dajhan.com.tw/portfolio/woo/,dajhan88@gmail.com,,268台灣宜蘭縣五結鄉三吉一路123巷27弄81號,,,,,,,,0,,,Công ty xây dựng
72,大毅建設股份有限公司,,,'0422428825,http://www.dayi.com.tw/,hr@dayi.com.tw,,406台灣臺中市北屯區仁和里崇德路三段1號,,,,,,,,0,,,Công ty xây dựng
73,德高建設股份有限公司-新竹建設,,,'035382686,https://www.degao.com.tw/,degao.service@gmail.com,,300台灣新竹市北區南勢里南勢六街68號1樓,,,,,,,,0,,,Công ty xây dựng
74,德和建設股份有限公司,,,'0223453988,http://www.derho.com.tw/,der.ho@derho.com.tw,,110台灣臺北市信義區忠孝東路五段410號九樓之一,,,,,,,,0,,,Công ty xây dựng
75,德穎營造有限公司,,,'065989871,http://www.deying1989.com/,deying1989@gmail.com,,712台灣臺南市新化區豐榮里豐榮里洋子128-4號,,,,,,,,0,,,Công ty xây dựng
76,德元營造結構鋼材有限公司,,,'047551077,http://www.deyuantw.com/,service@deyuantw.com,,508台灣彰化縣和美鎮月眉里西美路150號,,,,,,,,0,,,Công ty xây dựng
77,德築建設有限公司,,,,http://www.dezu.group/,ha@dezu.group,,260台灣宜蘭縣宜蘭市建業里建蘭南路316號,,,,,,,,0,,,Công ty xây dựng
78,鼎居建設·睿宇建設有限公司,,,'052351357,https://www.diji.com.tw/,diing_jiu@yahoo.com.tw,,600台灣嘉義市西區重慶路273號,,,,,,,,0,,,Đơn vị xây dựng nhà
79,頂誠建設有限公司,,,'075375533,https://www.ding-cheng.tw/,service@dingcheng.com.tw,,806台灣高雄市前鎮區振興里林森四路233號5樓,,,,,,,,0,,,Công ty xây dựng
80,川硯營造｜建築,,,'063585671,https://www.dingkuncc.com.tw/,angchengcw@gmail.com,,700002台灣臺南市中西區淺草里河中街37巷5號,,,,,,,,0,,,Công ty xây dựng
81,鋼構屋-組合屋-帝品鋼構屋-屏東鋼構屋-屏東組合屋(地址改 萬壽路跟萬竹路路口),,,'0985738539,https://www.dipin-house.tw/,ss0985738539@gmail.com,,913台灣屏東縣萬丹鄉萬生村大發路819號,,,,,,,,0,,,Công ty xây dựng
82,大璟建設股份有限公司,,,'052281688,http://www.djcdc.com.tw/,dajing2281688@gmail.com,,600台灣嘉義市東區興安里興美六路236號,,,,,,,,0,,,Đơn vị xây dựng nhà
83,杜風工程服務股份有限公司,,,'0288098001,http://www.dofind.com.tw/,service@dofind.com.tw,,251401台灣新北市淡水區八勢里中正東路二段27-7號17樓,,,,,,,,0,,,Công ty công trình dân dụng / Kỹ thuật dân dụng
84,德和開發建設有限公司(德和大邁系列),,,'063585566,http://www.dolar.com.tw/,service@dolar.com.tw,,70451台灣臺南市北區元美里文成路601號,,,,,,,,0,,,Công ty xây dựng
85,東宸開發有限公司,,,'062950870,https://www.dong-chen.com.tw/,dongchen.official@gmail.com,,708台灣臺南市安平區永華十一街17巷25號5樓之5,,,,,,,,0,,,Công ty xây dựng
86,東名開發工程有限公司 (老屋翻修、空間設計、房屋修繕),,,'062990076,https://www.dongmingdesign.com/,tomei11104@gmail.com,,708台灣臺南市安平區華平里建平八街372巷38號,,,,,,,,0,,,Dịch vụ phục hồi / trùng tu công trình
87,東輝設計開發有限公司,,,'0425132525,http://www.donghui-design.com.tw/,dhc.co@hotmail.com,,420台灣臺中市豐原區南村里豐原大道五段189-1號,,,,,,,,0,,,Công ty xây dựng
88,高雄東起泥作工程-高雄泥作工程 泥作施工 浴室廚房翻修 房屋新建增建 壁磚.地磚.磁磚工程 中古屋整修翻新 切磚粉光泥作修繕 廚房翻修工程,,,'0970623248,http://dongtushui.com/,may999412@gmail.com,,824台灣高雄市燕巢區深水里深水路43號,,,,,,,,0,,,Đơn vị xây dựng nhà theo yêu cầu
89,成中恆營造股份有限公司,,,'0422308141,http://www.dt-cch.com.tw/,services@dt-cch.com.tw,,406台灣臺中市北屯區平安里文心路四段698號11樓,,,,,,,,0,,,Công ty xây dựng
90,得旺工程有限公司 /營建工程/投資興建,,,'077219186,https://dw59244354.weebly.com/?fbclid=IwAR2YbVa9_lAJ3DUFUTz8pYuYS2f5eGliDMSiAn4NjRTUhvKyYd1LrAWrCVo,iamshino8888@gmail.com,,806台灣高雄市前鎮區瑞昌里瑞泰街27號,,,,,,,,0,,,Dịch vụ phục hồi / trùng tu công trình
91,鼎毅建設股份有限公司,,,'036581238,http://www.dyz.com.tw/,dingyiisd@gmail.com,,302台灣新竹縣竹北市北崙里光明二街86號,,,,,,,,0,,,Công ty xây dựng
92,綠森活建設股份有限公司,,,'062363636,https://www.ecoliving.com.tw/,eco.living@msa.hinet.net,,701台灣臺南市東區圍下里民族路一段37號,,,,,,,,0,,,Công ty xây dựng
93,藝地實業有限公司 ED,,,'0227948168,https://edservice.com.tw/,ed.service.tw@gmail.com,,241台灣新北市三重區富貴里集賢路146號3樓,,,,,,,,0,,,Công ty công trình dân dụng / Kỹ thuật dân dụng
94,盈發營造有限公司,,,'036590357,https://www.engfer.com.tw/,engfer@ms74.hinet.net,,30074台灣新竹市東區新莊里光復路一段507號10樓,,,,,,,,0,,,Công ty công trình dân dụng / Kỹ thuật dân dụng
95,嘉品開發建設有限公司,,,'048853268,https://www.facebook.com/%E5%98%89%E5%93%81%E9%96%8B%E7%99%BC%E5%BB%BA%E8%A8%AD%E6%9C%89%E9%99%90%E5%85%AC%E5%8F%B8-264140067829996/,jiapin5168@gmail.com,,514台灣彰化縣溪湖鎮大突里大公十街20號,,,,,,,,0,,,Công ty xây dựng
96,藏富建設股份有限公司,,,'0422966808,https://www.everich.com.tw/,everichyourlife@gmail.com,,407台灣臺中市西屯區惠來里市政路386號8樓,,,,,,,,0,,,Công ty xây dựng
97,寬澄建築有限公司,,,'062229990,https://www.facebook.com/%E5%AF%AC%E6%BE%84%E5%BB%BA%E7%AF%89%E6%9C%89%E9%99%90%E5%85%AC%E5%8F%B8-100798328754121,kuanchenbd@gmail.com,,704401台灣臺南市北區公園里成功路22巷42弄16號1樓,,,,,,,,0,,,Công ty xây dựng
98,惠鉅建設-藏睿,,,,https://www.facebook.com/%E6%83%A0%E9%89%85%E5%BB%BA%E8%A8%AD-%E8%97%8F%E7%9D%BF-109504151293008/?ref=page_internal,hj@huijucon.com,,260台灣宜蘭縣宜蘭市梅洲里鎮平二路158號,,,,,,,,0,,,Công ty xây dựng
99,景升建設股份有限公司,,,'037690861,https://www.facebook.com/%E6%99%AF%E5%8D%87%E5%BB%BA%E8%A8%AD%E8%82%A1%E4%BB%BD%E6%9C%89%E9%99%90%E5%85%AC%E5%8F%B8-109568504874615,jingsheng91016207@gmail.com,,台灣苗栗縣頭份市自強路246號之1號351,,,,,,,,0,,,Công ty xây dựng
100,桂冠建設,,,'039386758,https://www.facebook.com/%E6%A1%82%E5%86%A0%E5%BB%BA%E8%A8%AD-1623864367855315/,gg24247926@gmail.com,,260台灣宜蘭縣宜蘭市東村里陽明一路67號,,,,,,,,0,,,Đơn vị xây dựng nhà
101,白手砌家房屋修繕,,,'0976911055,https://www.facebook.com/%E7%99%BD%E6%89%8B%E7%A0%8C%E5%AE%B6%E6%88%BF%E5%B1%8B%E4%BF%AE%E7%B9%95-349050905264781,mongjia830622@gmail.com,,310台灣新竹縣竹東鎮雲南路56巷160-10號,,,,,,,,0,,,Dịch vụ phục hồi / trùng tu công trình
102,泰成工程行,,,'0932893445,https://www.facebook.com/%E6%B3%B0%E6%88%90%E9%98%B2%E6%B0%B4%E6%8A%93%E6%BC%8F-547607478717436,taicheng889@gmail.com,,842台灣高雄市旗山區三協里花旗二路148巷6弄24號,,,,,,,,0,,,Công ty xây dựng
103,禾苑接待會館,,,'039255898,https://www.facebook.com/%E7%A6%BE%E8%8B%91-Riverside-Villa-249739082641652/,singer1023@gmail.com,,263台灣宜蘭縣壯圍鄉新南村新南路二段230巷5弄1號,,,,,,,,0,,,Công ty xây dựng
104,英特嵐開發建設有限公司,,,'073866219,https://www.facebook.com/%E8%8B%B1%E7%89%B9%E5%B5%90%E9%96%8B%E7%99%BC%E5%BB%BA%E8%A8%AD%E6%9C%89%E9%99%90%E5%85%AC%E5%8F%B8-100896378332760/,intelligent.tw@gmail.com,,807台灣高雄市三民區正順里大順二路435號,,,,,,,,0,,,Công ty xây dựng
105,雅朋營造有限公司,,,'039254488,https://www.facebook.com/%E9%9B%85%E6%9C%8B%E7%87%9F%E9%80%A0%E6%9C%89%E9%99%90%E5%85%AC%E5%8F%B8-108332927315609/,we7286@gmail.com,,260台灣宜蘭縣宜蘭市南津里縣政五街128巷95號,,,,,,,,0,,,Công ty xây dựng
106,家裡興,,,'0916282769,https://www.facebook.com/%E9%BE%8D%E5%AD%B8%E5%BB%BA%E8%A8%AD-363726004233600/,longxueno1@gmail.com,,722台灣臺南市佳里區六安里延平路585號,,,,,,,,0,,,Công ty xây dựng
107,蕎榮建設,,,'0958217333,https://www.facebook.com/2020LittleFlower/,2020littleflower@gmail.com,,266台灣宜蘭縣三星鄉大洲村五分路一段211號,,,,,,,,0,,,Công ty xây dựng
108,祥昇工程行,,,'0922110307,https://www.facebook.com/a0922110307/,a0922110307@gmail.com,,920台灣屏東縣潮州鎮八爺里介壽路351號,,,,,,,,0,,,Dịch vụ phục hồi / trùng tu công trình
109,兆曜工程,,,'0921797953,https://www.facebook.com/545zhaoyao,chakichen77@gmail.com,,545台灣南投縣埔里鎮枇杷里樹人二街台灣1-18號,,,,,,,,0,,,Dịch vụ phục hồi / trùng tu công trình
110,旺宅-虎厝101,,,'0912299014,https://www.facebook.com/abl3608yujuewang?mibextid=LQQJ4d,stu80115@yahoo.com.tw,,269台灣宜蘭縣冬山鄉鹿埔村鹿埔路394巷27弄101號,,,,,,,,0,,,Dịch vụ phục hồi / trùng tu công trình
111,保源房屋修繕新建工程（保源開發建設有限公司）,,,'0912007177,http://www.facebook.com/andy0917356558/,andy99588@gmail.com,,807台灣高雄市三民區鼎盛里鼎中路797號,,,,,,,,0,,,Dịch vụ phục hồi / trùng tu công trình
112,詠盛興營建機構,,,'0424364686,https://www.facebook.com/Build.Taichung/,chant.glory@gmail.com,,40643台灣臺中市北屯區和平里松竹路一段5號之1樓,,,,,,,,0,,,Công ty xây dựng
113,昌大工程行,,,'0928545663,https://www.facebook.com/changdawork/,cancerace@gmail.com,,710台灣臺南市永康區網寮里永春街13巷39號1樓,,,,,,,,0,,,Công ty xây dựng
114,誠信建築營造有限公司,,,'0911491247,https://www.facebook.com/chengxinworks/?ref=page_internal,chengxinworks@gmail.com,,814台灣高雄市仁武區仁心路236之號1右2,,,,,,,,0,,,Dịch vụ phục hồi / trùng tu công trình
115,晴越系列7 晴越安居,,,'0426867518,https://www.facebook.com/ChingYueCC,chingyue8@gmail.com,,439台灣臺中市大安區松九街,,,,,,,,0,,,Đơn vị xây dựng nhà theo yêu cầu
116,佑維企業社,,,'0922053131,https://www.facebook.com/ChinHung888,yhomrar@gmail.com,,976台灣花蓮縣光復鄉大華村華新街10號,,,,,,,,0,,,Nhà thầu phụ công trình
117,建揚營造工程有限公司,,,'033387331,https://www.facebook.com/CYCEM1987/,cy.cy338@msa.hinet.net,,330台灣桃園市桃園區泰山里中山路425巷6號,,,,,,,,0,,,Nhà thầu phụ công trình
118,大研建設有限公司/實踐家建設有限公司,,,,https://www.facebook.com/Dayan.DreamRealizer,dayan27593420@gmail.com,,970台灣花蓮縣花蓮市國裕里富強路105號,,,,,,,,0,,,Công ty xây dựng
119,帝寶龍建設,,,'0928919047,https://www.facebook.com/DBLNBD/,muxin.adc@gmail.com,,台灣彰化縣和美鎮南雷路3號508,,,,,,,,0,,,Đơn vị xây dựng nhà theo yêu cầu
120,全方位宅修,,,'0972616527,https://www.facebook.com/felixMr.Lai/,bread7923@gmail.com,,708台灣臺南市安平區金城里同平路96巷27號,,,,,,,,0,,,Đơn vị xây dựng nhà theo yêu cầu
121,國龍建設有限公司,,,'088350553,https://www.facebook.com/GuoLongConstruction,pt8350553@gmail.com,,928台灣屏東縣東港鎮東津里沿海五路230號,,,,,,,,0,,,Công ty xây dựng
122,理想的家貨櫃生活館,,,'0910569494,https://www.facebook.com/idealhome888,a0910569494@gmail.com,,542台灣南投縣草屯鎮富寮里富頂路一段545-5號,,,,,,,,0,,,Đơn vị xây dựng nhà theo yêu cầu
123,集成建築 - 集學 銷售會館,,,'035968188,https://www.facebook.com/integration1185,integration1185@gail.com,,310台灣新竹縣竹東鎮上舘里中豐路二段138號,,,,,,,,0,,,Công ty xây dựng
124,睿登空間設計工程公司/晶焰文創有限公司,,,'0919199682,https://www.facebook.com/Jingyan.cc,a359912@gmail.com,,950台灣臺東縣臺東市成功里光復路387之1號,,,,,,,,0,,,Công ty công trình dân dụng / Kỹ thuật dân dụng
125,喬銳工程有限公司,,,'0960778504,https://www.facebook.com/jorui90872224,jordan70230@gmail.com,,600台灣嘉義市東區興村里溪興街2之8號1樓,,,,,,,,0,,,Công ty công trình dân dụng / Kỹ thuật dân dụng
126,日本熊本會館,,,'0935050410,https://www.facebook.com/KumamotoChalet/,jg24938910@gmail.com,,413004台灣臺中市霧峰區本堂里中正路625號,,,,,,,,0,,,Công ty xây dựng
127,龍山建設有限公司,,,'037473177,https://www.facebook.com/longshan168,longshan168168@gmail.com,,35055台灣苗栗縣竹南鎮龍山里龍山路二段286號,,,,,,,,0,,,Công ty xây dựng
128,利威廉建設開發有限公司,,,'087336175,https://www.facebook.com/liweilian98,shunboo98@gmail.com,,900台灣屏東縣屏東市大同里信義路正定巷5號900,,,,,,,,0,,,Công ty xây dựng
129,綠誠勢2接待中心,,,'0425772792,https://www.facebook.com/p/%E7%B6%A0%E8%AA%A0%E5%8B%A2-100089882704359/,greenenergycity19@gmail.com,,423020台灣臺中市東勢區延平里東關路七段166號,,,,,,,,0,,,Công ty xây dựng
130,睿鍇建設,,,'0426331359,https://www.facebook.com/pages/category/Real-Estate-Company/%E7%9D%BF%E9%8D%87%E5%BB%BA%E8%A8%AD-103846251093185/,ruikai.con5@gmail.com,,434台灣臺中市龍井區南寮里向上路六段388號,,,,,,,,0,,,Công ty xây dựng
131,閎綸建設有限公司－富登新系列,,,'039310699,https://www.facebook.com/pageup1122,k221869421@gmail.com,,260台灣宜蘭縣宜蘭市小東里宜興路二段55號,,,,,,,,0,,,Công ty xây dựng
132,卓承工程有限公司,,,'0910299090,https://www.facebook.com/profile.php?id=100054389716485&mibextid=9R9pXO,k510517@yahoo.com.tw,,221台灣新北市汐止區崇德里茄苳路198巷1號,,,,,,,,0,,,Công ty công trình dân dụng / Kỹ thuật dân dụng
133,山春建設有限公司,,,'035884555,https://www.facebook.com/profile.php?id=100057335086147&mibextid=LQQJ4d,cc.dl@msa.hinet.net,,305台灣新竹縣新埔鎮文山里文華路238號,,,,,,,,0,,,Công ty xây dựng
134,盈囍建設開發有限公司,,,'067956263,https://www.facebook.com/profile.php?id=100057352874183&mibextid=LQQJ4d,gear.pak@msa.hinet.net,,723台灣臺南市西港區後營里321之15號,,,,,,,,0,,,Công ty xây dựng
135,萬豪呈工程有限公司,,,'0909850945,https://www.facebook.com/profile.php?id=100064367940838,shunquan85649400@gmail.com,,709台灣臺南市安南區安和路四段237-7號,,,,,,,,0,,,Công ty công trình dân dụng / Kỹ thuật dân dụng
136,欣睿工程行 (鋁門窗、氣密窗、採光罩、淋浴拉門、烤漆玻璃、不鏽鋼、欄杆、鐵皮屋、鋼構屋),,,'0975119507,https://www.facebook.com/profile.php?id=100066715593760,tl3qu487@gmail.com,,40646台灣臺中市北屯區和平里正道街386號,,,,,,,,0,,,Dịch vụ phục hồi / trùng tu công trình
137,奕興金建設股份有限公司,,,'0426815585,https://www.facebook.com/profile.php?id=100075595826049,ysjc24591167@gmail.com,,437台灣臺中市大甲區日南里青年路59號,,,,,,,,0,,,Công ty xây dựng
138,遠升營造股份有限公司,,,'0426815881,https://www.facebook.com/profile.php?id=100076516884477,ys.group.tw@gmail.com,,43771台灣臺中市大甲區朝陽里文武路10號8樓,,,,,,,,0,,,Công ty xây dựng
139,名景營造股份有限公司/亦興室內裝修工程有限公司,,,'072231992,https://www.facebook.com/profile.php?id=100077036108058&mibextid=LQQJ4d,yising2020@gmail.com,,802台灣高雄市苓雅區民主里憲昌路14號,,,,,,,,0,,,Công ty xây dựng
140,君震營造有限公司,,,'034903005,https://www.facebook.com/profile.php?id=100077606918889,97489738jz@gmail.com,,320台灣桃園市中壢區過嶺里松義三街292號2樓,,,,,,,,0,,,Công ty công trình dân dụng / Kỹ thuật dân dụng
141,崧瀚營造有限公司,,,'0423360758,https://www.facebook.com/profile.php?id=100078033445149,sh23360758@gmail.com,,414台灣臺中市烏日區三和里高鐵六路7號3樓之一,,,,,,,,0,,,Công ty xây dựng
142,由全建設 Sanitation expert,,,,https://www.facebook.com/profile.php?id=100086484082846,youquanconstr.co@gmail.com,,408台灣臺中市南屯區大同里大墩路188號4樓,,,,,,,,0,,,Đơn vị xây dựng nhà
143,錦璋工程有限公司,,,'052338687,https://www.facebook.com/profile.php?id=100090705275807,jz90433350@gmail.com,,600071台灣嘉義市西區永和里康樂街221號,,,,,,,,0,,,Công ty công trình dân dụng / Kỹ thuật dân dụng
144,利瀚建設有限公司,,,'087388388,https://www.facebook.com/profile.php?id=100094139232334,lihan8888888@gmail.com,,900台灣屏東縣屏東市華山里華山街46號,,,,,,,,0,,,Công ty xây dựng
145,悅森活 聯合銷售中心,,,'0492560868,https://www.facebook.com/profile.php?id=61551067760287&mibextid=JRoKGi,a0958677677@gmail.com,,540台灣南投縣南投市內新里中興路182巷41號,,,,,,,,0,,,Đơn vị xây dựng nhà
146,輝熊營造工程有限公司,,,'0989883087,https://www.facebook.com/profile.php?id=61557262952994&mibextid=uzlsIk,jason202288@gmail.com,,545台灣南投縣埔里鎮清新里民生路6號,,,,,,,,0,,,Công ty xây dựng
147,建升起重企業行/吊車行,,,'0937384953,https://www.facebook.com/profile.php?id=61563263507224&mibextid=ZbWKwL,g0955353045@gmail.com,,923台灣屏東縣萬巒鄉新厝村清安路19號,,,,,,,,0,,,Công ty công trình dân dụng / Kỹ thuật dân dụng
148,耑亞營造有限公司┃䈽空間設計,,,'039361549,https://www.facebook.com/profile.php?id=61573272612275,jindesign23@gmail.com,,260台灣宜蘭縣宜蘭市西門里慶和街16號一樓,,,,,,,,0,,,Công ty xây dựng
149,顯曜工程,,,'0929079407,https://www.facebook.com/profile.php?id=61575031171356,xianyao2025@gmail.com,,807台灣高雄市三民區立誠里嫩江街15號1樓,,,,,,,,0,,,Công ty công trình dân dụng / Kỹ thuật dân dụng
150,登岳開發建設有限公司行動辦公室,,,'0910922005,http://www.facebook.com/profile.php?id=61575555992435,chidan168@yahoo.com.tw,,912台灣屏東縣內埔鄉內埔村南華路188號太空艙,,,,,,,,0,,,Công ty xây dựng
151,斗中大苑,,,'048875333,https://www.facebook.com/profile.php?id=61590243370879,xinbangdechan@gmail.com,,520台灣彰化縣田中鎮三民里斗中路二段802巷506號,,,,,,,,0,,,Đơn vị xây dựng nhà theo yêu cầu
152,益啟工程有限公司/怪手出租/挖土機出租,,,'0988922192,https://www.facebook.com/profile.php?id=61590345788670&locale=zh_TW,qqmax7676@gmail.com,,320台灣桃園市中壢區高鐵南路三段135巷,,,,,,,,0,,,Công ty công trình dân dụng / Kỹ thuật dân dụng
153,勝全營造有限公司,,,'078411669,https://www.facebook.com/SC.bulid/?locale=zh_TW,sc.bulid@msa.hinet.net,,830台灣高雄市鳳山區福誠里瑞春街42號,,,,,,,,0,,,Đơn vị xây dựng nhà theo yêu cầu
154,人本建設有限公司-接待中心,,,'052780307,https://www.facebook.com/share/16HG9BTqhK/?mibextid=wwXIfr,renben7777777@gmail.com,,600台灣嘉義市東區後庄里林森東路655號,,,,,,,,0,,,Đơn vị xây dựng nhà theo yêu cầu
155,俊龍工程行,,,'0986285858,https://www.facebook.com/share/17uX6zXQDR/?mibextid=LQQJ4d,jiunn1215@yahoo.com.tw,,651台灣雲林縣北港鎮水埔里24號,,,,,,,,0,,,Công ty công trình dân dụng / Kỹ thuật dân dụng
156,力築設計室內裝修工程有限公司,,,'0975216688,https://www.facebook.com/share/18T8vcr5yh/?mibextid=wwXIfr,a0922536041@gmail.com,,260台灣宜蘭縣宜蘭市公園東路51巷33號,,,,,,,,0,,,Công ty xây dựng
157,宏廷建設(股)公司,,,'0223278388,https://www.facebook.com/share/19KuoaYEPZ/?mibextid=wwXIfr,hung.ting88@msa.hinet.net,,106台灣臺北市大安區龍安里和平東路一段,,,,,,,,0,,,Công ty xây dựng
158,大佑土木包工業,,,'0912101960,https://www.facebook.com/share/1BkPSkzN6K/?mibextid=wwXIfr,a0912101960@gmail.com,,730台灣臺南市新營區公園路一段160巷53號,,,,,,,,0,,,Công ty công trình dân dụng / Kỹ thuật dân dụng
159,沂錠旺台中防水抓漏工程,,,,https://www.facebook.com/share/1CwuNZe56p/,hot90527@yahoo.com.tw,,407台灣臺中市西屯區西屯路二段上石北二巷15號6-10,,,,,,,,0,,,Công ty xây dựng
160,阿民民油漆防水抓漏工程,,,'0935172938,https://www.facebook.com/share/1H1VWrEgvR/,sunmeansam@hotmail.com,,831125台灣高雄市大寮區山頂里青峰街101號,,,,,,,,0,,,Dịch vụ phục hồi / trùng tu công trình
161,亞譽營建,,,'0905966168,https://www.facebook.com/share/1KWkGTSJes/?mibextid=wwXIfr,yayu.build@gmail.com,,260台灣宜蘭縣宜蘭市進士里進士路二段5號,,,,,,,,0,,,Công ty xây dựng
162,新宏興營造股份有限公司,,,'077875756,https://www.facebook.com/shsccl?fref=ts,shsccl@ms15.hinet.net,,831台灣高雄市大寮區上寮里上發六路1號,,,,,,,,0,,,Nhà thầu phụ công trình
163,順裕建設有限公司,,,'087757777,https://www.facebook.com/shunyu.fans/?locale=zh_TW,shunli7777@gmail.com,,905台灣屏東縣里港鄉塔樓村塔樓路1-58號,,,,,,,,0,,,Công ty xây dựng
164,翔新建設有限公司,,,'0424068208,https://www.facebook.com/SiangShinConstruction,sianghuge@gmail.com,,412台灣臺中市大里區永隆里爽文路927號1樓,,,,,,,,0,,,Công ty xây dựng
165,祥生土木包工業,,,'034912301,http://www.facebook.com/Siangshengss,siangsheng@yahoo.com.tw,,320台灣桃園市中壢區五權里正光街106號,,,,,,,,0,,,Công ty xây dựng
166,吉麟金屬工程行 鐵皮職人團隊 ❰鐵皮屋翻修 廠房拆除翻新 遮雨棚車庫 頂樓加蓋 鋼構建築造型屋 廠房鋼構設計 房屋改建翻修❱,,,'0972771296,https://www.facebook.com/spring95467/,spring95467@gmail.com,,41159台灣臺中市太平區中興里新平路一段35巷96號,,,,,,,,0,,,Đơn vị xây dựng nhà theo yêu cầu
167,時代開發建設股份有限公司,,,'0423271198,https://www.facebook.com/stylebuilding/?ref=bookmarks,fang12188@yahoo.com.tw,,408台灣臺中市南屯區大業里公益路二段51號6樓,,,,,,,,0,,,Công ty xây dựng
168,巨盛營造股份有限公司,,,'038539938,http://www.facebook.com/songjuct,songjuct@gmail.com,,97354台灣花蓮縣吉安鄉仁安村南海二街138號,,,,,,,,0,,,Đơn vị xây dựng nhà theo yêu cầu
169,又上峰營造股份有限公司、又上峰開發建設有限公司,,,'0937164387,https://www.facebook.com/t0908204162/,lifeme1688@gmail.com,,97346台灣花蓮縣吉安鄉新城鄉吉興一街411巷2弄15號嘉里三街151號( 辦公室,,,,,,,,0,,,Công ty xây dựng
170,東鑫龍營造有限公司,,,'0225283407,https://www.facebook.com/TungHsingLong,d0033@yahoo.com.tw,,105台灣松山區鵬程里健康路325巷24弄3號,,,,,,,,0,,,Công ty xây dựng
171,萬動營造有限公司,,,'038539819,https://www.facebook.com/wantong5699,wantong5699@yahoo.com.tw,,973台灣花蓮縣吉安鄉宜昌村吉祥四街41-7號,,,,,,,,0,,,Công ty xây dựng
172,鈺電通建設開發有限公司,,,'052358383,https://www.facebook.com/udtcompany,good.com@msa.hinet.net,,60090台灣嘉義市西區西平里高鐵大道227附1號,,,,,,,,0,,,Đơn vị xây dựng nhà theo yêu cầu
173,藏風LM社區,,,'065858151,https://www.facebook.com/windarchi,thewindarchi@gmail.com,,74191台灣臺南市善化區陽光二路16巷2號,,,,,,,,0,,,Công ty xây dựng
174,泳翌營建機構,,,'0426838917,https://www.facebook.com/yongyi.construction,yongyicons@gmail.com,,438台灣臺中市外埔區大同里甲后路三段992巷32號,,,,,,,,0,,,Công ty xây dựng
175,豫呈歡沁天下,,,'039320699,https://www.facebook.com/yucheng.tl/,a9557979@yahoo.com,,264台灣宜蘭縣員山鄉深溝村惠深二路一段157號號旁,,,,,,,,0,,,Đơn vị xây dựng nhà theo yêu cầu
176,御棠建設/御棠營造有限公司,,,'073987508,https://www.facebook.com/yutang.a67/,yutang.a67@gmail.com,,"4 樓 No. 67號, 大昌二路三民區高雄市台灣 807",,,,,,,,0,,,Công ty xây dựng
177,正大營造有限公司,,,'0492762781,https://www.facebook.com/Zheng-Da-Construction-Co-Ltd-884824844875195/,chaoying1205@gmail.com,,552台灣南投縣集集鎮集集里初中一街51巷16號,,,,,,,,0,,,Công ty xây dựng
178,兆霖建設有限公司,,,'087759339,https://www.facebook.com/zlarch?mibextid=LQQJ4d,zlarch9099@gmail.com,,905台灣屏東縣里港鄉玉田村和平路17號,,,,,,,,0,,,Công ty xây dựng
179,榮金營造富德施工所,,,'0277092282,https://www.fcg.com.tw/,info@fcg.com.tw,,116台灣臺北市文山區木柵里木柵路5段190號之1,,,,,,,,0,,,Công ty công trình dân dụng / Kỹ thuật dân dụng
180,遠雄建設事業股份有限公司,,,'0227239999,https://www.farglory-land.com.tw/,b3576@farglory.com.tw,,110台灣臺北市信義區興隆里基隆路一段200號16樓,,,,,,,,0,,,Công ty xây dựng
181,宏昌基礎科技,,,'0227912177,https://www.fong-shin.com/,pr@hcgc.com.tw,,114台灣臺北市內湖區蘆洲里潭美街533號21樓,,,,,,,,0,,,Công ty công trình dân dụng / Kỹ thuật dân dụng
182,福美國際建設股份有限公司（土城建設公司）,,,'0222689996,https://www.foxbeauty.com.tw/,mumahsu7638@gmail.com,,236台灣新北市土城區頂福里溪頭路20巷2弄20號,,,,,,,,0,,,Công ty xây dựng
183,富品建設股份有限公司,,,'0223919888,http://www.fpcl.com.tw/,fupin68.fu@msa.hinet.net,,106台灣臺北市大安區古莊里羅斯福路二段91號24樓之二,,,,,,,,0,,,Công ty xây dựng
184,富泰營造股份有限公司,,,'035545285,https://www.ftnet.com.tw/,ftnet@ftnet.com.tw,,302台灣新竹縣竹北市斗崙里縣政六路58號6樓,,,,,,,,0,,,Công ty xây dựng
185,富強開發工程有限公司｜風管工程・防火消防安全工程・裝修裝潢工程・水泥鐵皮鋼構工程・防水抓漏工程・嘉義專業建築統包,,,'0981779226,https://fu-chian.com.tw/,fuchian.development.engineering@gmail.com,,600台灣嘉義市西區博愛路二段459號,,,,,,,,0,,,Công ty xây dựng
186,福懋建設股份有限公司,,,'073365051,https://www.fu-mao.com.tw/,service@fu-mao.com.tw,,806台灣高雄市前鎮區西山里復興三路165號,,,,,,,,0,,,Công ty xây dựng
187,府都建設股份有限公司,,,'062973369,http://www.fudu.com.tw/,fudu@fudu.com.tw,,708台灣臺南市安平區金城里安北路722巷132號,,,,,,,,0,,,Công ty xây dựng
188,富源建設股份有限公司,,,'035336196,http://www.fu-yuan.com.tw/,service@fu-yuan.com.tw;sales@fu-yuan.com.tw,,300台灣新竹市北區境福里中正路497號12樓,,,,,,,,0,,,Công ty xây dựng
189,福樺建設股份有限公司,,,'0226009688,http://www.fuhua.com.tw/,info@fuhua.com.tw,,244台灣新北市林口區仁愛里文化二路一段266號21樓,,,,,,,,0,,,Công ty xây dựng
190,富盛金屬建材股份有限公司-全罩式防禦性機組設備外箱/全方位多功能設備箱/客製化設備防禦箱/EPC統包工程,,,'047988073,https://fussen.com.tw/,fussenmetal@gmail.com,,509台灣彰化縣伸港鄉溪底村工東二路16號,,,,,,,,0,,,Công ty công trình dân dụng / Kỹ thuật dân dụng
191,巨匠建設事業開發股份有限公司,,,'047521127,http://www.g-m.com.tw/,chulin.chiang@g-m.com.tw,,500台灣彰化縣彰化市東芳里彰鹿路4巷1號,,,,,,,,0,,,Công ty xây dựng
192,耕園營造有限公司,,,'076116656,https://www.gengyuantw.com/,gengyuan6116656@gmail.com,,825台灣高雄市橋頭區芋寮里芋寮路29號,,,,,,,,0,,,Công ty xây dựng
193,哲園建設有限公司,,,'0422580818,https://www.gf-live.com.tw/,zne.yuan@gmail.com,,408台灣臺中市南屯區三義里黎明東街508號1樓,,,,,,,,0,,,Công ty xây dựng
194,記銘建設股份有限公司,,,'048296998,https://www.giving.com.tw/,info@giving.com.tw,,51344台灣彰化縣埔心鄉瓦北村瑤鳳路一段320號,,,,,,,,0,,,Công ty xây dựng
195,寬闊星灩寓_建案基地工務所,,,'039881880,https://www.goexpanse.com.tw/xingyanyu/,info@goexpanse.com.tw,,266台灣宜蘭縣三星鄉大義村培英路450號,,,,,,,,0,,,Công ty xây dựng
196,居加驗屋,,,'0921334522,https://www.gplushouse.com/,eno0921@gmail.com,,406台灣臺中市北屯區仁美里豐樂路17之20號,,,,,,,,0,,,Đơn vị xây dựng nhà
197,冠輝建設股份有限公司,,,'0282459699,http://guanhuico.wixsite.com/home,guanhuico@gmail.com,,235台灣新北市中和區枋寮里中和路165巷19號12樓,,,,,,,,0,,,Công ty xây dựng
198,一昕工程有限公司,,,'0908382282,https://www.greenev-yixin.com/,yixinservice@gmail.com,,406台灣臺中市北屯區忠平里陳平路65巷140弄31號,,,,,,,,0,,,Công ty công trình dân dụng / Kỹ thuật dân dụng
199,國聚建設股份有限公司,,,'0423209898,http://www.guo-ju.com.tw/,guoju88@gmail.com,,403台灣臺中市西區忠誠里臺灣大道二段573號5樓H室,,,,,,,,0,,,Công ty xây dựng
200,貫捷室內裝修有限公司,,,,http://www.guanjay-buildingworks.com/,vies1101@gmail.com,,408台灣臺中市南屯區田心里惠心街110號,,,,,,,,0,,,Nhà thầu phụ công trình
201,敦泰建設,,,'0422593191,http://www.gvreg.com/,service@gvreg.com,,407台灣臺中市西屯區惠來里市政路386號,,,,,,,,0,,,Công ty xây dựng
202,韓商韓林工程建設有限公司,,,'033931970,http://www.hanlimenc.com/eng/index.php,hanlimenc@chol.com,,337台灣桃園市大園區埔心里航站南路7號2樓,,,,,,,,0,,,Công ty xây dựng
203,杉居建築師事務所,,,,https://harchitects2020.com/,info@harchitects2020.com,,320台灣桃園市中壢區興國里新生路159號2F,,,,,,,,0,,,Công ty xây dựng
204,生活家建設有限公司,,,'0422536888,https://harmonylife.tw/,harmonylife888@gmail.com,,408台灣臺中市南屯區惠中里惠中路三段69號13樓,,,,,,,,0,,,Công ty xây dựng
205,鉅成建設股份有限公司,,,'087661187,https://www.hccc.com.tw/jucheng/,jucheng.svc@gmail.com,,900台灣屏東縣屏東市勝利里廣東路990號,,,,,,,,0,,,Công ty xây dựng
206,漢宇建設 見築館,,,'0424375299,http://www.hanyu-arch.com/,hanyu179arch@gmail.com,,406台灣臺中市北屯區舊社里松竹五路一段179號,,,,,,,,0,,,Công ty xây dựng
207,合恆建設有限公司,,,'062472537,http://heheng.com.tw/,heheng45896495@gmail.com,,709台灣臺南市安南區海東里海中街138巷31號,,,,,,,,0,,,Công ty xây dựng
208,禾固營造,,,'0423296007,http://www.hergoo.com.tw/,service@hergoo.com.tw,,403台灣臺中市西區公正里東興路三段152號2樓,,,,,,,,0,,,Công ty xây dựng
209,和昌建設有限公司,,,'087770329,https://hercheng.com.tw/,hcb1068@gmail.com,,913001台灣屏東縣萬丹鄉萬全村丹榮路751號,,,,,,,,0,,,Công ty xây dựng
210,和築開發股份有限公司,,,'0227063788,http://www.herzu.com.tw/,life_style@herzu.com.tw,,105台灣臺北市松山區松基里民生東路三段128號4號樓之2B,,,,,,,,0,,,Đơn vị xây dựng nhà
211,禾寅建設 王爺壟建築基地,,,,https://heyin-building.com/new-project/,www713318@gmail.com,,303台灣新竹縣湖口鄉中正村中正六街,,,,,,,,0,,,Đơn vị xây dựng nhà
212,瀚豐泰建設有限公司,,,'075350888,http://www.hf-t.com.tw/,hft5350888@gmail.com,,802台灣高雄市苓雅區晴朗里民權一路95號,,,,,,,,0,,,Công ty xây dựng
213,紘富建設,,,'036109616,https://www.hfcons.com.tw/,hfcons.mkt@gmail.com,,300台灣新竹市東區龍山里世傑路222號,,,,,,,,0,,,Công ty xây dựng
214,禾禮建設股份有限公司,,,,https://www.hollygroup.tw/,yumei@hollygroup.tw,,114066台灣臺北市內湖區西湖里基湖路35巷49號7樓,,,,,,,,0,,,Công ty xây dựng
215,鴻緯建設,,,'035566060,http://www.home-wei.com.tw/,hw90256170@gmail.com,,302台灣新竹縣竹北市溪州里中正西路1051號,,,,,,,,0,,,Công ty xây dựng
216,鴻捷營造有限公司,,,'056936175,http://hong-jie.com.tw/,hjhj25020313@gmail.com,,638台灣雲林縣麥寮鄉麥豐村華興路13巷4號,,,,,,,,0,,,Công ty xây dựng
217,宏霖建設,,,'0227598866,https://honglin-group.com/,service@honglin.group,,11085台灣臺北市信義區安康里松德路171號12號樓之5,,,,,,,,0,,,Công ty xây dựng
218,泓樹建設股份有限公司,,,'0422365858,https://www.hong-shu.com.tw/,hongshu@hong-shu.com.tw,,404台灣臺中市北區賴福里太原路二段86號12樓之3,,,,,,,,0,,,Công ty xây dựng
219,鴻旭企業行(高雄房屋整修),,,'077433890,http://www.honsheu.com.tw/,broncoma@hotmail.com,,830台灣高雄市鳳山區中和里中和街242號,,,,,,,,0,,,Dịch vụ phục hồi / trùng tu công trình
220,合利營造有限公司（常裕營造）,,,'078063094,https://hoplee.com.tw/,cyoffice.tw@gmail.com,,812台灣高雄市小港區店鎮里長興街23號,,,,,,,,0,,,Công ty xây dựng
221,竑祥有限公司,,,'0937734635,https://www.hoxiang.com.tw/Products.html,a601.b489@msa.hinet.net,,351台灣苗栗縣頭份市中興里中央路176號8樓,,,,,,,,0,,,Công ty công trình dân dụng / Kỹ thuật dân dụng
222,鴻山建設有限公司,,,'0425159929,http://www.hpccl.com.tw/,cgmail.i88@msa.hinet.net,,420台灣臺中市豐原區西湳里豐原大道七段1號,,,,,,,,0,,,Công ty xây dựng
223,丞石建築開發股份有限公司,,,'0227713778,http://honor-home.com.tw/,thechairman.honor@gmail.com,,105台灣臺北市松山區美仁里南京東路四段16號10 樓 b 室,,,,,,,,0,,,Công ty xây dựng
224,興亞營造工程股份有限公司,,,'0426282888,https://hsing-ya.com.tw/,juping@hsing-ya.com.tw,,436台灣臺中市清水區南社里中華路151-2號8樓,,,,,,,,0,,,Công ty xây dựng
225,江林營造有限公司,,,'0492316128,https://hsjl.com.tw/,jl25183316@gmail.com,,"148號, 府南二路嘉興里南投市南投縣台灣 540",,,,,,,,0,,,Công ty xây dựng
226,樺懋建設/興懋營造/敦上開發/樺興機電股份有限公司,,,'0422589929,http://www.hua-mao.com.tw/,hm@hua-mao.com.tw,,407台灣臺中市西屯區潮洋里市政北二路282號16樓之6,,,,,,,,0,,,Công ty xây dựng
227,華峰建設開發股份有限公司,,,'0225416988,http://www.huafong.com.tw/,service@huafong.com.tw,,104台灣臺北市中山區聚葉里中山北路二段129號4號樓之1,,,,,,,,0,,,Công ty xây dựng
228,新業建設股份有限公司,,,'0424623326,http://www.hsinyeh.com/,service@hsinyeh.com,,407台灣臺中市西屯區福安里安和路168號11樓之1,,,,,,,,0,,,Công ty xây dựng
229,華盛營建工程股份有限公司,,,'077216942,http://www.hsecg.com/,contactus@hsecg.com,,"5樓, No. 7號家齊路正言里苓雅區高雄市台灣 802",,,,,,,,0,,,Công ty xây dựng
230,皇程建設股份有限公司,,,'039557567,https://huangcheng.ete168.tw/,111huangchen@gmail.com,,268台灣宜蘭縣五結鄉四結村隆昌路10號,,,,,,,,0,,,Công ty xây dựng
231,皇龍建設股份有限公司,,,'062907308,http://huanglong.com.tw/,service@huanglong.com.tw,,701台灣臺南市東區崇善里仁和路56號,,,,,,,,0,,,Công ty xây dựng
232,匯成建設,,,'072273730,http://www.hueychen.com.tw/,hueychen@ms13.hinet.net,,800台灣高雄市新興區光耀里民生一路56號18號樓之2,,,,,,,,0,,,Công ty xây dựng
233,惠來機構 惠眾建設 接待會館,,,'048370366,https://www.hui-zhong.com.tw/,service@villa-spa.com.tw,,510台灣彰化縣員林市中山路一段332號,,,,,,,,0,,,Đơn vị xây dựng nhà
234,華俊工程開發有限公司,,,'077653389,https://huajun0708.wixsite.com/huajun/blank-1,huajun0708@gmail.com,,806台灣高雄市前鎮區明正里明鳳七街98號,,,,,,,,0,,,Công ty xây dựng
235,煌宇建設&圓福營造有限公司&廣廈土木包工業有限公司,,,'052860181,https://www.huangyubuilder.com.tw/,guangxiabuild@gmail.com,,600台灣嘉義市西區上海路163-1號,,,,,,,,0,,,Công ty xây dựng
236,藏睿接待中心,,,'039388897,https://www.huiju.com.tw/,huiju@huijucon.com,,260台灣宜蘭縣宜蘭市七結里女中路三段455號旁空地,,,,,,,,0,,,Đơn vị xây dựng nhà theo yêu cầu
237,鴻標建設,,,'0492316832,https://www.hungbiau.com.tw/,hungbiau@gmail.com,,542台灣南投縣草屯鎮新庄里芬草路二段860巷37號,,,,,,,,0,,,Công ty xây dựng
238,宏華營造股份有限公司,,,'0422068899,http://www.hunghua.com.tw/,info@hunghua.com.tw,,404台灣臺中市北區賴村里學士路257號11樓,,,,,,,,0,,,Công ty xây dựng
239,互益營造,,,'0426521818,http://www.huyitwn.com/,huyitwn@gmail.com,,433台灣臺中市沙鹿區北勢里鎮南路二段336號,,,,,,,,0,,,Công ty xây dựng
240,怡華文學苑,,,'088682888,https://www.ihwa.com.tw/productdetail_tw.php?id=79,ybworld@ybworld.com.tw,,932台灣屏東縣新園鄉仙吉村仙吉路188號,,,,,,,,0,,,Công ty xây dựng
241,英順藝術玻璃行|強化玻璃裝潢工程,,,'0226776648,https://www.iyp.com.tw/0226776648,service@chyp.com.tw,,239台灣新北市鶯歌區二橋里中正三路279-10號,,,,,,,,0,,,Dịch vụ phục hồi / trùng tu công trình
242,威盛開發建設股份有限公司,,,'052837357,https://www.jane80099356.com/,jane80099356@yahoo.com,,600台灣嘉義市西區光路里世賢路三段510號,,,,,,,,0,,,Công ty xây dựng
243,勁錩企業有限公司,,,'0423588158,http://www.jcep.com.tw/,jc24428644@gmail.com,,407台灣臺中市西屯區福中里中工二路188號9 樓,,,,,,,,0,,,Công ty công trình dân dụng / Kỹ thuật dân dụng
244,正原營造工程有限公司,,,'0424379385,https://www.jengyuan.com.tw/,ally2566@gmail.com,,406台灣臺中市北屯區水景里東山路一段156-6號13樓之1,,,,,,,,0,,,Công ty xây dựng
245,玖承營造,,,'048362816,https://jcyz.com.tw/,jc8362816@gmail.com,,510台灣彰化縣員林市浮圳里員東路一段155號,,,,,,,,0,,,Dịch vụ phục hồi / trùng tu công trình
246,佳境建設,,,'088355288,http://jia-jing.com.tw/,jia1061127@gmail.com,,928台灣屏東縣東港鎮東新里興安二街93號,,,,,,,,0,,,Đơn vị xây dựng nhà
247,加承工程有限公司,,,'0963617863,https://jiachengconst.com/,jimm11316@gmail.com,,238台灣新北市樹林區柑園街一段,,,,,,,,0,,,Công ty công trình dân dụng / Kỹ thuật dân dụng
248,建大開發 JD Construction,,,'0988008804,http://www.jianda.com.tw/,jianda.build@gmail.com,,408台灣臺中市南屯區惠中里文心路一段378號14樓之3,,,,,,,,0,,,Đơn vị xây dựng nhà
249,捷築建設有限公司,,,'062493007,http://www.jiezhu.com.tw/,jiezhugo@gmail.com,,717台灣臺南市仁德區仁德里文華路三段428巷108號1樓,,,,,,,,0,,,Công ty xây dựng
250,及福建設股份有限公司,,,'0282875252,https://jifu-dev.com/,service@jifu-dev.com,,241台灣新北市三重區富貴里集賢路32號1樓,,,,,,,,0,,,Công ty xây dựng
251,靖喬土木包工業&裝修設計工程,,,'0919395503,https://www.jingchiau.com/,tommy705tw@gmail.com,,235台灣新北市中和區福和里水源路7巷,,,,,,,,0,,,Công ty công trình dân dụng / Kỹ thuật dân dụng
252,京杭建設,,,'062584630,https://www.jinghang.com.tw/Home/Index,w3025887@gmail.com,,700台灣臺南市中西區西賢里西賢一街241號,,,,,,,,0,,,Công ty xây dựng
253,晶勝鷹架,,,'0916882618,http://www.jingscaffolding.com/,anny721230a@gmail.com,,81264台灣高雄市小港區鳳森里沿海四路41-5號,,,,,,,,0,,,Công ty xây dựng
254,精旺工程有限公司,,,'048877308,http://www.jingwang999.com.tw/,jing.wang999@msa.hinet.net,,521台灣彰化縣北斗鎮中寮里,,,,,,,,0,,,Công ty công trình dân dụng / Kỹ thuật dân dụng
255,青睞5,,,'0975068977,https://www.jing-hong.com.tw/qinlai5,jing.yuan@msa.hinet.net,,261台灣宜蘭縣頭城鎮武營里武營路117巷9之1號,,,,,,,,0,,,Đơn vị xây dựng nhà
256,京騰建設開發,,,'039321119,http://jingteng.com.tw/,jingtengkaifa@gmail.com,,260台灣宜蘭縣宜蘭市菜園里力行路129號,,,,,,,,0,,,Đơn vị xây dựng nhà
257,久誠建設股份有限公司,,,'062466222,http://www.jiu-cheng.com.tw/,service@jiu-cheng.com.tw,,709台灣臺南市安南區梅花里安中路一段671號,,,,,,,,0,,,Công ty xây dựng
258,金築建設有限公司,,,'077809611,http://www.jinzhu-cons.com/,jinzhu.cons@gmail.com,,830台灣鳳山區文福里文建街161號,,,,,,,,0,,,Công ty xây dựng
259,慧邦大地有限公司,,,'062550565,https://www.jiunbang.com.tw/,huibang2022@gmail.com,,709台灣臺南市安南區淵西里淵西路197號1樓,,,,,,,,0,,,Công ty công trình dân dụng / Kỹ thuật dân dụng
260,吉澤建設開發股份有限公司,,,'0227780095,https://www.jize.com.tw/,jize@jzlc.com.tw,,106台灣臺北市大安區義村里建國南路一段161號5樓,,,,,,,,0,,,Công ty xây dựng
261,鉅昌營造工程有限公司,,,'0916990157,https://jiuchang.com.tw/,jiuchang1106@gmail.com,,702台灣臺南市南區鹽埕里鹽埕路268號,,,,,,,,0,,,Công ty xây dựng
262,鉅虹建設股份有限公司,,,'0424220446,http://www.jiuh-horng.com/,jiuh.horng@gmail.com,,406台灣臺中市北屯區松強里昌平路二段26號,,,,,,,,0,,,Công ty xây dựng
263,甲六園建設股份有限公司,,,'073389951,http://www.jlyc.com.tw/,jlyservice@gmail.com,,802台灣高雄市苓雅區普天里永富街51號,,,,,,,,0,,,Công ty xây dựng
264,喬勝建築,,,'0938810889,http://josheng.tw/,ab821.adsl@msa.hinet.net,,912台灣屏東縣內埔鄉中正路57號,,,,,,,,0,,,Công ty xây dựng
265,久年營造股份有限公司,,,'0287722323,http://www.joyear.com/,jn168@joyear.com.tw,,106台灣臺北市大安區虎嘯里敦化南路二段319號13樓,,,,,,,,0,,,Công ty xây dựng
266,品仁工程有限公司,,,'0963626329,https://joyful-sundae-798f3e.netlify.app/,yipinggroup22711@gmail.com,,830台灣高雄市鳳山區王生民路172號,,,,,,,,0,,,Công ty công trình dân dụng / Kỹ thuật dân dụng
267,君品建設股份有限公司,,,'047512388,http://www.jp888.com.tw/,jp7268099@gmail.com,,500台灣彰化縣彰化市西興里曉陽路358號3F,,,,,,,,0,,,Công ty xây dựng
268,築地岩,,,'077333607,http://www.judiyan-design.com.tw/index.html,jdy.work@gmail.com,,83345台灣高雄市鳥松區仁美里神農路779-2號,,,,,,,,0,,,Công ty xây dựng
269,峻聖建設有限公司,,,'052368581,http://www.juns.com.tw/,pighowyaya@hotmail.com,,60062台灣嘉義市世賢路一段四段318號之3,,,,,,,,0,,,Công ty xây dựng
270,聚恒泰建設公司,,,'0222591116,https://www.jyuhengtai.com.tw/,jyuhengtai@gmail.com,,235台灣新北市中和區國華里國光街46號1樓,,,,,,,,0,,,Công ty xây dựng
271,郡都建設股份有限公司,,,'073011153,https://judogroup.com.tw/,judo.cadc@gmail.com,,811台灣高雄市楠梓區翠屏里壽豐路293號,,,,,,,,0,,,Công ty xây dựng
272,兆子星營造工程股份有限公司,,,'062011388,https://jzs-construction.com.tw/,jzs97009034@gmail.com,,710台灣臺南市永康區六合里中華路425號16樓之3,,,,,,,,0,,,Công ty xây dựng
273,凱圓光春-機械整地開挖承包.擋土牆施工.填土施工.太陽光電系統施工,,,'0989012226,https://kaiyuan0725.com.tw/,wilon0725@gmail.com,,920台灣屏東縣潮州鎮光春里仙林路57巷80號,,,,,,,,0,,,Công ty công trình dân dụng / Kỹ thuật dân dụng
274,高頓建材有限公司 - 精品磁磚,,,'055321500,https://www.kdtiles.com/,myemail@mailservice.com,,640台灣雲林縣斗六市文化里中華路304號,,,,,,,,0,,,Dịch vụ phục hồi / trùng tu công trình
275,開富力建設開發股份有限公司,,,'0423828786,https://www.keyfree.com.tw/,keyfree.service@gmail.com,,"40880台灣臺中市南屯區三厝里益豐路四段9號5樓, No",,,,,,,,0,,,Nhà thầu phụ công trình
276,科美開發建設有限公司,,,'052363661,http://www.kma.com.tw/,keyman9212@gmail.com,,600台灣嘉義市西區福民里南京路343號,,,,,,,,0,,,Công ty xây dựng
277,京城建設股份有限公司,,,'075586368,http://www.kingtown.com.tw/,service@kingtown.com.tw,,813台灣高雄市左營區新上里博愛二路150號16樓,,,,,,,,0,,,Công ty xây dựng
278,光平工程有限公司,,,'056910156,http://www.kpe.com.tw/,lin0128.lin@msa.hinet.net,,638台灣雲林縣麥寮鄉橋頭村新民街62號,,,,,,,,0,,,Công ty xây dựng
279,磁磚師傅工程,,,'0902191050,https://kuan-pin.com.tw/,huah7575@gmail.com,,243台灣新北市泰山區全興里仁愛路100巷30號5樓,,,,,,,,0,,,Công ty công trình dân dụng / Kỹ thuật dân dụng
280,廣柏營造有限公司,,,'052336639,https://www.kuangchin.com/aboutus.html,du2815968@gmail.com,,600台灣嘉義市西區竹圍里興通路19號,,,,,,,,0,,,Công ty xây dựng
281,國磐建築/國磐營造,,,'039516376,http://www.kplandcorp.com/,kpland.corp@gmail.com,,265台灣宜蘭縣羅東鎮賢文里公正路289-6號2樓,,,,,,,,0,,,Công ty xây dựng
282,廣聲機械工程有限公司,,,'037469868,http://www.kuangsun.com.tw/,kuang.sun@msa.hinet.net,,350台灣苗栗縣竹南鎮中美里保安林10鄰52號之29,,,,,,,,0,,,Nhà thầu
283,廣宜工程行,,,'0976313201,https://www.kuangyimasonry.com/,a0976313201@gmail.com,,414台灣臺中市烏日區仁德里信義街247巷45號,,,,,,,,0,,,Công ty công trình dân dụng / Kỹ thuật dân dụng
284,琦瑋科技台南工務所,,,'036590800,https://www.kw.com.tw/,kw@kw.com.tw,,744010台灣臺南市新市區豐華里19號A棟,,,,,,,,0,,,Công ty công trình dân dụng / Kỹ thuật dân dụng
285,磊橋營造有限公司,,,'0911151566,http://www.lay-chou.com/,ewa580815@gmail.com,,413台灣臺中市霧峰區六股里峰谷路85號,,,,,,,,0,,,Công ty công trình dân dụng / Kỹ thuật dân dụng
286,力信建設,,,'039252552,https://www.lee-shinn.com.tw/,lee-shinn@lee-shinn.com.tw,,260台灣宜蘭縣宜蘭市建業里宜科南路7號,,,,,,,,0,,,Công ty xây dựng
287,利富建設股份有限公司,,,'073322208,http://www.lfb.com.tw/,service@lfb.com.tw,,802台灣高雄市苓雅區四維三路80號10樓,,,,,,,,0,,,Công ty xây dựng
288,興大里美,,,'0424866109,https://li-fong.com.tw/,lifong.development@gmail.com,,412台灣臺中市大里區祥興里中興路二段768-1號,,,,,,,,0,,,Công ty xây dựng
289,聯福營造有限公司,,,'067237988,http://www.land-fu.com.tw/,land.fu@msa.hinet.net,,722台灣佳里區鎮山里信義一街35號,,,,,,,,0,,,Nhà thầu phụ công trình
290,儷雅營造 儷雅室內設計裝璜行,,,'063120655,http://www.li-ya2.com.tw/,a2314147@gmail.com,,710台灣臺南市永康區中興里中華路198-23號12F,,,,,,,,0,,,Công ty xây dựng
291,良富建設有限公司,,,'072918531,http://www.liangfu.com.tw/,liangfu45@gmail.com,,801台灣高雄市前金區長生里中華三路45號,,,,,,,,0,,,Công ty xây dựng
292,麗晶建設股份有限公司,,,'075560707,https://lihjing.com.tw/,info@lihjing.com.tw,,813台灣高雄市左營區新上里博愛二路366號27樓之2,,,,,,,,0,,,Công ty xây dựng
293,力璟建設/麗璟建設,,,'039252111,https://www.lijing-construction.com.tw/,lijing9252111@gmail.com,,260台灣宜蘭縣宜蘭市公園南路22號,,,,,,,,0,,,Công ty xây dựng
294,水泥工 房屋修改 設計,,,,http://lingem99.weebly.com/,clingem@yahoo.com,,24354台灣新北市泰山區泰友里明志路二段310號,,,,,,,,0,,,Dịch vụ phục hồi / trùng tu công trình
295,霖宏聯合建築股份有限公司,,,'073598808,http://linhong.tw/,linhong@linhong.tw,,813台灣高雄市左營區福山里文川路517號,,,,,,,,0,,,Công ty xây dựng
296,立東峰采接待中心,,,'0936977899,http://www.liton.tw/,liton1688@gmail.com,,436台灣臺中市清水區武鹿里平等路145-1號,,,,,,,,0,,,Đơn vị xây dựng nhà theo yêu cầu
297,式澳 清水混凝土．Shih Ao Fair-faced Concrete,,,'062621325,https://linktr.ee/ShihAoEC,fluenzifytalks1@lucasrodrigues.broker,,702台灣臺南市南區興農里同興路131巷57號,,,,,,,,0,,,Công ty xây dựng
298,日一營造有限公司,,,'048853365,https://linktr.ee/riyigoodday?fbclid=IwY2xjawTmEF5wZG9mAWV4dG4DYWVtAjEwAGJyaWQRMWM5R3dLTnU0d3JaVUlHbVBzcnRjBmFwcF9pZBAyMjIwMzkxNzg4MjAwODkyAAEe4a6xCJjeDHXCyi9ebAF_nJeaYr6LGQeGjbd-CLHunBQc-2MzUFNJoIjoobk_aem_bSizaDf-IJ3ZwJrNJiy0Wg,almaquehabita@humberto.dmgzr,,514台灣彰化縣溪湖鎮太平里文二街3號,,,,,,,,0,,,Công ty xây dựng
299,南投縣不動產開發商業同業公會,,,'0492236018,https://www.livable-nantou.org.tw/,ntea2013@gmail.com,,540台灣南投縣南投市三和里中興路641號,,,,,,,,0,,,Công ty xây dựng
300,龍騰建設股份有限公司,,,'075557888,https://www.long-terng.com.tw/,tianyugroup1997@gmail.com,,804台灣高雄市鼓山區龍水里明誠四路33號,,,,,,,,0,,,Công ty xây dựng
301,龍昊建設股份有限公司,,,'0282861902,https://www.longhao888.com.tw/,longhao888service@gmail.com,,247台灣新北市蘆洲區水湳里民權路194號,,,,,,,,0,,,Công ty xây dựng
302,隆磐建設,,,'0423756168,https://longpon.com.tw/,longpon.co@gmail.com,,403458台灣臺中市西區五權路2-106號5號5樓,,,,,,,,0,,,Công ty xây dựng
303,龍霖開發建設,,,,https://longlin.com.tw/,longlin0088@gmail.com,,330台灣桃園市桃園區汴洲里水岸三街9號,,,,,,,,0,,,Công ty xây dựng
304,龍陞營造有限公司,,,'077870677,https://www.longshengconstruct.com.tw/?lang=tw,ak7874090@gmail.com,,831台灣高雄市大寮區會結里會營街428號,,,,,,,,0,,,Công ty xây dựng
305,寬庭開發建築股份有限公司,,,'056334688,https://www.love-family.com.tw/,happy6335036@yss-food.com.tw,,632台灣雲林縣虎尾鎮廉使里永興南七路160-1號,,,,,,,,0,,,Công ty xây dựng
306,陸府建設 美學總部,,,'0423822770,https://www.live-forever.com.tw/,crm@live-forever.com.tw,,408台灣臺中市南屯區新生里益豐路四段590號,,,,,,,,0,,,Đơn vị xây dựng nhà
307,良勳建設有限公司,,,'062473127,https://lsbuilding.com/,lsbuilding@kimo.com,,709台灣臺南市安南區梅花里梅花一路108號,,,,,,,,0,,,Công ty xây dựng
308,陸禾建設股份有限公司,,,'0423805358,http://www.luhe.tw/,service@luhe.tw,,408台灣臺中市南屯區三和里永春東七路869號5樓,,,,,,,,0,,,Công ty xây dựng
309,柳屋建設開發股份有限公司,,,'065714825,http://www.lw-house.com.tw/,lw89990027@yahoo.com.tw,,721台灣麻豆區東角里信義路120號,,,,,,,,0,,,Công ty xây dựng
310,志誠工程有限公司,,,'0982669145,https://m.facebook.com/19810322anikei/,iori14372001@gmail.com,,235台灣新北市中和區灰磘里圓通路447號,,,,,,,,0,,,Dịch vụ phục hồi / trùng tu công trình
311,森邸-六合建設有限公司,,,'052277277,https://m.facebook.com/61563828526085/,luho.building@gmail.com,,600台灣嘉義市東區興安里興美六路101號,,,,,,,,0,,,Công ty xây dựng
312,安翰工程有限公司,,,'0928286982,https://m.facebook.com/anhan9527/,jh10800@gmail.com,,236台灣新北市土城區廷寮里永豐路342號,,,,,,,,0,,,Công ty công trình dân dụng / Kỹ thuật dân dụng
313,榮展土木工程有限公司,,,'0955669967,https://m.facebook.com/Bamboo.landscape.gardening/,a362557@yahoo.com.tw,,745台灣臺南市安定區文科里149之12號,,,,,,,,0,,,Công ty công trình dân dụng / Kỹ thuật dân dụng
314,德俊土木包工業,,,'0910438446,https://m.facebook.com/dj.3goodbuild/,p77079378@gmail.com,,51544台灣彰化縣大村鄉加錫村大崙路10號之17號,,,,,,,,0,,,Đơn vị xây dựng nhà
315,豪棋建設開發有限公司,,,'062607566,https://m.facebook.com/haochie/?ref=bookmarks,haochie.con@msa.hinet.net,,701台灣臺南市東區崇成里崇德十二街17號,,,,,,,,0,,,Công ty xây dựng
316,弈富建設股份有限公司,,,'063386111,https://m.facebook.com/ifuconstruction/,ifu64580601@gmail.com,,711台灣臺南市歸仁區八甲里大仁十街17號,,,,,,,,0,,,Công ty xây dựng
317,連田建設有限公司,,,'039373666,https://m.facebook.com/LianTianConstruction/,ldht27485581@gmail.com,,260台灣宜蘭縣宜蘭市黎明三路一段58號,,,,,,,,0,,,Công ty xây dựng
318,鼎隆農機行,,,'0936567339,https://m.facebook.com/profile.php?id=100063692575285,jeter810227@gmail.com,,920台灣屏東縣潮州鎮九塊里復興路復興一巷28-8號,,,,,,,,0,,,Công ty xây dựng
319,侑揚營造有限公司,,,'0932578901,https://m.facebook.com/yuyang.yu5899/,yuyang.yu5899@msa.hinet.net,,412台灣臺中市大里區內新里益民路一段190巷10號,,,,,,,,0,,,Công ty xây dựng
320,懋榮建設,,,'0423551188,http://www.maorong.tw/,info@maorong.tw,,407台灣臺中市西屯區永安里永康街129號,,,,,,,,0,,,Công ty xây dựng
321,上銘建設股份有限公司,,,'078230799,https://www.made-style.com.tw/,service@made-style.com.tw,,806台灣高雄市前鎮區瑞竹里凱旋四路802號,,,,,,,,0,,,Công ty xây dựng
322,銘登營造有限公司,,,'073333031,http://www.mingdeng.com.tw/,ming.deng168@msa.hinet.net,,806台灣高雄市前鎮區民權里一心一路239號9樓,,,,,,,,0,,,Công ty xây dựng
323,明緯建設股份有限公司,,,'0289219929,http://mingwayltd.com.tw/,mingpublic@meanway.com.tw,,235台灣新北市中和區中安里中和路366號14樓,,,,,,,,0,,,Công ty xây dựng
324,茂勝建設有限公司,,,'0225460088,https://moreshine.com.tw/,moreshine.life@gmail.com,,106台灣臺北市大安區安和路一段32號12樓之3,,,,,,,,0,,,Công ty xây dựng
325,山王營造有限公司,,,'0425601296,https://www.mountainking.com.tw/,craftsmaneng@gmail.com,,428台灣臺中市大雅區上楓里民生路四段229-2號2樓,,,,,,,,0,,,Công ty xây dựng
326,赫斯興業有限公司,,,'075367115,http://www.myhouse1101.com/,myhouse1101@gmail.com,,806台灣高雄市前鎮區西山里一心二路21號 13號樓之一,,,,,,,,0,,,Công ty xây dựng
327,吉富春建設,,,'0917540540,http://mypaper.pchome.com.tw/realtyer/post/1322945067,realtyer@gmail.com,,320台灣桃園市中壢區內厝里高鐵南路三段727巷100號1樓,,,,,,,,0,,,Công ty xây dựng
328,麥昊斯房屋裝修工程行,,,'0975565905,https://myhousedesign.com.tw/,myhousetoreapir@gmail.com,,326台灣桃園市楊梅區幼獅路三段37號,,,,,,,,0,,,Dịch vụ phục hồi / trùng tu công trình
329,育堂建設,,,'0422554567,https://www.noblehall.com.tw/,service@noblehall.com.tw,,407台灣臺中市西屯區惠來里文心路二段201號15樓-3,,,,,,,,0,,,Công ty xây dựng
330,新緯建築,,,'0422213182,http://www.newwell.tw/,newwell@newwell.tw,,404台灣臺中市北區新興里太平路17號12F,,,,,,,,0,,,Công ty xây dựng
331,新濠建設事業股份有限公司,,,'0227556796,http://www.nu-house.com.tw/,service@nu-house.com.tw,,106台灣臺北市大安區龍雲里敦化南路二段76號17樓,,,,,,,,0,,,Công ty xây dựng
332,"實現建築有限公司Achieve Construction Co.,Ltd.",,,'0423225598,https://www.olf.com.tw/achieve/,achieving5378@gmail.com,,407台灣臺中市西屯區何安里四川路36號M1,,,,,,,,0,,,Công ty xây dựng
333,萬吉建設機構,,,'087321218,https://www.oneg.com.tw/,service@oneg.com.tw,,900台灣屏東縣屏東市勝利里中山路258號,,,,,,,,0,,,Công ty xây dựng
334,喜全建設,,,'0423783666,http://www.nhd.com.tw/,service@nhd.com.tw,,403台灣臺中市西區吉龍里五權二街35號,,,,,,,,0,,,Công ty xây dựng
335,萬筌有限公司,,,'0968700916,https://ourhome172.mystrikingly.com/,jay01270922@gmail.com,,807413台灣高雄市三民區安吉里民族一路80號27樓之2,,,,,,,,0,,,Công ty xây dựng
336,磐興建設開發股份有限公司,,,'0424229211,https://www.panxing.com.tw/,panx.ltd@gmail.com,,406台灣臺中市北屯區仁和里崇德八路一段155號,,,,,,,,0,,,Công ty xây dựng
337,寶輝建設股份有限公司 - 總公司,,,'0423287777,http://www.paohuei.com/,hr@paohuei.com,,408台灣臺中市南屯區大業里公益路二段51號16號樓A室之2,,,,,,,,0,,,Công ty xây dựng
338,社團法人屏東縣建築師公會,,,'087326714,http://www.pcaa.org.tw/,t777.o8889@msa.hinet.net,,90065台灣屏東縣屏東市崇蘭里公正四街239號,,,,,,,,0,,,Công ty xây dựng
339,築麗園接待中心,,,'0224988668,http://pili.app/pg/WMQ0bM56,baz6676bam6658@gmail.com,,208台灣新北市金山區金美里忠孝一路107號,,,,,,,,0,,,Đơn vị xây dựng nhà
340,本業建設股份有限公司,,,'073139000,http://www.penyeh-building.com.tw/,tzuo.fu@msa.hinet.net,,807台灣三民區安和里博愛一路366號,,,,,,,,0,,,Công ty xây dựng
341,璞真建設股份有限公司,,,'0227417335,http://www.pj.com.tw/,service@pj.com.tw,,106台灣臺北市大安區仁愛里仁愛路四段85號,,,,,,,,0,,,Công ty xây dựng
342,品舜開發建設企業有限公司,,,'062337666,https://www.pinshun.com.tw/index.asp,pinshun@hibox.hinet.net,,710台灣臺南市永康區網寮里永華路558號1樓,,,,,,,,0,,,Công ty xây dựng
343,欣翰建設股份有限公司,,,'0227007896,http://www.pronice-dev.com.tw/,pronice@gmail.com,,106台灣臺北市大安區住安里敦化南路二段38號,,,,,,,,0,,,Công ty xây dựng
344,磐拓營造有限公司,,,,https://www.ptmo.com.tw/about.php,ptmo11@yahoo.com.tw,,308台灣新竹縣寶山鄉大崎村園區二路356巷51-8號,,,,,,,,0,,,Công ty công trình dân dụng / Kỹ thuật dân dụng
345,普心企劃工程翻修限公司,,,'0932513438,https://www.pushin.com.tw/,tengru5168@gmail.com,,406台灣臺中市北屯區軍功里軍功路二段445-1號,,,,,,,,0,,,Dịch vụ phục hồi / trùng tu công trình
346,寶樹堂營造工程,,,'0912620713,http://www.powertreecivil.com.tw/,powertreecivil@gmail.com,,420台灣臺中市豐原區鎌村里鎌村路465巷106-3號,,,,,,,,0,,,Công ty xây dựng
347,元衡工造 人造園藝景觀工程 - 陽台設計 | 高雄厝造景 | 園藝造景施工 | 庭園造景規劃 | 人工草皮景觀綠化,,,'079646313,https://removetion.com.tw/,loventuminfo@gmail.com,,802台灣高雄市苓雅區人和里四維四路2號4號樓之2,,,,,,,,0,,,Công ty công trình dân dụng / Kỹ thuật dân dụng
348,璞園建築團隊,,,'0277350888,http://www.pyct.com.tw/,pyctweb@pyct.com.tw,,114台灣臺北市內湖區湖元里新湖一路218號,,,,,,,,0,,,Công ty xây dựng
349,祥豪營造有限公司 鋼構工程、土木工程、大理石工程、鐵屋浪板、桶槽工程、土水工程、泥作工程,,,'078216987,https://www.renovaterenovate.com.tw/,a0908662318@gmail.com,,830台灣高雄市鳳山區龍成里自強二路190巷34號,,,,,,,,0,,,Nhà thầu
350,承宣裝潢工程行,,,'0920888489,https://reurl.cc/GA3g7v,cheng.xuan.decoration@gmail.com,,242052台灣新北市新莊區龍福里中正路897號10樓之3,,,,,,,,0,,,Công ty công trình dân dụng / Kỹ thuật dân dụng
351,席揚LM,,,'062521333,https://reurl.cc/jQVXnp,admin@reurl.cc,,741台灣臺南市善化區蓮潭里月眉園路21號,,,,,,,,0,,,Công ty xây dựng
352,利河伯營造工程有限公司,,,'088666069,http://www.rhbcnst.com.tw/index.php?lang=tw,pda@jdi.com.tw,,931台灣屏東縣佳冬鄉豐隆村大豐路1230巷67號,,,,,,,,0,,,Đơn vị xây dựng nhà
353,鴻利工程公司,,,'0425574215,https://rlifetw.weebly.com/4025121033240373124326377384802084421496.html,chih9930@hotmail.com,,421台灣臺中市后里區墩北里大圳路492號,,,,,,,,0,,,Công ty xây dựng
354,宇根建設有限公司,,,'073749888,https://www.rootsfamily.com.tw/,yugenwin@ms78.hinet.net,,814台灣高雄市仁武區灣內里名湖街952巷3號,,,,,,,,0,,,Nhà thầu phụ công trình
355,榮泰工程有限公司,,,'0987301456,https://rongtai.tw/,a1747520@gmail.com,,32666台灣桃園市楊梅區豐野里中正路265號3F之1,,,,,,,,0,,,Nhà thầu phụ công trình
356,瑞恩塑木工程,,,'0902168449,https://ryan-woodplastic.com.tw/,rn93305718@gmail.com,,821台灣高雄市路竹區社東里大社路573巷40-5號,,,,,,,,0,,,Công ty công trình dân dụng / Kỹ thuật dân dụng
357,三多立建設開發有限公司,,,'0222889535,https://santoryconstruction.com.tw/,santoryconstruction@gmail.com,,247台灣新北市蘆洲區玉清里中興街23號,,,,,,,,0,,,Công ty xây dựng
358,勝宸工程行-廠房拆除/房屋拆除/裝潢拆除/店面拆除/清運工程/統包工程,,,'0903685338,https://sc-demolition.com.tw/,shengchengwork123@gmail.com,,412台灣臺中市大里區西湖里大峰路239號,,,,,,,,0,,,Công ty xây dựng
359,鑫鼎建材工程,,,'0908830807,http://sd0214.com/,my0980829668@gmail.com,,83077台灣高雄市鳳山區新泰里新康街294號5樓,,,,,,,,0,,,Công ty công trình dân dụng / Kỹ thuật dân dụng
360,欣藝翔建設,,,'0423378200,http://www.semihome.com.tw/,semihome.tw@gmail.com,,414台灣臺中市烏日區湖日里三和路8號,,,,,,,,0,,,Công ty xây dựng
361,森綠工程興業有限公司,,,'0936828196,https://senlugongchengxingyeyouxiangongsi62.webnode.tw/,senlu1118@gmail.com,,920台灣屏東縣潮州鎮永春里五福路68號1樓,,,,,,,,0,,,Công ty công trình dân dụng / Kỹ thuật dân dụng
362,紹騰營造股份有限公司,,,'073929832,https://shaoteng.com.tw/,rui.teng931@gmail.com,,807台灣高雄市三民區灣子里大順二路929號,,,,,,,,0,,,Công ty xây dựng
363,松暉營造股份有限公司,,,'062156847,http://www.shc-co.com.tw/,service@mail.shc-co.com.tw,,700台灣臺南市中西區小西門里永福路一段189號,,,,,,,,0,,,Công ty xây dựng
364,興安營造股份有限公司,,,'052768737,https://shine-engineering.webnode.tw/,shineshine22796468@gmail.com,,600台灣嘉義市東區圳頭里盧義路237號,,,,,,,,0,,,Công ty xây dựng
365,上順房屋開發股份有限公司,,,'034533337,http://www.shunbuilding.com/,shang_shun@hotmail.com,,320台灣桃園市大園區青峰里大成路一段10號6樓,,,,,,,,0,,,Đơn vị xây dựng nhà
366,和岩開發建設股份有限公司,,,'0223076771,https://sigmastone.com.tw/,sigmastonetpe@gmail.com,,108台灣臺北市萬華區日善里萬大路198巷8號1樓,,,,,,,,0,,,Công ty xây dựng
367,新洲營造有限公司,,,'073305687,http://shinjou.com.tw/,a3305687@livemail.tw,,806台灣高雄市前鎮區興中里民權二路457號,,,,,,,,0,,,Công ty xây dựng
368,寶璽建設開發股份有限公司,,,'0422557888,http://www.signet.tw/,info@signet.tw,,407台灣臺中市西屯區惠來里市政路66號,,,,,,,,0,,,Công ty xây dựng
369,永成寰宇老屋翻修,,,'0931833768,https://sites.google.com/view/0931833768,phoenixyao0824@gmail.com,,807台灣高雄市三民區鼎泰里明哲路33號,,,,,,,,0,,,Dịch vụ phục hồi / trùng tu công trình
370,信義開發股份有限公司,,,'0227557666,https://www.sinyidev.com.tw/,xinyikf@sinyi.com.tw,,110台灣臺北市信義區三張里信義路五段100號3樓,,,,,,,,0,,,Công ty xây dựng
371,力祥土木包企業社,,,'052771938,https://sites.google.com/view/li-xiang/%E9%A6%96%E9%A0%81?authuser=0,steven2771928@gmail.com,,600台灣嘉義市東區頂庄里台林街278-1號,,,,,,,,0,,,Công ty xây dựng
372,天承建設,,,'0937323555,https://sites.google.com/view/tengcheng/home,maxwang228@gmail.com,,950台灣臺東縣臺東市自強里臨潼街95號,,,,,,,,0,,,Công ty xây dựng
373,晉陞工程行,,,'0960623237,https://sites.google.com/xn--estr0qu7qbonrsq.net/promotion/%E9%A6%96%E9%A0%81,hdps1313@gmail.com,,957台灣臺東縣海端鄉村山界路52-2號,,,,,,,,0,,,Công ty xây dựng
374,三聯發工程有限公司,,,'0424729969,http://www.slf.com.tw/,slf18555500@gmail.com,,408台灣臺中市南屯區大誠里大墩二街15號,,,,,,,,0,,,Công ty xây dựng
375,三合一建設事業有限公司,,,,https://www.smartarchi.com/,contact@smartarchi.com,,114台灣臺北市內湖區週美里行善路111巷35號1樓,,,,,,,,0,,,Công ty xây dựng
376,崧興工程行-業務部,,,'0981846147,https://song-sing.com/,u8524009@gmail.com,,115台灣臺北市南港區九如里研究院路四段76號,,,,,,,,0,,,Công ty công trình dân dụng / Kỹ thuật dân dụng
377,嵩豐建設股份有限公司,,,'073642288,https://www.songfeng.com.tw/,sf3642288@yahoo.com.tw,,811台灣高雄市楠梓區隆昌里軍校路800號17樓,,,,,,,,0,,,Công ty xây dựng
378,詮鴻國際住宅股份有限公司,,,'0229781133,http://www.soonhome.com.tw/,soon.home@msa.hinet.net,,241台灣新北市三重區福祉里重新路四段214巷26號1樓,,,,,,,,0,,,Đơn vị xây dựng nhà
379,浤程承包工程,,,'0981204366,https://sogo.synology.me/,wjs1214@hotmil.com,,807台灣高雄市三民區鼎泰里鼎泰街45號,,,,,,,,0,,,Dịch vụ phục hồi / trùng tu công trình
380,杉研建設 SOULFREE,,,'066221234,https://soulfree.life/,hello@soulfree.life,,736台灣臺南市柳營區士林里仁愛路46號,,,,,,,,0,,,Đơn vị xây dựng nhà
381,聖揚機構,,,'0423827555,http://ssgroup.com.tw/,info@ssgroup.com.tw,,408台灣臺中市南屯區永春路20號,,,,,,,,0,,,Công ty xây dựng
382,興總建設股份有限公司,,,'073430688,http://www.stbuild.com.tw/,stbuild@ms27.hinet.net,,813台灣高雄市左營區新光里政德路436號,,,,,,,,0,,,Công ty xây dựng
383,上雋建設接待會館,,,'0422393568,https://sun-jun.tw/,sunjun60254858@gmail.com,,406台灣臺中市北屯區和平里東山路一段379-39號,,,,,,,,0,,,Công ty xây dựng
384,上築晴樂建設【墅合院】,,,'055335588,http://www.sunchu.com.tw/,sunchu0018@gmail.com,,630台灣雲林縣斗南鎮新生三路2838號,,,,,,,,0,,,Công ty xây dựng
385,尚鼎營造工程股份有限公司,,,'077263565,https://www.sweetteam.com.tw/,sweet.team@msa.hinet.net,,80283台灣高雄市苓雅區中正一路249號8F-2,,,,,,,,0,,,Công ty xây dựng
386,泰緯建設有限公司,,,'075557777,http://www.tai-wei.com.tw/,tai.wei7777@gmail.com,,804台灣高雄市鼓山區明誠里明華路315號12樓之 2,,,,,,,,0,,,Công ty xây dựng
387,鴻標建設 南山大器,,,'0492307040,https://taichung.housetube.tw/41019,service@housetube.tw,,540台灣南投縣南投市平山里平山一路一街65巷16-1號,,,,,,,,0,,,Công ty xây dựng
388,泰和茂營建團隊,,,'047221999,http://taihe-mao.com/,hegu150618@gmail.com,,500台灣彰化縣彰化市忠孝里辭修路203號3樓,,,,,,,,0,,,Công ty xây dựng
389,台日國際住宅 日本耐震輕鋼構建築,,,'055576936,http://www.taipon.com.tw/,taipon.home@msa.hinet.net,,64069台灣雲林縣斗六市榴中里斗工二路21號,,,,,,,,0,,,Đơn vị xây dựng nhà theo yêu cầu
390,台東滿庭芳雅築-四維建設,,,'0932660260,https://www.taitunghome.com/,john_tj_huang@yahoo.com.tw,,950台灣臺東縣臺東市新生里四維路三段26號,,,,,,,,0,,,Công ty xây dựng
391,大郡建設.大港建設,,,'077321378,https://www.tajun.com.tw/Case,techuntichan@gmail.com,,833台灣高雄市鳥松區鳥松里文前路102號,,,,,,,,0,,,Nhà thầu
392,唐佑營造有限公司,,,'038560772,https://www.tangyou.com.tw/,tangyou0886@gmail.com,,973台灣花蓮縣吉安鄉北昌村和平路一段114號,,,,,,,,0,,,Đơn vị xây dựng nhà
393,陶喜建設有限公司,,,'062536115,http://www.tao-xi.com.tw/,service@tao-xi.com.tw,,710台灣臺南市永康區尚頂里南台街68號1樓,,,,,,,,0,,,Công ty xây dựng
394,[浤宇土木包工業] 老屋翻修 修繕工程 鐵厝施工 泥作承包 水電施作,,,'0983255875,https://tawny-dolphin-w4xl7c.mystrikingly.com/,q0983255875@icloud.com,,709台灣臺南市安南區海東里海環街32巷57弄5號,,,,,,,,0,,,Công ty xây dựng
395,泰鉅建設股份有限公司,,,'0424731819,http://www.tay-chu.com.tw/,service@tay-chu.com.tw,,408台灣臺中市南屯區向心里南屯路二段239號,,,,,,,,0,,,Công ty xây dựng
396,多城建設股份有限公司,,,'073453999,http://www.tc-tw.com/,to.cheng@msa.hinet.net,,813台灣高雄市左營區福山里文恩路167號1樓,,,,,,,,0,,,Công ty xây dựng
397,大雋聯合建築師事務所,,,'0423110213,https://tec-archi.com.tw/,tec1@ms.tec-archi.com,,403台灣臺中市西區忠誠里臺灣大道二段536號10F-1,,,,,,,,0,,,Công ty xây dựng
398,泰賀營造,,,'033265025,https://www.tcmec.com.tw/,zino@tcmec.com.tw,,330台灣桃園市桃園區汴洲里幸福路200號9F,,,,,,,,0,,,Công ty xây dựng
399,騰達賦鐿營造有限公司＆騰鐿營造工程股份有限公司｜鋼構廠房新建｜建築興建｜鋼鐵廠｜廠辦物流倉庫建醫院學校住宅工程,,,'0985258597,http://www.tengdafuyi.com/,tengyi8888@gmail.com,,324019台灣桃園市平鎮區湧光里自由街211巷18號2樓,,,,,,,,0,,,Công ty xây dựng
400,天丞建設股份有限公司,,,'034992499,https://www.tien-cheng.com/,tendency.business.sales@gmail.com,,325027台灣桃園市龍潭區中山里東龍路341巷15號,,,,,,,,0,,,Công ty xây dựng
401,Shanggu civil engineering,,,'0229026660,https://tom200e.com/lukeFile/SG_Construction/index.html,yang.tm6660@msa.hinet.net,,"6F.-3, No. 478明志路三段貴和里泰山區新北市台灣 243",,,,,,,,0,,,Công ty công trình dân dụng / Kỹ thuật dân dụng
402,肉包工程行,,,'0905736621,https://www.threads.com/@jz._.0831?igshid=NTc4MTIwNjQ2YQ==,ip@instagram.com,,420台灣臺中市豐原區北陽里北陽路450巷58弄49號,,,,,,,,0,,,Công ty xây dựng
403,同成湛,,,'047112265,http://www.tongcheng-construction.com.tw/,service@tongcheng-construction.com.tw,,"No. 270號, No. 500埔陽街彰化市台灣",,,,,,,,0,,,Công ty xây dựng
404,通勇營造有限公司,,,'0422657799,http://www.tongyong.tw/,asdf@adf.com,,402台灣臺中市南區福興里南平路296號7樓之2,,,,,,,,0,,,Công ty xây dựng
405,統上開發建設股份有限公司-自地/租地委建 土地活化規劃 商業店舖招商,,,'062546028,https://tongshang.com.tw/,may@tongshang.com.tw,,710台灣臺南市永康區塩興里永安路165巷155號,,,,,,,,0,,,Công ty xây dựng
406,無障礙磁磚泥作修繕工程,,,'0983150555,https://www.toptaipei.com.tw/,huah7576@gmail.com,,247台灣新北市蘆洲區鷺江街78號7樓,,,,,,,,0,,,Công ty công trình dân dụng / Kỹ thuật dân dụng
407,東亞建築經理股份有限公司,,,'0223278233,https://www.trusted.com.tw/,eastasia@trusted.com.tw,,100台灣臺北市中正區幸市里忠孝東路二段94號9樓,,,,,,,,0,,,Công ty xây dựng
408,傳典工程股份有限公司,,,'035501179,https://www.transdien.com.tw/,intoo@tritecq.com,,"5F., No, No. 20成功十二街鹿場里竹北市新竹縣台灣 302",,,,,,,,0,,,Công ty xây dựng
409,統億工程行,,,'0906089923,https://www.tung-yi.com/,tongyi20230525@gmail.com,,411台灣臺中市太平區光隆里東光街82巷11號,,,,,,,,0,,,Công ty công trình dân dụng / Kỹ thuật dân dụng
410,東煜工程行–打石、植筋、初清工程/拆除工程/老屋翻修/舊屋翻新,,,'0958315509,http://www.tungyu1989.com/,wei0124wei@gmail.com,,510台灣彰化縣員林市山腳路一段48巷68弄51號,,,,,,,,0,,,Dịch vụ phục hồi / trùng tu công trình
411,尊邑建設股份有限公司,,,'077457252,https://www.tsuni-construct.com/,tsuniconstruct@gmail.com,,830台灣高雄市鳳山區忠義里光復路二段327號,,,,,,,,0,,,Công ty xây dựng
412,成沂建築有限公司 | 新竹建設 | 新竹建築 | 新竹在地建商,,,'036668898,https://www.twchengyi.com/,service@twchengyi.com,,300台灣新竹市東區埔頂里慈雲路173號,,,,,,,,0,,,Công ty xây dựng
413,敦富開發股份有限公司,,,'0423850159,https://www.twinfull-98.com/,twinwill@ms57.hinet.net,,408台灣臺中市南屯區豐樂里永平路409號,,,,,,,,0,,,Đơn vị xây dựng nhà theo yêu cầu
414,立偉人力工程行－派遣人力、粗工、打石工、承包裝潢拆除、打石拆除工程（台中海線 梧棲 沙鹿 清水 龍井),,,'0426231213,https://www.twliwei.com.tw/product.html,xindaer@gmail.com,,435台灣臺中市梧棲區南簡里中華路二段662號,,,,,,,,0,,,Nhà thầu
415,益登工程行,,,'0971088277,https://twypage.com/sd-1566878-B-%E5%8F%B0%E4%B8%AD-%E7%9B%8A%E7%99%BB%E5%B7%A5%E7%A8%8B%E8%A1%8C.html,twypage@gmail.com,,426台灣臺中市新社區31號,,,,,,,,0,,,Công ty xây dựng
416,"龍宇開發建設有限公司（Universe Construction Co., LTD）",,,'075369386,https://www.universecorp.net/,universe5369386@gmail.com,,806611台灣高雄市前鎮區良和里中山二路2 號 21號樓之8,,,,,,,,0,,,Công ty xây dựng
417,向上建設股份有限公司,,,'037775355,https://www.uphousetw.com/,info@uphousetw.com,,350台灣苗栗縣竹南鎮竹南里康德街71號,,,,,,,,0,,,Công ty xây dựng
418,優廣建設股份有限公司,,,'063583377,http://www.u-quality.com.tw/,y7766@ms17.hinet.net,,700台灣臺南市中西區西和里中和街16號,,,,,,,,0,,,Nhà thầu phụ công trình
419,友信建築經理股份有限公司,,,'0227068868,https://utrustrem.com.tw/,slash7ice@hotmail.com,,106台灣臺北市大安區義安里敦化南路二段57號14樓之2,,,,,,,,0,,,Công ty xây dựng
420,威堡建設股份有限公司,,,'0223931298,http://www.vibo98.com.tw/,vibo@vibo98.com.tw,,100台灣臺北市中正區新營里愛國東路74巷18號,,,,,,,,0,,,Công ty xây dựng
421,三和越工程有限公司,,,'0227062378,http://www.whd.com.tw/,is.wh@msa.hinet.net,,"12樓, No. 98號信義路四段住安里大安區臺北市台灣 106",,,,,,,,0,,,Dịch vụ phục hồi / trùng tu công trình
422,新結庄建設有限公司,,,'075590799,https://www.wlgroup.com.tw/,new.village@msa.hinet.net,,813台灣高雄市左營區新上里博愛二路366號,,,,,,,,0,,,Công ty xây dựng
423,威勝營造股份有限公司,,,'037366008,http://www.ws-corp.com.tw/,ws366008@gmail.com,,360台灣苗栗縣苗栗市勝利里勝利路109號,,,,,,,,0,,,Công ty xây dựng
424,【祥君建設】金滿築社區接待中心,,,'0958370178,http://www.xiangjun-co.com/,xiangjunconstrustion@gmail.com,,363台灣苗栗縣公館鄉玉谷村145號,,,,,,,,0,,,Công ty xây dựng
425,新竣建設有限公司,,,'0423216677,https://www.xin-jun.com.tw/,hsin36888@gmail.com,,407591台灣臺中市西屯區潮洋里市政路618號,,,,,,,,0,,,Công ty xây dựng
426,興翔建設股份有限公司,,,'0223781777,https://www.xing-xiang.com.tw/,xsc52780674@gmail.com,,106台灣臺北市大安區敦化南路二段128號11樓之6,,,,,,,,0,,,Công ty xây dựng
427,興達開發建設公司,,,'052165789,http://www.xing-da.com.tw/,xing.6088@yahoo.com.tw,,600台灣嘉義市東區新開里興業東路316號7樓,,,,,,,,0,,,Công ty xây dựng
428,興佳建設,,,'0492990568,https://www.xingjia-build.com.tw/,xingjia9475@gmail.com,,545台灣南投縣埔里鎮西門里仁愛路301號,,,,,,,,0,,,Công ty xây dựng
429,雄安營造有限公司,,,'0937637151,https://xiongann.com/,willloxa@gmail.com,,407台灣臺中市西屯區潮洋里臺灣大道三段641號,,,,,,,,0,,,Công ty xây dựng
430,興連城開發/興聯誠建築,,,'075885588,http://xlcvvv.com.tw/,xlcvvv@xlcvvv.com,,804台灣高雄市鼓山區前峰里翠華路390號,,,,,,,,0,,,Công ty xây dựng
431,盛隆開發建設(股)公司/盛隆建設股份有限公司 | 危老重建｜都市更新｜老屋重建｜建設公司｜建商｜海砂屋重建｜全案管理｜合建｜委建,,,'0287327555,https://www.xn--yzyo98d.tw/,sl@shenglong.com.tw,,110台灣臺北市信義區嘉興里基隆路二段115號11樓,,,,,,,,0,,,Đơn vị xây dựng nhà
432,印象建設股份有限公司,,,'087327899,http://xn--doq22dg4bvph45bymlmu7bv7p8qez43a.com/,yinsiang7899@yahoo.com.tw,,900台灣屏東縣屏東市崇蘭里崇朝路16號,,,,,,,,0,,,Công ty xây dựng
433,彥韋營造工程股份有限公司,,,'039610160,http://yan-wei.com/,jiangsutonghua@163.com,,265台灣宜蘭縣羅東鎮賢文里純精路二段203號2樓,,,,,,,,0,,,Công ty xây dựng
434,揚碩營造,,,'0955454114,http://yangshuo168.com/,hs99168@gmail.com,,40864台灣臺中市南屯區大墩六街132號3F-1,,,,,,,,0,,,Công ty công trình dân dụng / Kỹ thuật dân dụng
435,言智建設有限公司,,,'052786478,https://www.yanzhi.com.tw/,yanzhi2778217@gmail.com,,606003台灣嘉義縣中埔鄉和美村中山新邨478號1樓,,,,,,,,0,,,Công ty xây dựng
436,永龍建設股份有限公司,,,'0800226866,http://yeonglong.com.tw/,ylong.service@gmail.com,,710台灣臺南市永康區龍潭里龍中街8號,,,,,,,,0,,,Công ty xây dựng
437,允在工程有限公司,,,'073757288,http://www.yeun-tzay.com.tw/,h8604@yeun-tzay.com.tw,,814台灣高雄市仁武區澄觀路一段 468巷68-1號,,,,,,,,0,,,Công ty xây dựng
438,屏東廚房設計-屏東廚具工廠-圓鴻工程行-屏東浴室翻修-屏東熱水器-泳富廚具行,,,'087226511,http://www.yh-pt.com.tw/,hi@yh-pt.com.tw,,900台灣屏東縣屏東市長春里廣東路6號,,,,,,,,0,,,Dịch vụ phục hồi / trùng tu công trình
439,怡居開發實業股份有限公司,,,'062221126,https://yichu.com.tw/index.asp,yichu.office@msa.hinet.net,,708台灣臺南市安平區平安里安平路602-2號,,,,,,,,0,,,Công ty xây dựng
440,懿豐工程,,,'047514922,http://www.yifengproject.com/case.php?item=34,isliu828@gmail.com,,500台灣彰化縣彰化市西興里景宗街149號,,,,,,,,0,,,Công ty xây dựng
441,逸竑建設股份有限公司,,,'048285820,https://yihong.tw/,yihong5282@gmail.com,,513台灣彰化縣埔心鄉瓦中村瓦中街29號,,,,,,,,0,,,Công ty xây dựng
442,邑禧科技抓漏,,,'0986015833,https://www.yisihouse.com/,a0986015833@gmail.com,,330台灣桃園市桃園區龍泉六街56巷2號7樓,,,,,,,,0,,,Dịch vụ phục hồi / trùng tu công trình
443,易盈有限公司,,,'0929722234,http://www.yiyingltd.com/,yiyingltd234@gmail.com,,500台灣彰化縣彰化市平和里平順一街28號,,,,,,,,0,,,Dịch vụ phục hồi / trùng tu công trình
444,乙兆營造有限公司,,,'0423960066,https://www.yizhao-construction.com/,build888@ms81.hinet.net,,406台灣臺中市北屯區廍子里祥順路一段433號,,,,,,,,0,,,Công ty xây dựng
445,隱固實業有限公司,,,'039503021,https://www.yingu-tw.com/,jeanny285@yahoo.com.tw,,268台灣宜蘭縣五結鄉孝威村五結路二段79號,,,,,,,,0,,,Công ty xây dựng
446,詠㻑冷凍空調有限公司,,,'0425315583,http://www.yongji1971.com.tw/,yj56688@yahoo.com.tw,,42746台灣臺中市潭子區新田里豐興路二段190-19號,,,,,,,,0,,,Nhà thầu
447,永大福建設有限公司,,,'063311568,http://www.yongdafu.com.tw/,ydf@ydf.com.tw,,708台灣臺南市安平區怡平里建平八街158號,,,,,,,,0,,,Công ty xây dựng
448,永立營造有限公司 - 永立鷹架台中辦公室、台中鷹架,,,'0424793299,https://yonglii.com.tw/,ul12899351@yahoo.com.tw,,408台灣臺中市南屯區楓樹里楓樹南街186號,,,,,,,,0,,,Công ty xây dựng
449,優美靜電科技油煙處理（南部經銷商）｜ 靜電機設備安裝、維修、清洗、保養、買賣、租賃/油煙處理設備安裝/環保設備安裝/廚房設備規劃安裝/油煙淨化機,,,'0978600633,https://www.youmei.com.tw/,youmei20122012@gmail.com,,831114台灣高雄市大寮區義和里義和路225-2號,,,,,,,,0,,,Nhà thầu phụ công trình
450,永強營造開發有限公司 YQ CONSTRUCTION,,,'0425584868,https://yqconstruction.com/company-service/?lang=en,info@yqconstruction.com,,"甲后路二段, No. 38號, 485巷, 后里區臺中市台灣 421",,,,,,,,0,,,Công ty xây dựng
451,原泰建設·恆曜建設,,,'065115268,http://www.ytb.com.tw/,ckluyaa@gmail.com,,701台灣臺南市東區崇明里中華東路三段399巷21弄5號,,,,,,,,0,,,Công ty xây dựng
452,永信建設開發股份有限公司,,,'072229460,http://www.ys-construction.com.tw/,ysinfo@yungshin.com.tw,,800台灣高雄市新興區文昌里六合路183號12樓,,,,,,,,0,,,Công ty xây dựng
453,遠大開發工程有限公司,,,'0958044428,https://yuandaaeng.com.tw/,yuanda.life168@gmail.com,,200台灣基隆市仁愛區文安里龍安街31號,,,,,,,,0,,,Công ty công trình dân dụng / Kỹ thuật dân dụng
454,元根建築工房股份有限公司,,,'063912567,http://yuanken.com/,yuanken.yk@gmail.com,,708台灣臺南市安平區金城里世平路276號,,,,,,,,0,,,Công ty xây dựng
455,郁東營造有限公司,,,'0228972138,http://www.yudong.com.tw/,yu.dong@msa.hinet.net,,112台灣臺北市北投區大同里中央北路一段177號3樓,,,,,,,,0,,,Công ty công trình dân dụng / Kỹ thuật dân dụng
456,元心建設股份有限公司,,,'0422432939,http://www.yuansin2013.com/,yuansin2013@gmail.com,,406台灣北屯區平心里安順東九街17號,,,,,,,,0,,,Nhà thầu phụ công trình
457,宇恩營造有限公司&碁牧營建工程有限公司,,,,http://www.yugrace.tw/,fishjoker@gmail.com,,403台灣臺中市西區平和里自治街57號,,,,,,,,0,,,Công ty xây dựng
458,越川建設,,,'089223758,https://www.yuechuan.com.tw/,hsu.tsungchi@gmail.com,,95010台灣臺東縣臺東市南榮里志航一街76號,,,,,,,,0,,,Công ty xây dựng
459,鈺通營造工程股份有限公司,,,'052231036,http://www.yuh-tong.com.tw/,yutong@ms15.hinet.net,,600台灣嘉義市東區中山里和平路319號,,,,,,,,0,,,Công ty xây dựng
460,于隆建設有限公司,,,'088355518,https://yulong-construct.com.tw/,yulong.const@gmail.com,,928台灣屏東縣東港鎮明祥街66號1樓,,,,,,,,0,,,Công ty xây dựng
461,宇森建設股份有限公司,,,'062796181,https://www.yusen-home.com/,yusen2796191@gmail.com,,717台灣臺南市仁德區上崙里德崙路805-1號2樓,,,,,,,,0,,,Công ty xây dựng
462,永雄建設股份有限公司,,,'0229623780,https://www.yyt.com.tw/,service@yyt.com.tw,,220台灣新北市板橋區景星里重慶路10號8樓,,,,,,,,0,,,Nhà thầu phụ công trình
463,澤信工程行,,,'0901005781,http://zexinengineering.com/,ab19921205@gmail.com,,852台灣高雄市茄萣區萬福里福德路280號,,,,,,,,0,,,Công ty công trình dân dụng / Kỹ thuật dân dụng
464,兆博,,,'062226412,http://www.zhaobo.tw/,zhaohe.arch@gmail.com,,700台灣臺南市中西區永華里開山路99號4 樓,,,,,,,,0,,,Công ty xây dựng
465,裕盛建築團隊,,,'0422518168,https://www.yushengs.com.tw/index.php,yusheng24398402@gmail.com,,407台灣臺中市西屯區惠來里市政路402號32F-3,,,,,,,,0,,,Đơn vị xây dựng nhà
466,兆盈建設開發股份有限公司,,,'052223666,http://www.zhao-ying.com.tw/,zhaoying888@hotmail.com,,600台灣嘉義市東區中央里民權路365號,,,,,,,,0,,,Công ty xây dựng
467,"宗大建設 Zongda Development Co., Ltd",,,'062894366,https://www.zongda.com.tw/,service@zongda.com.tw,,701台灣臺南市東區自強里富農街一段199巷13號,,,,,,,,0,,,Công ty xây dựng
468,僑聯建設股份有限公司,,,'0227518228,,,,106台灣臺北市大安區建倫里仁愛路四段109號7樓,,,,,,,,0,,,Công ty xây dựng
469,聯邦建設企業股份有限公司,,,'0225454741,,,,105台灣松山區民有里民生東路三段109號,,,,,,,,0,,,Nhà thầu
470,連雲建設股份有限公司,,,'0223932898,,,,100台灣臺北市中正區幸福里忠孝東路二段88號17樓1702室,,,,,,,,0,,,Công ty xây dựng
471,展悅建設股份有限公司,,,'0226029888,,,,"12樓, No. 457號文化三路二段中湖里林口區新北市台灣 244",,,,,,,,0,,,Công ty xây dựng
472,聯合開發建設有限公司,,,,,,,241台灣新北市三重區龍門里龍門路111號,,,,,,,,0,,,Công ty xây dựng
473,福住建設股份有限公司,,,'0227521313,,,,10491台灣臺北市中山區力行里龍江路59號,,,,,,,,0,,,Công ty xây dựng
474,政大富山,,,'0229384988,,,,116台灣臺北市文山區政大一街底號萬壽路交叉口 萬壽路52號56號,,,,,,,,0,,,Đơn vị xây dựng nhà theo yêu cầu
475,世田建築 共生客堂,,,'0227489555,,,,104台灣臺北市中山區興亞里松江路84巷10號,,,,,,,,0,,,Đơn vị xây dựng nhà theo yêu cầu
476,日商大和房屋工業股份有限公司台灣分公司,,,'0223111038,,,,"號 9 樓, No. 6忠孝西路一段黎明里中正區臺北市台灣 100",,,,,,,,0,,,Công ty xây dựng
477,閤美社區,,,'0228115777,,,,111台灣臺北市士林區福順里延平北路五段46號,,,,,,,,0,,,Đơn vị xây dựng nhà theo yêu cầu
478,璿灃甲級營造廠,,,'033558814,,,,330台灣桃園市桃園區明德里中正路1247號 3號樓之2,,,,,,,,0,,,Đơn vị xây dựng nhà theo yêu cầu
479,松耘樸石,,,'0225475137,,,,105台灣臺北市松山區中華里敦化北路145巷23弄3號,,,,,,,,0,,,Đơn vị xây dựng nhà
480,富公園,,,'0226002469,,,,244台灣新北市林口區仁愛里文化二路一段230巷22弄3號,,,,,,,,0,,,Đơn vị xây dựng nhà theo yêu cầu
481,加德企業社,,,'0918173929,,,,263台灣宜蘭縣壯圍鄉村永美路一段147巷41弄17號,,,,,,,,0,,,Đơn vị xây dựng nhà theo yêu cầu
482,汎利建設股份有限公司(晏京-台北),,,'0287719010,,,,10491台灣臺北市中山區力行里南京東路三段208號7樓,,,,,,,,0,,,Đơn vị xây dựng nhà theo yêu cầu
483,上虹工程有限公司,,,'0277516192,,,,111台灣臺北市士林區福順里重慶北路四段49巷40弄46號,,,,,,,,0,,,Công ty xây dựng
484,油漆承包商,,,'0976637408,,,,236671台灣新北市土城區廣興里學府路一段68巷6弄1號20樓,,,,,,,,0,,,Nhà thầu phụ công trình
485,合矩青山 - 基地位置,,,,,,,104台灣臺北市中山區晴光里雙城街23-1號,,,,,,,,0,,,Đơn vị xây dựng nhà theo yêu cầu
486,昇捷WING,,,'033027799,,,,330台灣桃園市桃園區三民里成功路二段207號,,,,,,,,0,,,Đơn vị xây dựng nhà theo yêu cầu
487,富旺國際 - 世界臻美,,,'032631777,,,,320台灣桃園市中壢區龍東里龍東路255巷191號,,,,,,,,0,,,Đơn vị xây dựng nhà theo yêu cầu
488,辰翔工程行,,,'0970626183,,,,334台灣桃園市八德區建國路635號,,,,,,,,0,,,Công ty công trình dân dụng / Kỹ thuật dân dụng
489,大陸工程-CF690B標工務所,,,'0228833307,,,,111台灣臺北市士林區臨溪里力行街11號號 旁,,,,,,,,0,,,Công ty công trình dân dụng / Kỹ thuật dân dụng
490,尊祥營造有限公司,,,,,,,244台灣新北市林口區東林里粉寮路二段88巷99號1,,,,,,,,0,,,Công ty công trình dân dụng / Kỹ thuật dân dụng
491,中陸工程顧問有限公司,,,'0282451119,,,,235台灣新北市中和區碧河里中山路二段351號8樓之三,,,,,,,,0,,,Công ty công trình dân dụng / Kỹ thuật dân dụng
492,名毅營造有限公司,,,'033278716,,,,333011台灣桃園市龜山區樂善里文德二路116巷11弄14號2樓,,,,,,,,0,,,Công ty công trình dân dụng / Kỹ thuật dân dụng
493,霈霖營造有限公司,,,,,,,330台灣桃園市桃園區縣府路110號8樓之1,,,,,,,,0,,,Công ty công trình dân dụng / Kỹ thuật dân dụng
494,弘進科技工程有限公司,,,'0984016786,,,,111049台灣臺北市士林區富洲里延平北路九段285號號旁,,,,,,,,0,,,Công ty công trình dân dụng / Kỹ thuật dân dụng
495,士新工程有限公司(結構補強),,,'0282623411,,,,236台灣新北市土城區青雲里青雲路80巷4號,,,,,,,,0,,,Công ty công trình dân dụng / Kỹ thuật dân dụng
496,鑫麗辰有限公司,,,'0286663113,,,,231台灣新北市新店區安昌里安康路二段194號6樓,,,,,,,,0,,,Công ty công trình dân dụng / Kỹ thuật dân dụng
497,大陸工程北捷南環線CF670A標工務所,,,'0229398183,,,,116台灣臺北市文山區萬芳里萬芳路56號右側號,,,,,,,,0,,,Công ty công trình dân dụng / Kỹ thuật dân dụng
498,欣強盛工程行,,,'0989004482,,,,330台灣桃園市桃園區同安里新埔六街77號9號樓之5,,,,,,,,0,,,Công ty công trình dân dụng / Kỹ thuật dân dụng
499,家豪工程技術有限公司,,,'0226270608,,,,114台灣臺北市內湖區港華里港華街85巷19號,,,,,,,,0,,,Công ty công trình dân dụng / Kỹ thuật dân dụng
500,聖都營造,,,'0933890504,,,,236台灣新北市土城區埤塘里忠義路25號,,,,,,,,0,,,Công ty công trình dân dụng / Kỹ thuật dân dụng
501,群宸工程有限公司,,,'0277516172,,,,221台灣新北市汐止區建成路178巷12號3樓,,,,,,,,0,,,Công ty công trình dân dụng / Kỹ thuật dân dụng
502,旭源營造勵億工務所,,,,,,,238台灣新北市樹林區圳民里中正路248巷26號,,,,,,,,0,,,Công ty công trình dân dụng / Kỹ thuật dân dụng
503,加一工程有限公司,,,,,,,242台灣新北市新莊區信義里福壽街84巷22號2樓,,,,,,,,0,,,Công ty công trình dân dụng / Kỹ thuật dân dụng
504,佳冠工程有限公司,,,'0227265942,,,,110台灣臺北市信義區大道里大道路65巷9號,,,,,,,,0,,,Công ty công trình dân dụng / Kỹ thuật dân dụng
505,永鑫和 專業屋瓦防水 別墅屋瓦 古蹟修復 金屬屋瓦規劃設計施作,,,'0936882108,,,,234台灣新北市永和區民富里民樂街86號,,,,,,,,0,,,Dịch vụ phục hồi / trùng tu công trình
506,同慶鋁門窗,,,'0936736340,,,,111台灣臺北市士林區後港里大南路434號,,,,,,,,0,,,Dịch vụ phục hồi / trùng tu công trình
507,築之藝，房屋修繕，浴室翻新,,,'0905865809,,,,324台灣桃園市平鎮區龍興里龍南路161巷11號,,,,,,,,0,,,Dịch vụ phục hồi / trùng tu công trình
508,日建工程結構補強,,,'0225372197,,,,104台灣臺北市中山區中吉里松江路194巷34號5樓,,,,,,,,0,,,Dịch vụ phục hồi / trùng tu công trình
509,益勤工程有限公司,,,'033624885,,,,334台灣桃園市八德區瑞泰里介壽路二段557號,,,,,,,,0,,,Dịch vụ phục hồi / trùng tu công trình
510,磊璟建設有限公司,,,'055221368,,,,640台灣雲林縣斗六市長平里雲林路三段392號,,,,,,,,0,,,Công ty xây dựng
511,久木營造有限公司,,,'055955966,,,,630台灣雲林縣斗南鎮大同里長安路一段115號,,,,,,,,0,,,Công ty xây dựng
512,橙心建設有限公司,,,'056325129,,,,632台灣雲林縣虎尾鎮林森路ㄧ段170號2樓,,,,,,,,0,,,Công ty xây dựng
513,鉅陞建築團隊(嘉義分公司),,,'052226262,,,,600台灣嘉義市西區垂楊路410號,,,,,,,,0,,,Công ty xây dựng
514,上匠建設有限公司,,,'048969106,,,,526台灣彰化縣二林鎮斗苑路四段349號,,,,,,,,0,,,Đơn vị xây dựng nhà
515,永沺建設有限公司,,,,,,,651台灣雲林縣北港鎮建國路26號,,,,,,,,0,,,Đơn vị xây dựng nhà
516,振合營造事業股份有限公司,,,'055333127,,,,640台灣雲林縣斗六市仁愛里中華路200號,,,,,,,,0,,,Công ty xây dựng
517,一暘建設有限公司,,,'055353386,,,,640台灣雲林縣斗六市成功里內環路518號,,,,,,,,0,,,Công ty xây dựng
518,樑融建設有限公司彰化辦事處,,,'048956802,,,,526台灣彰化縣二林鎮二林鎮斗苑路四段200號,,,,,,,,0,,,Nhà thầu phụ công trình
519,建庭建設/營造有限公司,,,'056222868,,,,632台灣雲林縣虎尾鎮堀頭里118之60號,,,,,,,,0,,,Công ty xây dựng
520,168會館,,,,,,,632104台灣雲林縣虎尾鎮頂溪里6-1號,,,,,,,,0,,,Công ty xây dựng
521,三貴天空樹接待中心,,,'052292200,,,,600台灣嘉義市東區安業里安業街88巷3號,,,,,,,,0,,,Công ty xây dựng
522,臻晟營造有限公司,,,'055328640,,,,640台灣雲林縣斗六市公正里博愛街72號,,,,,,,,0,,,Công ty xây dựng
523,源峪營造有限公司,,,'055845153,,,,647台灣雲林縣莿桐鄉埔仔村150號,,,,,,,,0,,,Công ty xây dựng
524,首華建設股份有限公司,,,'048732888,,,,511台灣彰化縣社頭鄉松竹村社石路935號,,,,,,,,0,,,Công ty xây dựng
525,弘農郡鐵皮屋工程,,,'0955257331,,,,613台灣嘉義縣朴子市大鄉里大糠榔,,,,,,,,0,,,Công ty xây dựng
526,通權建設有限公司,,,'0492350399,,,,540台灣南投縣南投市營北里仁德路86號,,,,,,,,0,,,Công ty xây dựng
527,福德富一方,,,'052212186,,,,600台灣嘉義市東區後湖里,,,,,,,,0,,,Đơn vị xây dựng nhà theo yêu cầu
528,北港第1,,,'0965610016,,,,651台灣雲林縣北港鎮新德路193號,,,,,,,,0,,,Đơn vị xây dựng nhà
529,台富長安,,,'0928153739,,,,630043台灣雲林縣斗南鎮明昌里隆昌街79號,,,,,,,,0,,,Đơn vị xây dựng nhà
530,牧容5,,,'056965489,,,,637台灣雲林縣崙背鄉豐榮村豐榮路29-1號,,,,,,,,0,,,Đơn vị xây dựng nhà theo yêu cầu
531,全邑臻藏,,,'048730001,,,,511台灣彰化縣社頭鄉泰安村石坑一巷9之10號,,,,,,,,0,,,Đơn vị xây dựng nhà theo yêu cầu
532,誠信建設&誠信不動產,,,'055361556,,,,640台灣雲林縣斗六市鎮西里雲林路二段118-2號,,,,,,,,0,,,Đơn vị xây dựng nhà
533,牧容3,,,'055850355,,,,647台灣雲林縣莿桐鄉興貴村興南48號旁 (乾元宮旁,,,,,,,,0,,,Đơn vị xây dựng nhà theo yêu cầu
534,閤砌工程行,,,'0988193703,,,,643台灣雲林縣林內鄉烏塗村33號,,,,,,,,0,,,Đơn vị xây dựng nhà theo yêu cầu
535,一畝,,,,,,,616台灣嘉義縣新港鄉潭大村,,,,,,,,0,,,Đơn vị xây dựng nhà theo yêu cầu
536,佳和建設,,,'052287579,,,,600台灣嘉義市西區文化里光彩街410號,,,,,,,,0,,,Đơn vị xây dựng nhà theo yêu cầu
537,台富隆昌2,,,,,,,630台灣雲林縣斗南鎮明昌里隆昌街96號,,,,,,,,0,,,Đơn vị xây dựng nhà
538,金名幸,,,,,,,526台灣彰化縣二林鎮後厝里526,,,,,,,,0,,,Công ty xây dựng
539,冠星建設有限公司,,,'048760899,,,,520011台灣彰化縣田中鎮碧峰里中南路二段491號,,,,,,,,0,,,Đơn vị xây dựng nhà theo yêu cầu
540,幸福家園接待會館,,,'048967505,,,,528台灣彰化縣芳苑鄉三合村斗苑路三合段408號,,,,,,,,0,,,Công ty xây dựng
541,漢昇開發建設股份有限公司,,,'052830799,,,,"3f 864號 Jiayi TW 60060, 博愛路二段西區嘉義市台灣 600",,,,,,,,0,,,Đơn vị xây dựng nhà
542,大順工程行,,,'0921341422,,,,630台灣雲林縣斗南鎮林子里國宅路18號,,,,,,,,0,,,Nhà thầu
543,福德開發建設股份有限公司,,,'052213399,,,,621台灣嘉義縣民雄鄉20-10號,,,,,,,,0,,,Đơn vị xây dựng nhà theo yêu cầu
544,北極星建設登峰六期基地,,,'0907718628,,,,630台灣雲林縣斗南鎮舊社里建國三路697號,,,,,,,,0,,,Đơn vị xây dựng nhà theo yêu cầu
545,福德人家7,,,,,,,621台灣嘉義縣民雄鄉興中村坔墘,,,,,,,,0,,,Đơn vị xây dựng nhà theo yêu cầu
546,力友工程行 專業打石,,,'0933476859,,,,640台灣雲林縣斗六市三平里西平路119巷4號,,,,,,,,0,,,Đơn vị xây dựng nhà theo yêu cầu
547,高鐵升之泰二期 基地位置,,,,,,,511台灣彰化縣社頭鄉社頭村社頭高鐵段256地號,,,,,,,,0,,,Đơn vị xây dựng nhà theo yêu cầu
548,正光土木包工業,,,'048922999,,,,523台灣彰化縣埤頭鄉合興村彰水路三段506號,,,,,,,,0,,,Đơn vị xây dựng nhà theo yêu cầu
549,達官苑,,,,,,,638台灣雲林縣麥寮鄉興華村27-9號,,,,,,,,0,,,Đơn vị xây dựng nhà theo yêu cầu
550,堡羅營造有限公司,,,'055873869,,,,648台灣雲林縣西螺鎮正興里中山路51號1F,,,,,,,,0,,,Nhà thầu
551,翔瑞營造有限公司,,,'0492352206,,,,542台灣南投縣草屯鎮山腳里新生路281號,,,,,,,,0,,,Đơn vị xây dựng nhà theo yêu cầu
552,真毅營造股份有限公司(太保工務所),,,,,,,612台灣嘉義縣太保市舊埤里7之21號 (隔壁組合屋,,,,,,,,0,,,Công ty công trình dân dụng / Kỹ thuật dân dụng
553,溪湖工程行,,,'0939108876,,,,648台灣雲林縣西螺鎮埤頭里1-14號,,,,,,,,0,,,Công ty công trình dân dụng / Kỹ thuật dân dụng
554,真毅嘉民E/S工務所,,,'052721178,,,,621台灣嘉義縣民雄鄉三興村77號,,,,,,,,0,,,Công ty công trình dân dụng / Kỹ thuật dân dụng
555,俉集室內設計工程有限公司,,,'0975618689,,,,600台灣嘉義市東區圳頭里林森東路722-31號,,,,,,,,0,,,Công ty công trình dân dụng / Kỹ thuật dân dụng
556,喬鄰營造,,,,,,,638台灣雲林縣麥寮鄉後安村16811號,,,,,,,,0,,,Công ty công trình dân dụng / Kỹ thuật dân dụng
557,連吉騰日雲林工程組,,,,,,,632台灣雲林縣虎尾鎮惠來里168之30號,,,,,,,,0,,,Công ty công trình dân dụng / Kỹ thuật dân dụng
558,翔富土木工程有限公司,,,'048322681,,,,510台灣彰化縣員林市萬年里員水路二段1巷150弄12號,,,,,,,,0,,,Nhà thầu phụ công trình
559,漢明嘉義料廠,,,,,,,615台灣嘉義縣六腳鄉,,,,,,,,0,,,Công ty công trình dân dụng / Kỹ thuật dân dụng
560,盛琳營造有限公司,,,,,,,632台灣雲林縣虎尾鎮延平里中南003鄰號78號,,,,,,,,0,,,Công ty công trình dân dụng / Kỹ thuật dân dụng
561,宸鴻營造有限公司,,,,,,,652台灣雲林縣水林鄉水南村雲146鄉道29號,,,,,,,,0,,,Công ty công trình dân dụng / Kỹ thuật dân dụng
562,冠緯工程行,,,'0963279228,,,,623台灣嘉義縣溪口鄉,,,,,,,,0,,,Công ty công trình dân dụng / Kỹ thuật dân dụng
563,元承御有限公司,,,,,,,600台灣嘉義市東區鹿寮里彌陀路70巷40弄120號2號,,,,,,,,0,,,Công ty xây dựng
564,金泰良營造有限公司,,,'056915568,,,,"台灣雲林縣麥寮鄉許厝路129號638 No. 129, Xucuo",,,,,,,,0,,,Công ty xây dựng
565,禹衍建設有限公司,,,'0909515818,,,,632台灣雲林縣虎尾鎮興南里56號,,,,,,,,0,,,Công ty xây dựng
566,崙背包通工程行-通馬桶-通水管,,,'056966666,,,,63742台灣雲林縣崙背鄉阿勸村,,,,,,,,0,,,Công ty công trình dân dụng / Kỹ thuật dân dụng
567,精誠土木包工業,,,,,,,600台灣嘉義市東區芳安里宣信街111巷150號,,,,,,,,0,,,Công ty công trình dân dụng / Kỹ thuật dân dụng
568,俊聰工程行,,,,,,,557台灣南投縣竹山鎮竹山路,,,,,,,,0,,,Công ty công trình dân dụng / Kỹ thuật dân dụng
569,威列營造工程有限公司,,,'055850093,,,,647台灣雲林縣莿桐鄉29-8 號,,,,,,,,0,,,Đơn vị xây dựng nhà
570,威澄公司,,,,,,,638台灣雲林縣麥寮鄉仁德西路一段720-6號,,,,,,,,0,,,Công ty công trình dân dụng / Kỹ thuật dân dụng
571,飛燿工程有限公司,,,'057852281,,,,台灣雲林縣水林鄉後寮村55號1樓,,,,,,,,0,,,Công ty công trình dân dụng / Kỹ thuật dân dụng
572,輝達工程有限公司,,,'055372141,,,,64056台灣雲林縣斗六市八德里豐興路85巷78號,,,,,,,,0,,,Công ty xây dựng
573,承合工程行（採用一條龍作業）建築工程 土木工程 鋼構工程 翻修 改建工程 拆除工程,,,'0927308017,,,,640台灣雲林縣斗六市明德里明德北路二段43號,,,,,,,,0,,,Dịch vụ phục hồi / trùng tu công trình
574,可嘉工程有限公司,,,'048246868,,,,512台灣彰化縣永靖鄉港西村中山路一段402巷18號,,,,,,,,0,,,Công ty công trình dân dụng / Kỹ thuật dân dụng
575,久伯營造有限公司,,,'0979262812,,,,646台灣雲林縣古坑鄉東和村文化路175號,,,,,,,,0,,,Công ty xây dựng
576,承鼎開發建設有限公司,,,'052333118,,,,600台灣嘉義市西區保福里德安路146號之2號2樓,,,,,,,,0,,,Nhà thầu phụ công trình
577,詮盈營造有限公司,,,'056981177,,,,636台灣雲林縣臺西鄉五港村五港路295號636,,,,,,,,0,,,Công ty xây dựng
578,統帥土木建設工程有限公司,,,,,,,512台灣彰化縣永靖鄉湳墘村忠心路41號,,,,,,,,0,,,Công ty xây dựng
579,旺璟工程有限公司,,,'0970388211,,,,640台灣雲林縣斗六市榴中里石榴路65號,,,,,,,,0,,,Công ty công trình dân dụng / Kỹ thuật dân dụng
580,洺誠土木包工業,,,'052061636,,,,621台灣嘉義縣民雄鄉豊收村196-10號號,,,,,,,,0,,,Công ty xây dựng
581,元方營造有限公司,,,'052343988,,,,600台灣嘉義市西區福全里友平街8號,,,,,,,,0,,,Nhà thầu phụ công trình
582,家薪營造有限公司,,,,,,,640台灣雲林縣斗六市保庄里保長路73號,,,,,,,,0,,,Công ty xây dựng
583,昱龍建設有限公司,,,'0953293092,,,,632台灣雲林縣虎尾鎮平和里大成街331號632,,,,,,,,0,,,Công ty xây dựng
584,綠見築營造工程有限公司,,,'0972763533,,,,710台灣臺南市永康區永明里永明街273巷17號,,,,,,,,0,,,Công ty xây dựng
585,中瀚建設有限公司,,,'062039658,,,,710台灣臺南市永康區網寮里永春街25巷8號,,,,,,,,0,,,Công ty xây dựng
586,台易建設開發有限公司,,,'063026022,,,,710台灣台灣省永康區安康里中華西街122巷12號,,,,,,,,0,,,Công ty xây dựng
587,嘉信開發建設有限公司,,,,,,,744台灣臺南市新市區大營里西拉雅大道262號,,,,,,,,0,,,Công ty xây dựng
588,城富開發建設有限公司,,,'063507118,,,,704台灣臺南市北區元美里文賢二街431巷36號,,,,,,,,0,,,Công ty xây dựng
589,藏風建築,,,'062224407,,,,700台灣臺南市中西區城隍里衛民街67號1,,,,,,,,0,,,Công ty xây dựng
590,松東營造股份有限公司（南科3標工務所）,,,,,,,745台灣臺南市安定區蘇林里蘇厝7號斜對面組合屋7-11,,,,,,,,0,,,Công ty xây dựng
591,寬騰建設(股)公司,,,'063120869,,,,71058台灣臺南市永康區中華里中華路12號13號樓之3,,,,,,,,0,,,Công ty xây dựng
592,新太盟建設股份有限公司,,,'062380232,,,,704台灣台灣省北區重興里東豐路501號,,,,,,,,0,,,Công ty xây dựng
593,吉全開發建設有限公司,,,'062452508,,,,709台灣臺南市安南區海東里海東二街72號,,,,,,,,0,,,Công ty xây dựng
594,達億建設開發有限公司,,,'062135321,,,,701台灣台灣省東區大同里府連路192號,,,,,,,,0,,,Công ty xây dựng
595,首創建設有限公司,,,'062705685,,,,708台灣臺南市安平區育平二街,,,,,,,,0,,,Công ty xây dựng
596,樺融建設開發股份有限公司,,,'062033055,,,,710台灣台灣省永康區蜈蜞潭段2055地號,,,,,,,,0,,,Công ty xây dựng
597,舜仰建設有限公司,,,'062469691,,,,702台灣台灣省安南區仁安二街108號,,,,,,,,0,,,Nhà thầu
598,全日昇建設有限公司,,,'062478190,,,,702台灣臺南市南區文南里健康路二段499號7號樓之9,,,,,,,,0,,,Công ty xây dựng
599,郡豐建設,,,'062015609,,,,710台灣臺南市永康區永康里永大路三段23號,,,,,,,,0,,,Công ty xây dựng
600,祐全建設股份有限公司,,,'076072607,,,,821台灣高雄市路竹區竹東里忠孝路46號,,,,,,,,0,,,Công ty xây dựng
601,尚暘建築開發有限公司,,,'062998866,,,,708台灣臺南市安平區文平里永華二街31號,,,,,,,,0,,,Công ty xây dựng
602,協聖建設有限公司,,,'076691001,,,,842台灣高雄市旗山區圓富里旗甲路二段309號,,,,,,,,0,,,Công ty xây dựng
603,家薪6,,,'062548666,,,,722台灣臺南市佳里區37-5號,,,,,,,,0,,,Công ty xây dựng
604,大力發營造公司,,,'076819938,,,,84349台灣高雄市美濃區祿興里中正路二段136之6號,,,,,,,,0,,,Công ty xây dựng
605,健恆建設股份有限公司,,,'062475145,,,,709台灣臺南市安南區海東里海中街138巷31號,,,,,,,,0,,,Công ty xây dựng
606,銓詠建設聯銷中心（預約制）,,,'063565960,,,,709台灣臺南市安南區國安里宜居三路22號,,,,,,,,0,,,Công ty xây dựng
607,結束營業,,,,,,,843台灣高雄市美濃區瀰濃里自強街一段73號,,,,,,,,0,,,Đơn vị xây dựng nhà theo yêu cầu
608,鎮漢谷根千 接待會館,,,'065115747,,,,709台灣臺南市安南區國安里生態街571號,,,,,,,,0,,,Đơn vị xây dựng nhà theo yêu cầu
609,琚富2,,,'065706777,,,,721台灣臺南市麻豆區民族路,,,,,,,,0,,,Đơn vị xây dựng nhà
610,大耀營造股份有限公司,,,'062005799,,,,704台灣臺南市北區振興里長榮路四段119巷37號,,,,,,,,0,,,Đơn vị xây dựng nhà theo yêu cầu
611,穩盛工程行,,,,,,,711台灣臺南市歸仁區大潭里長榮路一段401號,,,,,,,,0,,,Đơn vị xây dựng nhà theo yêu cầu
612,匯通天下工業城,,,'065115590,,,,台灣臺南市麻豆區埤頭里721,,,,,,,,0,,,Đơn vị xây dựng nhà theo yêu cầu
613,《南科心集》德國工匠開發｜接待中心,,,'065930718,,,,745台灣臺南市安定區新吉里12517號,,,,,,,,0,,,Công ty xây dựng
614,誠銳建設有限公司,,,'065831099,,,,741台灣台灣省善化區蓮潭北三街,,,,,,,,0,,,Nhà thầu phụ công trình
615,承安建設有限公司,,,'062050838,,,,710台灣臺南市永康區北灣里文賢街179號,,,,,,,,0,,,Công ty xây dựng
616,家樂聯合企業有限公司,,,'063911999,,,,708台灣台灣省安平區王城里安北路370巷35號,,,,,,,,0,,,Đơn vị xây dựng nhà theo yêu cầu
617,鴻囍金瓚社區,,,,,,,829台灣高雄市湖內區湖東里中山路一段447巷11弄16-1號,,,,,,,,0,,,Đơn vị xây dựng nhà
618,公司,,,,,,,717台灣臺南市仁德區一甲里太乙七街56號,,,,,,,,0,,,Công ty xây dựng
619,獨秀，十二日建築,,,'0910835905,,,,70845台灣臺南市安平區華平里怡平路442巷108號,,,,,,,,0,,,Đơn vị xây dựng nhà theo yêu cầu
620,海前天鑽,,,'066020678,,,,"No. 258號, 海前路, 海西里安南區臺南市台灣 709",,,,,,,,0,,,Đơn vị xây dựng nhà theo yêu cầu
621,瀚晟營造有限公司,,,,,,,735台灣臺南市下營區新興里中興北路3巷11號,,,,,,,,0,,,Công ty công trình dân dụng / Kỹ thuật dân dụng
622,宏華營造曾文水庫抽泥作業第四期工務所,,,,,,,715台灣臺南市楠西區楠西里中正路347號,,,,,,,,0,,,Công ty công trình dân dụng / Kỹ thuật dân dụng
623,宸茂營造北外環工務所,,,'0985990746,,,,709台灣臺南市安南區環館三路8號,,,,,,,,0,,,Công ty công trình dân dụng / Kỹ thuật dân dụng
624,鑫豐營造有限公司,,,'076332268,,,,822台灣高雄市阿蓮區81-98號,,,,,,,,0,,,Công ty công trình dân dụng / Kỹ thuật dân dụng
625,鴻鑫工程行,,,,,,,711台灣臺南市歸仁區歸仁里忠孝北路122巷11號,,,,,,,,0,,,Công ty công trình dân dụng / Kỹ thuật dân dụng
626,億晉營造有限公司,,,'062725752,,,,710台灣台灣省永康區東灣里大灣三街57巷12號,,,,,,,,0,,,Nhà thầu
627,鼎壹工程行、舊屋翻新、房屋興建統包工程、老宅改建,,,'0966444359,,,,711台灣臺南市歸仁區七甲三街26號,,,,,,,,0,,,Dịch vụ phục hồi / trùng tu công trình
628,展佳營造有限公司,,,'0919177774,,,,724台灣臺南市七股區大埕里85號,,,,,,,,0,,,Dịch vụ phục hồi / trùng tu công trình
629,立彩建設機構,,,'0423752258,,,,40347台灣臺中市西區土庫里忠明南路469號,,,,,,,,0,,,Công ty xây dựng
630,原生三璽,,,'0422391585,,,,406台灣臺中市北屯區廍子里祥順東路二段69號,,,,,,,,0,,,Công ty xây dựng
631,來詠馥建設有限公司,,,'048349493,,,,510台灣彰化縣員林市南平里南平東街26號4樓,,,,,,,,0,,,Nhà thầu phụ công trình
632,威全營造建設,,,,,,,408台灣臺中市南屯區豐樂里豐安街50號,,,,,,,,0,,,Công ty xây dựng
633,金采居建設開發股份有限公司,,,'0800874999,,,,508台灣彰化縣和美鎮柑井里彰美路四段219號,,,,,,,,0,,,Công ty xây dựng
634,森騰建設有限公司&聯騰營造有限公司,,,'0426993380,,,,43251台灣臺中市大肚區大東里育英路102號,,,,,,,,0,,,Công ty xây dựng
635,道恩建設有限公司,,,'047998619,,,,509台灣彰化縣伸港鄉大同村中興十街59號,,,,,,,,0,,,Nhà thầu phụ công trình
636,元鈞建設股份有限公司,,,'0422138336,,,,401台灣臺中市東區十甲里二聖街77號,,,,,,,,0,,,Công ty xây dựng
637,上立開發建設股份有限公司,,,'048525979,,,,515台灣彰化縣大村鄉村上村中山路二段239巷2-2號,,,,,,,,0,,,Nhà thầu phụ công trình
638,同興協記建設股份有限公司,,,'0422541578,,,,407台灣臺中市西屯區惠來里市政路402號11F-6,,,,,,,,0,,,Công ty xây dựng
639,馨雅建設有限公司,,,'0424754588,,,,408台灣南屯區大同里大墩七街141號,,,,,,,,0,,,Công ty xây dựng
640,龍傳建設有限公司,,,'0422519990,,,,407台灣臺中市西屯區惠來里市政北二路18-1號R樓,,,,,,,,0,,,Công ty xây dựng
641,瑞明開發建設有限公司,,,'047138888,,,,503台灣彰化縣花壇鄉大埔路觀音巷68號,,,,,,,,0,,,Nhà thầu phụ công trình
642,海灣建設股份有限公司,,,'0423015799,,,,403台灣臺中市西區民龍里大和路22號,,,,,,,,0,,,Công ty xây dựng
643,三瓦建設股份有限公司,,,'0422317368,,,,404台灣臺中市北區錦祥里育樂街27號,,,,,,,,0,,,Công ty xây dựng
644,鑫大略建設股份有限公司,,,'0423012350,,,,403台灣台中市 西區梅川西路一段107號1樓,,,,,,,,0,,,Nhà thầu phụ công trình
645,強壁地板鑽孔切割,,,,,,,404台灣臺中市北區錦平里中華路二段173巷66號,,,,,,,,0,,,Đơn vị xây dựng nhà theo yêu cầu
646,禾盛富精科,,,'0423894366,,,,408台灣臺中市南屯區文山里保安十街188號,,,,,,,,0,,,Đơn vị xây dựng nhà theo yêu cầu
647,兆盈開發有限公司,,,'048332033,,,,510台灣彰化縣員林市民生里萬年路一段339號,,,,,,,,0,,,Công ty xây dựng
648,拓建建設有限公司,,,'0422269698,,,,400台灣臺中市中區大誠里成功路310號,,,,,,,,0,,,Đơn vị xây dựng nhà
649,力瑋閱環中,,,'0422610568,,,,414台灣臺中市烏日區東園里溪南路一段460巷370號,,,,,,,,0,,,Đơn vị xây dựng nhà theo yêu cầu
650,鼎豪工程行,,,'0987095301,,,,507台灣彰化縣線西鄉寓埔村中華路817巷66號,,,,,,,,0,,,Công ty xây dựng
651,德煜工程行,,,'0931622118,,,,506台灣彰化縣福興鄉社尾村浮景巷30號,,,,,,,,0,,,Đơn vị xây dựng nhà theo yêu cầu
652,浡洋鋼鋁有限公司,,,'0423350868,,,,414台灣臺中市烏日區溪埧里溪福路110巷227號,,,,,,,,0,,,Đơn vị xây dựng nhà theo yêu cầu
653,龍麒土木工程行,,,'0910414333,,,,411台灣臺中市太平區建國里精美一街42巷5號,,,,,,,,0,,,Đơn vị xây dựng nhà theo yêu cầu
654,豪門世家,,,'047573999,,,,508台灣彰化縣和美鎮柑井里彰美路四段187號,,,,,,,,0,,,Đơn vị xây dựng nhà theo yêu cầu
655,寶萊建設_寶萊首賦,,,'0422614000,,,,402台灣臺中市南區平和里忠明南路935號3F,,,,,,,,0,,,Công ty xây dựng
656,健志工程行：專業挖土機土木工程,,,'0968501961,,,,504台灣彰化縣秀水鄉鶴鳴村民意街497巷9號,,,,,,,,0,,,Công ty công trình dân dụng / Kỹ thuật dân dụng
657,和沂工程草屯工務所,,,,,,,542台灣南投縣草屯鎮墩煌路四段468號,,,,,,,,0,,,Công ty công trình dân dụng / Kỹ thuật dân dụng
658,華允工程股份有限公司,,,'0911467817,,,,510台灣彰化縣員林市三愛里員林大道四段369號2樓,,,,,,,,0,,,Công ty công trình dân dụng / Kỹ thuật dân dụng
659,程鴻營造股份有限公司,,,'048661298,,,,516台灣彰化縣埔鹽鄉太平村番金路24號之10,,,,,,,,0,,,Công ty công trình dân dụng / Kỹ thuật dân dụng
660,舜億營造公務所,,,,,,,509台灣彰化縣伸港鄉全興路臨1-68號,,,,,,,,0,,,Công ty công trình dân dụng / Kỹ thuật dân dụng
661,廣賀工程行,,,'0912542692,,,,637台灣雲林縣崙背鄉阿勸村中厝路43之24號,,,,,,,,0,,,Công ty công trình dân dụng / Kỹ thuật dân dụng
662,元宸營造有限公司,,,'0492380545,,,,542台灣南投縣草屯鎮明正里平等街194號,,,,,,,,0,,,Công ty công trình dân dụng / Kỹ thuật dân dụng
663,啓暉工程,,,,,,,408台灣臺中市南屯區鎮平里黎明路一段395巷30號,,,,,,,,0,,,Công ty công trình dân dụng / Kỹ thuật dân dụng
664,富毓工程行,,,'0901161558,,,,632台灣雲林縣虎尾鎮墾地里北新庄110號,,,,,,,,0,,,Công ty công trình dân dụng / Kỹ thuật dân dụng
665,宥家工程有限公司,,,'0935419208,,,,406台灣臺中市北屯區平安里文心路四段692-1號5樓,,,,,,,,0,,,Công ty công trình dân dụng / Kỹ thuật dân dụng
666,吉宏工程行,,,'0972356678,,,,514台灣彰化縣溪湖鎮東溪里成功路143巷2號,,,,,,,,0,,,Công ty công trình dân dụng / Kỹ thuật dân dụng
667,廣佶營造有限公司,,,,,,,406台灣臺中市北屯區舊社里松竹五路一段328號,,,,,,,,0,,,Công ty công trình dân dụng / Kỹ thuật dân dụng
668,榛漾工程有限公司,,,'048536066,,,,510台灣彰化縣員林市南東里浮圳路一段218巷72號,,,,,,,,0,,,Công ty công trình dân dụng / Kỹ thuật dân dụng
669,垚飛空間整合,,,,,,,408台灣臺中市南屯區中和里黎明路一段323巷10弄33號,,,,,,,,0,,,Dịch vụ phục hồi / trùng tu công trình
670,煜森鐵厝浪板工程,,,'0980879399,,,,402台灣臺中市南區崇倫里忠明南路730巷77號,,,,,,,,0,,,Công ty xây dựng
671,江豐營造,,,'0422639019,,,,402台灣臺中市南區福順里忠明南路789號12樓,,,,,,,,0,,,Công ty xây dựng
672,景鈜工程行-採光罩工程/玻璃屋工程/鐵皮屋工程/雨遮施工/鐵皮屋頂 /鐵捲門/各式不鏽鋼建材設計施工,,,'0971222374,,,,503台灣彰化縣花壇鄉橋頭村彰員路一段978巷22弄3號,,,,,,,,0,,,Dịch vụ phục hồi / trùng tu công trình
673,壯暉建設有限公司,,,'076121188,,,,825台灣高雄市橋頭區甲北里甲樹路1250號,,,,,,,,0,,,Công ty xây dựng
674,築居建設,,,'0938555028,,,,900台灣屏東縣屏東市維新里公園西路135號,,,,,,,,0,,,Công ty xây dựng
675,龍鉅建設股份有限公司,,,'073358111,,,,806台灣高雄市前鎮區盛興里南天街20號,,,,,,,,0,,,Công ty xây dựng
676,築立建業股份有限公司,,,'062975900,,,,709台灣臺南市安南區永續三街261號,,,,,,,,0,,,Công ty xây dựng
677,紘鼎開發建設股份有限公司,,,'077926557,,,,830台灣高雄市鳳山區過埤里頂圃街33號,,,,,,,,0,,,Công ty xây dựng
678,恆宇建設,,,'073112232,,,,807台灣高雄市三民區立業里九如二路583號四樓,,,,,,,,0,,,Công ty xây dựng
679,基茂樂go,,,'077018080,,,,831台灣高雄市大寮區江山路42-8號,,,,,,,,0,,,Đơn vị xây dựng nhà theo yêu cầu
680,居興建設好好學,,,'073649844,,,,811台灣高雄市楠梓區藍田里大學東路652號,,,,,,,,0,,,Đơn vị xây dựng nhà theo yêu cầu
681,亞灣隱寓,,,'0988925152,,,,806台灣高雄市前鎮區鎮海里樹人路263巷36號,,,,,,,,0,,,Đơn vị xây dựng nhà theo yêu cầu
682,一起藝術,,,'087332688,,,,900台灣屏東縣屏東市民生東路56巷99號,,,,,,,,0,,,Đơn vị xây dựng nhà
683,都市璞墅,,,,,,,814台灣高雄市仁武區八卦里北屋南街116號,,,,,,,,0,,,Đơn vị xây dựng nhà theo yêu cầu
684,耀大芊,,,'0925137513,,,,811台灣高雄市楠梓區翠屏里翠屏路123號,,,,,,,,0,,,Đơn vị xây dựng nhà theo yêu cầu
685,小隱悅墅NO.2,,,,,,,833台灣高雄市鳥松區大竹里大義街44巷5號,,,,,,,,0,,,Đơn vị xây dựng nhà theo yêu cầu
686,天馳樂,,,'0931912360,,,,814台灣高雄市仁武區八卦里八德西路2246號,,,,,,,,0,,,Đơn vị xây dựng nhà theo yêu cầu
687,竣陽室內裝潢,,,'0976794508,,,,831台灣高雄市大寮區內坑里內坑路34之20號,,,,,,,,0,,,Công ty công trình dân dụng / Kỹ thuật dân dụng
688,逸築工程,,,,,,,904台灣屏東縣九如鄉後庄村後庄路132巷22號,,,,,,,,0,,,Công ty công trình dân dụng / Kỹ thuật dân dụng
689,光鹽工程 — 水電 木作裝潢 鋼構鐵厝 舞台燈光音響,,,'0934342737,,,,807台灣高雄市三民區灣華里莊敬路211號1樓,,,,,,,,0,,,Công ty công trình dân dụng / Kỹ thuật dân dụng
690,允宏土木包工業,,,'073755252,,,,814台灣高雄市仁武區文武里新庄路235號,,,,,,,,0,,,Công ty công trình dân dụng / Kỹ thuật dân dụng
691,城聚土木包工業有限公司,,,'0919939073,,,,830台灣高雄市鳳山區國隆里南京路330巷11號9號樓之3-2,,,,,,,,0,,,Công ty công trình dân dụng / Kỹ thuật dân dụng
692,祝興工程行,,,'0933140786,,,,900台灣屏東縣屏東市清溪里建和街19號,,,,,,,,0,,,Công ty công trình dân dụng / Kỹ thuật dân dụng
693,塘詠鷹架工程行,,,'0910857600,,,,904台灣屏東縣九如鄉九清村仁愛街63巷12-1號,,,,,,,,0,,,Công ty công trình dân dụng / Kỹ thuật dân dụng
694,群曜營造有限公司,,,'073433252,,,,813台灣高雄市左營區新光里孟子路519號,,,,,,,,0,,,Công ty công trình dân dụng / Kỹ thuật dân dụng
695,泓君營造有限公司,,,'073602819,,,,811台灣高雄市楠梓區廣昌里右昌一巷117號,,,,,,,,0,,,Công ty công trình dân dụng / Kỹ thuật dân dụng
696,新威土木包工業,,,,,,,830台灣高雄市鳳山區埤頂街17號1樓,,,,,,,,0,,,Đơn vị xây dựng nhà theo yêu cầu
697,屏南營造,,,,,,,90043台灣屏東縣屏東市湖西里歸禮巷42-1號,,,,,,,,0,,,Công ty công trình dân dụng / Kỹ thuật dân dụng
698,炘鑫鑽探有限公司,,,'0980414363,,,,718台灣臺南市關廟區關廟里文化街８１巷20號1 樓,,,,,,,,0,,,Công ty công trình dân dụng / Kỹ thuật dân dụng
699,明弘土木包工業,,,'062791222,,,,717台灣臺南市仁德區後壁里中正路二段234號,,,,,,,,0,,,Công ty công trình dân dụng / Kỹ thuật dân dụng
700,鎰贊工程,,,'077192788,,,,830台灣高雄市鳳山區瑞竹里瑞竹路44巷15弄5號,,,,,,,,0,,,Công ty công trình dân dụng / Kỹ thuật dân dụng
701,岳昇工程行,,,'0910203628,,,,900台灣屏東縣屏東市中正路578號2樓,,,,,,,,0,,,Dịch vụ phục hồi / trùng tu công trình
702,土木包工,,,'0932890772,,,,830台灣高雄市鳳山區南和里南光街222號,,,,,,,,0,,,Công ty công trình dân dụng / Kỹ thuật dân dụng
703,隆起磁磚修繕,,,'0908355939,,,,807台灣高雄市三民區正興里建安街9O號,,,,,,,,0,,,Dịch vụ phục hồi / trùng tu công trình
704,泓磐營造有限公司,,,'038883245,,,,981台灣花蓮縣玉里鎮大禹里9-2號號,,,,,,,,0,,,Công ty xây dựng
705,旭盛營造富里工務所,,,,,,,983台灣花蓮縣富里鄉萬寧村,,,,,,,,0,,,Công ty xây dựng
706,朝陽窗簾,,,'038888570,,,,981台灣花蓮縣玉里鎮中城里興國路一段195-7號,,,,,,,,0,,,Công ty xây dựng
707,定穎企業有限公司,,,'038225405,,,,981台灣花蓮縣玉里鎮大禹里純柑路35號,,,,,,,,0,,,Công ty xây dựng
708,旭盛營造玉里工務所,,,,,,,983台灣花蓮縣富里鄉萬寧村,,,,,,,,0,,,Công ty xây dựng
709,威億土木包工業,,,'038871365,,,,978台灣花蓮縣瑞穗鄉瑞穗村中正北路一段253號,,,,,,,,0,,,Nhà thầu phụ công trình
710,柏丞工程行,,,'0937497787,,,,961台灣臺東縣成功鎮三民里吉林街39巷100號,,,,,,,,0,,,Công ty xây dựng
711,青森建設有限公司,,,'038575860,,,,973台灣花蓮縣吉安鄉北昌村建國路一段154號,,,,,,,,0,,,Công ty xây dựng
712,昭盛營造有限公司,,,'038316885,,,,970台灣花蓮縣花蓮市主和里南濱路49-1號,,,,,,,,0,,,Công ty xây dựng
713,鑽全建設股份有限公司,,,'038532999,,,,973台灣花蓮縣吉安鄉勝安村自立路一段132號,,,,,,,,0,,,Công ty xây dựng
714,義盛土木包工業,,,,,,,981台灣花蓮縣玉里鎮,,,,,,,,0,,,Nhà thầu
715,銘佳建設公司,,,'0425282099,,,,429台灣臺中市神岡區豐洲里神洲路92-1號,,,,,,,,0,,,Đơn vị xây dựng nhà theo yêu cầu
716,程高鷹架工程行,,,'0912133007,,,,981台灣花蓮縣玉里鎮永昌里仁愛路二段228巷15號,,,,,,,,0,,,Nhà thầu
717,瑞鋒營造股份有限公司-高寮工務所,,,'038885211,,,,981台灣花蓮縣玉里鎮大禹里166-6號,,,,,,,,0,,,Công ty xây dựng
718,安倉營造-三民工務所,,,'038980313,,,,981台灣花蓮縣玉里鎮1642號,,,,,,,,0,,,Công ty xây dựng
719,大富車站,,,,,,,976台灣花蓮縣光復鄉大富村明德路1號,,,,,,,,0,,,Công ty xây dựng
720,人文澄舍,,,'0426578399,,,,435台灣臺中市梧棲區文化里中興路127巷29號,,,,,,,,0,,,Đơn vị xây dựng nhà theo yêu cầu
721,城適,,,'0425675057,,,,42869台灣臺中市大雅區雅環路二段120巷35弄11號,,,,,,,,0,,,Đơn vị xây dựng nhà theo yêu cầu
722,家紘實業股份有限公司,,,'0492791668,,,,556台灣南投縣信義鄉自強村綠美巷,,,,,,,,0,,,Đơn vị xây dựng nhà theo yêu cầu
723,上寬尊品接待中心,,,'0933489189,,,,971065台灣花蓮縣新城鄉康樂村康樂路280號,,,,,,,,0,,,Đơn vị xây dựng nhà theo yêu cầu
724,崙億土木包工業,,,'038842228,,,,982台灣花蓮縣卓溪鄉崙山村花63鄉道31號,,,,,,,,0,,,Nhà thầu
725,六義土木包工業,,,'089862519,,,,958台灣臺東縣池上鄉福原村中東三路11號,,,,,,,,0,,,Nhà thầu phụ công trình
726,至正工程行,,,,,,,956台灣臺東縣關山鎮德高里3號,,,,,,,,0,,,Công ty công trình dân dụng / Kỹ thuật dân dụng
727,順運工程嘉義分公司,,,'053750888,,,,611台灣嘉義縣鹿草鄉鹿草村422之6號,,,,,,,,0,,,Công ty công trình dân dụng / Kỹ thuật dân dụng
728,宥欣土木包工業,,,,,,,553台灣南投縣水里鄉南光村七賢二街22號,,,,,,,,0,,,Công ty công trình dân dụng / Kỹ thuật dân dụng
729,健達營造有限公司,,,'038540008,,,,973台灣花蓮縣吉安鄉仁和村中正路二段206巷2號,,,,,,,,0,,,Nhà thầu phụ công trình
730,利眾景觀土木工程,,,'0423334669,,,,41346台灣臺中市霧峰區吉峰里民生路291之15號,,,,,,,,0,,,Công ty công trình dân dụng / Kỹ thuật dân dụng
731,輝建工程行,,,'0986881620,,,,970台灣花蓮縣花蓮市國裕里富裕十街53巷10號1F,,,,,,,,0,,,Công ty công trình dân dụng / Kỹ thuật dân dụng
732,聚昇昌土木工程股份有限公司,,,'036575075,,,,302台灣新竹縣竹北市光明六路87-5號11樓,,,,,,,,0,,,Công ty công trình dân dụng / Kỹ thuật dân dụng
733,祥大土木包工業,,,'038539347,,,,973台灣花蓮縣吉安鄉東昌村東海十五街61號,,,,,,,,0,,,Công ty công trình dân dụng / Kỹ thuật dân dụng
734,久旭營造有限公司,,,'0963551199,,,,974台灣花蓮縣壽豐鄉平和村吳全127-1號,,,,,,,,0,,,Công ty xây dựng
735,晉暉建設,,,,,,,701台灣臺南市東區裕聖里裕敬二街12號,,,,,,,,0,,,Công ty xây dựng
736,能舍開發建設,,,'066561389,,,,730台灣臺南市新營區新南里明清二街205號,,,,,,,,0,,,Công ty xây dựng
737,大巍建設開發有限公司,,,'066325990,,,,730台灣臺南市新營區新東里東興路356號,,,,,,,,0,,,Nhà thầu phụ công trình
738,春葉建設有限公司,,,'063563638,,,,702台灣臺南市安南區州南里安和路四段538巷63號,,,,,,,,0,,,Nhà thầu
739,立龍建設股份有限公司,,,'062872578,,,,702台灣台南市 安南區公學路五段527巷2弄35號,,,,,,,,0,,,Nhà thầu phụ công trình
740,舜展建設有限公司,,,'062727599,,,,710台灣臺南市永康區北興里永大路二段1076巷25號,,,,,,,,0,,,Công ty xây dựng
741,富煜建設開發有限公司,,,'062985200,,,,708台灣臺南市安平區建平里建平十七街31號3樓之3,,,,,,,,0,,,Công ty xây dựng
742,大佶土木包工業/統包/新建透天/老屋翻修,,,'0920122090,,,,702台灣臺南市南區文南路42號,,,,,,,,0,,,Công ty xây dựng
743,世宇營造工程有限公司,,,'065907216,,,,712台灣臺南市新化區護國里中山路5號,,,,,,,,0,,,Công ty xây dựng
744,麗陽建設有限公司,,,'062296888,,,,704台灣台灣省北區北華里公園路257號,,,,,,,,0,,,Nhà thầu phụ công trình
745,嘉韙建設有限公司,,,'063561199,,,,709台灣臺南市安南區新順里安豐六街111巷11號,,,,,,,,0,,,Nhà thầu
746,富允建設股份有限公司,,,'062705465,,,,717台灣臺南市仁德區上崙里德崙路440號,,,,,,,,0,,,Nhà thầu phụ công trình
747,居城建設有限公司,,,'062007375,,,,704台灣臺南市北區仁愛里林森路三段93號,,,,,,,,0,,,Nhà thầu phụ công trình
748,津緯工程有限公司（建築.營造.清潔）,,,'062233746,,,,700台灣臺南市中西區淺草里金華路三段230號3號樓之一,,,,,,,,0,,,Công ty xây dựng
749,大福建設有限公司,,,'066323966,,,,730台灣新營區新東里東仁街23號,,,,,,,,0,,,Nhà thầu phụ công trình
750,有謙 和通建設,,,,,,,712台灣臺南市新化區太平里忠孝路108號,,,,,,,,0,,,Đơn vị xây dựng nhà
751,逸墅家,,,'065115055,,,,721台灣臺南市麻豆區巷口里新生南路762號,,,,,,,,0,,,Công ty xây dựng
752,桂田欣業建設股份有限公司,,,'062538089,,,,710台灣臺南市永康區塩興里永安一街99號,,,,,,,,0,,,Công ty xây dựng
753,肇酆國際實業有限公司,,,'062432562,,,,710台灣台南市 永康區和平路258巷54號,,,,,,,,0,,,Nhà thầu phụ công trình
754,中華工程股份有限公司 擴大抽泥工務所,,,,,,,715台灣臺南市楠西區東勢里水庫路265號,,,,,,,,0,,,Công ty công trình dân dụng / Kỹ thuật dân dụng
755,嘉新工程行,,,,,,,731台灣臺南市後壁區新東里147之167號,,,,,,,,0,,,Công ty công trình dân dụng / Kỹ thuật dân dụng
756,尚興工程有限公司,,,,,,,730台灣臺南市新營區嘉芳街,,,,,,,,0,,,Công ty công trình dân dụng / Kỹ thuật dân dụng
757,真毅新吉工務所,,,'067951568,,,,723台灣臺南市西港區新復里39之11號39-6號隔壁新吉工務所,,,,,,,,0,,,Công ty công trình dân dụng / Kỹ thuật dân dụng
758,新化鐵皮屋,,,,,,,712台灣臺南市新化區231之5號,,,,,,,,0,,,Công ty công trình dân dụng / Kỹ thuật dân dụng
759,職人油漆工程,,,'0919815664,,,,726台灣臺南市學甲區慈福里民族路54巷71號,,,,,,,,0,,,Công ty công trình dân dụng / Kỹ thuật dân dụng
760,泓威營造有限公司,,,'0983916868,,,,710台灣臺南市永康區五王里中山東路218巷23弄27號,,,,,,,,0,,,Công ty công trình dân dụng / Kỹ thuật dân dụng
761,甲頂營造有限公司,,,'063125722,,,,710台灣台灣省永康區中華里中華路12號,,,,,,,,0,,,Công ty xây dựng
762,山腳工程行,,,'0981032188,,,,712台灣臺南市新化區山脚里16628號,,,,,,,,0,,,Công ty công trình dân dụng / Kỹ thuật dân dụng
763,世合工程技術顧問股份有限公司,,,'062990318,,,,708台灣臺南市安平區怡平里建平十七街159號2 樓 之 1,,,,,,,,0,,,Công ty công trình dân dụng / Kỹ thuật dân dụng
764,升富營造有限公司,,,'067214685,,,,722台灣佳里區東寧里義民街70號,,,,,,,,0,,,Công ty xây dựng
765,傳達土木包工業（傳達營造有限公司）,,,'062900177,,,,717台灣臺南市仁德區仁愛里大同路三段358巷62號,,,,,,,,0,,,Nhà thầu
766,鑫翔順工程有限公司,,,'0931788538,,,,台灣臺南市關廟區埤頭里關新路二段688巷80弄15號,,,,,,,,0,,,Công ty công trình dân dụng / Kỹ thuật dân dụng
767,兆勝管理顧問有限公司,,,,,,,710台灣臺南市永康區勝華街146號,,,,,,,,0,,,Công ty công trình dân dụng / Kỹ thuật dân dụng
768,國城工程有限公司,,,,,,,71754台灣臺南市仁德區中洲里中洲路1379巷71弄91號,,,,,,,,0,,,Công ty công trình dân dụng / Kỹ thuật dân dụng
769,承尚科技企業有限公司,,,'0925838252,,,,74157台灣臺南市善化區文昌里永福路16號,,,,,,,,0,,,Nhà thầu
770,首都開發工程有限公司,,,'066553191,,,,737台灣鹽水區,,,,,,,,0,,,Công ty công trình dân dụng / Kỹ thuật dân dụng
771,裕鑫建設股份有限公司,,,'047386288,,,,500台灣彰化縣彰化市中庄里彰南路一段38號之1號,,,,,,,,0,,,Công ty xây dựng
772,打里摺建築.藝術 Taritsi Archi & Art,,,'0436019686,,,,408台灣臺中市南屯區楓樹里楓樹一街2號,,,,,,,,0,,,Công ty xây dựng
773,威富建設股份有限公司,,,'0424701999,,,,408台灣臺中市南屯區楓樹里永春東二路31-29號,,,,,,,,0,,,Công ty xây dựng
774,系門建設股份有限公司/雄政營造股份有限公司,,,'0424951919,,,,412台灣臺中市大里區仁化里仁化路574號,,,,,,,,0,,,Công ty xây dựng
775,蓉稼建設股份有限公司,,,'0424816835,,,,412台灣臺中市大里區國光里德芳路一段374號,,,,,,,,0,,,Công ty xây dựng
776,和宜真美 建築基地,,,,,,,408台灣臺中市南屯區龍富一街,,,,,,,,0,,,Công ty xây dựng
777,唐肯營造有限公司,,,'0423377823,,,,414台灣臺中市烏日區三和里三榮路一段486號8樓之1,,,,,,,,0,,,Công ty xây dựng
778,廣隆可居3,,,'0926501739,,,,542台灣南投縣草屯鎮碧山路1107巷12弄21號,,,,,,,,0,,,Công ty xây dựng
779,顯昌營造有限公司,,,'0492258981,,,,540台灣南投縣南投市平山里彰南路二段596巷59號,,,,,,,,0,,,Công ty xây dựng
780,錦昌鐵工廠,,,'0932551671,,,,542台灣南投縣草屯鎮新庄里新庄三路26巷18號,,,,,,,,0,,,Công ty xây dựng
781,哲國營造有限公司,,,'0492351538,,,,542台灣南投縣草屯鎮山腳里民生三街30巷41號,,,,,,,,0,,,Công ty xây dựng
782,邑全建設有限公司,,,,,,,412台灣臺中市大里區新仁里公教街209巷19號,,,,,,,,0,,,Công ty xây dựng
783,富築院 第三期,,,'0954069788,,,,520台灣彰化縣田中鎮復興里文武路三五巷32之9號,,,,,,,,0,,,Công ty xây dựng
784,鑫鴻揚開發建設有限公司,,,,,,,500台灣彰化縣彰化市安溪里福山街378號,,,,,,,,0,,,Công ty xây dựng
785,悅里仁,,,'0423385598,,,,10462台灣臺中市烏日區樂群二路210號,,,,,,,,0,,,Công ty xây dựng
786,泰洲建設有限公司,,,'0492202688,,,,540台灣南投縣南投市漳和里文化路378號,,,,,,,,0,,,Nhà thầu phụ công trình
787,碧山建設有限公司,,,'0492569773,,,,542台灣南投縣草屯鎮富寮里中正路557之19之16號,,,,,,,,0,,,Nhà thầu phụ công trình
788,宏益鋼構,,,,,,,413台灣臺中市霧峰區六股里峰谷路42號,,,,,,,,0,,,Công ty xây dựng
789,冠威建設有限公司,,,'0492311616,,,,542台灣南投縣草屯鎮炎峰里建國街12號,,,,,,,,0,,,Nhà thầu phụ công trình
790,右鼎建設有限公司,,,'0424951172,,,,412台灣臺中市大里區西湖里西湖路30號,,,,,,,,0,,,Công ty xây dựng
791,群合開發建設有限公司,,,'0492230111,,,,540台灣南投縣南投市軍功里軍功路169號之1號,,,,,,,,0,,,Nhà thầu phụ công trình
792,全泰金屬有限公司,,,'0982929170,,,,414台灣臺中市烏日區環河路二段,,,,,,,,0,,,Công ty xây dựng
793,巨陽建設股份有限公司,,,'0424730169,,,,414台灣臺中市烏日區三和里三榮路一段383號1樓,,,,,,,,0,,,Công ty xây dựng
794,吉峯營造有限公司,,,'0424933529,,,,412台灣臺中市大里區瑞城里瑞城一街86號,,,,,,,,0,,,Công ty xây dựng
795,曹心鳳家,,,'0932377476,,,,413台灣臺中市霧峰區南勢里中118-1鄉道9號,,,,,,,,0,,,Công ty xây dựng
796,聚悅建設股份有限公司,,,'0422765088,,,,412台灣臺中市大里區立仁里甲堤十二街13號,,,,,,,,0,,,Nhà thầu phụ công trình
797,大傅建設開發有限公司,,,'048390708,,,,510台灣彰化縣員林市南平里新生路562號1樓,,,,,,,,0,,,Công ty xây dựng
798,七碩建設聯合接待會館,,,'048390077,,,,510台灣彰化縣員林市南興里員林大道五段,,,,,,,,0,,,Đơn vị xây dựng nhà
799,寬心開發建設股份有限公司,,,'0492350708,,,,542台灣南投縣草屯鎮山腳里富林路二段28號542,,,,,,,,0,,,Công ty xây dựng
800,朝陽馥墅,,,,,,,413台灣臺中市霧峰區吉峰里民生路296巷,,,,,,,,0,,,Đơn vị xây dựng nhà
801,采翔建設,,,'0963279693,,,,557台灣南投縣竹山鎮延祥里鹿山路343號,,,,,,,,0,,,Công ty xây dựng
802,成功好好接待中心,,,,,,,412台灣臺中市大里區新里里德芳路三段58號,,,,,,,,0,,,Đơn vị xây dựng nhà
803,元盛三湛接待會館,,,'048336998,,,,510台灣彰化縣員林市萬年里員林大道二段240號,,,,,,,,0,,,Đơn vị xây dựng nhà
804,一畝田2期,,,'0900580688,,,,545台灣南投縣埔里鎮福興里公館路1號1-10號,,,,,,,,0,,,Đơn vị xây dựng nhà
805,吳師傅土水舊屋翻新,,,'0955387008,,,,545台灣南投縣埔里鎮清新里育德二街9號,,,,,,,,0,,,Đơn vị xây dựng nhà theo yêu cầu
806,頌曜營造工程有限公司,,,'0423385638,,,,414台灣臺中市烏日區三和里三榮路一段80號,,,,,,,,0,,,Công ty xây dựng
807,義力營造九德工務所,,,'0423371722,,,,414台灣臺中市烏日區九德里建國路665號,,,,,,,,0,,,Công ty công trình dân dụng / Kỹ thuật dân dụng
808,萬里營造有限公司,,,'0492551869,,,,542台灣南投縣草屯鎮南埔里青宅巷29-9號,,,,,,,,0,,,Công ty công trình dân dụng / Kỹ thuật dân dụng
809,功寶企業社,,,'0985425900,,,,413台灣臺中市霧峰區北柳里四德路376巷64號,,,,,,,,0,,,Công ty công trình dân dụng / Kỹ thuật dân dụng
810,羽傑工程有限公司,,,,,,,402台灣臺中市南區樹義里福田路129號,,,,,,,,0,,,Công ty công trình dân dụng / Kỹ thuật dân dụng
811,荃心建設銷售中心,,,'0492236999,,,,540台灣南投縣南投市康壽里復興路435號,,,,,,,,0,,,Công ty xây dựng
812,永隆工務所,,,'0905797057,,,,412台灣臺中市大里區永隆里永隆五街146號,,,,,,,,0,,,Công ty công trình dân dụng / Kỹ thuật dân dụng
813,豐碩營造有限公司,,,,,,,402台灣臺中市南區和昌街181號,,,,,,,,0,,,Công ty xây dựng
814,濟業營造工程有限公司,,,'0422628969,,,,402台灣臺中市南區永興里高工路132巷16號,,,,,,,,0,,,Đơn vị xây dựng nhà
815,通毅工程企業社,,,'0921340340,,,,540台灣南投縣南投市彰南路三段15號,,,,,,,,0,,,Công ty công trình dân dụng / Kỹ thuật dân dụng
816,柏漢修復工程行,,,'0983907055,,,,545台灣南投縣埔里鎮恆吉一路36號,,,,,,,,0,,,Dịch vụ phục hồi / trùng tu công trình
817,永裕居建設股份有限公司,,,'0226747422,,,,237台灣新北市三峽區龍學里學勤路23號2 樓,,,,,,,,0,,,Công ty xây dựng
818,立璟營造股份有限公司,,,'039533919,,,,269台灣宜蘭縣冬山鄉丸山村義成路二段114號,,,,,,,,0,,,Công ty xây dựng
819,朝洋營造有限公司,,,'039506832,,,,265台灣宜蘭縣羅東鎮新群里新群五路152號之1號,,,,,,,,0,,,Công ty xây dựng
820,裕隆建設,,,'0289199589,,,,231台灣新北市新店區寶興里中興路三段3號,,,,,,,,0,,,Công ty xây dựng
821,兆晉建設有限公司,,,'0222349797,,,,260台灣宜蘭縣宜蘭市南津里凱旋路129巷11號1樓,,,,,,,,0,,,Công ty xây dựng
822,城堡山莊,,,'0286666655,,,,231台灣新北市新店區下城里華城路73巷,,,,,,,,0,,,Đơn vị xây dựng nhà
823,麗都建設股份有限公司,,,'039351985,,,,260台灣宜蘭縣宜蘭市思源里農權路二段9號,,,,,,,,0,,,Công ty xây dựng
824,前鋒建設有限公司,,,'039501893,,,,265台灣宜蘭縣羅東鎮羅莊里光榮路30號,,,,,,,,0,,,Công ty xây dựng
825,豐田建設股份有限公司,,,'0226759201,,,,220台灣台灣省板橋區溪福里溪城路105號,,,,,,,,0,,,Công ty xây dựng
826,興璟泰建設股份有限公司,,,'039255111,,,,260台灣宜蘭縣宜蘭市建業里凱旋路518巷5號,,,,,,,,0,,,Nhà thầu phụ công trình
827,璞心建設股份有限公司,,,'039881568,,,,262台灣宜蘭縣礁溪鄉大忠村和平路48號,,,,,,,,0,,,Nhà thầu phụ công trình
828,佳恩營造實業有限公司,,,'039505297,,,,268台灣宜蘭縣五結鄉三興村穀倉路53號,,,,,,,,0,,,Công ty xây dựng
829,家祥營造有限公司,,,'039590817,,,,269台灣宜蘭縣冬山鄉香和村冬山路66巷19號,,,,,,,,0,,,Công ty xây dựng
830,景峰營造有限公司,,,'039610701,,,,265台灣宜蘭縣羅東鎮賢文里公正路289-3號9樓,,,,,,,,0,,,Nhà thầu phụ công trình
831,台揚建設有限公司,,,'0229132682,,,,231台灣新北市新店區新安里寶橋路85巷37號,,,,,,,,0,,,Nhà thầu phụ công trình
832,荷塘建設股份有限公司,,,'039288776,,,,260台灣宜蘭縣宜蘭市茭白里中山路五段197巷41號,,,,,,,,0,,,Nhà thầu phụ công trình
833,福容首學,,,'039576688,,,,265台灣宜蘭縣羅東鎮信義里純精路三段158號,,,,,,,,0,,,Đơn vị xây dựng nhà theo yêu cầu
834,名軒國家PARK,,,'039577788,,,,265台灣宜蘭縣羅東鎮樹林里豐年路39巷25號,,,,,,,,0,,,Đơn vị xây dựng nhà
835,品生活建設股份有限公司,,,'039386667,,,,265台灣宜蘭縣羅東鎮漢民里純精路二段109號1樓,,,,,,,,0,,,Đơn vị xây dựng nhà theo yêu cầu
836,群亦信義,,,'0912861915,,,,270台灣宜蘭縣蘇澳鎮永榮里信義路33號,,,,,,,,0,,,Đơn vị xây dựng nhà
837,上品敦富美境,,,'039680733,,,,269028台灣宜蘭縣冬山鄉永美村永鎮路 505巷18號,,,,,,,,0,,,Công ty xây dựng
838,富麗第建設-水源大院銷售中心,,,,,,,265台灣宜蘭縣羅東鎮成功里維揚路22號號,,,,,,,,0,,,Đơn vị xây dựng nhà theo yêu cầu
839,兆峯建築師事務所,,,'039227915,,,,264台灣宜蘭縣員山鄉惠好村尚惠路35巷17號,,,,,,,,0,,,Nhà thầu phụ công trình
840,健群水電,,,'0229137633,,,,231台灣新北市新店區五峯里中興路一段286號,,,,,,,,0,,,Nhà thầu phụ công trình
841,永鈦土木包工業,,,'039907100,,,,269台灣宜蘭縣冬山鄉大興村德興五路9號,,,,,,,,0,,,Công ty công trình dân dụng / Kỹ thuật dân dụng
842,巨鼎土木包工業瑋聖吊車,,,'0976875863,,,,264台灣宜蘭縣員山鄉湖東村茄苳路50-2號,,,,,,,,0,,,Công ty công trình dân dụng / Kỹ thuật dân dụng
843,金漢鑫營造廠股份有限公司,,,'039289789,,,,260台灣宜蘭縣宜蘭市菜園里崇聖街175號,,,,,,,,0,,,Công ty công trình dân dụng / Kỹ thuật dân dụng
844,能才工程行,,,'0989099541,,,,238台灣新北市樹林區東山里中山路二段151巷12-2號,,,,,,,,0,,,Công ty công trình dân dụng / Kỹ thuật dân dụng
845,銘鴻土木包工業,,,'039772336,,,,261台灣宜蘭縣頭城鎮港口里濱海路一段309號,,,,,,,,0,,,Công ty công trình dân dụng / Kỹ thuật dân dụng
846,安康工務所,,,'0222110338,,,,231台灣新北市新店區安和里安業街159號旁工務所,,,,,,,,0,,,Công ty công trình dân dụng / Kỹ thuật dân dụng
847,璞邑建設股份有限公司,,,'0426335888,,,,43448台灣臺中市龍井區新東里臺灣大道五段167號,,,,,,,,0,,,Công ty xây dựng
848,勇立興建築事業股份有限公司,,,'0425257000,,,,420台灣豐原區社皮里中正路858號,,,,,,,,0,,,Nhà thầu
849,甲旺營造工程股份有限公司,,,'0424373387,,,,406台灣臺中市北屯區軍功里旱溪東路三段91號,,,,,,,,0,,,Công ty xây dựng
850,萬泰雍建設股份有限公司,,,'0426801616,,,,437台灣臺中市大甲區南陽里水源路2之7號,,,,,,,,0,,,Công ty xây dựng
851,豪瀧建設有限公司,,,'037335082,,,,360台灣苗栗縣苗栗市文山里正發路212號360,,,,,,,,0,,,Công ty xây dựng
852,安城建設,,,,,,,433台灣臺中市沙鹿區三鹿里保成路330號,,,,,,,,0,,,Công ty xây dựng
853,興億建設有限公司,,,'0919744321,,,,358台灣苗栗縣苑裡鎮玉田里玉田5鄰72-9號,,,,,,,,0,,,Công ty xây dựng
854,竣奕建設有限公司,,,'0424222631,,,,406台灣北屯區仁和里山西北一街82號,,,,,,,,0,,,Công ty xây dựng
855,馨雅建設銷售中心,,,'0425652929,,,,428台灣臺中市大雅區員林里中清路四段358號,,,,,,,,0,,,Công ty xây dựng
856,淯璟建設公司,,,,,,,435台灣臺中市梧棲區草湳里自強二街96巷21號,,,,,,,,0,,,Công ty xây dựng
857,永大興建設有限公司 振昆營造有限公司,,,'0426816726,,,,437台灣臺中市大甲區孟春里通天路261巷17號2F,,,,,,,,0,,,Công ty xây dựng
858,勝家寶建設有限公司,,,'0919818289,,,,437台灣臺中市大甲區西岐里順帆路42-2號,,,,,,,,0,,,Công ty xây dựng
859,宏德建設股份有限公司,,,'0425152350,,,,420台灣臺中市豐原區西安里安和路72號,,,,,,,,0,,,Nhà thầu phụ công trình
860,名苑建設股份有限公司,,,'0426578111,,,,436台灣清水區民權一街,,,,,,,,0,,,Công ty xây dựng
861,井田營造工程有限公司,,,'0426226912,,,,436037台灣臺中市清水區秀水里五權路236號,,,,,,,,0,,,Công ty xây dựng
862,聯聚建設股份有限公司,,,'0423589189,,,,407台灣臺中市西屯區協和里安和一街89號,,,,,,,,0,,,Nhà thầu phụ công trình
863,WABOWE,,,,,,,435台灣臺中市梧棲區大村里文心街51巷50號,,,,,,,,0,,,Công ty xây dựng
864,德旺營造有限公司,,,'0425291777,,,,420台灣臺中市豐原區北陽里南陽路90號,,,,,,,,0,,,Công ty công trình dân dụng / Kỹ thuật dân dụng
865,能璽工程有限公司,,,'0980877971,,,,433台灣臺中市沙鹿區鹿峰里星海路15巷46號,,,,,,,,0,,,Công ty công trình dân dụng / Kỹ thuật dân dụng
866,峰業建設股份有限公司,,,'0425378599,,,,427台灣臺中市潭子區,,,,,,,,0,,,Nhà thầu phụ công trình
867,振捷建設有限公司,,,'037332872,,,,360台灣苗栗縣苗栗市中正路1082號,,,,,,,,0,,,Công ty xây dựng
868,銘上營造股份有限公司,,,'0422479889,,,,406台灣北屯區松茂里松山街174號,,,,,,,,0,,,Nhà thầu phụ công trình
869,旺茂建設有限公司,,,'037277107,,,,360台灣苗栗縣苗栗市宮前5號1樓,,,,,,,,0,,,Nhà thầu phụ công trình
870,阡鎰建設有限公司,,,,,,,435台灣臺中市梧棲區草湳里自強三街12巷28號,,,,,,,,0,,,Công ty xây dựng
871,晟翊建設股份有限公司,,,'0426577179,,,,435台灣梧棲區頂寮里大仁路二段363號,,,,,,,,0,,,Công ty xây dựng
872,府雅築6囍市接待會館,,,'037727977,,,,356台灣苗栗縣後龍鎮北龍里中華路46-33號,,,,,,,,0,,,Đơn vị xây dựng nhà theo yêu cầu
873,富德星耀接待中心,,,'0426318338,,,,433台灣臺中市沙鹿區鹿寮里中山路461之3號,,,,,,,,0,,,Đơn vị xây dựng nhà theo yêu cầu
874,上睿大甲湛-接待中心,,,'0426887979,,,,437台灣臺中市大甲區義和里中山路一段528號,,,,,,,,0,,,Đơn vị xây dựng nhà theo yêu cầu
875,享森,,,,,,,421台灣臺中市后里區墩西里三光路17號,,,,,,,,0,,,Đơn vị xây dựng nhà
876,新月盛,,,'0425131248,,,,420台灣臺中市豐原區南村里圓環東路703號12樓,,,,,,,,0,,,Đơn vị xây dựng nhà
877,晴越系列８ 晴越巨富,,,'0905099727,,,,437台灣臺中市大甲區順帆北路,,,,,,,,0,,,Đơn vị xây dựng nhà theo yêu cầu
878,麗豐大和,,,'0426627307,,,,435台灣臺中市梧棲區南簡里民和東街151號,,,,,,,,0,,,Đơn vị xây dựng nhà theo yêu cầu
879,呂家小窩,,,,,,,420台灣臺中市豐原區西湳里三豐路二段967巷181弄45好號,,,,,,,,0,,,Đơn vị xây dựng nhà theo yêu cầu
880,長昊建設有限公司,,,'037581781,,,,350012台灣苗栗縣竹南鎮大埔里公義路462巷56之1號,,,,,,,,0,,,Đơn vị xây dựng nhà theo yêu cầu
881,瑞秝工程有限公司,,,'0987287730,,,,350台灣苗栗縣竹南鎮大埔里大埔街137號,,,,,,,,0,,,Công ty công trình dân dụng / Kỹ thuật dân dụng
882,靚築楓墨接待中心,,,'0426801758,,,,438台灣臺中市外埔區大東里甲后路846號,,,,,,,,0,,,Đơn vị xây dựng nhà theo yêu cầu
883,住商不動產苑裡幸福店,,,'0906755636,,,,"苑裡, No. 60號博愛路苗栗市苗栗縣台灣 360",,,,,,,,0,,,Công ty xây dựng
884,景富土木工程,,,'0910578519,,,,429台灣臺中市神岡區圳堵里福成路90之6號,,,,,,,,0,,,Công ty công trình dân dụng / Kỹ thuật dân dụng
885,勝駿土木包工業,,,'0972890788,,,,434台灣臺中市龍井區田中里龍北路391巷96弄25號,,,,,,,,0,,,Công ty công trình dân dụng / Kỹ thuật dân dụng
886,聯興土木包工業,,,,,,,369台灣苗栗縣卓蘭鎮新厝里156號,,,,,,,,0,,,Công ty công trình dân dụng / Kỹ thuật dân dụng
887,鎮泰營造(大山分公司),,,,,,,356台灣苗栗縣後龍鎮大山里48-16號,,,,,,,,0,,,Công ty công trình dân dụng / Kỹ thuật dân dụng
888,昇岳工程行(怪手.地坪.資材室.卡車出租.小型工程),,,'0905124764,,,,363台灣苗栗縣公館鄉福基村242號,,,,,,,,0,,,Công ty công trình dân dụng / Kỹ thuật dân dụng
889,工意木作裝潢設計,,,'0966790192,,,,407台灣臺中市西屯區西平里逢甲路157號,,,,,,,,0,,,Công ty công trình dân dụng / Kỹ thuật dân dụng
890,金隆工程行,,,'0933433163,,,,435台灣臺中市梧棲區永寧里永興路一段654巷37號,,,,,,,,0,,,Công ty xây dựng
891,億峯營造有限公司,,,,,,,438台灣臺中市外埔區三崁里二崁路201巷9號,,,,,,,,0,,,Công ty công trình dân dụng / Kỹ thuật dân dụng
892,連信營造有限公司,,,'0426223271,,,,433台灣沙鹿區鹿峰里中山路780號,,,,,,,,0,,,Công ty xây dựng
893,赫鴻台中辦公室,,,,,,,434台灣臺中市龍井區三德里臨港路二段8號,,,,,,,,0,,,Công ty công trình dân dụng / Kỹ thuật dân dụng
894,冠佑營造股份有限公司,,,'0425366699,,,,42743台灣臺中市潭子區豐興路一段一巷6-11號,,,,,,,,0,,,Công ty xây dựng
895,宸鋒營造,,,'037274732,,,,360台灣苗栗縣苗栗市五谷路45-8號,,,,,,,,0,,,Công ty công trình dân dụng / Kỹ thuật dân dụng
896,宸興土木包工業,,,'0988652067,,,,407台灣臺中市西屯區至善里逢甲路225巷46號6號樓之2,,,,,,,,0,,,Đơn vị xây dựng nhà theo yêu cầu
897,鉅騰工程行,,,'0965159831,,,,438台灣臺中市外埔區土城里土城西路165號,,,,,,,,0,,,Công ty công trình dân dụng / Kỹ thuật dân dụng
898,勝傑園藝工程行,,,'0989563883,,,,366台灣苗栗縣銅鑼鄉中平村中興一街90巷7號,,,,,,,,0,,,Công ty công trình dân dụng / Kỹ thuật dân dụng
899,仁里建設有限公司,,,'0426228977,,,,436台灣臺中市清水區西社里鎮新五街55號,,,,,,,,0,,,Công ty xây dựng
900,禾田工程行｜（怪手、砂石車、整地、拆除、管路、土方處理等工程）,,,'0937771076,,,,360台灣苗栗縣苗栗市嘉新里五谷路21-3號,,,,,,,,0,,,Công ty công trình dân dụng / Kỹ thuật dân dụng
901,尚鋐營造有限公司,,,'0426821957,,,,437台灣臺中市大甲區太白里通天路145之13號,,,,,,,,0,,,Nhà thầu phụ công trình
902,鈺田營造,,,'0423590845,,,,407台灣臺中市西屯區福和里台灣大道四段671巷1弄65號,,,,,,,,0,,,Công ty xây dựng
903,吉隆營造有限公司,,,'0425679982,,,,407台灣臺中市西屯區廣福里廣興巷12號,,,,,,,,0,,,Nhà thầu phụ công trình
904,嘉鑫營造有限公司台61公務所,,,'037720636,,,,35645台灣苗栗縣後龍鎮大庄里9之31號號旁,,,,,,,,0,,,Công ty công trình dân dụng / Kỹ thuật dân dụng
905,聯和營造工程有限公司,,,,,,,369台灣苗栗縣卓蘭鎮新厝里156號,,,,,,,,0,,,Công ty công trình dân dụng / Kỹ thuật dân dụng
906,北屯區 挖土機 怪手 工程 拆除 整地 管溝,,,'0982215558,,,,40676台灣臺中市北屯區大德里平德路103巷16號,,,,,,,,0,,,Công ty công trình dân dụng / Kỹ thuật dân dụng
907,汰業工程股份有限公司 豪勝營造 萬庫土木,,,'0966810027,,,,427台灣臺中市潭子區福貴路,,,,,,,,0,,,Công ty công trình dân dụng / Kỹ thuật dân dụng
908,憲龍企業社,,,'0978612656,,,,358台灣苗栗縣苑裡鎮房裡里106之3號,,,,,,,,0,,,Công ty công trình dân dụng / Kỹ thuật dân dụng
909,佶隆營造有限公司,,,'0426915707,,,,432台灣臺中市大肚區蔗廍里中沙路163之 2號,,,,,,,,0,,,Nhà thầu phụ công trình
910,利陽工程行,,,'0931635222,,,,356台灣苗栗縣後龍鎮復興里建興路145號,,,,,,,,0,,,Công ty công trình dân dụng / Kỹ thuật dân dụng
911,三鼎國際建設股份有限公司,,,'0223316656,,,,10847台灣臺北市萬華區菜園里康定路46-5號,,,,,,,,0,,,Công ty xây dựng
912,璟都建設股份有限公司,,,'033169799,,,,330台灣桃園市桃園區同德里中正路1071號,,,,,,,,0,,,Công ty xây dựng
913,尊贏建設股份有限公司,,,'034269968,,,,320台灣桃園市中壢區芝芭里文智路86號,,,,,,,,0,,,Công ty xây dựng
914,大鑽建設有限公司,,,'0266058282,,,,24159台灣新北市三重區中興里重新路5段609巷14號8號樓之16,,,,,,,,0,,,Công ty xây dựng
915,建義建設開發股份有限公司,,,'0285213399,,,,242台灣新北市新莊區中原里中信街151號3樓,,,,,,,,0,,,Công ty xây dựng
916,京美建設股份有限公司,,,,,,,111台灣臺北市士林區天山里天母東路1之1號7樓,,,,,,,,0,,,Công ty xây dựng
917,新紘圖工程有限公司,,,,,,,112台灣臺北市北投區大業路517巷90號,,,,,,,,0,,,Công ty xây dựng
918,曜豐建設股份有限公司,,,,,,,111台灣臺北市士林區福安里延平北路七段106巷39號,,,,,,,,0,,,Công ty xây dựng
919,松濤禾苑,,,'0988131318,,,,32663台灣桃園市楊梅區豐野里民富路三段850號,,,,,,,,0,,,Đơn vị xây dựng nhà theo yêu cầu
920,宜誠豐光接待會館,,,'033687888,,,,334台灣桃園市八德區興豐路建德路口,,,,,,,,0,,,Đơn vị xây dựng nhà theo yêu cầu
921,莊敬綻,,,'034831887,,,,328013台灣桃園市觀音區草漯里莊敬路698號,,,,,,,,0,,,Đơn vị xây dựng nhà theo yêu cầu
922,天母靜好,,,'0228386978,,,,111台灣臺北市士林區蘭雅里中山北路六段236巷7號,,,,,,,,0,,,Đơn vị xây dựng nhà
923,大東室內裝修設計工程行,,,,,,,105台灣臺北市松山區龍田里延壽街402巷3弄19號,,,,,,,,0,,,Công ty xây dựng
924,莊敬瓏耀,,,'034837766,,,,32847台灣桃園市觀音區草漯里莊敬路130號,,,,,,,,0,,,Đơn vị xây dựng nhà theo yêu cầu
925,宇閎營建,,,'0938105460,,,,324台灣桃園市平鎮區北勢里莒光路92號,,,,,,,,0,,,Đơn vị xây dựng nhà theo yêu cầu
926,薪世紀5房屋銷售接待中心,,,'034761188,,,,32847台灣桃園市觀音區大觀路二段190之13號,,,,,,,,0,,,Đơn vị xây dựng nhà theo yêu cầu
927,松合苑５銷售中心,,,'034081888,,,,337台灣桃園市大園區學十街,,,,,,,,0,,,Đơn vị xây dựng nhà theo yêu cầu
928,雙晟營造,,,'0933782016,,,,324010台灣桃園市平鎮區高雙里高雙路68號,,,,,,,,0,,,Công ty công trình dân dụng / Kỹ thuật dân dụng
929,德豐權土木包工業有限公司,,,'0972331118,,,,325台灣桃園市龍潭區高楊南路96巷46弄2衖6號1樓,,,,,,,,0,,,Công ty công trình dân dụng / Kỹ thuật dân dụng
930,上琦工程行,,,'0989354035,,,,308台灣新竹縣寶山鄉嵩翠路,,,,,,,,0,,,Công ty công trình dân dụng / Kỹ thuật dân dụng
931,雄皓工程有限公司,,,,,,,330台灣桃園市桃園區樹仁一街57號2樓,,,,,,,,0,,,Công ty công trình dân dụng / Kỹ thuật dân dụng
932,德炘營造有限公司,,,,,,,220台灣新北市板橋區江翠里宏國路7號1樓,,,,,,,,0,,,Công ty công trình dân dụng / Kỹ thuật dân dụng
933,竹成基礎,,,'035991831,,,,304台灣新竹縣新豐鄉瑞興村5鄰號,,,,,,,,0,,,Công ty công trình dân dụng / Kỹ thuật dân dụng
934,九磊工程行,,,'0986263628,,,,10593台灣臺北市松山區新東街3巷一號一樓,,,,,,,,0,,,Công ty công trình dân dụng / Kỹ thuật dân dụng
935,萬智工程有限公司,,,'0937358050,,,,307台灣新竹縣芎林鄉文富街107號,,,,,,,,0,,,Công ty công trình dân dụng / Kỹ thuật dân dụng
936,羽雲工程有限公司,,,'0226195178,,,,249台灣新北市八里區埤頭里文昌五街3號1F,,,,,,,,0,,,Công ty công trình dân dụng / Kỹ thuật dân dụng
937,松田建設有限公司,,,'052287788,,,,600台灣嘉義市西區湖內里湖美一路687號2F,,,,,,,,0,,,Đơn vị xây dựng nhà
938,竹港逸墅,,,'067893918,,,,724台灣臺南市七股區26-68號,,,,,,,,0,,,Công ty xây dựng
939,兆邦建設,,,'053704679,,,,613台灣嘉義縣朴子市平和里大同東路106號,,,,,,,,0,,,Đơn vị xây dựng nhà
940,振偉開發新建大樓工區,,,,,,,741台灣臺南市善化區坐駕里自強路109-1號,,,,,,,,0,,,Công ty xây dựng
941,商捷建設股份有限公司,,,'052166333,,,,600台灣嘉義市東區中央里中山路285號,,,,,,,,0,,,Nhà thầu phụ công trình
942,北華土木包工業,,,'0972936488,,,,624台灣嘉義縣義竹鄉北華村84號,,,,,,,,0,,,Công ty công trình dân dụng / Kỹ thuật dân dụng
943,啟業營造-學甲工程,,,,,,,726台灣臺南市學甲區光華里,,,,,,,,0,,,Công ty công trình dân dụng / Kỹ thuật dân dụng
944,長達營造工程有限公司,,,'052687133,,,,608台灣嘉義縣水上鄉粗溪村20-189號,,,,,,,,0,,,Công ty xây dựng
945,可睿土木營造,,,,,,,600台灣嘉義市西區紅瓦里重慶二街205-11號,,,,,,,,0,,,Đơn vị xây dựng nhà
946,萬磊土木包工業,,,'0935136828,,,,737台灣臺南市鹽水區5-3號,,,,,,,,0,,,Công ty công trình dân dụng / Kỹ thuật dân dụng
947,遠揚營造曾文溪橋工務所,,,,,,,台灣臺南市七股區十份里55-5號旁工務所,,,,,,,,0,,,Công ty công trình dân dụng / Kỹ thuật dân dụng
948,同鋅工程有限公司,,,'053103398,,,,606台灣嘉義縣中埔鄉中正新邨186號1樓,,,,,,,,0,,,Công ty công trình dân dụng / Kỹ thuật dân dụng
949,裕連興營造有限公司,,,'066790965,,,,735台灣臺南市下營區627號,,,,,,,,0,,,Nhà thầu phụ công trình
950,上碒工程行,,,'0978715287,,,,709台灣臺南市安南區佃東里十二佃路146巷80弄5號,,,,,,,,0,,,Công ty công trình dân dụng / Kỹ thuật dân dụng
951,侑利土木營建工程,,,'052777758,,,,600台灣嘉義市東區後庄里東義路48巷22號,,,,,,,,0,,,Nhà thầu
952,玻璃修復,,,,,,,721台灣臺南市麻豆區大埕里文昌路39之3號39號-3號,,,,,,,,0,,,Đơn vị xây dựng nhà
953,金振發建設股份有限公司,,,'073319399,,,,806台灣高雄市前鎮區民權里一心一路241號5號樓之2,,,,,,,,0,,,Công ty xây dựng
954,禹順建設,,,'072223623,,,,800台灣高雄市新興區光耀里民生一路56號13號樓之1,,,,,,,,0,,,Công ty xây dựng
955,浤圃建設股份有限公司,,,'075508168,,,,804台灣高雄市左營區新上里博愛二路366號6 樓 之 2,,,,,,,,0,,,Công ty xây dựng
956,國城建設股份有限公司,,,'073323123,,,,806台灣高雄市前鎮區鎮北里復興四路2號11樓,,,,,,,,0,,,Công ty xây dựng
957,東台國際股份有限公司,,,'077330169,,,,802台灣高雄市苓雅區意誠里中華四路64號3樓,,,,,,,,0,,,Công ty xây dựng
958,京晏建設有限公司,,,'075529313,,,,804台灣高雄市鼓山區明誠里明華路317號10號樓之1,,,,,,,,0,,,Nhà thầu phụ công trình
959,建宜營造有限公司,,,'077327487,,,,833台灣高雄市鳥松區鳥松里松埔路58巷7號,,,,,,,,0,,,Công ty xây dựng
960,昕業建設股份有限公司,,,'073311767,,,,802台灣苓雅區廣澤里興中一路425號,,,,,,,,0,,,Công ty xây dựng
961,董座3期,,,'073966398,,,,812台灣高雄市小港區孔宅里孔宅三路33號,,,,,,,,0,,,Đơn vị xây dựng nhà theo yêu cầu
962,采益君品,,,'072854697,,,,801台灣高雄市前金區三川里自立一路13巷12號 號,,,,,,,,0,,,Đơn vị xây dựng nhà theo yêu cầu
963,淞潤開發有限公司,,,'0986660563,,,,80665台灣高雄市前鎮區明正里明鳳十六街五號,,,,,,,,0,,,Đơn vị xây dựng nhà theo yêu cầu
964,鑫瓚建設，詠翊工程行,,,'0928309908,,,,806台灣高雄市前鎮區瑞祥里崗山中街179號,,,,,,,,0,,,Đơn vị xây dựng nhà theo yêu cầu
965,壁昌營造有限公司(挖土機出租、地坪、水溝、圍牆、擋土牆等工程承包),,,'087799710,,,,912台灣屏東縣內埔鄉老埤村壽比路359巷79-7號,,,,,,,,0,,,Công ty công trình dân dụng / Kỹ thuật dân dụng
966,通展營造有限公司,,,'078031779,,,,812台灣高雄市小港區港興里福隆街71號,,,,,,,,0,,,Công ty công trình dân dụng / Kỹ thuật dân dụng
967,順裕綠能工程有限公司,,,'0933305932,,,,831台灣高雄市大寮區立榮街98之1B棟,,,,,,,,0,,,Công ty công trình dân dụng / Kỹ thuật dân dụng
968,十億營造股份有限公司,,,'075869990,,,,804台灣高雄市鼓山區龍水里中華一路352號12 樓,,,,,,,,0,,,Công ty công trình dân dụng / Kỹ thuật dân dụng
969,立邦土木包工業,,,,,,,932台灣屏東縣新園鄉五房村五房路7之1號,,,,,,,,0,,,Công ty công trình dân dụng / Kỹ thuật dân dụng
970,桂田建設有限公司,,,,,,,954台灣臺東縣卑南鄉賓朗村賓朗路302-7號,,,,,,,,0,,,Công ty xây dựng
971,福崗建設有限公司,,,,,,,950台灣臺東縣臺東市新生里仁二街309號,,,,,,,,0,,,Công ty xây dựng
972,德順昌建設股份有限公司,,,'089320067,,,,950台灣臺東縣臺東市強國里寶桑路50巷55弄20號,,,,,,,,0,,,Công ty xây dựng
973,鍠廷建設公司,,,'0919571681,,,,950台灣臺東縣臺東市中心里新生路593巷50號,,,,,,,,0,,,Công ty xây dựng
974,宗億營造-卑南工務所,,,,,,,954台灣臺東縣卑南鄉太平村,,,,,,,,0,,,Công ty xây dựng
975,第一里程碑,,,,,,,950台灣臺東縣卑南里台東市CB06第一里程碑,,,,,,,,0,,,Công ty xây dựng
976,佑穎營造有限公司,,,'089335976,,,,950台灣臺東縣臺東市東海里正氣北路161巷37號,,,,,,,,0,,,Công ty xây dựng
977,鹿野工地,,,,,,,955台灣臺東縣鹿野鄉鹿野村,,,,,,,,0,,,Công ty xây dựng
978,錦輝營造有限公司,,,'089322700,,,,950台灣臺東縣臺東市民生里杭州街185號,,,,,,,,0,,,Nhà thầu phụ công trình
979,日竣．建築/建材研製所,,,,,,,950台灣臺東縣臺東市中心里新生路447號,,,,,,,,0,,,Công ty xây dựng
980,鵬隆工程行,,,'0937579802,,,,958台灣臺東縣池上鄉福文村大同路竹林巷34之1號,,,,,,,,0,,,Công ty xây dựng
981,俊吉營造台東工務所,,,'089238728,,,,950台灣臺東縣臺東市南榮里志航路一段140號,,,,,,,,0,,,Công ty xây dựng
982,仟佑營造工程有限公司,,,'089232298,,,,950台灣臺東縣臺東市中興路一段632巷64弄1號,,,,,,,,0,,,Đơn vị xây dựng nhà
983,Aisaka ⟴ 地熱探測井,,,,,,,957台灣臺東縣海端鄉海端村,,,,,,,,0,,,Công ty xây dựng
984,宗億營造-鹿野工務所,,,,,,,955台灣臺東縣鹿野鄉瑞隆村,,,,,,,,0,,,Công ty xây dựng
985,廣承鷹架有限公司/房屋修繕承包/鷹架搭設/油漆防水-台東、屏東、高雄、台南。,,,'0988018678,,,,950台灣臺東縣臺東市豐榮路170巷59號屏東縣潮州鎮,,,,,,,,0,,,Nhà thầu
986,日出東方實業 | 太陽能板安裝,,,'089338697,,,,950台灣臺東縣臺東市民生里浙江路67號,,,,,,,,0,,,Công ty xây dựng
987,安倉營造 知本工務所,,,,,,,950台灣臺東縣豐田里台東市,,,,,,,,0,,,Công ty xây dựng
988,連益鐵工廠,,,,,,,955台灣臺東縣鹿野鄉龍田村南四路17號,,,,,,,,0,,,Công ty xây dựng
989,昕昌建設股份有限公司,,,'0912749198,,,,950台灣臺東縣臺東市永樂里山西路一段316號,,,,,,,,0,,,Công ty xây dựng
990,上宜工程行,,,,,,,950台灣臺東縣臺東市更生路514巷26號,,,,,,,,0,,,Công ty xây dựng
991,台東卑南景觀建地自售,,,'0928731741,,,,95494台灣臺東縣卑南鄉泰安村泰安519-3號,,,,,,,,0,,,Đơn vị xây dựng nhà theo yêu cầu
992,申甲營造工程有限公司,,,'089323735,,,,950台灣臺東縣臺東市強國里臨海路一段130號,,,,,,,,0,,,Nhà thầu phụ công trình
993,開楠營造有限公司,,,'089359575,,,,950台灣臺東縣臺東市豐里里成都南路424巷27號,,,,,,,,0,,,Nhà thầu phụ công trình
994,楊定建設,,,,,,,950台灣臺東縣臺東市豐榮里仁昌街222號一樓,,,,,,,,0,,,Công ty xây dựng
995,右昇建設有限公司,,,'089327099,,,,950台灣臺東縣臺東市豐安里仁昌街126號,,,,,,,,0,,,Nhà thầu phụ công trình
996,汎鴻水電工程有限公司,,,'089512223,,,,950台灣臺東縣臺東市知本里知本路三段140號,,,,,,,,0,,,Nhà thầu phụ công trình
997,寫景園綠化工程公司,,,'089222238,,,,950台灣臺東縣臺東市民族里更生路120號,,,,,,,,0,,,Công ty xây dựng
998,東濬營造有限公司,,,'089812371,,,,956台灣臺東縣關山鎮12號水源,,,,,,,,0,,,Nhà thầu phụ công trình
999,台東品祥發建設股份有限公司,,,'0935277872,,,,950台灣臺東縣臺東市岩灣里新站二街31號,,,,,,,,0,,,Công ty xây dựng
1000,力文室內裝修工程行,,,'089382438,,,,954台灣臺東縣卑南鄉東興村東園一街4號之1號,,,,,,,,0,,,Nhà thầu phụ công trình
1001,勝鴻工程行,,,'0908823665,,,,950台灣臺東縣臺東市南榮里青岛街123巷2號,,,,,,,,0,,,Công ty xây dựng
1002,廣進鷹架,,,'089812505,,,,956台灣臺東縣關山鎮豐泉里復興路112號,,,,,,,,0,,,Nhà thầu phụ công trình
1003,振坤工程行,,,'089311512,,,,950台灣臺東縣臺東市強國里精誠路77號,,,,,,,,0,,,Nhà thầu phụ công trình
1004,逸軒裝潢設計工作室,,,'0916782212,,,,950台灣臺東縣臺東市中正里中華路一段376巷5號,,,,,,,,0,,,Công ty xây dựng
1005,同興營造工程股份有限公司,,,'089530422,,,,959台灣臺東縣東河鄉30之3號號旁,,,,,,,,0,,,Nhà thầu phụ công trình
1006,寧波街,,,'089357067,,,,950台灣臺東縣臺東市民生里寧波街62巷21號,,,,,,,,0,,,Nhà thầu phụ công trình
1007,萬田 台東工務所,,,,,,,950台灣臺東縣臺東市富岡里志航路三段3-6號,,,,,,,,0,,,Công ty công trình dân dụng / Kỹ thuật dân dụng
1008,一大工程行,,,'0975854717,,,,950台灣臺東縣臺東市建農里大學路一段52巷7號,,,,,,,,0,,,Công ty công trình dân dụng / Kỹ thuật dân dụng
1009,禾申 勁霆（瑞和辦公室）,,,,,,,955台灣臺東縣鹿野鄉瑞和村瑞景路三段98號,,,,,,,,0,,,Công ty công trình dân dụng / Kỹ thuật dân dụng
1010,歐胤工坊（專業原民農工技研社）,,,,,,,95062台灣臺東縣臺東市新園里新園路434巷21-1號,,,,,,,,0,,,Công ty công trình dân dụng / Kỹ thuật dân dụng
1011,瑞順土木包工業,,,'0910757100,,,,906台灣屏東縣高樹鄉泰山村產業路,,,,,,,,0,,,Công ty công trình dân dụng / Kỹ thuật dân dụng
1012,富宸園土木包工業,,,'089322435,,,,950台灣臺東縣臺東市岩灣里新興路101巷63號,,,,,,,,0,,,Nhà thầu
1013,東丕營造股份有限公司股東(小港區),,,'078036317,,,,812台灣高雄市小港區港正里平和七路2號,,,,,,,,0,,,Công ty xây dựng
1014,漢鴻土木包工業有限公司（輕質泡沫混凝土、防水、隔熱、球場、跑道工程）,,,'0938381989,,,,700台灣臺南市中西區南美里西門路二段138號,,,,,,,,0,,,Công ty công trình dân dụng / Kỹ thuật dân dụng
1015,杜風仁武工務所,,,'0939292616,,,,815台灣高雄市大社區中里里鹽埕巷11之12號,,,,,,,,0,,,Công ty công trình dân dụng / Kỹ thuật dân dụng
1016,瑞鋒營造楠梓工務所(南科聯絡道),,,,,,,811台灣高雄市楠梓區金屬中心特約停車場對面工地,,,,,,,,0,,,Công ty công trình dân dụng / Kỹ thuật dân dụng
1017,鎮江工程行,,,,,,,830台灣高雄市鳳山區過埤里高鳳一路97號,,,,,,,,0,,,Công ty công trình dân dụng / Kỹ thuật dân dụng
1018,順亨營造三廠,,,'077881235,,,,831台灣高雄市大寮區過溪里光明路一段551-1號,,,,,,,,0,,,Công ty công trình dân dụng / Kỹ thuật dân dụng
1019,欣豪營造有限公司,,,,,,,812台灣高雄市小港區店鎮里下橫路5-7號號,,,,,,,,0,,,Công ty công trình dân dụng / Kỹ thuật dân dụng
1020,新連發開發營造有限公司,,,'076258358,,,,820台灣高雄市岡山區後紅里大仁南路152號,,,,,,,,0,,,Công ty công trình dân dụng / Kỹ thuật dân dụng
1021,鴻順營造有限公司(楠梓工務所),,,,,,,811台灣高雄市楠梓區藍田里大學南路267號,,,,,,,,0,,,Công ty công trình dân dụng / Kỹ thuật dân dụng
1022,程豐開發建設公司,,,'034904431,,,,324台灣桃園市平鎮區雙連里民族路雙連二段149號,,,,,,,,0,,,Công ty xây dựng
1023,昌傑建設股份有限公司,,,'035426851,,,,300台灣新竹市東區文華里北大路68號,,,,,,,,0,,,Công ty xây dựng
1024,萬鎮建設有限公司,,,,,,,324台灣桃園市平鎮區復旦里民族路二段251號,,,,,,,,0,,,Công ty xây dựng
1025,晁明建設有限公司,,,'036570595,,,,302台灣新竹縣竹北市中崙里科大二街39號1樓,,,,,,,,0,,,Công ty xây dựng
1026,大立都建設有限公司,,,'033266658,,,,333台灣桃園市龜山區南上里民生北路一段259-1號,,,,,,,,0,,,Nhà thầu phụ công trình
1027,立苗建設有限公司,,,'037551998,,,,350台灣苗栗縣竹南鎮竹興里博愛街437巷,,,,,,,,0,,,Đơn vị xây dựng nhà
1028,美麗房屋修繕團隊-美麗企業社,,,'0963398512,,,,320台灣桃園市中壢區新街里元化路275號4樓,,,,,,,,0,,,Đơn vị xây dựng nhà
1029,享耀6,,,'033860589,,,,337台灣桃園市大園區北港里自立二街11號,,,,,,,,0,,,Đơn vị xây dựng nhà theo yêu cầu
1030,新亦品社區,,,'034836298,,,,328009台灣桃園市觀音區草新一路125號,,,,,,,,0,,,Đơn vị xây dựng nhà theo yêu cầu
1031,民有一品,,,'034728181,,,,326台灣桃園市楊梅區員本里民有路一段478巷7弄28號,,,,,,,,0,,,Đơn vị xây dựng nhà theo yêu cầu
1032,東方帝國開發事業有限公司,,,'034665266,,,,320台灣桃園市中壢區普忠里環中東路772號,,,,,,,,0,,,Nhà thầu phụ công trình
1033,益昇福聚,,,'037471567,,,,350台灣苗栗縣竹南鎮守法街,,,,,,,,0,,,Đơn vị xây dựng nhà theo yêu cầu
1034,新金鑽,,,'034837676,,,,328013台灣桃園市觀音區草漯里福祥街18之6號,,,,,,,,0,,,Đơn vị xây dựng nhà theo yêu cầu
1035,尚好工程行 翰妤實業社 統一編號91566997,,,'0915308138,,,,324台灣桃園市平鎮區南勢里三興路59號平鎮市,,,,,,,,0,,,Đơn vị xây dựng nhà theo yêu cầu
1036,金弘建設聯合銷售中心,,,'035281160,,,,300台灣新竹市北區民富里經國路二段322號,,,,,,,,0,,,Đơn vị xây dựng nhà theo yêu cầu
1037,旭揚土木工程,,,'0976555525,,,,302台灣新竹縣竹北市白地里,,,,,,,,0,,,Công ty công trình dân dụng / Kỹ thuật dân dụng
1038,子陽工程行,,,'0934215293,,,,308台灣新竹縣寶山鄉新城村寶新路二段169巷1號,,,,,,,,0,,,Công ty công trình dân dụng / Kỹ thuật dân dụng
1039,高鐵新竹工務所,,,,,,,302台灣新竹縣竹北市蓮華巷,,,,,,,,0,,,Công ty công trình dân dụng / Kỹ thuật dân dụng
1040,欣億土木工程行,,,'0987620966,,,,350台灣苗栗縣竹南鎮中華里新生路271號,,,,,,,,0,,,Công ty công trình dân dụng / Kỹ thuật dân dụng
1041,名里工程有限公司,,,'036223912,,,,302台灣新竹縣竹北市東海里東海一街250之2號,,,,,,,,0,,,Công ty công trình dân dụng / Kỹ thuật dân dụng
1042,日月人力工程行,,,,,,,300台灣新竹市東區南門里勝利路126號2樓,,,,,,,,0,,,Công ty công trình dân dụng / Kỹ thuật dân dụng
1043,元耕建設有限公司,,,'087809862,,,,920台灣屏東縣潮州鎮光華里上海路62號,,,,,,,,0,,,Công ty xây dựng
1044,泰一全建設有限公司,,,'087550666,,,,900台灣屏東縣屏東市一心里自立路100號,,,,,,,,0,,,Công ty xây dựng
1045,屏東潮州潮興房屋改建工作室,,,'0985002419,,,,920台灣屏東縣潮州鎮永春里長榮街20巷25號,,,,,,,,0,,,Đơn vị xây dựng nhà theo yêu cầu
1046,良悅一二,,,'087334688,,,,912台灣屏東縣內埔鄉內埔村陽濟路19號,,,,,,,,0,,,Đơn vị xây dựng nhà
1047,一起悠活,,,'087621567,,,,908台灣屏東縣長治鄉德協村中興路720-2號,,,,,,,,0,,,Công ty xây dựng
1048,禾硯建設開發,,,'087515589,,,,900台灣屏東縣屏東市永安里建興南路2-1號,,,,,,,,0,,,Công ty xây dựng
1049,良羣建設股份有限公司,,,'087653189,,,,900台灣屏東縣屏東市北興里公裕街152巷1弄1號,,,,,,,,0,,,Nhà thầu phụ công trình
1050,居岩福砌,,,,,,,913台灣屏東縣萬丹鄉上村村和平西路777號,,,,,,,,0,,,Công ty xây dựng
1051,昀昇土木包工業工程有限公司,,,'087899595,,,,920台灣屏東縣潮州鎮八爺里萬祥巷7號,,,,,,,,0,,,Công ty công trình dân dụng / Kỹ thuật dân dụng
1052,伍元工程行-高雄屏東老屋翻新|水電工程|衛浴翻修|油漆裝潢|泥作工程|採光罩|自地自建|鐵皮工程,,,'0965445990,,,,913台灣屏東縣萬丹鄉四維村金龍街168號,,,,,,,,0,,,Công ty công trình dân dụng / Kỹ thuật dân dụng
1053,啟康工程有限公司,,,'087329901,,,,920台灣屏東縣潮州鎮光華里光華一巷20號1樓,,,,,,,,0,,,Công ty công trình dân dụng / Kỹ thuật dân dụng
1054,威順建設(股)公司,,,,,,,905台灣屏東縣里港鄉春林村中山南路3-6號,,,,,,,,0,,,Công ty xây dựng
1055,黃冠工程行,,,,,,,908台灣屏東縣長治鄉德榮村煙墩巷22之37號,,,,,,,,0,,,Công ty xây dựng
1056,登禾工程行,,,'0905300192,,,,912台灣屏東縣內埔鄉美和村陽明路10號,,,,,,,,0,,,Công ty công trình dân dụng / Kỹ thuật dân dụng
1057,申翔土木,,,'087930800,,,,900台灣屏東縣屏東市大同里民族路72-4號,,,,,,,,0,,,Công ty xây dựng
1058,雲暻土木包工業,,,'0989316080,,,,912台灣屏東縣內埔鄉線內埔鄉龍潭村昭勝路146號1樓,,,,,,,,0,,,Công ty công trình dân dụng / Kỹ thuật dân dụng
1059,宗億營造有限公司-屏北辦事處,,,'087328319,,,,900台灣屏東縣屏東市崇陽里崇勝二街1號,,,,,,,,0,,,Công ty công trình dân dụng / Kỹ thuật dân dụng
1060,皇 富 工 程 行,,,'0958522609,,,,912台灣屏東縣內埔鄉龍泉村中勝路150號,,,,,,,,0,,,Công ty công trình dân dụng / Kỹ thuật dân dụng
1061,和欣工程行,,,'0927761266,,,,907台灣屏東縣鹽埔鄉振興村博愛街31號,,,,,,,,0,,,Công ty xây dựng
1062,雄富,,,,,,,913台灣屏東縣萬丹鄉大功路,,,,,,,,0,,,Công ty công trình dân dụng / Kỹ thuật dân dụng
1063,軒名工程行,,,'0917953791,,,,845台灣高雄市內門區永富里富田35-1號,,,,,,,,0,,,Công ty công trình dân dụng / Kỹ thuật dân dụng
1064,旺霖土木包工業,,,'0972338671,,,,845台灣高雄市內門區溝坪里廣福213號1樓,,,,,,,,0,,,Công ty công trình dân dụng / Kỹ thuật dân dụng
1065,彥通工程,,,'0933602467,,,,913台灣屏東縣萬丹鄉萬安村大學路800巷26號,,,,,,,,0,,,Công ty công trình dân dụng / Kỹ thuật dân dụng
1066,順堡營造有限公司,,,'087885668,,,,920台灣屏東縣潮州鎮彭城里三城路206號920,,,,,,,,0,,,Công ty xây dựng
1067,鼎祐營造有限公司,,,'076665538,,,,842台灣高雄市旗山區南洲里旗南二路85-12 號,,,,,,,,0,,,Công ty xây dựng
1068,新亞建設美濃施工處,,,'076850940,,,,843台灣高雄市美濃區獅山里龜山街28-5號,,,,,,,,0,,,Công ty xây dựng
1069,益詳企業行:怪手整地/填土/擋土牆/圍籬/拆除施工,,,'0918027884,,,,928台灣屏東縣東港鎮內關帝里興東路43-52號,,,,,,,,0,,,Công ty công trình dân dụng / Kỹ thuật dân dụng
1070,千弘工程行,,,'0983386395,,,,831台灣高雄市大寮區內坑里鳳林二路381巷453巷4號,,,,,,,,0,,,Đơn vị xây dựng nhà theo yêu cầu
1071,詠域有限公司 高雄房屋裝修 高雄屋頂防水 高雄外牆拉皮 土木工程,,,'073103211,,,,807台灣高雄市三民區鼎泰里鼎瑞街121號1樓,,,,,,,,0,,,Đơn vị xây dựng nhà theo yêu cầu
1072,祐宸工程行,,,'0956036027,,,,813台灣高雄市左營區站前南路47號,,,,,,,,0,,,Công ty xây dựng
1073,詮盛營造有限公司:屏東擋土牆、土木工程,,,'088324826,,,,932台灣屏東縣新園鄉興龍村興南路8號,,,,,,,,0,,,Công ty xây dựng
1074,德林建設股份有限公司,,,'0227078199,,,,106台灣臺北市大安區義安里敦化南路二段59號號 19 樓,,,,,,,,0,,,Công ty xây dựng
1075,新高建設股份有限公司,,,'0227075580,,,,106台灣大安區德安里敦化南路1段314號,,,,,,,,0,,,Công ty xây dựng
1076,三立建設股份有限公司,,,'0223629111,,,,"12樓, No. 227號羅斯福路三段大安區臺北市台灣 106",,,,,,,,0,,,Công ty xây dựng
1077,升豐土木工程行,,,'0229225774,,,,234台灣新北市永和區正興里豫溪街33號,,,,,,,,0,,,Đơn vị xây dựng nhà
1078,甲申由工程,,,,,,,338台灣桃園市蘆竹區中興里中興路206號,,,,,,,,0,,,Công ty công trình dân dụng / Kỹ thuật dân dụng
1079,烽勝營造股份有限公司,,,,,,,320台灣桃園市中壢區洽溪里永園路一段502號,,,,,,,,0,,,Công ty công trình dân dụng / Kỹ thuật dân dụng
1080,柏盛土木工程,,,'0977050644,,,,206台灣基隆市七堵區大德路,,,,,,,,0,,,Công ty công trình dân dụng / Kỹ thuật dân dụng
1081,寬埕建設股份有限公司,,,'0423168778,,,,40751台灣臺中市西屯區何源里華美西街二段311號5F-1,,,,,,,,0,,,Công ty xây dựng
1082,惠捷營造工程有限公司,,,'0423768118,,,,403台灣臺中市西區土庫里存中街44號,,,,,,,,0,,,Dịch vụ phục hồi / trùng tu công trình
1083,朔暘工程行,,,,,,,402台灣臺中市南區西川里崇倫北街176巷2號4F,,,,,,,,0,,,Dịch vụ phục hồi / trùng tu công trình
1084,展才營造股份有限公司,,,'035233555,,,,300台灣新竹市北區台溪里中山路467號4樓,,,,,,,,0,,,Công ty xây dựng
1085,頂立建設有限公司,,,'037722353,,,,350台灣苗栗縣竹南鎮大埔里科專六路288號1樓,,,,,,,,0,,,Công ty xây dựng
1086,未來里建設會館 Urban Stonehenge,,,'035508388,,,,302台灣新竹縣竹北市中興里嘉豐五路一段171號,,,,,,,,0,,,Công ty xây dựng
1087,泰欣營造股份有限公司,,,'035306557,,,,300台灣新竹市香山區香山里元培街94號,,,,,,,,0,,,Công ty xây dựng
1088,鴻翰營造股份有限公司,,,'035222993,,,,300台灣新竹市北區水田里中正路158號,,,,,,,,0,,,Công ty xây dựng
1089,寶田建設有限公司,,,,,,,300台灣新竹市北區金華里田美三街58巷1號,,,,,,,,0,,,Công ty xây dựng
1090,好好建築股份有限公司︱營造統包︱自地自建︱建商施工管理,,,'0921623206,,,,30274台灣新竹縣竹北市六家五路二段117號1樓,,,,,,,,0,,,Công ty xây dựng
1091,雲隆建設有限公司,,,'035338209,,,,300台灣新竹市東區前溪里公道五路三段425號,,,,,,,,0,,,Công ty xây dựng
1092,皇統營造有限公司,,,'0905883390,,,,308台灣新竹縣寶山鄉雙新村環南路201號之8,,,,,,,,0,,,Công ty xây dựng
1093,大晶建設開發有限公司,,,'035357688,,,,300008台灣新竹市北區金華里田美三街58巷13號,,,,,,,,0,,,Công ty xây dựng
1094,瑞聚建設/品卓開發,,,'036573588,,,,302台灣新竹縣竹北市中興里文興路一段65號,,,,,,,,0,,,Công ty xây dựng
1095,信維科技建設股份有限公司,,,'036683449,,,,302台灣新竹縣竹北市中興里嘉豐十一路一段29號,,,,,,,,0,,,Công ty xây dựng
1096,大新竹建設實業有限公司,,,'035250606,,,,300台灣新竹市北區民富里少年街33號,,,,,,,,0,,,Nhà thầu phụ công trình
1097,万弘營造有限公司,,,'035336069,,,,30002台灣新竹市東區前溪里中華路一段248號,,,,,,,,0,,,Công ty xây dựng
1098,德鴻營造有限公司,,,,,,,302台灣新竹縣竹北市東海里東興路二段196巷38號,,,,,,,,0,,,Công ty xây dựng
1099,鑫風營造有限公司,,,,,,,"1樓, No. 335號文興路鹿場里竹北市新竹縣台灣 302",,,,,,,,0,,,Công ty công trình dân dụng / Kỹ thuật dân dụng
1100,吉壹建設股份有限公司,,,'035227666,,,,300台灣新竹市北區民富里少年街37號,,,,,,,,0,,,Công ty xây dựng
1101,富立預拌混凝土股份有限公司,,,'035302500,,,,300台灣新竹市香山區中隘里中華路六段703巷19弄7號,,,,,,,,0,,,Công ty xây dựng
1102,冠輝營造股份有限公司,,,'035428475,,,,300台灣新竹市東區復興里自由路67號7號樓之一,,,,,,,,0,,,Công ty xây dựng
1103,碩太建設有限公司,,,'035249988,,,,300台灣新竹市北區曲溪里崧嶺路111號,,,,,,,,0,,,Công ty xây dựng
1104,東星駿業建設有限公司,,,'035335789,,,,300台灣新竹市東區東園里中華路二段49號,,,,,,,,0,,,Nhà thầu phụ công trình
1105,淳豐建設有限公司,,,'036583248,,,,302050台灣新竹縣竹北市鹿場里自強五路255號,,,,,,,,0,,,Công ty xây dựng
1106,冠軍開發建設有限公司,,,'035585120,,,,302台灣新竹縣竹北市斗崙里縣政二路20號,,,,,,,,0,,,Nhà thầu phụ công trình
1107,光華時上接待中心,,,'035356666,,,,300台灣新竹市北區光華里光華一街63號,,,,,,,,0,,,Đơn vị xây dựng nhà
1108,富宇泰和社區,,,,,,,302台灣新竹縣竹北市東平里六家五路一段161號,,,,,,,,0,,,Đơn vị xây dựng nhà
1109,璞澄建設股份有限公司,,,'037728080,,,,35648台灣苗栗縣後龍鎮校椅里高鐵六路592-1號,,,,,,,,0,,,Công ty xây dựng
1110,仟祥建設有限公司,,,'036585777,,,,302台灣新竹縣竹北市中興里嘉豐七街145號,,,,,,,,0,,,Nhà thầu phụ công trình
1111,昱誠建設,,,'035396239,,,,300台灣新竹市北區虎山里延平路二段673號,,,,,,,,0,,,Công ty xây dựng
1112,宏偉拆除工程行- 桃園 新竹 苗栗-拆除打石工程/老舊房屋建物拆除/廠房辦公室拆除/百貨撤櫃拆除/店面拆除/裝潢拆除/廢棄物清運/人力派遣,,,'0963750297,,,,302台灣新竹縣竹北市大義里鳳岡路二段150巷50弄12號,,,,,,,,0,,,Nhà thầu
1113,中華工程,,,,,,,304台灣新竹縣新豐鄉新豐村西濱公路284號,,,,,,,,0,,,Công ty xây dựng
1114,竹泰營造有限公司,,,'035331891,,,,300台灣新竹市北區舊社里湳雅街311巷36弄12號,,,,,,,,0,,,Đơn vị xây dựng nhà theo yêu cầu
1115,彩軒文軒,,,,,,,35603台灣苗栗縣後龍鎮溪洲里勝利路8號鄰1 1 9巷1 3號,,,,,,,,0,,,Đơn vị xây dựng nhà theo yêu cầu
1116,半畝塘,,,'036673000,,,,302台灣新竹縣竹北市東興里光明六路東二段95號,,,,,,,,0,,,Công ty xây dựng
1117,大有土建工程,,,'0933151976,,,,302台灣新竹縣竹北市北興里勝利八街一段227號3樓之一,,,,,,,,0,,,Đơn vị xây dựng nhà theo yêu cầu
1118,秐豐建設,,,'035335355,,,,30285台灣新竹縣竹北市斗崙里縣政二路南段91號,,,,,,,,0,,,Công ty xây dựng
1119,匡宏開發 土木包工業,,,'0912618257,,,,360台灣苗栗縣苗栗市建功里忠孝路146號3樓,,,,,,,,0,,,Công ty công trình dân dụng / Kỹ thuật dân dụng
1120,曆陽工程行,,,,,,,350台灣苗栗縣竹南鎮天文里龍山路二段98巷3號,,,,,,,,0,,,Công ty công trình dân dụng / Kỹ thuật dân dụng
1121,健揚土木包工業,,,'0933460208,,,,350台灣苗栗縣竹南鎮中英里復興路547巷55號,,,,,,,,0,,,Công ty xây dựng
1122,穎川工程,,,'0936258519,,,,300台灣新竹市東區高峰里高翠路277巷2弄6號,,,,,,,,0,,,Công ty công trình dân dụng / Kỹ thuật dân dụng
1123,駿江工程有限公司,,,'0928479900,,,,350台灣苗栗縣竹南鎮大厝里全天路179之2號,,,,,,,,0,,,Công ty công trình dân dụng / Kỹ thuật dân dụng
1124,攻頂建設,,,'0424224580,,,,406台灣臺中市北屯區仁和里松竹北二街161號,,,,,,,,0,,,Công ty xây dựng
1125,泰御建設股份有限公司,,,'0423580588,,,,408台灣臺中市南屯區精科三路,,,,,,,,0,,,Công ty xây dựng
1126,澄石建設有限公司（必優德建設）,,,'0422302309,,,,406台灣臺中市北屯區水景里松竹五路二段89號,,,,,,,,0,,,Công ty xây dựng
1127,禹田禾建設股份有限公司,,,'0425250098,,,,420台灣臺中市豐原區豐圳里圓環西路158號,,,,,,,,0,,,Công ty xây dựng
1128,磐鈺建設-接待會館,,,'0423228268,,,,408台灣臺中市南屯區惠中里大墩十二街266號,,,,,,,,0,,,Công ty xây dựng
1129,品森建設有限公司83711370,,,'0492330028,,,,542台灣南投縣草屯鎮中山里太平路二段73號1F,,,,,,,,0,,,Công ty xây dựng
1130,柚昇土木包工業,,,'0963013975,,,,428台灣臺中市大雅區上楓里雅楓街36號,,,,,,,,0,,,Công ty công trình dân dụng / Kỹ thuật dân dụng
1131,華鈿建設,,,,,,,260台灣宜蘭縣宜蘭市建業里縣政西路85號,,,,,,,,0,,,Công ty xây dựng
1132,祥豪建設股份有限公司,,,'039951451,,,,270台灣宜蘭縣蘇澳鎮聖愛里志成路365號,,,,,,,,0,,,Công ty xây dựng
1133,鞍就邑營造工程有限公司,,,,,,,260台灣宜蘭縣宜蘭市民族里健康路三段83號,,,,,,,,0,,,Công ty xây dựng
1134,常偉營造股份有限公司,,,'039546378,,,,265台灣宜蘭縣羅東鎮南昌里站前南路278號1樓,,,,,,,,0,,,Công ty xây dựng
1135,大衛建設有限公司,,,'039602708,,,,268台灣宜蘭縣五結鄉孝威二路,,,,,,,,0,,,Nhà thầu phụ công trình
1136,成發營造有限公司,,,'039366317,,,,260台灣宜蘭縣宜蘭市神農里自強新路91號3樓,,,,,,,,0,,,Công ty xây dựng
1137,悅誠建設有限公司,,,'039605798,,,,268台灣宜蘭縣五結鄉福興村五結路三段102巷6號,,,,,,,,0,,,Nhà thầu phụ công trình
1138,風勁建設有限公司,,,'039888657,,,,262台灣宜蘭縣礁溪鄉白雲村白雲六路15號,,,,,,,,0,,,Nhà thầu phụ công trình
1139,力陽開發室內設計空間規劃公司,,,,,,,268台灣宜蘭縣五結鄉五結村五結中路二段423巷6弄8號,,,,,,,,0,,,Công ty xây dựng
1140,富森基地位置 （別墅與華廈）,,,'039659699,,,,268台灣宜蘭縣五結鄉二結村中正路三段47巷10弄75號,,,,,,,,0,,,Đơn vị xây dựng nhà
1141,奭宜工程有限公司,,,'0921366285,,,,260台灣宜蘭縣宜蘭市七結里農權路三段163巷1弄47號6 樓,,,,,,,,0,,,Công ty xây dựng
1142,俊貿營造有限公司,,,'039333633,,,,260台灣宜蘭縣宜蘭市思源里女中路三段633號,,,,,,,,0,,,Nhà thầu phụ công trình
1143,冠宏土木工程,,,'039601676,,,,265台灣宜蘭縣羅東鎮南豪里興東南路95號,,,,,,,,0,,,Dịch vụ phục hồi / trùng tu công trình
1144,日立營造,,,'039606826,,,,265台灣宜蘭縣羅東鎮新群里新群一路128號,,,,,,,,0,,,Công ty xây dựng
1145,易山營造股份有限公司,,,,,,,260台灣宜蘭縣宜蘭市茭白里中山路五段197巷41號,,,,,,,,0,,,Công ty công trình dân dụng / Kỹ thuật dân dụng
1146,蘭陽營造有限公司,,,,,,,268台灣宜蘭縣五結鄉三興村三興西路186號,,,,,,,,0,,,Công ty xây dựng
1147,百達工程整合,,,,,,,260台灣宜蘭縣宜蘭市茭白里中山路五段151巷6號,,,,,,,,0,,,Công ty công trình dân dụng / Kỹ thuật dân dụng
1148,協通建設有限公司-鵬翔營造有限公司,,,'039373017,,,,260台灣宜蘭縣宜蘭市南津里中山路一段707號,,,,,,,,0,,,Công ty xây dựng
1149,新豐營造有限公司,,,'039583758,,,,269台灣宜蘭縣冬山鄉南興村冬山路一段858號2F,,,,,,,,0,,,Công ty xây dựng
1150,洋品工程行,,,'0906770600,,,,261台灣宜蘭縣頭城鎮濱海路三段七七號,,,,,,,,0,,,Công ty công trình dân dụng / Kỹ thuật dân dụng
1151,昶勝工程行,,,'0911902827,,,,263台灣宜蘭縣壯圍鄉吉祥村莊敬路30-3號,,,,,,,,0,,,Công ty công trình dân dụng / Kỹ thuật dân dụng
1152,川禾富居No.20銷售中心,,,'039311577,,,,260台灣宜蘭縣宜蘭市新生里宜興路三段49號,,,,,,,,0,,,Công ty xây dựng
1153,炘駐營造有限公司(炘鉅建設),,,'039226863,,,,264台灣宜蘭縣員山鄉深溝村深洲路180巷17號,,,,,,,,0,,,Nhà thầu phụ công trình
1154,順盈營造有限公司,,,'039531686,,,,265台灣宜蘭縣羅東鎮樹林里公正路326號1樓,,,,,,,,0,,,Nhà thầu phụ công trình
1155,晨宇機電工程有限公司,,,'0905037127,,,,268台灣宜蘭縣五結鄉中興村中里路180巷78號,,,,,,,,0,,,Công ty công trình dân dụng / Kỹ thuật dân dụng
1156,田茂營造事業有限公司,,,'039617024,,,,265台灣宜蘭縣羅東鎮西安里純精路一段27號,,,,,,,,0,,,Công ty xây dựng
1157,日昌營造有限公司,,,'039355393,,,,260台灣宜蘭縣宜蘭市思源里民族路525巷25號號 1樓,,,,,,,,0,,,Công ty xây dựng
1158,沐漁營建管理公司,,,'0919366383,,,,427台灣臺中市潭子區潭陽里福潭路450巷13號,,,,,,,,0,,,Công ty xây dựng
1159,拓建營造股份有限公司,,,'0422635860,,,,408台灣臺中市南屯區龍富三街123號,,,,,,,,0,,,Công ty xây dựng
1160,奕宏工程行,,,'0912181008,,,,433台灣臺中市沙鹿區鹿峰里星海路15巷15-5號,,,,,,,,0,,,Công ty công trình dân dụng / Kỹ thuật dân dụng
1161,廣元切割、鑽孔、高壓灌注,,,'0955230568,,,,411台灣臺中市太平區中政里中興路113巷39弄27號,,,,,,,,0,,,Công ty công trình dân dụng / Kỹ thuật dân dụng
1162,召明營造工程股份有限公司,,,'0435032486,,,,403台灣西區中興里公益路130號,,,,,,,,0,,,Đơn vị xây dựng nhà
1163,樂鴻抿石工程行,,,'0939343152,,,,544台灣南投縣國姓鄉長流村大長路574之1號1樓,,,,,,,,0,,,Công ty công trình dân dụng / Kỹ thuật dân dụng
1164,冠珹營造有限公司,,,,,,,408台灣臺中市南屯區永定里益文一街36號,,,,,,,,0,,,Công ty công trình dân dụng / Kỹ thuật dân dụng
1165,瑞溪營造股份有限公司,,,,,,,429台灣臺中市神岡區大社里大漢街63巷28號,,,,,,,,0,,,Công ty công trình dân dụng / Kỹ thuật dân dụng
1166,霍虎企業社,,,'0968387265,,,,503台灣彰化縣花壇鄉崙雅村花秀路557號,,,,,,,,0,,,Công ty công trình dân dụng / Kỹ thuật dân dụng
1167,定宏營造股份有限公司,,,'0422541901,,,,407台灣臺中市西屯區潮洋里市政北二路236號12F-3,,,,,,,,0,,,Công ty công trình dân dụng / Kỹ thuật dân dụng
1168,澄翰實業有限公司烏日工務所,,,'0423370647,,,,414台灣臺中市烏日區三和里學田路便行巷268之1號,,,,,,,,0,,,Công ty công trình dân dụng / Kỹ thuật dân dụng
1169,正華工程行,,,'0983605921,,,,411台灣臺中市太平區新光里振英街30巷17號,,,,,,,,0,,,Công ty công trình dân dụng / Kỹ thuật dân dụng
1170,振旺營造有限公司/土木包工業/廠房建設/排水溝.搭排工程/擋土牆工程,,,'0911958797,,,,503台灣彰化縣花壇鄉北口村口庄街340巷38號,,,,,,,,0,,,Công ty xây dựng
1171,立群營造工程有限公司,,,'047991122,,,,509台灣彰化縣伸港鄉什股村建國二街108號,,,,,,,,0,,,Công ty xây dựng
1172,上校水管工程行,,,'047627985,,,,500台灣彰化縣彰化市磚磘里線東路一段293巷288號,,,,,,,,0,,,Công ty công trình dân dụng / Kỹ thuật dân dụng
1173,文昌營造工程有限公司,,,'0424759781,,,,408台灣南屯區同心里五權西路二段236號,,,,,,,,0,,,Công ty xây dựng
1174,陽玥 整體粉光,,,,,,,506台灣彰化縣福興鄉二港村福正路21巷29號,,,,,,,,0,,,Công ty công trình dân dụng / Kỹ thuật dân dụng
1175,立峰土木包工業有限公司,,,'0422606855,,,,402台灣南區永興里工學路59巷13號,,,,,,,,0,,,Nhà thầu phụ công trình
1176,順捷營造有限公司,,,'0423330998,,,,413台灣臺中市霧峰區六股里峰谷路47號,,,,,,,,0,,,Công ty xây dựng
1177,金鋒營造有限公司KingHome,,,'0422210246,,,,403台灣臺中市西區公民里忠仁街104號,,,,,,,,0,,,Công ty xây dựng
1178,敦柏建設股份有限公司,,,'073230485,,,,807台灣高雄市三民區德北里九如二路597號,,,,,,,,0,,,Công ty xây dựng
1179,澐之森-德盟建設,,,'073747773,,,,814台灣高雄市仁武區赤山里赤富街13號,,,,,,,,0,,,Đơn vị xây dựng nhà
1180,稻田營造汐東工務所(捷運工地圍籬內鐵皮屋)(出入口位於福德三路上),,,,,,,221台灣新北市汐止區中興里中興路226-5號原玉鼎福餐廳停車場,,,,,,,,0,,,Công ty công trình dân dụng / Kỹ thuật dân dụng
1181,宏義工程股份有限公司,,,'0227718965,,,,106台灣臺北市大安區光武里復興南路一段135巷27號4號樓之3,,,,,,,,0,,,Công ty xây dựng
1182,KAJIMA 台北MRT故宮シールド工事事務所 [北環状線CF690B（故宮）工区],,,,,,,111台灣臺北市士林區臨溪里力行街11號號 旁,,,,,,,,0,,,Công ty công trình dân dụng / Kỹ thuật dân dụng
1183,皇昌營造士林施工處,,,,,,,111台灣臺北市士林區福志里志成街18號,,,,,,,,0,,,Công ty công trình dân dụng / Kỹ thuật dân dụng
1184,北部舊屋翻新裝潢、裝修工程,,,'0961303192,,,,112台灣台北市 北投區中央北路4段456巷2弄1號,,,,,,,,0,,,Nhà thầu phụ công trình
1185,冠宥建設有限公司,,,'038533329,,,,973台灣花蓮縣吉安鄉南昌村昌隆一街48號,,,,,,,,0,,,Công ty xây dựng
1186,大中室內裝修設計工程,,,'0986230099,,,,970台灣花蓮縣花蓮市中正路436號,,,,,,,,0,,,Công ty xây dựng
1187,宗貿建設有限公司,,,,,,,973台灣花蓮縣吉安鄉仁安村南海三街113號1樓,,,,,,,,0,,,Công ty xây dựng
1188,峪灃營造股份有限公司,,,'038512305,,,,973台灣花蓮縣吉安鄉宜昌村吉祥四街1號號 1樓,,,,,,,,0,,,Công ty xây dựng
1189,毅楓建設有限公司,,,'038541528,,,,973台灣花蓮縣吉安鄉東昌村東海六街32號1樓,,,,,,,,0,,,Công ty xây dựng
1190,義慶營造有限公司,,,'038343315,,,,970台灣花蓮縣花蓮市主睦里和平路326號,,,,,,,,0,,,Công ty xây dựng
1191,立弘工程行,,,'038662272,,,,974台灣花蓮縣壽豐鄉志學村志昌街20巷16號,,,,,,,,0,,,Công ty xây dựng
1192,瑞展營造有限公司,,,'038527418,,,,973台灣花蓮縣吉安鄉稻香村廣賢路一段800號,,,,,,,,0,,,Công ty xây dựng
1193,藝境空間設計工程行,,,'0931643968,,,,54550台灣南投縣埔里鎮枇杷里東榮路450號,,,,,,,,0,,,Công ty xây dựng
1194,蓮躍景觀設計有限公司｜樹木修剪、褐根病及病蟲害診斷治療｜庭院維護設計｜怪手吊車施工及出租｜土方.植物買賣及施工｜,,,'0905190088,,,,973台灣花蓮縣吉安鄉干城村吉豐路五段53號,,,,,,,,0,,,Nhà thầu
1195,榮橋建設有限公司,,,'038542888,,,,973台灣花蓮縣吉安鄉東昌村東海十街251號,,,,,,,,0,,,Công ty xây dựng
1196,日信建設股份有限公司,,,'0492980026,,,,545台灣南投縣埔里鎮枇杷里東興一街285號,,,,,,,,0,,,Nhà thầu phụ công trình
1197,鑑蓮建設,,,'0925656939,,,,973台灣花蓮縣吉安鄉吉安村吉興路一段50號,,,,,,,,0,,,Công ty xây dựng
1198,凱星營造有限公司,,,'038525885,,,,973台灣花蓮縣吉安鄉南昌村吉興路一段117號,,,,,,,,0,,,Công ty xây dựng
1199,大愷土木包工業,,,'0963823737,,,,545台灣南投縣埔里鎮水頭里東潤路62之5號,,,,,,,,0,,,Công ty xây dựng
1200,明泰營造有限公司,,,'0492997861,,,,545台灣南投縣埔里鎮枇杷里中心路60號之8號,,,,,,,,0,,,Đơn vị xây dựng nhà
1201,元鼎營造有限公司,,,'038328788,,,,970台灣花蓮縣花蓮市主權里榮正街271巷35號,,,,,,,,0,,,Công ty xây dựng
1202,永騰企業社,,,'0937167051,,,,974台灣花蓮縣壽豐鄉壽豐村中山路六段41號,,,,,,,,0,,,Công ty xây dựng
1203,有晟機械工程行,,,,,,,973台灣花蓮縣吉安鄉仁安村南海六街18之2號,,,,,,,,0,,,Công ty xây dựng
1204,辰政營造有限公司,,,'038650226,,,,974台灣花蓮縣壽豐鄉豐裡村中山路295號,,,,,,,,0,,,Công ty xây dựng
1205,錦德建設,,,,,,,973台灣花蓮縣吉安鄉,,,,,,,,0,,,Nhà thầu
1206,元建築山蒔粼粼接待所,,,'0492906669,,,,545台灣南投縣埔里鎮大湳里信義路12號,,,,,,,,0,,,Công ty xây dựng
1207,佳宏有限公司,,,'0963463388,,,,545台灣南投縣埔里鎮大湳里虎耳一街38號,,,,,,,,0,,,Công ty xây dựng
1208,旭曜建設,,,,,,,970台灣花蓮縣花蓮市,,,,,,,,0,,,Nhà thầu phụ công trình
1209,甚美天嵐,,,'0905760677,,,,545台灣南投縣埔里鎮大湳七街161號旁基地,,,,,,,,0,,,Công ty xây dựng
1210,天悅麒麟居,,,,,,,545台灣南投縣埔里鎮大湳里新興巷11之8號,,,,,,,,0,,,Công ty xây dựng
1211,台雄建設,,,,,,,973台灣花蓮縣吉安鄉,,,,,,,,0,,,Nhà thầu
1212,錦全建設股份有限公司,,,'038512678,,,,973台灣花蓮縣吉安鄉仁和村海岸路236號,,,,,,,,0,,,Nhà thầu phụ công trình
1213,信福土包工業,,,'038705365,,,,976台灣花蓮縣光復鄉大馬村林森路173號,,,,,,,,0,,,Nhà thầu phụ công trình
1214,尊品門建設有限公司,,,'038540518,,,,973台灣花蓮縣吉安鄉仁里村吉豐路一段12號,,,,,,,,0,,,Nhà thầu phụ công trình
1215,湛工房室內裝修工作室,,,,,,,973台灣花蓮縣吉安鄉宜昌村南山五街148號,,,,,,,,0,,,Công ty xây dựng
1216,立中室內裝修工程行,,,'0912224876,,,,973台灣花蓮縣吉安鄉光華村光華七街36號973,,,,,,,,0,,,Công ty xây dựng
1217,祥和工程行,,,'038520291,,,,973台灣花蓮縣吉安鄉福興村福昌路780-3號,,,,,,,,0,,,Công ty xây dựng
1218,雅比斯工程行,,,'038420345,,,,973台灣花蓮縣吉安鄉南昌村仁光65號,,,,,,,,0,,,Công ty xây dựng
1219,台灣創新發展股份有限公司,,,'038421507,,,,973台灣花蓮縣吉安鄉光華村華工三路與號華工六路90巷交叉口的工地,,,,,,,,0,,,Nhà thầu phụ công trình
1220,非凡地產有限公司,,,'038362166,,,,970台灣花蓮縣花蓮市主安里重慶路153號,,,,,,,,0,,,Nhà thầu phụ công trình
1221,致立營造有限公司,,,'0492420512,,,,545台灣南投縣埔里鎮杷城里東興一街77號,,,,,,,,0,,,Nhà thầu phụ công trình
1222,羽全工程有限公司,,,'038875060,,,,978台灣花蓮縣瑞穗鄉瑞穗村富貴路29號,,,,,,,,0,,,Nhà thầu phụ công trình
1223,紘鼎營造有限公司,,,'0492903146,,,,545台灣南投縣埔里鎮東門里中華路70號,,,,,,,,0,,,Nhà thầu phụ công trình
1224,花蓮組合屋,,,'0911320592,,,,973台灣花蓮縣吉安鄉太昌村太昌路463巷35號,,,,,,,,0,,,Công ty xây dựng
1225,武界壩排洪設施改造及更新工程-施工所,,,,,,,546台灣南投縣仁愛鄉,,,,,,,,0,,,Công ty xây dựng
1226,新祥工程行,,,'0975102252,,,,973台灣花蓮縣吉安鄉仁和村南海七街239號,,,,,,,,0,,,Công ty công trình dân dụng / Kỹ thuật dân dụng
1227,東鼎營造工程有限公司,,,'038326307,,,,970台灣花蓮縣花蓮市主力里鎮國街11號,,,,,,,,0,,,Nhà thầu phụ công trình
1228,奧林匹克營造有限公司,,,'038311188,,,,970台灣花蓮縣花蓮市主工里民國路5巷8號,,,,,,,,0,,,Nhà thầu phụ công trình
1229,得寶土木包工業,,,'038539991,,,,973台灣花蓮縣吉安鄉吉安村吉興二街328號,,,,,,,,0,,,Nhà thầu
1230,鈺翔營造有限公司,,,'038529225,,,,973台灣花蓮縣吉安鄉仁里村中山路一段42號,,,,,,,,0,,,Công ty xây dựng
1231,東誠營造有限公司,,,'038326902,,,,"3樓, No. 33號國風街國風里花蓮市花蓮縣台灣 970",,,,,,,,0,,,Nhà thầu phụ công trình
1232,民儒營造有限公司,,,'038356084,,,,970台灣花蓮縣花蓮市國治里光復街83號,,,,,,,,0,,,Nhà thầu
1233,東方文明有限公司,,,'0963938578,,,,974台灣花蓮縣壽豐鄉豐坪村豐坪村豐坪路一段16巷6弄8號,,,,,,,,0,,,Công ty xây dựng
1234,東岳營造有限公司,,,'0492980223,,,,545台灣南投縣埔里鎮薰化里西寧路14號,,,,,,,,0,,,Nhà thầu phụ công trình
1235,睿新營造有限公司,,,'038536196,,,,973台灣花蓮縣吉安鄉北昌村自立路二段77號,,,,,,,,0,,,Công ty xây dựng
1236,洽和土木包工業,,,'038576699,,,,973台灣花蓮縣吉安鄉北昌村莊敬路123號,,,,,,,,0,,,Đơn vị xây dựng nhà
1237,員達營造有限公司,,,'038343803,,,,970台灣花蓮縣花蓮市國聯里國興五街118號,,,,,,,,0,,,Công ty xây dựng
1238,振輝土木包工業,,,'038312062,,,,970台灣花蓮縣花蓮市主睦里南京街162號,,,,,,,,0,,,Nhà thầu phụ công trình
1239,堃鴻建設,,,,,,,880台灣澎湖縣馬公市,,,,,,,,0,,,Nhà thầu
1240,品俋建設,,,,,,,880台灣澎湖縣馬公市,,,,,,,,0,,,Nhà thầu phụ công trình
1241,文武企業工程行,,,'0987461016,,,,885台灣澎湖縣湖西鄉城北村56號之1,,,,,,,,0,,,Công ty xây dựng
1242,龍峰預拌混凝土有限公司,,,'069211115,,,,880台灣澎湖縣馬公市西文里203縣道107號,,,,,,,,0,,,Nhà thầu
1243,闕逸華,,,'069210145,,,,880台灣澎湖縣馬公市96號之4前貨櫃,,,,,,,,0,,,Nhà thầu phụ công trình
1244,澎湖公司,,,,,,,880台灣澎湖縣馬公市東文里文山路166號,,,,,,,,0,,,Công ty xây dựng
1245,豪信預拌混凝土有限公司,,,'069219167,,,,880台灣澎湖縣馬公市西文里文學路221號,,,,,,,,0,,,Công ty xây dựng
1246,歆絜建設股份有限公司澎湖分公司澎湖分公司,,,'069211745,,,,880台灣澎湖縣馬公市東文里文山路27巷8號,,,,,,,,0,,,Nhà thầu phụ công trình
1247,澎雄營造工程有限公司,,,'069278543,,,,880台灣澎湖縣馬公市石泉里石泉1-801號,,,,,,,,0,,,Nhà thầu
1248,黃德和,,,'069212002,,,,880台灣澎湖縣馬公市16號之1,,,,,,,,0,,,Nhà thầu phụ công trình
1249,春越營造股份有限公司澎湖辦事處澎湖辦事處,,,'069218669,,,,880台灣澎湖縣馬公市東文里文山路27巷8號9號樓之1,,,,,,,,0,,,Nhà thầu phụ công trình
1250,澎湖-陳董,,,,,,,880台灣澎湖縣馬公市山水里,,,,,,,,0,,,Công ty xây dựng
1251,昌億預拌混凝土有限公司,,,'069921188,,,,885台灣澎湖縣湖西鄉湖東村湖東90號,,,,,,,,0,,,Công ty xây dựng
1252,金正室內設計,,,'0910799575,,,,台灣澎湖縣湖西鄉成功村1-59號,,,,,,,,0,,,Công ty xây dựng
1253,福誠營造工程有限公司,,,'069218168,,,,880台灣澎湖縣馬公東文里文學路330巷18號,,,,,,,,0,,,Nhà thầu
1254,楷翔企業行,,,'069217475,,,,台灣澎湖縣馬公市西衛里421號,,,,,,,,0,,,Công ty xây dựng
1255,旺立企業行,,,'069921588,,,,885台灣澎湖縣湖西鄉4號,,,,,,,,0,,,Nhà thầu phụ công trình
1256,隆恩企業行,,,'069216363,,,,885台灣澎湖縣湖西鄉52-2號,,,,,,,,0,,,Nhà thầu phụ công trình
1257,正寅企業行,,,'069216773,,,,880台灣澎湖縣馬公市92號之50,,,,,,,,0,,,Nhà thầu phụ công trình
1258,陸豐企業行,,,'069216797,,,,880台灣澎湖縣馬公市78號,,,,,,,,0,,,Nhà thầu phụ công trình
1259,隘門水電,,,'0982766888,,,,885台灣澎湖縣湖西鄉851號,,,,,,,,0,,,Đơn vị xây dựng nhà
1260,百總工程股份有限公司,,,'069260637,,,,880台灣澎湖縣馬公市光復里新營路25號之1號,,,,,,,,0,,,Nhà thầu phụ công trình
1261,億東營造股份有限公司,,,'0229184270,http://www.itcbuild.com.tw/,,,231台灣新北市新店區寶中路94號5樓之2,,,,,,,,0,,,Công ty xây dựng
1262,龍曜企業行,,,'069213462,,,,880台灣澎湖縣馬公市1號之26,,,,,,,,0,,,Nhà thầu phụ công trình
1263,銘常水電工程有限公司,,,'069228793,,,,"28, No. 880朝阳路41巷馬公市澎湖縣台灣",,,,,,,,0,,,Nhà thầu phụ công trình
1264,景園建設企業行,,,'069273891,,,,880008台灣澎湖縣馬公市光復里中華路54-2號2樓,,,,,,,,0,,,Công ty xây dựng
1265,上境科技股份有限公司,,,'069228873,,,,880台灣澎湖縣馬公市171號,,,,,,,,0,,,Nhà thầu phụ công trình
1266,旺慶防水工程行,,,'069951658,,,,880台灣澎湖縣馬公市五德里鎖港里65號,,,,,,,,0,,,Nhà thầu phụ công trình
1267,澎穩企業有限公司,,,'069951520,,,,880台灣澎湖縣馬公市58號之70,,,,,,,,0,,,Nhà thầu phụ công trình
1268,維聲企業,,,,,,,885台灣澎湖縣湖西鄉,,,,,,,,0,,,Công ty xây dựng
1269,文安營造工程有限公司,,,'069271898,,,,880台灣澎湖縣馬公市長安里中正路93巷8號,,,,,,,,0,,,Nhà thầu phụ công trình
1270,興發企業行,,,'069221688,,,,880台灣澎湖縣馬公市東文里文山路103巷3號4號樓之1,,,,,,,,0,,,Nhà thầu phụ công trình
1271,宗榮企業行,,,,,,,885台灣澎湖縣湖西鄉湖西村湖西92之15號1樓,,,,,,,,0,,,Công ty công trình dân dụng / Kỹ thuật dân dụng
1272,和平營造工程股份有限公司,,,'069212418,,,,880台灣澎湖縣馬公市石泉里石泉2-40號,,,,,,,,0,,,Công ty xây dựng
1273,拓凱營造有限公司,,,'0928170778,,,,885台灣澎湖縣湖西鄉成功村大城北5-23號,,,,,,,,0,,,Công ty xây dựng
1274,富旺悅榕花園,,,'055965858,,,,630台灣雲林縣斗南鎮僑真里南昌西路210巷26號,,,,,,,,0,,,Công ty xây dựng
1275,鄉林營造工程股份有限公司,,,'055320653,,,,640台灣雲林縣斗六市公正里凱旋街1號,,,,,,,,0,,,Công ty xây dựng
1276,鴻廷開發建設有限公司,,,,,,,630台灣雲林縣斗南鎮靖興里靖南路79號,,,,,,,,0,,,Công ty xây dựng
1277,臻藝營造有限公司,,,'057825151,,,,651台灣雲林縣北港鎮樹腳里52-12號號,,,,,,,,0,,,Công ty xây dựng
1278,普登建築師事務所,,,,,,,542台灣南投縣草屯鎮芬草路三段73號,,,,,,,,0,,,Công ty xây dựng
1279,遠拓建設有限公司,,,'055517811,,,,640台灣雲林縣斗六市八德里@路601號科隊,,,,,,,,0,,,Nhà thầu phụ công trình
1280,嘉銘營造有限公司,,,'055955167,,,,630台灣雲林縣斗南鎮新光里光榮路26號,,,,,,,,0,,,Công ty xây dựng
1281,翔富二林建設有限公司,,,'048967779,,,,526台灣彰化縣二林鎮儒雅段0042-0000地號,,,,,,,,0,,,Nhà thầu phụ công trình
1282,寬庭開發建築股份有限公司-馬光綻3期,,,'056656558,,,,633台灣雲林縣土庫鎮馬光路與光榮路口,,,,,,,,0,,,Công ty xây dựng
1283,欣燁建設開發有限公司,,,'048923533,,,,523台灣彰化縣埤頭鄉崙腳村華泰五街261巷17號,,,,,,,,0,,,Nhà thầu phụ công trình
1284,鴻錩鋼構,,,'056226303,,,,632台灣雲林縣虎尾鎮頂溪里頂竹圍21-3號3之12號,,,,,,,,0,,,Công ty xây dựng
1285,高點建設有限公司,,,'057812460,,,,615台灣嘉義縣六腳鄉270號之5,,,,,,,,0,,,Đơn vị xây dựng nhà
1286,全線通信工程,,,'055220106,,,,640台灣雲林縣斗六市溝埧里泰安路3號,,,,,,,,0,,,Công ty xây dựng
1287,第壹發展事業有限公司,,,'0920702705,,,,514台灣彰化縣溪湖鎮大竹里東環路126號,,,,,,,,0,,,Công ty xây dựng
1288,富和豐建設有限公司,,,'055973132,,,,640台灣雲林縣斗六市保庄里保庄段586地號,,,,,,,,0,,,Nhà thầu phụ công trình
1289,台富隆昌,,,'055960488,,,,630043台灣雲林縣斗南鎮明昌里隆昌街118號,,,,,,,,0,,,Đơn vị xây dựng nhà
1290,公園家大樓管理委員會,,,'056362070,,,,632台灣雲林縣虎尾鎮新吉里工專路281 號,,,,,,,,0,,,Đơn vị xây dựng nhà
1291,仰雲安縵 建築基地,,,'056322999,,,,632台灣雲林縣虎尾鎮墾地里虎興西八路368號,,,,,,,,0,,,Đơn vị xây dựng nhà
1292,正佳營造有限公司,,,'055335546,,,,640台灣雲林縣斗六市成功里榮譽路52號,,,,,,,,0,,,Công ty xây dựng
1293,漢寶工業城銷售中心,,,,,,,652台灣雲林縣水林鄉顏思齊大道（縣道164） 與號水林外環路交叉口,,,,,,,,0,,,Công ty xây dựng
1294,梠藝建設有限公司,,,'052167767,,,,600台灣嘉義市東區芳安里,,,,,,,,0,,,Công ty xây dựng
1295,欣志營造有限公司,,,,,,,600台灣嘉義市西區福民里世賢路三段319號,,,,,,,,0,,,Công ty công trình dân dụng / Kỹ thuật dân dụng
1296,盛霖營造有限公司,,,,,,,632台灣雲林縣虎尾鎮延平里003鄰號78號,,,,,,,,0,,,Công ty công trình dân dụng / Kỹ thuật dân dụng
1297,盟立工程行(盟立鷹架),,,'048953032,,,,526台灣彰化縣二林鎮後厝里新華巷11號,,,,,,,,0,,,Đơn vị xây dựng nhà
1298,巧聖室內裝修工程有限公司,,,'0918331004,,,,522台灣彰化縣田尾鄉田尾鄉村民權路270巷109號,,,,,,,,0,,,Công ty xây dựng
1299,豐利工程行,,,'055989292,,,,649台灣雲林縣二崙鄉楊賢村楊賢路9-5號,,,,,,,,0,,,Công ty công trình dân dụng / Kỹ thuật dân dụng
1300,翰樺營造有限公司,,,,,,,600台灣嘉義市西區上海路298號,,,,,,,,0,,,Công ty xây dựng
1301,工正營造有限公司,,,'056980596,,,,636台灣雲林縣臺西鄉海北村民權路11巷1號之20號,,,,,,,,0,,,Nhà thầu phụ công trình
1302,瑋林營造有限公司,,,'055826013,,,,646台灣雲林縣古坑鄉西平村中山路294號,,,,,,,,0,,,Công ty xây dựng
1303,駿昇土木包工業,,,'056971539,,,,634台灣雲林縣褒忠鄉埔姜村三民路195巷5號,,,,,,,,0,,,Nhà thầu
1304,佑宣工程行,,,,,,,638台灣雲林縣麥寮鄉麥津村,,,,,,,,0,,,Công ty xây dựng
1305,祐成土木工程有限公司,,,'052289688,,,,600台灣嘉義市西區垂楊里新民路707巷15號,,,,,,,,0,,,Nhà thầu phụ công trình
1306,拓金工程有限公司,,,'0935337789,,,,523台灣彰化縣埤頭鄉合興村彰水路三段450號,,,,,,,,0,,,Công ty công trình dân dụng / Kỹ thuật dân dụng
1307,金同益工程行,,,'057826565,,,,651台灣雲林縣北港鎮75,,,,,,,,0,,,Công ty công trình dân dụng / Kỹ thuật dân dụng
1308,川愷房屋修改統包,,,'0916159562,,,,621台灣嘉義縣民雄鄉621文隆村18鄰1之33號,,,,,,,,0,,,Đơn vị xây dựng nhà
1309,守創建設,,,'066322496,,,,731台灣臺南市後壁區頂安里105-100號,,,,,,,,0,,,Công ty xây dựng
1310,真毅營造 嘉科工務所,,,,,,,612台灣嘉義縣太保市嘉58鄉道1號號出入口,,,,,,,,0,,,Công ty xây dựng
1311,展星企業社,,,'0970211203,,,,730台灣臺南市新營區新進路69號二樓,,,,,,,,0,,,Công ty công trình dân dụng / Kỹ thuật dân dụng
1312,三久營造有限公司,,,'052536977,,,,台灣嘉義縣中埔鄉中埔村76-2號,,,,,,,,0,,,Công ty xây dựng
1313,禕誠營造有限公司,,,,,,,613台灣嘉義縣朴子市永和里150-97號,,,,,,,,0,,,Công ty xây dựng
1314,根基營造AP7工務所_嘉義,,,,,,,612台灣嘉義縣太保市東勢里嘉58鄉道500號,,,,,,,,0,,,Công ty xây dựng
1315,唐莊工程行,,,'0422716775,,,,411台灣臺中市太平區永隆里光興路401巷20弄46號,,,,,,,,0,,,Dịch vụ phục hồi / trùng tu công trình
1316,登聰號營造股份有限公司,,,'0425222710,,,,420台灣臺中市豐原區西安里中正路353巷8弄18號,,,,,,,,0,,,Đơn vị xây dựng nhà theo yêu cầu
1317,澄都建設有限公司,,,'053716687,,,,612台灣嘉義縣太保市太保里2-10號,,,,,,,,0,,,Công ty xây dựng
1318,萬善建設,,,'065712775,,,,721001台灣臺南市麻豆區油車里新生北路307號,,,,,,,,0,,,Công ty xây dựng
1319,嘉邑建設有限公司,,,'053622680,,,,612台灣嘉義縣太保市安仁里太保三路81號1樓,,,,,,,,0,,,Công ty xây dựng
1320,邱英峰建築師事務所,,,'052293658,,,,600台灣嘉義市西區劉厝里大利街256號,,,,,,,,0,,,Công ty xây dựng
1321,誠真映月接待中心,,,,,,,710台灣臺南市永康區塩興里仁愛街56號,,,,,,,,0,,,Công ty xây dựng
1322,同一工業,,,'065812359,,,,741台灣臺南市善化區文正里陽明路57巷,,,,,,,,0,,,Công ty công trình dân dụng / Kỹ thuật dân dụng
1323,震澄工程有限公司（鑿井）,,,'0956216310,,,,613台灣嘉義縣朴子市佳禾里6號,,,,,,,,0,,,Công ty công trình dân dụng / Kỹ thuật dân dụng
1324,承岱土木包工業有限公司,,,'065743897,,,,714台灣臺南市玉井區玉田里中山路61號1樓,,,,,,,,0,,,Công ty công trình dân dụng / Kỹ thuật dân dụng
1325,富立發工程 鋼板 鋪路鐵板出租 鋼軌,,,'0989951063,,,,741台灣臺南市善化區士宏新村8號,,,,,,,,0,,,Công ty công trình dân dụng / Kỹ thuật dân dụng
1326,登泰海事工程股份有限公司,,,'066901350,,,,720台灣臺南市官田區渡拔里50號,,,,,,,,0,,,Công ty công trình dân dụng / Kỹ thuật dân dụng
1327,湶富工程行,,,'0907508120,,,,721台灣臺南市麻豆區客子寮41號,,,,,,,,0,,,Công ty công trình dân dụng / Kỹ thuật dân dụng
1328,嘉竑工程有限公司,,,,,,,725台灣臺南市將軍區西甲里西華6567號,,,,,,,,0,,,Công ty công trình dân dụng / Kỹ thuật dân dụng
1329,乾翔建設股份有限公司,,,'053711190,,,,612台灣嘉義縣太保市太保里112之46號,,,,,,,,0,,,Công ty xây dựng
1330,金田營造有限公司,,,'062474394,,,,709台灣臺南市安南區淵中里安中路四段157號,,,,,,,,0,,,Công ty xây dựng
1331,啟業營造股份有限公司,,,'066020666,,,,744台灣臺南市新市區永就里光華街5-98號,,,,,,,,0,,,Công ty công trình dân dụng / Kỹ thuật dân dụng
1332,甲南營造有限公司,,,'052162587,,,,600台灣嘉義市東區安寮里興業東路90號,,,,,,,,0,,,Nhà thầu phụ công trình
1333,繁華工程有限公司,,,'066565448,,,,730台灣臺南市新營區三仙里育德九街8號,,,,,,,,0,,,Nhà thầu phụ công trình
1334,慈龍營造工程有限公司,,,'065718062,,,,721台灣麻豆區36號,,,,,,,,0,,,Nhà thầu phụ công trình
1335,嘉賢專業鋼構有限公司,,,'053711660,,,,608台灣嘉義縣水上鄉港尾里塗溝村下塗溝22-20號,,,,,,,,0,,,Công ty xây dựng
1336,威駿室內裝修工程,,,'0901039402,,,,723台灣臺南市西港區,,,,,,,,0,,,Công ty xây dựng
1337,原鋒工程,,,,,,,736台灣臺南市柳營區仁愛路161巷42號,,,,,,,,0,,,Công ty xây dựng
1338,昇暉營造有限公司,,,,,,,606台灣嘉義縣中埔鄉,,,,,,,,0,,,Công ty xây dựng
1339,華村營造股份有限公司,,,'052224238,,,,600台灣嘉義市東區興南里興業東路267號4樓,,,,,,,,0,,,Công ty xây dựng
1340,匯盟專案布袋工務所,,,,,,,62544台灣嘉義縣布袋鎮見龍里內田165-16號,,,,,,,,0,,,Công ty công trình dân dụng / Kỹ thuật dân dụng
1341,元泰港灣海事工程有限公司,,,'065753326,,,,715台灣臺南市楠西區鹿田里28-5號,,,,,,,,0,,,Công ty công trình dân dụng / Kỹ thuật dân dụng
1342,冠捷營造有限公司,,,'053613138,,,,612台灣嘉義縣太保市舊埤里7號之22號,,,,,,,,0,,,Dịch vụ phục hồi / trùng tu công trình
1343,國大營造工程有限公司,,,'053622032,,,,612台灣嘉義縣太保市安仁里縣府六街32號2樓,,,,,,,,0,,,Nhà thầu phụ công trình
1344,群悅建設股份有限公司,,,'037691880,,,,351台灣苗栗縣頭份市山下里建國路二段1號,,,,,,,,0,,,Công ty xây dựng
1345,綠墅建設辦公室,,,'0955342288,,,,358台灣苗栗縣苑裡鎮,,,,,,,,0,,,Công ty xây dựng
1346,富玥建設股份有限公司,,,'037733866,,,,356台灣苗栗縣後龍鎮校椅里高鐵六路459號,,,,,,,,0,,,Công ty xây dựng
1347,豐鈺建設有限公司,,,'0425630596,,,,429台灣台中市 神岡區昌平路五段257號,,,,,,,,0,,,Nhà thầu phụ công trình
1348,幸福灣麗3 接待中心,,,,,,,358台灣苗栗縣苑裡鎮苑北里中山路236號,,,,,,,,0,,,Đơn vị xây dựng nhà
1349,豐禾大然,,,,,,,427台灣臺中市潭子區栗林里弘仁街192巷27號,,,,,,,,0,,,Đơn vị xây dựng nhà
1350,涵玉/賦玉接待會館,,,,,,,420台灣臺中市豐原區西安里成功路420號,,,,,,,,0,,,Đơn vị xây dựng nhà theo yêu cầu
1351,恆詠臻藏,,,,,,,421台灣臺中市后里區后里里甲后路27巷33號,,,,,,,,0,,,Đơn vị xây dựng nhà
1352,惠國麓境,,,'0923671212,,,,433台灣臺中市沙鹿區北勢里英才路148號,,,,,,,,0,,,Đơn vị xây dựng nhà
1353,誠邦工程顧問股份有限公司,,,'037477776,,,,350台灣苗栗縣竹南鎮竹興里博愛街877號2樓,,,,,,,,0,,,Công ty xây dựng
1354,禾誠土木包工業有限公司,,,,,,,433台灣臺中市沙鹿區鹿峰里星輝路110巷39號,,,,,,,,0,,,Công ty xây dựng
1355,台伸營造有限公司,,,'037476242,,,,350台灣苗栗縣竹南鎮港墘里光武街81號,,,,,,,,0,,,Công ty xây dựng
1356,麗展科技資訊有限公司,,,'0982176899,,,,351台灣苗栗縣頭份市民權里銀河路258號1樓,,,,,,,,0,,,Công ty công trình dân dụng / Kỹ thuật dân dụng
1357,政道工程有限公司,,,'037480281,,,,350台灣苗栗縣竹南鎮中美里24-30號,,,,,,,,0,,,Công ty xây dựng
1358,名基營造股份有限公司,,,'0426203479,,,,436台灣臺中市清水區吳厝里和睦路三段202號,,,,,,,,0,,,Nhà thầu phụ công trình
1359,中興22華村營造中部辦公室,,,'0426569965,,,,435台灣臺中市梧棲區中正里中興路22號,,,,,,,,0,,,Công ty xây dựng
1360,揚泰工程股份有限公司,,,'037745119,,,,358台灣苗栗縣苑裡鎮山腳里錦山62號之1,,,,,,,,0,,,Công ty xây dựng
1361,大眾營造有限公司,,,'037471788,,,,350台灣苗栗縣竹南鎮大厝里大營路93號,,,,,,,,0,,,Nhà thầu phụ công trình
1362,貫新工程有限公司,,,'0425673226,,,,428台灣臺中市大雅區秀山里秀山七路83號,,,,,,,,0,,,Nhà thầu
1363,晶湛建設股份有限公司,,,'073716758,,,,814台灣高雄市仁武區新祥街10號,,,,,,,,0,,,Công ty xây dựng
1364,毅上豪建設有限公司,,,'072692531,,,,802台灣高雄市苓雅區城北里成功一路6號14之1,,,,,,,,0,,,Công ty xây dựng
1365,宏城建設股份有限公司,,,'072295188,,,,800台灣新興區德望里中正三路55號,,,,,,,,0,,,Công ty xây dựng
1366,良豐建設有限公司,,,'078411516,,,,806台灣高雄市前鎮區仁愛里德昌街7巷18號,,,,,,,,0,,,Công ty xây dựng
1367,華科建設股份有限公司,,,'075570599,,,,813台灣高雄市左營區新上里辛亥路262號2號樓之2,,,,,,,,0,,,Công ty xây dựng
1368,崟峰建築開發有限公司,,,'072417879,,,,800台灣高雄市新興區蕉園里中正三路123號,,,,,,,,0,,,Nhà thầu phụ công trình
1369,大義建設股份有限公司,,,'077030297,,,,831台灣高雄市大寮區立德路214-1號,,,,,,,,0,,,Công ty xây dựng
1370,伯利恆營造股份有限公司,,,'078150018,,,,830台灣高雄市鳳山區五福里五甲三路103巷36號,,,,,,,,0,,,Công ty xây dựng
1371,高欣營造有限公司,,,'073705300,,,,833台灣鳥松區大華里本館路427巷31號,,,,,,,,0,,,Công ty xây dựng
1372,元嘉建設,,,'077430007,,,,830台灣高雄市鳳山區中和里自由路368號2樓,,,,,,,,0,,,Công ty xây dựng
1373,君峰,,,,,,,800台灣高雄市新興區文昌里中正二路196號,,,,,,,,0,,,Đơn vị xây dựng nhà
1374,清石營造有限公司,,,'089223869,,,,950台灣臺東縣臺東市岩灣里岩灣段382地號,,,,,,,,0,,,Nhà thầu phụ công trình
1375,高野建設股份有限公司,,,'089237742,,,,950台灣臺東縣臺東市豐年里中興路三段158號,,,,,,,,0,,,Công ty xây dựng
1376,玖鼎開發實業工程有限公司,,,'089336608,,,,950台灣臺東縣臺東市永樂里民航路905號,,,,,,,,0,,,Nhà thầu phụ công trình
1377,承義營造有限公司,,,'089855079,,,,961台灣臺東縣成功鎮三仙里白蓮路135號,,,,,,,,0,,,Công ty xây dựng
1378,展憲企業有限公司,,,'089851478,,,,961台灣臺東縣成功鎮忠智里中山路100號,,,,,,,,0,,,Nhà thầu phụ công trình
1379,元竣營造有限公司,,,'089611068,,,,950台灣臺東縣臺東市卑南里永安街181號1 樓,,,,,,,,0,,,Nhà thầu phụ công trình
1380,工信工程志航工務所,,,,,,,950台灣臺東縣臺東市富岡里志航路三段3號,,,,,,,,0,,,Công ty công trình dân dụng / Kỹ thuật dân dụng
1381,瑞鴻土木包工業,,,'089238233,,,,950台灣臺東縣臺東市南榮里青島街32巷40號,,,,,,,,0,,,Nhà thầu
1382,富注工程有限公司,,,'089237433,,,,950台灣臺東縣臺東市永樂里山西路一段228號之1號,,,,,,,,0,,,Nhà thầu phụ công trình
1383,義盛土木包工業公司,,,'038882573,,,,981台灣花蓮縣玉里鎮泰昌里中華路141號,,,,,,,,0,,,Nhà thầu phụ công trình
1384,順祥金屬有限公司,,,'0227679692,,,,110台灣臺北市信義區四育里虎林街61-6號,,,,,,,,0,,,Nhà thầu
1385,宥勝工程行,,,'0932282623,,,,325台灣桃園市龍潭區高平里中豐路高平段355號,,,,,,,,0,,,Công ty công trình dân dụng / Kỹ thuật dân dụng
1386,藏鈺建設有限公司,,,,,,,704台灣臺南市北區大光里北門路二段607號,,,,,,,,0,,,Công ty xây dựng
1387,菩提土木承包,,,'067958025,,,,723台灣台灣省台南市 西港區新復里溪埔寮19之6號,,,,,,,,0,,,Nhà thầu phụ công trình
1388,統冠營造股份有限公司,,,'062593788,,,,704台灣臺南市北區文元里文成三路686號,,,,,,,,0,,,Công ty xây dựng
1389,千耀建設,,,'035589799,,,,302台灣新竹縣竹北市鹿場里成功八路320號,,,,,,,,0,,,Công ty xây dựng
1390,半畝塘建設開發股份有限公司,,,'036583196,,,,302台灣新竹縣竹北市東興里光明六路東二段373號號 2樓,,,,,,,,0,,,Công ty xây dựng
1391,興築建設股份有限公司,,,'035165588,,,,300台灣新竹市東區埔頂里公道五路二段120號,,,,,,,,0,,,Công ty xây dựng
1392,崇志建設股份有限公司,,,'035326633,,,,300台灣新竹市北區水田里北大路150號3F,,,,,,,,0,,,Công ty xây dựng
1393,盛佳昌建設,,,'036588606,,,,302台灣新竹縣竹北市東興里東興路一段130號,,,,,,,,0,,,Công ty xây dựng
1394,新麗華建設股份有限公司,,,'035542828,,,,302台灣新竹縣竹北市文化里文平路130號號 6樓,,,,,,,,0,,,Công ty xây dựng
1395,珍珠營造跟祥亨開發,,,'035592428,,,,304台灣新竹縣新豐鄉明新街238號30444,,,,,,,,0,,,Đơn vị xây dựng nhà theo yêu cầu
1396,維多利亞建設集團,,,'0227955999,,,,114台灣臺北市內湖區石潭里金莊路100號,,,,,,,,0,,,Đơn vị xây dựng nhà
1397,僑福建設,,,,,,,105台灣臺北市松山區精忠里敦化北路205號,,,,,,,,0,,,Đơn vị xây dựng nhà
1398,麗池卡登,,,'0225643445,,,,10491台灣臺北市中山區正義里林森北路85巷33號,,,,,,,,0,,,Đơn vị xây dựng nhà theo yêu cầu
1399,CTCI Taiwan,,,'0900277314,,,,111台灣臺北市士林區德行里中山北路六段91號,,,,,,,,0,,,Công ty công trình dân dụng / Kỹ thuật dân dụng
1400,東欣美護有限公司/大理石/花崗石/人造石/石材安裝/石材保養/石材修補/石材研磨/石材老舊重新研磨翻新/磁磚修補/磁磚膠填美縫處理/磁磚地坪隆起重貼修復工程/磁磚空心灌注工程！,,,'0912136209,,,,111台灣臺北市士林區百齡里福港街272巷4號,,,,,,,,0,,,Dịch vụ phục hồi / trùng tu công trình
1401,上埕會館｜ARCHI PLACE,,,'048859615,,,,51648台灣彰化縣埔鹽鄉三省村永新路185號,,,,,,,,0,,,Công ty xây dựng
1402,淀億工程行,,,'047680557,,,,504台灣彰化縣秀水鄉鶴鳴村瓦磘街50巷1號鄰50巷9號,,,,,,,,0,,,Công ty xây dựng
1403,平麗工程有限公司,,,'0927560020,,,,505台灣彰化縣鹿港鎮東崎里鹿東路二段635號6樓,,,,,,,,0,,,Công ty xây dựng
1404,馥川建設,,,'0972076657,,,,510台灣彰化縣員林市三和里三條街427號,,,,,,,,0,,,Công ty xây dựng
1405,樹陽建設開發有限公司,,,'047257990,,,,500台灣彰化縣彰化市興北里三民路237巷79號,,,,,,,,0,,,Nhà thầu phụ công trình
1406,山水自在,,,,,,,505台灣彰化縣鹿港鎮頂番里鹿和路四段186巷,,,,,,,,0,,,Đơn vị xây dựng nhà
1407,模板專家__彰霖工程有限公司,,,'0988271737,,,,50841台灣彰化縣和美鎮南雷路四十號,,,,,,,,0,,,Nhà thầu
1408,晟光建設股份有限公司,,,'047521277,,,,500台灣彰化縣彰化市崙平里建文街19號,,,,,,,,0,,,Công ty xây dựng
1409,陽光工程行（模板工程）,,,'0921661568,,,,52344台灣彰化縣埤頭鄉光復路85巷8-1號,,,,,,,,0,,,Nhà thầu
1410,蕭家板模,,,,,,,552台灣南投縣集集鎮永昌里東昌巷6號,,,,,,,,0,,,Công ty công trình dân dụng / Kỹ thuật dân dụng
1411,日利營造有限公司,,,'047766813,,,,505台灣彰化縣鹿港鎮海埔里彰濱五路一段220-8號,,,,,,,,0,,,Công ty công trình dân dụng / Kỹ thuật dân dụng
1412,富景土木工程有限公司,,,,,,,500台灣彰化縣彰化市向陽里崙平南路225號,,,,,,,,0,,,Công ty công trình dân dụng / Kỹ thuật dân dụng
1413,誼悅不動產有限公司（誼悅設計）,,,'0282825555,,,,247台灣新北市蘆洲區得仁里國道路二段109號5樓,,,,,,,,0,,,Đơn vị xây dựng nhà
1414,藝匠家室內裝修工程行,,,'0980179745,,,,334台灣桃園市八德區廣隆里廣福路530巷1弄6號,,,,,,,,0,,,Công ty xây dựng
1415,新築家建設,,,'033151968,,,,330台灣桃園市桃園區三元里大有路167號2 樓 之 1,,,,,,,,0,,,Công ty xây dựng
1416,港灣建設有限公司,,,,,,,434台灣臺中市龍井區龍崗里祥瑞街11巷61號,,,,,,,,0,,,Nhà thầu phụ công trình
1417,綠心嵩-電梯華廈-朝升建設,,,'087972288,,,,925台灣屏東縣新埤鄉新埤村忠孝路50號,,,,,,,,0,,,Công ty xây dựng
1418,佑邦工程行,,,,,,,923台灣屏東縣萬巒鄉赤山村東山路85之8號,,,,,,,,0,,,Công ty xây dựng
1419,水底寮工務所,,,,,,,940台灣屏東縣枋寮鄉內寮村瓦瑤路12號,,,,,,,,0,,,Công ty xây dựng
1420,凡事通科技有限公司,,,'087788272,,,,912台灣屏東縣內埔鄉東寧村民生路94之1號,,,,,,,,0,,,Công ty xây dựng
1421,建築板模透天別墅,,,,,,,923台灣屏東縣萬巒鄉萬和村南進路14號,,,,,,,,0,,,Công ty xây dựng
1422,慶昇土木包工業,,,'0977728368,,,,920台灣屏東縣潮州鎮三星里三星路116巷3號,,,,,,,,0,,,Công ty xây dựng
1423,建宇營造屏東工務所,,,,,,,931台灣屏東縣佳冬鄉賴家村佳和路29號,,,,,,,,0,,,Công ty xây dựng
1424,逸岱工程有限公司,,,'087889368,,,,920台灣屏東縣潮州鎮三共里永和路17號,,,,,,,,0,,,Công ty xây dựng
1425,廣朋土木包工業,,,,,,,923台灣屏東縣萬巒鄉萬和村南進路15之48號,,,,,,,,0,,,Công ty xây dựng
1426,易來慶營造有限公司,,,'089781441,,,,963台灣臺東縣太麻里鄉泰和村太麻里街417號,,,,,,,,0,,,Đơn vị xây dựng nhà
1427,群利營造有限公司,,,'076515685,,,,831台灣高雄市大寮區義和里義和路111號,,,,,,,,0,,,Công ty xây dựng
1428,涵舍圓頂開發有限公司,,,'087895979,,,,920台灣屏東縣潮州鎮三共里四維路585號,,,,,,,,0,,,Nhà thầu phụ công trình
1429,旗勝油漆工程行,,,,,,,923台灣屏東縣萬巒鄉赤山村東山路88之3號,,,,,,,,0,,,Công ty xây dựng
1430,竹田領航,,,'0963576257,,,,"911165台灣屏東縣竹田鄉22°35'16.3""N 120°32'30.0""E",,,,,,,,0,,,Công ty xây dựng
1431,壯台工程有限公司,,,'087784822,,,,912台灣屏東縣內埔鄉豐田村延平路156號,,,,,,,,0,,,Nhà thầu phụ công trình
1432,鋐盛建設有限公司,,,'087235397,,,,912台灣屏東縣內埔鄉竹圍村信義路368巷52號,,,,,,,,0,,,Công ty xây dựng
1433,鐵瑞鐵工鐵厝,,,'0931314359,,,,925台灣屏東縣新埤鄉餉潭村龍潭路191號,,,,,,,,0,,,Công ty xây dựng
1434,長發建材行,,,,,,,920台灣屏東縣潮州鎮三共里朝昇路237-2號,,,,,,,,0,,,Công ty xây dựng
1435,軒東有限公司,,,,,,,912台灣屏東縣內埔鄉內田村德美路314號5 樓,,,,,,,,0,,,Công ty xây dựng
1436,高偉營造有限公司,,,'089702902,,,,965台灣臺東縣大武鄉南興村達興3鄰45號,,,,,,,,0,,,Nhà thầu phụ công trình
1437,萬川R0503處理場,,,,,,,923台灣屏東縣萬巒鄉萬和村中正路3-15號,,,,,,,,0,,,Công ty xây dựng
1438,欣佳德營造工程,,,,,,,940台灣屏東縣枋寮鄉人和村中山路二段66號,,,,,,,,0,,,Công ty công trình dân dụng / Kỹ thuật dân dụng
1439,大同新厝工務所（綠色鐵皮屋）,,,'087850701,,,,923台灣屏東縣萬巒鄉新置村沿山路一段250巷33號,,,,,,,,0,,,Công ty xây dựng
1440,吉億料場,,,,,,,926台灣屏東縣南州鄉壽元村壽元路146號之9號,,,,,,,,0,,,Công ty xây dựng
1441,翔竣機電工程有限公司,,,'087787288,,,,912台灣屏東縣內埔鄉富田村富豐路48號,,,,,,,,0,,,Nhà thầu phụ công trình
1442,俊億不銹鋼,,,'0932883828,,,,940台灣屏東縣枋寮鄉東海村北玄街275號 號,,,,,,,,0,,,Đơn vị xây dựng nhà
1443,宥箐水電工程行,,,,,,,923台灣屏東縣萬巒鄉五溝村東興路1之10號,,,,,,,,0,,,Công ty xây dựng
1444,廣積潮州璟苑,,,'0983940098,,,,920台灣屏東縣潮州鎮彭城里彭城路264號,,,,,,,,0,,,Công ty xây dựng
1445,弘宜水電工程行,,,'089781686,,,,963台灣臺東縣太麻里鄉泰和村太麻里街123號,,,,,,,,0,,,Nhà thầu phụ công trình
1446,常詠營造,,,,,,,920台灣屏東縣潮州鎮,,,,,,,,0,,,Công ty xây dựng
1447,曹忠信,,,'088781343,,,,940台灣屏東縣枋寮鄉隆山村隆山路270巷56號,,,,,,,,0,,,Nhà thầu phụ công trình
1448,豐惇瀝青,,,,,,,941台灣屏東縣枋山鄉楓港村舊庄路300號,,,,,,,,0,,,Công ty xây dựng
1449,新泉屏東工務所,,,,,,,911台灣屏東縣竹田鄉永豐村,,,,,,,,0,,,Công ty xây dựng
1450,侑展營造股份有限公司,,,'087835137,,,,923台灣屏東縣萬巒鄉新厝村新生路15號,,,,,,,,0,,,Công ty xây dựng
1451,志赫地產,,,'0925558111,,,,912台灣屏東縣內埔鄉東寧村勝利路410號,,,,,,,,0,,,Công ty xây dựng
1452,鑫泰成工程行,,,,,,,920台灣屏東縣潮州鎮永春里興隆路134號920號吉祥龍素食隔壁,,,,,,,,0,,,Công ty công trình dân dụng / Kỹ thuật dân dụng
1453,健勇企業有限公司,,,'087813888,,,,923台灣屏東縣萬巒鄉鹿寮村永康路43號之1號,,,,,,,,0,,,Nhà thầu phụ công trình
1454,喬鴻土木包工業,,,'087895177,,,,920台灣屏東縣潮州鎮五魁里太平路426號,,,,,,,,0,,,Nhà thầu phụ công trình
1455,東升土木包工業,,,'089783348,,,,963台灣臺東縣太麻里鄉香蘭村南迴公路15號,,,,,,,,0,,,Nhà thầu
1456,宏城土木包工業,,,,,,,924台灣屏東縣崁頂鄉崁頂村文化路27號,,,,,,,,0,,,Công ty công trình dân dụng / Kỹ thuật dân dụng
1457,福泰機械鑿井工程處,,,'087762992,,,,913台灣屏東縣萬丹鄉萬竹路260巷7號,,,,,,,,0,,,Công ty xây dựng
1458,詮聯工程有限公司,,,'087627288,,,,902台灣屏東縣長治鄉中山巷908 4號,,,,,,,,0,,,Công ty xây dựng
1459,大展建築有限公司,,,'039373828,,,,260台灣宜蘭縣宜蘭市東村里校舍二路38號,,,,,,,,0,,,Nhà thầu phụ công trình
1460,浦田建設有限公司,,,'039361628,,,,260台灣宜蘭縣宜蘭市進士里宜科一路287號,,,,,,,,0,,,Nhà thầu phụ công trình
1461,尚豪營造有限公司,,,'039596195,,,,269台灣宜蘭縣冬山鄉東城村冬山路一段27號,,,,,,,,0,,,Nhà thầu phụ công trình
1462,鑫進工程行(怪手、出租挖土機),,,'0917238752,,,,264台灣宜蘭縣員山鄉湖西村隘界路357號,,,,,,,,0,,,Nhà thầu
1463,元邦景心-接待中心,,,'039602359,,,,268台灣宜蘭縣五結鄉利澤村利成路二段450號,,,,,,,,0,,,Đơn vị xây dựng nhà
1464,永恒昌營造股份有限公司,,,'039561080,,,,265台灣宜蘭縣羅東鎮南豪里興東南路95號,,,,,,,,0,,,Đơn vị xây dựng nhà
1465,旺成工程行,,,'0975385875,,,,306台灣新竹縣關西鎮東山里7鄰16之2號,,,,,,,,0,,,Công ty công trình dân dụng / Kỹ thuật dân dụng
1466,茂德工程企業,,,'0958966666,,,,264台灣宜蘭縣員山鄉內城村內城路49號,,,,,,,,0,,,Công ty xây dựng
1467,旭盛營造有限公司,,,'039362460,,,,260台灣宜蘭縣宜蘭市菜園里力行路86號,,,,,,,,0,,,Nhà thầu phụ công trình
1468,亞春營造有限公司,,,'035877369,,,,306台灣新竹縣關西鎮,,,,,,,,0,,,Nhà thầu phụ công trình
1469,浩瀚開發建設股份有限公司,,,'0423259725,,,,403台灣臺中市西區忠誠里臺灣大道二段501號16F,,,,,,,,0,,,Công ty xây dựng
1470,築跡工程,,,'0963630138,,,,508台灣彰化縣和美鎮嘉寶里厚北路296巷9號,,,,,,,,0,,,Công ty công trình dân dụng / Kỹ thuật dân dụng
1471,星野土木包工業,,,'0963589538,,,,544台灣南投縣國姓鄉北山村中正路四段135之6號,,,,,,,,0,,,Công ty công trình dân dụng / Kỹ thuật dân dụng
1472,松懋營造工程有限公司,,,'047749588,,,,505台灣彰化縣鹿港鎮鹿和里鹿和路一段377巷3號,,,,,,,,0,,,Công ty xây dựng
1473,盈勝建築接待中心,,,,,,,600台灣嘉義市東區興安里,,,,,,,,0,,,Công ty xây dựng
1474,台阜營造股份有限公司,,,'053774709,,,,61642台灣嘉義縣新港鄉嘉義縣新港鄉三間村港尾80號,,,,,,,,0,,,Công ty xây dựng
1475,豐裕營造股份有限公司,,,'052769701,,,,600台灣嘉義市東區後庄里東義路302號之32號,,,,,,,,0,,,Nhà thầu phụ công trình
1476,德庚營造有限公司,,,'052617688,,,,604台灣嘉義縣竹崎鄉鹿滿村鹿鳴路6號,,,,,,,,0,,,Nhà thầu phụ công trình
1477,鋕昇營造工程有限公司,,,,,,,736台灣臺南市柳營區21-9號,,,,,,,,0,,,Công ty xây dựng
1478,韋福建設有限公司,,,'052767468,,,,600台灣嘉義市東區芳草里彌陀路251號,,,,,,,,0,,,Nhà thầu phụ công trình
1479,廣評營造股份有限公司,,,'053709518,,,,613台灣嘉義縣朴子市竹圍里大同路265號,,,,,,,,0,,,Công ty xây dựng
1480,寶格建設 銷售中心,,,'052369988,,,,600台灣嘉義市西區磚磘里大同路423號旁 寶格銷售中心,,,,,,,,0,,,Công ty xây dựng
1481,水上灣建案接待會館,,,'052685758,,,,608台灣嘉義縣水上鄉水上村中華路150號,,,,,,,,0,,,Công ty xây dựng
1482,聯鼎工程有限公司,,,'0966530119,,,,600台灣嘉義市東區仁義里嘉北街13號,,,,,,,,0,,,Đơn vị xây dựng nhà
1483,頂新工程行,,,'0903030131,,,,621台灣嘉義縣民雄鄉平和村4-1號號,,,,,,,,0,,,Nhà thầu phụ công trình
1484,禾亞土木包工業,,,'0936070506,,,,337台灣桃園市大園區菓林里三民路二段418-4號,,,,,,,,0,,,Công ty công trình dân dụng / Kỹ thuật dân dụng
1485,文升營造有限公司,,,'052536686,,,,606台灣嘉義縣中埔鄉,,,,,,,,0,,,Nhà thầu phụ công trình
1486,總翰建設有限公司,,,'052537799,,,,606台灣嘉義縣中埔鄉同仁村中正路12號,,,,,,,,0,,,Nhà thầu phụ công trình
1487,瑞鋒營造股份有限公司池上工務所,,,'089813353,,,,956台灣臺東縣關山鎮里壠里博愛路1之7號,,,,,,,,0,,,Công ty xây dựng
1488,廣定石工程有限公司,,,'076791270,,,,844台灣高雄市六龜區,,,,,,,,0,,,Nhà thầu phụ công trình
1489,聖泰營造有限公司,,,'052397408,,,,606台灣嘉義縣中埔鄉忠明路37巷16號,,,,,,,,0,,,Nhà thầu phụ công trình
1490,東阜營造有限公司,,,'037681765,,,,351台灣苗栗縣頭份鎮1鄰3號之2,,,,,,,,0,,,Nhà thầu phụ công trình
1491,光譜建設,,,,,,,716台灣臺南市南化區,,,,,,,,0,,,Nhà thầu
1492,漢昇築幸福基地,,,,,,,台灣嘉義縣中埔鄉中埔、606,,,,,,,,0,,,Công ty xây dựng
1493,湖美大院,,,'0977575857,,,,600台灣嘉義市東區湖美一路1088號,,,,,,,,0,,,Công ty xây dựng
1494,上昇營造公司,,,,,,,606台灣嘉義縣中埔鄉深坑村嘉139鄉道32號,,,,,,,,0,,,Công ty xây dựng
1495,築凡工程行,,,'0932031399,,,,845台灣高雄市內門區永富里13之10號,,,,,,,,0,,,Công ty xây dựng
1496,安鴻營造有限公司,,,'052530895,,,,606台灣嘉義縣中埔鄉,,,,,,,,0,,,Nhà thầu phụ công trình
1497,陽興營造有限公司,,,'077926930,,,,830台灣高雄市 鳳山區頂新段205地號,,,,,,,,0,,,Nhà thầu phụ công trình
1498,隆大營建事業股份有限公司,,,'076110249,,,,825台灣高雄市 橋頭區後壁田段309地號,,,,,,,,0,,,Nhà thầu phụ công trình
1499,山杏齋,,,,,,,602台灣嘉義縣番路鄉公興村14-1號,,,,,,,,0,,,Đơn vị xây dựng nhà
1500,Núi,,,,,,,716台灣臺南市南化區關山里,,,,,,,,0,,,Đơn vị xây dựng nhà
1501,大成工程股份有限公司,,,'072268988,http://www.ta-chen.com.tw/,,,802台灣高雄市苓雅區安祥里中正二路74號11樓,,,,,,,,0,,,Công ty xây dựng
1502,上川土木包工業,,,'089812212,,,,956台灣臺東縣關山鎮里壠里中正路18-1號,,,,,,,,0,,,Nhà thầu
1503,名德興水電，建設工程行,,,'0910751051,,,,"11 Shezailin, No. 95, 中埔鄉嘉義縣台灣 606",,,,,,,,0,,,Đơn vị xây dựng nhà
1504,盛祥營造有限公司,,,'065749980,,,,715台灣臺南市楠西區39-9號,,,,,,,,0,,,Công ty xây dựng
1505,元第土木包工業,,,'065775476,,,,716台灣臺南市南化區,,,,,,,,0,,,Nhà thầu
1506,利德南化施工所,,,,,,,716台灣臺南市南化區110之27號號旁,,,,,,,,0,,,Công ty xây dựng
1507,招賢建設股份有限公司,,,'076691011,,,,842台灣高雄市旗山區大林里溝坪路98-3號號,,,,,,,,0,,,Công ty xây dựng
1508,陸福營造,,,,,,,台灣嘉義縣中埔鄉和睦村72號,,,,,,,,0,,,Công ty xây dựng
1509,天景建設有限公司,,,'087327028,,,,900台灣屏東縣屏東市金泉里仁愛路16號2樓,,,,,,,,0,,,Công ty xây dựng
1510,凡樸建築有限公司,,,'087387878,,,,900台灣屏東縣屏東市華山里華正路57巷60號,,,,,,,,0,,,Công ty xây dựng
1511,蕥圓建築有限公司,,,'0925118998,,,,840台灣高雄市大樹區檨腳里中興西路101號,,,,,,,,0,,,Đơn vị xây dựng nhà
1512,丞鼎建設有限公司,,,'088325858,,,,928台灣屏東縣東港鎮內關帝里興中南一街20號2樓之1,,,,,,,,0,,,Công ty xây dựng
1513,大興鋼鐵有限公司,,,'073722029,,,,814台灣高雄市仁武區烏林里仁心路308-2號,,,,,,,,0,,,Công ty xây dựng
1514,松佾建設股份有限公司,,,'077405023,,,,830台灣高雄市鳳山區忠義里府前路1-2號3樓,,,,,,,,0,,,Công ty xây dựng
1515,皇裕建設股份有限公司,,,'077521188,,,,802台灣高雄市苓雅區正大里中正一路120號,,,,,,,,0,,,Công ty xây dựng
1516,詠立開發公司,,,'0925101137,,,,824台灣高雄市燕巢區深水里牧場路9號,,,,,,,,0,,,Công ty xây dựng
1517,巨采營造有限公司,,,'076154840,,,,824台灣高雄市燕巢區深水里大成路171之8號,,,,,,,,0,,,Công ty xây dựng
1518,龍邁建設股份有限公司,,,'088008008,,,,900台灣屏東縣屏東市一心里復興路223號,,,,,,,,0,,,Công ty xây dựng
1519,宏順營造有限公司,,,'0952150260,,,,814台灣高雄市仁武區文武里新庄路217號,,,,,,,,0,,,Công ty xây dựng
1520,允揚營造有限公司,,,'077635889,,,,830台灣高雄市鳳山區海洋里凱旋路317巷74號,,,,,,,,0,,,Công ty xây dựng
1521,典城建設股份有限公司,,,'087776161,,,,913台灣屏東縣萬丹鄉萬惠村西環路356號,,,,,,,,0,,,Nhà thầu phụ công trình
1522,富菖營造有限公司,,,'077872649,,,,831台灣高雄市大寮區潮寮里潮寮路168巷17之1號,,,,,,,,0,,,Công ty xây dựng
1523,大寮富麗居,,,'077838155,,,,831台灣高雄市大寮區琉球里巷尾路53-13號,,,,,,,,0,,,Đơn vị xây dựng nhà
1524,鈺順營造工程有限公司,,,'087776801,,,,913台灣屏東縣萬丹鄉新庄村新庄路596號913,,,,,,,,0,,,Nhà thầu phụ công trình
1525,卉豐林土木工程有限公司,,,'077919090,,,,812台灣高雄市小港區過雄街240號,,,,,,,,0,,,Công ty xây dựng
1526,昕恒工程行,,,,,,,832台灣高雄市林園區潭頭里潭平路220號,,,,,,,,0,,,Công ty công trình dân dụng / Kỹ thuật dân dụng
1527,新元工程行 、晟捷工程有限公司,,,,,,,831台灣高雄市大寮區上寮里上寮路3之59號,,,,,,,,0,,,Công ty công trình dân dụng / Kỹ thuật dân dụng
1528,榮禾工程有限公司 功行營造股份有限公司,,,'076439998,,,,832台灣高雄市林園區西溪里西溪路193巷3弄31-1號,,,,,,,,0,,,Công ty xây dựng
1529,全億營造工程股份有限公司,,,'077878799,,,,831台灣高雄市大寮區新厝里鳳林二路252巷36-1號,,,,,,,,0,,,Công ty xây dựng
1530,鑫胤企業有限公司,,,,,,,833台灣高雄市鳥松區仁美里美庄路17巷98-9號,,,,,,,,0,,,Công ty công trình dân dụng / Kỹ thuật dân dụng
1531,立程工程有限公司,,,'078060955,,,,812台灣高雄市小港區青島里光盛街22號,,,,,,,,0,,,Công ty công trình dân dụng / Kỹ thuật dân dụng
1532,榮工工程股份有限公司(高雄捷運施工處)(第二辦公室),,,'078010800,,,,812台灣高雄市小港區宏亮里宏平路367號,,,,,,,,0,,,Công ty công trình dân dụng / Kỹ thuật dân dụng
1533,允勝營造有限公司,,,'073732585,,,,814台灣高雄市仁武區文武里中正路279號,,,,,,,,0,,,Công ty xây dựng
1534,頌和營造工程有限公司,,,'089238613,,,,950台灣臺東縣臺東市南王里更生北路596巷151號之1號,,,,,,,,0,,,Nhà thầu phụ công trình
1535,億鉦營造有限公司,,,'089510067,,,,950台灣臺東縣臺東市建和里青海路三段640號,,,,,,,,0,,,Nhà thầu phụ công trình
1536,明陽營造有限公司,,,'089225985,,,,950台灣臺東縣臺東市卑南里南一街137號,,,,,,,,0,,,Nhà thầu phụ công trình
1537,龍祥土木包工業,,,'076801442,,,,851台灣高雄市茂林區多納里多納巷48號,,,,,,,,0,,,Nhà thầu
1538,誠輝土木包工業有限公司,,,,,,,220台灣新北市板橋區仁翠里四維路339巷9號,,,,,,,,0,,,Công ty công trình dân dụng / Kỹ thuật dân dụng
1539,晉宏綜合工程有限公司,,,'0282950388,,,,248台灣新北市五股區民義里工商路142-8號,,,,,,,,0,,,Công ty công trình dân dụng / Kỹ thuật dân dụng
1540,鴻任工程有限公司,,,,,,,248台灣新北市新莊區福基里五工路62-6號,,,,,,,,0,,,Công ty công trình dân dụng / Kỹ thuật dân dụng
1541,欣錩機械工程有限公司,,,'0909321289,,,,632台灣雲林縣虎尾鎮北溪里9-30號,,,,,,,,0,,,Công ty công trình dân dụng / Kỹ thuật dân dụng
1542,盈發工業社（怪手出租）,,,'0984336337,,,,604台灣嘉義縣竹崎鄉,,,,,,,,0,,,Công ty công trình dân dụng / Kỹ thuật dân dụng
1543,竟展營造有限公司,,,'052349288,,,,600台灣嘉義市西區保福里八德路206號,,,,,,,,0,,,Nhà thầu phụ công trình
1544,中友營造有限公司,,,'052167728,,,,600台灣嘉義市東區頂寮里立仁路302號600,,,,,,,,0,,,Đơn vị xây dựng nhà
1545,聖將土木包工有限公司,,,'052616162,,,,604台灣嘉義縣竹崎鄉和平村坑仔坪96-3號,,,,,,,,0,,,Đơn vị xây dựng nhà
1546,宏昇工程技術顧問有限公司,,,'066560186,,,,730台灣臺南市新營區新北里金華路一段331號,,,,,,,,0,,,Nhà thầu phụ công trình
1547,三璋工程有限公司,,,'066323582,,,,730台灣臺南市新營區中營里東山路21號,,,,,,,,0,,,Nhà thầu phụ công trình
1548,鑠頡企業社 - 台東 油漆/防水/水電/打除/工程統包/公共工程文書,,,'0932662284,,,,950台灣臺東縣臺東市中心里新生路588巷16號1樓,,,,,,,,0,,,Nhà thầu phụ công trình
1549,上升營造有限公司,,,'089761679,,,,963台灣臺東縣太麻里鄉107號之1號,,,,,,,,0,,,Nhà thầu phụ công trình
1550,黑皮工程行,,,'089232648,,,,954台灣臺東縣卑南鄉賓朗村六十之三號一樓,,,,,,,,0,,,Công ty xây dựng
1551,永信昌建設有限公司,,,'037373977,,,,360台灣苗栗縣苗栗市北苗里龍川街1號360號,,,,,,,,0,,,Nhà thầu phụ công trình
1552,祐麒建設有限公司,,,,,,,420台灣臺中市豐原區南陽里永康路95號,,,,,,,,0,,,Công ty xây dựng
1553,赫采建設,,,'037720766,,,,356台灣苗栗縣後龍鎮埔頂里校椅一路470號,,,,,,,,0,,,Công ty xây dựng
1554,台灣電力公司銅鑼服務所,,,,,,,366台灣苗栗縣銅鑼鄉銅鑼村大同路143號,,,,,,,,0,,,Công ty xây dựng
1555,尚翌建設有限公司,,,'037747388,,,,363台灣苗栗縣公館鄉館中村宮前路107號,,,,,,,,0,,,Nhà thầu phụ công trình
1556,普登太陽能企業（股）公司 銅鑼鄉竹森太陽光電廠,,,,,,,366台灣苗栗縣銅鑼鄉朝陽村,,,,,,,,0,,,Công ty xây dựng
1557,萬瑞達營造有限公司,,,'0425821593,,,,426台灣台中市 新社區中和街五段118巷28號之1,,,,,,,,0,,,Nhà thầu phụ công trình
1558,竣國企業有限公司,,,'0425565600,,,,421台灣臺中市后里區仁里里永興路11號,,,,,,,,0,,,Công ty xây dựng
1559,福澤建設有限公司,,,'037236819,,,,363台灣苗栗縣公館鄉館南村宮前路42號,,,,,,,,0,,,Nhà thầu phụ công trình
1560,恒冠營造有限公司,,,,,,,356台灣苗栗縣後龍鎮大庄里中山路500巷15號1樓,,,,,,,,0,,,Công ty xây dựng
1561,文泉營造股份有限公司,,,'037722368,,,,356台灣苗栗縣後龍鎮,,,,,,,,0,,,Nhà thầu phụ công trình
1562,大陽日酸系統科技 — 台中分公司,,,'0425581148,,,,421台灣臺中市后里區義里里甲后路一段118號,,,,,,,,0,,,Nhà thầu
1563,金采營造有限公司,,,'037227085,,,,363台灣苗栗縣公館鄉國道3號,,,,,,,,0,,,Nhà thầu phụ công trình
1564,聖實企業有限公司,,,'0970667116,,,,423台灣臺中市東勢區泰興里石城街26號,,,,,,,,0,,,Công ty xây dựng
1565,天和鑫企業有限公司,,,'0425152399,,,,420台灣臺中市豐原區南嵩里水源路5巷20號號 No,,,,,,,,0,,,Dịch vụ phục hồi / trùng tu công trình
1566,洋鑫土木包工業有限公司,,,'037233589,,,,363台灣苗栗縣公館鄉308號之3號,,,,,,,,0,,,Nhà thầu phụ công trình
1567,睦昇 知屋,,,'024371709,,,,406台灣臺中市北屯區軍功里東山路一段238巷34弄76號,,,,,,,,0,,,Đơn vị xây dựng nhà
1568,八展首富NO.26,,,'0425392535,,,,406台灣臺中市北屯區和平里松竹路一段355號,,,,,,,,0,,,Đơn vị xây dựng nhà
1569,昇雲建設,,,'037377518,,,,360台灣苗栗縣苗栗市玉清里玉清街坡塘巷8號,,,,,,,,0,,,Công ty xây dựng
1570,太輿營造三義工務所,,,,,,,367台灣苗栗縣三義鄉双湖村2之5號,,,,,,,,0,,,Đơn vị xây dựng nhà
1571,安全建設有限公司,,,,,,,421台灣臺中市后里區墩東里文明路100號,,,,,,,,0,,,Công ty xây dựng
1572,員順企業社,,,'0921322662,,,,363台灣苗栗縣公館鄉257-11號,,,,,,,,0,,,Đơn vị xây dựng nhà
1573,新叡建設股份有限公司,,,'0424379776,,,,406台灣臺中市北屯區和平里和祥五街236號,,,,,,,,0,,,Công ty xây dựng
1574,進財工程行,,,,,,,427台灣臺中市潭子區新田里龍興三莊150號,,,,,,,,0,,,Đơn vị xây dựng nhà
1575,瑞鋒營造后里工務所,,,'0425207277,,,,420台灣臺中市豐原區朴子里國豐路三段385號,,,,,,,,0,,,Đơn vị xây dựng nhà
1576,品炫木作｜商空裝修｜統包工程,,,'0900160186,,,,422台灣臺中市石岡區豐勢路梅子巷,,,,,,,,0,,,Công ty xây dựng
1577,盛興建設股份有限公司,,,'0426624195,,,,420台灣臺中市豐原區北陽里豐原大道四段305號3樓,,,,,,,,0,,,Công ty xây dựng
1578,興耀營造有限公司,,,'0425257632,,,,420台灣臺中市豐原區西湳里三豐路967巷133弄8號,,,,,,,,0,,,Công ty xây dựng
1579,泰成土木包工業公司,,,'037728530,,,,356台灣苗栗縣後龍鎮大庄里成功路296號,,,,,,,,0,,,Nhà thầu phụ công trình
1580,東泰霖企業有限公司,,,'037722940,,,,356台灣苗栗縣後龍鎮東明里龍山路165號,,,,,,,,0,,,Nhà thầu phụ công trình
1581,仟祥工程顧問,,,'037542297,,,,35161台灣苗栗縣頭份市濫坑里尖豐路1184號,,,,,,,,0,,,Công ty xây dựng
1582,鐵山營造工程有限公司東豐三工務所,,,'0425824108,,,,422台灣臺中市石岡區和盛里豐勢路2巷25號,,,,,,,,0,,,Công ty xây dựng
1583,川立營造有限公司,,,,,,,420台灣臺中市豐原區東勢里民生街72號1樓,,,,,,,,0,,,Công ty xây dựng
1584,威昌營造股份有限公司,,,'0425771079,,,,423台灣臺中市東勢區泰昌街28號,,,,,,,,0,,,Nhà thầu
1585,誠大土木包工業,,,'0932955076,,,,361台灣苗栗縣造橋鄉造橋村禮蘭路47-1號,,,,,,,,0,,,Công ty xây dựng
1586,宇寬營造有限公司,,,'0425158215,,,,420台灣豐原區翁明里直興街198號,,,,,,,,0,,,Nhà thầu phụ công trình
1587,友亮工程行,,,,,,,354台灣苗栗縣獅潭鄉永興村3鄰14號,,,,,,,,0,,,Công ty xây dựng
1588,吉成土木包工業,,,'037331849,,,,360台灣苗栗縣苗栗市恭敬里恭敬路122號,,,,,,,,0,,,Nhà thầu
1589,榮陞建築有限公司,,,'0917242990,,,,506台灣彰化縣福興鄉外埔村復興路20-2號,,,,,,,,0,,,Công ty xây dựng
1590,橙豐建設有限公司,,,,,,,503台灣彰化縣花壇鄉崙雅村花秀路152巷111弄61號,,,,,,,,0,,,Công ty xây dựng
1591,冠賢建設有限公司,,,'047557960,,,,508台灣彰化縣和美鎮柑井里柑竹路5號,,,,,,,,0,,,Nhà thầu phụ công trình
1592,建磊工程行,,,'0932570705,,,,506台灣彰化縣福興鄉麥厝村出水街1之30號,,,,,,,,0,,,Công ty xây dựng
1593,鴻庭開發建設有限公司,,,,,,,630台灣雲林縣斗南鎮靖興里靖南路79號,,,,,,,,0,,,Công ty xây dựng
1594,立田建設股份有限公司,,,'048830388,,,,522台灣彰化縣田尾鄉柳鳳村民族路二段156號,,,,,,,,0,,,Nhà thầu phụ công trình
1595,樺隆營造,,,'047784390,,,,505台灣彰化縣鹿港鎮順興里復興路574號,,,,,,,,0,,,Công ty xây dựng
1596,泉興鑿井有限公司,,,'048922167,,,,523台灣彰化縣埤頭鄉崙腳路135巷51號,,,,,,,,0,,,Công ty xây dựng
1597,德富開發 l 安嵐建設溝皂段建案,,,'0422584168,,,,510台灣彰化縣員林市溝皂里溝皂街101號,,,,,,,,0,,,Đơn vị xây dựng nhà
1598,嘉冠建設股份有限公司,,,,,,,542台灣南投縣草屯鎮碧峰里碧山路904號,,,,,,,,0,,,Công ty xây dựng
1599,三品建設有限公司,,,'048836775,,,,522台灣彰化縣田尾鄉仁里村三溪路二段66號1樓,,,,,,,,0,,,Nhà thầu phụ công trình
1600,京站建設有限公司,,,'047271398,,,,500台灣彰化縣彰化市永生里中山路二段383巷6號1樓,,,,,,,,0,,,Nhà thầu phụ công trình
1601,億展營造股份有限公司,,,'055952386,,,,630台灣雲林縣斗南鎮新光里文安路25-1號,,,,,,,,0,,,Công ty xây dựng
1602,開普建設股份有限公司,,,'056327598,,,,632台灣雲林縣虎尾鎮61號,,,,,,,,0,,,Nhà thầu phụ công trình
1603,君順建設接待中心,,,,,,,513台灣彰化縣埔心鄉,,,,,,,,0,,,Công ty xây dựng
1604,勝弘泰,,,'048942186,,,,527台灣彰化縣大城鄉東城村北平路167巷,,,,,,,,0,,,Công ty xây dựng
1605,美的工程坊,,,'055261735,,,,646台灣雲林縣古坑鄉棋盤村21-6號,,,,,,,,0,,,Công ty xây dựng
1606,櫻花建設股份有限公司,,,'0423389542,,,,414台灣臺中市烏日區榮泉里環河路五段270號,,,,,,,,0,,,Nhà thầu phụ công trình
1607,懋丞工程有限公司,,,'047260118,,,,500台灣彰化縣彰化市寶廍里寶廍路93號,,,,,,,,0,,,Công ty xây dựng
1608,鴻屹建設有限公司,,,'056623631,,,,633台灣雲林縣土庫鎮石廟里興國街2號,,,,,,,,0,,,Nhà thầu phụ công trình
1609,巨林建設有限公司,,,'047637715,,,,500台灣彰化縣彰化市向陽里崙平南路90號,,,,,,,,0,,,Nhà thầu phụ công trình
1610,日元營造有限公司,,,'048862511,,,,528台灣彰化縣芳苑鄉草湖村功湖路草湖段31號,,,,,,,,0,,,Công ty xây dựng
1611,超順開發有限公司,,,'048333127,,,,510台灣彰化縣員林市西東里浮圳路二段84巷37-1號,,,,,,,,0,,,Công ty công trình dân dụng / Kỹ thuật dân dụng
1612,正興建築土木包工有限公司,,,'048813301,,,,510台灣彰化縣員林市,,,,,,,,0,,,Công ty công trình dân dụng / Kỹ thuật dân dụng
1613,詮勝工程有限公司,,,'056910886,,,,638台灣雲林縣麥寮鄉橋頭村新民街20號,,,,,,,,0,,,Nhà thầu phụ công trình
1614,和億營造股份有限公司,,,'047716660,,,,505台灣彰化縣鹿港鎮廖厝里廖厝巷27號,,,,,,,,0,,,Công ty xây dựng
1615,品格美學裝修工程行,,,,,,,508台灣彰化縣和美鎮山犁里仁昌路121號,,,,,,,,0,,,Công ty công trình dân dụng / Kỹ thuật dân dụng
1616,豪基營造有限公司,,,'048963250,,,,526台灣彰化縣秀水鄉二林鎮儒芳段155地號,,,,,,,,0,,,Nhà thầu phụ công trình
1617,全宏土木包工業公司,,,'047249071,,,,500台灣彰化縣彰化市成功里南瑤路144號,,,,,,,,0,,,Nhà thầu phụ công trình
1618,世茂營造工程有限公司,,,'047281148,,,,500台灣彰化縣彰化市延平里大埔路500號1號,,,,,,,,0,,,Công ty xây dựng
1619,軍馬工程行,,,,,,,523台灣彰化縣埤頭鄉崙子村公所街149號,,,,,,,,0,,,Công ty công trình dân dụng / Kỹ thuật dân dụng
1620,可承營造有限公司,,,'048610583,,,,516台灣彰化縣埔鹽鄉埔南村埔菜路34-20號,,,,,,,,0,,,Công ty xây dựng
1621,吉笙營造有限公司,,,'048743468,,,,520台灣彰化縣田中鎮北路里福中街31號,,,,,,,,0,,,Nhà thầu phụ công trình
1622,來也企業社,,,'0977315325,,,,503台灣彰化縣花壇鄉花秀路337號,,,,,,,,0,,,Công ty công trình dân dụng / Kỹ thuật dân dụng
1623,宇福田工程有限公司,,,,,,,640台灣雲林縣斗六市林頭里五福街7號,,,,,,,,0,,,Công ty công trình dân dụng / Kỹ thuật dân dụng
1624,陸昇工程有限公司,,,'057872980,,,,654台灣雲林縣四湖鄉羊調村東洋路78號,,,,,,,,0,,,Công ty xây dựng
1625,全鋒營造有限公司,,,'048356639,,,,510台灣彰化縣員林市三條里大同路一段138號,,,,,,,,0,,,Nhà thầu phụ công trình
1626,登豐建設,,,'0423850968,,,,408台灣臺中市南屯區永定里文昌街361號,,,,,,,,0,,,Công ty xây dựng
1627,築跡建築,,,'0422547223,,,,407台灣臺中市西屯區惠來里文心路二段201號10樓之2,,,,,,,,0,,,Công ty xây dựng
1628,全大鑫建設股份有限公司,,,'0423927699,,,,411台灣臺中市太平區光華里長安路76號,,,,,,,,0,,,Nhà thầu phụ công trình
1629,元謙建設股份有限公司,,,'0423262277,,,,40848台灣臺中市南屯區大業里大墩路880號4樓,,,,,,,,0,,,Công ty xây dựng
1630,鑫嘉建設股份有限公司,,,'0424376935,,,,406台灣臺中市北屯區水景里景賢路312號,,,,,,,,0,,,Nhà thầu phụ công trình
1631,立新營造股份有限公司,,,'0422019369,,,,403台灣臺中市西區公正里公益路383號6F,,,,,,,,0,,,Công ty xây dựng
1632,登田營造股份有限公司,,,'0423012636,,,,403台灣西區民龍里英才路449號,,,,,,,,0,,,Công ty xây dựng
1633,青成建設股份有限公司,,,'0422081789,,,,403台灣臺中市西區和龍里博館二街230號,,,,,,,,0,,,Công ty xây dựng
1634,東森房屋七期惠中店,,,'0423176868,,,,407台灣臺中市西屯區惠來里惠中路106號,,,,,,,,0,,,Công ty xây dựng
1635,三峰土木包工業,,,'0910598782,,,,509台灣彰化縣伸港鄉汴頭村中華路606-1號,,,,,,,,0,,,Công ty xây dựng
1636,大山土木包工業公司,,,'0422916979,,,,406台灣臺中市北屯區水湳里文心路三段405號,,,,,,,,0,,,Nhà thầu phụ công trình
1637,錦標營造股份有限公司,,,'0423586688,,,,404台灣台中市 北區台灣大道二段360號13樓之1,,,,,,,,0,,,Nhà thầu phụ công trình
1638,百宸工程行,,,'0985456423,,,,427台灣臺中市潭子區東寶里雅潭路三段9之28號,,,,,,,,0,,,Công ty công trình dân dụng / Kỹ thuật dân dụng
1639,凱田營造股份有限公司,,,'0928314839,,,,43446台灣臺中市龍井區東海里遠東街202巷16號,,,,,,,,0,,,Công ty xây dựng
1640,禾泰豐工程股份有限公司,,,,,,,433台灣臺中市沙鹿區斗抵里斗潭路121號,,,,,,,,0,,,Công ty công trình dân dụng / Kỹ thuật dân dụng
1641,鑫八永工程有限公司,,,'0426315835,,,,434台灣臺中市龍井區新庄里新庄街一段96巷96弄79號之1號1樓,,,,,,,,0,,,Nhà thầu phụ công trình
1642,麗瑋土木包工業有限公司,,,'0422376007,,,,404台灣北區建興里榮華街111號,,,,,,,,0,,,Nhà thầu
1643,宜謙營造工程有限公司,,,,,,,436台灣臺中市清水區秀水里華江南街一段105號,,,,,,,,0,,,Công ty xây dựng
1644,大閎營造有限公司,,,,,,,407台灣臺中市西屯區港尾里中康二街3號2號,,,,,,,,0,,,Công ty công trình dân dụng / Kỹ thuật dân dụng
1645,連吉騰日台中辦公室,,,,,,,406台灣臺中市北屯區廍子里祥順路一段425號,,,,,,,,0,,,Công ty công trình dân dụng / Kỹ thuật dân dụng
1646,季宏營造工程股份有限公司,,,'0422313186,,,,404台灣臺中市北區錦祥里育樂街27號,,,,,,,,0,,,Công ty xây dựng
1647,國錸工程行（挖土機/破碎機/運輸）,,,'0970412413,,,,411台灣臺中市太平區新坪里育德路6-3號,,,,,,,,0,,,Công ty công trình dân dụng / Kỹ thuật dân dụng
1648,昭揚工程有限公司,,,,,,,266台灣宜蘭縣三星鄉大義村上將路三段221號,,,,,,,,0,,,Công ty công trình dân dụng / Kỹ thuật dân dụng
1649,承韋土木工程有限公司,,,,,,,266台灣宜蘭縣三星鄉大隱村農義路二段57號,,,,,,,,0,,,Công ty xây dựng
1650,申安營造股份有限公司,,,'039511917,,,,台灣宜蘭縣羅東鎮公正路289-7號265,,,,,,,,0,,,Nhà thầu
1651,力峯營造有限公司,,,'039615589,,,,269台灣宜蘭縣冬山鄉柯林村柯林二路9號,,,,,,,,0,,,Nhà thầu phụ công trình
1652,東方土木包工業,,,,,,,262台灣宜蘭縣礁溪鄉時潮村塭底路66-16號,,,,,,,,0,,,Công ty xây dựng
1653,亞鑫營造有限公司,,,'039561955,,,,265台灣宜蘭縣羅東鎮成功里體育路39號,,,,,,,,0,,,Nhà thầu phụ công trình
1654,開建營造股份有限公司,,,'039351253,,,,260台灣宜蘭縣宜蘭市負郭里負郭路25巷7號號 5樓,,,,,,,,0,,,Công ty xây dựng
1655,德侑營造有限公司,,,'039255588,,,,260台灣宜蘭縣宜蘭市南津里縣政二街48號,,,,,,,,0,,,Công ty xây dựng
1656,日友企業社｜怪手挖土機作業,,,'0919920520,,,,266台灣宜蘭縣三星鄉大隱村三星路一段349號,,,,,,,,0,,,Công ty công trình dân dụng / Kỹ thuật dân dụng
1657,慶峰營造有限公司,,,'039359119,,,,260台灣宜蘭縣宜蘭市擺厘里自強路145號,,,,,,,,0,,,Nhà thầu
1658,七福營造有限公司,,,'039230888,,,,264台灣宜蘭縣員山鄉惠好村金泰路68號,,,,,,,,0,,,Nhà thầu
1659,旭磐營造,,,'039251300,,,,台灣宜蘭縣宜蘭市市東津路17號260,,,,,,,,0,,,Công ty xây dựng
1660,達爾文建設-抗震的家,,,'053701936,,,,600台灣嘉義市東區興安里,,,,,,,,0,,,Đơn vị xây dựng nhà
1661,商富建設開發有限公司,,,'052275579,,,,600台灣嘉義市西區書院里永和街100號,,,,,,,,0,,,Nhà thầu phụ công trình
1662,慶茂營造,,,'052110918,,,,621台灣嘉義縣民雄鄉秀林村秀林村火炭埔21-18號,,,,,,,,0,,,Đơn vị xây dựng nhà
1663,晉匯營造有限公司,,,,,,,600台灣嘉義市東區頂寮里信興街102號,,,,,,,,0,,,Công ty xây dựng
1664,力有營造有限公司,,,'052362115,,,,600台灣嘉義市西區紅瓦里重慶二街210號,,,,,,,,0,,,Nhà thầu phụ công trình
1665,磚宏水泥工程行,,,'0900772822,,,,720台灣臺南市官田區11040號,,,,,,,,0,,,Công ty công trình dân dụng / Kỹ thuật dân dụng
1666,建良工程行,,,'0905336761,,,,632台灣雲林縣虎尾鎮西屯里325-2號,,,,,,,,0,,,Công ty xây dựng
1667,山沐建設,,,'047031188,,,,522台灣彰化縣田尾鄉北曾村中山路二段58號,,,,,,,,0,,,Công ty xây dựng
1668,草屯 建案,,,,,,,542台灣南投縣草屯鎮碧峰里碧山路1107-16號號,,,,,,,,0,,,Công ty xây dựng
1669,阜岡初之境接待中心,,,'048761388,,,,520台灣彰化縣田中鎮新庄里中南路三段5141號號旁,,,,,,,,0,,,Đơn vị xây dựng nhà
1670,銓威建設-服務中心,,,'055353011,,,,640台灣雲林縣斗六市成功里成功路186號,,,,,,,,0,,,Công ty xây dựng
1671,鉅麒建設有限公司,,,'048883398,,,,521台灣彰化縣北斗鎮中山路二段152號,,,,,,,,0,,,Công ty xây dựng
1672,清源地產股份有限公司,,,'048319922,,,,510台灣彰化縣員林市三多里員林大道四段426號,,,,,,,,0,,,Công ty xây dựng
1673,總誼建設有限公司,,,'0492254550,,,,540台灣南投縣南投市中華路312號對面,,,,,,,,0,,,Nhà thầu phụ công trình
1674,草嶺建設實業股份有限公司,,,'055328822,,,,640台灣雲林縣斗六市公正里凱旋街1號,,,,,,,,0,,,Công ty xây dựng
1675,東毓營造有限公司,,,'0492752302,,,,558台灣南投縣鹿谷鄉鹿谷村興農巷21-6號,,,,,,,,0,,,Nhà thầu phụ công trình
1676,立業金建設有限公司,,,'038233289,,,,970台灣花蓮縣花蓮市民政里府前路300-8號,,,,,,,,0,,,Công ty xây dựng
1677,百事達建設股份有限公司,,,'038228288,,,,970台灣花蓮縣花蓮市民享里球崙一路223號,,,,,,,,0,,,Công ty xây dựng
1678,東龍盛建設有限公司,,,'0927166662,,,,971台灣花蓮縣新城鄉康樂村大有街2號,,,,,,,,0,,,Nhà thầu
1679,統鉦營造有限公司,,,'038580065,,,,970台灣花蓮縣花蓮市民政里府前路300-2號,,,,,,,,0,,,Công ty xây dựng
1680,德興電器水電工程行,,,'0933317031,,,,971台灣花蓮縣新城鄉北埔村北埔路233號,,,,,,,,0,,,Nhà thầu phụ công trình
1681,長富營造有限公司,,,'038525367,,,,970台灣花蓮縣花蓮市永安村建國路二段218號,,,,,,,,0,,,Công ty xây dựng
1682,光成土木包工業,,,'0976957656,,,,973台灣花蓮縣吉安鄉永安村北安街160巷1號,,,,,,,,0,,,Công ty công trình dân dụng / Kỹ thuật dân dụng
1683,宗億營造-東港3-8工務所,,,,,,,928台灣屏東縣東港鎮東津里沿海五路11號,,,,,,,,0,,,Công ty xây dựng
1684,森居畔,,,'0958759222,,,,928台灣屏東縣東港鎮東津里嘉新二街49號,,,,,,,,0,,,Đơn vị xây dựng nhà
1685,雄麗建設總部-蓋給家人的房子。,,,'087971001,,,,928台灣屏東縣東港鎮內關帝里興中東一街43號,,,,,,,,0,,,Công ty xây dựng
1686,永青工務所-屏東P325營區,,,,,,,946台灣屏東縣恆春鎮茄湖里茄苳路399號,,,,,,,,0,,,Công ty xây dựng
1687,逸駿工程行,,,'0981880230,,,,946台灣屏東縣恆春鎮環城北路142巷,,,,,,,,0,,,Công ty xây dựng
1688,德昌工務所,,,,,,,947台灣屏東縣滿州鄉港仔村海墘路16號,,,,,,,,0,,,Công ty xây dựng
1689,永弘營造有限公司,,,'088334628,,,,928台灣屏東縣東港鎮船頭里大利路一段67號,,,,,,,,0,,,Công ty xây dựng
1690,鹽埔工務所,,,,,,,932台灣屏東縣新園鄉共和村鹽埔漁港橋,,,,,,,,0,,,Công ty xây dựng
1691,晉億工程行,,,'0986373274,,,,928台灣屏東縣東港鎮大潭里大潭路5-15號,,,,,,,,0,,,Công ty xây dựng
1692,屏東縣恆春鎮恆南路8之13號,,,,,,,946台灣屏東縣恆春鎮山腳里恒南路4號,,,,,,,,0,,,Đơn vị xây dựng nhà
1693,𤤙宸德昌,,,,,,,947台灣屏東縣滿州鄉港仔村溪清路8之2號,,,,,,,,0,,,Công ty xây dựng
1694,宗億(東港3-8料場),,,,,,,928台灣屏東縣東港鎮船頭路,,,,,,,,0,,,Công ty công trình dân dụng / Kỹ thuật dân dụng
1695,有順興土木包工業,,,,,,,944台灣屏東縣車城鄉田中村中山路219號,,,,,,,,0,,,Công ty xây dựng
1696,竺旺,,,,,,,928台灣屏東縣東港鎮東新里興東二街121號,,,,,,,,0,,,Công ty xây dựng
1697,松椿建設股份有限公司,,,'088880377,,,,946台灣屏東縣恆春鎮頭溝里大平路50號之1號,,,,,,,,0,,,Nhà thầu phụ công trình
1698,德易工程行,,,'0900211880,,,,931台灣屏東縣佳冬鄉玉光村大同路22號,,,,,,,,0,,,Công ty xây dựng
1699,龍城花園,,,'073982716,,,,94647台灣屏東縣恆春鎮省北路二段192巷12號,,,,,,,,0,,,Đơn vị xây dựng nhà
1700,錡鴻營造有限公司,,,'088780397,,,,940台灣屏東縣枋寮鄉枋寮村儲運路22號,,,,,,,,0,,,Nhà thầu phụ công trình
1701,大基工程有限公司,,,'088882909,,,,946台灣屏東縣恆春鎮山腳里恆南路11巷3號之1號,,,,,,,,0,,,Nhà thầu phụ công trình
1702,鼎旭企業社,,,'0958800669,,,,940台灣屏東縣枋寮鄉中正大路472號,,,,,,,,0,,,Công ty xây dựng
1703,台糖大響二場大同工地,,,,,,,940台灣屏東縣枋寮鄉,,,,,,,,0,,,Công ty xây dựng
1704,利鏵工程行,,,,,,,943台灣屏東縣獅子鄉丹路村巴士巷9號,,,,,,,,0,,,Công ty công trình dân dụng / Kỹ thuật dân dụng
1705,大豐企業社,,,'0905683933,,,,944台灣屏東縣車城鄉村山腳路3號,,,,,,,,0,,,Công ty xây dựng
1706,CF02標 春日部防衛隊,,,,,,,940台灣屏東縣枋寮鄉枋寮村儲運路2-37號,,,,,,,,0,,,Công ty xây dựng
1707,源益企業社,,,'0903500027,,,,940台灣屏東縣枋寮鄉安樂村中山路57-1號,,,,,,,,0,,,Công ty xây dựng
1708,東龍開發股份有限公司,,,'088335878,,,,928台灣屏東縣東港鎮東津里船頭路99號,,,,,,,,0,,,Nhà thầu phụ công trình
1709,根基營造股份有限公司,,,'088780308,,,,940台灣屏東縣枋寮鄉枋寮村中山路240號,,,,,,,,0,,,Nhà thầu phụ công trình
1710,盈運工程企業社,,,'0966875509,,,,943台灣屏東縣獅子鄉楓林村一鄰1巷5-4號,,,,,,,,0,,,Công ty xây dựng
1711,宸震開發有限公司,,,'088882668,,,,946台灣屏東縣恆春鎮悛L南路56巷35弄10號,,,,,,,,0,,,Nhà thầu phụ công trình
1712,佳冬養殖場,,,,,,,931台灣屏東縣佳冬鄉塭豐村塭田路193巷21號132,,,,,,,,0,,,Đơn vị xây dựng nhà
1713,順葉工程行,,,'088880970,,,,946台灣屏東縣恆春鎮網紗里省北路151巷33號,,,,,,,,0,,,Đơn vị xây dựng nhà theo yêu cầu
1714,偉晉營造有限公司,,,'088754666,,,,927台灣屏東縣林邊鄉光林村仁愛路17-12號,,,,,,,,0,,,Nhà thầu
1715,東新段 工地,,,,,,,台灣屏東縣東港鎮東新里928興中南六街72號,,,,,,,,0,,,Công ty xây dựng
1716,鴻明誠土木包工業,,,'089791477,,,,965台灣臺東縣大武鄉大武村復興路118號,,,,,,,,0,,,Nhà thầu
1717,興旺工程行(i草),,,'0919174947,,,,927台灣屏東縣林邊鄉鎮安村永和路140號,,,,,,,,0,,,Công ty công trình dân dụng / Kỹ thuật dân dụng
1718,泳洁土木包工業,,,'088754481,,,,927台灣屏東縣林邊鄉仁和村仁和路57號之6號,,,,,,,,0,,,Nhà thầu phụ công trình
1719,泉源機械鑿井工程行,,,'0937607713,,,,928台灣屏東縣東港鎮大潭里大潭路110之3號,,,,,,,,0,,,Công ty xây dựng
1720,本喬室內裝潢工程行,,,'0913224240,,,,832台灣高雄市林園區鳳林路三段820巷125之1號,,,,,,,,0,,,Công ty xây dựng
1721,千囷工程行(鐵工、泥作等服務項目),,,'0925280778,,,,947台灣屏東縣滿州鄉港口村興海路156號,,,,,,,,0,,,Đơn vị xây dựng nhà
1722,曜嘉土木工程有限公司,,,'078211551,,,,830台灣高雄市鳳山區福興里南安路3號1樓,,,,,,,,0,,,Công ty xây dựng
1723,東耘營造工程有限公司,,,'078213839,,,,806台灣高雄市前鎮區草衙里后平路80號,,,,,,,,0,,,Nhà thầu
1724,權安開發建設,,,'0426832980,,,,438台灣臺中市外埔區大同里甲后路三段1040號,,,,,,,,0,,,Công ty xây dựng
1725,鴻鍕營造有限公司,,,'037683525,,,,351台灣苗栗縣頭份市頭份里仁愛路49號,,,,,,,,0,,,Công ty xây dựng
1726,德記營造有限公司,,,'0426200136,,,,436台灣台中市 清水區海風二街325號,,,,,,,,0,,,Nhà thầu phụ công trình
1727,潤都建設開發有限公司,,,'037483311,,,,350台灣苗栗縣竹南鎮大厝里環市路一段243號,,,,,,,,0,,,Công ty xây dựng
1728,瑞晨(瑞明)建設有限公司,,,'037595008,,,,351台灣苗栗縣頭份市蟠桃里中央路399號,,,,,,,,0,,,Công ty xây dựng
1729,安軒建設有限公司,,,'037987665,,,,366台灣苗栗縣銅鑼鄉銅鑼村文化街15號之1號,,,,,,,,0,,,Nhà thầu phụ công trình
1730,國廷營造有限公司,,,'0935265136,,,,350台灣苗栗縣竹南鎮大厝里開元路83號,,,,,,,,0,,,Công ty xây dựng
1731,嘉銳建設有限公司,,,'037596288,,,,351台灣苗栗縣頭份市蟠桃里信義路327號,,,,,,,,0,,,Nhà thầu phụ công trình
1732,寶順威工程企業有限公司,,,'037628070,,,,350台灣苗栗縣竹南鎮新南里新南里崁頂65-27號,,,,,,,,0,,,Công ty xây dựng
1733,啓庭營造有限公司,,,'0426800297,,,,437台灣臺中市大甲區南陽里中山路一段792之16號,,,,,,,,0,,,Công ty xây dựng
1734,日興營造有限公司,,,'037752098,,,,357台灣苗栗縣通霄鎮平元里平新二路29號,,,,,,,,0,,,Nhà thầu phụ công trình
1735,洪基營造有限公司,,,'037475886,,,,350台灣苗栗縣竹南鎮聖福里忠孝街16號,,,,,,,,0,,,Công ty công trình dân dụng / Kỹ thuật dân dụng
1736,家億鋁門窗工程行,,,'0928661657,,,,361台灣苗栗縣造橋鄉談文村64-1號,,,,,,,,0,,,Công ty xây dựng
1737,昌成建設股份有限公司,,,'037615888,,,,351台灣苗栗縣頭份市後庄里中央路890號,,,,,,,,0,,,Nhà thầu phụ công trình
1738,謙邑營造有限公司,,,'037683175,,,,351台灣苗栗縣頭份市興隆里興隆路445巷153號,,,,,,,,0,,,Công ty xây dựng
1739,富奕建設 吉日良所,,,'037637676,,,,351台灣苗栗縣頭份市後庄里中央路780號,,,,,,,,0,,,Công ty xây dựng
1740,潤升鋼構有限公司,,,'0426877858,,,,437台灣臺中市大甲區江南里東西五路一段246號,,,,,,,,0,,,Dịch vụ phục hồi / trùng tu công trình
1741,澄鑫營造股份有限公司,,,'0282861675,,,,247018台灣新北市蘆洲區玉清里集賢路240號七樓,,,,,,,,0,,,Công ty công trình dân dụng / Kỹ thuật dân dụng
1742,大陸工程-環狀線北環段CF680C標工務所,,,,,,,241台灣新北市三重區富貴里241,,,,,,,,0,,,Công ty công trình dân dụng / Kỹ thuật dân dụng
1743,A1分標聯合辦公室進出口管制哨,,,,,,,337台灣桃園市大園區桃航二路333號,,,,,,,,0,,,Công ty công trình dân dụng / Kỹ thuật dân dụng
1744,廣瑞營造有限公司,,,'0285217208,,,,241台灣新北市三重區重新路四段53號7樓,,,,,,,,0,,,Công ty công trình dân dụng / Kỹ thuật dân dụng
1745,匠閎工程行,,,'0926298967,,,,338台灣桃園市蘆竹區長興路一段,,,,,,,,0,,,Công ty công trình dân dụng / Kỹ thuật dân dụng
1746,坤程工程行,,,'0921112161,,,,247台灣新北市蘆洲區得勝里成功路49巷14號4 樓,,,,,,,,0,,,Công ty công trình dân dụng / Kỹ thuật dân dụng
1747,福安土木包工業,,,,,,,224台灣新北市瑞芳區傑魚里魚桀魚坑路94號,,,,,,,,0,,,Công ty công trình dân dụng / Kỹ thuật dân dụng
1748,大方水電土木工程行,,,'0228359992,,,,111台灣臺北市士林區德行西路94巷11號,,,,,,,,0,,,Đơn vị xây dựng nhà
1749,築錡工程行,,,'0953989833,,,,204台灣基隆市安樂區武崙里基金一路135巷142號,,,,,,,,0,,,Công ty công trình dân dụng / Kỹ thuật dân dụng
1750,白京建設有限公司,,,'062602929,,,,701台灣臺南市東區崇成里崇明路589號之9-2號,,,,,,,,0,,,Nhà thầu phụ công trình
1751,綠可建設,,,,,,,701台灣臺南市東區文聖里裕信路199號,,,,,,,,0,,,Công ty xây dựng
1752,聯晟建設股份有限公司,,,'063035999,,,,710台灣台灣省永康區六合里新興街121號,,,,,,,,0,,,Công ty xây dựng
1753,臺南壹貳捌工程有限公司,,,'062420227,,,,710台灣臺南市永康區塩行里鹽和街215號,,,,,,,,0,,,Công ty xây dựng
1754,盛瀚建設有限公司,,,,,,,701台灣臺南市東區裕聖里裕孝三街70號,,,,,,,,0,,,Công ty xây dựng
1755,巨武建設有限公司,,,'062505958,,,,702台灣臺南市安南區新順里慶安路5號,,,,,,,,0,,,Công ty xây dựng
1756,桔昌建設股份有限公司,,,'062810077,,,,704台灣台灣省北區文成路,,,,,,,,0,,,Công ty xây dựng
1757,恆權建設有限公司,,,,,,,701台灣臺南市東區裕農里裕農路375號7號樓之1,,,,,,,,0,,,Công ty xây dựng
1758,一逸建設有限公司,,,,,,,709台灣臺南市安南區安西里慈安路90號,,,,,,,,0,,,Công ty xây dựng
1759,青普建設股份有限公司,,,'062523726,,,,704台灣台南市 北區公園路1072號,,,,,,,,0,,,Nhà thầu phụ công trình
1760,雙禧園建設開發有限公司,,,'062032612,,,,710台灣臺南市永康區龍潭里龍埔街71-5號,,,,,,,,0,,,Công ty xây dựng
1761,陞旺建設股份有限公司,,,'062011672,,,,710台灣臺南市永康區永明里永明街231巷53號,,,,,,,,0,,,Nhà thầu phụ công trình
1762,明田營造有限公司,,,'076615761,,,,842台灣高雄市旗山區瑞吉里旗甲路一段43號,,,,,,,,0,,,Công ty xây dựng
1763,億栓營造有限公司,,,'076071696,,,,821台灣高雄市路竹區北嶺里民有路81號,,,,,,,,0,,,Công ty xây dựng
1764,玄洲建設開發股份有限公司,,,'062397278,,,,711台灣台灣省台南市 歸仁區中山路一段411號2樓,,,,,,,,0,,,Nhà thầu phụ công trình
1765,巴克建設有限公司,,,,,,,710台灣臺南市永康區永康里聖龍街186巷46號,,,,,,,,0,,,Công ty xây dựng
1766,禾銓開發建設有限公司,,,'063301160,,,,717台灣臺南市歸仁區六甲里六甲路315號,,,,,,,,0,,,Nhà thầu phụ công trình
1767,鼎舜建設有限公司,,,'062390688,,,,711台灣臺南市歸仁區看西里仁愛十六街6號,,,,,,,,0,,,Nhà thầu phụ công trình
1768,洺揮建設股份有限公司,,,'062544567,,,,710台灣台灣省永康區鹽東段561地號,,,,,,,,0,,,Nhà thầu phụ công trình
1769,健合營造股份有限公司,,,'062678278,,,,701台灣台灣省東區和平里仁和路83號,,,,,,,,0,,,Công ty xây dựng
1770,冠宥有限公司,,,'065930302,,,,745台灣臺南市安定區嘉同里嘉榮路371號,,,,,,,,0,,,Công ty xây dựng
1771,東錡建設有限公司,,,'052315999,,,,741台灣臺南市善化區文正里興農路176號1樓,,,,,,,,0,,,Nhà thầu phụ công trình
1772,立美建設有限公司,,,'062200896,,,,704台灣臺南市北區公園里成功路50號,,,,,,,,0,,,Công ty xây dựng
1773,龍捲峰工程行,,,,,,,829台灣高雄市湖內區海埔里中華街74巷6號,,,,,,,,0,,,Công ty công trình dân dụng / Kỹ thuật dân dụng
1774,威創工程,,,'0930221937,,,,820101台灣高雄市岡山區石潭里石潭路79巷32-1號,,,,,,,,0,,,Nhà thầu
1775,星玥營造工程有限公司,,,,,,,710台灣臺南市永康區北興里大同街672號,,,,,,,,0,,,Công ty xây dựng
1776,昶盛營造有限公司,,,'062529986,,,,70447台灣臺南市北區北門里長榮路五段452巷14弄12號,,,,,,,,0,,,Công ty xây dựng
1777,川禾營造有限公司,,,,,,,741台灣臺南市善化區田寮里141號,,,,,,,,0,,,Công ty xây dựng
1778,新雄營造股份有限公司,,,'076982094,,,,821台灣高雄市路竹區竹滬里華光路1巷2弄9號,,,,,,,,0,,,Nhà thầu phụ công trình
1779,Spa,,,'062816767,,,,710台灣臺南市永康區,,,,,,,,0,,,Công ty xây dựng
1780,世界湖美麗,,,,,,,700台灣臺南市中西區西湖里民權路四段128號,,,,,,,,0,,,Đơn vị xây dựng nhà
1781,名人經典 NO.2,,,'077022772,,,,830台灣高雄市鳳山區鳳東里環河東街51號,,,,,,,,0,,,Đơn vị xây dựng nhà
1782,義昌興建設股份有限公司,,,'0422555333,,,,406台灣臺中市北屯區平興里崇德二路一段,,,,,,,,0,,,Công ty xây dựng
1783,大豐益建設股份有限公司,,,'0424371241,,,,406台灣臺中市北屯區三和里東山路一段138巷12號,,,,,,,,0,,,Nhà thầu phụ công trình
1784,鼎大營造工程有限公司,,,'0423154986,,,,407台灣西屯區何德里大信街50號,,,,,,,,0,,,Nhà thầu phụ công trình
1785,金栩工程行,,,'0976261354,,,,541台灣南投縣中寮鄉永平村復興巷1之21號,,,,,,,,0,,,Công ty công trình dân dụng / Kỹ thuật dân dụng
1786,鎮彰土木包工業,,,'0492569775,,,,542台灣南投縣草屯鎮富寮里中正路405-10號,,,,,,,,0,,,Nhà thầu phụ công trình
1787,貿隆工程有限公司,,,'0919271845,,,,404台灣臺中市北區錦洲里瑞祥街30巷5-4號,,,,,,,,0,,,Công ty công trình dân dụng / Kỹ thuật dân dụng
1788,開通大地工程股份有限公司,,,'072411212,,,,801台灣高雄市前金區民生里前金一街3號,,,,,,,,0,,,Nhà thầu phụ công trình
1789,開源營造股份有限公司,,,'072353028,,,,800台灣新興區興昌里中東街266號,,,,,,,,0,,,Công ty xây dựng
1790,高輝營造工程股份有限公司,,,'073723079,,,,814台灣高雄市仁武區灣內里仁心路199巷1號,,,,,,,,0,,,Công ty xây dựng
1791,新森峰建築師事務所/向田建設公司,,,,,,,242台灣新北市新莊區昌平里中央路222號3樓,,,,,,,,0,,,Công ty xây dựng
1792,廣運建設股份有限公司,,,'0223467000,,,,110台灣臺北市信義區松光里忠孝東路五段510號15號樓之2,,,,,,,,0,,,Công ty xây dựng
1793,嘉廷建設股份有限公司,,,'0229551431,,,,220台灣板橋區廣德里重慶路253號,,,,,,,,0,,,Công ty xây dựng
1794,華豐建設開發股份有限公司,,,'0223628379,,,,106台灣大安區古莊里羅斯福路三段149號,,,,,,,,0,,,Công ty xây dựng
1795,合泰建築經理股份有限公司,,,'0277048188,,,,106台灣大安區義安里敦化南路二段77號,,,,,,,,0,,,Công ty xây dựng
1796,碁泰營造有限公司,,,'069221003,,,,880台灣澎湖縣馬公市興仁里雙頭掛60-60號,,,,,,,,0,,,Công ty xây dựng
1797,云泰企業,,,'0928685261,,,,880台灣澎湖縣馬公市石泉里10-27號,,,,,,,,0,,,Công ty xây dựng
1798,十鋰建設有限公司,,,'069210036,,,,880台灣澎湖縣馬公市西文里新生路355號1樓,,,,,,,,0,,,Công ty xây dựng
1799,浩成工程｜桃園戶外南方松・塑木平台・圍籬施工,,,'0917699403,,,,324台灣桃園市平鎮區鎮興里中庸路一段355-1號,,,,,,,,0,,,Công ty xây dựng
1800,漢林營造股份有限公司,,,'034506771,,,,324台灣桃園市平鎮區建安里平東路一段26巷86-1號,,,,,,,,0,,,Công ty xây dựng
1801,凱楠營造有限公司,,,'033872256,,,,335台灣大溪區義和里安和路65號,,,,,,,,0,,,Công ty công trình dân dụng / Kỹ thuật dân dụng
1802,義源工程有限公司,,,'034993088,,,,325台灣桃園市龍潭區中興里中興路352號,,,,,,,,0,,,Công ty công trình dân dụng / Kỹ thuật dân dụng
1803,雙枝營造有限公司,,,'035762580,,,,308台灣新竹縣寶山鄉新城村寶新路二段169巷12號,,,,,,,,0,,,Công ty xây dựng
1804,皇家建設工程股份有限公司,,,'035207649,,,,300台灣新竹市東區湖濱里明湖路486巷46弄22號,,,,,,,,0,,,Nhà thầu phụ công trình
1805,瑞明建設股份有限公司,,,'037675295,,,,351台灣苗栗縣頭份市蟠桃里中央路399號,,,,,,,,0,,,Công ty xây dựng
1806,未來里建設,,,'035217025,,,,300台灣新竹市北區中山里大同路109號3樓,,,,,,,,0,,,Công ty xây dựng
1807,瑞展機電工程有限公司,,,'039550629,,,,268台灣宜蘭縣五結鄉四結村中興路三段281號,,,,,,,,0,,,Nhà thầu phụ công trình
1808,香榭麗舍10,,,,,,,269台灣宜蘭縣冬山鄉得安村鹿得二路235號,,,,,,,,0,,,Công ty xây dựng
1809,朕承建設(弘勝)公司,,,'0913353867,,,,269台灣宜蘭縣冬山鄉廣安村廣安路173號,,,,,,,,0,,,Công ty xây dựng
1810,十億營造枋寮工務所,,,,,,,940台灣屏東縣枋寮鄉內寮村附近的940,,,,,,,,0,,,Đơn vị xây dựng nhà
1811,四重溪222-5,,,,,,,944台灣屏東縣車城鄉溫泉村溫泉路88號,,,,,,,,0,,,Công ty xây dựng
1812,明凱工程行 童爸比#農夫妻好芒（愛文芒果）,,,'0925309056,,,,943台灣屏東縣獅子鄉內獅村44-2號,,,,,,,,0,,,Nhà thầu
1813,振記水電工程有限公司,,,'088866898,,,,946台灣屏東縣恆春鎮大光里大光路141號之5號,,,,,,,,0,,,Nhà thầu phụ công trình
1814,全信鐵工所,,,'088801166,,,,947台灣屏東縣滿州鄉滿州村中山路131號,,,,,,,,0,,,Nhà thầu phụ công trình
1815,尚圓建設,,,'056360338,,,,632台灣雲林縣虎尾鎮公安里公安路178-6號4 樓,,,,,,,,0,,,Đơn vị xây dựng nhà
1816,傳寶建設有限公司,,,'073495888,,,,813台灣左營區福山里文恩路5號,,,,,,,,0,,,Công ty xây dựng
1817,鴻桿企業社,,,'0982596798,,,,74551台灣臺南市安定區海寮198之2號號,,,,,,,,0,,,Dịch vụ phục hồi / trùng tu công trình
1818,台創工程技術顧問有限公司(南部辦公室),,,'076104580,,,,826004台灣高雄市梓官區赤崁里赤崁東路267巷28號,,,,,,,,0,,,Công ty công trình dân dụng / Kỹ thuật dân dụng
1819,城鼎開發股份有限公司,,,'088881977,,,,946台灣屏東縣恆春鎮仁壽里五里亭段242地號,,,,,,,,0,,,Nhà thầu phụ công trình
1820,緯橋土木包工業,,,'088898370,,,,946台灣屏東縣恆春鎮山腳里恒南路63號,,,,,,,,0,,,Nhà thầu
1821,大豐工程行,,,,,,,944台灣屏東縣車城鄉村山瑤路3之3號,,,,,,,,0,,,Đơn vị xây dựng nhà
1822,勝隆土木包工業,,,'089791289,,,,965台灣臺東縣大武鄉大武村大武街100號,,,,,,,,0,,,Nhà thầu
1823,慢槳時光SUP,,,,,,,951台灣臺東縣綠島鄉,,,,,,,,0,,,Công ty xây dựng
1824,地宏建設,,,,,,,950台灣臺東縣臺東市,,,,,,,,0,,,Nhà thầu
1825,秉辰土木包工業,,,'089340220,,,,950台灣臺東縣臺東市成功里南海路52-09號,,,,,,,,0,,,Nhà thầu
1826,聯程企業有限公司,,,'089345955,,,,950台灣臺東縣臺東市中心里新生路537巷3號,,,,,,,,0,,,Nhà thầu
1827,謝清溪,,,'089672523,,,,951台灣臺東縣綠島鄉14號,,,,,,,,0,,,Nhà thầu phụ công trình
1828,實邑建設,,,'076220727,,,,820台灣高雄市岡山區竹圍里富貴南街32巷1號,,,,,,,,0,,,Công ty xây dựng
1829,遠揚營造RKC02標工務所,,,'076258011,,,,820台灣高雄市岡山區和平里和平北街1之2號,,,,,,,,0,,,Công ty xây dựng
1830,凱甲企業有限公司,,,'076168931,,,,82446台灣高雄市燕巢區中安路349號,,,,,,,,0,,,Công ty xây dựng
1831,承園營造有限公司,,,'076226633,,,,820台灣高雄市岡山區後紅里岡燕路270號,,,,,,,,0,,,Công ty xây dựng
1832,雄佳工程行,,,'0956536888,,,,712台灣臺南市新化區太平里大德路21巷20號,,,,,,,,0,,,Công ty xây dựng
1833,小春日和,,,'0981772999,,,,720台灣臺南市官田區官田里149-6號,,,,,,,,0,,,Công ty xây dựng
1834,盈豐建設有限公司,,,'076816571,,,,843台灣高雄市美濃區,,,,,,,,0,,,Nhà thầu phụ công trình
1835,璟達營造有限公司,,,'076233016,,,,820台灣高雄市岡山區碧紅里維新東街8號,,,,,,,,0,,,Công ty xây dựng
1836,立棟營造有限公司,,,'066901089,,,,720台灣臺南市官田區渡頭里37之1號1樓,,,,,,,,0,,,Đơn vị xây dựng nhà
1837,領秀,,,,,,,741台灣臺南市善化區蓮潭里蓮潭路3號,,,,,,,,0,,,Công ty xây dựng
1838,淮勝科技有限公司,,,,,,,744台灣臺南市新市區大社里,,,,,,,,0,,,Công ty xây dựng
1839,本遑工程行,,,'0900248395,,,,718台灣臺南市關廟區中正路,,,,,,,,0,,,Công ty xây dựng
1840,萬事屋工程行,,,'0906371137,,,,84649台灣高雄市杉林區月眉里清水路合興巷20號,,,,,,,,0,,,Công ty xây dựng
1841,銘震營造工程有限公司,,,'076831024,,,,843台灣高雄市美濃區吉和里忠孝路二段111號,,,,,,,,0,,,Công ty xây dựng
1842,渠富建設股份有限公司,,,'076211958,,,,820台灣高雄市岡山區碧紅里中山北路38之1號6樓,,,,,,,,0,,,Nhà thầu phụ công trình
1843,天陽建設．天詠開發聯合接待中心,,,'065953988,,,,718台灣臺南市關廟區關廟里民生街18巷,,,,,,,,0,,,Công ty xây dựng
1844,淳寬建設股份有限公司,,,'065911891,http://vip.arch-world.com.tw/94284.html,,,712台灣台灣省新化區那拔里牧場73號,,,,,,,,0,,,Công ty xây dựng
1845,泛亞工程建設股份有限公司,,,'076693129,,,,842台灣高雄市旗山區圓富里泰山路1號,,,,,,,,0,,,Nhà thầu phụ công trình
1846,雄崗建設股份有限公司,,,'075528139,http://www.hkart.com.tw/,,,804台灣高雄市鼓山區龍子里裕誠路1898號2樓,,,,,,,,0,,,Đơn vị xây dựng nhà
1847,本樂水電工程,,,'0980983665,,,,901台灣屏東縣三地門鄉馬兒村,,,,,,,,0,,,Công ty xây dựng
1848,采京建設有限公司,,,'065899925,,,,744台灣台灣省台南市 新市區中山路20號之18,,,,,,,,0,,,Nhà thầu phụ công trình
1849,祥盛營造有限公司,,,,,,,720台灣臺南市官田區官田里,,,,,,,,0,,,Công ty xây dựng
1850,弘運開發有限公司,,,,,,,711台灣臺南市歸仁區,,,,,,,,0,,,Công ty xây dựng
1851,添隆,,,,,,,743台灣臺南市山上區103號,,,,,,,,0,,,Đơn vị xây dựng nhà
1852,GUC碁園工程,,,'0973513538,,,,842台灣高雄市旗山區太平里旗南一路9-1號,,,,,,,,0,,,Nhà thầu phụ công trình
1853,美濃工務所,,,'076811639,,,,"22號, No. 22號中山路二段782巷福安里美濃區高雄市台灣 843",,,,,,,,0,,,Công ty xây dựng
1854,鼎瀚土木工程有限公司,,,,,,,712台灣臺南市新化區豐榮里中山路693-2號,,,,,,,,0,,,Đơn vị xây dựng nhà
1855,連吉騰日台南工程組,,,,,,,713台灣臺南市左鎮區岡林里48-2號,,,,,,,,0,,,Công ty công trình dân dụng / Kỹ thuật dân dụng
1856,金圓建設股份有限公司,,,'077918358,,,,812台灣高雄市小港區孔宅里孔鳳路119號1樓,,,,,,,,0,,,Nhà thầu phụ công trình
1857,瑋懋營造有限公司,,,'088682221,,,,932台灣屏東縣新園鄉仙吉村興農路29之29號,,,,,,,,0,,,Công ty xây dựng
1858,友井建設有限公司,,,'087890016,,,,920台灣屏東縣潮州鎮永春里中洲路224號,,,,,,,,0,,,Công ty xây dựng
1859,韻荷有限公司,,,'0903030651,,,,830台灣高雄市鳳山區過埤里頂明路177號,,,,,,,,0,,,Công ty xây dựng
1860,鈺誠鋼構有限公司,,,,,,,911台灣屏東縣竹田鄉鳳明村鳳新路477之1號,,,,,,,,0,,,Công ty xây dựng
1861,吉隆森暘｜接待中心,,,'073527006,,,,830台灣高雄市鳳山區高鳳一路70號,,,,,,,,0,,,Công ty xây dựng
1862,銳揚新樂章 接待中心,,,'077911000,,,,830台灣高雄市鳳山區,,,,,,,,0,,,Đơn vị xây dựng nhà
1863,三木工程股份有限公司,,,'077871385,,,,831台灣高雄市大寮區過溪里華中路30號,,,,,,,,0,,,Công ty xây dựng
1864,華盛營造工程有限公司,,,'077880569,,,,831台灣高雄市大寮區大寮里大寮路856巷16-2號,,,,,,,,0,,,Công ty xây dựng
1865,玖貳工程行,,,'0987310991,,,,913台灣屏東縣萬丹鄉萬安村丹榮路601號 號,,,,,,,,0,,,Công ty xây dựng
1866,中國營建股份有限公司,,,'077871249,,,,831台灣高雄市大寮區會結里會營街540號,,,,,,,,0,,,Công ty xây dựng
1867,澄德建設股份有限公司,,,'077874005,,,,831台灣高雄市 大寮區仁德路11號之2,,,,,,,,0,,,Nhà thầu phụ công trình
1868,國立建設有限公司,,,'077965603,,,,830台灣高雄市 鳳山區保南一路78號,,,,,,,,0,,,Nhà thầu phụ công trình
1869,慶紘建設企業有限公司,,,'077920666,,,,830台灣高雄市鳳山區過埤里過埤路99號,,,,,,,,0,,,Nhà thầu phụ công trình
1870,鑫久工程行,,,'0976822372,,,,832台灣高雄市林園區東林東路188巷66弄3號2樓,,,,,,,,0,,,Công ty xây dựng
1871,鋐利工程有限公司,,,'078715608,,,,812台灣高雄市小港區鳳林里鳳北路163號,,,,,,,,0,,,Đơn vị xây dựng nhà
1872,恆耀建設股份有限公司,,,'078231100,,,,80611台灣高雄市前鎮區鎮北里南六路2號,,,,,,,,0,,,Công ty xây dựng
1873,棋琴文錦苑,,,'078316160,,,,830台灣高雄市鳳山區鎮南里龍成路34巷46號,,,,,,,,0,,,Công ty xây dựng
1874,佶融工程行,,,'0970406506,,,,83157台灣高雄市大寮區內坑里內坑路,,,,,,,,0,,,Công ty xây dựng
1875,佳鋐首邑(仁和段),,,,,,,701台灣臺南市東區和平里文化三街12～36號,,,,,,,,0,,,Công ty xây dựng
1876,安賀建設有限公司,,,'062809926,,,,704台灣台灣省北區裕民里臨安路二段143巷17號,,,,,,,,0,,,Công ty xây dựng
1877,高英建設股份有限公司,,,'062977188,,,,708台灣臺南市安平區平通里平通路580巷107號,,,,,,,,0,,,Công ty xây dựng
1878,金士發建設股份有限公司,,,,,,,708台灣臺南市安平區億載里安億路360號4 樓,,,,,,,,0,,,Công ty xây dựng
1879,臻富建設有限公司,,,'062051031,,,,710台灣臺南市永康區西灣里永華路273巷21弄1號,,,,,,,,0,,,Nhà thầu phụ công trình
1880,正宸裝修工程-舊屋翻新.房屋修繕.石材.磁磚施作.統包工程,,,'0978330298,,,,813台灣高雄市左營區崇實里先鋒路359號,,,,,,,,0,,,Nhà thầu phụ công trình
1881,尚鼎營造,,,,,,,952台灣臺東縣蘭嶼鄉椰油村椰油路1號之2,,,,,,,,0,,,Công ty xây dựng
1882,松山營造有限公司,,,'077765678,,,,830台灣高雄市鳳山區文英里文西街45號,,,,,,,,0,,,Công ty xây dựng
1883,唐億營造股份有限公司,,,'089792928,,,,965台灣臺東縣大武鄉大武村復興路69號,,,,,,,,0,,,Nhà thầu phụ công trình
1884,松譽建設股份有限公司,,,,,,,807台灣高雄市三民區鼎強里鼎強街283號,,,,,,,,0,,,Công ty xây dựng
1885,鴻閣建設股份有限公司,,,,,,,114台灣臺北市內湖區金湖里成功路五段77號5 樓,,,,,,,,0,,,Công ty xây dựng
1886,復興營造股份有限公司,,,'0227698962,,,,"7樓, No. 225號南京東路五段安平里松山區臺北市台灣 105",,,,,,,,0,,,Công ty xây dựng
1887,瑞築建設股份有限公司,,,,,,,114台灣臺北市內湖區石潭里行善路467號7F,,,,,,,,0,,,Công ty xây dựng
1888,基泰建設,,,'0204879487,,,,110台灣臺北市信義區,,,,,,,,0,,,Đơn vị xây dựng nhà
1889,陽明營造股份有限公司,,,'0287923399,,,,114台灣臺北市內湖區湖元里新湖三路237號,,,,,,,,0,,,Công ty xây dựng
1890,忠欣建築,,,'0227888600,,,,115台灣臺北市南港區東新里東明街123巷24號,,,,,,,,0,,,Công ty xây dựng
1891,金藏營造工程股份有限公司,,,'0227175058,,,,114台灣臺北市內湖區湖元里行善路450號7樓,,,,,,,,0,,,Công ty xây dựng
1892,兆聯建設股份有限公司,,,,,,,110台灣臺北市信義區松德路65號11號2,,,,,,,,0,,,Công ty xây dựng
1893,睿紘開發建設股份有限公司,,,'0922954660,,,,114台灣臺北市內湖區金瑞里金龍路161號,,,,,,,,0,,,Công ty xây dựng
1894,久松營造股份有限公司,,,'0227481333,,,,105台灣臺北市松山區新聚里南京東路五段202號5 樓 之 1,,,,,,,,0,,,Công ty xây dựng
1895,昇萌股份有限公司,,,'0227885831,,,,115台灣臺北市南港區南港里興中路28巷28號3樓之3,,,,,,,,0,,,Đơn vị xây dựng nhà
1896,大業工程股份有限公司,,,'0227892988,,,,115台灣南港區合成里忠孝東路五段815號,,,,,,,,0,,,Công ty xây dựng
1897,澔豐營造股份有限公司,,,'0227835588,,,,115台灣臺北市南港區東新里重陽路196號2樓,,,,,,,,0,,,Nhà thầu phụ công trình
1898,嘉泰營造股份有限公司,,,'0227962228,,,,114台灣臺北市內湖區湖興里民權東路六段160號13樓,,,,,,,,0,,,Công ty xây dựng
1899,敦元建設股份有限公司,,,'0227953311,,,,114台灣臺北市內湖區金龍里金龍路13巷5號,,,,,,,,0,,,Công ty xây dựng
1900,亞億營造股份有限公司,,,'0287873061,,,,105台灣臺北市內湖區湖元里民權東路六段21巷31號4樓,,,,,,,,0,,,Công ty xây dựng
1901,朱騰惠建築師事務所,,,'0287510101,,,,114台灣內湖區西湖里基湖路3巷9號,,,,,,,,0,,,Công ty xây dựng
1902,入進營造有限公司,,,'0227647093,,,,110台灣信義區四維里松山路204巷2號,,,,,,,,0,,,Công ty xây dựng
1903,內湖宅,,,'0932003510,,,,114台灣臺北市內湖區紫陽里陽光街92巷7弄,,,,,,,,0,,,Đơn vị xây dựng nhà
1904,文心建設,,,,,,,114台灣臺北市內湖區港墘里內湖路一段388號3樓,,,,,,,,0,,,Công ty xây dựng
1905,捷寶建設股份有限公司,,,'0226591563,,,,114台灣臺北市內湖區西湖里瑞光路584號,,,,,,,,0,,,Đơn vị xây dựng nhà
1906,拯宏工程行,,,'0916041193,,,,202台灣基隆市中正區砂灣里正榮街112巷3-6號,,,,,,,,0,,,Nhà thầu phụ công trình
1907,湧立營造工程股份有限公司,,,'0224525690,,,,206台灣基隆市七堵區長安里長安街208巷14號,,,,,,,,0,,,Nhà thầu phụ công trình
1908,阿坡石材美容/大理石/花崗石/人造石/石材安裝/石材保養/石材修補/石材研磨/石材老舊重新研磨翻新/磁磚修補/磁磚膠填美縫處理/磁磚地坪隆起重貼修復工程/磁磚空心灌注工程！,,,'0927125580,,,,221台灣新北市汐止區忠孝里樟樹一路1巷44號,,,,,,,,0,,,Dịch vụ phục hồi / trùng tu công trình
1909,雙齊建設有限公司,,,'048730055,,,,511台灣彰化縣社頭鄉松竹村清水岩路9號,,,,,,,,0,,,Công ty xây dựng
1910,四季春,,,'073516110,,,,815台灣高雄市楠梓區三奶里經建路88號,,,,,,,,0,,,Đơn vị xây dựng nhà
1911,誠茗建設開發有限公司,,,'034577373,,,,320台灣桃園市中壢區東興里東昇街15號,,,,,,,,0,,,Nhà thầu phụ công trình
1912,鉅人建設股份有限公司,,,'038662680,,,,"974台灣花蓮縣壽豐鄉平和村吳全134號之1, 1號樓之2",,,,,,,,0,,,Nhà thầu phụ công trình
1913,甜甜的甜點/溢滿工程行,,,'0905965305,,,,974台灣花蓮縣壽豐鄉豐坪村豐正路二段14號,,,,,,,,0,,,Công ty xây dựng
1914,億東營造股份有限公司-瑞穗工務所,,,,,,,978台灣花蓮縣瑞穗鄉溫泉一街,,,,,,,,0,,,Công ty xây dựng
1915,花建實業有限公司,,,'038771993,,,,975台灣花蓮縣鳳林鎮榮開路39號,,,,,,,,0,,,Công ty xây dựng
1916,宜榮工程 瑞穗工務所,,,,,,,978台灣花蓮縣瑞穗鄉瑞美村瑞安路7號,,,,,,,,0,,,Công ty xây dựng
1917,鼎立鷹架工程行,,,'0913657763,,,,974台灣花蓮縣壽豐鄉豐山村信義街45號,,,,,,,,0,,,Công ty xây dựng
1918,騏霖景觀工程行,,,'038650561,,,,974台灣花蓮縣壽豐鄉豐山村仁愛街45巷1號,,,,,,,,0,,,Nhà thầu phụ công trình
1919,玉昌水電工程有限公司,,,'038771572,,,,975台灣花蓮縣鳳林鎮林榮里永康街4號,,,,,,,,0,,,Nhà thầu phụ công trình
1920,連發企業社,,,'038872352,,,,978台灣花蓮縣瑞穗鄉瑞達路二段,,,,,,,,0,,,Nhà thầu phụ công trình
1921,大元玻璃工程行,,,'0955254795,,,,"No. 218號, 中正北路三段瑞穗鄉花蓮縣台灣 978",,,,,,,,0,,,Nhà thầu
1922,瑞豐工程行,,,,,,,974台灣花蓮縣壽豐鄉志學村久富5-5號,,,,,,,,0,,,Công ty xây dựng
1923,向元工程行,,,'0933993256,,,,975台灣花蓮縣鳳林鎮鳳禮里光復路26-1號,,,,,,,,0,,,Dịch vụ phục hồi / trùng tu công trình
1924,東方璞美招待中心,,,'0906686388,,,,545017台灣南投縣埔里鎮蜈蚣里中山路一段237之7號,,,,,,,,0,,,Đơn vị xây dựng nhà
1925,俊吉營造光復工務所,,,'038700702,,,,976台灣花蓮縣光復鄉大全村中山路一段52之1號,,,,,,,,0,,,Công ty xây dựng
1926,金鐘土木包工業,,,'038705100,,,,976台灣花蓮縣光復鄉大安村中華路33號,,,,,,,,0,,,Nhà thầu phụ công trình
1927,學順企業社（鐵工廠）,,,'038883748,,,,981台灣花蓮縣玉里鎮源城里95之2號,,,,,,,,0,,,Nhà thầu phụ công trình
1928,嘉祐土木包工業,,,'089831098,,,,962台灣臺東縣長濱鄉208號之4號,,,,,,,,0,,,Nhà thầu phụ công trình
1929,瑞鋒營造有限公司,,,'038873952,,,,978台灣花蓮縣瑞穗鄉瑞北段0057-000地號,,,,,,,,0,,,Nhà thầu phụ công trình
1930,勁霆工程-玉里辦公室,,,,,,,981台灣花蓮縣玉里鎮大禹里,,,,,,,,0,,,Công ty xây dựng
1931,宏羿建設有限公司,,,'038887229,,,,981台灣花蓮縣玉里鎮中城里中正路3號,,,,,,,,0,,,Công ty xây dựng
1932,楊炳國建築師事務所,,,'038870631,,,,978台灣花蓮縣瑞穗鄉瑞穗村中華路86號之2號,,,,,,,,0,,,Nhà thầu phụ công trình
1933,基逢,,,,,,,981台灣花蓮縣玉里鎮35-1號,,,,,,,,0,,,Công ty xây dựng
1934,丁丁油漆工程行,,,'0975957751,,,,981台灣花蓮縣玉里鎮建國五街30號,,,,,,,,0,,,Công ty xây dựng
1935,財承通運有限公司,,,,,,,552台灣南投縣集集鎮集集里名水路二段224號,,,,,,,,0,,,Công ty xây dựng
1936,立軒營造,,,'0912951037,,,,423台灣臺中市東勢區慶福里中部橫貫公路120號,,,,,,,,0,,,Công ty xây dựng
1937,江厝工程行,,,'0905910927,,,,552台灣南投縣集集鎮永昌里東昌巷6號,,,,,,,,0,,,Công ty xây dựng
1938,中台灣營造興中山莊工務所,,,'0425820108,,,,426台灣臺中市新社區華豐街426號137-1號,,,,,,,,0,,,Công ty xây dựng
1939,昌暉營造有限公司,,,'0492933025,,,,545台灣南投縣埔里鎮牛眠里西安路二段136巷19號,,,,,,,,0,,,Nhà thầu phụ công trình
1940,潁川山坊,,,'0922556831,,,,55244台灣南投縣集集鎮民生六街3號,,,,,,,,0,,,Đơn vị xây dựng nhà
1941,西北水電工程行,,,'0492911888,,,,545台灣南投縣埔里鎮大城里信義路1066號,,,,,,,,0,,,Nhà thầu phụ công trình
1942,鴻邑雲山硯,,,,,,,406台灣臺中市北屯區太安中街,,,,,,,,0,,,Đơn vị xây dựng nhà
1943,富裕工程行,,,'0937606983,,,,423台灣臺中市東勢區新盛里新盛六街189號,,,,,,,,0,,,Công ty công trình dân dụng / Kỹ thuật dân dụng
1944,茂誼工程-有限公司,,,'0492777934,,,,553台灣南投縣水里鄉中央村水雲路70號號旁,,,,,,,,0,,,Nhà thầu
1945,祥瀚興營造有限公司,,,,,,,422台灣臺中市石岡區九房里豐勢路九房巷62-1號1樓,,,,,,,,0,,,Công ty xây dựng
1946,誠石建設股份有限公司,,,'0423910326,,,,"5號之5, No. 5號之5育德路新坪里太平區臺中市台灣 411",,,,,,,,0,,,Nhà thầu phụ công trình
1947,程隆開發工程有限公司,,,'0979328957,,,,973台灣花蓮縣吉安鄉中原路一段227號,,,,,,,,0,,,Nhà thầu
1948,尚芳建設股份有限公司,,,'038572883,,,,970台灣花蓮縣花蓮市國興里介林五街36號,,,,,,,,0,,,Công ty xây dựng
1949,大三通營造有限公司,,,'038421859,,,,973台灣花蓮縣吉安鄉仁和村南海五街230巷11號號 1樓,,,,,,,,0,,,Công ty xây dựng
1950,星輝鐵工廠,,,'0988500928,,,,970台灣花蓮縣花蓮市民權里北濱街118號,,,,,,,,0,,,Đơn vị xây dựng nhà
1951,龍華預拌混凝土有限公司,,,'038611198,,,,971台灣花蓮縣新城鄉新城村新興一路1巷6號,,,,,,,,0,,,Công ty xây dựng
1952,星耀建設有限公司,,,'038331320,,,,970台灣花蓮縣花蓮市國聯里國興五街115號,,,,,,,,0,,,Công ty xây dựng
1953,勝聯土木,,,,,,,972台灣花蓮縣秀林鄉富世村中部橫貫公路68號,,,,,,,,0,,,Công ty xây dựng
1954,順風營造有限公司,,,,,,,970台灣花蓮縣花蓮市國裕里富吉路81號,,,,,,,,0,,,Công ty xây dựng
1955,兄弟土木包工業,,,'038560133,,,,970台灣花蓮縣花蓮市國強里豐村路158號,,,,,,,,0,,,Nhà thầu
1956,天譽營造有限公司,,,'038563651,,,,973台灣花蓮縣吉安鄉國富里莊敬路203號,,,,,,,,0,,,Nhà thầu
1957,光昇營造股份有限公司,,,'038536860,,,,973台灣花蓮縣吉安鄉南昌村中山路二段89號,,,,,,,,0,,,Nhà thầu phụ công trình
1958,東建土木包工業,,,'038239011,,,,970台灣花蓮縣花蓮市國光里尚志路22號,,,,,,,,0,,,Công ty xây dựng
1959,慶譽營造有限公司,,,'038360799,,,,970台灣花蓮縣花蓮市國華里建林街158號1樓,,,,,,,,0,,,Nhà thầu
1960,美麗家建設有限公司,,,'038312149,,,,970台灣花蓮縣花蓮市國盛里國盛一街180號,,,,,,,,0,,,Công ty xây dựng
1961,昇豐工程行,,,,,,,973台灣花蓮縣吉安鄉北昌村北昌一街97巷1號4 樓,,,,,,,,0,,,Công ty xây dựng
1962,銳城土木包工業(長峰企業社),,,'0978817501,,,,973台灣花蓮縣吉安鄉南昌村昌隆三街26號,,,,,,,,0,,,Công ty công trình dân dụng / Kỹ thuật dân dụng
1963,立豐營造有限公司,,,'038531718,,,,973台灣花蓮縣吉安鄉村民治路336巷29號1樓,,,,,,,,0,,,Công ty xây dựng
1964,全能土木包工業,,,'038578876,,,,973台灣花蓮縣吉安鄉太昌村明義七街26號,,,,,,,,0,,,Nhà thầu
1965,子午測量工程顧問有限公司,,,'038228165,,,,970台灣花蓮縣花蓮市民政里中美十二街23號,,,,,,,,0,,,Nhà thầu
1966,東霆營造有限公司,,,'038347212,,,,970台灣花蓮縣花蓮市國華里林森路361巷4弄17號,,,,,,,,0,,,Nhà thầu phụ công trình
1967,正輝土木包工業,,,'038567171,,,,970台灣花蓮縣花蓮市國慶里中山路一段138巷75號,,,,,,,,0,,,Nhà thầu
1968,翔順建材行,,,'0492652727,,,,557台灣南投縣竹山鎮中山里鯉南路26-67號,,,,,,,,0,,,Đơn vị xây dựng nhà
1969,世界廣告,,,,,,,557台灣南投縣竹山鎮延正里延正路174-6號,,,,,,,,0,,,Công ty xây dựng
1970,黃羅建設有限公司,,,'0492225235,,,,540台灣南投縣南投市嘉興里彰南路一段351號,,,,,,,,0,,,Nhà thầu phụ công trình
1971,連春營造有限公司,,,'0492248192,,,,540台灣南投縣南投市振興里南鄉路342號,,,,,,,,0,,,Nhà thầu phụ công trình
1972,承泰營造有限公司,,,'0492771717,,,,553台灣南投縣水里鄉南光村中山路一段55號,,,,,,,,0,,,Nhà thầu phụ công trình
1973,宗昱土木包工業,,,'0492735345,,,,551台灣南投縣名間鄉南雅村南雅街97號,,,,,,,,0,,,Công ty xây dựng
1974,聖德資產開發有限公司,,,'0492653300,,,,557台灣南投縣竹山鎮竹山里大明路241號,,,,,,,,0,,,Nhà thầu phụ công trình
1975,聯騰工程有限公司,,,'0917578133,,,,540台灣南投縣南投市振興里南鄉路146號,,,,,,,,0,,,Công ty xây dựng
1976,茂勝文旅,,,,,,,551台灣南投縣名間鄉中山村彰南路255-50號,,,,,,,,0,,,Đơn vị xây dựng nhà
1977,永昌木器裝潢行,,,,,,,555台灣南投縣魚池鄉大林村永川巷15號,,,,,,,,0,,,Công ty xây dựng
1978,鎮家堡建設有限公司,,,,,,,540台灣南投縣南投市平和里信義街1-6號,,,,,,,,0,,,Công ty xây dựng
1979,華泰水電工程行,,,'0492855276,,,,555台灣南投縣魚池鄉水社村中山路439號,,,,,,,,0,,,Nhà thầu phụ công trình
1980,昶捷營造有限公司,,,'0492228248,,,,540台灣南投縣南投市三和里中山南街61-1號,,,,,,,,0,,,Công ty xây dựng
1981,基元集集臨時工務所,,,,,,,557台灣南投縣竹山鎮富州里,,,,,,,,0,,,Công ty xây dựng
1982,陳木良,,,'0492623698,,,,557台灣南投縣竹山鎮山崇里集山路二段147巷31號,,,,,,,,0,,,Nhà thầu phụ công trình
1983,聖謚工程有限公司,,,'0492241667,,,,551台灣南投縣名間鄉新街村華山街 華山巷2弄47號,,,,,,,,0,,,Nhà thầu phụ công trình
1984,新隆企業社,,,'0932587303,,,,553台灣南投縣水里鄉永興村林朋巷150-7號,,,,,,,,0,,,Công ty xây dựng
1985,輔進水電工程行,,,'0492870801,,,,553台灣南投縣水里鄉頂崁村水信路一段225巷13號,,,,,,,,0,,,Nhà thầu
1986,億源營造有限公司,,,'0492229096,,,,540台灣南投縣南投市嘉興里彰南路一段383巷17號,,,,,,,,0,,,Nhà thầu phụ công trình
1987,景鴻工程行,,,'0921649479,,,,557台灣南投縣竹山鎮下坪里,,,,,,,,0,,,Công ty xây dựng
1988,順吉水電工程行,,,'0492732437,,,,551台灣南投縣名間鄉濁水村員集路,,,,,,,,0,,,Nhà thầu phụ công trình
1989,金樹營造水里工務所,,,,,,,553台灣南投縣水里鄉水里村水里一路147號,,,,,,,,0,,,Công ty xây dựng
1990,展福工程行。 壓送工程,,,'0932550025,,,,557台灣南投縣竹山鎮延和里和育巷152號,,,,,,,,0,,,Đơn vị xây dựng nhà
1991,福億工程有限公司,,,'0492831569,,,,556台灣南投縣信義鄉卡里布安村望美段285號,,,,,,,,0,,,Nhà thầu phụ công trình
1992,煒豪工程行,,,'0492737518,,,,551台灣南投縣名間鄉東湖村彰南路259之2號,,,,,,,,0,,,Công ty công trình dân dụng / Kỹ thuật dân dụng
1993,和樹工程有限公司,,,,,,,540台灣南投縣南投市平山里竹林路111號,,,,,,,,0,,,Công ty xây dựng
1994,溢駿工程行,,,'0492200223,,,,540台灣南投縣南投市永興里八卦路36巷3號,,,,,,,,0,,,Nhà thầu phụ công trình
1995,聯成豐營造工程有限公司(彰雲工務所),,,,,,,643台灣雲林縣林內鄉林北村林內路三段100-42號,,,,,,,,0,,,Công ty công trình dân dụng / Kỹ thuật dân dụng
1996,長源土木包工業,,,'055570818,,,,640台灣雲林縣斗六市梅林里內林路91號,,,,,,,,0,,,Công ty xây dựng
1997,韓商三星12號料區,,,,,,,337台灣桃園市大園區埔心里,,,,,,,,0,,,Công ty xây dựng
1998,韓商三星四號料區,,,,,,,337台灣桃園市大園區埔心里,,,,,,,,0,,,Công ty xây dựng
1999,巨佳營造工程股份有限公司,,,,,,,320台灣桃園市中壢區新街里環北路398號10號樓之8,,,,,,,,0,,,Nhà thầu phụ công trình
2000,日商山陽工程技術股份有限公司台北分公司,,,'034535652,,,,330台灣桃園市中壢區吉林路61巷10號5樓502室,,,,,,,,0,,,Nhà thầu phụ công trình
2001,穩誠水電工程行,,,'033508021,,,,333台灣桃園市龜山區新興里自強南路763號,,,,,,,,0,,,Nhà thầu phụ công trình
2002,慶總營造有限公司,,,'034828089,,,,326台灣桃園市楊梅區三民里瑞溪路一段135號5F,,,,,,,,0,,,Công ty xây dựng
2003,和羱工程有限公司,,,'034201987,,,,324台灣桃園市平鎮區雙連里民族路雙連二段184號,,,,,,,,0,,,Đơn vị xây dựng nhà theo yêu cầu
2004,鵬群營造工程有限公司,,,'033840100,,,,337台灣桃園市大園區橫峰里平安路205號,,,,,,,,0,,,Công ty xây dựng
2005,虹橋營造工程有限公司,,,'034789390,,,,326台灣桃園市楊梅區永寧里環南路118號,,,,,,,,0,,,Công ty xây dựng
2006,兆辰土木包工業公司,,,'034692551,,,,324台灣桃園市平鎮區湧光里湧光路65號,,,,,,,,0,,,Nhà thầu phụ công trình
2007,榮達有限公司,,,'033569595,,,,330台灣桃園市龜山區中興里壽山路179之2號,,,,,,,,0,,,Công ty công trình dân dụng / Kỹ thuật dân dụng
2008,興興營造有限公司,,,,,,,338台灣桃園市蘆竹區蘆興里蘆興南路19號,,,,,,,,0,,,Công ty công trình dân dụng / Kỹ thuật dân dụng
2009,鼎運營造工程有限公司,,,'032870567,,,,"號 一 樓, No. 19致遠一路青山里大園區桃園市台灣 337",,,,,,,,0,,,Công ty xây dựng
2010,義力營造R3聯合工務所,,,,,,,337台灣桃園市大園區圳頭里中華路435號,,,,,,,,0,,,Công ty công trình dân dụng / Kỹ thuật dân dụng
2011,宇豐土木包工業有限公司,,,'0903340226,,,,335台灣桃園市大溪區仁善里埔頂路一段357巷1樓,,,,,,,,0,,,Công ty công trình dân dụng / Kỹ thuật dân dụng
2012,良記營造-中壢工務所,,,,,,,320台灣桃園市中壢區仁義里中華路二段389號,,,,,,,,0,,,Công ty công trình dân dụng / Kỹ thuật dân dụng
2013,宸康建設有限公司,,,'032871997,,,,337台灣桃園市大園區青山里致遠一路61號,,,,,,,,0,,,Công ty xây dựng
2014,云赫建設事業有限公司,,,'036992011,,,,303台灣新竹縣湖口鄉信義村中山路一段615號,,,,,,,,0,,,Công ty xây dựng
2015,嘉福建設股份有限公司,,,'034206314,,,,320台灣桃園市中壢區過嶺里民族路五段2號,,,,,,,,0,,,Công ty xây dựng
2016,國票建設股份有限公司,,,'034752999,,,,326台灣桃園市楊梅區楊江里梅山東街148號,,,,,,,,0,,,Nhà thầu phụ công trình
2017,龜總部,,,'0911264154,,,,324台灣桃園市平鎮區東社里龍南路126號,,,,,,,,0,,,Công ty xây dựng
2018,宸石建設事業股份有限公司,,,,,,,303台灣新竹縣湖口鄉中正村中正二路268號1樓,,,,,,,,0,,,Công ty xây dựng
2019,竹風建設股份有限公司,,,'036588888,,,,302台灣新竹縣竹北市竹北里環北路一段109號,,,,,,,,0,,,Nhà thầu phụ công trình
2020,騰德建築工程行,,,'0916419606,,,,320台灣桃園市中壢區中堅里光明路二段2巷15號,,,,,,,,0,,,Công ty xây dựng
2021,豐采園藝造景,,,,,,,台灣新竹縣新豐鄉埔和村12號,,,,,,,,0,,,Công ty xây dựng
2022,汰金建築團隊,,,'034261121,,,,32009台灣桃園市中壢區民權路二段72-1號,,,,,,,,0,,,Công ty xây dựng
2023,九鼎開發建設股份有限公司,,,'035566960,,,,302台灣新竹縣竹北市白地里中正西路1640號後棟,,,,,,,,0,,,Công ty xây dựng
2024,元程營造股份有限公司,,,'034991098,,,,32550台灣桃園市龍潭區黃唐里福龍路三段297巷29弄11號,,,,,,,,0,,,Đơn vị xây dựng nhà
2025,捷瑞營造有限公司,,,'0960130986,,,,302台灣新竹縣竹北市新生街96號,,,,,,,,0,,,Công ty xây dựng
2026,慶泰工程行,,,'0986177617,,,,303台灣新竹縣湖口鄉鳳山村新興路362號,,,,,,,,0,,,Nhà thầu phụ công trình
2027,文華苑II,,,'034761100,,,,328台灣桃園市觀音區大湖路二段42 號,,,,,,,,0,,,Đơn vị xây dựng nhà theo yêu cầu
2028,新銳恆股份有限公司,,,'0982858870,,,,324台灣桃園市平鎮區北華里金陵路298號,,,,,,,,0,,,Công ty công trình dân dụng / Kỹ thuật dân dụng
2029,明富土木包工業,,,,,,,30446台灣新竹縣新豐鄉坡頭村坡子頭71之5號,,,,,,,,0,,,Công ty công trình dân dụng / Kỹ thuật dân dụng
2030,友順工程有限公司,,,,,,,302台灣新竹縣竹北市竹仁里文化街148巷5號,,,,,,,,0,,,Công ty xây dựng
2031,達興企業社/松國工程有限公司,,,'0976277480,,,,308台灣新竹縣寶山鄉深井村新林路93巷30號,,,,,,,,0,,,Công ty xây dựng
2032,晨鴻營造股份有限公司 八德工務所,,,,,,,334台灣桃園市八德區茄苳里茄苳路725巷88號,,,,,,,,0,,,Công ty công trình dân dụng / Kỹ thuật dân dụng
2033,凱邦工程,,,,,,,338台灣桃園市蘆竹區新興里大竹路58之2號,,,,,,,,0,,,Công ty công trình dân dụng / Kỹ thuật dân dụng
2034,互麗營造-工程管理帳號,,,,,,,30063台灣新竹市東區南大路523號7樓之1,,,,,,,,0,,,Công ty công trình dân dụng / Kỹ thuật dân dụng
2035,名岱實業社,,,'034776993,,,,328台灣桃園市觀音區270巷60弄16號,,,,,,,,0,,,Công ty công trình dân dụng / Kỹ thuật dân dụng
2036,緣欣營造股份有限公司,,,'034983088,,,,320台灣桃園市中壢區內厝里中正路三段220巷198弄43號,,,,,,,,0,,,Công ty xây dựng
2037,垣榮重機工程行,,,,,,,351台灣苗栗縣頭份市合興里信義路492號,,,,,,,,0,,,Công ty công trình dân dụng / Kỹ thuật dân dụng
2038,青蚶流氓,,,,,,,653台灣雲林縣口湖鄉青蚶村79號,,,,,,,,0,,,Công ty xây dựng
2039,寶佳接待中心,,,'065115988,,,,722台灣臺南市佳里區下營里56-5號,,,,,,,,0,,,Công ty xây dựng
2040,富聿建設接待會館,,,'065850999,,,,741台灣臺南市善化區文正里光復路,,,,,,,,0,,,Công ty xây dựng
2041,昊辰工程有限公司,,,'035550813,,,,302台灣新竹縣竹北市新國里新溪街262巷6號,,,,,,,,0,,,Công ty công trình dân dụng / Kỹ thuật dân dụng
2042,建材美容修復職人 Lun,,,,,,,408台灣臺中市南屯區黎明路二段425號,,,,,,,,0,,,Đơn vị xây dựng nhà
2043,崧鈺澄品,,,'0425324890,,,,423台灣臺中市東勢區粵寧里新豐街89巷7號,,,,,,,,0,,,Công ty xây dựng
2044,善博,,,,,,,369台灣苗栗縣卓蘭鎮上新里民有街32號,,,,,,,,0,,,Công ty xây dựng
2045,台8 碧綠溪明隧道施工處,,,,,,,546台灣南投縣仁愛鄉榮興村碧綠巷13-18號,,,,,,,,0,,,Đơn vị xây dựng nhà
2046,傅來金,,,'0425882513,,,,423台灣台中市 東勢區東關路577號之2,,,,,,,,0,,,Nhà thầu phụ công trình
2047,隆盛鋼構企業社,,,,,,,366台灣苗栗縣銅鑼鄉盛隆村61之5號,,,,,,,,0,,,Công ty xây dựng
2048,永鴻建設,,,,,,,363台灣苗栗縣公館鄉玉泉村玉泉98之6號,,,,,,,,0,,,Công ty xây dựng
2049,東風泰建設有限公司,,,'0425886638,,,,423台灣臺中市東勢區新盛里新盛街136巷,,,,,,,,0,,,Công ty xây dựng
2050,PT.chin kuei .co .ltd,,,,,,,"36900 1-2 neiwan terrace cholan town.mioli Hsien, 台灣 369",,,,,,,,0,,,Công ty xây dựng
2051,正裕科技工程股份有限公司,,,'0422775408,,,,411台灣台中市 太平區仁平段369地號,,,,,,,,0,,,Nhà thầu phụ công trình
2052,和旺營造有限公司,,,'0492720898,,,,544台灣南投縣國姓鄉石門村成功街30巷19號,,,,,,,,0,,,Nhà thầu phụ công trình
2053,72.5K工務所2F,,,,,,,424台灣臺中市和平區梨山里,,,,,,,,0,,,Công ty xây dựng
2054,（宜鋒）峨眉～中寮塔基建德營造大湖工務所,,,,,,,364台灣苗栗縣大湖鄉苗54鄉道,,,,,,,,0,,,Công ty xây dựng
2055,錦興土木包工業,,,'037224582,,,,363台灣苗栗縣公館鄉鶴山村鶴山176號,,,,,,,,0,,,Nhà thầu
2056,威勛土木包工業,,,'037222001,,,,363台灣苗栗縣公館鄉鶴山村鶴山188號之1號,,,,,,,,0,,,Nhà thầu
2057,和勝泥作工程,,,,,,,983台灣花蓮縣富里鄉新興村東興路,,,,,,,,0,,,Đơn vị xây dựng nhà
2058,六福企業社,,,'0975743393,,,,954台灣臺東縣卑南鄉明峰村鹿鳴橋2鄰21-2號,,,,,,,,0,,,Nhà thầu
2059,佳能組合屋花蓮公司,,,'0955361011,,,,981台灣花蓮縣玉里鎮中城里興國路一段207號,,,,,,,,0,,,Công ty xây dựng
2060,Công ty,,,,,,,"No. 79號, No. 956隆盛路新福里關山鎮臺東縣台灣 956",,,,,,,,0,,,Công ty xây dựng
2061,蒸盛營造有限公司,,,'089851865,,,,961台灣臺東縣成功鎮忠智里五權路130號,,,,,,,,0,,,Nhà thầu phụ công trình
2062,振瑄營造有限公司,,,'038861450,,,,983台灣花蓮縣富里鄉大莊路1鄰15號,,,,,,,,0,,,Nhà thầu phụ công trình
2063,上立諦工程有限公司,,,'0978139820,,,,981台灣花蓮縣玉里鎮大禹里80-8號,,,,,,,,0,,,Công ty xây dựng
2064,永盛營造股份有限公司,,,'089862919,,,,958台灣臺東縣池上鄉福原村新生路59號,,,,,,,,0,,,Nhà thầu phụ công trình
2065,弘昌土木包工業,,,'089854559,,,,961台灣臺東縣成功鎮忠仁里大同路2號,,,,,,,,0,,,Nhà thầu
2066,昇順土木包工業,,,'038886654,,,,981台灣花蓮縣玉里鎮中城里忠智路88號,,,,,,,,0,,,Nhà thầu
2067,冠能營造工程有限公司,,,'089862633,,,,958台灣臺東縣池上鄉新興村東欣路125號,,,,,,,,0,,,Nhà thầu phụ công trình
2068,旻宥機械行,,,'0981570609,,,,983台灣花蓮縣富里鄉新興村竹田村東竹6號,,,,,,,,0,,,Công ty xây dựng
2069,良達企業社,,,,,,,983台灣花蓮縣富里鄉羅山村七鄰71號,,,,,,,,0,,,Công ty xây dựng
2070,卡路發企業社,,,'0978831135,,,,961台灣臺東縣成功鎮信義里都歷路98號,,,,,,,,0,,,Công ty xây dựng
2071,詠豐土木包工業,,,'089853087,,,,961台灣臺東縣成功鎮三仙里芝田路178號,,,,,,,,0,,,Nhà thầu phụ công trình
2072,郡鼎建設有限公司,,,,,,,326台灣桃園市楊梅區中山里環東路298巷61號1樓,,,,,,,,0,,,Công ty xây dựng
2073,大清建設機構,,,,,,,324台灣桃園市平鎮區復旦里復旦路二段150巷73號,,,,,,,,0,,,Công ty xây dựng
2074,鈺宇建設,,,'0222116611,,,,231台灣新北市新店區下城里青山路399巷1號,,,,,,,,0,,,Đơn vị xây dựng nhà
2075,上驛工程有限公司,,,'0963353555,,,,324台灣桃園市平鎮區延平路二段430巷居易三弄1號9樓,,,,,,,,0,,,Công ty xây dựng
2076,國峰有限公司,,,'0925079249,,,,334台灣桃園市八德區富榮街36巷1樓,,,,,,,,0,,,Công ty xây dựng
2077,松也工程行,,,,,,,238台灣新北市樹林區西園里西圳街二段148-7號148-12號,,,,,,,,0,,,Công ty công trình dân dụng / Kỹ thuật dân dụng
2078,全勝企業行 怪手,,,'0985550666,,,,603台灣嘉義縣梅山鄉,,,,,,,,0,,,Công ty xây dựng
2079,成新建設有限公司,,,'052815680,,,,600台灣嘉義市西區文化路919號附1,,,,,,,,0,,,Công ty xây dựng
2080,安田建設股份有限公司,,,,,,,807台灣高雄市三民區寶國里陽明路207巷36號2樓,,,,,,,,0,,,Công ty xây dựng
2081,天睦-永信建設,,,'075363327,,,,802台灣高雄市苓雅區林富里青年一路3號,,,,,,,,0,,,Công ty xây dựng
2082,達茂營造股份有限公司,,,'073335188,,,,806台灣高雄市前鎮區民權里一心一路239號五樓,,,,,,,,0,,,Công ty xây dựng
2083,光男國際企業有限公司,,,'0981531999,,,,800台灣高雄市新興區秋山里七賢二路25號2樓,,,,,,,,0,,,Công ty công trình dân dụng / Kỹ thuật dân dụng
2084,磐鼎營造有限公司,,,,,,,911台灣屏東縣竹田鄉鳳明村鳳新路465巷8號,,,,,,,,0,,,Công ty xây dựng
2085,樂鑫開發工程有限公司,,,,,,,831台灣高雄市大寮區昭明里鳳林一路474巷29號,,,,,,,,0,,,Công ty xây dựng
2086,必奇營造有限公司,,,'078022345,,,,812台灣高雄市小港區鳳宮里大業北路42號,,,,,,,,0,,,Công ty xây dựng
2087,千田建設有限公司,,,'077886167,,,,831台灣高雄市 大寮區琉球路43號之50,,,,,,,,0,,,Nhà thầu phụ công trình
2088,誠遠建設開發有限公司,,,'077404888,,,,830台灣高雄市鳳山區中和里中和街201號,,,,,,,,0,,,Công ty xây dựng
2089,如邑開發建設股份有限公司,,,'077963818,,,,812台灣高雄市小港區孔宅里孔宅街133號,,,,,,,,0,,,Nhà thầu phụ công trình
2090,躍祥建設有限公司,,,,,,,911台灣屏東縣竹田鄉西勢村光明路177-5號,,,,,,,,0,,,Công ty xây dựng
2091,誠城建築開發有限公司,,,,,,,812台灣高雄市小港區坪頂里大平路11號,,,,,,,,0,,,Đơn vị xây dựng nhà
2092,太谷建設股份有限公司,,,'077877059,,,,831台灣高雄市大寮區三隆里鳳林三路20號,,,,,,,,0,,,Công ty xây dựng
2093,山明水秀工務所,,,'078070544,,,,812台灣高雄市小港區光耀街268號,,,,,,,,0,,,Công ty xây dựng
2094,寶璟乾元接待中心｜寶璟建設,,,'0423830909,,,,408台灣臺中市南屯區新生里公益路二段967號,,,,,,,,0,,,Đơn vị xây dựng nhà
2095,嘉一營造有限公司,,,'0492702146,,,,556台灣南投縣信義鄉同富村同和巷95號,,,,,,,,0,,,Nhà thầu phụ công trình
2096,竑騰營造股份有限公司,,,'087216676,,,,900台灣屏東縣屏東市豐源里林森路1巷353號,,,,,,,,0,,,Công ty xây dựng
2097,敦磊營造股份有限公司,,,'087786726,,,,912台灣屏東縣內埔鄉豐田村新豐路166號,,,,,,,,0,,,Công ty xây dựng
2098,溱鋐工程有限公司,,,,,,,908台灣屏東縣長治鄉繁榮村新榮路3-36號,,,,,,,,0,,,Công ty xây dựng
2099,王公府,,,,,,,883台灣澎湖縣七美鄉海豐村9之1號,,,,,,,,0,,,Đơn vị xây dựng nhà
2100,七美海水淡化廠工務所(山林水),,,,,,,883台灣澎湖縣七美鄉西湖村9號之6號,,,,,,,,0,,,Công ty xây dựng
2101,三叁建設,,,'066832333,,,,732台灣臺南市白河區白河里康樂路1-91號,,,,,,,,0,,,Công ty xây dựng
2102,宏昇泰建設有限公司,,,'056311278,,,,632台灣雲林縣虎尾鎮墾地里學府二路311號,,,,,,,,0,,,Công ty xây dựng
2103,理想木器行,,,'069951200,,,,880台灣澎湖縣馬公市17號之12,,,,,,,,0,,,Nhà thầu phụ công trình
2104,太陽城,,,,,,,880台灣澎湖縣馬公市光復里興港北街6號,,,,,,,,0,,,Đơn vị xây dựng nhà
2105,SIE 鑫盈能源澎湖辦事處,,,'069217543,,,,880台灣澎湖縣馬公市光華里80號,,,,,,,,0,,,Công ty xây dựng
2106,頂義建設有限公司,,,'062506505,,,,700台灣臺南市中西區西湖里頂美一街7號,,,,,,,,0,,,Nhà thầu phụ công trình
2107,贊技工程有限公司,,,'065818999,,,,741台灣臺南市善化區溪美里113-8號,,,,,,,,0,,,Nhà thầu phụ công trình
2108,維營工程,,,,,,,718台灣臺南市關廟區埤頭里保東路115巷168號,,,,,,,,0,,,Công ty xây dựng
2109,日鴻土木包工業,,,,,,,736台灣臺南市柳營區東昇里十美街110號,,,,,,,,0,,,Công ty xây dựng
2110,駿富營造有限公司,,,'083655507,,,,210連江縣塘岐村145號,,,,,,,,0,,,Nhà thầu phụ công trình
2111,立電股份有限公司,,,'083626089,,,,209連江縣259號2樓,,,,,,,,0,,,Nhà thầu phụ công trình
2112,紘合營造工程有限公司,,,,,,,249台灣新北市八里區長坑里中華路三段239-5號,,,,,,,,0,,,Công ty công trình dân dụng / Kỹ thuật dân dụng
2113,建融營造有限公司,,,'052211549,,,,621台灣嘉義縣民雄鄉秀林村溪底寮78號,,,,,,,,0,,,Nhà thầu phụ công trình
2114,承瑋營造有限公司,,,'052353520,,,,600台灣嘉義市西區西平里友忠路230號,,,,,,,,0,,,Công ty xây dựng
2115,上築晴樂建設 | 墅合院5期,,,'0422390020,,,,630台灣雲林縣斗南鎮舊社里新生三路2838號,,,,,,,,0,,,Công ty xây dựng
2116,泰德建設,,,,,,,630台灣雲林縣斗南鎮明昌里雲86-1鄉道152號,,,,,,,,0,,,Công ty xây dựng
2117,茂生建設有限公司,,,'052206406,,,,621台灣嘉義縣民雄鄉,,,,,,,,0,,,Nhà thầu phụ công trình
2118,榢麗堡建設有限公司,,,'052866389,,,,600台灣嘉義市西區劉厝里大吉街58號,,,,,,,,0,,,Nhà thầu phụ công trình
2119,全貿建設有限公司,,,'052203293,,,,600台灣嘉義市東區荖藤里忠孝北街1號,,,,,,,,0,,,Nhà thầu phụ công trình
2120,毅璋築建設有限公司,,,'052770827,,,,600台灣嘉義市東區車店里上海路308號,,,,,,,,0,,,Công ty xây dựng
2121,華御建設,,,'052276999,,,,600台灣嘉義市東區豐年里吳鳳南路22-1號,,,,,,,,0,,,Công ty xây dựng
2122,易慶營造有限公司,,,'052854343,,,,600台灣嘉義市西區福民里世賢路三段225號,,,,,,,,0,,,Nhà thầu phụ công trình
2123,詠茂建設股份有限公司,,,'052332456,,,,600台灣嘉義市西區保福里四維路336號,,,,,,,,0,,,Nhà thầu phụ công trình
2124,鼎上營造有限公司,,,'052233975,,,,600台灣嘉義市東區中央里光彩街384號,,,,,,,,0,,,Nhà thầu phụ công trình
2125,宏成開發建設股份有限公司,,,'052719986,,,,"600台灣嘉義市東區朝陽里垂楊路2號之1, 3號樓之1",,,,,,,,0,,,Nhà thầu phụ công trình
2126,大騰開發建設有限公司,,,'052337200,,,,600台灣嘉義市西區後驛里博愛路二段253號,,,,,,,,0,,,Công ty xây dựng
2127,廣紘建設股份有限公司,,,'062437187,,,,710台灣台灣省台南市 永康區新行街70號1樓之1,,,,,,,,0,,,Nhà thầu phụ công trình
2128,泰一全建設公司,,,,,,,908台灣屏東縣長治鄉繁華村水源路151號,,,,,,,,0,,,Công ty xây dựng
2129,台晟建設股份有限公司,,,'087390959,,,,904台灣屏東縣九如鄉九塊村民治街143號,,,,,,,,0,,,Nhà thầu phụ công trình
2130,宏宥工程行整體粉光金鋼砂切割,,,'0989622883,,,,907台灣屏東縣鹽埔鄉久愛村光華路5號,,,,,,,,0,,,Công ty xây dựng
2131,豐蕣建設有限公司,,,'087335688,,,,900台灣屏東縣屏東市斯文里天津街31之1號,,,,,,,,0,,,Nhà thầu phụ công trình
2132,威順建設股份有限公司,,,'087756975,,,,905台灣屏東縣里港鄉玉田村玉田路38號之117,,,,,,,,0,,,Nhà thầu phụ công trình
2133,崇暉營造有限公司,,,'076810516,,,,843台灣高雄市美濃區泰安里永安路222號,,,,,,,,0,,,Nhà thầu phụ công trình
2134,皇築開發營造有限公司,,,'087750203,,,,905台灣屏東縣里港鄉大平村中山路109-7號,,,,,,,,0,,,Công ty xây dựng
2135,康鴻工程有限公司,,,'0938118698,,,,900台灣屏東縣屏東市潭墘里大同北路111號,,,,,,,,0,,,Công ty xây dựng
2136,森山景接待中心,,,,,,,714台灣臺南市玉井區中山路91號,,,,,,,,0,,,Công ty xây dựng
2137,佛光一村工務所,,,,,,,840台灣高雄市大樹區統嶺路旁工地,,,,,,,,0,,,Công ty xây dựng
2138,天鴻營造有限公司,,,,,,,843台灣高雄市美濃區泰安里雙峰街6-5號,,,,,,,,0,,,Công ty xây dựng
2139,高永建設股份有限公司,,,'087336611,,,,900台灣屏東縣屏東市崇蘭里崇朝一路52號,,,,,,,,0,,,Nhà thầu phụ công trình
2140,煜峰營造有限公司,,,'089515235,,,,954台灣臺東縣卑南鄉溫泉村溫泉路408巷36號,,,,,,,,0,,,Nhà thầu phụ công trình
2141,鉅揚營造,,,'076526969,,,,840台灣高雄市大樹區和山里和山路500號,,,,,,,,0,,,Công ty xây dựng
2142,金馬企業行,,,'0982061318,,,,716台灣臺南市南化區南化里250-34號,,,,,,,,0,,,Công ty công trình dân dụng / Kỹ thuật dân dụng
2143,"中圓櫻墅(新竹市元培街)中圓建設,新竹自地自建,新竹房屋買賣,新竹房屋自售",,,'035300303,http://035300303.blogspot.tw/,,,300台灣新竹市香山區香山里市11鄉道,,,,,,,,0,,,Công ty xây dựng
2144,森園房屋工程行,,,'0952901959,http://038465355.com/,,,973台灣花蓮縣吉安鄉北昌村自強路434號,,,,,,,,0,,,Đơn vị xây dựng nhà theo yêu cầu
2145,宏驛鋼鋁門窗,,,'087361917,https://www.0932789516.com/,,,900台灣屏東縣屏東市仁愛里和洋巷24號,,,,,,,,0,,,Công ty xây dựng
2146,建築美學翻修房屋,,,'0931949323,https://0931949323.weebly.com/,,,710台灣臺南市永康區東橋里東橋三路5巷11號,,,,,,,,0,,,Đơn vị xây dựng nhà theo yêu cầu
2147,神匠房屋泥作整修設計,,,,http://0960766878.weebly.com/,,,"號 No. 133大同二路 072613666, 前金區高雄市台灣 801",,,,,,,,0,,,Dịch vụ phục hồi / trùng tu công trình
2148,中榮工程,,,'0906272829,https://0906272829.com/,,,412台灣臺中市大里區新明路12號15F,,,,,,,,0,,,Dịch vụ phục hồi / trùng tu công trình
2149,勝紀建設股份有限公司,,,'072696688,https://www.104.com.tw/company/1a2x6bmn94?jobsource=checkc,,,802台灣高雄市苓雅區城北里三多四路110號19樓之2,,,,,,,,0,,,Công ty xây dựng
2150,民豐營造有限公司,,,,https://www.104.com.tw/company/1a2x6bnc7x?jobsource=google,,,540台灣南投縣南投市三和里中山南街43號,,,,,,,,0,,,Công ty xây dựng
2151,超晟營造股份有限公司,,,'076210736,https://www.104.com.tw/company/7rbrlx4,,,820台灣台灣省岡山區竹圍里竹圍東街182巷10號,,,,,,,,0,,,Công ty xây dựng
2152,禾興實業有限公司,,,'0492916622,https://www.1111.com.tw/corp/70473581/,,,545台灣南投縣埔里鎮鐵山里鐵山路294-3號,,,,,,,,0,,,Nhà thầu phụ công trình
2153,瑛盛建設有限公司,,,'087797799,https://www.7797799.com.tw/,,,912台灣屏東縣內埔鄉豐田村信東路98號,,,,,,,,0,,,Công ty xây dựng
2154,長虹及聯虹售服中心,,,'0426576966,https://adh.tw/3PH2OSB,,,436台灣臺中市清水區四維路二段港新五路,,,,,,,,0,,,Công ty xây dựng
2155,聯上開發股份有限公司,,,'0227229898,http://www.5v.com.tw/,,,110台灣臺北市信義區興雅里忠孝東路五段68號,,,,,,,,0,,,Công ty xây dựng
2156,天苑空苑雲苑｜台中設計·修繕·防水抓漏,,,'0932271912,https://altumlocum.wordpress.com/,,,411011台灣臺中市太平區中山路一段215南巷1號4樓,,,,,,,,0,,,Dịch vụ phục hồi / trùng tu công trình
2157,鼎創營造股份有限公司,,,'062998560,https://www.ad-group.com.tw/ding-chuang/,,,708台灣臺南市安平區平通里慶平路571號9樓,,,,,,,,0,,,Công ty xây dựng
2158,建築學人地產發展股份有限公司,,,'0223692369,http://www.archi-pur.com/,,,106台灣臺北市大安區龍坡里和平東路一段250號,,,,,,,,0,,,Công ty xây dựng
2159,"宏信土木包工業 - 彰化土木工程,景觀工程",,,,https://www.archi.net.tw/tw/company/113863/index.html,,,524台灣彰化縣溪州鄉柑園村溪下路一段72號,,,,,,,,0,,,Nhà thầu
2160,"耀勝工程有限公司 - 地下室開挖,房屋增建,房屋改建",,,'0988129570,https://www.archi.net.tw/tw/company/132936/index.html,,,815台灣高雄市大社區神農里翠屏路84巷61號,,,,,,,,0,,,Nhà thầu
2161,基讚工程有限公司,,,'039559916,https://www.archi.net.tw/tw/company/41/index.html,,,"265台灣宜蘭縣羅東鎮樹林里樹人路38號1號,3樓",,,,,,,,0,,,Công ty xây dựng
2162,"安順開發工程有限公司 - 鋼板樁,地質改良,基樁工程",,,,https://www.archi.net.tw/tw/company/70139/index.html,,,735台灣臺南市下營區後街里中正北路117號,,,,,,,,0,,,Nhà thầu
2163,苗珠企業有限公司（油壓軟管）,,,'037263231,https://www.archi.net.tw/tw/company/75130/index.html,,,360台灣苗栗縣苗栗市福安里北勢大橋20號,,,,,,,,0,,,Nhà thầu
2164,桓豐工程有限公司,,,'035353707,http://arch-taiwan.com.tw/,,,300台灣新竹市北區舊港157 號,,,,,,,,0,,,Công ty xây dựng
2165,聚德國際工程有限公司,,,'048335878,https://as2312df.wixsite.com/jyude,,,510台灣彰化縣員林市橋愛六街81號,,,,,,,,0,,,Công ty công trình dân dụng / Kỹ thuật dân dụng
2166,贊騰建設總部,,,'0422428568,https://authmas.com.tw/tzanteng/,,,406台灣臺中市北屯區松安里松安街198號,,,,,,,,0,,,Công ty xây dựng
2167,石門雲享接待中心,,,'034713366,https://ari.tw/fim8di,,,325007台灣桃園市龍潭區大平里民有路一號,,,,,,,,0,,,Công ty xây dựng
2168,蕉鑫健康建築顧問公司 Banaman Creative,,,'072225289,https://banamancreative.cargo.site/,,,800台灣高雄市新興區德望里民生一路206號12號樓之2,,,,,,,,0,,,Công ty xây dựng
2169,艾美藏｜三地集團艾美建築｜林園美學宅,,,'076416388,https://baoshin.tw/,,,832台灣高雄市林園區頂厝里田厝路111號,,,,,,,,0,,,Công ty xây dựng
2170,百慶建設股份有限公司,,,'062980789,http://www.bai-ching.com.tw/,,,708台灣台灣省安平區平通里永華路二段816號,,,,,,,,0,,,Công ty xây dựng
2171,長安馥,,,'0277523589,https://www.beeplus.com.tw/event/fragrance/,,,104台灣臺北市中山區正義里長安東路一段95號,,,,,,,,0,,,Đơn vị xây dựng nhà theo yêu cầu
2172,南象建設股份有限公司,,,'087653338,http://www.bknet.com.tw/show.asp?id=NS104009165,,,900台灣屏東縣屏東市勝興段101地號,,,,,,,,0,,,Nhà thầu phụ công trình
2173,房屋出售 三角窗,,,'0921789933,http://blog.xuite.net/k0921789933/273,,,437台灣臺中市大甲區文武里育英路275號,,,,,,,,0,,,Đơn vị xây dựng nhà theo yêu cầu
2174,東聖企業社,,,'0936920722,https://bn24344.newscan2407.com/,,,950台灣臺東縣臺東市豐盛里豐盛路38-1號,,,,,,,,0,,,Nhà thầu
2175,博泰電氣工程有限公司,,,'037235600,https://www.bo-tai.com.tw/,,,366台灣苗栗縣銅鑼鄉忠興街3號,,,,,,,,0,,,Công ty xây dựng
2176,寶佑建築有限公司,,,'0277107951,http://www.bolu-ba.com/,,,110台灣臺北市信義區五常里松隆路102號17樓之1,,,,,,,,0,,,Công ty xây dựng
2177,蓮園建設股份有限公司,,,'0227961286,http://www.build.com.tw/,,,114台灣內湖區湖元里新湖二路180號,,,,,,,,0,,,Công ty xây dựng
2178,虹展建設股份有限公司,,,'0228813576,http://www.buyland.com.tw/,,,111052台灣臺北市士林區後港里承德路四段236號,,,,,,,,0,,,Công ty xây dựng
2179,新濠一閱接待中心已經移到新濠一川大樓裡面,,,'0222568899,https://campusone.com.tw/,,,220台灣新北市板橋區文翠里文化路二段438號1 樓,,,,,,,,0,,,Đơn vị xây dựng nhà
2180,苗栗全方位人力-長短期臨時派遣 工地派遣:建築粗工 打石工 清潔員 工廠派遣:組裝包裝員 理貨員 作業員 專業工程:拆除工程 粗清工程 清潔工程,,,'0975557090,https://www.buzzdaily.tw/store.php?id=aom20200729034,,,358台灣苗栗縣苑裡鎮房裡里博愛路2號,,,,,,,,0,,,Nhà thầu
2181,華友聯Power City接待中心,,,'078026868,https://case.hiyes.tw/PowerCity/index.html?utm_source=fb_PowerCity&utm_medium=fans&utm_campaign=PowerCity&utm_content=newsfeed,,,812台灣高雄市小港區高松里高松路19-20號,,,,,,,,0,,,Công ty xây dựng
2182,長安開發建設股份有限公司,,,'0423763333,http://www.chainan.com.tw/,,,403台灣臺中市西區土庫里中美街15號1樓,,,,,,,,0,,,Công ty xây dựng
2183,德尚建設企業有限公司,,,'072258399,http://champin-arch.com/,,,807台灣高雄市三民區博惠里建國一路458號10樓,,,,,,,,0,,,Công ty xây dựng
2184,屏東泥作，屏東鐵工，屏東人力派遣，長友工程行,,,'0976116232,https://changyou.tw/,,,900台灣屏東縣屏東市忠孝路307-1號,,,,,,,,0,,,Công ty xây dựng
2185,晨右建設,,,'0422630036,http://chen-you.com.tw/,,,402台灣臺中市南區平和里美村南路17號,,,,,,,,0,,,Công ty xây dựng
2186,城中建設股份有限公司,,,'0223926661,http://chanchun.com.tw/,,,106台灣臺北市大安區龍安里青田街6-2號1樓,,,,,,,,0,,,Công ty xây dựng
2187,承品建設公司,,,'038510319,https://cheng-pin-construction.my.canva.site/commercial-event-website-in-black-turquoise-bold-gradient-style,,,973台灣花蓮縣吉安鄉勝安村民治路252號,,,,,,,,0,,,Công ty xây dựng
2188,誠居建設股份有限公司,,,'0426153989,https://chengjyu.wordpress.com/?_gl=1*155if32*_gcl_au*NzAzOTA0OTExLjE3NDA2NDI3ODU,,,433台灣臺中市沙鹿區福興里鎮南路二段347號3樓,,,,,,,,0,,,Công ty xây dựng
2189,誠倢工程有限公司,,,'0953238501,https://chengjiefix.com.tw/,,,831台灣高雄市大寮區過溪里華五街17號,,,,,,,,0,,,Dịch vụ phục hồi / trùng tu công trình
2190,智豐建築 接待中心,,,'037583265,https://chifungcorp.com/,,,350台灣苗栗縣竹南鎮大埔里大埔五街250號,,,,,,,,0,,,Công ty xây dựng
2191,喬立建設開發股份有限公司,,,'0424529788,http://www.chiaole.com.tw/index.php,,,"之1 No, No. 686號臺灣大道三段惠來里西屯區臺中市台灣 407",,,,,,,,0,,,Công ty xây dựng
2192,慶旺建設股份有限公司,,,'073418678,http://www.chingwon.com.tw/,,,813台灣高雄市左營區新光里重治路77號,,,,,,,,0,,,Công ty xây dựng
2193,"晶磊鐵工工程行-雲林鐵工程,鐵皮屋工程,採光罩工程,白鐵加工,鐵架鋼構",,,'0939278035,http://www.chinglei.com/,,,640台灣雲林縣斗六市49號,,,,,,,,0,,,Dịch vụ phục hồi / trùng tu công trình
2194,金樹營造股份有限公司,,,'037755843,https://chinshur.com.tw/,,,357台灣苗栗縣通霄鎮通西里中山路186-8號,,,,,,,,0,,,Công ty xây dựng
2195,晴杉建設,,,'0928637081,https://www.chingshan-construction.com.tw/,,,950台灣臺東縣臺東市岩灣里樂利路57巷13號,,,,,,,,0,,,Công ty xây dựng
2196,長虹建設股份有限公司,,,'0223963280,http://www.chonghong.com.tw/,,,10049台灣臺北市中正區梅花里北平東路30號11樓,,,,,,,,0,,,Công ty xây dựng
2197,聚合發建設股份有限公司,,,'0422590600,https://www.chuhofa.com.tw/,,,407台灣臺中市西屯區惠來里文心路二段201號15樓之7,,,,,,,,0,,,Công ty xây dựng
2198,僑蓮建設股份有限公司,,,'033569118,http://www.chyau-lian.com.tw/,,,330台灣桃園市桃園區同安里中正路1082號,,,,,,,,0,,,Công ty xây dựng
2199,千鼎開發建設有限公司,,,'062832000,http://www.cianding.com.tw/,,,704台灣臺南市北區成德里西門路四段65巷123號,,,,,,,,0,,,Công ty xây dựng
2200,信成鐵皮屋宅修工程行,,,'052350388,http://www.cisc.com.tw/,,,60054台灣嘉義市新建街75巷24號,,,,,,,,0,,,Công ty xây dựng
2201,勤富建設有限公司,,,,http://www.cinfu.com.tw/index.php,,,920台灣屏東縣潮州鎮永春里五福路10號,,,,,,,,0,,,Công ty xây dựng
2202,雲端建設股份有限公司,,,'035202709,https://www.cloudconstructioncreativity.com/,,,308台灣新竹縣寶山鄉雙豐一街3號,,,,,,,,0,,,Công ty xây dựng
2203,德盛克萊美得有限公司,,,'037230130,http://www.climategreencare.com/,,,36342台灣苗栗縣公館鄉五谷村五谷二路36號,,,,,,,,0,,,Công ty xây dựng
2204,大陸工程股份有限公司,,,'0237011000,https://www.continental-engineering.com/,,,106台灣臺北市大安區義安里敦化南路二段95號,,,,,,,,0,,,Công ty xây dựng
2205,大陸工程機場捷運CM01標工務所,,,'034253866,https://www.continental-engineering.com/zh/,,,320台灣桃園市中壢區龍岡路一段142號,,,,,,,,0,,,Công ty công trình dân dụng / Kỹ thuật dân dụng
2206,大陸工程-CF670標工務所,,,'0289147837,https://www.continental-engineering.com/zh/business-overview/,,,231台灣新北市新店區寶福里寶中路88號7樓,,,,,,,,0,,,Công ty công trình dân dụng / Kỹ thuật dân dụng
2207,崛世建設股份有限公司,,,'0424852115,http://www.cshouse.com.tw/,,,41270台灣臺中市大里區大元里現岱路18號3F,,,,,,,,0,,,Công ty xây dựng
2208,崇偉營造工程股份有限公司,,,'0227948999,https://www.cwcl.com.tw/,,,114台灣臺北市內湖區湖元里堤頂大道一段1號3樓,,,,,,,,0,,,Công ty xây dựng
2209,程峰工程行（板模）,,,,https://data.bznk.com/95195103#basic-info,,,300台灣新竹市北區海濱里孝賢路29號,,,,,,,,0,,,Công ty công trình dân dụng / Kỹ thuật dân dụng
2210,大沃天荷接待會館,,,'048337588,https://dawotianhe.com/,,,510台灣彰化縣員林市大同路二段臨99號,,,,,,,,0,,,Đơn vị xây dựng nhà
2211,翊富建設開發股份有限公司,,,'077992323,http://datagovtw.com/company.php?id=84518009,,,830台灣高雄市鳳山區鎮東里鎮東街78號,,,,,,,,0,,,Công ty xây dựng
2212,德杰建設股份有限公司,,,'0227035326,https://derjey-group.com.tw/,,,106台灣臺北市大安區光信里仁愛路四段376號8樓,,,,,,,,0,,,Công ty xây dựng
2213,鼎峰開發建設股份有限公司,,,'052315069,https://www.dfs.com.tw/,,,600台灣嘉義市西區福全里福全街56號,,,,,,,,0,,,Công ty xây dựng
2214,敦煌建設股份有限公司,,,'062996789,https://www.dhb.com.tw/,,,708台灣臺南市安平區文平里永華二街39號,,,,,,,,0,,,Công ty xây dựng
2215,鼎泰建設,,,'038311272,https://www.dingtai-hualine.com/info1,,,970台灣花蓮縣花蓮市國魂里延平街109號,,,,,,,,0,,,Đơn vị xây dựng nhà theo yêu cầu
2216,健松營造工程有限公司,,,'088669777,http://www.djackson.com.tw/,,,931台灣屏東縣佳冬鄉豐隆村大東路2號,,,,,,,,0,,,Công ty xây dựng
2217,鼎一建設開發有限公司,,,,https://www.dingyiliving.com.tw/,,,408台灣臺中市南屯區南屯里五權西路二段666號,,,,,,,,0,,,Công ty xây dựng
2218,高盈建設機構(全案諮詢接待會館),,,'077883088,https://docs.google.com/forms/d/e/1FAIpQLSc_YE9B3RiTuc-UKzNkZ154wLX6m_9rQas7veA2pFfGbM1CJw/viewform?usp=publish-editor,,,831台灣高雄市大寮區上寮里上發一路36號3樓,,,,,,,,0,,,Công ty xây dựng
2219,鎮曜營造有限公司,,,'0930960798,https://docs.google.com/forms/d/e/1FAIpQLSe53qGcVEYedgsq9RYfvspegHXTZPfrAu8K6Wj4c7UQniSZFw/viewform?usp=preview,,,412台灣臺中市大里區永隆里爽文路835號,,,,,,,,0,,,Công ty xây dựng
2220,東唐建設機構,,,'052858525,http://www.dongtang.com.tw/,,,600台灣嘉義市西區劉厝路293號,,,,,,,,0,,,Công ty xây dựng
2221,東宏水泥製品股份有限公司,,,'038422346,http://dong-hong.com/,,,973台灣花蓮縣吉安鄉仁和村南海八街214號,,,,,,,,0,,,Công ty xây dựng
2222,瀞巷2蔚城,,,'0906520698,https://www.donronxin.com/,,,730台灣臺南市新營區大宏里同濟街107-1號,,,,,,,,0,,,Công ty xây dựng
2223,岱嵐建設有限公司,,,,http://dylan.com.tw/,,,302台灣新竹縣竹北市鹿場里文興路261號4樓,,,,,,,,0,,,Công ty xây dựng
2224,都江營造有限公司,,,'039255511,http://www.dujiang.com.tw/,,,260台灣宜蘭縣宜蘭市凱旋里東津二路236號,,,,,,,,0,,,Công ty xây dựng
2225,達永 吾南室 崌里東 I The Staytion 佇所 I 山下生活實驗所,,,'089332088,https://www.ercjulidong.com.tw/,,,950台灣臺東縣臺東市四維路二段235旁,,,,,,,,0,,,Công ty xây dựng
2226,謙閤,,,'0227881333,http://event.7to.com.tw/qianhe/,,,115台灣臺北市南港區中研里研究院路二段88號,,,,,,,,0,,,Đơn vị xây dựng nhà
2227,愷柏設計工程有限公司,,,'0225064265,http://www.fabric-taipei.com.tw/,,,10491台灣臺北市中山區朱園里南京東路二段172號5 樓,,,,,,,,0,,,Dịch vụ phục hồi / trùng tu công trình
2228,恆拓營造股份有限公司,,,'0988738080,https://everexpandconstr.com.tw/,,,70167台灣臺南市東區大福里中華東路三段626號五樓,,,,,,,,0,,,Công ty công trình dân dụng / Kỹ thuật dân dụng
2229,大台北國際建設有限公司,,,'0227040938,https://www.facebook.com/%E5%A4%A7%E5%8F%B0%E5%8C%97%E5%9C%8B%E9%9A%9B%E5%BB%BA%E8%A8%AD%E6%9C%89%E9%99%90%E5%85%AC%E5%8F%B8-681327438873613/,,,"號5樓, No. 38敦化南路二段住安里大安區臺北市台灣 106",,,,,,,,0,,,Công ty xây dựng
2230,龍金寶建設有限公司,,,'035643939,https://www.facebook.com/%E5%A8%81%E5%B0%BC%E6%96%AF%E8%A1%8C%E9%A4%A8-103310701308453/,,,30080台灣新竹市東區金山里金山十街28號,,,,,,,,0,,,Công ty xây dựng
2231,山璞建設接待會館,,,'055374588,https://www.facebook.com/%E5%B1%B1%E7%92%9E%E5%BB%BA%E8%A8%AD-757538514611524/,,,640台灣雲林縣斗六市八德里文化路 938巷87之3號,,,,,,,,0,,,Công ty xây dựng
2232,晉利工程行,,,'0906184188,https://www.facebook.com/%E6%99%89%E5%88%A9%E5%B7%A5%E7%A8%8B%E8%A1%8C-101658132493364,,,900台灣屏東縣屏東市厚生里建武路105號,,,,,,,,0,,,Đơn vị xây dựng nhà
2233,東禾營造工作室,,,'0989698010,https://www.facebook.com/%E6%9D%B1%E7%A6%BE%E7%87%9F%E9%80%A0%E6%9C%89%E9%99%90%E5%85%AC%E5%8F%B8-Dong-Ho-Construction-Co--177125812334370/,,,90846台灣屏東縣長治鄉西埔巷6-10號,,,,,,,,0,,,Công ty xây dựng
2234,東禾營造有限公司,,,'0915586961,https://www.facebook.com/%E6%9D%B1%E7%A6%BE%E7%87%9F%E9%80%A0%E6%9C%89%E9%99%90%E5%85%AC%E5%8F%B8-Dong-Ho-Construction-Co--177125812334370,,,90063台灣屏東縣屏東市永城里忠孝路175號,,,,,,,,0,,,Công ty xây dựng
2235,東積企業工程行 租工挖土機 微型露營區 薑地開發 居家修繕 土木工程 管路管溝開挖,,,'0937391150,https://www.facebook.com/%E6%9D%B1%E7%A9%8D%E4%BC%81%E6%A5%AD%E5%B7%A5%E7%A8%8B%E8%A1%8C-778479322506190/,,,950台灣臺東縣臺東市豐安里仁昌街89號,,,,,,,,0,,,Nhà thầu
2236,榮城營造股份有限公司,,,'056931458,https://www.facebook.com/%E6%A6%AE%E5%9F%8E%E8%81%9A%E5%AF%B6-1638834916425481/?ref=aymt_homepage_panel&eid=ARDFBjQo9j8OwMugGUQ9tE0kSXLLAHb2KkhPVNt-yz-kZALAN14mjARTA82gQObUlrxKAGovUIcySh-J,,,638台灣雲林縣麥寮鄉崙後村崙後8-30號,,,,,,,,0,,,Đơn vị xây dựng nhà
2237,榮國機構,,,'087072019,https://www.facebook.com/%E6%A6%AE%E5%9C%8B%E9%96%8B%E7%99%BC%E4%BC%81%E6%A5%AD%E6%9C%89%E9%99%90%E5%85%AC%E5%8F%B8-253077118196594/,,,91348台灣屏東縣萬丹鄉磚寮村忠心路318巷35號,,,,,,,,0,,,Công ty xây dựng
2238,橋毅工程有限公司,,,'0425351685,https://www.facebook.com/%E6%A9%8B%E6%AF%85%E5%B7%A5%E7%A8%8B%E6%9C%89%E9%99%90%E5%85%AC%E5%8F%B8-160136760701331/,,,427台灣臺中市潭子區東寶里雅豐街138號,,,,,,,,0,,,Công ty xây dựng
2239,福盈鋼鐵科技有限公司/新綠能移動宅,,,'0976473960,https://www.facebook.com/%E7%A6%8F%E7%9B%88%E9%8B%BC%E9%90%B5%E7%A7%91%E6%8A%80%E6%9C%89%E9%99%90%E5%85%AC%E5%8F%B8-1062578683936436/,,,"No. 200號, Lane 296, Section 2, Anzhong Rd, 溪心里安南區臺南市台灣 709",,,,,,,,0,,,Công ty xây dựng
2240,一品苑耀騰接待中心,,,'056913888,https://www.facebook.com/%E8%80%80%E9%A8%B0%E5%BB%BA%E8%A8%AD%E4%B8%80%E5%93%81%E8%8B%91-102151732291580,,,638台灣雲林縣麥寮鄉橋頭路新民街,,,,,,,,0,,,Đơn vị xây dựng nhà
2241,慶益建設股份有限公司,,,'077962958,https://www.facebook.com/%E8%A7%80%E6%82%A6%E8%A1%8C%E9%A4%A816-102533825310486/,,,830台灣高雄市鳳山區過埤里過埤路51巷12號,,,,,,,,0,,,Công ty xây dựng
2242,長釜建設有限公司.齊營建設股份有限公司,,,'0424652689,https://www.facebook.com/%E9%95%B7%E9%87%9C%E5%BB%BA%E8%A8%AD-101990774888810/?view_public_for=101990774888810,,,407台灣臺中市西屯區林厝里福雅路655-1號,,,,,,,,0,,,Công ty xây dựng
2243,高第建設股份有限公司,,,'062681666,https://www.facebook.com/%E9%AB%98%E7%AC%AC%E5%BB%BA%E8%A8%AD-105037374416013/,,,701台灣臺南市東區和平里自由路二段185號,,,,,,,,0,,,Công ty xây dựng
2244,亞坤建材美容工程行,,,'0906528000,https://www.facebook.com/a0970801901,,,412台灣臺中市大里區東湖里公園街421巷22號10 樓,,,,,,,,0,,,Dịch vụ phục hồi / trùng tu công trình
2245,安佳組合屋-宜蘭廠,,,'0917168323,https://www.facebook.com/Aj.house.tw/,,,268台灣宜蘭縣五結鄉中興村中興路二段240號,,,,,,,,0,,,Công ty xây dựng
2246,健峰營造有限公司,,,'048873511,https://www.facebook.com/chenfom048873511/,,,521台灣彰化縣北斗鎮光復里地政路398號,,,,,,,,0,,,Công ty xây dựng
2247,家福春天接待中心,,,'038346777,https://www.facebook.com/chuntianjiafu,,,970台灣花蓮縣花蓮市主力里中華路350號,,,,,,,,0,,,Công ty xây dựng
2248,達程建設股份有限公司,,,,https://www.facebook.com/dchang037615577,,,351台灣苗栗縣頭份市後庄里中央路707號,,,,,,,,0,,,Công ty xây dựng
2249,一方撰 接待會所 - 興邑建設|赫斯建築,,,'079638838,https://www.facebook.com/dmhouse11,,,815台灣高雄市大社區神農里中華路77巷12號,,,,,,,,0,,,Đơn vị xây dựng nhà
2250,東億建設,,,'0983325777,https://www.facebook.com/dongyiproperties,,,60090台灣嘉義市西區玉山路557號,,,,,,,,0,,,Công ty xây dựng
2251,鍾師富-全台最會幫您抓漏的男人-詠順工程-建築漏水檢測中心,,,'0905523191,https://www.facebook.com/dsheng1?mibextid=ZbWKwL,,,406台灣臺中市北屯區后庄里后庄二街113號,,,,,,,,0,,,Dịch vụ phục hồi / trùng tu công trình
2252,敦惠建設有限公司,,,'089220309,https://www.facebook.com/dunhuiconstruction,,,950台灣臺東縣臺東市中心里北平街49號,,,,,,,,0,,,Công ty xây dựng
2253,享享建設有限公司,,,'039389998,https://www.facebook.com/enjoy039389998,,,260台灣宜蘭縣宜蘭市縣民大道二段862號,,,,,,,,0,,,Công ty xây dựng
2254,鄉庭建設股份有限公司,,,'072380191,http://www.facebook.com/freefuturestar/,,,900台灣屏東縣屏東市厚生里自由路西段198號,,,,,,,,0,,,Công ty xây dựng
2255,福寶幸福讚,,,'0426331577,http://www.facebook.com/fubaoconstruction/,,,432台灣臺中市大肚區瑞井里瑞井路58-62號,,,,,,,,0,,,Đơn vị xây dựng nhà
2256,快打部隊-弱電-水電-土木工程,,,'0905527171,https://www.facebook.com/groups/582093971000131/?ref=share&mibextid=NSMWBT,,,807台灣高雄市三民區鼎盛里大中一路139號,,,,,,,,0,,,Công ty xây dựng
2257,國樑建設有限公司,,,'035921158,https://www.facebook.com/glfc.build,,,307台灣新竹縣芎林鄉上山村文德二街27號1樓,,,,,,,,0,,,Công ty xây dựng
2258,豪新建設,,,'048368357,https://www.facebook.com/haohsin,,,510台灣彰化縣員林市三和里和平東街一段164號1樓,,,,,,,,0,,,Công ty xây dựng
2259,佳格建設聯合接待中心,,,'0426621222,https://www.facebook.com/Jaguar.arch.tw/?view_public_for=1405590272863503,,,43549台灣臺中市梧棲區中華路一段727號對面,,,,,,,,0,,,Công ty xây dựng
2260,昭明建設有限公司-澎湖優質在地建商 | 電梯華廈｜透天別墅｜專業建築規劃設計 ｜農變建資格取得,,,'069218501,https://www.facebook.com/jhaoming.co.ltd/,,,880台灣澎湖縣馬公市重光里75-1號1樓,,,,,,,,0,,,Công ty xây dựng
2261,禾曄營造有限公司（自地自建，房屋廠房新建）,,,'0930629570,https://www.facebook.com/jiyehfengyingzao/,,,814台灣高雄市仁武區高楠里後港巷128之1號,,,,,,,,0,,,Công ty xây dựng
2262,悅森活接待中心,,,'078060499,http://www.facebook.com/JOYLIVE2022,,,812台灣高雄市小港區高坪五十路69號,,,,,,,,0,,,Đơn vị xây dựng nhà theo yêu cầu
2263,居興建設股份有限公司,,,'076121808,https://www.facebook.com/jushingood,,,825台灣高雄市橋頭區甲南里甲昌路95-2號,,,,,,,,0,,,Công ty xây dựng
2264,斯密卡園藝環保工程行,,,'0905992095,http://www.facebook.com/lu.xiao.long.767054,,,730台灣臺南市新營區中營里新進路37號,,,,,,,,0,,,Nhà thầu
2265,琉璃園建設開發股份有限公司,,,'052228989,https://www.facebook.com/p/%E7%90%89%E7%92%83%E5%9C%92%E5%BB%BA%E8%A8%AD%E9%96%8B%E7%99%BC%E8%82%A1%E4%BB%BD%E6%9C%89%E9%99%90%E5%85%AC%E5%8F%B8-100057310223860/?locale=zh_TW,,,600台灣嘉義市東區芳安里立仁路326號,,,,,,,,0,,,Nhà thầu
2266,永䥶營造高港工務所-小港預拌混擬土廠,,,'078060957,https://www.facebook.com/people/%E6%B0%B8%E4%A5%B6%E9%9B%86%E5%9C%98/100057097825711/,,,812台灣高雄市小港區鳳鳴里沿海三路50-1號,,,,,,,,0,,,Công ty xây dựng
2267,薇閣美地13,,,'0492910486,https://www.facebook.com/people/%E8%96%87%E9%96%A3%E7%BE%8E%E5%9C%B0-13/61560198788257/,,,545台灣南投縣埔里鎮大城里南環路906之5號,,,,,,,,0,,,Đơn vị xây dựng nhà
2268,鴻興工程有限公司,,,,https://www.facebook.com/people/%E9%B4%BB%E8%88%88%E5%B7%A5%E7%A8%8B%E6%9C%89%E9%99%90%E5%85%AC%E5%8F%B8/100063664849404/,,,832台灣高雄市林園區溪州里溪州二路57巷12號12之1號1 樓,,,,,,,,0,,,Công ty xây dựng
2269,千佑土木包工業有限公司,,,'0936614700,https://www.facebook.com/profile.php?id=100054648870499&mibextid=LQQJ4d,,,710台灣臺南市永康區復國里復華三街9號,,,,,,,,0,,,Công ty công trình dân dụng / Kỹ thuật dân dụng
2270,鎮碁工程行,,,'0975215868,https://www.facebook.com/profile.php?id=100057021117258,,,234台灣新北市永和區環河東路四段44號2樓,,,,,,,,0,,,Công ty công trình dân dụng / Kỹ thuật dân dụng
2271,進億鐵工工程行,,,'0923620119,https://www.facebook.com/profile.php?id=100057453669019&mibextid=LQQJ4d,,,606台灣嘉義縣中埔鄉社口村17鄰號9號之21,,,,,,,,0,,,Công ty xây dựng
2272,建承營造竹南辦公室,,,'037580898,https://www.facebook.com/profile.php?id=100057349483907,,,350台灣苗栗縣竹南鎮大埔里公義路985號,,,,,,,,0,,,Công ty xây dựng
2273,禾康接待中心（弘順建設·振榮開發）,,,'052656222,https://www.facebook.com/profile.php?id=100058721422268,,,622台灣嘉義縣大林鎮平林里民生路78號,,,,,,,,0,,,Công ty xây dựng
2274,廣宣建設-接待中心,,,'0492562666,https://www.facebook.com/profile.php?id=100063781551319,,,542台灣南投縣草屯鎮富寮里中正路485號,,,,,,,,0,,,Công ty xây dựng
2275,華偉地產,,,'0426223535,https://www.facebook.com/profile.php?id=100063982814185&locale=zh_TW,,,433台灣臺中市沙鹿區鹿峰里中山路701號號旁,,,,,,,,0,,,Công ty xây dựng
2276,開發工程有限公司,,,,https://www.facebook.com/profile.php?id=100075796917390&mibextid=LQQJ4d,,,814台灣高雄市仁武區,,,,,,,,0,,,Công ty công trình dân dụng / Kỹ thuật dân dụng
2277,大大企業社、土木包工業(晉宸建築與室內設計),,,'0988093816,https://www.facebook.com/profile.php?id=100082990133995,,,269台灣宜蘭縣冬山鄉群英村冬山路五段397號,,,,,,,,0,,,Công ty xây dựng
2278,園林國寶二期,,,'048392058,https://www.facebook.com/profile.php?id=100084485663412,,,510台灣彰化縣員林市員集路二段386巷,,,,,,,,0,,,Công ty xây dựng
2279,樂活京璽健康智慧宅,,,'039880100,https://www.facebook.com/profile.php?id=100086455154340&mibextid=LQQJ4d,,,263台灣宜蘭縣壯圍鄉美城村鄉土圍路8-16號,,,,,,,,0,,,Đơn vị xây dựng nhà theo yêu cầu
2280,聚合鋼構組合屋,,,'0971256352,https://www.facebook.com/profile.php?id=100088685507000&mibextid=ZbWKwL,,,911台灣屏東縣竹田鄉美崙村22-1號,,,,,,,,0,,,Công ty xây dựng
2281,六佳建設接待中心,,,'055360380,https://www.facebook.com/profile.php?id=100089072448569,,,640台灣雲林縣斗六市保庄里明德北路三段228號,,,,,,,,0,,,Công ty xây dựng
2282,精檠工程行,,,'0977209693,https://www.facebook.com/profile.php?id=100090958393864&mibextid=LQQJ4d,,,520台灣彰化縣田中鎮大崙里大安路三段77號,,,,,,,,0,,,Công ty công trình dân dụng / Kỹ thuật dân dụng
2283,全佳工程,,,'0905920328,https://www.facebook.com/profile.php?id=100091968093851&mibextid=LQQJ4d,,,710台灣臺南市永康區大橋里大橋一街209號,,,,,,,,0,,,Công ty xây dựng
2284,仁武春水庭電梯透天店,,,'0932153985,https://www.facebook.com/profile.php?id=100094235042540,,,814台灣高雄市仁武區文武里水管路二段418號,,,,,,,,0,,,Đơn vị xây dựng nhà theo yêu cầu
2285,富苑建設有限公司,,,'0425256366,https://www.facebook.com/profile.php?id=100094257475252,,,420台灣臺中市豐原區南陽里圓環東路302-1號,,,,,,,,0,,,Công ty xây dựng
2286,沐鉌建築室內裝修有限公司,,,,https://www.facebook.com/profile.php?id=61550777162566,,,647台灣雲林縣莿桐鄉莿桐村和平路49-30號,,,,,,,,0,,,Công ty xây dựng
2287,滿築,,,'065717883,https://www.facebook.com/profile.php?id=61553042889432&mibextid=LQQJ4d,,,721台灣臺南市麻豆區興農里新生南路330號,,,,,,,,0,,,Đơn vị xây dựng nhà
2288,鴻越工程行,,,'088821239,https://www.facebook.com/profile.php?id=61556393566656,,,944台灣屏東縣車城鄉統埔村10號,,,,,,,,0,,,Dịch vụ phục hồi / trùng tu công trình
2289,台東阿虎企業社,,,'0906176821,https://www.facebook.com/profile.php?id=61556267544586&mibextid=ibOpuV,,,954台灣臺東縣卑南鄉初鹿村初鹿二街95巷6號,,,,,,,,0,,,Công ty công trình dân dụng / Kỹ thuật dân dụng
2290,大福營造有限公司,,,'0915712187,https://www.facebook.com/profile.php?id=61559029960276&locale=zh_TW,,,701045台灣臺南市東區裕農里東寧路472巷3號,,,,,,,,0,,,Công ty xây dựng
2291,東葉開發建設有限公司,,,'062500311,https://www.facebook.com/profile.php?id=61566125188495,,,709台灣臺南市安南區總頭里長溪路二段392號,,,,,,,,0,,,Công ty xây dựng
2292,儷友建設X璽澍Happy Tree接待中心,,,'0982711755,https://www.facebook.com/profile.php?id=61568582439888&mibextid=LQQJ4d,,,702台灣臺南市南區萬皇路562號,,,,,,,,0,,,Đơn vị xây dựng nhà
2293,築良邑建設有限公司,,,'039559996,https://www.facebook.com/profile.php?id=61573128630730,,,265台灣宜蘭縣羅東鎮竹林里純精路三段466號,,,,,,,,0,,,Công ty xây dựng
2294,冠育土木包工業 - 專業 30 年建築經驗 / 農舍施工 農舍修繕 農舍整修 / 房屋維修 房屋規劃 房屋建築 室內裝潢 / 工程營造 公共工程 人行道 擋土牆 排水溝 工地 工程 施工,,,'0911031858,https://www.facebook.com/profile.php?id=61575987456237,,,269台灣宜蘭縣冬山鄉鹿埔村鹿埔路108號1樓,,,,,,,,0,,,Công ty xây dựng
2295,迎囍11-接待中心,,,'077918666,https://www.facebook.com/profile.php?id=61580711948595,,,812台灣高雄市小港區孔宅里安美街2巷15號,,,,,,,,0,,,Đơn vị xây dựng nhà theo yêu cầu
2296,樸翔豐耘（接待中心）看房子,,,'033245533,https://www.facebook.com/profile.php?id=61583679192172,,,338台灣桃園市蘆竹區山鼻里埤腳街12-40號,,,,,,,,0,,,Đơn vị xây dựng nhà theo yêu cầu
2297,柏林聯合室內裝修設計有限公司,,,,https://www.facebook.com/profile/100069084971391/search/?q=%E7%8E%8B%E6%9F%8F%E4%BB%81,,,961台灣臺東縣成功鎮忠孝里石傘路111號,,,,,,,,0,,,Công ty xây dựng
2298,和通 敦品3 透天車墅 接待會館 和通建設/欣雄建設,,,'062706780,https://www.facebook.com/reel/1527720735189199,,,702台灣臺南市南區建南里興隆路302巷39號,,,,,,,,0,,,Đơn vị xây dựng nhà
2299,台東冠翔室內裝修有限公司,,,,https://www.facebook.com/safghjeo/,,,950台灣臺東縣臺東市南王里更生北路674巷15號,,,,,,,,0,,,Công ty công trình dân dụng / Kỹ thuật dân dụng
2300,晴山御花園,,,'0423306888,https://www.facebook.com/richgarden88,,,413台灣臺中市霧峰區中正里民生路60號,,,,,,,,0,,,Đơn vị xây dựng nhà theo yêu cầu
2301,健良建設有限公司,,,'0918007228,https://www.facebook.com/Senmeiguan,,,632台灣雲林縣虎尾鎮新吉里47-1號3樓,,,,,,,,0,,,Công ty xây dựng
2302,歐傑家裝潢工程行 - 新北樹林 人氣室內設計 老屋翻新改造推薦 店面空間裝修首選 木作系統櫃 客製化訂製 統包工程 施工規劃 線上諮詢,,,'0918711318,https://www.facebook.com/share/15GJT6EmTz/,,,238台灣新北市樹林區彭厝里八德街349-5號,,,,,,,,0,,,Công ty xây dựng
2303,特樂室內裝修文創工程行,,,'0970262729,https://www.facebook.com/share/15oQw3HCWC/?mibextid=LQQJ4d,,,940台灣屏東縣枋寮鄉中寮村保安路43號,,,,,,,,0,,,Đơn vị xây dựng nhà
2304,知禮崙青,,,,https://www.facebook.com/share/17DbnKw84i/?mibextid=wwXIfr,,,320台灣桃園市中壢區山東里山錦路92號,,,,,,,,0,,,Đơn vị xây dựng nhà theo yêu cầu
2305,建欣土木包工業,,,'0958535759,https://www.facebook.com/share/19NxFyG1nk/?mibextid=wwXIfr,,,433台灣臺中市沙鹿區鹿峰里中山路641巷5號,,,,,,,,0,,,Đơn vị xây dựng nhà theo yêu cầu
2306,東駿營造有限公司,,,'0605952666,https://www.facebook.com/share/1DBSUP6yD8/?mibextid=wwXIfr,,,718台灣臺南市關廟區花園里和平路268號,,,,,,,,0,,,Công ty xây dựng
2307,登傑工程有限公司,,,'0987222701,https://www.facebook.com/share/1BWrppTL7w/?mibextid=wwXIfr,,,831台灣高雄市大寮區三隆里興隆路503之6號,,,,,,,,0,,,Nhà thầu
2308,宏岳工程行,,,'0928583344,https://www.facebook.com/share/1Fh8eZK9y6/,,,973台灣花蓮縣吉安鄉勝安村勝安二街155號3樓,,,,,,,,0,,,Công ty công trình dân dụng / Kỹ thuật dân dụng
2309,寰宇工程行,,,'0963574491,https://www.facebook.com/share/1FXV3XtrWz/,,,412台灣臺中市大里區大里里爽文路146號,,,,,,,,0,,,Công ty công trình dân dụng / Kỹ thuật dân dụng
2310,優迅拆運工程,,,,https://www.facebook.com/share/1NREE5DErt/?mibextid=wwXIfr,,,544台灣南投縣國姓鄉國姓村成功街282巷20號,,,,,,,,0,,,Nhà thầu
2311,永固組合屋,,,'0982116999,https://www.facebook.com/share/g/19njtWdtXS/,,,655台灣雲林縣元長鄉龍岩147之17號,,,,,,,,0,,,Đơn vị xây dựng nhà
2312,富晟居家修繕工程,,,'0924111188,https://www.facebook.com/share/g/1Bz4uxwFCE/?mibextid=wwXIfr,,,912台灣屏東縣內埔鄉竹圍村福原路111巷5弄3號,,,,,,,,0,,,Dịch vụ phục hồi / trùng tu công trình
2313,揚億工程行,,,'0980012485,https://www.facebook.com/share/g/1DUgVHHz5G/?mibextid=wwXIfr,,,358台灣苗栗縣苑裡鎮中正里中正110號,,,,,,,,0,,,Công ty công trình dân dụng / Kỹ thuật dân dụng
2314,春不老接待中心,,,'052535099,https://www.facebook.com/shuilongzu/,,,606台灣嘉義縣中埔鄉義仁村樹頭埔1-40號,,,,,,,,0,,,Công ty xây dựng
2315,欣凱建設 欣凱企業社,,,'0913272946,https://www.facebook.com/sinkei166/,,,360台灣苗栗縣苗栗市建功里縣府路166號,,,,,,,,0,,,Đơn vị xây dựng nhà theo yêu cầu
2316,杉鴻營造有限公司,,,'072267075,https://www.facebook.com/SunHome.Builder/,,,800台灣高雄市新興區德望里民生一路206號12號樓之2,,,,,,,,0,,,Nhà thầu phụ công trình
2317,築立方接待會館－預約制（集智建設）,,,'037480202,https://www.facebook.com/STYLEWORLDConstruction,,,350台灣苗栗縣竹南鎮山佳里四維街40號,,,,,,,,0,,,Đơn vị xây dựng nhà theo yêu cầu
2318,太鼎承建工程,,,'0932969430,https://www.facebook.com/Taiding0932969430/,,,646台灣雲林縣古坑鄉古坑村文淵路1-100號,,,,,,,,0,,,Nhà thầu
2319,大園名宅 園霖澄匯,,,'033842103,https://www.facebook.com/the.heart.of.life98/,,,"號 No, No. 50長興街田心里大園區桃園市台灣 337",,,,,,,,0,,,Đơn vị xây dựng nhà theo yêu cầu
2320,鉅日建設,,,'0423715777,https://www.facebook.com/TuaLitArchitecture,,,403台灣臺中市西區土庫里忠明南路375號,,,,,,,,0,,,Công ty xây dựng
2321,廣昱謙禾x萃99 caffee,,,'0914139419,https://www.facebook.com/TOPVILLALIFE,,,324台灣桃園市平鎮區北興里金陵路二段357號,,,,,,,,0,,,Công ty xây dựng
2322,永山玻璃｜各種玻璃批發｜建築玻璃承包施工｜室內玻璃設計｜浴室淋浴系統設計｜特殊玻璃設計,,,'076629122,https://www.facebook.com/YongShanBoLi/,,,842台灣高雄市旗山區永和里旗甲路一段389號,,,,,,,,0,,,Công ty xây dựng
2323,喜都建設有限公司,,,,https://www.facebook.com/XiDuConstructionLtd,,,913007台灣屏東縣萬丹鄉竹林村竹林路802號,,,,,,,,0,,,Công ty xây dựng
2324,豐閱建設股份有限公司,,,'0425286151,http://www.fengyue.com.tw/,,,420台灣豐原區社皮里社皮路69號,,,,,,,,0,,,Công ty xây dựng
2325,福清營造大安大甲工務所,,,'037881748,https://for-tune.com.tw/zh/,,,367台灣苗栗縣三義鄉鯉魚潭村9鄰號26-10號旁組合屋,,,,,,,,0,,,Công ty công trình dân dụng / Kỹ thuật dân dụng
2326,富翔營造有限公司（台中事務所）,,,'0422910011,https://fu-hsiang.com/,,,404台灣臺中市北區賴興里文昌一街98-2號,,,,,,,,0,,,Công ty công trình dân dụng / Kỹ thuật dân dụng
2327,新家華建築,,,'035310505,http://formosa.house/,,,300台灣新竹市北區金雅里金雅三街6號,,,,,,,,0,,,Công ty xây dựng
2328,富豊建設股份有限公司,,,'0223259169,http://www.ftnet.com.tw/fl/,,,106台灣臺北市中正區南福里南昌路一段85號15樓,,,,,,,,0,,,Công ty xây dựng
2329,富翔營造有限公司（管理部）,,,'053625538,https://fu-hsiang.com/,,,613台灣嘉義縣朴子市大葛里朴子七路206號,,,,,,,,0,,,Công ty công trình dân dụng / Kỹ thuật dân dụng
2330,富宇建設機構,,,'0422586787,http://www.fu-yu.com/,,,407台灣臺中市西屯區潮洋里市政北二路236號19樓之1,,,,,,,,0,,,Công ty xây dựng
2331,富宇建設股份有限公司,,,'036588882,http://www.fu-yu.com/,,,302台灣新竹縣竹北市鹿場里成功十二街28號2樓,,,,,,,,0,,,Nhà thầu phụ công trình
2332,富鉅鼎建設股份有限公司,,,'0225472889,http://www.fujiuding.com/,,,10487台灣臺北市中山區復華里長春路328號11樓之1,,,,,,,,0,,,Công ty xây dựng
2333,富利暘建設有限公司,,,'063315077,https://fuliyang-construction.com/,,,701台灣臺南市東區文聖里裕信路199號,,,,,,,,0,,,Công ty xây dựng
2334,皇家欣天地3期-森鄰接待中心,,,'087790005,https://golden-designer.com/Home_83/,,,912台灣屏東縣內埔鄉內田村學人路675號,,,,,,,,0,,,Đơn vị xây dựng nhà
2335,金鋐建設股份有限公司,,,'035716088,https://www.goldenmile.com.tw/,,,300台灣新竹市東區水源里太原路128號,,,,,,,,0,,,Công ty xây dựng
2336,藏美一品,,,'073538654,https://goo.gl/u8eXU6,,,811台灣高雄市楠梓區清豐里清豐路217號,,,,,,,,0,,,Đơn vị xây dựng nhà theo yêu cầu
2337,GOOD固德老屋翻修專門家,,,'0906002511,http://www.gooder.tw/,,,320台灣桃園市中壢區明德里福州路258號,,,,,,,,0,,,Đơn vị xây dựng nhà
2338,桓鉅建設股份有限公司,,,'0227136288,https://www.great-goal.com.tw/,,,105台灣臺北市松山區松基里民生東路三段128號9樓,,,,,,,,0,,,Nhà thầu
2339,寬闊建設股份有限公司,,,'039331868,https://www.goexpanse.com.tw/?utm_source=google_business_profile&utm_medium=gbp_view_website&utm_campaign=gmb&utm_content=main_button,,,268019台灣宜蘭縣五結鄉協和村自強東路115號,,,,,,,,0,,,Công ty xây dựng
2340,東豐三標石岡公務所,,,'0425724331,https://www.gsjs.com.tw/index.html,,,422台灣臺中市石岡區九房里豐勢路九房巷30號,,,,,,,,0,,,Công ty công trình dân dụng / Kỹ thuật dân dụng
2341,椰林建設接待會館,,,'036581177,https://www.grandconstruction.com.tw/,,,302台灣新竹縣竹北市中崙里縣政九路南段99號,,,,,,,,0,,,Công ty xây dựng
2342,全坤建設開發股份有限公司,,,'0287918888,http://www.gtg.com.tw/,,,114台灣臺北市內湖區湖元里新湖二路329號,,,,,,,,0,,,Công ty xây dựng
2343,國記營造股份有限公司,,,'033337699,http://www.guo-chi.com.tw/,,,330台灣桃園市桃園區成功路一段32號8樓,,,,,,,,0,,,Công ty xây dựng
2344,國鎮建設股份有限公司,,,'073363396,http://www.guojen.com.tw/,,,"樓之2, No. 6號18民權二路前鎮區高雄市台灣 80661",,,,,,,,0,,,Công ty xây dựng
2345,固越營造工程股份有限公司,,,'0492927918,https://www.guyue.tw/,,,545台灣南投縣埔里鎮水頭里東潤路52-6號,,,,,,,,0,,,Nhà thầu phụ công trình
2346,海富建設股份有限公司,,,'062757088,https://hai-fu.com.tw/,,,70442台灣臺南市北區長勝里長勝路66號,,,,,,,,0,,,Công ty xây dựng
2347,合環建設工程股份有限公司,,,'0229110123,http://www.hehuangroup.com/,,,231台灣新北市新店區寶福里中興路二段225號2樓,,,,,,,,0,,,Công ty xây dựng
2348,禾璞建設有限公司,,,'0425261868,https://www.he-pu.com/,,,420台灣臺中市豐原區中陽里愛國街243號,,,,,,,,0,,,Công ty xây dựng
2349,禾木建設,,,'035921975,https://www.hemu.com.tw/,,,307台灣新竹縣芎林鄉上山村光明五街18號,,,,,,,,0,,,Công ty xây dựng
2350,華鋼科技工程有限公司,,,'0930577870,https://hgtelc.com.tw/,,,351台灣苗栗縣頭份市頭份里顯會路73巷35號,,,,,,,,0,,,Nhà thầu phụ công trình
2351,中乙祥營造工程有限公司,,,'0226872507,http://www.hh-cyh.com/,,,238台灣新北市樹林區樹人里復興路292號,,,,,,,,0,,,Công ty xây dựng
2352,宏昇營造股份有限公司,,,'075597733,https://hhtower.com.tw/,,,80457台灣高雄市鼓山區龍水里中華一路866號,,,,,,,,0,,,Công ty xây dựng
2353,和闐建築事業,,,'073721805,https://www.hetman.com.tw/,,,814台灣高雄市仁武區八卦里同和路8號,,,,,,,,0,,,Đơn vị xây dựng nhà
2354,華鍚宅修,,,'0926128576,https://www.ho-chung.idv.tw/,,,701台灣臺南市東區大智里德東街281號,,,,,,,,0,,,Dịch vụ phục hồi / trùng tu công trình
2355,河馬工程行#高雄土水#高雄油漆,,,'0930308363,http://www.hippo-engineering.url.tw/,,,830台灣高雄市鳳山區國隆里凱旋路332巷1號3樓,,,,,,,,0,,,Dịch vụ phục hồi / trùng tu công trình
2356,宏普建設股份有限公司,,,'0227552662,http://www.hong-pu.com.tw/,,,106台灣臺北市大安區義安里敦化南路二段19號9F,,,,,,,,0,,,Công ty xây dựng
2357,合構建築有限公司《外牆翻修》外牆修繕｜外牆拉皮｜外牆塗裝｜外牆整修｜外牆塗裝｜牆面防水廠商｜房子外牆翻新｜外牆防水工程,,,'0226895020,https://hopetobuilding.com/,,,238台灣新北市樹林區三福里福興街25號,,,,,,,,0,,,Công ty xây dựng
2358,浩創建築,,,'035333723,http://www.houstrong.com.tw/,,,300台灣新竹市北區磐石里竹光路208號1樓,,,,,,,,0,,,Công ty xây dựng
2359,皇程首賦-接待中心,,,'039325688,https://huangcheng.vercel.app/,,,260台灣宜蘭縣宜蘭市大新里聖後街53號,,,,,,,,0,,,Công ty xây dựng
2360,光華盛璟 (拾穗No.15 )- 皇禾建設,,,'037627333,https://www.huanghe.com.tw/,,,35056台灣苗栗縣竹南鎮後庄里永貞路二段249號,,,,,,,,0,,,Công ty xây dựng
2361,華固建設股份有限公司,,,'0227582828,http://www.huaku.com.tw/,,,110台灣臺北市信義區中興里信義路四段456號7樓,,,,,,,,0,,,Công ty xây dựng
2362,樺薪工程整合有限公司,,,'037552335,https://huaxins.org/,,,350台灣苗栗縣竹南鎮海口里保福路6號,,,,,,,,0,,,Nhà thầu phụ công trình
2363,黃士瑋建築師事務所/樺瑋建設股份有限公司,,,'0228850970,https://www.huowei.com.tw/,,,106台灣臺北市大安區古莊里浦城街15號2樓,,,,,,,,0,,,Công ty xây dựng
2364,宜蘭農舍農地 阿寶,,,'0980004849,https://www.ibigfun.com/pages/index/0980004849,,,26843台灣宜蘭縣五結鄉二結村中正路三段124號二樓,,,,,,,,0,,,Công ty công trình dân dụng / Kỹ thuật dân dụng
2365,同盛工程,,,'075561216,https://www.ibuilding.com.tw/,,,813台灣高雄市左營區新上里新庄仔路788巷23號,,,,,,,,0,,,Dịch vụ phục hồi / trùng tu công trình
2366,耕薪建設｜耕建築,,,'0266003688,https://www.in-life.com.tw/,,,105台灣臺北市松山區敦化里八德路三段20號7樓-1,,,,,,,,0,,,Công ty xây dựng
2367,長虹天韻接待中心,,,'0426459888,http://inh.tw/bellavita,,,436台灣臺中市清水區槺榔里港都五路20號1樓,,,,,,,,0,,,Đơn vị xây dựng nhà theo yêu cầu
2368,嵩贊企業有限公司,,,'0988044885,https://www.instagram.com/a0988_044_885/,,,414台灣臺中市烏日區溪南路一段680巷586弄37號1樓,,,,,,,,0,,,Công ty công trình dân dụng / Kỹ thuật dân dụng
2369,泰宇營造有限公司,,,,https://www.instagram.com/casticielo_ty?igsh=N2pqZ3UycTYzam0w&utm_source=qr,,,540台灣南投縣南投市三民里民權街230號1樓,,,,,,,,0,,,Công ty xây dựng
2370,東駿企業有限公司,,,'0226606789,https://www.instagram.com/dc_construction_tw?igsh=NThuNDh2d3V3ZHA3&utm_source=qr,,,22144台灣新北市汐止區橫科里橫科路121巷40-1號,,,,,,,,0,,,Công ty công trình dân dụng / Kỹ thuật dân dụng
2371,蕎立建設,,,'048333399,https://www.initial1987.com/,,,510台灣彰化縣員林市南平里員林大道五段91號,,,,,,,,0,,,Công ty xây dựng
2372,光穎室內裝修有限公司,,,'0919493706,https://www.instagram.com/lilleiandco,,,204台灣基隆市安樂區六合里樂利三街268號,,,,,,,,0,,,Công ty xây dựng
2373,紘程工程行（高雄泥作）,,,,https://instagram.com/hongcheng888?r=nametag,,,812台灣高雄市小港區港正里中船一村10-8號,,,,,,,,0,,,Đơn vị xây dựng nhà theo yêu cầu
2374,晉宸建築室內設計,,,'0973609680,https://www.instagram.com/lphone.home/?igshid=YmMyMTA2M2Y=,,,269台灣宜蘭縣冬山鄉群英村冬山路五段397號,,,,,,,,0,,,Công ty xây dựng
2375,鉅偉工程有限公司,,,'0988062868,https://www.instagram.com/ming_zhix/,,,612台灣嘉義縣太保市新埤里320之3號,,,,,,,,0,,,Công ty xây dựng
2376,羿能營造工程有限公司(林園),,,'076426939,https://www.instagram.com/yineng.co/,,,832台灣高雄市林園區文賢里文賢南路111號,,,,,,,,0,,,Nhà thầu
2377,傑大建築工程,,,'0936270522,https://www.jaydabuild.com.tw/,,,90741台灣屏東縣鹽埔鄉新二村維新路47-1號,,,,,,,,0,,,Công ty xây dựng
2378,堅山建設股份有限公司,,,'077515101,http://www.j-shan.com.tw/,,,802台灣高雄市苓雅區福南里中正一路249號11樓,,,,,,,,0,,,Công ty xây dựng
2379,金富御碩,,,'0227893366,https://jfys.8sms.tw/,,,115台灣臺北市南港區鴻福里中坡南路31巷8號,,,,,,,,0,,,Đơn vị xây dựng nhà
2380,永青營造工程股份有限公司,,,'062029888,http://www.jho.com.tw/,,,71041台灣臺南市永康區王行里永科三路99號,,,,,,,,0,,,Công ty xây dựng
2381,忠石建築股份有限公司,,,'0277306003,http://www.jhongshih.com/,,,235台灣新北市中和區連城里連城路203巷10弄27號1樓,,,,,,,,0,,,Công ty xây dựng
2382,京和建設股份有限公司,,,'035102758,http://www.jhcc.com.tw/,,,300台灣新竹市北區光田里東大路二段76號9樓,,,,,,,,0,,,Công ty xây dựng
2383,健暉建設有限公司,,,'075506152,http://jianhui.tw/project-detail.php?id=18&utm_source=google&utm_medium=cpc&utm_campaign=%E6%B3%A2%E8%A5%BF%E7%B1%B3%E4%BA%9E&gclid=Cj0KCQjwj5mpBhDJARIsAOVjBdoDqwZ1TKoiAB7nVdMpXOJ99Y0uBE_AHPEWytt3WMiNssY6RKeX2kkaAplnEALw_wcB,,,813台灣高雄市 左營區太華街30號,,,,,,,,0,,,Công ty xây dựng
2384,桀揚營造有限公司,,,'087230065,https://jie-yang.com.tw/,,,909台灣屏東縣麟洛鄉麟蹄村六雅街24號,,,,,,,,0,,,Công ty công trình dân dụng / Kỹ thuật dân dụng
2385,頡懋建設有限公司,,,'0422627888,http://www.jiemau.com.tw/,,,402台灣臺中市南區樹德里德富路122號,,,,,,,,0,,,Nhà thầu
2386,家格建設股份有限公司,,,'0227013376,https://www.jiager.com/,,,106台灣臺北市大安區和安里復興南路一段390號4樓,,,,,,,,0,,,Công ty xây dựng
2387,吉美建設事業股份有限公司,,,'0227261515,http://www.jimei.com.tw/,,,110台灣臺北市信義區松光里忠孝東路五段508號27F,,,,,,,,0,,,Đơn vị xây dựng nhà
2388,京坪有限公司 專職白磚，石膏磚，自流平地坪，卡扣地板,,,'0976569649,https://www.jingpingfloor.com/,,,806台灣高雄市鳳山區明正里明鳳十街1號,,,,,,,,0,,,Công ty công trình dân dụng / Kỹ thuật dân dụng
2389,久傳工程有限公司,,,'0911007220,https://www.jiouchuan.com/,,,408台灣臺中市南屯區惠中里文心路一段324號11號樓之1,,,,,,,,0,,,Công ty công trình dân dụng / Kỹ thuật dân dụng
2390,精銳建設,,,'0422590288,https://www.jinray.com.tw/,,,408台灣臺中市南屯區溝墘里惠文路708號大業路口,,,,,,,,0,,,Công ty xây dựng
2391,中洲建設總公司,,,'087537111,http://www.jjhome.com.tw/,,,900台灣屏東縣屏東市安鎮里大同路13號,,,,,,,,0,,,Công ty xây dựng
2392,中洲建設迎賓會所,,,'087210100,https://www.jjhome.com.tw/,,,900台灣屏東縣屏東市瑞光里瑞華街225號,,,,,,,,0,,,Công ty xây dựng
2393,中悦建設開發股份有限公司,,,'0285228898,http://www.joyes.com.tw/,,,24248台灣新北市新莊區中原里中原路558號23樓,,,,,,,,0,,,Công ty xây dựng
2394,正揚企業社,,,'039593116,http://www.jy-house.com.tw/,,,269台灣宜蘭縣冬山鄉太和村太和路515號,,,,,,,,0,,,Đơn vị xây dựng nhà
2395,凱丞建設,,,'087806699,http://www.kai-cheng.com.tw/,,,920台灣屏東縣潮州鎮興美二巷8號,,,,,,,,0,,,Công ty xây dựng
2396,傑座建設股份有限公司,,,'0223081666,https://jz1688.mystrikingly.com/,,,10862台灣臺北市萬華區中華路二段44巷6號,,,,,,,,0,,,Công ty xây dựng
2397,開璽建設股份有限公司,,,'0223630111,http://kc-karchi.com/,,,100台灣臺北市中正區板溪里羅斯福路二段102號,,,,,,,,0,,,Công ty xây dựng
2398,基泰建設股份有限公司,,,'0223830666,http://www.keetai.com.tw/,,,100台灣臺北市中正區光復里衡陽路51號10樓,,,,,,,,0,,,Công ty xây dựng
2399,佳洺工程,,,'0955635999,https://khjiaming.com.tw/,,,811台灣高雄市楠梓區惠民里高楠公路1870巷29弄17號,,,,,,,,0,,,Công ty xây dựng
2400,冠德建設,,,'0223786789,http://www.kindom.com.tw/,,,105台灣臺北市松山區民福里民權東路三段173號,,,,,,,,0,,,Công ty xây dựng
2401,國賓大建設股份有限公司,,,'0227095566,http://www.kobinda.com/,,,106台灣臺北市大安區和安里復興南路一段390號8樓之6,,,,,,,,0,,,Công ty xây dựng
2402,君鑑機構,,,'0424758228,http://www.kingarchit.com.tw/,,,408台灣臺中市南屯區同心里大墩二街186號,,,,,,,,0,,,Công ty xây dựng
2403,光洲建設股份有限公司,,,'075563122,http://www.kscco.com.tw/,,,813台灣高雄市左營區新上里裕誠路394號,,,,,,,,0,,,Đơn vị xây dựng nhà
2404,坤山建設股份有限公司,,,'035283108,http://www.kuensun.com.tw/,,,300台灣新竹市北區民富里北大路340號4樓,,,,,,,,0,,,Công ty xây dựng
2405,棋琴17重奏,,,'075363881,http://www.kuntin.com.tw/out_link/17web/index.html,,,80654台灣高雄市前鎮區盛豐里復興三路381號,,,,,,,,0,,,Công ty xây dựng
2406,台灣誠信建商國家優良建商新建案新成屋預售屋推薦,,,'0422588809,https://www.kunyue.com.tw/hot,,,407台灣臺中市西屯區惠來里市政路402號19號樓之1,,,,,,,,0,,,Công ty xây dựng
2407,崑郡建設股份有限公司,,,'075581535,http://www.kuntin.com.tw/,,,813台灣高雄市左營區新上里富國路185號,,,,,,,,0,,,Nhà thầu phụ công trình
2408,多沅工程企業社,,,'0919742933,https://lightsteel.skycity.com.tw/,,,220台灣新北市板橋區大觀路二174巷112號,,,,,,,,0,,,Công ty công trình dân dụng / Kỹ thuật dân dụng
2409,聯宏關係企業,,,'034935678,http://www.lienhong.com.tw/Relation01.html,,,324台灣桃園市平鎮區廣興里忠孝路38號,,,,,,,,0,,,Công ty xây dựng
2410,希苑建設,,,'056326999,https://lihi1.cc/Q0lPK,,,632台灣雲林縣虎尾鎮光明路193巷14號,,,,,,,,0,,,Công ty xây dựng
2411,力展實業社抓漏止漏修繕居家服務一條龍,,,'0976036539,https://lijan.tw/,,,403台灣臺中市西區六合里臺灣大道一段726號3號樓 之 1,,,,,,,,0,,,Dịch vụ phục hồi / trùng tu công trình
2412,台南房屋翻修工程｜浴室、房屋翻修及增建｜劉瀚中,,,'0901084714,https://lin.ee/8bp9SqQ,,,717台灣臺南市仁德區仁愛里機場路1300號,,,,,,,,0,,,Công ty công trình dân dụng / Kỹ thuật dân dụng
2413,豐千 — 花蓮在地統包/室內裝潢/防水/油漆/水電/老屋翻修/修繕補助貸款/鐵捲門/AI3D工程企劃顧問/鋼構/鐵皮屋/鐵工/遮雨棚/冷氣空調,,,'0981085563,https://lin.ee/I5IoMt6,,,976台灣花蓮縣光復鄉中正路一段305號1樓,,,,,,,,0,,,Nhà thầu phụ công trình
2414,豐昱開發股份有限公司,,,'062959398,https://lin.ee/F2y2mx8,,,708005台灣臺南市安平區平通里國平路591巷6號,,,,,,,,0,,,Công ty xây dựng
2415,戽美營造有限公司,,,'0425884016,https://lin.ee/MSsu6y5,,,423台灣臺中市東勢區新盛里豐勢路2-1號,,,,,,,,0,,,Công ty công trình dân dụng / Kỹ thuật dân dụng
2416,化師傅泥作-磁磚修補、磁磚隆起、貼地壁磚、浴廁整修、防漏處理、壁癌處理（電話洽詢）,,,'0905025815,https://lin.ee/OoT43lp,,,807台灣高雄市三民區德北里更新街,,,,,,,,0,,,Dịch vụ phục hồi / trùng tu công trình
2417,新威營造有限公司,,,,https://line.me/R/ti/p/@168cbwga?oat_content=url,,,513台灣彰化縣埔心鄉坡路三段57號,,,,,,,,0,,,Công ty xây dựng
2418,竹慶建設接待中心,,,'035353355,https://lin.ee/iqdtljk,,,300台灣新竹市北區金雅里金雅路55號,,,,,,,,0,,,Đơn vị xây dựng nhà theo yêu cầu
2419,立固永工程行,,,'0982552175,https://line.me/ti/p/0PRoYVRhAV,,,981台灣花蓮縣玉里鎮永昌里莊敬路31號,,,,,,,,0,,,Công ty công trình dân dụng / Kỹ thuật dân dụng
2420,台南磁磚空心灌注-不用拆直接修復,,,'0937363856,https://line.me/ti/p/tsdqCQNBOP,,,718台灣臺南市關廟區北勢里北安一街159號,,,,,,,,0,,,Nhà thầu
2421,瓏寶營造股份有限公司 君臨室內裝修設計有限公司,,,'0424936025,http://www.longbao-tw.com/,,,412台灣臺中市大里區金城街150號 TEL,,,,,,,,0,,,Công ty xây dựng
2422,鴻福帝景,,,,https://m.591.com.tw/show/housing/107624,,,320台灣桃園市中壢區永福里西園路118號,,,,,,,,0,,,Đơn vị xây dựng nhà theo yêu cầu
2423,山豐 逸軒,,,'034798968,https://m.591.com.tw/show/housing/111645,,,325台灣桃園市龍潭區三林里民族路437號,,,,,,,,0,,,Đơn vị xây dựng nhà theo yêu cầu
2424,榮華五金鋁門窗,,,'076612658,https://m.facebook.com/%E6%A6%AE%E8%8F%AF%E4%B8%8D%E9%8F%BD%E9%8B%BC%E4%BA%94%E9%87%91%E5%BB%BA%E6%9D%90%E8%A1%8C-109713252025254/?mibextid=LQQJ4d,,,842台灣高雄市旗山區太平里旗南一路177號,,,,,,,,0,,,Công ty xây dựng
2425,翰唐建設有限公司,,,'062315001,https://m.facebook.com/100085059558443/,,,710台灣臺南市永康區烏竹里龍橋街291巷28弄30號,,,,,,,,0,,,Công ty xây dựng
2426,猛揮營造股份有限公司,,,'063116789,http://www.m-h.com.tw/,,,710台灣臺南市永康區中華路1號21樓,,,,,,,,0,,,Công ty xây dựng
2427,高苑營造股份有限公司,,,'055519088,https://m.facebook.com/pg/%E9%AB%98%E8%8B%91%E7%87%9F%E9%80%A0%E8%82%A1%E4%BB%BD%E6%9C%89%E9%99%90%E5%85%AC%E5%8F%B8-1706947226204365/photos/?ref=page_internal&mt_nav=0,,,640台灣雲林縣斗六市正心里西平路293號,,,,,,,,0,,,Công ty xây dựng
2428,森之境,,,'076663611,https://m.facebook.com/story.php?story_fbid=pfbid02KuLt6hotwVQ1cxE3LVz97pBmpFrax7fCHR1ESWxcBhTGU5LSexvT8XbgsY3zcUjhl&id=100092394166562&mibextid=qC1gEa,,,842台灣高雄市旗山區南洲里旗南二路138之2號,,,,,,,,0,,,Đơn vị xây dựng nhà theo yêu cầu
2429,美上美建設股份有限公司,,,'0222475990,http://www.m3m.com.tw/,,,234台灣新北市永和區文化路97號,,,,,,,,0,,,Công ty xây dựng
2430,輕嵩美光2接待中心,,,'0425589777,https://maize-pigeon-zqtflx.mystrikingly.com/,,,421台灣臺中市后里區后里里三豐路四段31號,,,,,,,,0,,,Đơn vị xây dựng nhà
2431,美僑建設有限公司,,,'077437288,http://www.mei-chiao.com.tw/,,,830台灣高雄市鳳山區文華里建國路三段95號12樓,,,,,,,,0,,,Công ty xây dựng
2432,祐陞建設實業有限公司,,,'075505588,https://www.min-sheng.com.tw/,,,804台灣高雄市鼓山區明誠三路695號13樓號,,,,,,,,0,,,Công ty xây dựng
2433,屹利屋建材工程行,,,'0910443911,https://www.murrayhouse.com.tw/,,,973台灣花蓮縣吉安鄉宜昌村中華路二段182巷5號,,,,,,,,0,,,Dịch vụ phục hồi / trùng tu công trình
2434,名贊建設股份有限公司 l桃竹地區在地建設l 好宅好屋l,,,'033701611,https://www.mz081.com/,,,330010台灣桃園市桃園區同德六街89號十四樓之三,,,,,,,,0,,,Công ty xây dựng
2435,南碁/瑀騰營造有限公司,,,'072216358,http://www.nanchi.tw/,,,800台灣高雄市新興區仁聲里復興一路19號12 樓之2,,,,,,,,0,,,Nhà thầu
2436,新而雅建設有限公司,,,'0426630688,https://www.newandelegant.url.tw/,,,433台灣臺中市沙鹿區居仁里中山路407號4樓,,,,,,,,0,,,Công ty xây dựng
2437,樂活小鎮,,,'063563186,https://www.nantaiyi.com.tw/index.asp,,,720台灣臺南市官田區152之1號,,,,,,,,0,,,Công ty xây dựng
2438,三秀吉景,,,'034694988,https://newhouse.591.com.tw/home/housing/detail?hid=116604,,,324台灣桃園市平鎮區湧安里湧安路21號,,,,,,,,0,,,Đơn vị xây dựng nhà
2439,育堂東方大苑-接待會館,,,'0425205528,https://www.noblehall.com.tw/buildCase/Living_Aesthetics/,,,420台灣臺中市豐原區北陽里豐原大道四段51號,,,,,,,,0,,,Công ty xây dựng
2440,士林一品,,,'0225868888,https://www.palaceone.tw/,,,111台灣臺北市士林區義信里大南路99號,,,,,,,,0,,,Đơn vị xây dựng nhà theo yêu cầu
2441,奕德開發工程有限公司,,,'0988100433,https://page.line.me/758smfem,,,402台灣臺中市南區樹義里復興路一段17號14樓之2,,,,,,,,0,,,Công ty công trình dân dụng / Kỹ thuật dân dụng
2442,祥傑建設,,,'073336050,https://www.orange-arch.com.tw/,,,802台灣高雄市苓雅區城西里中華四路47號17樓之1,,,,,,,,0,,,Đơn vị xây dựng nhà
2443,磐禾工程,,,'067266949,https://panhe-waterproof.com/,,,722台灣臺南市佳里區佳化里麻興路二段561號,,,,,,,,0,,,Công ty công trình dân dụng / Kỹ thuật dân dụng
2444,磐榕開發建設有限公司,,,'048366778,https://www.panrongconstruct.com/,,,510台灣彰化縣員林市員林大道四段201號,,,,,,,,0,,,Công ty xây dựng
2445,百立建設股份有限公司,,,'073386699,http://www.pearly.com.tw/,,,802台灣高雄市苓雅區普照里民權一路53號,,,,,,,,0,,,Công ty xây dựng
2446,橋豐科技股份有限公司,,,'0422935556,https://piec.com.tw/,,,407330台灣臺中市西屯區大鵬里文心路三段241號20樓之3,,,,,,,,0,,,Công ty công trình dân dụng / Kỹ thuật dân dụng
2447,涵海工程企業社,,,'0975902680,https://www.pro360.com.tw/service/134449,,,台灣高雄市苓雅區中山二路489號28號樓 之,,,,,,,,0,,,Công ty công trình dân dụng / Kỹ thuật dân dụng
2448,謙大華建築基地,,,,https://project.utmost.com.tw/QianDaHua,,,741台灣臺南市善化區東關里裕民街29號,,,,,,,,0,,,Công ty xây dựng
2449,青田居接待會館,,,'0492994700,https://www.puli-life.com/,,,545台灣南投縣埔里鎮枇杷里青田街100號,,,,,,,,0,,,Đơn vị xây dựng nhà
2450,勤艾德工程,,,'0968935008,https://qinaide-construction.com.tw/,,,804060台灣高雄市鼓山區明誠里博愛二路343號11樓之7,,,,,,,,0,,,Công ty công trình dân dụng / Kỹ thuật dân dụng
2451,璞永建設股份有限公司,,,'0225779118,https://www.pycg.com.tw/,,,104台灣臺北市中山區中山里中山北路二段65巷2弄9號,,,,,,,,0,,,Công ty xây dựng
2452,全宥有限公司 - 宅修特工 | 台南永康｜室內設計 新屋新房裝潢 新成屋 退休宅樂齡宅設計 系統傢俱 系統櫃 老屋翻修 舊屋翻新 專業整修推薦 改建首選 好評 優質 客製智能家居設計 套房改建 評價 中古屋規劃諮詢 北歐風設計,,,'0986239058,http://www.quanyou.com.tw/articleCategory1s/lists,,,710台灣臺南市永康區東橋里東橋三路496號,,,,,,,,0,,,Dịch vụ phục hồi / trùng tu công trình
2453,承學建築-承學Light基地位置,,,'0910376906,https://reurl.cc/04yl3M,,,741台灣臺南市善化區78號旁,,,,,,,,0,,,Công ty xây dựng
2454,鴻柏建設 接待會館（中華路）,,,'035335533,https://reurl.cc/ekgENm,,,300台灣新竹市東區東園里中華路一段332號,,,,,,,,0,,,Công ty xây dựng
2455,宜室感🌞 接待會館,,,'062510081,https://ritualsense.tw/,,,709台灣臺南市安南區溪北里安和路一段43號,,,,,,,,0,,,Đơn vị xây dựng nhà theo yêu cầu
2456,富總建設股份有限公司,,,'033581188,https://www.richone.com.tw/,,,330台灣桃園市桃園區同安里中正路1080號22樓,,,,,,,,0,,,Công ty xây dựng
2457,精湛建設股份有限公司,,,'0436006666,http://www.rng.com.tw/,,,407台灣臺中市西屯區協和里安和路97號,,,,,,,,0,,,Công ty xây dựng
2458,榮工工程股份有限公司,,,'0286917366,https://www.rseaec.com.tw/,,,221台灣新北市汐止區樟樹里大同路一段175號13樓,,,,,,,,0,,,Nhà thầu phụ công trình
2459,榮工工程股份有限公司(花東工務所),,,'089814991,https://www.rseaec.com.tw/,,,956台灣臺東縣關山鎮新福里福德街1號2樓,,,,,,,,0,,,Công ty công trình dân dụng / Kỹ thuật dân dụng
2460,三禾苑建設有限公司,,,'034983383,https://san-ho-yuan.com/,,,328台灣桃園市觀音區福山路3段36號,,,,,,,,0,,,Công ty xây dựng
2461,馨望,,,'0982229540,https://sale.591.com.tw/home/house/detail/2/9342360.html,,,326027台灣桃園市楊梅區永寧里環南路141巷11弄38號,,,,,,,,0,,,Đơn vị xây dựng nhà theo yêu cầu
2462,三星營造股份有限公司,,,'0225865890,http://sansin.com.tw/,,,103台灣臺北市大同區保安里承德路三段232號6F,,,,,,,,0,,,Công ty xây dựng
2463,宏帷建設有限公司,,,'038523535,https://scontent.ftpe8-2.fna.fbcdn.net/v/t39.2825-6/177834382_1125480994618462_783054264969308379_n.png?_nc_cat=101&ccb=1-3&_nc_sid=ee9b7e&_nc_ohc=S0tHtw-VXOgAX9r9gCv&_nc_ht=scontent.ftpe8-2.fna&oh=ff52a0ed610a45984a1839e06b98906a&oe=60A808F3,,,970台灣花蓮縣花蓮市國裕里富安路65號1樓,,,,,,,,0,,,Công ty xây dựng
2464,森業營造股份有限公司,,,'0225625787,https://www.senyeh.com/,,,104台灣臺北市中山區正守里新生北路一段66號8樓,,,,,,,,0,,,Công ty xây dựng
2465,尚成職人冷氣專業拆洗,,,'0955603683,https://shangch.tw/,,,702台灣臺南市安南區培安二街37號,,,,,,,,0,,,Công ty công trình dân dụng / Kỹ thuật dân dụng
2466,勝吉營造工程有限公司,,,'0492988806,https://www.sheng-ji.tw/,,,545台灣南投縣埔里鎮西門里仁愛路301號,,,,,,,,0,,,Đơn vị xây dựng nhà
2467,紳璽悅建設股份有限公司,,,'072692520,https://www.shenxiyue.com.tw/,,,804台灣高雄市鼓山區平和里青海路587號,,,,,,,,0,,,Công ty xây dựng
2468,上德開發股份有限公司,,,'0800678189,https://shangde.com.tw/,,,302台灣新竹縣竹北市中興里嘉豐十一路一段100號10樓之2,,,,,,,,0,,,Công ty xây dựng
2469,世豐電力工程處,,,'038841599,http://www.shihfong.com.tw/,,,982台灣花蓮縣卓溪鄉,,,,,,,,0,,,Công ty xây dựng
2470,紳諺工程行,,,'0980160613,https://shenyanbmr.com.tw/,,,432台灣臺中市大肚區王福街261巷5號,,,,,,,,0,,,Dịch vụ phục hồi / trùng tu công trình
2471,"伸和工程行 屋頂工程,鋼構工程,裝潢工程",,,'0985323145,http://www.shin-wa.com.tw/,,,台灣嘉義縣六腳鄉六南村212號,,,,,,,,0,,,Công ty công trình dân dụng / Kỹ thuật dân dụng
2472,舒美興建設有限公司,,,'039256389,https://www.shummi168.com.tw/,,,260台灣宜蘭縣宜蘭市建業里縣政西路91號,,,,,,,,0,,,Công ty xây dựng
2473,向信建設有限公司,,,'039580479,https://www.shiangshin.com.tw/,,,265台灣宜蘭縣羅東鎮東安里光榮路156號3樓,,,,,,,,0,,,Công ty xây dựng
2474,新希雅采美工藝,,,'0932503025,https://sinsiya.com.tw/,,,427台灣臺中市潭子區聚興里豐興路一段483號,,,,,,,,0,,,Dịch vụ phục hồi / trùng tu công trình
2475,欣宏達建設股份有限公司,,,'073356218,http://www.singhongda.com/,,,806台灣高雄市前鎮區民權里一心一路241號10樓,,,,,,,,0,,,Công ty xây dựng
2476,擎天峰和,,,'0229488888,https://skyboutique.jays99.com/,,,235台灣新北市中和區嘉慶里員山路119號,,,,,,,,0,,,Đơn vị xây dựng nhà
2477,興震億建設有限公司,,,'087517125,https://www.sjyconstruction.com.tw/,,,90085台灣屏東縣屏東市清溪里清寧街223號,,,,,,,,0,,,Công ty xây dựng
2478,三本建設機構,,,'033679288,http://www.sun-bird.com.tw/,,,334台灣桃園市八德區大千里和平路278號,,,,,,,,0,,,Công ty xây dựng
2479,昭揚建築,,,'033165578,http://www.soundrise.com.tw/,,,330台灣桃園市桃園區同安里藝文一街86號18 樓,,,,,,,,0,,,Công ty xây dựng
2480,協勝發建設,,,'075515192,https://www.ssfc.com.tw/,,,807台灣高雄市三民區,,,,,,,,0,,,Công ty xây dựng
2481,白天鵝建設機構,,,'0227328856,http://swan.com.tw/,,,110台灣臺北市信義區景聯里信義路五段2號6樓,,,,,,,,0,,,Đơn vị xây dựng nhà
2482,【泰山工程行 - 全台大小工程承包】RC 道路 牆壁 鋼筋水泥 切割鑽孔 裝璜水電承包 裝璜拆除 植筋鑽心取樣 安卡植筋 化學錨栓 建築物翻修 電子廠房 無塵室施工 室內規劃設計 打石清運 垃圾處理清運,,,'0935315955,https://www.taishanrepair.com/,,,432台灣臺中市大肚區福山里沙田路一段340號,,,,,,,,0,,,Nhà thầu
2483,臺邦建設股份有限公司,,,'062998989,https://www.taipang.com.tw/index.php,,,708台灣臺南市安平區國平里建平一街202巷3弄2號,,,,,,,,0,,,Công ty xây dựng
2484,廣恩實業有限公司,,,'0929869158,https://www.taiwangowin.com/,,,71741台灣臺南市仁德區太子里太子路2號,,,,,,,,0,,,Nhà thầu
2485,寶興土木工程有限公司,,,'0978833508,https://taiwan2016.wixsite.com/baoxing,,,404台灣臺中市北區長青里陝西東四街12號3號樓之3,,,,,,,,0,,,Dịch vụ phục hồi / trùng tu công trình
2486,華熊營造股份有限公司,,,'0227210427,http://www.taiwankumagai.com.tw/,,,106台灣臺北市大安區敦化南路1段205號12樓之8,,,,,,,,0,,,Công ty xây dựng
2487,天佑工程行,,,'0911205601,https://www.tianyouworks.com/,,,402台灣臺中市南區崇倫里建國南路一段236巷36-2號,,,,,,,,0,,,Công ty công trình dân dụng / Kỹ thuật dân dụng
2488,佳鴻工程行 新竹 竹北 抓漏 防水工程｜管路內補｜房屋漏水｜科技抓漏｜泥作工程｜老屋翻新｜室內裝修推薦｜各式居家修繕｜水電工程｜油漆工程,,,'0905295599,https://www.tiktok.com/@jh_.1014?_r=1&_t=ZS-93d2xWkPFCP,,,302台灣新竹縣竹北市溪州里新溪街292巷66弄38號,,,,,,,,0,,,Dịch vụ phục hồi / trùng tu công trình
2489,允隆營造有限公司,,,'062633015,https://www.tiktok.com/@yunlongying?_r=1&_t=ZS-95zSW1MWJtt,,,70261台灣臺南市南區南都里明興路6號,,,,,,,,0,,,Công ty xây dựng
2490,泰暘建設有限公司,,,'075522893,http://www.thai-yang.com.tw/,,,804台灣高雄市鼓山區明誠里裕誠路1586號2樓,,,,,,,,0,,,Công ty xây dựng
2491,信松廣場 - 接待會館,,,'0223576688,https://www.topscene.com.tw/hot/65,,,110台灣臺北市信義區四育里松隆路235號,,,,,,,,0,,,Đơn vị xây dựng nhà
2492,大隱小藍海 接待中心,,,'0228098118,http://topscene.com.tw/hot/53,,,251台灣新北市淡水區八勢里中正東路二段115號小藍海接待中心,,,,,,,,0,,,Đơn vị xây dựng nhà
2493,綠藝建築營造,,,'0938259903,https://trade.1111.com.tw/web/company/topbuild/,,,900台灣屏東縣屏東市華山里華正路185號,,,,,,,,0,,,Công ty xây dựng
2494,打石者聯盟,,,'0989737604,https://trunslu.com.tw/dashizhe/,,,912台灣屏東縣內埔鄉內埔村文昌路24號,,,,,,,,0,,,Công ty xây dựng
2495,采益建設有限公司,,,'072251318,http://www.tsayea.com.tw/,,,800台灣高雄市新興區光耀里民生一路56號19號樓之4,,,,,,,,0,,,Công ty xây dựng
2496,千原營造,,,'0425253736,http://tw.sweethome.cc/,,,420台灣臺中市豐原區豐圳里成功路479巷15號,,,,,,,,0,,,Công ty xây dựng
2497,「上川實業」淋浴拉門、衛浴設備、室內設計、住宅整修,,,'0912982307,http://tw.ypgo.net/3854702473,,,81450台灣高雄市仁武區文武里新庄路76號,,,,,,,,0,,,Dịch vụ phục hồi / trùng tu công trình
2498,佳恩建設有限公司,,,'038539953,https://www.twincn.com/45124580,,,973050台灣花蓮縣吉安鄉勝安村中原路一段55號,,,,,,,,0,,,Công ty xây dựng
2499,盛暉營造有限公司,,,'076895567,https://www.twincn.com/item.aspx?no=89685883,,,844台灣高雄市六龜區興龍里1之51號,,,,,,,,0,,,Công ty xây dựng
2500,鴻允營造有限公司,,,'048658338,https://www.twhongyun.com/,,,516台灣彰化縣埔鹽鄉南新村好金路3巷28-48號,,,,,,,,0,,,Công ty xây dựng
2501,海新建設有限公司,,,'073860111,https://twinc.com.tw/%E6%B5%B7%E6%96%B0%E5%BB%BA%E8%A8%AD%E6%9C%89%E9%99%90%E5%85%AC%E5%8F%B8/50931628/,,,807台灣高雄市三民區寶民里九如一路61號4號樓之2,,,,,,,,0,,,Công ty xây dựng
2502,萬基建設接待中心,,,'0426331988,http://www.twwanji.com.tw/,,,433台灣臺中市沙鹿區晉江里晉文路,,,,,,,,0,,,Công ty xây dựng
2503,啟昇建設事業股份有限公司,,,'0223253988,http://www.twsun-rise.com/,,,231台灣新北市新店區五峯里北新路一段86號19 樓 之 2,,,,,,,,0,,,Công ty công trình dân dụng / Kỹ thuật dân dụng
2504,乘寶公司,,,,http://www.wallsculture.com/,,,946台灣屏東縣恆春鎮山腳里恆南路77巷22弄4號1樓,,,,,,,,0,,,Công ty xây dựng
2505,都市建設股份有限公司,,,'075857737,http://www.urbangroup.com.tw/,,,813台灣高雄市左營區尾北里環潭路428號,,,,,,,,0,,,Công ty xây dựng
2506,萬德營造有限公司,,,'0289658986,http://www.wande.com.tw/,,,220台灣新北市板橋區漢生里文化路一段145號6號樓之一,,,,,,,,0,,,Công ty xây dựng
2507,國聖開發建設股份有限公司,,,'047718799,http://webtest.com.tw/guos/,,,505台灣彰化縣鹿港鎮溝墘里溝尾巷164之8號,,,,,,,,0,,,Công ty xây dựng
2508,郁豐營造有限公司,,,'076166385,https://webs.hocom.tw/h/index?key=d2as0,,,824台灣高雄市燕巢區角宿里角宿路398號,,,,,,,,0,,,Nhà thầu phụ công trình
2509,萬仟工程有限公司(高雄舊屋翻修公司),,,'072252828,http://www.wanchan.com.tw/,,,802台灣高雄市苓雅區尚義里光華一路232號6樓-1,,,,,,,,0,,,Dịch vụ phục hồi / trùng tu công trình
2510,旺德福建設企業有限公司,,,'073866567,http://www.wonderfulgroup.com.tw/,,,807台灣高雄市三民區灣興里河堤南路106號,,,,,,,,0,,,Công ty xây dựng
2511,崴正營造股份有限公司台中總公司,,,'0422971666,https://www.weizheng.com.tw/,,,408台灣臺中市南屯區同心里五權西路二段236號16樓,,,,,,,,0,,,Công ty xây dựng
2512,奕富建設開發股份有限公司,,,'047062666,http://www.wellrich168.com/,,,510台灣彰化縣員林市瓦中村員林大道七段68號,,,,,,,,0,,,Công ty xây dựng
2513,翔禾建設實業有限公司,,,'0424351637,https://www.xianghe-tw.tw/,,,406台灣臺中市北屯區舊社里南興路121號,,,,,,,,0,,,Công ty xây dựng
2514,翔騰門業 - 高雄大社 專業鋁門窗氣密窗 隔音窗隔音門推薦 優質金屬門防火門 多功能通風門車庫門 鋁格柵維修工程首選 改造設計客製化訂製,,,'0938989488,https://xiangtenglumenchuang.webnode.page/,,,815台灣高雄市大社區中里里鹽埕巷11之38號,,,,,,,,0,,,Dịch vụ phục hồi / trùng tu công trình
2515,信濃營造股份有限公司,,,'0423162666,https://xinnong.com.tw/,,,407台灣臺中市西屯區何源里華美西街二段311號13號樓之2,,,,,,,,0,,,Công ty xây dựng
2516,新合茂建設股份有限公司,,,'0223930798,http://www.xinhemao.com/,,,100台灣臺北市中正區幸市里忠孝東路二段130號4樓之2,,,,,,,,0,,,Công ty xây dựng
2517,寶佳淳青接待中心,,,'0222730728,http://www.xn--qrqv81a04no62b.tw/,,,23662台灣新北市土城區學士路33巷與號金城路二段路口,,,,,,,,0,,,Đơn vị xây dựng nhà
2518,玉林,,,'077516688,http://y1.sdm.tw/,,,802台灣高雄市苓雅區林靖里福德三路159號,,,,,,,,0,,,Công ty xây dựng
2519,遠丞營造有限公司,,,'087365865,https://yccotw.com/,,,90057台灣屏東縣屏東市中正里華正路242-1號,,,,,,,,0,,,Công ty xây dựng
2520,詠基建設接待中心,,,'0492371166,http://www.yc2353066.com.tw/,,,542台灣南投縣草屯鎮新厝里新富路160號,,,,,,,,0,,,Công ty xây dựng
2521,鳳凰101-接待會館,,,'039366388,http://ydm.tw/phoenix101,,,260台灣宜蘭縣宜蘭市南門里泰山路30號,,,,,,,,0,,,Công ty xây dựng
2522,大傳WH9,,,'062782438,https://www.yi-ding.com.tw/edm/WH9/,,,711台灣臺南市歸仁區中正南路二段275巷55號,,,,,,,,0,,,Công ty xây dựng
2523,宜蘭縣不動產建築開發商業同業公會,,,'039650258,http://www.yilan-reia.org.tw/,,,260台灣宜蘭縣五結鄉二結村二結路406號,,,,,,,,0,,,Công ty xây dựng
2524,翊睦建設有限公司,,,'0423386828,http://www.yimujs99.com/,,,414台灣臺中市烏日區九德里中華路60號,,,,,,,,0,,,Công ty xây dựng
2525,由鉅建設股份有限公司,,,'0423253388,http://www.yojicon.com.tw/,,,403台灣臺中市西區忠誠里忠明南路100號,,,,,,,,0,,,Công ty xây dựng
2526,永富開發股份有限公司,,,'0227275577,https://www.yongfu-group.com.tw/,,,110台灣臺北市信義區安康里松德路171號4樓,,,,,,,,0,,,Công ty xây dựng
2527,曜捷鋼鐵有限公司,,,'0973500595,https://yjsteel.com.tw/,,,912台灣屏東縣內埔鄉豐田村建文路36號,,,,,,,,0,,,Dịch vụ phục hồi / trùng tu công trình
2528,佑鑫營造有限公司,,,'035618111,http://www.you-xin.com.tw/,,,30069台灣新竹市東區綠水里光復路二段882號,,,,,,,,0,,,Công ty xây dựng
2529,有春承建設,,,'048352090,https://www.youchuncheng.com/,,,51056台灣彰化縣員林市三和里大同路一段306號,,,,,,,,0,,,Công ty xây dựng
2530,友眾觀砥,,,'073502255,http://www.yu-chung.com.tw/,,,813台灣高雄市左營區福山里重仁路210號,,,,,,,,0,,,Đơn vị xây dựng nhà theo yêu cầu
2531,鴻屏建築HPConstruction,,,'0925755569,https://www.youtube.com/@hong_ping_engineering,,,811台灣高雄市楠梓區藍田里高雄大學路209號3樓,,,,,,,,0,,,Công ty xây dựng
2532,新碩建設股份有限公司,,,'0283693371,http://www.yuanshuo.com.tw/,,,105608台灣臺北市松山區敦化里八德路三段36號14樓,,,,,,,,0,,,Công ty xây dựng
2533,元宏重機械有限公司,,,'0911965669,https://www.yuan-hong-machine.com.tw/index.html,,,714台灣臺南市玉井區望明里公館33號,,,,,,,,0,,,Công ty xây dựng
2534,原儀古蹟修復,,,'0229386288,http://yuanyi.tw/,,,116台灣臺北市文山區樟林里興隆路四段54-5號,,,,,,,,0,,,Dịch vụ phục hồi / trùng tu công trình
2535,元大建設公司,,,'0287122766,http://www.yuanta-dvp.com.tw/,,,10491台灣臺北市中山區復華里南京東路三段225號,,,,,,,,0,,,Nhà thầu
2536,堉峰工程 鷹架 防水 翻修工程 （高雄 屏東),,,'0960596065,https://yufeng-engineering.com.tw/,,,831台灣高雄市大寮區大寮里大寮路686巷75號,,,,,,,,0,,,Dịch vụ phục hồi / trùng tu công trình
2537,宇恆建設有限公司,,,'0424639988,https://www.yuhen.com.tw/,,,407台灣臺中市西屯區福林里福雅路143號,,,,,,,,0,,,Công ty xây dựng
2538,昱盛營造股份有限公司,,,'034946726,http://www.yushengconstruction.tw/,,,324台灣桃園市平鎮區高雙里長安路700號,,,,,,,,0,,,Nhà thầu phụ công trình
2539,悅城建築事業,,,'073722887,https://zh-tw.facebook.com/%E6%82%85%E5%9F%8E%E5%BB%BA%E7%AF%89%E4%BA%8B%E6%A5%AD-181456488540873/,,,814台灣高雄市仁武區灣內里南勢巷25-1號,,,,,,,,0,,,Công ty xây dựng
2540,崑鼎開發建設有限公司,,,'0424223299,https://zh-tw.facebook.com/kun89ding/,,,406台灣臺中市北屯區仁美里崇德十一路28號,,,,,,,,0,,,Công ty xây dựng
2541,真品苑,,,'076428278,https://zh-tw.facebook.com/pages/category/Product-Service/%E5%A5%BD%E9%A0%86%E5%BB%BA%E8%A8%AD-%E7%9C%9F%E5%93%81%E8%8B%91-1395680243909153/,,,83254台灣高雄市林園區頂厝里沿海路三段200號,,,,,,,,0,,,Đơn vị xây dựng nhà theo yêu cầu
2542,中錸8富,,,'076255509,https://zhenglaiconstruction.com.tw/,,,820台灣高雄市岡山區劉厝里劉厝路147號之一,,,,,,,,0,,,Công ty xây dựng
2543,築圓國際開發股份有限公司,,,'032812100,http://www.zhuyuan-inc.com.tw/,,,320台灣桃園市中壢區五權里五興路230號,,,,,,,,0,,,Công ty xây dựng
2544,志昇預拌混凝土有限公司,,,'089814607,https://www.zhishengmix.com.tw/index,,,956台灣臺東縣關山鎮新福里順興路27之2號,,,,,,,,0,,,Công ty xây dựng
2545,宗硯建設有限公司,,,'039287668,https://www.zong-yan.com.tw/,,,262台灣宜蘭縣礁溪鄉吳沙村礁溪路一段22號,,,,,,,,0,,,Công ty xây dựng
2546,統茂房屋修繕│ 外牆拉皮 │磁磚翻新 │浴室翻修 │鐵棟增建(鐵皮屋加蓋) │烤漆板翻新,,,'0918163222,https://www.zhong-tai.com.tw/,,,407台灣臺中市西屯區永安里安和路189巷9號3樓,,,,,,,,0,,,Dịch vụ phục hồi / trùng tu công trình
