name,town,category,discontinued
Grøndals & Co. ApS,"Abildvej 5G, 5700 Svendborg",Kho lạnh bảo quản,
Gormsen Gourmet ApS,"Stenhuggervej 12, 5230 Odense M",Cơ sở bọc màng và tái đóng gói,
"Uhrenholt A/S, Skodborg Mejeri","Skodborg Søndergade 25, 6630 Rødding",Cơ sở bọc màng và tái đóng gói,
COOL & GREEN,"Rønnevej 28, 5580 Nørre Aaby",Cơ sở bọc màng và tái đóng gói; Kho lạnh bảo quản,
ROYAL GREENLAND SEAFOOD A/S,"Lilledybet 6, 9220 Aalborg Øst",Cơ sở bọc màng và tái đóng gói; Kho lạnh bảo quản,
LL COLD ApS,"Visherredsvej 2, 6330 Padborg",Cơ sở bọc màng và tái đóng gói; Kho lạnh bảo quản; Trung tâm điều phối / xuất hàng; Nhà máy chế biến sản phẩm thủy sản tươi sống; Nhà máy chế biến,
Sydhavnens Frysehus,"Bådehavnsgade 48, 2450 København SV",Cơ sở bọc màng và tái đóng gói; Kho lạnh bảo quản,
Nagel Danmark A/S,"Thorsvej 19, 6330 Padborg",Kho lạnh bảo quản,
Lineage Copenhagen,"Kanalholmen 25, 2650 Hvidovre",Tàu lạnh (tàu chở hàng bảo quản lạnh),
Constellation Cold Logistics Denmark A/S,"Industrivej 2, 6330 Padborg",Cơ sở bọc màng và tái đóng gói; Kho lạnh bảo quản; Cơ sở / xưởng pha lóc (thịt),
Constellation Cold Logistics Denmark A/S - Padborg Nord,"Transitvej 8, 6330 Padborg",Kho lạnh bảo quản,
AABENRAA FRYSEHUS A/S,"Øster Madevej 5, 6200 Aabenraa",Kho lạnh bảo quản,
Hirtshals Stevedore Aps,"Søren Nordbysvej 5, 9850 Hirtshals",Kho lạnh bảo quản,
Nagel Liller A/S,"Frostvej 14, 7100 Vejle",Kho lạnh bảo quản,
House of Foods A/S,"Sundsholmen 12, 9400 Nørresundby",Cơ sở bọc màng và tái đóng gói; Kho lạnh bảo quản,
DSV Road A/S,"Søndervang 27, 6500 Vojens",Kho lạnh bảo quản,
Lineage Regstrup,"Virkelyst 7, 4420 Regstrup",Kho lạnh bảo quản,
DENCON FOODS A/S,"Finlandsvej 16, 6100 Haderslev",Kho lạnh bảo quản,
"Langø Fiskeeksport-Langø- Havn, Østre Mole, Langø","Havnevej 16, Privat, 4900 Nakskov",Kho lạnh bảo quản,
"Kølerum Tårshavn, V/Gert Hansen","Tårsvej 174, 4912 Harpelunde",Kho lạnh bảo quản,
Løkken op og udhalerspil/ Løkken fiskeriforening,"Sdr. Strandvej 21, 9480 Løkken",Kho lạnh bảo quản,
BC Catering Odense A/S,"Blækhatten 10, 5220 Odense SØ",Kho lạnh bảo quản,
KALU A/S,"Slagtehusgade 18, 1715 København V",Cơ sở bọc màng và tái đóng gói; Kho lạnh bảo quản,
HAVI Logistics ApS,"Transitvej 60, 7100 Vejle",Kho lạnh bảo quản,
"Jørn Saaby Transport APS, frysehuset","Humlemarken 20, 9500 Hobro",Kho lạnh bảo quản,
DFDS Køletransport A/S,"Lundvej 15, 8700 Horsens",Kho lạnh bảo quản,
Ohl Logistics A/S,"Plantagevej 7-8D-9-11 -18, 6330 Padborg",Kho lạnh bảo quản,
Dagrofa Logistik a/s,"Knud Højgaards Vej 19, 7100 Vejle",Kho lạnh bảo quản,
A/S Læsø Fiskeindustri,"Havnepladsen 6 C, Fiskepakhuset, 9940 Læsø",Kho lạnh bảo quản; Nhà máy chế biến; Nhà máy chế biến sản phẩm thủy sản tươi sống,
BC Catering Kolding A/S,"Kokbjerg 28, 6000 Kolding",Kho lạnh bảo quản,
Intercargo Coldstores ApS,"Trafikhavnskaj 19, 6700 Esbjerg",Kho lạnh bảo quản,
REMA Distribution Danmark A/S,"Marsalle 32, 8700 Horsens",Kho lạnh bảo quản,
AB Catering Holstebro A/S,"Nybo Høje 5, 7500 Holstebro",Kho lạnh bảo quản,
JN Spedition A/S,"Hvidelvej 15, 7400 Herning",Kho lạnh bảo quản,
"Fiskeriforeningen Ulvsund, v/Preben Nielsen","Kalvehave Havnevej 26, 4771 Kalvehave",Kho lạnh bảo quản,
Kramnitze havn Fiskehus,"Kramnitsevej 18, Kramnitse Havn, 4970 Rødby",Kho lạnh bảo quản,
A. Espersen A/S,"Bådebyggervej 6, 3700 Rønne",Kho lạnh bảo quản; Nhà máy chế biến sản phẩm thủy sản tươi sống,
Carl Jacobsen Engros,"Strevelinsvej 28, 7000 Fredericia",Kho lạnh bảo quản,
Lineage Vejle ApS,"Kristian Skous Vej 6, 7100 Vejle",Kho lạnh bảo quản,
"SFK Food A/S, Solina Denmark","Niels Bohrs Vej 55, 8660 Skanderborg",Cơ sở bọc màng và tái đóng gói; Kho lạnh bảo quản,
Toft Care A/S,"Smedevej 1, Harre, 7870 Roslev",Cơ sở bọc màng và tái đóng gói,
Polar Seafood Denmark A/S,"Skovhusvej 10, Vester Hassing, 9310 Vodskov",Cơ sở bọc màng và tái đóng gói; Kho lạnh bảo quản,
HKI OST ApS,"Vejleåvej 13, 2635 Ishøj",Cơ sở bọc màng và tái đóng gói,
"Bodylab ApS, Engros","Plastvænget 3D, 9560 Hadsund",Cơ sở bọc màng và tái đóng gói,
Hao Trading ApS/Dana Seafood ApS,"Jernholmen 46, 2650 Hvidovre",Cơ sở bọc màng và tái đóng gói; Kho lạnh bảo quản,
AVO Skandinavia,"HI-Park 491, 7400 Herning",Kho lạnh bảo quản,
Arla Foods Amba - Vejle Eksportterminal,"Dofovej 2 B, 7100 Vejle",Kho lạnh bảo quản,
Fiskernes Andelssalg,"Fiskerihavnen 2, 4673 Rødvig Stevns",Kho lạnh bảo quản,
"Strandby Konsumcenter, v/Formand, Claus Hjørne Pedersen","Auktionskaj 5, 9970 Strandby",Kho lạnh bảo quản,
Sejerø Kølehus,"Havneplads 4, 4592 Sejerø",Kho lạnh bảo quản,
PETER PARIS - KOKKENES KURéR ApS,"Robert Fultons Vej 14E, 8200 Aarhus N",Kho lạnh bảo quản,
"Jens Lysholdt Eftf. A/S, Esbjerg","Darumvej 87, 6700 Esbjerg",Kho lạnh bảo quản,
"Odense Universitetshospital, Køkkendistribution OUH","Solfaldsvej 36, 5000 Odense C",Kho lạnh bảo quản,
Rossini Caviar,"Magstræde 6, 1204 København K",Kho lạnh bảo quản,
"AB Catering Aarhus A/S, Terminal","Beta 1, Søften, 8382 Hinnerup",Kho lạnh bảo quản,
EUROSAMA ApS,"Læsøvej 7, 8382 Hinnerup",Kho lạnh bảo quản,
"Centrallager, Legoland Aps, Mad og Drikke","Højmarksvej 20, 7190 Billund",Kho lạnh bảo quản,
Wrist Europe - Aalborg,"Stigsborgvej 60, 9400 Nørresundby",Kho lạnh bảo quản,
PJ Distribution A/S,"Priorsvej 31, 8600 Silkeborg",Cơ sở bọc màng và tái đóng gói; Kho lạnh bảo quản,
Sophiendal ApS grossist,"Låsbyvej 82, 8660 Skanderborg",Kho lạnh bảo quản,
AB Catering Ribe A/S,"Ole Rømers Vej 6, 6760 Ribe",Kho lạnh bảo quản,
Polar Seafood A/S,"Vagervej 9, 6700 Esbjerg",Kho lạnh bảo quản,
Hirtshals Havn,"Norgeskajen 11, 9850 Hirtshals",Kho lạnh bảo quản,
Grøn Fokus A/S,"Karolinevej 6, 4200 Slagelse",Kho lạnh bảo quản,
Lundsøe Køl og Frys,"Oceanvej 8A og 8B, 8000 Aarhus C",Kho lạnh bảo quản,
BC Catering Roskilde A/S,"Langebjerg 17, 4000 Roskilde",Kho lạnh bảo quản,
Dagrofa Foodservice,"Vejleåvej 13, 2635 Ishøj",Kho lạnh bảo quản,
"Constellation Cold logistics DK East A/S, Lagerhotel","Sleipnersvej 1, 4600 Køge",Cơ sở bọc màng và tái đóng gói; Kho lạnh bảo quản,
DFDS Padborg,"Industrivej 6, 6330 Padborg",Kho lạnh bảo quản,
Eimskip Denmark A/S,"Østhavnsvej 37 A, 8000 Aarhus C",Kho lạnh bảo quản,
Gastro Import Logistics ApS,"Kanalholmen 15-19, 2650 Hvidovre",Cơ sở bọc màng và tái đóng gói; Kho lạnh bảo quản,
"Samskip A/S, Toldservice A/S","Vandvejen 7, 2, 8000 Aarhus C",Kho lạnh bảo quản,
Arla Foods Ferskvareterminal,"Karolinevej 1, 4200 Slagelse",Kho lạnh bảo quản,
Scandic Pelagic A/S,"Havnevagtsvej 7, 9990 Skagen",Kho lạnh bảo quản; Nhà máy chế biến,
Emin Food ApS,"Møllevej 9K, 4, 2990 Nivå",Kho lạnh bảo quản,
ALBER FOOD ApS,"Literbuen 9, 2740 Skovlunde",Kho lạnh bảo quản,
"Coop Danmark A/S, Ferskvare Lager","Solmarksvej 7, 2605 Brøndby",Kho lạnh bảo quản,
The Danish Butter Export Union A/S,"Broenge 11, 2635 Ishøj",Cơ sở bọc màng và tái đóng gói; Kho lạnh bảo quản,
Salling Group - Vejle,"Englandsvej 2, 7100 Vejle",Kho lạnh bảo quản,
"Friskvareterminalen, Christiansfeld","Arlavej 2, 6070 Christiansfeld",Kho lạnh bảo quản,
Royal Food ApS,"Lupinvej 5, 9500 Hobro",Kho lạnh bảo quản,
Ay Engros ApS,"Navervej 22, 4000 Roskilde",Kho lạnh bảo quản,
Jeudan A/S,"Frederiksborggade 21, 1360 København K",Kho lạnh bảo quản,
BC CATERING AALBORG A/S,"Jellingvej 24, 9230 Svenstrup J",Kho lạnh bảo quản,
INGWERSEN A/S,"Hørskætten 30, 2630 Taastrup",Kho lạnh bảo quản,
Intercargo Scandinavia A/S,"Tolsagervej 6, Hadbjerg, 8370 Hadsten",Kho lạnh bảo quản,
HARTMAN LOGISTIK ApS,"Geminivej 29, 2670 Greve",Kho lạnh bảo quản,
Unifood Import A/S,"Kanalholmen 4, 2650 Hvidovre",Kho lạnh bảo quản,
Thyborøn Stevedore,"Fabriksvej 17 - 19, 6960 Hvide Sande",Kho lạnh bảo quản,
Hansen & Søn A/S - Tricolore,"Thorsvej 8, 6330 Padborg",Kho lạnh bảo quản,
K. C. Frugt ApS,"Hørskætten 30-32, 2630 Taastrup",Kho lạnh bảo quản,
BC Catering Bornholm,"Skansevej 8A, 3700 Rønne",Kho lạnh bảo quản,
Skæve Mejeri,"Skævevej 160, 9352 Dybvad",Cơ sở bọc màng và tái đóng gói,
Greens Nordic ApS,"Mileparken 13, 2740 Skovlunde",Kho lạnh bảo quản,
"Vebbestrup Flødeis, Lager","Idrætsvej 3, 9500 Hobro",Kho lạnh bảo quản,
Dagrofa Bornholm A/S,"Ved Lunden 18, 3700 Rønne",Kho lạnh bảo quản,
Borngros,"Skansevej 8B, 3700 Rønne",Kho lạnh bảo quản,
Gastrounika,"Herluf Trolles Gade 23, st, 1052 København K",Kho lạnh bảo quản,
"Kohberg Bakery Group A/S, Frostlager","Finlandsvej 10, 6100 Haderslev",Kho lạnh bảo quản,
"ALI FOOD ApS COPENHAGEN MARKETS, Stade 2037","Litauen Alle 13 20-10, 2630 Taastrup",Kho lạnh bảo quản,
HOVEDSTADS REGIONENS FRUGT ENGROS ApS,"Meterbuen 24, 2740 Skovlunde",Kho lạnh bảo quản,
"Tuna Food, Stade 2011","Litauen Alle 13, 2630 Taastrup",Kho lạnh bảo quản,
RMT TRADING ApS,"Klokkestøbervej 17, 5230 Odense M",Kho lạnh bảo quản,
Dagrofa Foodservice Cash & Carry Roskilde,"Vestre Hedevej 20, 4000 Roskilde",Kho lạnh bảo quản,
Gima Catering A/S,"Naverland 24, 2600 Glostrup",Kho lạnh bảo quản,
JH Transport & Logistics A/S,"Solmarksvej 2, 2605 Brøndby",Kho lạnh bảo quản,
Mommark Fisk,"Mommarkvej, Kølecontaineren står ved havnen i Mommark, 6470 Sydals",Kho lạnh bảo quản,
"KANDI Vamdrup ApS, Binavn: Ja Food Import & eksport","Bavnevej 36, 6580 Vamdrup",Kho lạnh bảo quản,
Chr. Nielsen & Søn,"Jordrupvej 4, 6600 Vejen",Kho lạnh bảo quản,
A/S Nordana,"Ørstedsvej 18, 6760 Ribe",Kho lạnh bảo quản,
Bagenkop fisk,"Havnegade 2A, 5935 Bagenkop",Kho lạnh bảo quản,
La Mia Scampa,"Midtager 26B, 2605 Brøndby",Kho lạnh bảo quản,
essupply.dk v/Inger Madsen,"Helgolandsgade 15, 6700 Esbjerg",Kho lạnh bảo quản,
Kandi Catering Aps,"Christian X's Vej 1-3, 6100 Haderslev",Kho lạnh bảo quản,
ROSE Poultry A/S - Ferskvareterminal,"Fælledvej 27, Gimsing, 7600 Struer",Kho lạnh bảo quản,
Gourmet Engros,"H. C. Ørsteds Vej 10, 7000 Fredericia",Kho lạnh bảo quản,
T. I. Krydderier ApS,"Holmevej 13, 7361 Ejstrupholm",Cơ sở bọc màng và tái đóng gói,
Taasinge Mælk,"Lundbyvej 62A, 5700 Svendborg",Kho lạnh bảo quản,
Cater Grønt A/S,"Korsørvej 91, 4200 Slagelse",Kho lạnh bảo quản,
"Delika Food Group as, Skjern","Industrivej 11, 6900 Skjern",Kho lạnh bảo quản,
"Origreen ApS, Engros","Metalgangen 4H, 2690 Karlslunde",Cơ sở bọc màng và tái đóng gói; Kho lạnh bảo quản,
IBON APS,"Industriholmen 82, 2650 Hvidovre",Kho lạnh bảo quản,
AARSTIDERNE A/S,"Barritskovvej 34, 7150 Barrit",Kho lạnh bảo quản,
Freja Transport & Logistics A/S,"Plantagevej 24, 6330 Padborg",Kho lạnh bảo quản,
Kochens ApS,"Logistikvej 14, 5250 Odense SV",Kho lạnh bảo quản,
"Arla Foods Amba (Taulov mejeri), Mønsted Kalkgruber","Kalkværksvej 8, 7850 Stoholm Jyll",Kho lạnh bảo quản,
M/V Klevstrand,"Østre Havnegade 18, st tv, 9000 Aalborg",Tàu lạnh (tàu chở hàng bảo quản lạnh),
Delitaste ApS,"Hammerholmen 15D, 2650 Hvidovre",Cơ sở bọc màng và tái đóng gói; Kho lạnh bảo quản,
Parkson Peng & Ling Trading ApS,"Søndre Ringvej 55 4, 2605 Brøndby",Cơ sở bọc màng và tái đóng gói; Kho lạnh bảo quản,
Constellation Cold Logistics Denmark A/S - Vamdrup,"Østermarksvej 2, 6580 Vamdrup",Kho lạnh bảo quản,
RDI køl Avedøre,"Kanalholmen 25, 2650 Hvidovre",Kho lạnh bảo quản,
Kryta A/S,"Navervej 30-32, 4000 Roskilde",Cơ sở bọc màng và tái đóng gói,
Aarstiderne Engros A/S,"Lundagervej 1, 8722 Hedensted",Kho lạnh bảo quản,
Smyril Line Cargo Danmark ApS,"Erik Sondrups Vej 10, 9850 Hirtshals",Kho lạnh bảo quản,
Basic Food ApS,"Ådalen 3, 4600 Køge",Kho lạnh bảo quản,
"OLE LARSEN TRANSPORT A/S, Lager","Dalgårdsvej 7, 8220 Brabrand",Kho lạnh bảo quản,
Grøn Fokus Frostlager,"Sorøvej 84, 4200 Slagelse",Kho lạnh bảo quản,
JANAX A/S,"Priorparken 849, 2605 Brøndby",Kho lạnh bảo quản,
"Samsø Catering, Samsø Transport","Marsk Stigs Vej 20 B, 8305 Samsø",Kho lạnh bảo quản,
Sardegna Import,"Meterbuen 6, 7, 2740 Skovlunde",Cơ sở bọc màng và tái đóng gói; Kho lạnh bảo quản,
"Them Mejeri A/S, Ostelager","Industrivej 4N, 8653 Them",Kho lạnh bảo quản,
FOOD WITH YOU ApS,"Frostvej 14, 7100 Vejle",Kho lạnh bảo quản,
Larsen Fine Food ApS,"Ægirsvej 15, 3400 Hillerød",Cơ sở bọc màng và tái đóng gói,
HAVI LOGISTICS,"Vejleåvej 11A-B, 2635 Ishøj",Kho lạnh bảo quản,
SVEND E. SØRENSEN SPEDITION A/S,"Ravnhavevej 1, 6070 Christiansfeld",Kho lạnh bảo quản,
MAMMA PRODUCTION A/S,"Bygmarken 25, 3520 Farum",Kho lạnh bảo quản,
BÄKO ApS,"Visherredsvej 12, 6330 Padborg",Kho lạnh bảo quản,
Condi ApS,"Roskildevej 30, 2620 Albertslund",Cơ sở bọc màng và tái đóng gói,
Chrisfish Danmark A/S,"Langerak 45, 9900 Frederikshavn",Kho lạnh bảo quản; Nhà máy chế biến; Nhà máy chế biến sản phẩm thủy sản tươi sống,
Capri Import ApS,"Ribevej 6, 8940 Randers SV",Kho lạnh bảo quản,
GOLDEN FOODS ApS,"Nyager 4, 2605 Brøndby",Kho lạnh bảo quản,
Leziz Food ApS,"Broenge 1, 2635 Ishøj",Kho lạnh bảo quản,
Ispirazione,"Johann Gutenbergs Vej 8, 8200 Aarhus N",Kho lạnh bảo quản,
SWEETKITCHEN ENGROS ApS,"Sortevej 8, 8543 Hornslet",Cơ sở bọc màng và tái đóng gói,
Nørresundby Rederi & Shipping af 2017 A/S M/V ULLA,"Østre Havnegade 18, st tv, 9000 Aalborg SØ",Tàu lạnh (tàu chở hàng bảo quản lạnh),
Urtegaarden ApS,"Aldershvilevej 1, 8961 Allingåbro",Cơ sở bọc màng và tái đóng gói,
"Arla Foods amba Hoco , Engroslager, Jens Hvidbergs Vej 11","Jens Hvidbergs Vej 11, 7500 Holstebro",Kho lạnh bảo quản,
"KFT Jylland, Lager KBH","Jernholmen 40, 2650 Hvidovre",Kho lạnh bảo quản,
"Arla Foods Ingredients Group P/S, Danmark Protein, Engroslager","HI-Park 447, 7400 Herning",Cơ sở bọc màng và tái đóng gói,
Fuco & Giano Import,"Njalsgade 23, 2300 København S",Kho lạnh bảo quản,
Inter Dairy Food ApS,"Dalager 9, 2605 Brøndby",Kho lạnh bảo quản,
"BØNNERUP FISKERIFORENING, Kølerum","Ny Havnevej 28, 8585 Glesborg",Kho lạnh bảo quản,
"Hals Fiskeriforening, Fælles kølelager på Lodsvej 1","Lodsvej 1, 9370 Hals",Kho lạnh bảo quản,
Arla Foods amba Esbjerg Færdigvarelager (ekstern),"Alssundvej 2-4, 6705 Esbjerg Ø",Cơ sở bọc màng và tái đóng gói,
THERMO-TRANSIT Danmark A/S,"Omfartsvejen 1, 6330 Padborg",Kho lạnh bảo quản,
Gilleleje Sild,"Stæremosen 56, 3250 Gilleleje",Kho lạnh bảo quản,
Procudan A/S,"Bronzevej 1, 6000 Kolding",Cơ sở bọc màng và tái đóng gói,
Color Line Danmarks A/S - Lageret,"Niels Juelsvej 2-4, 9850 Hirtshals",Kho lạnh bảo quản,
Chr. Hansen A/S,"Jernholmen 1-27, 2650 Hvidovre",Kho lạnh bảo quản; Nhà máy chế biến,
DKK Engros,"Roholmsvej 17L, 2620 Albertslund",Kho lạnh bảo quản,
Royal-Skagen ApS,"Jennetvej 312, 9982 Ålbæk",Kho lạnh bảo quản,
Orkla Care A/S,"Industrigrenen 10-19, 2635 Ishøj",Cơ sở bọc màng và tái đóng gói,
"CAMETTE ApS, Kosttilskud","Lillebæltsvej 47, 6715 Esbjerg N",Cơ sở bọc màng và tái đóng gói,
"Mezina A/S, Kosttilskud","Energivej 4, 6700 Esbjerg",Cơ sở bọc màng và tái đóng gói,
BIOSYM A/S,"Lene Haus Vej 25, 7430 Ikast",Cơ sở bọc màng và tái đóng gói,
"IFT Denmark ApS, Stade 2028","Litauen Alle 13 2028, 2630 Taastrup",Kho lạnh bảo quản,
Fjord Logistics ApS,"Industrivej 26B, 6330 Padborg",Kho lạnh bảo quản,
HB Import ApS,"Paul Bergsøes Vej 47, 2600 Glostrup",Kho lạnh bảo quản,
Natoora Denmark ApS,"Færgehavnsvej 36, 2150 Nordhavn",Kho lạnh bảo quản,
GMPACK ApS,"Plastvænget 9, 9560 Hadsund",Cơ sở bọc màng và tái đóng gói,
EMBORG CATERING Aps,"Vardevej 1, 9220 Aalborg Øst",Kho lạnh bảo quản,
DFDS Køletransport A/S Herning,"Hedelandsvej 18, 7400 Herning",Kho lạnh bảo quản,
Lactalis Danmark A/S,"Industrivej 14-25, 3320 Skævinge",Kho lạnh bảo quản,
FiskeLogistik Gruppen,"Havnen 4, 4600 Køge",Kho lạnh bảo quản,
Sorrento Import ApS,"Meterbuen 6-12 Byg 4F, 2740 Skovlunde",Kho lạnh bảo quản,
"TEK Food ApS, Stade 2021 & 2022","Litauen Alle 13, 2630 Taastrup",Kho lạnh bảo quản,
Bornholmslinjen Lager,"Finlandsvej 5, 3700 Rønne",Kho lạnh bảo quản,
Larsen Fine Food vest,"Vejlevej 357 D, 6000 Kolding",Kho lạnh bảo quản,
NATUPHARMA A/S,"Sorøvej 26, 4291 Ruds Vedby",Cơ sở bọc màng và tái đóng gói,
SC Food ApS,"Seggelund Hovedvej 2, 6070 Christiansfeld",Cơ sở bọc màng và tái đóng gói; Kho lạnh bảo quản,
"Lin´s Trading ApS, A&K Foodservice","Prangervej 105, 7000 Fredericia",Kho lạnh bảo quản,
FiskeLogistk Gruppen,"Slagelse Landevej 131, 4241 Vemmelev",Kho lạnh bảo quản,
PBE Foods ApS,"Lundevej 7, 4030 Tune",Kho lạnh bảo quản,
Venmark Fisk A/S,"Bådehavnsgade 48, 2450 København SV",Cơ sở bọc màng và tái đóng gói; Kho lạnh bảo quản; Nhà máy chế biến sản phẩm thủy sản tươi sống; Nhà máy chế biến,
"JemoPharm A/S, Kosttilskud","Hasselvej 1, 4780 Stege",Cơ sở bọc màng và tái đóng gói,
BM FOOD ApS,"Hørskætten 20, 2630 Taastrup",Kho lạnh bảo quản,
THYBORØN STEVEDORE A/S,"Langholmkaj 2, 7680 Thyborøn",Kho lạnh bảo quản,
"Hao Trading Aps, Lager","Nordholmen 2, 2650 Hvidovre",Cơ sở bọc màng và tái đóng gói; Kho lạnh bảo quản,
"HARALD IVERSEN & SØN A/S, Frostlager","Havnegade 15, 7680 Thyborøn",Kho lạnh bảo quản,
1920 ApS,"Lille Strandstræde 14B, kl., 1254 København K",Cơ sở bọc màng và tái đóng gói; Kho lạnh bảo quản,
Novasel EU ApS,"Skårup Tværvej 11, 5881 Skårup Fyn",Cơ sở bọc màng và tái đóng gói,
Blue Water Shipping A/S,"Oceanvej 11, 8000 Aarhus C",Kho lạnh bảo quản,
"Thai Fresh Import/Eksport ApS, Stade 2027","Litauen Alle 13, 2630 Taastrup",Kho lạnh bảo quản,
Steensgaard Ost,"Steensgaard 3, 5642 Millinge",Cơ sở bọc màng và tái đóng gói,
Jysk Firmafrugt,"Vestermarksvej 38, Kliplev, 6200 Aabenraa",Kho lạnh bảo quản,
CARL J. NIELSEN A/S,"Nyholmsvej 16, 8930 Randers NØ",Cơ sở bọc màng và tái đóng gói,
Limfjords hummer fisk og skaldyr,"Dornen 6, 7850 Stoholm Jyll",Kho lạnh bảo quản,
European Freeze Dry Aps,"Hovedgaden 2A, 4050 Skibby",Kho lạnh bảo quản; Nhà máy chế biến,
LD consulting,"Havnevej 11, 3300 Frederiksværk",Kho lạnh bảo quản,
Multimarketing Food & Packaging,"Åvænget 9, 6823 Ansager",Cơ sở bọc màng và tái đóng gói,
Skrillinge Strand Bundgarnsfiskeri,"Skrillinge Strand 22, 5500 Middelfart",Cơ sở bọc màng và tái đóng gói; Kho lạnh bảo quản,
"Arla Foods Distribution A/S, Hobro","Skivevej 39, 9500 Hobro",Kho lạnh bảo quản,
Scandic Salmon A/S,"Langholmkaj 2, 7680 Thyborøn",Kho lạnh bảo quản; Nhà máy chế biến sản phẩm thủy sản tươi sống; Nhà máy chế biến,
Ahaaa Engros ApS,"Rugvænget 46, 2630 Taastrup",Cơ sở bọc màng và tái đóng gói; Kho lạnh bảo quản,
"Dansk Farmaceutisk Industri A/S, Kosttilskud","Dam Enge 4, 3660 Stenløse",Cơ sở bọc màng và tái đóng gói,
"Kraghøjgaard Gårdbutik, Engros Frost Lager","Høgevej 3, 7700 Thisted",Kho lạnh bảo quản,
TREATMENT PHARMA ApS,"Ove Jensens Alle 35K, 8700 Horsens",Cơ sở bọc màng và tái đóng gói,
Tayyib food Lager,"Tonsbakken 3, 2740 Skovlunde",Kho lạnh bảo quản,
"CPH Food Network, Lager","Bådehavnsgade 48, 2450 København SV",Kho lạnh bảo quản,
HOUSE OF WINDSOR ApS,"Bådehavnsgade 48, 2450 København SV",Kho lạnh bảo quản,
Almega A/S,"Sleipnersvej 23, 4100 Ringsted",Cơ sở bọc màng và tái đóng gói,
ESPERIENZE Gianluca Barbisan,"Middelfartvej 63H, 5492 Vissenbjerg",Kho lạnh bảo quản,
Kotra Logistics Denmark A/S,"Hermesvej 14, 6330 Padborg",Kho lạnh bảo quản,
Green Goddess ApS,"Bøgekildevej 30N, R, P, 8361 Hasselager",Cơ sở bọc màng và tái đóng gói,
AB CATERING KØBENHAVN A/S,"Ventrupvej 18A, 2670 Greve",Kho lạnh bảo quản,
Organic Market Lager,"Roskildevej 17, 4622 Havdrup",Kho lạnh bảo quản,
Ume Asian Supermarket - Lager,"Kirstinehøj 17, 2770 Kastrup",Kho lạnh bảo quản,
BHS Logistics A/S,"Egedesvej 40, 4600 Køge",Kho lạnh bảo quản,
FS DK ApS,"Hammerholmen 43B, 2650 Hvidovre",Cơ sở bọc màng và tái đóng gói; Kho lạnh bảo quản,
OLE LARSEN TRANSPORT A/S,"Greve Main 36, 2670 Greve",Kho lạnh bảo quản,
L'Uva ApS,"Værkstedvej 67, kld., 2500 Valby",Cơ sở bọc màng và tái đóng gói; Kho lạnh bảo quản,
Arla Foods Amba Hobro Mejericenter,"Skivevej 43, 9500 Hobro",Kho lạnh bảo quản,
Den Bornholmske Gårdbutiks Leverandører,"Bjergebakkevejen 2, 3700 Rønne",Kho lạnh bảo quản,
"Jysk seafood , Engros","Peter Kaads Vej 2, 6400 Sønderborg",Kho lạnh bảo quản,
WFS Cargocenter,"Kystvejen 32, 2770 Kastrup",Kho lạnh bảo quản,
Norlin Wagyu ApS,"Jenslevvej 50, 4070 Kirke Hyllinge",Kho lạnh bảo quản,
"BRDR. KJÆR ApS IMPORT & EXPORT, Stade 2008","Litauen Alle 13, 2630 Taastrup",Kho lạnh bảo quản,
"Rønhøjgaard, Engros salg","Gunderupvej 26, 9640 Farsø",Kho lạnh bảo quản,
BJERREFISK A/S,"Gyldendalsvej 4, 9300 Sæby",Kho lạnh bảo quản; Nhà máy chế biến,
Boys Import,"Rosbjergvej 22R, 8220 Brabrand",Kho lạnh bảo quản,
Scandic Salmon Moeskjærvej,"Moeskjærvej 2, 7620 Lemvig",Kho lạnh bảo quản,
Takryma,"Vibevej 30, 4100 Ringsted",Kho lạnh bảo quản,
Interfood,"Krogsgårdsvej 6, 8620 Kjellerup",Kho lạnh bảo quản,
Jasmin-dk Import & Export,"Dalgårdsvej 17, 8220 Brabrand",Kho lạnh bảo quản,
KAJ MADSEN A/S,"Venusvej 27, 6000 Kolding",Kho lạnh bảo quản,
Tuttitalia,"Fabriksparken 23, 2600 Glostrup",Kho lạnh bảo quản,
Butcher-CPH ApS,"Kødboderne 7-9, 1717 København V",Kho lạnh bảo quản,
Mekong Lager,"Røllikevej 7, 9310 Vodskov",Kho lạnh bảo quản,
Mygross ApS,"Ribevej 6, 8940 Randers SV",Kho lạnh bảo quản,
Niels Thams ApS,"Geminivej 29, 2670 Greve",Kho lạnh bảo quản,
MyChampagne ApS,"Ørbyhage 87, 6100 Haderslev",Kho lạnh bảo quản,
"H410 Barrett, Frysecontainer","Færgevejen 2, 3390 Hundested",Kho lạnh bảo quản,
SIF Food Solutions Vestmorsvej 56,"Vestmorsvej 56, 7900 Nykøbing M",Cơ sở bọc màng và tái đóng gói,
YunExpress Denmark ApS,"Kystvejen 30, 2770 Kastrup",Kho lạnh bảo quản,
Kødbilen ApS,"Literbuen 9, 2740 Skovlunde",Kho lạnh bảo quản,
"COPENHAGEN MALMÖ PORT, FILIAL AF COPENHAGEN MALMÖ PORT AB, SVERIGE","Havvej 66, 2150 Nordhavn",Kho lạnh bảo quản,
Silvaco A/S,"Krakasvej 10, 3400 Hillerød",Cơ sở bọc màng và tái đóng gói,
"Arla Foods amba, Holstebro Mejeri, Lager","Hjermvej 3, 7500 Holstebro",Kho lạnh bảo quản,
Vendsyssel Gourmet Lager,"Gothersgade 135, kl, 1123 København K",Cơ sở bọc màng và tái đóng gói; Kho lạnh bảo quản,
Maersk Logistics & Services Denmark A/S,"Prinsessens Kvarter 13, 7000 Fredericia",Kho lạnh bảo quản,
Derman A/S,"Sintrupvej 23, 8220 Brabrand",Kho lạnh bảo quản,
SAS Ground Handling A/S,"Petersdalvej 1, Postboks 152, 2770 Kastrup",Kho lạnh bảo quản,
Delidrengene ApS,"Greve Main 9, 2670 Greve",Cơ sở bọc màng và tái đóng gói; Kho lạnh bảo quản,
Kryta Langebjerg 12,"Langebjerg 12, 4000 Roskilde",Cơ sở bọc màng và tái đóng gói,
All Food ApS,"Suså Landevej 29, 4160 Herlufmagle",Kho lạnh bảo quản,
Tesori del gusto meridionale.aps,"Vassingerødvej 141, 1., 3540 Lynge",Kho lạnh bảo quản,
AsiaGo A/S / Fryse og kølecontainer,"Baldersbuen 18, 2640 Hedehusene",Cơ sở bọc màng và tái đóng gói; Kho lạnh bảo quản,
SPS - Skagen Port Service ApS,"Auktionsvej 14, 9990 Skagen",Kho lạnh bảo quản,
Frugt.dk ApS,"Herstedøstervej 25, 2620 Albertslund",Kho lạnh bảo quản,
Argo Seafood A/S,"Bådebrogade 2, 6700 Esbjerg",Kho lạnh bảo quản,
Kon Food ApS,"Paul Bergsøes Vej 17, 2600 Glostrup",Kho lạnh bảo quản,
Danfoods ApS,"Vejleåvej 54, 2635 Ishøj",Kho lạnh bảo quản; Cơ sở / xưởng pha lóc (thịt); Cơ sở chế biến thịt xay; Cơ sở sơ chế / chuẩn bị thịt,
ECO FOOD PACKAGING ApS,"industrivænget 22B, 4622 Havdrup",Kho lạnh bảo quản,
Lekapharm A/S,"Industrivej 8, 5772 Kværndrup",Cơ sở bọc màng và tái đóng gói,
Fiskelogistik Gruppen A/S,"Nordvej 12, 9900 Frederikshavn",Kho lạnh bảo quản,
Spodsbjerg Fiskerihavn,"Spodsbjerg Havn, 5900 Rudkøbing",Kho lạnh bảo quản,
Danish Crown,"Langbro 7, Blans, 6400 Sønderborg",Kho lạnh bảo quản; Cơ sở / xưởng pha lóc (thịt); Lò giết mổ; Cơ sở bọc màng và tái đóng gói; Cơ sở tách thịt cơ học (thịt tách xương bằng máy); Cơ sở sơ chế / chuẩn bị thịt; Cơ sở chế biến thịt xay; Nhà máy chế biến,
Himmerlandskød A/S,"Nordre Ringvej 99, 9620 Aalestrup",Cơ sở / xưởng pha lóc (thịt); Lò giết mổ; Cơ sở chế biến thịt xay,
OK Snacks A/S,"Holmevej 6, 7361 Ejstrupholm",Cơ sở / xưởng pha lóc (thịt); Nhà máy chế biến,
Danish Crown A/S,"Ndr. Havnevej 1, 6000 Kolding",Cơ sở / xưởng pha lóc (thịt); Kho lạnh bảo quản; Cơ sở sơ chế / chuẩn bị thịt; Cơ sở chế biến thịt xay; Nhà máy chế biến,
Tican Fresh Meat A/S,"Strandvejen 6, 7700 Thisted",Kho lạnh bảo quản; Cơ sở / xưởng pha lóc (thịt); Lò giết mổ; Nhà máy chế biến,
"Svendborg Slagtehus A/S, Slagteri","Porthusvej 75, 5700 Svendborg",Cơ sở bọc màng và tái đóng gói; Kho lạnh bảo quản; Cơ sở / xưởng pha lóc (thịt); Lò giết mổ,
GLUMSØ SLAGTEHUS APS,"Søvej 5, 4171 Glumsø",Kho lạnh bảo quản; Cơ sở / xưởng pha lóc (thịt); Lò giết mổ,
Danish Pork Meat ApS,"Rugvænget 8, 4200 Slagelse",Cơ sở bọc màng và tái đóng gói; Kho lạnh bảo quản; Cơ sở / xưởng pha lóc (thịt); Nhà máy chế biến,
DanePork A/S,"Tørskindvej 19, 7183 Randbøl",Cơ sở / xưởng pha lóc (thịt); Lò giết mổ; Nhà máy chế biến,
Slagter Theilgaard A/S,"Oddesundvej 25, 6715 Esbjerg N",Cơ sở / xưởng pha lóc (thịt); Cơ sở chế biến thịt xay; Cơ sở sơ chế / chuẩn bị thịt; Nhà máy chế biến,
"JN MEAT ApS, Genz Kød","Elmedalsvej 8, 4200 Slagelse",Cơ sở / xưởng pha lóc (thịt); Cơ sở chế biến thịt xay; Cơ sở sơ chế / chuẩn bị thịt; Nhà máy chế biến,
Moesgaard Meat 2012 A/S,"Naurvej 3A, 7500 Holstebro",Kho lạnh bảo quản; Cơ sở / xưởng pha lóc (thịt); Lò giết mổ; Nhà máy chế biến,
"Henrik Hansen, Slagteri","Nybyvej 15, 4390 Vipperød",Kho lạnh bảo quản; Cơ sở / xưởng pha lóc (thịt); Lò giết mổ,
"Stensved Slagtehus ApS , Slagteri","Vådebjergvej 2, 4773 Stensved",Kho lạnh bảo quản; Cơ sở / xưởng pha lóc (thịt); Lò giết mổ; Cơ sở chế biến thịt xay,
"Bjergstedslagteren ApS, Slagteri","Bjergsted Byvej 5, 4450 Jyderup",Cơ sở / xưởng pha lóc (thịt); Lò giết mổ; Cơ sở xử lý thịt thú săn (thịt rừng hợp pháp),
"Liselund Gårdbutik, Slagteri","Østerbro 2, 4850 Stubbekøbing",Kho lạnh bảo quản; Cơ sở / xưởng pha lóc (thịt); Lò giết mổ,
"OMK Knabstrup ApS, Slagteri","Holbækvej 328, 4440 Mørkøv",Kho lạnh bảo quản; Cơ sở / xưởng pha lóc (thịt); Lò giết mổ,
"Egtved Slagtehus ApS, Slagteri","Brudesøvej 1, 6040 Egtved",Cơ sở / xưởng pha lóc (thịt); Lò giết mổ; Cơ sở xử lý thịt thú săn (thịt rừng hợp pháp); Nhà máy chế biến,
"Slagtehuset Krämer ApS, Slagteri","Industriparken 4, 4960 Holeby",Kho lạnh bảo quản; Cơ sở / xưởng pha lóc (thịt); Lò giết mổ,
"Tim Køier Andersen, Slagteri","Skovbovej 1 B, 4700 Næstved",Cơ sở / xưởng pha lóc (thịt); Lò giết mổ; Cơ sở xử lý thịt thú săn (thịt rừng hợp pháp); Cơ sở sơ chế / chuẩn bị thịt; Nhà máy chế biến,
"Øster Hornum Slagtehus, Slagteri","Nibevej 128, 9530 Støvring",Lò giết mổ,
"Slagtergården Als, Slagteri","Smedevænget 16, 6430 Nordborg",Kho lạnh bảo quản; Lò giết mổ,
"Kisbæk Slagteri, Slagteri","Ginegaardsvej 3, 6240 Løgumkloster",Kho lạnh bảo quản; Lò giết mổ; Cơ sở xử lý thịt thú săn (thịt rừng hợp pháp),
"Slm. Per Hamkens, Slagteri","Østergade 18, 6630 Rødding",Lò giết mổ; Cơ sở xử lý thịt thú săn (thịt rừng hợp pháp),
"Vester Hæsinge Slagterforretning ApS , Slagteri","Birkevej 37, 5672 Broby",Kho lạnh bảo quản; Cơ sở / xưởng pha lóc (thịt); Lò giết mổ; Cơ sở chế biến thịt xay; Cơ sở sơ chế / chuẩn bị thịt; Nhà máy chế biến,
"Hårby Slagteren ApS, Slagteri","Den Grønne Vej 1, 8660 Skanderborg",Lò giết mổ,
"Aidt Slagtehus ApS, Slagteri","Bavnehøjvej 1, 8881 Thorsø",Cơ sở / xưởng pha lóc (thịt); Lò giết mổ; Cơ sở xử lý thịt thú săn (thịt rừng hợp pháp); Cơ sở chế biến thịt xay,
Sevel Slagteri A/S,"Søgårdvej 28, Sevel, 7830 Vinderup",Kho lạnh bảo quản; Cơ sở / xưởng pha lóc (thịt); Lò giết mổ,
"Bjerre Kød, Engros, Slagteri","Bjerrevej 346, 8783 Hornsyld",Cơ sở / xưởng pha lóc (thịt); Lò giết mổ; Cơ sở xử lý thịt thú săn (thịt rừng hợp pháp); Cơ sở chế biến thịt xay; Nhà máy chế biến,
"Slagter Kruse V/Hans Ole Kruse, Slagteri","Tved Bygade 36, 8420 Knebel",Cơ sở / xưởng pha lóc (thịt); Lò giết mổ; Cơ sở chế biến thịt xay,
"Tårs Slagtehus, Slagteri","Bredgade 61, 9830 Tårs",Lò giết mổ,
"Mariager Slagtehus, Slagteri","Havnegade 5, 9550 Mariager",Lò giết mổ,
"Landmand Ole Toft Thøgersen, Slagteri","Næssundvej 362, 7960 Karby",Cơ sở / xưởng pha lóc (thịt); Lò giết mổ,
"Nr. Onsild Slagterhus ApS, Slagteri","Rævebakken 2, 9500 Hobro",Cơ sở / xưởng pha lóc (thịt); Lò giết mổ; Cơ sở xử lý thịt thú săn (thịt rừng hợp pháp); Cơ sở chế biến thịt xay; Cơ sở sơ chế / chuẩn bị thịt; Nhà máy chế biến,
BC Catering Skanderborg A/S,"Niels Bohrs Vej 20, 8660 Skanderborg",Kho lạnh bảo quản,
Nørmark Meat ApS,"Englandsvej 7, 7100 Vejle",Cơ sở / xưởng pha lóc (thịt); Cơ sở sơ chế / chuẩn bị thịt; Nhà máy chế biến,
Leif Henriksen spegepølser og røgvarer,"Kragemosevej 5, 4200 Slagelse",Cơ sở / xưởng pha lóc (thịt); Cơ sở chế biến thịt xay; Cơ sở sơ chế / chuẩn bị thịt; Nhà máy chế biến,
AaD Drift ApS,"Lundvej 8, 7400 Herning",Kho lạnh bảo quản,
Gert Nielsen A/S,"Stamholmen 140B, 2650 Hvidovre",Kho lạnh bảo quản; Cơ sở / xưởng pha lóc (thịt); Cơ sở chế biến thịt xay; Cơ sở sơ chế / chuẩn bị thịt; Nhà máy chế biến,
BF-OKS A/S,"Mejerivej 14, 5874 Hesselager",Cơ sở bọc màng và tái đóng gói; Kho lạnh bảo quản; Cơ sở / xưởng pha lóc (thịt); Cơ sở chế biến thịt xay; Cơ sở sơ chế / chuẩn bị thịt; Nhà máy chế biến,
Öxneholm A/S,"Søndre Mellemvej 48, 4000 Roskilde",Kho lạnh bảo quản; Cơ sở / xưởng pha lóc (thịt); Cơ sở chế biến thịt xay; Cơ sở sơ chế / chuẩn bị thịt; Nhà máy chế biến,
Silkeborg Slagteren A/S,"Hagemannsvej 10, 8600 Silkeborg",Kho lạnh bảo quản; Cơ sở / xưởng pha lóc (thịt); Cơ sở chế biến thịt xay; Cơ sở sơ chế / chuẩn bị thịt; Nhà máy chế biến,
NR. SØBY KØD ENGROS A/S,"Nymarksgyden 5, Nr. Lyndelse, 5792 Årslev",Kho lạnh bảo quản; Cơ sở / xưởng pha lóc (thịt); Cơ sở chế biến thịt xay; Cơ sở sơ chế / chuẩn bị thịt; Nhà máy chế biến,
Aarhus Kødengros ApS,"Viaduktvej 7, 8260 Viby J",Cơ sở bọc màng và tái đóng gói; Cơ sở / xưởng pha lóc (thịt); Cơ sở chế biến thịt xay; Cơ sở sơ chế / chuẩn bị thịt,
TOFTS RØGERI,"Hasselvej 2A, 4780 Stege",Cơ sở / xưởng pha lóc (thịt); Cơ sở chế biến thịt xay; Cơ sở sơ chế / chuẩn bị thịt; Nhà máy chế biến,
"Ravsted Slagteri ApS, Slagteri","Ravsted Storegade 35, 6372 Bylderup-Bov",Kho lạnh bảo quản; Lò giết mổ,
Kødgrossisten,"Industrivænget 16, 4241 Vemmelev",Kho lạnh bảo quản; Cơ sở / xưởng pha lóc (thịt); Cơ sở chế biến thịt xay; Cơ sở sơ chế / chuẩn bị thịt; Nhà máy chế biến,
HB Kødgros Aps,"Kirstinehøj 75, 2770 Kastrup",Cơ sở / xưởng pha lóc (thịt); Cơ sở chế biến thịt xay; Cơ sở sơ chế / chuẩn bị thịt,
Jensens Skinker,"Grøftevej 4, 4180 Sorø",Kho lạnh bảo quản; Cơ sở / xưởng pha lóc (thịt); Nhà máy chế biến,
DANKØD EN GROS SLAGELSE APS,"Matildevej 4, 4200 Slagelse",Kho lạnh bảo quản; Cơ sở / xưởng pha lóc (thịt); Cơ sở chế biến thịt xay; Cơ sở sơ chế / chuẩn bị thịt; Nhà máy chế biến,
"Slagter Galsgaard, Slagteri","Industriarealet 40, 6990 Ulfborg",Lò giết mổ,
Bøje Kød Engros ApS,"Kirstinehøj 75, 2770 Kastrup",Cơ sở bọc màng và tái đóng gói; Cơ sở / xưởng pha lóc (thịt); Cơ sở chế biến thịt xay; Cơ sở sơ chế / chuẩn bị thịt; Nhà máy chế biến,
RANDERS KØD ENGROS ApS,"Haraldsvej 60, 8960 Randers SØ",Cơ sở bọc màng và tái đóng gói; Kho lạnh bảo quản; Cơ sở / xưởng pha lóc (thịt); Cơ sở chế biến thịt xay; Cơ sở sơ chế / chuẩn bị thịt,
Tayyib Food ApS,"Hassellunden 11B, 2765 Smørum",Cơ sở / xưởng pha lóc (thịt); Cơ sở chế biến thịt xay; Cơ sở sơ chế / chuẩn bị thịt,
"Hjallerup Slagtehus, Slagteri","Hornshøjvej 53, 9320 Hjallerup",Lò giết mổ,
MB FOOD A/S,"Korskildeeng 3, 2670 Greve",Cơ sở / xưởng pha lóc (thịt); Cơ sở chế biến thịt xay; Cơ sở sơ chế / chuẩn bị thịt; Nhà máy chế biến; Nhà máy chế biến sản phẩm thủy sản tươi sống,
"DANISH FOOD COMPANY SLAGELSE A/S, BEST BEEF","Kongstedvej 2F, 4200 Slagelse",Kho lạnh bảo quản; Cơ sở / xưởng pha lóc (thịt),
"Harald Hansens Eftf. I/S, Slagteri","Fabriksvangen 27, 3550 Slangerup",Kho lạnh bảo quản; Cơ sở / xưởng pha lóc (thịt); Lò giết mổ; Cơ sở chế biến thịt xay,
Uni Catering ApS,"Engmarken 6, 8220 Brabrand",Cơ sở / xưởng pha lóc (thịt),
Mina Istanbul Kebab Produktion ApS,"Smedeland 36, 2600 Glostrup",Cơ sở / xưởng pha lóc (thịt); Cơ sở sơ chế / chuẩn bị thịt,
Hørkram Foodservice A/S,"Torshøjvej 59, 8362 Hørning",Kho lạnh bảo quản; Cơ sở / xưởng pha lóc (thịt); Cơ sở bọc màng và tái đóng gói; Cơ sở chế biến thịt xay; Cơ sở sơ chế / chuẩn bị thịt; Nhà máy chế biến sản phẩm thủy sản tươi sống; Nhà máy chế biến,
AB CATERING A/S,"Kystvejen 80, 9400 Nørresundby",Cơ sở bọc màng và tái đóng gói; Kho lạnh bảo quản; Cơ sở / xưởng pha lóc (thịt); Cơ sở chế biến thịt xay; Cơ sở sơ chế / chuẩn bị thịt; Nhà máy chế biến,
Nordthy Meat ApS,"Trehøjevej 29, 7200 Grindsted",Cơ sở / xưởng pha lóc (thịt); Cơ sở chế biến thịt xay; Cơ sở sơ chế / chuẩn bị thịt; Nhà máy chế biến,
"Tistrup Slagtehus ApS, Slagteri","Frejasvej 13, 6862 Tistrup",Cơ sở / xưởng pha lóc (thịt); Lò giết mổ; Cơ sở xử lý thịt thú săn (thịt rừng hợp pháp),
Centralkøkkenet Aarhus Universitetshospital,"Carl Krebs' Vej 36, 8200 Aarhus N",Cơ sở / xưởng pha lóc (thịt); Cơ sở sơ chế / chuẩn bị thịt; Nhà máy chế biến,
"Slawteren i Tørring, Slagteri","Bruuns Plantage Vej 1, 8970 Havndal",Lò giết mổ,
Scan Meat Aps,"Matildevej 6, 4200 Slagelse",Cơ sở / xưởng pha lóc (thịt); Cơ sở chế biến thịt xay; Cơ sở sơ chế / chuẩn bị thịt; Nhà máy chế biến,
Hilton Foods Danmark A/S,"Brunagervej 2, 8361 Hasselager",Cơ sở bọc màng và tái đóng gói; Kho lạnh bảo quản; Cơ sở / xưởng pha lóc (thịt); Cơ sở chế biến thịt xay; Cơ sở sơ chế / chuẩn bị thịt,
"Kibæk Slagterhus , Slagteri","Velhustedvej 39, 6933 Kibæk",Lò giết mổ,
Rævhede,"Sandmosevej 84, 9440 Aabybro",Cơ sở bọc màng và tái đóng gói; Cơ sở / xưởng pha lóc (thịt); Cơ sở chế biến thịt xay; Cơ sở sơ chế / chuẩn bị thịt; Nhà máy chế biến,
"Det vilde slagtehus og gårdbutik, Slagteri","Kær Møllevej 95, 6094 Hejls",Lò giết mổ; Cơ sở xử lý thịt thú săn (thịt rừng hợp pháp),
"Skallebølle Slagtehus A/S, Slagteri","Odensevej 153, 5492 Vissenbjerg",Cơ sở / xưởng pha lóc (thịt); Lò giết mổ; Cơ sở xử lý thịt thú săn (thịt rừng hợp pháp); Cơ sở chế biến thịt xay,
Demca ApS,"Sintrupvej 23, 8220 Brabrand",Cơ sở / xưởng pha lóc (thịt); Cơ sở chế biến thịt xay,
"DK Kød Aps, Slagteri","Lindtorpvej 3, 7600 Struer",Cơ sở / xưởng pha lóc (thịt); Lò giết mổ,
"V.Åby Slagterforretning, Slagteri","Svendborgvej 412, 5600 Faaborg",Kho lạnh bảo quản; Lò giết mổ,
Holmegaards DELI ApS,"Glasmagervej 23, 4684 Holmegaard",Cơ sở / xưởng pha lóc (thịt); Cơ sở sơ chế / chuẩn bị thịt; Nhà máy chế biến,
Køkkenområdet Hjørring Kommune,"M. P. Kofoeds Vej 1, 9800 Hjørring",Cơ sở / xưởng pha lóc (thịt); Cơ sở chế biến thịt xay; Nhà máy chế biến,
"Slagter Sørensen ApS, Slagteri","Fabriksvej 14, 6920 Videbæk",Cơ sở / xưởng pha lóc (thịt); Lò giết mổ; Cơ sở xử lý thịt thú săn (thịt rừng hợp pháp); Cơ sở chế biến thịt xay; Cơ sở sơ chế / chuẩn bị thịt; Nhà máy chế biến,
"Toftnæs Slagtehus, Slagteri","Toftnæsvej 30, 6800 Varde",Cơ sở / xưởng pha lóc (thịt); Lò giết mổ; Cơ sở xử lý thịt thú săn (thịt rừng hợp pháp); Cơ sở chế biến thịt xay,
DMRI Pilot plant - Teknologisk Institut,"Gregersensvej 9, 2630 Taastrup",Cơ sở / xưởng pha lóc (thịt); Cơ sở chế biến thịt xay; Cơ sở sơ chế / chuẩn bị thịt; Nhà máy chế biến,
"Djurs Slagtehus, Slagteri","Hovedgaden 28, 8961 Allingåbro",Kho lạnh bảo quản; Cơ sở / xưởng pha lóc (thịt); Lò giết mổ; Cơ sở xử lý thịt thú săn (thịt rừng hợp pháp); Cơ sở chế biến thịt xay,
"Sæby Gårdslagteri I/S, Slagteri","Aalborgvej 108, 9300 Sæby",Cơ sở / xưởng pha lóc (thịt); Lò giết mổ,
Tamaco A/S,"Brunagervej 1, 8361 Hasselager",Kho lạnh bảo quản; Cơ sở / xưởng pha lóc (thịt); Cơ sở chế biến thịt xay; Cơ sở sơ chế / chuẩn bị thịt,
"Slagter Engdahl, Slagteri","Industriparken 10, 4960 Holeby",Kho lạnh bảo quản; Cơ sở / xưởng pha lóc (thịt); Lò giết mổ; Cơ sở xử lý thịt thú săn (thịt rừng hợp pháp); Cơ sở chế biến thịt xay,
Hvidebæk Slagteri,"Industrivej 17 D, 4490 Jerslev Sjælland",Kho lạnh bảo quản; Cơ sở / xưởng pha lóc (thịt); Lò giết mổ,
"Troldgaarden ApS, Slagteri","Troldkirkevej 4, 8732 Hovedgård",Kho lạnh bảo quản; Cơ sở / xưởng pha lóc (thịt); Lò giết mổ; Cơ sở sơ chế / chuẩn bị thịt; Nhà máy chế biến,
"SLAGTER ENGDAHL ApS, Pølsemageri","Industriparken 10, 4960 Holeby",Cơ sở / xưởng pha lóc (thịt); Cơ sở chế biến thịt xay; Cơ sở sơ chế / chuẩn bị thịt; Nhà máy chế biến,
"Nordvildt ApS, Slagteri","Horserød Byvej 2A, 3000 Helsingør",Cơ sở / xưởng pha lóc (thịt); Lò giết mổ; Cơ sở xử lý thịt thú săn (thịt rừng hợp pháp); Cơ sở chế biến thịt xay,
Økogårdene Skjern Enge ApS.,"Feldsingvej 3, 6900 Skjern",Kho lạnh bảo quản; Cơ sở / xưởng pha lóc (thịt); Cơ sở chế biến thịt xay; Nhà máy chế biến,
"Hallegaard Pølsemageri og Gårdbutik, Slagteri","Aspevej 3, 3751 Østermarie",Cơ sở / xưởng pha lóc (thịt); Lò giết mổ; Cơ sở xử lý thịt thú săn (thịt rừng hợp pháp),
"Techcollege Slagteri, Slagteri","Struervej 70, 9220 Aalborg Øst",Lò giết mổ,
ZBC Pølsemageri,"Maglegårdsvej 8, 4000 Roskilde",Cơ sở / xưởng pha lóc (thịt); Nhà máy chế biến,
"Grambogård, Slagteri","Ellehaven 55, 5690 Tommerup",Cơ sở bọc màng và tái đóng gói; Kho lạnh bảo quản; Cơ sở / xưởng pha lóc (thịt); Lò giết mổ; Cơ sở chế biến thịt xay,
"LF Vildt og Fjerkræslagteri ApS, Slagteri","Linkøpingvej 33, 4900 Nakskov",Cơ sở / xưởng pha lóc (thịt); Lò giết mổ; Cơ sở xử lý thịt thú săn (thịt rừng hợp pháp),
Birthesminde Salg ApS,"Tempelvej 14, 4390 Vipperød",Cơ sở / xưởng pha lóc (thịt); Cơ sở sơ chế / chuẩn bị thịt; Nhà máy chế biến,
Slagterbob ApS,"Industrigrenen 21, 2635 Ishøj",Cơ sở / xưởng pha lóc (thịt); Cơ sở sơ chế / chuẩn bị thịt; Nhà máy chế biến,
"Edderup Slagteri ApS, Slagteri","Havndalvej 44, 9550 Mariager",Lò giết mổ; Cơ sở xử lý thịt thú săn (thịt rừng hợp pháp),
"Thy Slagtehus ApS, Slagteri","Høgevej 3, 7700 Thisted",Cơ sở / xưởng pha lóc (thịt); Lò giết mổ; Cơ sở xử lý thịt thú săn (thịt rừng hợp pháp),
Kødkrogen,"Gunnar Clausens Vej 13A, st, 8260 Viby J",Cơ sở / xưởng pha lóc (thịt); Cơ sở chế biến thịt xay; Cơ sở sơ chế / chuẩn bị thịt; Nhà máy chế biến,
"Vendsyssel Fjerkræslagteri ApS, Engros","Lyngbyvej 120, 9480 Løkken",Cơ sở bọc màng và tái đóng gói; Cơ sở / xưởng pha lóc (thịt); Cơ sở chế biến thịt xay,
"Holsted Kød Aps, engros","Energivej 22, 6670 Holsted",Cơ sở / xưởng pha lóc (thịt); Cơ sở chế biến thịt xay; Cơ sở sơ chế / chuẩn bị thịt,
GB MEAT GROUP Hadsund,"Gl Visborgvej 51, 9560 Hadsund",Cơ sở bọc màng và tái đóng gói; Cơ sở / xưởng pha lóc (thịt); Cơ sở sơ chế / chuẩn bị thịt,
Steensgaard Produktion,"Steensgaard 3, 5642 Millinge",Cơ sở / xưởng pha lóc (thịt); Cơ sở sơ chế / chuẩn bị thịt; Nhà máy chế biến,
"Slagterens Gårdbutik, Slagteri","Gl. Viborgvej 86, 9620 Aalestrup",Lò giết mổ; Cơ sở xử lý thịt thú săn (thịt rừng hợp pháp),
"Neqi A/S, Slagteri","Fiskervej B 99, Postboks 69, 3921 Narsaq",Kho lạnh bảo quản; Lò giết mổ,
JP Dynasty ApS,"Slagtehusgade 40, 1, 1715 København V",Cơ sở / xưởng pha lóc (thịt); Cơ sở sơ chế / chuẩn bị thịt; Nhà máy chế biến; Nhà máy chế biến sản phẩm thủy sản tươi sống,
Mix Food ApS,"Månevej 7, 3550 Slangerup",Cơ sở / xưởng pha lóc (thịt); Cơ sở chế biến thịt xay; Cơ sở sơ chế / chuẩn bị thịt,
Moert,"Mejerivej 7, 9640 Farsø",Cơ sở / xưởng pha lóc (thịt); Cơ sở chế biến thịt xay; Cơ sở sơ chế / chuẩn bị thịt,
Cater Food A/S,"Europavej 22, 7430 Ikast",Cơ sở / xưởng pha lóc (thịt); Cơ sở chế biến thịt xay; Cơ sở sơ chế / chuẩn bị thịt; Nhà máy chế biến,
"Danpo A/S, Danpo A/S","Vestre Skovvej 3, 9600 Aars",Cơ sở bọc màng và tái đóng gói; Kho lạnh bảo quản; Cơ sở / xưởng pha lóc (thịt); Lò giết mổ; Cơ sở chế biến thịt xay; Cơ sở tách thịt cơ học (thịt tách xương bằng máy); Cơ sở sơ chế / chuẩn bị thịt; Nhà máy chế biến,
"Rose Poultry A/S, Vinderup","Tværmosevej 10, 7830 Vinderup",Kho lạnh bảo quản; Cơ sở / xưởng pha lóc (thịt); Lò giết mổ; Cơ sở chế biến thịt xay; Cơ sở tách thịt cơ học (thịt tách xương bằng máy); Cơ sở sơ chế / chuẩn bị thịt; Nhà máy chế biến,
"Vendsyssel Fjerkræslagteri ApS, Slagteri","Lyngbyvej 120, 9480 Løkken",Kho lạnh bảo quản; Lò giết mổ; Cơ sở xử lý thịt thú săn (thịt rừng hợp pháp),
GRÅSTEN FJERKRÆ A/S,"Kværsgade 18, 6300 Gråsten",Cơ sở / xưởng pha lóc (thịt); Cơ sở sơ chế / chuẩn bị thịt; Nhà máy chế biến,
DAFC A/S,"Skanderborgvej 19, 8751 Gedved",Kho lạnh bảo quản; Cơ sở / xưởng pha lóc (thịt); Lò giết mổ,
"Ejvang Øko, Slagteri","Tingstedvej 38, 4350 Ugerløse",Kho lạnh bảo quản; Lò giết mổ,
Rokkedahl Food Aps,"Vårvej 65, 9240 Nibe",Kho lạnh bảo quản; Cơ sở / xưởng pha lóc (thịt); Lò giết mổ; Cơ sở chế biến thịt xay; Cơ sở sơ chế / chuẩn bị thịt,
"Hopballe Gårdslagteri, Slagteri","Hopballevej 56, 7300 Jelling",Cơ sở bọc màng và tái đóng gói; Kho lạnh bảo quản; Cơ sở / xưởng pha lóc (thịt); Lò giết mổ; Cơ sở chế biến thịt xay; Cơ sở sơ chế / chuẩn bị thịt,
"Råde Fjerkræfarm, Slagteri","Raade Bygade 21, 6100 Haderslev",Kho lạnh bảo quản; Cơ sở / xưởng pha lóc (thịt); Lò giết mổ,
"Vesterborg vildt og fjerkræslagteri , Slagteri","Gallemosevej 6, 4953 Vesterborg",Cơ sở / xưởng pha lóc (thịt); Lò giết mổ; Cơ sở xử lý thịt thú săn (thịt rừng hợp pháp),
"Finn Hansen, Slagteri","Skodsbølvej 71, 6310 Broager",Kho lạnh bảo quản; Lò giết mổ,
"Dalsgaard og Barsøe Agro I/S, Slagteri","Kabdrupvej 49, 6100 Haderslev",Kho lạnh bảo quản; Cơ sở / xưởng pha lóc (thịt); Lò giết mổ,
"Alpevej Vildtbehandling, Slagteri","Alpevej 4, 5771 Stenstrup",Kho lạnh bảo quản; Cơ sở / xưởng pha lóc (thịt); Lò giết mổ; Cơ sở xử lý thịt thú săn (thịt rừng hợp pháp),
"Galgebakkens Hjortefarm, Slagteri","Galgebakkevej 4, 7755 Bedsted Thy",Lò giết mổ; Cơ sở xử lý thịt thú săn (thịt rừng hợp pháp),
"Klosterhedens Vildt A/S, Slagteri","Holmgaardvej 49, 7660 Bækmarksbro",Kho lạnh bảo quản; Cơ sở / xưởng pha lóc (thịt); Cơ sở xử lý thịt thú săn (thịt rừng hợp pháp); Cơ sở chế biến thịt xay,
"Faldhøje Plantage, Slagteri","Skovsendevej 2, 7200 Grindsted",Cơ sở xử lý thịt thú săn (thịt rừng hợp pháp),
"Vrøgum Vildt, Slagteri","Hedelundvej 9 B, 6840 Oksbøl",Cơ sở xử lý thịt thú săn (thịt rừng hợp pháp),
"KALU A/S, Slagteri","Saltøvej 118, 4700 Næstved",Cơ sở / xưởng pha lóc (thịt); Cơ sở xử lý thịt thú săn (thịt rừng hợp pháp); Cơ sở chế biến thịt xay,
Top Food,"Sønderbro 21, 9881 Bindslev",Cơ sở bọc màng và tái đóng gói; Kho lạnh bảo quản; Cơ sở sơ chế / chuẩn bị thịt; Nhà máy chế biến,
"ROSE Poultry A/S, Skovsgaard","Elmegårdsvej 4, 9460 Brovst",Cơ sở bọc màng và tái đóng gói; Kho lạnh bảo quản; Cơ sở tách thịt cơ học (thịt tách xương bằng máy); Cơ sở sơ chế / chuẩn bị thịt; Nhà máy chế biến,
Delika Aarhus A/S,"Gunnar Clausens Vej 13 A, 8260 Viby J",Cơ sở sơ chế / chuẩn bị thịt; Nhà máy chế biến,
Fabrikken Lepo A/S,"Baldersbuen 7, 2640 Hedehusene",Cơ sở sơ chế / chuẩn bị thịt; Nhà máy chế biến,
Royal Leverpostej,"Rokhøj 24, 8520 Lystrup",Cơ sở sơ chế / chuẩn bị thịt; Nhà máy chế biến,
Svaneke Slagter ApS,"Vigebakke 1A, 3740 Svaneke",Cơ sở sơ chế / chuẩn bị thịt; Nhà máy chế biến,
NAKA A/S,"Vestermarksvej 2, Kragelund, 8723 Løsning",Kho lạnh bảo quản; Cơ sở sơ chế / chuẩn bị thịt; Nhà máy chế biến,
Delika Aalborg A/S,"Middelfartvej 2, 9220 Aalborg Øst",Kho lạnh bảo quản; Cơ sở sơ chế / chuẩn bị thịt; Nhà máy chế biến,
Sticks N Sushi,"Fjeldhammervej 15, 2610 Rødovre",Cơ sở sơ chế / chuẩn bị thịt; Nhà máy chế biến sản phẩm thủy sản tươi sống,
SU'VI:T Aps,"Falstervej 19, 5800 Nyborg",Kho lạnh bảo quản; Cơ sở sơ chế / chuẩn bị thịt; Nhà máy chế biến,
SLAGTER LUND APS,"Nyholms Alle 35, 2610 Rødovre",Cơ sở sơ chế / chuẩn bị thịt; Nhà máy chế biến,
Aarstidernes Varme Værksted,"Kertemindevej 11, 8940 Randers SV",Kho lạnh bảo quản; Cơ sở sơ chế / chuẩn bị thịt; Nhà máy chế biến; Nhà máy chế biến sản phẩm thủy sản tươi sống; Cơ sở tách thịt thủy sản bằng cơ học,
E. LAMPE PØLSEGÅRDEN ApS,"Lysbjergvej 11, 6500 Vojens",Cơ sở sơ chế / chuẩn bị thịt; Nhà máy chế biến,
Slagter Hejsel,"Søvejen 3, 6500 Vojens",Cơ sở chế biến thịt xay; Cơ sở sơ chế / chuẩn bị thịt; Nhà máy chế biến,
Vores Køkken Sølund,"Sølundsvej 3B, 8660 Skanderborg",Cơ sở sơ chế / chuẩn bị thịt; Nhà máy chế biến; Nhà máy chế biến sản phẩm thủy sản tươi sống,
Louise´s Catering - Lunch ApS,"Odinsvej 6, 6950 Ringkøbing",Cơ sở sơ chế / chuẩn bị thịt; Nhà máy chế biến,
"Den Gamle Slagter v/M. Vangsgaard, Engros","Vestergade 74, 7700 Thisted",Cơ sở chế biến thịt xay; Nhà máy chế biến,
HANEGAL A/S Syd,"Niels Bohrs Vej 5, 6100 Haderslev",Cơ sở sơ chế / chuẩn bị thịt; Nhà máy chế biến,
"Danish Crown A/S, Oksekødsafdeling","Industrivej Syd 1, 6600 Vejen",Cơ sở chế biến thịt xay,
BHJ A/S,"Kornvej 1, 9500 Hobro",Nhà máy chế biến,
ATRIA DANMARK A/S,"Aage Jensen Bakken 1, Postboks 1123, 8700 Horsens",Nhà máy chế biến,
GoodLife Foods Nyborg A/S,"Delfinvej 3-5, 5800 Nyborg",Nhà máy chế biến,
STRYHN'S A/S LANGELAND,"Kassebøllevej 4, 5900 Rudkøbing",Nhà máy chế biến,
HØJER PØLSER A/S,"Søndergade 1, 6280 Højer",Nhà máy chế biến,
Jensens Foods A/S,"Energivej 5, 7600 Struer",Nhà máy chế biến,
Oscar A/S,"Industrivej 36, 4683 Rønnede",Nhà máy chế biến,
"DANPO A/S, Forædling","Tykhøjetvej 44, Farre, 7323 Give",Nhà máy chế biến,
"BHJ A/S, Essentia","Sundsnæs 33, 6300 Gråsten",Nhà máy chế biến,
Delika Christiansfeld A/S,"Kongensgade 47, 6070 Christiansfeld",Nhà máy chế biến,
Stryhns A/S,"Vestre Kirkevej 13, Himmelev, 4000 Roskilde",Nhà máy chế biến,
Hvidebæk Pølsefabrik,"Industrivej 17D, 4490 Jerslev Sjælland",Nhà máy chế biến; Kho lạnh bảo quản,
ROBERT DAMKJÆR A/S,"Anslet Landevej 10, 6100 Haderslev",Nhà máy chế biến,
Løgismose Fødevarer,"Ny Vestergade 2, 5672 Broby",Nhà máy chế biến; Trung tâm điều phối / xuất hàng,
MUNKEBO SEAFOOD A/S,"Fiskeløkken 1, 5330 Munkebo",Nhà máy chế biến,
"CHRISTAN VOLLSTEDT - SØNDERJYSKE, DIPLOMPØLSER ApS AF 01.01.2000","Naffet 22, 6100 Haderslev",Nhà máy chế biến,
WIUM LEVERPOSTEJ ApS,"Sallingsundvej 9, 6715 Esbjerg N",Nhà máy chế biến,
"Delika ApS, Pakkeri","Hirsevej 22, 6100 Haderslev",Nhà máy chế biến,
Gate Gourmet Denmark ApS,"Cargo Centervej 39, 7190 Billund",Nhà máy chế biến,
Als pølser,"Kirke Hørupvej 20, 6470 Sydals",Nhà máy chế biến,
Mozami A/S,"Ved Milepælen 4 A, 8361 Hasselager",Nhà máy chế biến; Cơ sở bọc màng và tái đóng gói,
Bornholmerslagteren ApS,"Brovangen 18, 3720 Aakirkeby",Nhà máy chế biến,
Statsfængslet i Jyderup,"Søbæksparken 136, 4450 Jyderup",Nhà máy chế biến,
International N&H Denmark ApS,"Edwin Rahrs Vej 38, 8220 Brabrand",Nhà máy chế biến,
Det Danske Madhus A/S,"Roholmsvej 11D, 2620 Albertslund",Nhà máy chế biến,
EASYFOOD A/S,"Albuen 39, 6000 Kolding",Nhà máy chế biến,
"Danish Crown A/S, Thorning","Bommen 9, 8620 Kjellerup",Nhà máy chế biến; Kho lạnh bảo quản,
Fælleskøkkenet Elbo I/S,"Tingvejen 31, 7000 Fredericia",Nhà máy chế biến,
Byens Køkken,"Teknikvej 4, 5260 Odense S",Nhà máy chế biến,
"Danish Crown A/S, Inventorium","Tulipvej 10, 7100 Vejle",Nhà máy chế biến; Kho lạnh bảo quản,
Blume Food I/S,"Smedevænget 4, Øster Bjerregrav, 8920 Randers NV",Nhà máy chế biến; Cơ sở bọc màng và tái đóng gói,
"Produktion Lager og Transport, - Køkken - Holbæk - Birkevænget","Birkevænget 44, 4300 Holbæk",Nhà máy chế biến,
Produktion Lager og Transport - Køkken - Slagelse,"Ingemannsvej 38, 4200 Slagelse",Nhà máy chế biến,
Madservice Kalundborg,"Stejlhøj 13, 4400 Kalundborg",Nhà máy chế biến,
Mad og Møder - Køkkenet Filadelfia,"Værkstedsvej 5, 4293 Dianalund",Nhà máy chế biến,
Næstved Madservice,"Tommerupvej 7, 4700 Næstved",Nhà máy chế biến,
Madservice Skovvang,"Grønningen 1, 4200 Slagelse",Nhà máy chế biến,
"Sygehus Sønderjylland Sønderborg, KøkkenService","Sydvang 1, 6400 Sønderborg",Nhà máy chế biến,
Carnad A/S,"Falstervej 6, 9670 Løgstør",Nhà máy chế biến,
"Esbjerg Sygehus, Produktionskøkken","Finsensgade 35, 6700 Esbjerg",Nhà máy chế biến,
Madjyden,"Brandlundparken 1, 7330 Brande",Nhà máy chế biến,
Vores Køkken FHR,"Alleen 2, 8680 Ry",Nhà máy chế biến,
"Regionshospitalet Randers, Patientkøkken","Skovlyvej 15, 8930 Randers NØ",Nhà máy chế biến; Nhà máy chế biến sản phẩm thủy sản tươi sống,
"BO-INSTITUTIONEN SØDISBAKKE, Centralkøkkenet","Havndalvej 7, 9550 Mariager",Nhà máy chế biến,
Tønder Fælleskøkken,"Carstensgade 6-8, 6270 Tønder",Nhà máy chế biến,
Madservice Aalborg Gug,"Fortunavej 2, 9210 Aalborg SØ",Nhà máy chế biến,
"Aalborg Madservice, Storkøkkenet Lions Parken","Lions Parken 4, 9400 Nørresundby",Nhà máy chế biến,
"Regionshospital Nordjylland, Hjørring afsnittet","Bispensgade 37, 9800 Hjørring",Nhà máy chế biến,
Mad til hver dag I/S,"Lokesvej 12, 3400 Hillerød",Nhà máy chế biến,
Holbæk Fælleskøkken,"Stenhusvej 21, 4300 Holbæk",Nhà máy chế biến,
Det danske Madhus Varde A/S,"Carolineparken 1 B, 6800 Varde",Nhà máy chế biến,
Madservice Vejen,"Fællesvirke 2, 6670 Holsted",Nhà máy chế biến,
"Slagter Munch, Engro","Sct. Laurentii Vej 1, 9990 Skagen",Nhà máy chế biến,
Skagen Skinke,"Kassevej 3, 9990 Skagen",Nhà máy chế biến; Kho lạnh bảo quản,
Mad & Måltider,"Bladknæk 51, 6200 Aabenraa",Nhà máy chế biến,
"Norddjurs Mad, Centralkøkkenet","Trekanten 1, 8500 Grenaa",Nhà máy chế biến,
Det Danske Madhus A/S Aarhus,"Vestermøllevej 7A, 8380 Trige",Nhà máy chế biến,
Halkær Ådal Økologisk,"Blindebomsgade 5, 9670 Løgstør",Nhà máy chế biến,
Centralkøkkenet Nordjysk Mad I/S,"Hjørringvej 180, 9700 Brønderslev",Nhà máy chế biến,
"Rigshospitalet, Centralkøkken","Blegdamsvej 9, 2100 København Ø",Nhà máy chế biến,
"Kastanjehaven, Centralkøkken","Troels-Lunds Vej 25, 2000 Frederiksberg",Nhà máy chế biến,
Bodebjerg ApS,"Vinkelvej 21, 5290 Marslev",Nhà máy chế biến,
"Aalborg Universitetshospital Thisted, Centralkøkken","Højtoftevej 2, 7700 Thisted",Nhà máy chế biến,
Fælleskøkkenet I/S,"Granitvej 1, 4990 Sakskøbing",Nhà máy chế biến,
Delika Haderslev ApS,"Hirsevej 15, 6100 Haderslev",Nhà máy chế biến,
Centralkøkkenet Skovparken,"Skovparken 1 B, 7900 Nykøbing M",Nhà máy chế biến,
"Odsherred Madservice, Plejecenter Solvognen","Højbygårdsvej 10, 4573 Højby",Nhà máy chế biến,
"Sygehus Lillebælt, KOLDING SYGEHUS - Køkkenet","Sygehusvej 24, 6000 Kolding",Nhà máy chế biến,
"Vejle Sygehus, køkkenet","Beriderbakken 4, 7100 Vejle",Nhà máy chế biến,
Produktionskøkkenet Sydtoften,"Sydtoften 104, 7200 Grindsted",Nhà máy chế biến,
Zirfelt's Leverpostej,"Åvej 5, 9670 Løgstør",Nhà máy chế biến,
Køkken Ballerup,"Bybjergvej 11, st. A, 2740 Skovlunde",Nhà máy chế biến,
Svaneke Deli,"Svanevang 2, 3740 Svaneke",Nhà máy chế biến,
"Odsherred Madservice, Bakkegårdens Centralkøkken","Bakkegården 1, 4534 Hørve",Nhà máy chế biến,
Køkken Syddjurs,"Vestre Fasanvej 31, 8410 Rønde",Nhà máy chế biến,
Nr. Onsild ApS,"Niels Bohrs Vej 5, 6100 Haderslev",Nhà máy chế biến,
"Grindsted Sygehus, Modtagekøkken","Engparken 1, 7200 Grindsted",Nhà máy chế biến,
Det gode madhus I/S,"Ryttervej 39, 5700 Svendborg",Nhà máy chế biến,
Det Danske Madhus Vejle,"Kornmarken 21, 6040 Egtved",Nhà máy chế biến,
Madservice Kronjylland,"Falstersvej 2, 8940 Randers SV",Nhà máy chế biến,
Madservice Trekroner,"Trekroner Centervej 41, Trekroner, 4000 Roskilde",Nhà máy chế biến,
"Madservice Viby, Toftehøjen, Køkken","Tofthøjvej 20, 4130 Viby Sjælland",Nhà máy chế biến,
Produktionskøkkenet Lundebo,"Ventemøllevej 30, 4293 Dianalund",Nhà máy chế biến,
Madhuset,"Wørishøffersgade 23, 5800 Nyborg",Nhà máy chế biến,
HE Midt Køkken,"Heibergs Alle 4, 8800 Viborg",Nhà máy chế biến,
"Bispebjerg Hospital, FM - Køkken - indgang 30","Esther Ammundsens Vej 29C, 2400 København NV",Nhà máy chế biến,
"Herlev Hospital, Bageri, Ernæringsenheden","Borgmester Ib Juuls Vej 50, 4, 2730 Herlev",Nhà máy chế biến,
Madservice Ågerup,"Gundsølillevej 6, 4000 Roskilde",Nhà máy chế biến,
Convi Food ApS,"Vandtårnsvej 75, 1, 2860 Søborg",Nhà máy chế biến,
Madservice Hashøj,"Atkærvænget 27 D, 4261 Dalmose",Nhà máy chế biến,
"Handicapcenter Fyn , Køkken Engbo","Skaboeshusevej 90A, 5800 Nyborg",Nhà máy chế biến,
Ældrecentret Fænøsund,"Vestre Hougvej 70, 5500 Middelfart",Nhà máy chế biến,
Seniorcenter Rosenlund,"Mørkhøjvej 336, 2860 Søborg",Nhà máy chế biến,
SDE Engros,"Risingsvej 60, 5000 Odense C",Nhà máy chế biến,
Favrskov Mad,"Herredsvej 16, 8382 Hinnerup",Nhà máy chế biến,
"Plejehjemmet Henriksdal, Fælleskøkken","Valbyvej 47, 2630 Taastrup",Nhà máy chế biến,
"Torstorp Pleje- og Rehabiliteringscenter, Centralkøkken","Morelhaven 122, 2630 Taastrup",Nhà máy chế biến,
Københavns Madservice,"Bystævneparken 15, 2700 Brønshøj",Nhà máy chế biến,
Distrikt Ulvsund,"Kornvej 40, 4780 Stege",Nhà máy chế biến,
EAT Centralkøkken,"Blushøjvej 11, 2450 København SV",Nhà máy chế biến,
Omsorgs Centeret Hjortespring,"Sennepshaven 4, 2730 Herlev",Nhà máy chế biến,
Det Gode Måltid,"Odensevej 29 D, 5610 Assens",Nhà máy chế biến,
MadhuZet Zahles,"Zahlesvej 18, 4100 Ringsted",Nhà máy chế biến,
Ærø Madservice,"Gasværksvej 10, 5960 Marstal",Nhà máy chế biến,
Arresødal slotskøkken,"Arresødalvej 100, 3300 Frederiksværk",Nhà máy chế biến,
"Nordsjællands Hospital - Hillerød, Centralkøkken","Dyrehavevej 29, 3400 Hillerød",Nhà máy chế biến,
"DGI-byen, Stor køkken","Tietgensgade 65, 1704 København V",Nhà máy chế biến,
"Plejehjemmet Salem, Centralkøkken","Mitchellsstræde 5, 2820 Gentofte",Nhà máy chế biến,
Højbjerggård,"Højbjerggårdsvej 16, 2840 Holte",Nhà máy chế biến,
Børneinstitutionen Bøgehøjen,"Henriksholms Alle 10- 12, 2950 Vedbæk",Nhà máy chế biến,
"Madservice Viborg, Produktionskøkken","Petersmindevej 15, 8800 Viborg",Nhà máy chế biến,
Mad & Måltider Lystholm,"Lystholm 20, 3480 Fredensborg",Nhà máy chế biến,
Egedal kommunes madservice,"Damgårdsparken 5, 3660 Stenløse",Nhà máy chế biến,
"Børnehuset Lyngborghave, Produktionskøkken","Lyngborghave 42-46, 3460 Birkerød",Nhà máy chế biến,
"ÆLDRECENTRET MASTRUPLUND, Område Øst","Mastruplundvej 2 L, 9530 Støvring",Nhà máy chế biến,
"Regionshospitalet Horsens, Hospitalskøkken og personalekantine","Sundvej 30, 8700 Horsens",Nhà máy chế biến,
"083 Køkkenet Hvidovre Hospital, Centralkøkken","Kettegård Alle 30, 2650 Hvidovre",Nhà máy chế biến,
"Gildhøjhjemmet, Centralkøkkenet","Brøndby Møllevej 25, 2605 Brøndby",Nhà máy chế biến,
"Den Selvejende Institution Ryetbo, Centralkøkken","Engstedet 5, 3500 Værløse",Nhà máy chế biến,
"Rigshospitalet, Glostrup Hospital, Centralkøkken","Valdemar Hansens Vej 1, 2600 Glostrup",Nhà máy chế biến,
Centralkøkkenet Herlev og Gentofte hospital,"Gentofte Hospitalsvej 22, 2900 Hellerup",Nhà máy chế biến,
WOODEN SPOON ApS,"Herstedøstervej 19, 2600 Glostrup",Nhà máy chế biến,
"Ældrecenter Æblehaven, Centralkøkken","Guldborgvej 6, 2660 Brøndby Strand",Nhà máy chế biến,
Brøndby Kommune Ældrecenter,"Nygårds Plads 30, 2605 Brøndby",Nhà máy chế biến,
"Plejecenter Sølund, Storkøkken","Ryesgade 20, 2200 København N",Nhà máy chế biến,
"DeViKa Nexø, Engros","Paradisvej 72, 3730 Nexø",Nhà máy chế biến,
"Plejehjemmet Lindehaven, Centralkøkken","Præstevænget 11, 2750 Ballerup",Nhà máy chế biến,
"Plejehjemmet Toftehaven, Centralkøkken","Nygårdsvej 35, 2750 Ballerup",Nhà máy chế biến,
"Plejehjemmet Kirstinehaven, Centralkøkken","Kirstinelundsvej 12, 2750 Ballerup",Nhà máy chế biến,
Ældrecenter Egely,"Egebjerg Bygade 34, 2750 Ballerup",Nhà máy chế biến,
Lundehaven Plejecenter,"Skovlunde Torv 8, 2740 Skovlunde",Nhà máy chế biến,
"Sønderhaven, Central køkken","Søndergårds Allé 100, 2760 Måløv",Nhà máy chế biến,
KommuneKøkkenet Hvidovre,"Karise Alle 33, 2650 Hvidovre",Nhà máy chế biến,
"Herlevgård Center, Hovedkøkken","Herlevgårdsvej 3, 2730 Herlev",Nhà máy chế biến,
Omsorgscentret i Hvissinge,"Stenager 2, 2600 Glostrup",Nhà máy chế biến,
"Plejehjemmet Engskrænten, Centralkøkken","Kirkesvinget 5, 2610 Rødovre",Nhà máy chế biến,
Tayyib Food ApS - Ringsted,"Sleipnersvej 10, 4100 Ringsted",Nhà máy chế biến,
ByMattsson,"Rugmarken 10, byg. 9, 3650 Ølstykke",Nhà máy chế biến,
Parkvænget,"Byparkvej 87, 2600 Glostrup",Nhà máy chế biến,
Jagger Eksternt køkken,"Oslovej 2, 6230 Rødekro",Nhà máy chế biến,
Produktionskøkken Hvidovrevej ApS,"Fjeldhammervej 15, 2610 Rødovre",Nhà máy chế biến,
"Kejserindens Gryder A/S, Vores Smagsløg","Herstedøstervej 27, 2620 Albertslund",Nhà máy chế biến,
"Børnehusene Fredensborg - fælleskøkken, Sneglehuset","Lystholm 8-18, 3480 Fredensborg",Nhà máy chế biến,
"Plejecenter Lillevang, Centralkøkken","Lillevænget 1, 3520 Farum",Nhà máy chế biến,
"Pilegården, Produktionskøkken","Bregnerødvej 122, 3460 Birkerød",Nhà máy chế biến,
"Center Amager Sundbygård, Blok B, Produktionskøkken","Sundbygårdsvej 3, 2., 2300 København S",Nhà máy chế biến,
"Skovsminde Omsorgscenter, Centralkøkken","Skovsmindeparken 2A, 3230 Græsted",Nhà máy chế biến,
Madservice,"Lindhøjvej 2, 5330 Munkebo",Nhà máy chế biến,
Akaciegården,"Betty Nansens Alle 2A, 2000 Frederiksberg",Nhà máy chế biến,
"Ældrecentret Broparken, Centralkøkken","Slotsherrens Vænge 2, 2610 Rødovre",Nhà máy chế biến,
"Omsorgscenter Kærbo, Centralkøkken","Ishøj Boulevard 2, 2635 Ishøj",Nhà máy chế biến,
"Ryholtgård Plejehjem, Centralkøkken","Rymarksvej 23-27, 2900 Hellerup",Nhà máy chế biến,
Den Selvejende inst.Birkebo,"Hellebo Park 98, 3000 Helsingør",Nhà máy chế biến,
Børnehusene Kokkedal,"Broengen 6, 2980 Kokkedal",Nhà máy chế biến,
"Plejeboligcenter Fælledgaarden, Centralkøkken","Drejøgade 3, 2100 København Ø",Nhà máy chế biến,
"Behandlingshjemmet Hvidborg, Institutionskøkken","Neergårds Alle 6, 2650 Hvidovre",Nhà máy chế biến,
Vuggestuen Enghusene,"Tyborøn Allé 55, 2720 Vanløse",Nhà máy chế biến,
"Plejecentret Hørgården, Produktionskøkken","Brydes Allé 28, st, 2300 København S",Nhà máy chế biến,
"Centralkøkken Helsingegården, PlejeGribskov","Parkvænget 20A, 3200 Helsinge",Nhà máy chế biến,
"Rehabiliteringscentret Hegnsgården, Centralkøkken","Alleen 7, 2850 Nærum",Nhà máy chế biến,
"Plejehjemmet Grønnehaven, Café","Sundtoldvej 2, 3000 Helsingør",Nhà máy chế biến,
"Teknologisk Institut, Bioressourcer","Gregersensvej 3 3J, 2630 Taastrup",Nhà máy chế biến,
"Plejehjemmet Falkenberg, Centralkøkken","Falkenbergvej 30A, 3140 Ålsgårde",Nhà máy chế biến,
"Klarahus, Centralkøkken","Edith Rodes Vej 14, 2200 København N",Nhà máy chế biến,
Bo & Dagtilbud Musvågevej,"Musvågevej 24, 2400 København NV",Nhà máy chế biến,
Agerbækhuse,"Gymnasievej 30, 4600 Køge",Nhà máy chế biến,
Plejehjemmet Strandhøj,"Gylfesvej 17C, 3060 Espergærde",Nhà máy chế biến,
"Plejehjemmet Verdishave, Produktionskøkken","Tartinisvej 31, 2450 København SV",Nhà máy chế biến,
"Plejehjemmet Peder Lykke Centret, Centralkøkkenet","Peder Lykkes Vej 65, 2300 København S",Nhà máy chế biến,
"Bispebjerghjemmet, Centralkøkken","Tagensvej 186, 2400 København NV",Nhà máy chế biến,
"Omsorgscenter Enggården, Centralkøkken","Engvej 20A, 2791 Dragør",Nhà máy chế biến,
"Møllegården Omsorgscenter, Køkken/Børnekøkken","Bagsværd Møllevej 9, 2800 Kongens Lyngby",Nhà máy chế biến,
Centralkøkkenet Boserupvej 7,"Boserupvej 7, 4000 Roskilde",Nhà máy chế biến,
"Håndværkerforeningens Plejehjem, Centralkøkken","Håndværkerhaven 49, 2400 København NV",Nhà máy chế biến,
"Plejecentret Sjælsø, Centralkøkkenet","Soldraget 37, 3460 Birkerød",Nhà máy chế biến,
"Lions Neurocenter, Hovedkøkken","Tuborgvej 181, 2400 København NV",Nhà máy chế biến,
"Grøndalsvænge, Centralkøkken","Rabarbervej 6, 2400 København NV",Nhà máy chế biến,
Breelteparken,"Breeltevej 1, 2970 Hørsholm",Nhà máy chế biến,
"Rundskuedagens Plejehjem, Centralkøkken","Dannebrogsgade 44, 1660 København V",Nhà máy chế biến,
"Bakkegården Demensboliger, Centralkøkken","Taxvej 18, 2880 Bagsværd",Nhà máy chế biến,
"Energi Center Voldparken, Produktionskøkken","Kobbelvænget 65, EnergiCenter Voldparken, 2700 Brønshøj",Nhà máy chế biến,
Plejecenter Birkerødpark,"Bregnerødvej 83, 3460 Birkerød",Nhà máy chế biến,
Madservice Lystoftebakken,"Caroline Amalie Vej 130, 2800 Kongens Lyngby",Nhà máy chế biến,
"Områdecenter Bredebo, Hovedkøkken","Mølleåparken 2, 2800 Kongens Lyngby",Nhà máy chế biến,
"Områdecenter Solgården, Den Kommunale Madservice","Virumvej 125, 2830 Virum",Nhà máy chế biến,
"Baunehøj, Den Kommunale Madservice","Carlshøjvej 66, 2800 Kongens Lyngby",Nhà máy chế biến,
"Institution Møllebo, Institutionskøkken","Lyngby Hovedgade 1A, 2800 Kongens Lyngby",Nhà máy chế biến,
Mona's,"Edwin Rahrs Vej 46, 8220 Brabrand",Nhà máy chế biến,
"Plejecenter Virumgård, Den Kommunale Madservice","Sennepsmarken 1, 2830 Virum",Nhà máy chế biến,
Madkonceptet ApS,"Stensmosevej 22E, 2620 Albertslund",Nhà máy chế biến,
Det Velkendte,"Jernholmen 49, 2650 Hvidovre",Nhà máy chế biến,
Kildespring A/S,"Jerupvej 726, 9870 Sindal",Nhà máy chế biến,
"Langgadehus, Produktionskøkken","Valby Langgade 97, 2500 Valby",Nhà máy chế biến,
"Ældrecenter Dalvangen, Centralkøkken","Digevangsvej 1, 2600 Glostrup",Nhà máy chế biến,
Dansk Stålkonstruktioner V/ Cheval Blanc,"Samsøvej 2, 9500 Hobro",Nhà máy chế biến,
"Dronning Ingrids Hjem, Centralkøkken","Carl Jacobsens Vej 6- 10, 2500 Valby",Nhà máy chế biến,
"Kildegården, Centralkøkken og Café","Kildebakkegårds Alle 165, 2860 Søborg",Nhà máy chế biến,
"Skjulhøjgård, Centralkøkkenet","Ålekistevej 226, 2720 Vanløse",Nhà máy chế biến,
"Børnehusene Humlebæk, Frugthaven Børnehave / Frugthaven Vuggestue","Baunebjergvej 550, 3050 Humlebæk",Nhà máy chế biến,
Simply Cooking I Kantine,"Litauen Alle 6, 2630 Taastrup",Nhà máy chế biến,
Storstrøms Fængsel Produktionskøkken,"Blichersvej 1, 4840 Nørre Alslev",Nhà máy chế biến,
"Pilehuset, Køkken ved festsalen","Bystævneparken 24, 2700 Brønshøj",Nhà máy chế biến,
KOKKEKOMPAGNIET ApS,"Hesselly 9, 6000 Kolding",Nhà máy chế biến,
"Ingeborggården , Centralkøkken","Troels-Lunds Vej 27A, 2000 Frederiksberg",Nhà máy chế biến,
CaterCorp ApS,"Porsborgparken 7, 9530 Støvring",Nhà máy chế biến,
Centralkøkkenet Klostergårdens Plejehjem,"Strandvejen 91C, 2100 København Ø",Nhà máy chế biến,
"Esbjerg Kommune, Afd. Ny Bøndergårdsvej","Ved Skoven 41, 6700 Esbjerg",Nhà máy chế biến,
Meyers Køkken Hovedkøkken,"Hedegaardsvej 88, 2300 København S",Nhà máy chế biến,
Jespers Torvekøkken ApS,"Vandtårnsvej 75, 2860 Søborg",Nhà máy chế biến,
"Omsorgscentret Egegården, Centralkøkken","Klausdalsbrovej 213, Egegård Distrikt, 2860 Søborg",Nhà máy chế biến,
MIB Vejle ApS,"Lysholt Allé 3, 7100 Vejle",Nhà máy chế biến,
Lunch Club ApS,"Avedøreholmen 96, 2650 Hvidovre",Nhà máy chế biến,
VM Konference,"Harald Jensens Vej 9, 9000 Aalborg",Nhà máy chế biến,
Jespers Torvekøkken Nordjylland ApS,"Kystvejen 50, 9400 Nørresundby",Nhà máy chế biến,
Meyers Køkken Aarhus,"Sletvej 34, 8310 Tranbjerg J",Nhà máy chế biến,
"Regionshospitalet Gødstrup, Produktionskøkken","Kapelvej 5, 7400 Herning",Nhà máy chế biến,
Spis godt ApS,"Oceanvej 13, st, 8000 Aarhus C",Nhà máy chế biến,
"Simon Køkken ApS, Engros","Thomas Olesen Løkkens Vej 2, 9200 Aalborg SV",Nhà máy chế biến,
Solsikken,"Fortevej 16, 8700 Horsens",Nhà máy chế biến,
Gourmiddag,"Sønderskovvej 15, 8362 Hørning",Nhà máy chế biến,
"Plejecentret Baldersbo, Køkken","Charlotteager 7, 2640 Hedehusene",Nhà máy chế biến,
"Sengeløse Plejecenter, Centralkøkken","Landsbygaden 4, 2630 Taastrup",Nhà máy chế biến,
MADHYTTEN ApS,"Gummersmarkvej 7A, 4632 Bjæverskov",Nhà máy chế biến,
"Ørestad Plejecenter, Centralkøkken","Asger Jorns Allé 5, 2300 København S",Nhà máy chế biến,
Søften v/ Jespers Torvekøkken ApS,"Rho 16, 8382 Hinnerup",Nhà máy chế biến,
Nordic Catering ApS,"Kirsten Walthers Vej 5, 2500 Valby",Nhà máy chế biến,
Corporate Cooking ApS,"Grønnedalsvej 14, 8660 Skanderborg",Nhà máy chế biến,
"Madværftet, Engros","Kirkebakken 4, 8330 Beder",Nhà máy chế biến,
Madservice Hyrdehøj,"Hyrdehøj Stræde 2, 4000 Roskilde",Nhà máy chế biến,
Aamanns Køkken,"Refshalevej 163A, 1432 København K",Nhà máy chế biến,
Lalala,"Strandgade 71, 1401 København K",Nhà máy chế biến,
Yazzys Administration,"Blækhatten 3b, 5220 Odense SØ",Nhà máy chế biến,
Teglporten - centralkøkken,"Teglporten 11, 3460 Birkerød",Nhà máy chế biến,
"Holmegårdsparken, Centralkøkkenet","Ordrupvej 32, 2920 Charlottenlund",Nhà máy chế biến,
KRAGERUP & KO ApS,"Ejby Industrivej 91, 2600 Glostrup",Nhà máy chế biến,
SPISERIET8000 ApS,"Stationsvangen 5, 8541 Skødstrup",Nhà máy chế biến,
Kejserindens gryder & kokkeri A/S,"Herstedøstervej 27, 2620 Albertslund",Nhà máy chế biến,
Madxpressen ApS,"Alsvej 21, 8940 Randers SV",Nhà máy chế biến,
Fonden JunkFood,"Betty Nansens Alle 57- 61, 2000 Frederiksberg",Nhà máy chế biến,
Functional Future ApS,"Ellekær 14, 2730 Herlev",Nhà máy chế biến,
Compass Group DK LEGO Kløverblomsten,"Kløvermarken 14, 7190 Billund",Nhà máy chế biến,
LYNDRUPS RENGØRING ApS,"Smedebjergvej 25, 7980 Vils",Nhà máy chế biến,
DSB Depotvej v/ISS Facility Services A/S,"Depotvej 12, 2630 Taastrup",Nhà máy chế biến,
Den Røde Okse Catering,"Stenhuggervej 5, 6710 Esbjerg V",Nhà máy chế biến,
Madklubben Catering ApS,"Smedeholm 15, 2730 Herlev",Nhà máy chế biến,
City Catering ApS,"Buddingevej 201B, 2860 Søborg",Nhà máy chế biến,
Dabba Aps,"Stadion Allé 70, 8000 Aarhus C",Nhà máy chế biến,
Roskilde Tekniske Skole,"Ledreborg Alle 50, 4000 Roskilde",Nhà máy chế biến,
Pico Pizza Production ApS,"Struenseegade 9, 2200 København N",Nhà máy chế biến,
"Copenhagen Company, Centralkøkkenet","Kirkegårdsvej 25 B, 2300 København S",Nhà máy chế biến,
SKAT_Kratbjerg 236,"Kratbjerg 236, 3480 Fredensborg",Nhà máy chế biến,
Rosenborgcentret,"Rosengade 1, 1309 København K",Nhà máy chế biến,
MONDRUPS KØKKEN ApS,"Strandvejen 34, st tv, 2900 Hellerup",Nhà máy chế biến,
Frokostplus,"Lilleringvej 14 A, 8462 Harlev J",Nhà máy chế biến,
Panenka,"Frederiksgade 35, st, 8000 Aarhus C",Nhà máy chế biến,
"Per Aarsleff, Autoriseret","Hasselager Allé 5, 8260 Viby J",Nhà máy chế biến,
Reduced ApS,"Kattegatvej 45, 2150 Nordhavn",Nhà máy chế biến,
Lille Dyrgaard Madhus & Gårdbutik,"Ogstrupgårdsvej 13B, 8530 Hjortshøj",Nhà máy chế biến,
Det Gode Køkken,"Vesterbo 2, 7500 Holstebro",Nhà máy chế biến,
Smagssans A/S,"Vibeholms Allé 20, 2605 Brøndby",Nhà máy chế biến,
"Hedensted Kommune, Kantinen","Niels Espes Vej 8, 8722 Hedensted",Nhà máy chế biến,
B. Lunch ApS Køkken,"Betonvej 10, 4000 Roskilde",Nhà máy chế biến,
Saxenhøj Cafeteria,"Nørrevang 24, 4990 Sakskøbing",Nhà máy chế biến,
The Cantina Skødstrup,"Skovlundvej 12, 8541 Skødstrup",Nhà máy chế biến,
DII Bakketoppen,"Bjørnshøjvej 1C, 8380 Trige",Nhà máy chế biến,
"Ældrecenter, Sydvestvej, modtagerkøkken","Sydvestvej 10, 2600 Glostrup",Nhà máy chế biến,
"Fribo Holte, Centralkøkken - Cafe","Borgm.Schneiders Vej 38, 2840 Holte",Nhà máy chế biến,
"OK-Centret Dronning Anne Marie, Køkken","Solbjerg Have 7, 2000 Frederiksberg",Nhà máy chế biến,
"Polaris Center Herning, Café Bøg","Skovvænget 2 A, 7400 Herning",Nhà máy chế biến,
Gastronomiet ApS,"Smedeland 30, 2600 Glostrup",Nhà máy chế biến,
BF Engros ApS,"Roskildevej 25 B, st, 2620 Albertslund",Nhà máy chế biến,
Maria´s Deli,"Thrigesvej 27, 7430 Ikast",Nhà máy chế biến,
Hos Truberg,"Solstien 1, 3760 Gudhjem",Nhà máy chế biến,
"Daginstitution Torsted, Eventyrbakken","Østerhåbsalle 2, 8700 Horsens",Nhà máy chế biến,
Persano Group A/S,"Skaaremosevej 11-14, 3230 Græsted",Nhà máy chế biến; Cơ sở bọc màng và tái đóng gói,
Møllehusets produktionskøkken,"Edith Rodes Vej 11, 2200 København N",Nhà máy chế biến,
The Catering Kitchen,"Klampenborgvej 52, Klampenborg galopbane, 2930 Klampenborg",Nhà máy chế biến,
Familiekøkkenet,"Oust Møllevej 5, 8920 Randers NV",Nhà máy chế biến,
DDL's kantine hos AU Herning,"Birk Centerpark 15, Birk, 7400 Herning",Nhà máy chế biến,
Måltidsboxen 2022 A/S,"Asgårdsvej 5, 7200 Grindsted",Nhà máy chế biến,
Gate Gourmet,"Kystvejen 42, 2770 Kastrup",Nhà máy chế biến,
"FREDERIKSBJERG & LANGENÆS Sundheds- og Kulturcenter, Café Frederik","Ankersgade 21, 8000 Aarhus C",Nhà máy chế biến,
Den Selvejende Institution Hareskovbo,"Skovalleen 8, 2880 Bagsværd",Nhà máy chế biến,
Durlevs GourMæt,"Stensmosevej 15, 2620 Albertslund",Nhà máy chế biến,
"LÆSSØESGADES SKOLE, Centralkøkkenet Langenæsstien","Langenæsstien 8B, 8000 Aarhus C",Nhà máy chế biến,
Food Story ApS,"Norgesvej 49 B, 6100 Haderslev",Nhà máy chế biến,
Biomega Denmark A/S,"Willemoesvej 26, 9850 Hirtshals",Nhà máy chế biến,
Jægersprislejren,"Hovedgaden 71, 3630 Jægerspris",Nhà máy chế biến,
Madkastellet Kantiner ApS,"Kay Fiskers Plads 22, 2300 København S",Nhà máy chế biến,
Køkkenproduktion NOUH,"Servicebyen 95 13, 5260 Odense S",Nhà máy chế biến,
FORSORGSHJEMMET DALHOFFSMINDE,"Dalhoffsmindevej 3, 6100 Haderslev",Nhà máy chế biến,
CPH frokost,"Amager Landevej 119, 2770 Kastrup",Nhà máy chế biến,
FE Catering / Claudias,"Blegdamsvej 23, 2100 København Ø",Nhà máy chế biến,
CABAS Køkken Højvangen,"Højvangen 11, 3060 Espergærde",Nhà máy chế biến,
Markersen ApS,"Falkevej 3, 3400 Hillerød",Nhà máy chế biến,
MOS Madhus,"Grynderupvejen 2, 9610 Nørager",Nhà máy chế biến,
Hija de Sanchez Production Kitchen,"Hamborg Plads 7, Stuen, 2150 Nordhavn",Nhà máy chế biến,
Nordic Food Service,"Andkærvej 19, A, 7100 Vejle",Nhà máy chế biến,
"Dagtilbud, Børnebåndet, Dr. Alexandrines børnehave","Fuglesangs Alle 16, 8210 Aarhus V",Nhà máy chế biến,
"Hallernes Smørrebrød, Hovedkontor","Staldgade 34, 1699 København V",Nhà máy chế biến,
NEWREST DENMARK A/S,"A.P. Møllers Allé 65, 2791 Dragør",Nhà máy chế biến,
Dabba Kanteen,"Filmbyen 11A, st, 8000 Aarhus C",Nhà máy chế biến,
Sønderborg Catering,"Coriolisvej 1, 6400 Sønderborg",Nhà máy chế biến,
Børnehuset Børneliv,"Klokkervej 53, 8210 Aarhus V",Nhà máy chế biến,
Produktionskøkken Nakskov,"Helgenæsvej 10, 4900 Nakskov",Nhà máy chế biến,
Kantinen 3.sal,"Stamholmen 110, 3, 2650 Hvidovre",Nhà máy chế biến,
"TECHCOLLEGE, Kantinen Rørdalsvej (Skolehjemskantine)","Rørdalsvej 10, 9000 Aalborg",Nhà máy chế biến,
Børnehaven Tumlehøj,"Ågade 14, 7330 Brande",Nhà máy chế biến,
"Sundhedshuset Rehabilitering, Centralkøkken","Birkedalsvej 35A, 3000 Helsingør",Nhà máy chế biến,
Mad Glad ApS / Ricewood Kantine,"Skanderborgvej 277, 8260 Viby J",Nhà máy chế biến,
Madservice Stevns,"Præstemarken 76, 4652 Hårlev",Nhà máy chế biến,
"Montebello Plejehjem, Cafeteria","Gurrevej 92B, 3000 Helsingør",Nhà máy chế biến,
"Bornholms Hospital, Køkkenet","Ullasvej 25, 3700 Rønne",Nhà máy chế biến,
JN Catering ApS,"Logistikvej 25B, 5250 Odense SV",Nhà máy chế biến,
Frk-Laura - Foodproduction & Delikatesse,"Søndergade 19G, 8464 Galten",Nhà máy chế biến,
Skovstjernen Centralkøkken,"Tove Ditlevsens Vej 4, 8500 Grenaa",Nhà máy chế biến,
"Posthaven, Trænings center Posthavens Café","Posthaven 48, 8500 Grenaa",Nhà máy chế biến,
N C NIELSEN BALLING A/S,"Nørregade 66, 7860 Spøttrup",Nhà máy chế biến,
Specialenheden,"Sverigesvej 3, 9560 Hadsund",Nhà máy chế biến,
Bøgeskovhus,"Skovlundgårdsvej 51, 8260 Viby J",Nhà máy chế biến,
Madhosmads Produktion,"Helge Nielsens Alle 2, 8723 Løsning",Nhà máy chế biến,
Daginstitution Lund,"Silkeborgvej 145, 8700 Horsens",Nhà máy chế biến,
Lisbjergskolen - Kantine,"Jørgen Clevins Gade 31, 8200 Aarhus N",Nhà máy chế biến,
Sands Mad ApS,"Telefonvej 6, 2860 Søborg",Nhà máy chế biến,
EK CAFéEN ApS,"Hadsundvej 180 A, 9000 Aalborg",Nhà máy chế biến,
Trines-Kitchen,"Gl. Byvej 12, 5540 Ullerslev",Nhà máy chế biến,
Frokost Kompagniet ApS,"Værkstedsgården 13, st, 2620 Albertslund",Nhà máy chế biến,
Dagtilbud Bankager,"Østerhåbsalle 1, 8700 Horsens",Nhà máy chế biến,
Center for Rehabilitering og Akutpleje - Kirsebær,"Kirsebærhaven 20, 2500 Valby",Nhà máy chế biến,
La Brava Gastronomi ApS,"Sønderskovvej 14, 8362 Hørning",Nhà máy chế biến,
Molens Måltider,"Nordre Havnevej 4, 5700 Svendborg",Nhà máy chế biến,
DDL´s kantine hos Telehøjen,"Telehøjen 1, 5220 Odense SØ",Nhà máy chế biến,
Violskrænten Produktionskøkken,"Violskrænten 13, 8500 Grenaa",Nhà máy chế biến,
Essens&Co by Evenues,"Bernstorffsvej 20A, 2900 Hellerup",Nhà máy chế biến,
"Plejecenter Digterparken , Produktionskøkken","Tove Ditlevsen Vej 2, 8500 Grenaa",Nhà máy chế biến,
DELICATE A/S,"Greve Main 12, 2670 Greve",Nhà máy chế biến,
Samsø Køkken,"Sygehusvej 26, 8305 Samsø",Nhà máy chế biến,
Tranbjergskolen afdeling Grønløkke Alle,"Grønløkke Allé 9, 8310 Tranbjerg J",Nhà máy chế biến,
VD_Teglgårdsparken 102 v/ISS FACILITY SERVICES A/S,"Teglgårdsparken 102, 5500 Middelfart",Nhà máy chế biến,
Dabba Kanteen Skøjtehallen,"Gøteborg Allé, Christiansbjerg 9, 1, 8200 Aarhus N",Nhà máy chế biến,
Teddys kantine aps,"Ørnegårdsvej 16, 2820 Gentofte",Nhà máy chế biến,
Forsyningskøkkenet Skovvang,"Abildgade 9, 8200 Aarhus N",Nhà máy chế biến,
DD CPH ApS,"Københavns Lufthavn Syd, Kompasrosevej 6, 2791 Dragør",Nhà máy chế biến,
Mad-Symfonien ApS,"Viborgvej 13, 7500 Holstebro",Nhà máy chế biến,
Fællesskaberne Skb Pensionatet Skanderborg Øst,"Kildevej 14 K, 8660 Skanderborg",Nhà máy chế biến,
RønhaveSlagteren v/ Sune Hansen,"Hestehave 24, 6400 Sønderborg",Nhà máy chế biến,
1080 Frokost Kolding v. Jespers Torvekøkken,"Venusvej 42, 6000 Kolding",Nhà máy chế biến,
"Middelfart Nærhospital, Køkkenet","Østre Hougvej 55, 5500 Middelfart",Nhà máy chế biến,
"BistroNord A/S, Kantinen Port of Aalborg","Langerak 19, 9220 Aalborg Øst",Nhà máy chế biến,
Dabba KBH A/S,"Emdrupvej 26, 2100 København Ø",Nhà máy chế biến,
Stenbideren APS / Hjulspinderen,"Flyvepladsen 10, 6330 Padborg",Nhà máy chế biến,
Nicolas Cuisine,"Kongelundsvej 36, st, 2300 København S",Nhà máy chế biến,
Gastronomi Expressen,"Toftebakken 9B, 3460 Birkerød",Nhà máy chế biến,
SKAT_Parallelvej 11 v/ISS FACILITY SERVICES A/S,"Parallelvej 11, 9800 Hjørring",Nhà máy chế biến,
BO-INSTITUTIONEN BIRKEBAKKEN,"Hejredalsvej 144, 8220 Brabrand",Nhà máy chế biến,
BDK_Godsbanevej 2 v/ISS FACILITY SERVICES A/S,"Godsbanevej 2, 4100 Ringsted",Nhà máy chế biến,
Brøndby Stadion v/Jespers Torvekøkken ApS,"Brøndby Stadion 28, 2605 Brøndby",Nhà máy chế biến,
"SKAT_Sorsigvej 35, v/ISS FACILITY SERVICES A/S","Sorsigvej 35, 6760 Ribe",Nhà máy chế biến,
Centralkøkkenet Elme Allé,"Elme Alle 6, 8963 Auning",Nhà máy chế biến,
Farsøhthus Ældrecenter,"I P Farsøhts Alle 4, 8961 Allingåbro",Nhà máy chế biến,
"Strandcentret, Centralkøkkenet","Frydenhøj Alle 100, 2670 Greve",Nhà máy chế biến,
Plejecenter Solgården,"Aggersundvej 31, 9690 Fjerritslev",Nhà máy chế biến,
Kostområde Struer Kommune,"Anlægsvej 8, 7600 Struer",Nhà máy chế biến; Nhà máy chế biến sản phẩm thủy sản tươi sống,
Møllens Køkken Væddeløbsbanen,"Observatorievejen 2, 8000 Aarhus C",Nhà máy chế biến,
DDL produktionskøkken Hammel,"Industrivej 6A, 8450 Hammel",Nhà máy chế biến,
KJØ ApS,"Vestergade 3, 6430 Nordborg",Nhà máy chế biến,
Madværk ApS,"Erhvervsvej 17, 2, 2600 Glostrup",Nhà máy chế biến,
"Center for Rehabilitering og Forebyggelse, Hovedkøkken","Schioldannsvej 31, 2920 Charlottenlund",Nhà máy chế biến,
noon,"Sundkaj 125, 2150 Nordhavn",Nhà máy chế biến,
"Sundbusserne af 2010 A/S, Sundbussernes Køkken","Statshavnen Færgevej 24, 3000 Helsingør",Nhà máy chế biến,
Dagtilbud 5131 - Åbyhøj afd. Børnehuset Klokkervej,"Klokkervej 38, 8210 Aarhus V",Nhà máy chế biến,
Mums!,"Alstrup Alle 4, 8361 Hasselager",Nhà máy chế biến,
Flex Kitchen ApS,"Topstykket 25, 3460 Birkerød",Nhà máy chế biến,
Madplan Aps,"Skejby Nordlandsvej 311, 8200 Aarhus N",Nhà máy chế biến,
Center for Døve,"Egebækvej 159, 2850 Nærum",Nhà máy chế biến,
Gastromani 2 ApS,"Ørestads Boulevard 73, 2300 København S",Nhà máy chế biến,
Fourfeldt Børnehus,"Norddalsparken 34, 6710 Esbjerg V",Nhà máy chế biến,
By Kavsman Group,"Stamholmen 140A, 2650 Hvidovre",Nhà máy chế biến; Kho lạnh bảo quản,
Sæsonens Madleverandør ApS,"Gummersmarkvej 7, 4632 Bjæverskov",Nhà máy chế biến,
Lemvig Centralkøkken,"Nygade 14, 7620 Lemvig",Nhà máy chế biến,
Dagtilbud Jerne-Spangsbjerg - Afd. Bydelens Børnehus,"Stengårdsvej 313, 6705 Esbjerg Ø",Nhà máy chế biến,
"Aars Rådhus, Vesthimmerlands kommune","Vestre Boulevard 7, 9600 Aars",Nhà máy chế biến,
AAU Niels Bohrs Vej Esbjerg /Jespers torvekøkken,"Niels Bohrs Vej 8, 6700 Esbjerg",Nhà máy chế biến,
Præstø Multicenter,"Rosagervej 37, 4720 Præstø",Nhà máy chế biến,
"Compass Group DK A/S 669410, Produktionskøkken","Avedøreholmen 96, 2650 Hvidovre",Nhà máy chế biến,
"Compass Group DK A/S 669411 , FOOD & CO - Frokost køkken","Avedøreholmen 96, 2650 Hvidovre",Nhà máy chế biến,
Banh Mi Bandits Køkken Sintrupvej,"Sintrupvej 71D, 8220 Brabrand",Nhà máy chế biến,
Carbis Convenience World ApS,"Kløvervej 71, 6100 Haderslev",Nhà máy chế biến,
"Messecenter Herning, Hovedkøkkenet","Vardevej 1, 1, 7400 Herning",Nhà máy chế biến,
Jyske Bank Boxen,"Kaj Zartows Vej 7, 7400 Herning",Nhà máy chế biến,
Loop kantiner,"Bregnerødvej 124, 3460 Birkerød",Nhà máy chế biến,
"Johannesgården, Centralkøkken","Fuglsang Allé 103, 2700 Brønshøj",Nhà máy chế biến,
"Hospitalsbyen, servicehuset, Produktionskøkken","Hospitalsbyen 22, 9260 Gistrup",Nhà máy chế biến,
DSV Horsens v/ISS FACILITY SERVICES A/S,"Mossvej 29, 8700 Horsens",Nhà máy chế biến,
Simply Pure,"Bådehavnsgade 48, 2450 København SV",Nhà máy chế biến; Cơ sở bọc màng và tái đóng gói,
"Jobigen Viborg, Kantine","Nørremarksvej 17, 8800 Viborg",Nhà máy chế biến,
Børnehuset Molevitten,"Mallinggårdsvej 4, 8340 Malling",Nhà máy chế biến,
Deli Deluxe v/Poul Bilde Nielsen,"Eskebæk Plads 6, 8660 Skanderborg",Nhà máy chế biến,
Bofællesskabet Inge Marie,"Skansen 1, 4100 Ringsted",Nhà máy chế biến,
Fuli ApS,"Gummersmarkvej 7A, 4632 Bjæverskov",Nhà máy chế biến,
Aabenraa Slagteren ApS,"Søndergade 9B, 6200 Aabenraa",Nhà máy chế biến,
Frederiks Frokost,"Islevbrovej 54D, 2610 Rødovre",Nhà máy chế biến,
Gastro 13 ApS,"Ågade 32, 7442 Engesvang",Nhà máy chế biến,
"Forenede Care A/S, Langagergård Plejecenter, Køkken","Karlslunde Parkvej 33, st., 2690 Karlslunde",Nhà máy chế biến,
CHEF - MAD TIL DØREN ApS,"Krakasvej 17, 3400 Hillerød",Nhà máy chế biến,
"FGU Østjylland, Ryomgård","Vestergade 67, 8550 Ryomgård",Nhà máy chế biến,
Hoppes Cafe & Bar,"Læderstræde 11A, 1201 København K",Nhà máy chế biến,
Samosa Factory ApS,"Farverland 4D, 2600 Glostrup",Nhà máy chế biến,
"Produktionskøkken, Pendanten","Strandgade 25B, 1401 København K",Nhà máy chế biến,
FoodByRD,"Danmarksvej 11, 9670 Løgstør",Nhà máy chế biến,
Euro Kitch,"Frydenborgvej 27D, 1 1, 3400 Hillerød",Nhà máy chế biến,
Vejle Kommune's Kantine,"Skolegade 1, 7100 Vejle",Nhà máy chế biến,
Kaffe Fair,"Fyrkildevej 7, 9220 Aalborg Øst",Nhà máy chế biến,
Erlund & Andersen ApS,"Kongelundsvej 36, st, 2300 København S",Nhà máy chế biến,
Samosa ApS,"H.J. Holst Vej 6, 2610 Rødovre",Nhà máy chế biến,
Pops Pizza 2 ApS,"Rosenkæret 15B, 2860 Søborg",Nhà máy chế biến,
"Møllevangsskolen, kantine","Møllevangs Alle 20, 8210 Aarhus V",Nhà máy chế biến,
Borbjerg-Hvam Kultur & Fritidscenter,"Hvamvej 84, Borbjerg, 7500 Holstebro",Nhà máy chế biến,
Wedo Centralkøkken,"Halmtorvet 21, 1700 København V",Nhà máy chế biến,
Plejehjemmet Fasanlunden,"Stæhr Johansens Vej 50, 2000 Frederiksberg",Nhà máy chế biến,
"CFD Døves Vaskeri sociale tilbud, Kantine","Generatorvej 2 S, 2860 Søborg",Nhà máy chế biến,
Frokostordningen i dagtilbud,"Egehegnet 16, 2850 Nærum",Nhà máy chế biến,
SPISPÆNT - FOOD BY BRAAE ApS,"Granhøjvej 8, 8600 Silkeborg",Nhà máy chế biến,
Ambrosa Honest Food ApS,"Boesvej 13, 8660 Skanderborg",Nhà máy chế biến,
Simply Cooking - Kantinen,"Bernstorffsgade 21, kl, 1577 København V",Nhà máy chế biến,
Langagerskolen/køkkenet,"Bøgeskov Høvej 10, 8260 Viby J",Nhà máy chế biến,
Centralkøkken - Thisted,"Nørrealle 53, 7700 Thisted",Nhà máy chế biến,
Caféen Romalt Aktivitetshal,"Romalt Boulevard 28, 8960 Randers SØ",Nhà máy chế biến,
Autismetilbuddet Holding ApS,"Houmannsvej 3, 4690 Haslev",Nhà máy chế biến,
AVK International A/S Kantine,"Smedeskovvej 40, 8464 Galten",Nhà máy chế biến,
Børnehuset Ravnsborg,"Ravnsborgvej 3B, 4600 Køge",Nhà máy chế biến,
CPH Kitchen,"Raffinaderivej 8, 2300 København S",Nhà máy chế biến,
Fra Jorden ApS,"Stationsparken 37, 2600 Glostrup",Nhà máy chế biến,
"Sandholmlejren, Bygning II, Køkken","Sandholmgårdsvej 40, 3450 Allerød",Nhà máy chế biến,
The Food Company ApS,"Ny Banegårdsgade 48, 8000 Aarhus C",Nhà máy chế biến,
"Fujifilm DBD ApS v/Kokkenes Køkken, Ekstern køkken","Vølundsvej 2, 3400 Hillerød",Nhà máy chế biến,
Mums Catering,"Vangedevej 142C, 2870 Dyssegård",Nhà máy chế biến,
DDL Produktionskøkken Kolding,"Gejlhavegård 15, 6000 Kolding",Nhà máy chế biến,
Simply Cooking - Bjerregårdsvej,"Bjerregårdsvej 16, 2500 Valby",Nhà máy chế biến,
Børnehuset Buldervang,"Klostervænget 1, 4400 Kalundborg",Nhà máy chế biến,
Tjørneparkens Køkken,"Tjørneparken 1, 4572 Nørre Asmindrup",Nhà máy chế biến,
EgeBech ApS,"Stadion Alle 5, st 9, 8800 Viborg",Nhà máy chế biến,
"Pressalit A/S, kantine","Isagervej 30, 8680 Ry",Nhà máy chế biến,
Comé Central Kitchen,"Refshalevej 163A, st. mf., 1432 København K",Nhà máy chế biến,
Børnehuset Dalby-Vonsild,"Ved Padholm 2, 6000 Kolding",Nhà máy chế biến,
"3103 Holbæk Kommune Hovedkøkken, v/Jespers Torvekøkken","Jernbanevej 6, 4300 Holbæk",Nhà máy chế biến,
Kokkens Madpakke ApS,"Frederikssundsvej 343, 2700 Brønshøj",Nhà máy chế biến,
"LYKKEGARD, Hovedkøkken","Hovedgaden 2, 4420 Regstrup",Nhà máy chế biến,
Fipros A/S,"Rybergsvej 1, 5631 Ebberup",Nhà máy chế biến; Cơ sở bọc màng và tái đóng gói; Kho lạnh bảo quản,
Statsfængslet ved Sønder Omme,"Holdgårdsvej 142, 7260 Sønder Omme",Nhà máy chế biến,
Johs Jensen Fiske- og Muslingeexport A/S,"Havnegade 20, 7790 Thyholm",Trung tâm điều phối / xuất hàng; Trung tâm làm sạch / tinh chế (thường cho nhuyễn thể); Nhà máy chế biến sản phẩm thủy sản tươi sống,
Vilsund Blue A/S,"Øroddevej 100, 7900 Nykøbing M",Trung tâm điều phối / xuất hàng; Nhà máy chế biến,
Glyngøre Shellfish ApS,"Kassehusvej 5, 7870 Roslev",Trung tâm điều phối / xuất hàng; Trung tâm làm sạch / tinh chế (thường cho nhuyễn thể),
Venøsund Fisk og Skaldyr,"Sønderskovvej 20, Venø, 7600 Struer",Trung tâm điều phối / xuất hàng; Trung tâm làm sạch / tinh chế (thường cho nhuyễn thể); Nhà máy chế biến sản phẩm thủy sản tươi sống,
"AKTIESELSKABET POSEIDON MUSLINGER, OG REJER","Havnepladsen 4, 6792 Rømø",Nhà máy chế biến,
NORDIC SEAFOOD A/S,"Søren Nordbysvej 15, 9850 Hirtshals",Nhà máy chế biến sản phẩm thủy sản tươi sống; Cơ sở bọc màng và tái đóng gói,
FISHERMENS FACTORY A/S,"Industrivangen 2 B, 7730 Hanstholm",Nhà máy chế biến sản phẩm thủy sản tươi sống,
Snaptun A/S,"Snaptunvej 59A, 7130 Juelsminde",Nhà máy chế biến sản phẩm thủy sản tươi sống; Nhà máy chế biến; Kho lạnh bảo quản,
"M/TR ""Ocean Tiger"", V/Partsrederiet Ocean Tiger ""R38""","Strandgade 10, 3730 Nexø",Tàu chế biến thủy sản (tàu đánh bắt kiêm nhà máy),
J G Coldstores ApS,"Elmedalsvej 5, 4200 Slagelse",Nhà máy chế biến sản phẩm thủy sản tươi sống; Kho lạnh bảo quản; Cơ sở tách thịt thủy sản bằng cơ học,
AMANDA SEAFOODS A/S,"Constantiavej 29, 9900 Frederikshavn",Nhà máy chế biến; Cơ sở bọc màng và tái đóng gói,
ARNE JØRGENSEN & SØN A/S,"Hyttefadsvej 14, 9970 Strandby",Nhà máy chế biến sản phẩm thủy sản tươi sống; Kho lạnh bảo quản,
TELL FISK APS,"Hyttefadsvej 11, 9970 Strandby",Nhà máy chế biến sản phẩm thủy sản tươi sống; Kho lạnh bảo quản,
Hansa Fisk,"Læssevejen 6, 6700 Esbjerg",Nhà máy chế biến sản phẩm thủy sản tươi sống,
Kaptajn Seafood A/S,"Hyttefadsvej 3, 9970 Strandby",Nhà máy chế biến sản phẩm thủy sản tươi sống; Kho lạnh bảo quản,
Scanfish Danmark A/S,"Industrihøjen 5, 7730 Hanstholm",Nhà máy chế biến sản phẩm thủy sản tươi sống; Nhà máy chế biến; Cơ sở bọc màng và tái đóng gói; Kho lạnh bảo quản,
WORLDWIDE SEAFOOD HANSTHOLM ApS,"Kai Lindbergs Gade 24, 7730 Hanstholm",Nhà máy chế biến sản phẩm thủy sản tươi sống,
FISKEHALLEN TVILLING A/S,"Kattegatvej 63, 2150 Nordhavn",Nhà máy chế biến sản phẩm thủy sản tươi sống; Nhà máy chế biến; Cơ sở bọc màng và tái đóng gói,
KNUD THOMSEN FISKEEKSPORT A/S,"Hyttefadsvej 6, 9970 Strandby",Nhà máy chế biến sản phẩm thủy sản tươi sống; Kho lạnh bảo quản,
Mondo Mar Marine Foods Aps,"Kai Lindbergs Gade 38 , 7730 Hanstholm",Nhà máy chế biến sản phẩm thủy sản tươi sống; Cơ sở tách thịt thủy sản bằng cơ học,
Nordic Fish A/S,"Læssevejen 10, 6700 Esbjerg",Nhà máy chế biến sản phẩm thủy sản tươi sống,
Musholm A/S,"Strandvejen 101, 4281 Gørlev",Nhà máy chế biến sản phẩm thủy sản tươi sống; Nhà máy chế biến,
Insula Fersk Fisk A/S,"Tungevej 2 - 4, 6960 Hvide Sande",Nhà máy chế biến sản phẩm thủy sản tươi sống; Nhà máy chế biến; Cơ sở tách thịt thủy sản bằng cơ học,
REINHOLDT & CO FISKEEKSPORT A/S,"Knudbyvej 16, 8831 Løgstrup",Nhà máy chế biến,
ROYAL FISH DENMARK A/S,"Chr. Schrøders Gade 40 & Kai lindbergs Gade 39 -, 7730 Hanstholm",Nhà máy chế biến sản phẩm thủy sản tươi sống,
ÅRHUS FISKEEKSPORT APS,"Pakkerivej 12, 8000 Aarhus C",Nhà máy chế biến sản phẩm thủy sản tươi sống; Cơ sở bọc màng và tái đóng gói,
Chrisfish Hanstholm Aps,"Auktionsgade 15, 7730 Hanstholm",Nhà máy chế biến sản phẩm thủy sản tươi sống,
KEKA FISK APS,"Søren Nordbysvej 13, 9850 Hirtshals",Nhà máy chế biến sản phẩm thủy sản tươi sống,
"Hundested Fiskeexport A/S, O.V. Jørgensen","Færgevejen 2, 3390 Hundested",Nhà máy chế biến sản phẩm thủy sản tươi sống; Nhà máy chế biến; Kho lạnh bảo quản,
ERLING GRØNKJÆR FISKEEKSPORT A/S,"Fibigers Gade 8, 7730 Hanstholm",Nhà máy chế biến sản phẩm thủy sản tươi sống,
HANSTHOLM SAMLECENTRAL A/S,"Auktionsgade 30, 7730 Hanstholm",Nhà máy chế biến sản phẩm thủy sản tươi sống; Kho lạnh bảo quản,
Fiskernes Samlecentral Strandby ApS,"Auktionskaj 7, 1 tv, 9970 Strandby",Nhà máy chế biến sản phẩm thủy sản tươi sống; Kho lạnh bảo quản,
Fonfisk Hanstholm A/S,"Hamborgvej 16, 7730 Hanstholm",Nhà máy chế biến sản phẩm thủy sản tươi sống,
Edgar Madsen Fiskeeksport & Filetfabrik A/S,"Metheasvej 10, 6960 Hvide Sande",Nhà máy chế biến sản phẩm thủy sản tươi sống,
Vejlgaard,"Rødspættevej 1, 6960 Hvide Sande",Nhà máy chế biến sản phẩm thủy sản tươi sống; Kho lạnh bảo quản,
"DANSKE FISKEAUKTIONER A/S, Hvide Sande","Auktionsgade 2, 6960 Hvide Sande",Nhà máy chế biến sản phẩm thủy sản tươi sống,
Fiskernes Fiskesortering Amba,"Norgeskajen 12, 9850 Hirtshals",Nhà máy chế biến sản phẩm thủy sản tươi sống; Kho lạnh bảo quản,
"Danske Fiskeauktioner A/S, Thorsminde","Vesthavnen 7, Thorsminde, 6990 Ulfborg",Nhà máy chế biến sản phẩm thủy sản tươi sống,
"Danske Fiskeauktioner A/S, Thyborøn","Havnegade 15, 7680 Thyborøn",Nhà máy chế biến sản phẩm thủy sản tươi sống,
Polar Salmon Hjerting Laks A/S,"H E Bluhmes Vej 18, 6700 Esbjerg",Nhà máy chế biến sản phẩm thủy sản tươi sống; Nhà máy chế biến,
Brdr. Dethlefsen,"Søndre Kajgade 29, 8500 Grenaa",Nhà máy chế biến sản phẩm thủy sản tươi sống,
TBA Holding af 1982 ApS,"Snaptunvej 57 B, 7130 Juelsminde",Nhà máy chế biến sản phẩm thủy sản tươi sống,
Fonden Sletten Havn - Kølerum,"Sletten Havn 1, 3050 Humlebæk",Nhà máy chế biến sản phẩm thủy sản tươi sống,
Vedbæk Fiskeriforening,"Vedbæk Strandvej 356B, 2950 Vedbæk",Nhà máy chế biến sản phẩm thủy sản tươi sống,
Fiskernes Fællessalg ApS,"Gennem Landet 92, 8592 Anholt",Nhà máy chế biến sản phẩm thủy sản tươi sống; Kho lạnh bảo quản,
THORUPSTRAND FISKERI- OG OPHALINGSSPIL A.M.B.A.,"Thorup Strandvej 329, 9690 Fjerritslev",Nhà máy chế biến sản phẩm thủy sản tươi sống; Kho lạnh bảo quản,
THORKILD GRØNS SAMLECENTRAL,"Auktionsgade 23, 7730 Hanstholm",Nhà máy chế biến sản phẩm thủy sản tươi sống; Kho lạnh bảo quản,
Lerøy Seafood Copenhagen ApS,"Kattegatvej 57+67, 2150 Nordhavn",Nhà máy chế biến sản phẩm thủy sản tươi sống; Cơ sở bọc màng và tái đóng gói,
Carl Lauridsen ApS,"Gl. Landevej 37, 6893 Hemmet",Nhà máy chế biến sản phẩm thủy sản tươi sống; Kho lạnh bảo quản,
Grenaa Sorteringscentral,"Søndre Kajgade 13, 8500 Grenaa",Nhà máy chế biến sản phẩm thủy sản tươi sống,
LAUNIS A/S,"Niels Bohrs Vej 9, 9990 Skagen",Nhà máy chế biến sản phẩm thủy sản tươi sống; Nhà máy chế biến,
Tenax Sild A/S,"Industrivej Nord 2, 9982 Ålbæk",Nhà máy chế biến,
A/S SÆBY FISKEINDUSTRI,"Gyldendalsvej 4, 9300 Sæby",Nhà máy chế biến; Kho lạnh bảo quản,
Havnens Fiskehus ApS Fisk engros,"Fiskerivej 6, 8000 Aarhus C",Nhà máy chế biến sản phẩm thủy sản tươi sống; Nhà máy chế biến; Kho lạnh bảo quản,
H.P. THERKELSEN A/S,"Eksportvej 1, 6330 Padborg",Nhà máy chế biến sản phẩm thủy sản tươi sống; Kho lạnh bảo quản,
"INCO CC KØBENHAVN A/S fiskeafdeling, Fiskeafdeling","Flæsketorvet 84A, 1711 København V",Nhà máy chế biến sản phẩm thủy sản tươi sống,
Christiansøpigens Sild,"Gruset 7, 3740 Svaneke",Nhà máy chế biến,
Hirtshals Seafood A/S,"Østergade 56, 9850 Hirtshals",Nhà máy chế biến; Kho lạnh bảo quản,
Ruth's Kryddersild,"Christiansø 93, 3760 Gudhjem",Nhà máy chế biến,
Jacob Kongsbak Lassen ApS,"Høgevej 8A, 3400 Hillerød",Nhà máy chế biến sản phẩm thủy sản tươi sống; Kho lạnh bảo quản,
"Nopalax ApS, Engros","Strandvejen 22, 3390 Hundested",Nhà máy chế biến,
Højerdyb ApS,"Nørreager 6, 6280 Højer",Tàu chế biến thủy sản (tàu đánh bắt kiêm nhà máy),
Verner Andersens Farsfabrik A/S,"Kattegatvej 65, 2150 Nordhavn",Nhà máy chế biến sản phẩm thủy sản tươi sống; Nhà máy chế biến,
Pernille,"Pakkerivej 2 A, 8000 Aarhus C",Nhà máy chế biến sản phẩm thủy sản tươi sống; Nhà máy chế biến,
Skibby Røgeri,"Industrivej 6, 4050 Skibby",Nhà máy chế biến sản phẩm thủy sản tươi sống; Nhà máy chế biến,
Nordisk Fiske Kompagni A/S,"Havnen 70, 7620 Lemvig",Nhà máy chế biến,
Thilde Sofie ApS,"Havbakken 108, 6710 Esbjerg V",Tàu chế biến thủy sản (tàu đánh bắt kiêm nhà máy),
Rune Egholm E 426 ApS,"Vesterhavsgade 32, 6700 Esbjerg",Tàu chế biến thủy sản (tàu đánh bắt kiêm nhà máy),
P TAABBEL & CO HANSTHOLM A/S,"Industribuen 3, 7730 Hanstholm",Nhà máy chế biến; Kho lạnh bảo quản; Cơ sở tách thịt thủy sản bằng cơ học,
N O HAUSGAARD A/S,"Sindalvej 20, 9850 Hirtshals",Nhà máy chế biến sản phẩm thủy sản tươi sống,
"HV 42 JANNI, V/CHR BENTIN","Byvej 13, 6261 Bredebro",Tàu chế biến thủy sản (tàu đánh bắt kiêm nhà máy),
Essentia Protein Solutions,"Adelvej 11, 6940 Lem St",Nhà máy chế biến,
Polar Seafood Esbjerg A/S,"H E Bluhmes Vej 30, 6700 Esbjerg",Nhà máy chế biến,
GULDBORG REJEPILLERI ApS,"Guldborgvej 354, 4862 Guldborg",Nhà máy chế biến sản phẩm thủy sản tươi sống; Nhà máy chế biến,
Møllers Fiskerøgeri-Pakhus,"Kulholmsvej 4, 8930 Randers NØ",Nhà máy chế biến sản phẩm thủy sản tươi sống; Nhà máy chế biến,
S 107 Skagerak,"Ferslevsvej 22, 9990 Skagen",Tàu chế biến thủy sản (tàu đánh bắt kiêm nhà máy),
J. Chr. Juhl Røgeri A/S,"Sdr. Havnekaj 16, 5300 Kerteminde",Nhà máy chế biến,
J CHR JUHL A/S,"Dosseringen 35, 5300 Kerteminde",Nhà máy chế biến sản phẩm thủy sản tươi sống; Cơ sở bọc màng và tái đóng gói,
PANDALUS A/S,"Industrivangen 3, 7730 Hanstholm",Nhà máy chế biến sản phẩm thủy sản tươi sống; Cơ sở tách thịt thủy sản bằng cơ học; Kho lạnh bảo quản,
EKKO FISK AF 2002 A/S,"Bådebrogade 2, 6700 Esbjerg",Nhà máy chế biến sản phẩm thủy sản tươi sống; Kho lạnh bảo quản,
Agustson A/S,"Englandsvej 11, 7100 Vejle",Nhà máy chế biến,
"Scandic Pelagic A/S, Fabrik II","Coastervej 1, 9990 Skagen",Nhà máy chế biến,
Engelsviken Canning Denmark A/S,"Søren Humbers Kaj 2, 9990 Skagen",Nhà máy chế biến; Cơ sở bọc màng và tái đóng gói; Kho lạnh bảo quản,
HV 81 IDA EMILIE ApS,"Havnepladsen 1, 1, 6792 Rømø",Tàu chế biến thủy sản (tàu đánh bắt kiêm nhà máy),
Ri 159 Samantha,"Stormgade 8, 1 th, 6960 Hvide Sande",Tàu chế biến thủy sản (tàu đánh bắt kiêm nhà máy),
Harald Iversen & Søn A/S,"Rødspættevej 2, 7680 Thyborøn",Nhà máy chế biến sản phẩm thủy sản tươi sống; Kho lạnh bảo quản,
Danske Fiskeauktioner A/S,"Auktionskajen 1, 3250 Gilleleje",Kho lạnh bảo quản,
Katja E 35,"Toftevænget 4A, 6710 Esbjerg V",Tàu chế biến thủy sản (tàu đánh bắt kiêm nhà máy),
AQUA PRODUCTION ApS,"Aarøsund Havn 10-14, 6100 Haderslev",Nhà máy chế biến sản phẩm thủy sản tươi sống; Nhà máy chế biến,
Albanigades Fisk og Vildt ApS,"Søndre Havnekaj 10, 5300 Kerteminde",Nhà máy chế biến sản phẩm thủy sản tươi sống; Nhà máy chế biến,
Partrederiet HV 8 Gitte- Miranda,"Helgolandsgade 19, 6700 Esbjerg",Tàu chế biến thủy sản (tàu đánh bắt kiêm nhà máy),
"Snogebæk Røgeri, Engros","Hovedgade 6, 3730 Nexø",Nhà máy chế biến,
Prime Ocean A/S,"Østhavnsvej 12, 9850 Hirtshals",Nhà máy chế biến; Nhà máy chế biến sản phẩm thủy sản tươi sống; Kho lạnh bảo quản,
"MUSLINGEFISKER HERLUF BONDE JOHANSEN ESBJERG, HO BUGT E 4","Violvej 2, 7800 Skive",Tàu chế biến thủy sản (tàu đánh bắt kiêm nhà máy),
Skagerak Processing A/S,"Herluf Trollesvej 14, 9850 Hirtshals",Nhà máy chế biến sản phẩm thủy sản tươi sống; Nhà máy chế biến; Cơ sở bọc màng và tái đóng gói; Kho lạnh bảo quản,
"Kutter Sofia Kaul E41, KAUL ApS","Sædding Strandvej 255A, 6715 Esbjerg N",Tàu chế biến thủy sản (tàu đánh bắt kiêm nhà máy),
Jeka Fish A/S,"Havnen 70, 7620 Lemvig",Nhà máy chế biến sản phẩm thủy sản tươi sống; Nhà máy chế biến; Kho lạnh bảo quản; Cơ sở tách thịt thủy sản bằng cơ học,
Thorsminde Fisk,"Vangevej 9, 7620 Lemvig",Nhà máy chế biến sản phẩm thủy sản tươi sống; Nhà máy chế biến,
Skovsted Ålefarm,"Kanstrupvej 5, 7700 Thisted",Nhà máy chế biến sản phẩm thủy sản tươi sống; Nhà máy chế biến,
"Inco CC Aarhus A/S, Fiskeafdeling","Blomstervej 5, 8381 Tilst",Nhà máy chế biến sản phẩm thủy sản tươi sống; Cơ sở bọc màng và tái đóng gói; Kho lạnh bảo quản,
DANFOREL A/S,"Slagterivej 2, 7200 Grindsted",Nhà máy chế biến sản phẩm thủy sản tươi sống; Nhà máy chế biến,
Fanø Laks ApS,"Sønder Nytoft 10, 6720 Esbjerg Ø",Nhà máy chế biến,
Seafood Flavours A/S,"Food Parken 7, 7900 Nykøbing F",Nhà máy chế biến,
Wellfish,"Havnegade 13C, 7680 Thyborøn",Nhà máy chế biến sản phẩm thủy sản tươi sống,
FN 104 Carpe-Diem ApS - Engros,"Ærøvej 10, 9940 Læsø",Kho lạnh bảo quản,
Kt. Inger Kathrine L 610,"Sprogøvej 6 a, 7680 Thyborøn",Tàu chế biến thủy sản (tàu đánh bắt kiêm nhà máy),
S 158 Saron,"Spliidsvej 25A, 9990 Skagen",Tàu chế biến thủy sản (tàu đánh bắt kiêm nhà máy),
"E 248 Ella, KR-Fiskeri ApS","Sædding Strandvej 255A, 6710 Esbjerg V",Tàu chế biến thủy sản (tàu đánh bắt kiêm nhà máy),
Hannah-sela,"Præstegårdsvej 13, 6780 Skærbæk",Tàu chế biến thủy sản (tàu đánh bắt kiêm nhà máy),
"HV 80 Fru Hellesøe, Hjemsted Rejefisker ApS","Jægertoften 5, 6780 Skærbæk",Tàu chế biến thủy sản (tàu đánh bắt kiêm nhà máy),
"HV 24 Chrestine, Schramm Skibe ApS","Vestervej 35, 6792 Rømø",Tàu chế biến thủy sản (tàu đánh bắt kiêm nhà máy),
RI 157 Arkona v/Partrederiet Thomas og Bjarne,"Stormgade 8, 1 th, 6960 Hvide Sande",Tàu chế biến thủy sản (tàu đánh bắt kiêm nhà máy),
RI 426 ApS,"Stormgade 8, 1, 6960 Hvide Sande",Tàu chế biến thủy sản (tàu đánh bắt kiêm nhà máy),
"Haralds Fisk, Engros","Haraldsgade 106, 2100 København Ø",Nhà máy chế biến sản phẩm thủy sản tươi sống; Nhà máy chế biến,
Deba Fisk ApS,"Peder Skramsvej 1, 9850 Hirtshals",Nhà máy chế biến sản phẩm thủy sản tươi sống,
Poseidon Seafood ApS,"Marielundvej 34B, 2730 Herlev",Nhà máy chế biến sản phẩm thủy sản tươi sống; Nhà máy chế biến; Kho lạnh bảo quản,
"Flyvefisken, engros","Stockflethsvej 12, 8400 Ebeltoft",Nhà máy chế biến sản phẩm thủy sản tươi sống; Nhà máy chế biến,
Fiskeriselskabet Ida Sara E 710 ApS,"Uranusvænget 31, 6710 Esbjerg V",Tàu chế biến thủy sản (tàu đánh bắt kiêm nhà máy),
Pelagia Danmark A/S,"Hermetikvej 9, 9990 Skagen",Nhà máy chế biến,
FISKERIKAJEN ENGROS ApS,"H.J. Holst Vej 12, 2610 Rødovre",Nhà máy chế biến sản phẩm thủy sản tươi sống; Nhà máy chế biến,
Ryans Fisk & Vildt,"Gårslev Østergade 13, 7080 Børkop",Nhà máy chế biến sản phẩm thủy sản tươi sống; Nhà máy chế biến; Cơ sở tách thịt thủy sản bằng cơ học,
MARFRESH ApS,"Rødspættevej 9, 9970 Strandby",Nhà máy chế biến sản phẩm thủy sản tươi sống; Nhà máy chế biến; Cơ sở bọc màng và tái đóng gói; Kho lạnh bảo quản,
RI 320 Lasiry Partrederi,"Toldbodgade 4, 1 sal, 6960 Hvide Sande",Tàu chế biến thủy sản (tàu đánh bắt kiêm nhà máy),
Brilliant Caviar A/S,"Dalgasvej 2, Ny Højen, 7100 Vejle",Nhà máy chế biến; Kho lạnh bảo quản,
RI 93 AVANCE,"Kirkevej 4, 6960 Hvide Sande",Tàu chế biến thủy sản (tàu đánh bắt kiêm nhà máy),
Danish Salmon A/S,"Niels Juelsvej 46, 9850 Hirtshals",Nhà máy chế biến sản phẩm thủy sản tươi sống,
DANISH SALMON SLAGTERI,"Søren Nordbysvej 22, 9850 Hirtshals",Nhà máy chế biến sản phẩm thủy sản tươi sống,
Partrederiet Ri 124 Tima,"Stormgade 8, 6960 Hvide Sande",Tàu chế biến thủy sản (tàu đánh bắt kiêm nhà máy),
Nordic Fish Sauce A/S,"Sydhalevej 2, 7680 Thyborøn",Nhà máy chế biến,
Samsø Røgeri,"Østervangen 2 A, 8305 Samsø",Nhà máy chế biến,
Inco CC Glostrup A/S,"Ejby Industrivej 111, 2600 Glostrup",Nhà máy chế biến sản phẩm thủy sản tươi sống,
AquaPri ApS Gamst Aquakultur,"Fiskeparken 4, 6600 Vejen",Nhà máy chế biến,
Rå Engros ApS,"Kattegatvej 55, 2150 Nordhavn",Nhà máy chế biến sản phẩm thủy sản tươi sống; Nhà máy chế biến; Cơ sở bọc màng và tái đóng gói,
BinOcean Pakhus ApS,"Jens Munksvej 4, 9850 Hirtshals",Nhà máy chế biến sản phẩm thủy sản tươi sống,
Dengsö A/S,"Auktionsgade 4, 7730 Hanstholm",Nhà máy chế biến sản phẩm thủy sản tươi sống; Kho lạnh bảo quản,
"PHARMA NORD APS, Kosttilskud","Tinglykke 4, 6500 Vojens",Nhà máy chế biến,
SKAGENFOOD - Engros,"Hyttefadsvej 8, 9970 Strandby",Nhà máy chế biến sản phẩm thủy sản tươi sống,
S 486 Sajoni,"Eratosvej 8, 9990 Skagen",Tàu chế biến thủy sản (tàu đánh bắt kiêm nhà máy),
Hav Line Processing A/S,"Industrikajen 7, 9850 Hirtshals",Nhà máy chế biến sản phẩm thủy sản tươi sống; Kho lạnh bảo quản,
Royal Danish Fish A/S,"Nordre Strandvej 60, 7730 Hanstholm",Nhà máy chế biến sản phẩm thủy sản tươi sống; Nhà máy chế biến,
"A. ESPERSEN A/S, testkøkken","Amager Strandvej 403, 2770 Kastrup",Nhà máy chế biến,
"Undergroundkitchen, engros","Victoriagade 40, 5000 Odense C",Nhà máy chế biến,
"Nordic Kingfish Hanstholm, Sashimi Royal","Nordre Strandvej 62- 66, 7730 Hanstholm",Nhà máy chế biến sản phẩm thủy sản tươi sống,
KYST ApS,"Kai Lindbergs Gade 37, 7730 Hanstholm",Nhà máy chế biến sản phẩm thủy sản tươi sống,
Leon`s Ø Fisk v/Leon Mikkelsen,"Ilkjæret 18, 7950 Erslev",Nhà máy chế biến sản phẩm thủy sản tươi sống,
Lyksvad Caviar ApS,"Ødis Kroge Vej 4, 6580 Vamdrup",Nhà máy chế biến sản phẩm thủy sản tươi sống; Nhà máy chế biến,
United Group Manufacturing A/S,"Ferrarivej 12, 7100 Vejle",Nhà máy chế biến,
Fiskerøgeriet I/S,"Vellingvej 55, 8654 Bryrup",Nhà máy chế biến,
Havfruen Fisk v/Rune Mark Olsen,"Kattegatvej 69, 2150 Nordhavn",Nhà máy chế biến sản phẩm thủy sản tươi sống; Cơ sở bọc màng và tái đóng gói; Kho lạnh bảo quản,
"HV18 Freja, v/PAU SCHRAMM","Vestervej 35, 6792 Rømø",Tàu chế biến thủy sản (tàu đánh bắt kiêm nhà máy),
Royal Nyborg Smokehouse,"Lundsager 10, 5540 Ullerslev",Nhà máy chế biến,
Snap Pack A/S,"Snaptunvej 59A, 7130 Juelsminde",Nhà máy chế biến sản phẩm thủy sản tươi sống,
Just Seafood ApS,"Kai Lindbergs Gade 44, 7730 Hanstholm",Nhà máy chế biến sản phẩm thủy sản tươi sống,
JK SALATER & DRESSINGER APS,"Slagterboderne 25, 1716 København V",Nhà máy chế biến,
RI 344 Christina,"Stormgade 8, 6960 Hvide Sande",Tàu chế biến thủy sản (tàu đánh bắt kiêm nhà máy),
Sørensen Seafood A/S,"Auktionsgade 1, 7730 Hanstholm",Nhà máy chế biến sản phẩm thủy sản tươi sống,
Skagen Salmon Partnerselskab,"Buttervej 49, 9990 Skagen",Nhà máy chế biến sản phẩm thủy sản tươi sống,
Stars DK ApS,"Jens Munksvej 4, 9850 Hirtshals",Nhà máy chế biến sản phẩm thủy sản tươi sống,
All about Fish,"Sirvej 51, 7500 Holstebro",Nhà máy chế biến sản phẩm thủy sản tươi sống,
Filetfabrikken Hanstholm 2 ApS,"Kai Lindbergs Gade 22, 7730 Hanstholm",Nhà máy chế biến sản phẩm thủy sản tươi sống; Kho lạnh bảo quản,
Fishmaster Engros ApS,"Lihmevej 5, 7183 Randbøl",Nhà máy chế biến sản phẩm thủy sản tươi sống,
"Scandic Salmon A/S, Thyborøn","Sydhalevej 2, 7680 Thyborøn",Nhà máy chế biến sản phẩm thủy sản tươi sống; Nhà máy chế biến,
Norlax A/S,"Gartnervænget 31 og 42, 6855 Outrup",Nhà máy chế biến,
HYTTELS RØGERI A/S,"Rømøvej 2, 9800 Hjørring",Nhà máy chế biến,
CENTRALRØGERIET A/S,"Tingbjergvej 5, 4632 Bjæverskov",Nhà máy chế biến sản phẩm thủy sản tươi sống; Nhà máy chế biến; Kho lạnh bảo quản,
Varde Laks A/S,"Snedkervej 2, 6800 Varde",Nhà máy chế biến; Kho lạnh bảo quản,
Einar Christensens Fiskerøgeri,"Pakkerivej 16, 8000 Aarhus C",Nhà máy chế biến,
HG264 Signet,"Park Alle 19, 9850 Hirtshals",Tàu chế biến thủy sản (tàu đánh bắt kiêm nhà máy),
Nexø Fisk,"Kuttervej 2, 3730 Nexø",Nhà máy chế biến sản phẩm thủy sản tươi sống,
DM Seafood ApS,"Kai Lindbergs Gade 41, 7730 Hanstholm",Nhà máy chế biến sản phẩm thủy sản tươi sống,
Emilie Seafood ApS,"Emilievej 13, 9900 Frederikshavn",Nhà máy chế biến sản phẩm thủy sản tươi sống,
PEDERS FISK,"Svenningsvej 3, 4070 Kirke Hyllinge",Nhà máy chế biến,
Hirtshals Røgeri ApS,"Skovvejen 9, 9850 Hirtshals",Nhà máy chế biến,
Tenax Sild A/S Langelandsvej,"Langelandsvej 26, 5800 Nyborg",Nhà máy chế biến,
OceanChips ApS,"Kai Lindbergs Gade 46, 7730 Hanstholm",Nhà máy chế biến,
Pedersen's Laboratorium ApS,"Jens Grøns Vej 17, 7100 Vejle",Nhà máy chế biến; Cơ sở bọc màng và tái đóng gói,
Lerøy Seafood Hirtshals A/S,"Søren Nordbysvej 27, 9850 Hirtshals",Nhà máy chế biến sản phẩm thủy sản tươi sống; Kho lạnh bảo quản,
O.H. FISKEEKSPORT A/S,"Niels Juelsvej 15, 9850 Hirtshals",Nhà máy chế biến sản phẩm thủy sản tươi sống,
Sjógæti ApS,"Vestre Kaj 8, 4700 Næstved",Nhà máy chế biến sản phẩm thủy sản tươi sống; Nhà máy chế biến; Cơ sở bọc màng và tái đóng gói,
"Amager Fiskehus ApS, Engros","Holmbladsgade 3, 2300 København S",Nhà máy chế biến sản phẩm thủy sản tươi sống; Nhà máy chế biến; Cơ sở bọc màng và tái đóng gói,
SEAWELL HIRTSHALS A/S,"Søren Nordbysvej 24- 26, 9850 Hirtshals",Nhà máy chế biến sản phẩm thủy sản tươi sống; Kho lạnh bảo quản,
"Schramm Skibe ApS, Katharine HV16, Schramm Skibe I ApS","Vestervej 35, 6792 Rømø",Tàu chế biến thủy sản (tàu đánh bắt kiêm nhà máy),
RI 78 Kathrine Helt,"Holmsland Klitvej 100, 6950 Ringkøbing",Tàu chế biến thủy sản (tàu đánh bắt kiêm nhà máy),
"Ingstrup Mejeri A/S, Asaa mejeri","Søgade 4, 9340 Asaa",Nhà máy chế biến,
Barrit Mejeri a.m.b.a.,"Brølbæk 5, 7150 Barrit",Nhà máy chế biến,
Bornholms Andelsmejeri a.m.b.a.,"Sct. Klemensgade 17, 3782 Klemensker",Nhà máy chế biến,
Cremo Ingredients A/S,"Toftegårdsvej 3, 5620 Glamsbjerg",Nhà máy chế biến,
"Arla Foods Ingredients Group P/S, Danmark Protein","Sønderupvej 26, Nr Vium, 6920 Videbæk",Nhà máy chế biến,
Thise Mejeri A.m.b.a.,"Sundsørevej 62, Thise, 7870 Roslev",Nhà máy chế biến,
Gedsted Mejeri A/S,"Østergade 23, 9631 Gedsted",Nhà máy chế biến,
DRAGSBÆK A/S,"Simons Bakke 46, 7700 Thisted",Nhà máy chế biến,
Ingstrup Mejeri A/S,"Hovedgaden 48, 9480 Løkken",Nhà máy chế biến,
J. B. Jacobsen Seden A/S,"Havegårdsvej 6-8, 5240 Odense NØ",Nhà máy chế biến,
Jernved Mejeri ApS,"Jernvedvej 242, 6771 Gredstedbro",Nhà máy chế biến,
Arla Foods Amba Arinco,"Mælkevejen 4, 6920 Videbæk",Nhà máy chế biến,
"Arla Foods Amba, Kruså Mejeri","Åbenråvej 2 A, 6340 Kruså",Nhà máy chế biến,
LACTOSAN A/S,"Nordbakken 2, 5750 Ringe",Nhà máy chế biến,
Mammen Mejerierne A/S,"Mammen Byvej 32, 8850 Bjerringbro",Nhà máy chế biến,
Drøsbro Mejeri,"Tingvej 31, 8881 Thorsø",Nhà máy chế biến,
K. Mathiasen Ost En Gros A/S,"Ribe Landevej 483, 7100 Vejle",Nhà máy chế biến,
"Arla Foods Amba, Akafa","Svenstrup Skolevej 25, 9230 Svenstrup J",Nhà máy chế biến; Cơ sở bọc màng và tái đóng gói,
"Arla Foods Amba, Birkum Ost","Ørbækvej 723, 5220 Odense SØ",Nhà máy chế biến,
"Arla Foods Amba, Bislev Mejeri","Hvalpsundvej 3, 9240 Nibe",Nhà máy chế biến,
"Arla Foods Amba, Branderup Mejeri","Engdraget 4, 6535 Branderup J",Nhà máy chế biến,
"Arla Foods Amba, Hobro Mejeri","Skivevej 39, 9500 Hobro",Nhà máy chế biến,
"Arla Foods Amba Holstebro Mejeri , Flødeost","Hjermvej 28, 7500 Holstebro",Nhà máy chế biến,
"Arla Foods Amba Holstebro Mejeri, Smør","Hjermvej 24, 7500 Holstebro",Nhà máy chế biến,
Arla Foods Amba Hoco,"Bülowsvej 9, 7500 Holstebro",Nhà máy chế biến,
"Arla Foods Amba, Høgelund Mejeri","Bregnehøjvej 16, 6500 Vojens",Nhà máy chế biến,
Arla Foods amba Nørre Vium Mejeri,"Sønderupvej 24, Nr Vium, 6920 Videbæk",Nhà máy chế biến,
Arla Foods Amba Rødkærsbro Mejeri,"Århusvej 15, 8840 Rødkærsbro",Nhà máy chế biến,
"Arla Foods Amba, Slagelse Mejericenter","Karolinevej 1, 4200 Slagelse",Nhà máy chế biến,
Arla Foods amba Troldhede Mejeri,"Industrivej 1, Troldhede, 6920 Videbæk",Nhà máy chế biến,
"Arla Foods Amba, Christiansfeld Mejericenter","Arlavej 2, 6070 Christiansfeld",Nhà máy chế biến,
"Arla Foods Amba, Esbjerg Mejeri","Kvaglundvej 84, 6705 Esbjerg Ø",Nhà máy chế biến,
Mejerigården Premier Is A/S,"Sennelsvej 1, 7700 Thisted",Nhà máy chế biến,
NØRAGER MEJERI A/S,"Bredgade 67, 9610 Nørager",Nhà máy chế biến; Kho lạnh bảo quản,
Nørup Mejeri,"Billundvej 33, 7182 Bredsten",Nhà máy chế biến,
JYDERUP OST APS,"Gyvelvænget 2, 4450 Jyderup",Nhà máy chế biến,
Storstrøms Ost A/S,"Nr Tvedevej 27, 4684 Holmegaard",Nhà máy chế biến; Cơ sở bọc màng và tái đóng gói,
"Mammen Mejerierne A/S, afd. Onsild Mejeri","Mejerivej 2, 9500 Hobro",Nhà máy chế biến,
"Them Mejeri A/S, Mejeriet","Rustrupvej 16, 8653 Them",Nhà máy chế biến,
Arla Foods amba Gjesing mejeri,"Gl. Horsensvej 389, 8660 Skanderborg",Nhà máy chế biến,
"Arla Foods amba, Korsvej Mejeri","Højrupvej 116, 7000 Fredericia",Nhà máy chế biến,
Ulvedal Ost ApS,"Tudvadvej 1 A, 6040 Egtved",Nhà máy chế biến,
"Aabybro Mejeri A/S, v/ Niels Henrik Lindhardt","Brogårdsvej 148, 9440 Aabybro",Nhà máy chế biến,
NATURMÆLK A.M.B.A.,"Gerrebækvej 24, 6360 Tinglev",Nhà máy chế biến,
P B FOODS APS,"Kastanievej 4, 5620 Glamsbjerg",Nhà máy chế biến; Kho lạnh bảo quản,
Øllingegaard Mejeri,"Borupvej 69, 3320 Skævinge",Nhà máy chế biến,
Falengreen A/S,"Niels Bohrs Vej 45, 8660 Skanderborg",Nhà máy chế biến,
Skee Ismejeri Aps,"Langebjergvej 101, 4370 Store Merløse",Nhà máy chế biến,
"Arla Foods Amba, Taulov Mejeri","Danbovej 2, 7000 Fredericia",Nhà máy chế biến,
TEBSTRUP,"Vrinners Bygade 45, 8420 Knebel",Nhà máy chế biến,
B T OST,"Agersbølvej 2, 7100 Vejle",Nhà máy chế biến,
Cocio Chokolademælk A/S,"Øresundsvej 15, 6715 Esbjerg N",Nhà máy chế biến,
"Uhrenholt A/S, Grøndal Mejeri","Hornelandevej 43, 5600 Faaborg",Nhà máy chế biến,
Natur-Drogeriet A/S,"Nydamsvej 13, 8362 Hørning",Nhà máy chế biến,
Ullerslev Oste ApS,"Damsgårdvej 2, 5540 Ullerslev",Nhà máy chế biến; Kho lạnh bảo quản,
Fayrefield Foods A/S,"Rostrup Byvej 3, 9510 Arden",Nhà máy chế biến; Cơ sở bọc màng và tái đóng gói,
Arla Foods Ingredients Group P/S R&D,"Sønderupvej 26, 6920 Videbæk",Nhà máy chế biến,
GRAND fromage,"Erhvervsparken Klank 19, st., 8464 Galten",Nhà máy chế biến; Cơ sở bọc màng và tái đóng gói; Kho lạnh bảo quản,
Biosynergy A/S,"Østerhovedvej 4, Skarø, 5700 Svendborg",Nhà máy chế biến,
"Ullerslev Mejeri, pakkeri","Damsgårdvej 2, 5540 Ullerslev",Nhà máy chế biến; Cơ sở bọc màng và tái đóng gói,
"INGSTRUP MEJERI A/S, Sønderhaven Gårdmejeri","Stadevej 314, 9700 Brønderslev",Nhà máy chế biến,
"Thise Mejeri, Bovbjerg Ostelager","Gammel Damsgårdsvej 6 A, Ferring, 7620 Lemvig",Nhà máy chế biến; Kho lạnh bảo quản,
Arla Foods Ingredients P/S - milk,"Sønderhøj 12, 8260 Viby J",Nhà máy chế biến,
"Øer Is og ost, Lille Raneladegård","Øervej 7, 8400 Ebeltoft",Nhà máy chế biến,
Palsgaard Dairy Lab,"Palsgaardvej 10, 7130 Juelsminde",Nhà máy chế biến,
Hårbølle Mejeri ApS,"Borupvej 69, 3320 Skævinge",Nhà máy chế biến,
Biofiber-Damino A/S,"Staushedevejen 10, 6621 Gesten",Nhà máy chế biến,
A/S Einar Willumsen,"Abildager 21-23, 2605 Brøndby",Nhà máy chế biến; Kho lạnh bảo quản,
"Thise Mejeri, Afd. Faster/Skjern Ostelager","Højevej 25, 6900 Skjern",Nhà máy chế biến; Kho lạnh bảo quản,
Hansens Flødeis ApS,"Landerslevvej 5-7, 3630 Jægerspris",Nhà máy chế biến,
"Thise Mejeri, Afd. Hjerm Kalkgruber","Jernbanevej 13, 7560 Hjerm",Nhà máy chế biến,
LA TRECCIA ApS,"Industrigrenen 21, 2635 Ishøj",Nhà máy chế biến,
"Mammen Mejeri A/S, Taul","Storhedevejen 32, 8850 Bjerringbro",Nhà máy chế biến,
OSTEBØRSEN VEMMELEV A/S,"Industrivænget 14, 4241 Vemmelev",Nhà máy chế biến; Cơ sở bọc màng và tái đóng gói,
Mammen Mejerierne A/S - afd. Klovborg,"Storegade 70, 8765 Klovborg",Nhà máy chế biến; Kho lạnh bảo quản,
Liba Ost,"Spørringvej 36, 8530 Hjortshøj",Nhà máy chế biến,
"Them Mejeri A/S, Revet ost / lager","Knudlundvej 11, 8653 Them",Nhà máy chế biến; Kho lạnh bảo quản,
Søtofte Gårdmejeri,"Søtoftevej 74, 4100 Ringsted",Nhà máy chế biến,
Fiskbæk Gårdbutik ved Gråsten Landbrugsskole,"Fiskbækvej 15, 6300 Gråsten",Nhà máy chế biến,
Advanced Nordic Nutrition ApS,"Rybergsvej 5, 5631 Ebberup",Nhà máy chế biến; Cơ sở bọc màng và tái đóng gói,
Kisbæk Gårdmælk ApS,"Kisbækvej 1, 6240 Løgumkloster",Nhà máy chế biến,
Arla Foods amba,"Ravnevej 4, 6705 Esbjerg Ø",Nhà máy chế biến; Kho lạnh bảo quản,
Tarup Gamle Mejeri ApS,"Thulevej 6, 5210 Odense NV",Nhà máy chế biến,
Rødkærsbro,"Århusvej 1, 8840 Rødkærsbro",Nhà máy chế biến; Cơ sở bọc màng và tái đóng gói,
Pio Pharm Denmark ApS,"Unovej 1, 3390 Hundested",Nhà máy chế biến; Cơ sở bọc màng và tái đóng gói,
Nørgaards Gedemejeri,"Bøgelyvej 14, 6920 Videbæk",Nhà máy chế biến,
"Chr. Hansen A/S, Application & Technology Center","Bøge Alle 10-12, 2970 Hørsholm",Nhà máy chế biến,
Mejeriet ved fjorden,"Sjoltevej 25, 4733 Tappernøje",Nhà máy chế biến,
"Kammersgaard Ismejeri, Engros","Sønderbyvej 32, 7620 Lemvig",Nhà máy chế biến,
"Thise Mejeri, Afd. Vinderup Ostelager","Nr Bjertvej 21, 7830 Vinderup",Nhà máy chế biến; Kho lạnh bảo quản,
"Good Food Group A/S , Tårs","Industrivej 3, 9830 Tårs",Nhà máy chế biến,
Arla Innovation Centre,"Agro Food Park 19, 8200 Aarhus N",Nhà máy chế biến,
"Hønseriet Åstrup Bakke, pakkeri","Aalborgvej 206, 8830 Tjele",Trung tâm đóng gói trứng,
"VALLØ ØKO ApS, æggepakkeri","Billesøvej 3, 4600 Køge",Trung tâm đóng gói trứng,
"Karup Æg, v/Søren Borrisholt Sørensen","Karupvej 112, 9300 Sæby",Trung tâm đóng gói trứng,
"Henriks Æg, ægpakkeri","Vellensbyvejen 10, 3700 Rønne",Trung tâm đóng gói trứng,
Hylkegård ApS,"Hingevej 9, 8370 Hadsten",Trung tâm đóng gói trứng,
Korsmedergaard,"Klørupvej 13, 8920 Randers NV",Trung tâm đóng gói trứng,
"St. Gåsdal ApS, Ægpakkeri","Gåsdalvej 36, 6900 Skjern",Trung tâm đóng gói trứng,
"HC Økoæg, Ægpakkeri","Vejlevej 27, 7323 Give",Trung tâm đóng gói trứng,
"Ommestrup ægpakkeri , John Bjerregaard","Ebeltoftvej 120, 8544 Mørke",Trung tâm đóng gói trứng,
"Olsgaard, Æg pakkeri","Gammel Horsensvej 219, 8660 Skanderborg",Trung tâm đóng gói trứng,
"Varde Ådal lam I/S, Ægpakkeri","Toftnæsvej 30, 6800 Varde",Trung tâm đóng gói trứng,
Hegnsholt ægpakkeri,"Lejrevej 52A, 4320 Lejre",Trung tâm đóng gói trứng,
Vibens Fryd Ægpakkeri,"Vibberstoftvej 9, 7752 Snedsted",Trung tâm đóng gói trứng,
"Lammehave økologi, Æggepakkeri","Eriksdalsvej 24, 4871 Horbelev",Trung tâm đóng gói trứng,
Lille Smørum Økologi,"Råbrovej 17, 2765 Smørum",Trung tâm đóng gói trứng,
Stengårdens Ægpakkeri,"Høveltevej 40, 3460 Birkerød",Trung tâm đóng gói trứng,
Michael Kaiser - ægpakkeri,"Hammervej 28, 7173 Vonge",Trung tâm đóng gói trứng,
Hyrupdal Æg,"Øsby Søndergade 31, 6100 Haderslev",Trung tâm đóng gói trứng,
Top Æg ApS,"Nybrovej 16B, 8800 Viborg",Trung tâm đóng gói trứng,
Landmand Taus Bo Adamsen,"Klausholmvej 5, 9280 Storvorde",Trung tâm đóng gói trứng,
THORUPs Ægpakkeri,"Slemmingvej 4, 8500 Grenaa",Trung tâm đóng gói trứng,
"Jan Hansen, Ægpakkeri","Stokholtsvej 66, 4173 Fjenneslev",Trung tâm đóng gói trứng,
Yduns Have ægpakkeriet,"Alstrup 2, 8305 Samsø",Trung tâm đóng gói trứng,
"Æggegården Glud, Ægpakkeri","Gludvej 66, 7130 Juelsminde",Trung tâm đóng gói trứng,
Frostegård Ægpakkeri,"Almindingsvej 25, 3720 Aakirkeby",Trung tâm đóng gói trứng,
"Arvelund Æg, Æggepakkeri","Egensevej 13, 4840 Nørre Alslev",Trung tâm đóng gói trứng,
"baagaard ægpakkeri, v/Bitten Aagaard Jensen","Ravnholtvej 149, 8310 Tranbjerg J",Trung tâm đóng gói trứng,
"I/S Vester Storetoft, Ægpakkeri","Vester Storetoft 67, 6720 Fanø",Trung tâm đóng gói trứng,
"Skelleris den lille øko gård, Æggepakkeri","Præsteskov 6, 4293 Dianalund",Trung tâm đóng gói trứng,
"LANDBRUG VITTENBJERGGÅRD V/JØRGEN HEGGELUND, Ægpakkeri","Ejbyvej 105, 4632 Bjæverskov",Trung tâm đóng gói trứng,
Mobrogaard Ægpakkeri,"Kildevej 1B, 3200 Helsinge",Trung tâm đóng gói trứng,
"Feldskov Have, Æggepakkeri","Feldskovvej 40, 4180 Sorø",Trung tâm đóng gói trứng,
Stensbølgård Ægpakkeri,"Smedevej 18, 4070 Kirke Hyllinge",Trung tâm đóng gói trứng,
Bølling GræsÆg v. Jens Mogensen,"Egtvedvej 100, 6040 Egtved",Trung tâm đóng gói trứng,
Kathrinelund Gårdbutik Ægpakkeri,"Guldagervej 50, 6710 Esbjerg V",Trung tâm đóng gói trứng,
"Egeskovgaard, Ægpakkeri","Lebølvej 35, 6470 Sydals",Trung tâm đóng gói trứng,
Stokmosegård,"Skalkendrupvej 60, 5800 Nyborg",Trung tâm đóng gói trứng,
Fam. Christoffersens gårdbutik,"Teglværksvej 24, 4700 Næstved",Trung tâm đóng gói trứng,
"Møllebakkegaard ægpakkeri, Æggepakkeri","Præstetoften 3, 4735 Mern",Trung tâm đóng gói trứng,
Korslund,"Randersvej 5, 8410 Rønde",Trung tâm đóng gói trứng,
Kokærgård Ægpakkeri,"Kokærvej 90, 6070 Christiansfeld",Trung tâm đóng gói trứng,
"Eskeholm, Ægpakkeri","Mellerup Bygade 2, 6392 Bolderslev",Trung tâm đóng gói trứng,
Den Gamle Gaard Ægpakkeri,"Sorøvej 106, 4350 Ugerløse",Trung tâm đóng gói trứng,
Trustrupgaard Ægpakkeri,"Lykkesholmvej 2 A, 8570 Trustrup",Trung tâm đóng gói trứng,
Søndergård,"Rengevej 6, 4660 Store Heddinge",Trung tâm đóng gói trứng,
Bondens,"Hovedvejen 126, 4720 Præstø",Trung tâm đóng gói trứng,
Robert Mouritsen,"Kollevej 25, 6830 Nørre Nebel",Trung tâm đóng gói trứng,
Dm Æg I/S,"Vejlebyvej 19, 4970 Rødby",Trung tâm đóng gói trứng,
Abildskærgård,"Abildskærvej 2, 6630 Rødding",Trung tâm đóng gói trứng,
DANÆG A/S,"Danægvej 1, 6070 Christiansfeld",Trung tâm đóng gói trứng,
"Nørbygaard økologi I/S, Ægpakkeri","Roostvej 4, 6240 Løgumkloster",Trung tâm đóng gói trứng,
"Gravlund Øko æg v/Sonja Knudsen, Ægpakkeri","Gravlundvej 14, 6683 Føvling",Trung tâm đóng gói trứng,
Mark Andersen,"Præstegårdsvej 9, 6771 Gredstedbro",Trung tâm đóng gói trứng,
"Hedelykke Græsæg, Ægpakkeri","Grindstedvej 80, 7184 Vandel",Trung tâm đóng gói trứng,
Fyns GræsÆg,"Snarupvejen 24, 5750 Ringe",Trung tâm đóng gói trứng,
Fra Kæret,"Emmelev Kærvej 5, 8500 Grenaa",Trung tâm đóng gói trứng,
La Petite Ferme I/S,"Hulgaden 17, 8400 Ebeltoft",Trung tâm đóng gói trứng,
"Danske Andeæg, Ægpakkeri","Møllevej 3, 4490 Jerslev Sjælland",Trung tâm đóng gói trứng,
"Vindelevgård gårdbutik, Ægpakkeri","Vindelevvej 7, 7300 Jelling",Trung tâm đóng gói trứng,
Maarager Gårdbutik (Ægpakkeri),"Lyngby Torp 60, 9480 Løkken",Trung tâm đóng gói trứng,
"Omfaun Landbrug, Ægpakkeri","Slotsgade 6, 9330 Dronninglund",Trung tâm đóng gói trứng,
Brodamgaard ægpakkeri,"Brodam 5, 9310 Vodskov",Trung tâm đóng gói trứng,
Æggepakkeriet Kiku,"Næssundvej 488, 7960 Karby",Trung tâm đóng gói trứng,
DAVA Foods Denmark A/S,"Glerupvej 5, 9560 Hadsund",Cơ sở sản xuất trứng lỏng tiệt trùng; Nhà máy chế biến; Trung tâm đóng gói trứng,
Nøvling Gårdbutik,"Blüchersvej 2, 7480 Vildbjerg",Trung tâm đóng gói trứng,
Maarten Damsteegt,"Smedagervej 4, 6360 Tinglev",Trung tâm đóng gói trứng,
"Græs-Æg Møn, Ægpakkeri","Vindebækvej 17, 4792 Askeby",Trung tâm đóng gói trứng,
Bjergsted græs æg V Bertram Berntsen,"Bjergstedvej 50, 4450 Jyderup",Trung tâm đóng gói trứng,
Ilsøegaard ApS,"Hejselvej 11, 6372 Bylderup-Bov",Trung tâm đóng gói trứng,
Skovlej Græsæg,"Blansskov 17, 6400 Sønderborg",Trung tâm đóng gói trứng,
Dueholm Ægpakkeri,"Hovedgårdvej 7, 8660 Skanderborg",Trung tâm đóng gói trứng,
Virova ApS,"Dyrkærvej 11, 8700 Horsens",Trung tâm đóng gói trứng,
"Vinkelgaard, Æggepakkeri","Vigerstedvej 8, 4100 Ringsted",Trung tâm đóng gói trứng,
"Gårdbutikken Lystlunden, Ægpakkeri","Vestergade 166, 6051 Almind",Trung tâm đóng gói trứng,
Tranum Økobrug - Jarmstedgaard - ægpakkeri,"Jarmsted Byvej 6, 9460 Brovst",Trung tâm đóng gói trứng,
"Annas Gårdbutik, Ægpakkeri","Langemosevej 13, 5853 Ørbæk",Trung tâm đóng gói trứng,
OVODAN FOODS A/S,"Havnegade 31-35, 36, 37 + Gøteborggade 2- 4; Tolderlundsvej 100;, 5000 Odense C",Nhà máy chế biến; Cơ sở bọc màng và tái đóng gói,
Danæg Products A/S,"Maglegårdsvej 13, 4000 Roskilde",Cơ sở sản xuất trứng lỏng tiệt trùng; Nhà máy chế biến,
DAT-Schaub A/S,"Estrupvej 9, 6700 Esbjerg",Cơ sở bọc màng và tái đóng gói; Nhà máy chế biến,
Scan-Hide A.m.b.A.,"Industrivej 15, 5762 Vester Skerninge",Xưởng thuộc da,
Fertin Pharma A/S,"Dandyvej 19, 7100 Vejle",Nhà máy chế biến,
A/S ORTHANA KEMISK FABRIK,"Englandsvej 350-356, 2770 Kastrup",Nhà máy chế biến,
ZPD A/S,"H E Bluhmes Vej 63, 6700 Esbjerg",Nhà máy chế biến,
BASF A/S,"Malmparken 5, 2750 Ballerup",Nhà máy chế biến,
Greenow Aps,"Mellem Broerne 12, 4100 Ringsted",Nhà máy sản xuất,
DanHoney Aps,"Reerslevvej 18 B, 4291 Ruds Vedby",Nhà máy sản xuất,
OBC Biavl,"Østerbro 1, 8970 Havndal",Nhà máy sản xuất,
"Tjørnemosegård, Jens Fjordhøj","Kostervej 51, 4780 Stege",Nhà máy sản xuất,
"Nordjysk Biavlscenter ApS, detail","Ølsvej 46, 9500 Hobro",Nhà máy sản xuất,
Aulum Biavlscenter ApS,"Buntmagervej 18, 7490 Aulum",Nhà máy sản xuất,
