No.,Cong ty,Chuc danh,Nguoi lien he,SDT,Lien He,Email,Lien He mail,Dia chi,Luong,Ngay dang,Han tuyen,Check gui,Last Subject,Last Body HTML,Trang thai Reply,Lan Follow-up,Ngay Follow-up gan nhat,Mailbox da dung,Category,Link FB
1,Grøndals & Co. ApS,,,,,,,"Abildvej 5G, 5700 Svendborg",,,,,,,,,,,Kho lạnh bảo quản,
2,Gormsen Gourmet ApS,,,,https://gormsengourmet.dk,,,"Stenhuggervej 12, 5230 Odense M",,,,,,,,,,,Cơ sở bọc màng và tái đóng gói,
3,"Uhrenholt A/S, Skodborg Mejeri",,,'+4564414041,https://uhrenholt.com/,,,"Teglgårdsparken 106, 5500 Middelfart, Denmark",,,,,,,,,,,Cơ sở bọc màng và tái đóng gói,
4,COOL & GREEN,,,,https://coolandgreen.dk,,,"Rønnevej 28, 5580 Nørre Aaby, Denmark",,,,,,,,,,,Cơ sở bọc màng và tái đóng gói; Kho lạnh bảo quản,
5,ROYAL GREENLAND SEAFOOD A/S,,,'+4599262916,http://www.royalgreenland.com/,info@royalgreenland.com,,"Aasivinngivit B-714, Frederikshåb, Greenland",,,,,,,,,,,Cơ sở bọc màng và tái đóng gói; Kho lạnh bảo quản,
6,LL COLD ApS,,,,,,,"Visherredsvej 2, 6330 Padborg",,,,,,,,,,,Cơ sở bọc màng và tái đóng gói; Kho lạnh bảo quản; Trung tâm điều phối / xuất hàng; Nhà máy chế biến sản phẩm thủy sản tươi sống; Nhà máy chế biến,
7,Sydhavnens Frysehus,,,,https://www.sydhavnensfrysehus.dk,mail@sydhavnens-frysehus.dk,,"Bådehavnsgade 48, 2450 København SV",,,,,,,,,,,Cơ sở bọc màng và tái đóng gói; Kho lạnh bảo quản,
8,Nagel Danmark A/S,,,,https://www.nagel-group.com,presse@nagel-group.com,,"Nimvej 1, 7120 Vejle, Denmark",,,,,,,,,,,Kho lạnh bảo quản,https://www.facebook.com/Nagel-Group-1686584368272784
9,Lineage Copenhagen,,,'+4540433976,https://www.onelineage.com/facilities/copenhagen,pr@onelineage.com,,"Kanalholmen 25, 2650 Hvidovre, Denmark",,,,,,,,,,,Tàu lạnh (tàu chở hàng bảo quản lạnh),https://www.facebook.com/lineagelogistics
10,Constellation Cold Logistics Denmark A/S,,,'+4598521800,https://www.constellationcold.com,scs@constellationcold.com,,"Industrivej 2, 6330 Padborg",,,,,,,,,,,Cơ sở bọc màng và tái đóng gói; Kho lạnh bảo quản; Cơ sở / xưởng pha lóc (thịt),
11,Constellation Cold Logistics Denmark A/S - Padborg Nord,,,'+4598521800,https://www.constellationcold.com,padborg@constellationcold.com,,"Transitvej 8, 6330 Padborg",,,,,,,,,,,Kho lạnh bảo quản,
12,AABENRAA FRYSEHUS A/S,,,'+4574621881,http://www.aabenraafrysehus.dk/,info@aabenraafrysehus.dk,,"Øster Madevej 5, 6200 Aabenraa, Denmark",,,,,,,,,,,Kho lạnh bảo quản,
13,Hirtshals Stevedore Aps,,,'+4569160923,https://www.hirtshalsstevedore.dk,christina@hirtshalsstevedore.dk,,"Søren Nordbysvej 5, 9850 Hirtshals",,,,,,,,,,,Kho lạnh bảo quản,https://www.facebook.com/Hirtshals-Stevedore-Aps-297344463746462
14,Nagel Liller A/S,,,'+4588728000,http://www.nagel-liller.dk/,,,"Nimvej 2, 7120 Vejle, Denmark",,,,,,,,,,,Kho lạnh bảo quản,https://www.facebook.com/Nagel-Group-1686584368272784
15,House of Foods A/S,,,,https://www.houseoffoods.com,info@houseoffoods.com,,"Sundsholmen 12, 9400 Nørresundby",,,,,,,,,,,Cơ sở bọc màng và tái đóng gói; Kho lạnh bảo quản,https://www.facebook.com/europoultry
16,DSV Road A/S,,,,https://www.dsv.com/en/countries/asia/viet-nam,info@vn.dsv.com,,"1154 Đ. Láng, Road, Láng, Hà Nội 000000, Vietnam",,,,,,,,,,,Kho lạnh bảo quản,https://www.facebook.com/dsv.global
17,Lineage Regstrup,,,'+4559183890,https://www.onelineage.com/?utm_source=gmb&utm_medium=yext,pr@onelineage.com,,"Virkelyst 7, 4420, 4420 Regstrup, Denmark",,,,,,,,,,,Kho lạnh bảo quản,https://www.facebook.com/lineagelogistics
18,DENCON FOODS A/S,,,'+4574534355,http://www.denconfoods.com/,,,"Finlandsvej 16, 6100 Haderslev, Denmark",,,,,,,,,,,Kho lạnh bảo quản,
19,"Langø Fiskeeksport-Langø- Havn, Østre Mole, Langø",,,,https://www.havneguide.dk,,,"Havnevej 16, Privat, 4900 Nakskov",,,,,,,,,,,Kho lạnh bảo quản,
20,"Kølerum Tårshavn, V/Gert Hansen",,,,,,,"Tårsvej 174, 4912 Harpelunde",,,,,,,,,,,Kho lạnh bảo quản,
21,Løkken op og udhalerspil/ Løkken fiskeriforening,,,,,,,"Sdr. Strandvej 21, 9480 Løkken",,,,,,,,,,,Kho lạnh bảo quản,
22,BC Catering Odense A/S,,,'+4563158855,https://bccatering.dk/,,,"Blækhatten 10, 5220 Odense, Denmark",,,,,,,,,,,Kho lạnh bảo quản,
23,KALU A/S,,,'+4533241222,https://www.kalu.dk,kaluordrer@kalu.dk,,"Slagtehusgade 18, 1715 København V",,,,,,,,,,,Cơ sở bọc màng và tái đóng gói; Kho lạnh bảo quản,https://www.facebook.com/kaludanmark
24,HAVI Logistics ApS,,,'+4575725088,https://havi.com,,,"Transitvej 60, 7100 Vejle, Denmark",,,,,,,,,,,Kho lạnh bảo quản,
25,"Jørn Saaby Transport APS, frysehuset",,,'+4598524155,http://saaby-transport.dk/,morten@saaby.net,,"Humlemarken 20, 9500 Hobro, Denmark",,,,,,,,,,,Kho lạnh bảo quản,https://www.facebook.com/saabytransport
26,DFDS Køletransport A/S,,,,https://www.dfds.com,email@dfds.info,,"Lundvej 15, 8700 Horsens",,,,,,,,,,,Kho lạnh bảo quản,https://www.facebook.com/dfdsukire
27,Ohl Logistics A/S,,,'+4540182070,https://www.ohllogistics.com,ohl@ohllogistics.com,,"Plantagevej 7-8D-9-11 -18, 6330 Padborg",,,,,,,,,,,Kho lạnh bảo quản,
28,Dagrofa Logistik a/s,,,,https://www.dagrofa-logistik.dk,,,"Knud Højgaards Vej 19, 7100 Vejle",,,,,,,,,,,Kho lạnh bảo quản,
29,A/S Læsø Fiskeindustri,,,,,,,"Havnepladsen 6 C, Fiskepakhuset, 9940 Læsø",,,,,,,,,,,Kho lạnh bảo quản; Nhà máy chế biến; Nhà máy chế biến sản phẩm thủy sản tươi sống,
30,BC Catering Kolding A/S,,,,https://bccatering.dk,,,"Kokbjerg 28, 6000 Kolding",,,,,,,,,,,Kho lạnh bảo quản,
31,Intercargo Coldstores ApS,,,'+4579120222,https://intercargo.dk,port@intercargo.dk,,"Trafikhavnskaj 19, 6700 Esbjerg",,,,,,,,,,,Kho lạnh bảo quản,
32,REMA Distribution Danmark A/S,,,,https://remadistribution.dk,kontakt@rema1000.dk,,"Marsalle 32, 8700 Horsens",,,,,,,,,,,Kho lạnh bảo quản,
33,AB Catering Holstebro A/S,,,,https://abcatering.dk,,,"Nybo Høje 5, 7500 Holstebro",,,,,,,,,,,Kho lạnh bảo quản,
34,JN Spedition A/S,,,'+4597124166,http://www.jn-spedition.dk/,,,"Hvidelvej 15, 7400 Herning, Denmark",,,,,,,,,,,Kho lạnh bảo quản,
35,"Fiskeriforeningen Ulvsund, v/Preben Nielsen",,,,,,,"Kalvehave Havnevej 26, 4771 Kalvehave",,,,,,,,,,,Kho lạnh bảo quản,
36,Kramnitze havn Fiskehus,,,,https://www.havneguide.dk,,,"Kramnitsevej 18, Kramnitse Havn, 4970 Rødby",,,,,,,,,,,Kho lạnh bảo quản,
37,A. Espersen A/S,,,,https://www.espersen.com,,,"Bådebyggervej 6, 3700 Rønne",,,,,,,,,,,Kho lạnh bảo quản; Nhà máy chế biến sản phẩm thủy sản tươi sống,
38,Carl Jacobsen Engros,,,'+4575921104,http://www.cjengros.dk/,20cj@cjengros.dk,,"Strevelinsvej 28, 7000 Fredericia, Denmark",,,,,,,,,,,Kho lạnh bảo quản,
39,Lineage Vejle ApS,,,,https://www.onelineage.com,pr@onelineage.com,,"Kristian Skous Vej 6, 7100 Vejle",,,,,,,,,,,Kho lạnh bảo quản,https://www.facebook.com/lineagelogistics
40,"SFK Food A/S, Solina Denmark",,,,https://www.solina-retail.dk,retail@solina-group.dk,,"Niels Bohrs Vej 55, 8660 Skanderborg",,,,,,,,,,,Cơ sở bọc màng và tái đóng gói; Kho lạnh bảo quản,https://www.facebook.com/Solina-Denmark-109238210425270
41,Toft Care A/S,,,,https://www.toft-care.dk,info@toft-care.dk,,"Smedevej 1, Harre, 7870 Roslev",,,,,,,,,,,Cơ sở bọc màng và tái đóng gói,https://www.facebook.com/ToftCaredk
42,Polar Seafood Denmark A/S,,,,https://www.polarseafood.com,polar@polarseafood.dk,,"Skovhusvej 10, Vester Hassing, 9310 Vodskov",,,,,,,,,,,Cơ sở bọc màng và tái đóng gói; Kho lạnh bảo quản,
43,HKI OST ApS,,,'+4570808877,http://hkiost.dk/,,,"Vejleåvej 13, 2635 Ishøj, Denmark",,,,,,,,,,,Cơ sở bọc màng và tái đóng gói,
44,"Bodylab ApS, Engros",,,'+4596525525,https://www.bodylab.dk/,,,"Plastvænget 3D, 9560 Hadsund, Denmark",,,,,,,,,,,Cơ sở bọc màng và tái đóng gói,
45,Hao Trading ApS/Dana Seafood ApS,,,'+4532548588,https://haota.goldsupplier.com,,,"Jernholmen 46, 2650 Hvidovre, Denmark",,,,,,,,,,,Cơ sở bọc màng và tái đóng gói; Kho lạnh bảo quản,
46,AVO Skandinavia,,,,https://www.avo.dk,,,"HI-Park 491, 7400 Herning",,,,,,,,,,,Kho lạnh bảo quản,
47,Arla Foods Amba - Vejle Eksportterminal,,,,https://www.arla.com,pressoffice@arlafoods.com,,"Dofovej 2 B, 7100 Vejle",,,,,,,,,,,Kho lạnh bảo quản,https://www.facebook.com/arla
48,Fiskernes Andelssalg,,,,,,,"Fiskerihavnen 2, 4673 Rødvig Stevns",,,,,,,,,,,Kho lạnh bảo quản,
49,"Strandby Konsumcenter, v/Formand, Claus Hjørne Pedersen",,,,,,,"Auktionskaj 5, 9970 Strandby",,,,,,,,,,,Kho lạnh bảo quản,
50,Sejerø Kølehus,,,,,,,"Havneplads 4, 4592 Sejerø",,,,,,,,,,,Kho lạnh bảo quản,
51,PETER PARIS - KOKKENES KURéR ApS,,,'+4586188641,http://peterparis.dk/,,,"Robert Fultons Vej 14E, 8200 Aarhus, Denmark",,,,,,,,,,,Kho lạnh bảo quản,
52,"Jens Lysholdt Eftf. A/S, Esbjerg",,,'+4575121022,http://www.lysholdt.dk/,,,"Darumvej 87, 6700 Esbjerg, Denmark",,,,,,,,,,,Kho lạnh bảo quản,
53,"Odense Universitetshospital, Køkkendistribution OUH",,,,https://ouh.dk,,,"Solfaldsvej 36, 5000 Odense C",,,,,,,,,,,Kho lạnh bảo quản,
54,Rossini Caviar,,,'+4533135333,http://www.rossinicaviar.com/,mail@rossinicaviar.com,,"Magstræde 6, 1204 København, Denmark",,,,,,,,,,,Kho lạnh bảo quản,https://www.facebook.com/rossinicaviar
55,"AB Catering Aarhus A/S, Terminal",,,'+4572224224,http://www.abcatering.dk/,,,"Beta 1, 8382 Søften, Denmark",,,,,,,,,,,Kho lạnh bảo quản,
56,EUROSAMA ApS,,,'+4586392421,http://www.eurosama.dk/,mail@eurosama.dk,,"Læsøvej 7, 8382 Hinnerup, Denmark",,,,,,,,,,,Kho lạnh bảo quản,
57,"Centrallager, Legoland Aps, Mad og Drikke",,,,https://www.centrallager.dk,,,"Højmarksvej 20, 7190 Billund",,,,,,,,,,,Kho lạnh bảo quản,
58,Wrist Europe - Aalborg,,,,,,,"Stigsborgvej 60, 9400 Nørresundby",,,,,,,,,,,Kho lạnh bảo quản,
59,PJ Distribution A/S,,,,https://www.pjdistribution.dk,,,"Priorsvej 31, 8600 Silkeborg",,,,,,,,,,,Cơ sở bọc màng và tái đóng gói; Kho lạnh bảo quản,
60,Sophiendal ApS grossist,,,,,,,"Låsbyvej 82, 8660 Skanderborg",,,,,,,,,,,Kho lạnh bảo quản,
61,AB Catering Ribe A/S,,,'+4575421833,https://abcatering.dk/,,,"Ole Rømers Vej 6, 6760 Ribe, Denmark",,,,,,,,,,,Kho lạnh bảo quản,
62,Polar Seafood A/S,,,,https://www.polarseafood.com,polar@polarseafood.dk,,"Vagervej 9, 6700 Esbjerg",,,,,,,,,,,Kho lạnh bảo quản,
63,Hirtshals Havn,,,,https://hirtshalsservicegroup.dk,kontakt@hirtshalsservicegroup.dk,,"Norgeskajen 11, 9850 Hirtshals",,,,,,,,,,,Kho lạnh bảo quản,https://www.facebook.com/hirtshalsservicegroup
64,Grøn Fokus A/S,,,'+4558500304,http://gronfokus.dk/,,,"Karolinevej 6, 4200 Slagelse, Denmark",,,,,,,,,,,Kho lạnh bảo quản,
65,Lundsøe Køl og Frys,,,,,,,"Oceanvej 8A og 8B, 8000 Aarhus C",,,,,,,,,,,Kho lạnh bảo quản,
66,BC Catering Roskilde A/S,,,'+4546773500,https://bccatering.dk/,,,"Langebjerg 17, 4000 Roskilde, Denmark",,,,,,,,,,,Kho lạnh bảo quản,
67,Dagrofa Foodservice,,,'+4570200268,https://www.dagrofa.dk,tomas.pietrangeli@dagrofa.dk,,"Vejleåvej 13, 2635 Ishøj",,,,,,,,,,,Kho lạnh bảo quản,
68,"Constellation Cold logistics DK East A/S, Lagerhotel",,,'+4598521800,https://www.constellationcold.com,scs@constellationcold.com,,"Sleipnersvej 1, 4600 Køge",,,,,,,,,,,Cơ sở bọc màng và tái đóng gói; Kho lạnh bảo quản,
69,DFDS Padborg,,,'+4523389030,https://www.nkspedition.dk/thadaeus/,,,"Industrivej 6, 6330 Padborg, Denmark",,,,,,,,,,,Kho lạnh bảo quản,https://www.facebook.com/DFDSGlobal
70,Eimskip Denmark A/S,,,'+4570201602,http://www.eimskip.dk/,info@eimskip.dk,,"Østhavnsvej 37, 8000 Aarhus, Denmark",,,,,,,,,,,Kho lạnh bảo quản,
71,Gastro Import Logistics ApS,,,'+4548475511,http://www.gastro-import.dk/,dialog@gastro-import.com,,"Kanalholmen 19, 2650 Hvidovre, Denmark",,,,,,,,,,,Cơ sở bọc màng và tái đóng gói; Kho lạnh bảo quản,https://www.facebook.com/gastroimportdk
72,"Samskip A/S, Toldservice A/S",,,,https://www.samskip.com,rotterdam@samskip.com,,"Vandvejen 7, 2, 8000 Aarhus C",,,,,,,,,,,Kho lạnh bảo quản,https://www.facebook.com/Samskip-375033819243571
73,Arla Foods Ferskvareterminal,,,,https://www.arla.com,pressoffice@arlafoods.com,,"Karolinevej 1, 4200 Slagelse",,,,,,,,,,,Kho lạnh bảo quản,https://www.facebook.com/arla
74,Scandic Pelagic A/S,,,,https://scandicpelagic.com,info@scandicpelagic.com,,"Havnevagtsvej 7, 9990 Skagen",,,,,,,,,,,Kho lạnh bảo quản; Nhà máy chế biến,
75,Emin Food ApS,,,,https://www.eminfoods.com,info@eminfoods.com,,"Møllevej 9K, 4, 2990 Nivå",,,,,,,,,,,Kho lạnh bảo quản,https://www.facebook.com/eminfoods
76,ALBER FOOD ApS,,,'+4533259918,http://alberfood.dk/,info@alberfood.dk,,"Literbuen 9, 2740 Skovlunde, Denmark",,,,,,,,,,,Kho lạnh bảo quản,https://www.facebook.com/alberfood.dk
77,"Coop Danmark A/S, Ferskvare Lager",,,,https://coop.dk,forbrugerservice@coop.dk,,"Solmarksvej 7, 2605 Brøndby",,,,,,,,,,,Kho lạnh bảo quản,https://www.facebook.com/coopdk
78,The Danish Butter Export Union A/S,,,'+4536787235,http://www.smoermanden.dk/,info@smoermanden.dk,,"Broenge 11, 2635 Ishøj, Denmark",,,,,,,,,,,Cơ sở bọc màng và tái đóng gói; Kho lạnh bảo quản,
79,Salling Group - Vejle,,,,https://sallinggroup.com,,,"Englandsvej 2, 7100 Vejle",,,,,,,,,,,Kho lạnh bảo quản,
80,"Friskvareterminalen, Christiansfeld",,,,,,,"Arlavej 2, 6070 Christiansfeld",,,,,,,,,,,Kho lạnh bảo quản,
81,Royal Food ApS,,,'+4592920712,https://royal-food.dk,info@royal-food.dk,,"Lupinvej 5, 9500 Hobro, Denmark",,,,,,,,,,,Kho lạnh bảo quản,
82,Ay Engros ApS,,,,https://www.proff.dk/firma/ay-engros-aps/roskilde/n%C3%A6rings-og-nydelsesmidler/GURIZDI116S/,,,"Navervej 22, 4000 Roskilde, Denmark",,,,,,,,,,,Kho lạnh bảo quản,
83,Jeudan A/S,,,'+4570106070,https://www.jeudan.dk/?utm_source=google-my-business&utm_medium=organic&utm_campaign=filter-generisk&utm_content=jeudan,info@jeudan.dk,,"Bredgade 30, 1260 København, Denmark",,,,,,,,,,,Kho lạnh bảo quản,
84,BC CATERING AALBORG A/S,,,,https://bccatering.dk,,,"Jellingvej 24, 9230 Svenstrup J",,,,,,,,,,,Kho lạnh bảo quản,
85,INGWERSEN A/S,,,'+4536468877,https://www.ingwersen.dk/,,,"Hørskætten 30, 2630 Taastrup, Denmark",,,,,,,,,,,Kho lạnh bảo quản,
86,Intercargo Scandinavia A/S,,,'+4522342319,https://intercargo-scandinavia.dk,sales@intercargo-scandinavia.dk,,"Tolsagervej 6, Hadbjerg, 8370 Hadsten",,,,,,,,,,,Kho lạnh bảo quản,
87,HARTMAN LOGISTIK ApS,,,'+4565303304,http://www.hartmanlogistik.dk/,info@hartmanlogistik.dk,,"Geminivej 29, 2670 Greve, Denmark",,,,,,,,,,,Kho lạnh bảo quản,
88,Unifood Import A/S,,,,https://unifood.eu,nk@unifood.eu,,"Kanalholmen 4, 2650 Hvidovre",,,,,,,,,,,Kho lạnh bảo quản,
89,Thyborøn Stevedore,,,'+4596908808,http://stevedor.dk/,info@stevedor.dk,,"Havnegade 15, 7680 Thyborøn, Denmark",,,,,,,,,,,Kho lạnh bảo quản,
90,Hansen & Søn A/S - Tricolore,,,'+4574672800,http://www.tricolore.dk/,transport@tricolore.dk,,"Thorsvej 8, 6330 Padborg, Denmark",,,,,,,,,,,Kho lạnh bảo quản,
91,K. C. Frugt ApS,,,,https://www.kcfrugt.dk,,,"Hørskætten 30-32, 2630 Taastrup",,,,,,,,,,,Kho lạnh bảo quản,
92,BC Catering Bornholm,,,'+4546773500,https://bccatering.dk,,,"Fiskerivej 1, 3700 Rønne, Denmark",,,,,,,,,,,Kho lạnh bảo quản,
93,Skæve Mejeri,,,'+4529266815,https://skaevemejeri.dk,,,"Skævevej 160, 9352 Brønden, Denmark",,,,,,,,,,,Cơ sở bọc màng và tái đóng gói,https://www.facebook.com/p/Sk%C3%A6ve-Mejeri-61579064750096
94,Greens Nordic ApS,,,,https://nordicgreens.dk,info@nordicgreens.dk,,"Mileparken 13, 2740 Skovlunde",,,,,,,,,,,Kho lạnh bảo quản,https://www.facebook.com/pedersensudvalgte
95,"Vebbestrup Flødeis, Lager",,,'+4598554006,http://www.vebbestrupis.dk/,is@vebbestrupis.dk,,"Sdr Truevej 1, 9500 Hobro, Denmark",,,,,,,,,,,Kho lạnh bảo quản,
96,Dagrofa Bornholm A/S,,,'+4556953385,http://dagrofabornholm.dk/,,,"Ved Lunden 18, 3700 Rønne, Denmark",,,,,,,,,,,Kho lạnh bảo quản,
97,Borngros,,,,https://www.borngros.dk,borngros@borngros.dk,,"Skansevej 8B, 3700 Rønne",,,,,,,,,,,Kho lạnh bảo quản,
98,Gastrounika,,,,https://gastrounika.com,,,"Herluf Trolles Gade 23, st, 1052 København K",,,,,,,,,,,Kho lạnh bảo quản,
99,"Kohberg Bakery Group A/S, Frostlager",,,'+4573646400,https://www.kohberg.com,export@kohberg.com,,"Finlandsvej 10, 6100 Haderslev",,,,,,,,,,,Kho lạnh bảo quản,https://www.facebook.com/KohbergDK
100,"ALI FOOD ApS COPENHAGEN MARKETS, Stade 2037",,,'+4535353034,https://copenhagenmarkets.dk,porthuset@copenhagenmarkets.dk,,"Litauen Alle 13, 2630 Høje Taastrup, Denmark",,,,,,,,,,,Kho lạnh bảo quản,
101,HOVEDSTADS REGIONENS FRUGT ENGROS ApS,,,'+4536455000,http://www.hrfrugt.dk/,info@hrfrugt.dk,,"Meterbuen 24, 2740 Skovlunde, Denmark",,,,,,,,,,,Kho lạnh bảo quản,
102,"Tuna Food, Stade 2011",,,,https://tunafood.com,,,"Litauen Alle 13, 2630 Taastrup",,,,,,,,,,,Kho lạnh bảo quản,
103,RMT TRADING ApS,,,'+4553637563,https://sites.google.com/view/rmttradingaps/home,,,"Klokkestøbervej 17, 5230 Odense, Denmark",,,,,,,,,,,Kho lạnh bảo quản,
104,Dagrofa Foodservice Cash & Carry Roskilde,,,'+4546757447,https://dgfs-butik.dk/butik/dagrofa-foodservice-roskilde/,,,"Vestre Hedevej 20, 4000 Roskilde, Denmark",,,,,,,,,,,Kho lạnh bảo quản,
105,Gima Catering A/S,,,,https://gimacatering.dk,info@gimacatering.dk,,"Naverland 24, 2600 Glostrup",,,,,,,,,,,Kho lạnh bảo quản,https://www.facebook.com/people/Gima-Catering-AS/100036617146092
106,JH Transport & Logistics A/S,,,'+4533791741,https://jhtl.dk/,info@jhtl.dk,,"Solmarksvej 2, 2605 Brøndby, Denmark",,,,,,,,,,,Kho lạnh bảo quản,https://www.facebook.com/pages/JH-Transport/130377863763708
107,Mommark Fisk,,,,,,,"Mommarkvej, Kølecontaineren står ved havnen i Mommark, 6470 Sydals",,,,,,,,,,,Kho lạnh bảo quản,
108,"KANDI Vamdrup ApS, Binavn: Ja Food Import & eksport",,,,https://ja-food.dk,info@ja-food.dk,,"Bavnevej 36, 6580 Vamdrup",,,,,,,,,,,Kho lạnh bảo quản,
109,Chr. Nielsen & Søn,,,,,,,"Jordrupvej 4, 6600 Vejen",,,,,,,,,,,Kho lạnh bảo quản,
110,A/S Nordana,,,'+4575411122,https://www.nordana-as.dk,nordana@nordana-as.dk,,"Ørstedsvej 18, 6760 Ribe",,,,,,,,,,,Kho lạnh bảo quản,https://www.facebook.com/koldingmadhjaelp2024
111,Bagenkop fisk,,,,http://bagenkop-info.dk,bagenkop@gmail.com,,"Havnegade 2A, 5935 Bagenkop",,,,,,,,,,,Kho lạnh bảo quản,https://www.facebook.com/bagenkopinfo
112,La Mia Scampa,,,'+4538872928,http://scampa.dk,,,"Midtager 26B, c/o Dhimiter Zaka, Midtager 26, 2605 Brøndby, Denmark",,,,,,,,,,,Kho lạnh bảo quản,
113,essupply.dk v/Inger Madsen,,,,https://essupply.dk,,,"Helgolandsgade 15, 6700 Esbjerg",,,,,,,,,,,Kho lạnh bảo quản,
114,Kandi Catering Aps,,,'+4560759664,http://www.kandihaderslev.dk/,kristian@kandihaderslev.dk,,"Christian X's Vej 1, 6100 Haderslev, Denmark",,,,,,,,,,,Kho lạnh bảo quản,
115,ROSE Poultry A/S - Ferskvareterminal,,,,,,,"Tværmosevej 10, 7830 Vinderup, Denmark",,,,,,,,,,,Kho lạnh bảo quản,
116,Gourmet Engros,,,'+4547474729,https://gourmetengros.com/,info@gourmetengros.com,,"H. C. Ørsteds Vej 10, 7000 Taulov, Denmark",,,,,,,,,,,Kho lạnh bảo quản,https://www.facebook.com/gourmetengros
117,T. I. Krydderier ApS,,,,https://tikrydderier.dk,info@tikrydderier.dk,,"Holmevej 13, 7361 Ejstrupholm",,,,,,,,,,,Cơ sở bọc màng và tái đóng gói,https://www.facebook.com/tikrydderier.dk
118,Taasinge Mælk,,,,,,,"Lundbyvej 62A, 5700 Svendborg",,,,,,,,,,,Kho lạnh bảo quản,
119,Cater Grønt A/S,,,'+4525510097,https://catergront.dk,,,"Korsørvej 91, 4200 Slagelse, Denmark",,,,,,,,,,,Kho lạnh bảo quản,
120,"Delika Food Group as, Skjern",,,,https://delikafoodgroup.dk,mju.food@delika.dk,,"Industrivej 11, 6900 Skjern, Denmark",,,,,,,,,,,Kho lạnh bảo quản,https://www.facebook.com/delikafoodgroup
121,"Origreen ApS, Engros",,,'+4526253521,http://www.origreen.dk/,daniel@origreen.dk,,"Metalgangen 4H, 2690 Greve, Denmark",,,,,,,,,,,Cơ sở bọc màng và tái đóng gói; Kho lạnh bảo quản,https://www.facebook.com/origreen.dk
122,IBON APS,,,'+4553791555,https://ibon.dk/,info@ibon.dk,,"Industriholmen 82, 2650 Hvidovre, Denmark",,,,,,,,,,,Kho lạnh bảo quản,
123,AARSTIDERNE A/S,,,'+4570260066,https://www.aarstiderne.com/,engros@aarstiderne.com,,"Barritskovvej 34, 7150 Barrit, Denmark",,,,,,,,,,,Kho lạnh bảo quản,https://www.facebook.com/aarstiderne
124,Freja Transport & Logistics A/S,,,'+4596705000,https://en.freja.com,freja.sha@freja.com,,"Plantagevej 24, 6330 Padborg",,,,,,,,,,,Kho lạnh bảo quản,https://www.facebook.com/frejatransport
125,Kochens ApS,,,'+4565963396,http://www.kochens.dk/,kochens@kochens.dk,,"Logistikvej 14, 5250 Odense, Denmark",,,,,,,,,,,Kho lạnh bảo quản,https://www.facebook.com/KochensApS
126,"Arla Foods Amba (Taulov mejeri), Mønsted Kalkgruber",,,,https://www.arla.com,pressoffice@arlafoods.com,,"Kalkværksvej 8, 7850 Stoholm Jyll",,,,,,,,,,,Kho lạnh bảo quản,https://www.facebook.com/arla
127,M/V Klevstrand,,,,,,,"Østre Havnegade 18, st tv, 9000 Aalborg",,,,,,,,,,,Tàu lạnh (tàu chở hàng bảo quản lạnh),
128,Delitaste ApS,,,'+4533233294,http://www.delitaste.dk/,,,"Hammerholmen 15 d, 2650 Hvidovre, Denmark",,,,,,,,,,,Cơ sở bọc màng và tái đóng gói; Kho lạnh bảo quản,
129,Parkson Peng & Ling Trading ApS,,,,,,,"Søndre Ringvej 55 4, 2605 Brøndby",,,,,,,,,,,Cơ sở bọc màng và tái đóng gói; Kho lạnh bảo quản,
130,Constellation Cold Logistics Denmark A/S - Vamdrup,,,'+4598521800,https://www.constellationcold.com,scs@constellationcold.com,,"Østermarksvej 2, 6580 Vamdrup",,,,,,,,,,,Kho lạnh bảo quản,
131,RDI køl Avedøre,,,,https://www.rdi.com,,,"Kanalholmen 25, 2650 Hvidovre",,,,,,,,,,,Kho lạnh bảo quản,
132,Kryta A/S,,,'+4546756001,http://www.kryta.dk/,info@kryta.dk,,"Navervej 32, 4000 Roskilde, Denmark",,,,,,,,,,,Cơ sở bọc màng và tái đóng gói,
133,Aarstiderne Engros A/S,,,'+4570260066,https://www.aarstiderne.com/,engros@aarstiderne.com,,"Barritskovvej 34, 7150 Barrit, Denmark",,,,,,,,,,,Kho lạnh bảo quản,https://www.facebook.com/aarstiderne
134,Smyril Line Cargo Danmark ApS,,,'+4598309600,https://www.smyrillinecargo.com,rotterdam@cargo.fo,,"Erik Sondrups Vej 10, 9850 Hirtshals",,,,,,,,,,,Kho lạnh bảo quản,https://www.facebook.com/smyrillinecargo
135,Basic Food ApS,,,'+4544944327,http://www.basicfood.dk,info@basicfood.dk,,"Ådalen 3, 4600 Køge",,,,,,,,,,,Kho lạnh bảo quản,
136,"OLE LARSEN TRANSPORT A/S, Lager",,,'+4587476040,https://www.olelarsen.dk,spl@olelarsen.dk,,"Dalgårdsvej 7, 8220 Brabrand",,,,,,,,,,,Kho lạnh bảo quản,https://www.facebook.com/olelarsentransportdk
137,Grøn Fokus Frostlager,,,,https://gronfokus.dk,,,"Sorøvej 84, 4200 Slagelse",,,,,,,,,,,Kho lạnh bảo quản,
138,JANAX A/S,,,'+4533117123,http://www.janax.dk/,,,"Priorparken 849, 2605 Brøndby, Denmark",,,,,,,,,,,Kho lạnh bảo quản,
139,"Samsø Catering, Samsø Transport",,,,,,,"Marsk Stigs Vej 20 B, 8305 Samsø",,,,,,,,,,,Kho lạnh bảo quản,
140,Sardegna Import,,,,,,,"Meterbuen 6, 7, 2740 Skovlunde",,,,,,,,,,,Cơ sở bọc màng và tái đóng gói; Kho lạnh bảo quản,
141,"Them Mejeri A/S, Ostelager",,,,,,,"Industrivej 4N, 8653 Them",,,,,,,,,,,Kho lạnh bảo quản,
142,FOOD WITH YOU ApS,,,'+4543584080,http://foodwithyou.com/,,,"Frostvej 14, 7100 Vejle, Denmark",,,,,,,,,,,Kho lạnh bảo quản,
143,Larsen Fine Food ApS,,,'+4531475069,https://www.larsenfinefood.dk/,kontakt@larsenfinefood.dk,,"Ægirsvej 15, 3400 Hillerød, Denmark",,,,,,,,,,,Cơ sở bọc màng và tái đóng gói,https://www.facebook.com/larsenfinefood
144,HAVI LOGISTICS,,,'+4575725088,https://www.havi.com/,,,"Vejleåvej 11B, 2635 Ishøj, Denmark",,,,,,,,,,,Kho lạnh bảo quản,
145,SVEND E. SØRENSEN SPEDITION A/S,,,'+4570224156,http://www.sves.dk/,booking@sves.dk,,"Ravnhavevej 1, 6070 Christiansfeld, Denmark",,,,,,,,,,,Kho lạnh bảo quản,
146,MAMMA PRODUCTION A/S,,,,https://mammaproduction.com,info@mammaproduction.com,,"Bygmarken 25, 3520 Farum",,,,,,,,,,,Kho lạnh bảo quản,
147,BÄKO ApS,,,,,,,"Visherredsvej 12, 6330 Padborg",,,,,,,,,,,Kho lạnh bảo quản,
148,Condi ApS,,,'+4536752255,https://condi.dk/,info@condi.dk,,"Roskildevej 30, 2620 Albertslund, Denmark",,,,,,,,,,,Cơ sở bọc màng và tái đóng gói,https://www.facebook.com/Condi.dk
149,Chrisfish Danmark A/S,,,'+4596202100,http://www.chrisfish.dk/,chrisfish@chrisfish.dk,,"Nordhavnsvej 18, 9900 Frederikshavn, Denmark",,,,,,,,,,,Kho lạnh bảo quản; Nhà máy chế biến; Nhà máy chế biến sản phẩm thủy sản tươi sống,https://www.facebook.com/Chrisfish-Danmark-AS-104193154747884
150,Capri Import ApS,,,'+4550251894,http://www.capriimport.dk/,info@capriimport.dk,,"Ribevej 6, 8940 Randers, Denmark",,,,,,,,,,,Kho lạnh bảo quản,
151,GOLDEN FOODS ApS,,,'+4533222225,http://goldenfoods.dk/,,,"Nyager 4, 2605 Brøndby, Denmark",,,,,,,,,,,Kho lạnh bảo quản,
152,Leziz Food ApS,,,'+4570500444,http://leziz.dk/,,,"Broenge 1, 2635 Ishøj, Denmark",,,,,,,,,,,Kho lạnh bảo quản,
153,Ispirazione,,,'+4561307168,https://aaboulevarden.dk/,,,"Åboulevarden 82, 8000 Aarhus, Denmark",,,,,,,,,,,Kho lạnh bảo quản,
154,SWEETKITCHEN ENGROS ApS,,,'+4533151287,http://www.sweetkitchen-engros.dk/,salg@sweetkitchen-engros.dk,,"Sortevej 8A, 8543 Hornslet, Denmark",,,,,,,,,,,Cơ sở bọc màng và tái đóng gói,https://www.facebook.com/SweetkitchenDenmark
155,Nørresundby Rederi & Shipping af 2017 A/S M/V ULLA,,,'+4598775577,https://nrsbshipping.dk/?lang=en,hbc@nrsbshipping.dk,,"Pakhuset, Østre Havnegade 18, 1. th, 9000 Aalborg, Denmark",,,,,,,,,,,Tàu lạnh (tàu chở hàng bảo quản lạnh),
156,Urtegaarden ApS,,,'+4586480011,http://www.urtegaarden.dk/,urtegaarden@urtegaarden.dk,,"Aldershvilevej 1, 8961 Allingåbro, Denmark",,,,,,,,,,,Cơ sở bọc màng và tái đóng gói,https://www.facebook.com/urtegaarden
157,"Arla Foods amba Hoco , Engroslager, Jens Hvidbergs Vej 11",,,,https://www.arlafoodsingredients.com,,,"Jens Hvidbergs Vej 11, 7500 Holstebro",,,,,,,,,,,Kho lạnh bảo quản,https://www.facebook.com/arlaingredients
158,"KFT Jylland, Lager KBH",,,'+4533310401,https://kft.dk,kft@kft.dk,,"Jernholmen 40, 2650 Hvidovre",,,,,,,,,,,Kho lạnh bảo quản,https://www.facebook.com/KFT-K%C3%B8dbyens-Foodservice-1063331680532917
159,"Arla Foods Ingredients Group P/S, Danmark Protein, Engroslager",,,,http://www.arlafoodsingredients.com/,,,"Ruta Prov. No.1 Km. 37, X2415 Porteña, Córdoba, Argentina",,,,,,,,,,,Cơ sở bọc màng và tái đóng gói,https://www.facebook.com/arlaingredients
160,Fuco & Giano Import,,,,,,,"Njalsgade 23, 2300 København S",,,,,,,,,,,Kho lạnh bảo quản,
161,Inter Dairy Food ApS,,,'+4542230758,http://intfood.dk/,hk@intfood.dk,,"Dalager 9, 2605 Brøndby, Denmark",,,,,,,,,,,Kho lạnh bảo quản,
162,"BØNNERUP FISKERIFORENING, Kølerum",,,'+4586386921,https://fiskeriforening.dk,,,"Beddingsvej 5, 8585 Bønnerup Strand, Denmark",,,,,,,,,,,Kho lạnh bảo quản,
163,"Hals Fiskeriforening, Fælles kølelager på Lodsvej 1",,,'+4520133357,,,,"Tværgade 13, 9370 Hals, Denmark",,,,,,,,,,,Kho lạnh bảo quản,
164,Arla Foods amba Esbjerg Færdigvarelager (ekstern),,,,https://www.arla.com,pressoffice@arlafoods.com,,"Alssundvej 2-4, 6705 Esbjerg Ø",,,,,,,,,,,Cơ sở bọc màng và tái đóng gói,https://www.facebook.com/arla
165,THERMO-TRANSIT Danmark A/S,,,'+4573474747,https://thermo-transit.com,post@thermo-transit.com,,"Omfartsvejen 1, 6330 Padborg",,,,,,,,,,,Kho lạnh bảo quản,https://www.facebook.com/p/Thermo-Transit-Norge-AS-100063462403894
166,Gilleleje Sild,,,,,,,"Stæremosen 56, 3250 Gilleleje",,,,,,,,,,,Kho lạnh bảo quản,
167,Procudan A/S,,,,https://procudan.com,pro@procudan.com,,"Bronzevej 1, 6000 Kolding",,,,,,,,,,,Cơ sở bọc màng và tái đóng gói,
168,Color Line Danmarks A/S - Lageret,,,,https://www.colorline.com,,,"Niels Juelsvej 2-4, 9850 Hirtshals",,,,,,,,,,,Kho lạnh bảo quản,https://www.facebook.com/colorline
169,Chr. Hansen A/S,,,,,,,"Jernholmen 1-27, 2650 Hvidovre",,,,,,,,,,,Kho lạnh bảo quản; Nhà máy chế biến,
170,DKK Engros,,,,https://www.dkk.dk,post@dkk.dk,,"Roholmsvej 17L, 2620 Albertslund",,,,,,,,,,,Kho lạnh bảo quản,
171,Royal-Skagen ApS,,,,https://www.royal-skagen.dk,tcr@royal-skagen.dk,,"Jennetvej 312, 9982 Ålbæk",,,,,,,,,,,Kho lạnh bảo quản,
172,Orkla Care A/S,,,'+4543565656,http://www.orklacare.dk/,,,"Industrigrenen 10, 2635 Ishøj, Denmark",,,,,,,,,,,Cơ sở bọc màng và tái đóng gói,
173,"CAMETTE ApS, Kosttilskud",,,'+4575470555,https://www.camette.dk/?utm_source=jfm&utm_medium=gmb&utm_campaign=GBP&utm_term=websiteknap,camette@camette.dk,,"Lillebæltsvej 47, 6715 Esbjerg, Denmark",,,,,,,,,,,Cơ sở bọc màng và tái đóng gói,
174,"Mezina A/S, Kosttilskud",,,'+4575181611,http://www.mezina.dk/,kundeservice@mezina.dk,,"Energivej 4, 6700 Esbjerg, Denmark",,,,,,,,,,,Cơ sở bọc màng và tái đóng gói,https://www.facebook.com/mezinadanmark
175,BIOSYM A/S,,,'+4597252015,https://biosym.dk/,info@biosym.dk,,"Lene Haus Vej 25, 7430 Ikast, Denmark",,,,,,,,,,,Cơ sở bọc màng và tái đóng gói,https://www.facebook.com/BiosymDanmark
176,"IFT Denmark ApS, Stade 2028",,,,https://iftdenmark.dk,info@iftdenmark.dk,,"Litauen Alle 13 2028, 2630 Taastrup",,,,,,,,,,,Kho lạnh bảo quản,
177,Fjord Logistics ApS,,,,http://fjord-group.dk,,,"Industrivej 26B, 6330 Padborg",,,,,,,,,,,Kho lạnh bảo quản,
178,HB Import ApS,,,'+4531219461,,,,"Paul Bergsøes Vej 47, 2600 Glostrup, Denmark",,,,,,,,,,,Kho lạnh bảo quản,
179,Natoora Denmark ApS,,,,https://natoora.com,flavor-mia@natoora.com,,"Færgehavnsvej 36, 2150 København, Denmark",,,,,,,,,,,Kho lạnh bảo quản,
180,GMPACK ApS,,,'+4598572944,http://www.gmpack.dk/,gmpack@gmpack.dk,,"Plastvænget 9, 9560 Hadsund, Denmark",,,,,,,,,,,Cơ sở bọc màng và tái đóng gói,
181,EMBORG CATERING Aps,,,'+4526334319,https://emborgcatering.dk,info@emborgcatering.dk,,"Vardevej 1, 9220 Aalborg Øst",,,,,,,,,,,Kho lạnh bảo quản,https://www.facebook.com/emborgcateringb2b
182,DFDS Køletransport A/S Herning,,,,https://www.dfds.com,email@dfds.info,,"Hedelandsvej 18, 7400 Herning",,,,,,,,,,,Kho lạnh bảo quản,https://www.facebook.com/dfdsukire
183,Lactalis Danmark A/S,,,'+4548288344,http://www.lactalis.dk/,job@dk.lactalis.com,,"Industrivej 14C, 3320 Skævinge, Denmark",,,,,,,,,,,Kho lạnh bảo quản,
184,FiskeLogistik Gruppen,,,'+4570211200,https://fiskelogistik.com,jso@fiskelogistik.com,,"Havnen 4, 4600 Køge",,,,,,,,,,,Kho lạnh bảo quản,
185,Sorrento Import ApS,,,'+4550164869,http://www.sorrentoimport.dk/,info@sorrentoimport.dk,,"Bygning, Meterbuen 6-12, 4f, 2740 Skovlunde, Denmark",,,,,,,,,,,Kho lạnh bảo quản,https://www.facebook.com/sorrentoimport.dk
186,"TEK Food ApS, Stade 2021 & 2022",,,'+4531393911,https://tekfood.dk/,ordre@tekfood.dk,,"Litauen Alle 13, 2630 Taastrup, Denmark",,,,,,,,,,,Kho lạnh bảo quản,
187,Bornholmslinjen Lager,,,'+4570900100,https://www.bornholmslinjen.com,kundeservice@bornholmslinjen.dk,,"Finlandsvej 5, 3700 Rønne",,,,,,,,,,,Kho lạnh bảo quản,
188,Larsen Fine Food vest,,,'+4593886216,http://www.larsenfinefood.dk/,kontakt@larsenfinefood.dk,,"Vejlevej 357D, 6000 Kolding, Denmark",,,,,,,,,,,Kho lạnh bảo quản,https://www.facebook.com/larsenfinefood
189,NATUPHARMA A/S,,,'+4558544161,http://natupharma.co.uk/,info@natupharma.dk,,"Sorøvej 26, 4291 Ruds-Vedby, Denmark",,,,,,,,,,,Cơ sở bọc màng và tái đóng gói,
190,SC Food ApS,,,,http://scfood.dk,info@scfood.dk,,"Seggelund Hovedvej 2, 6070 Christiansfeld, Denmark",,,,,,,,,,,Cơ sở bọc màng và tái đóng gói; Kho lạnh bảo quản,
191,"Lin´s Trading ApS, A&K Foodservice",,,,,,,"Prangervej 105, 7000 Fredericia",,,,,,,,,,,Kho lạnh bảo quản,
192,FiskeLogistk Gruppen,,,,,,,"Slagelse Landevej 131, 4241 Vemmelev",,,,,,,,,,,Kho lạnh bảo quản,
193,PBE Foods ApS,,,,,,,"Lundevej 7, 4030 Tune",,,,,,,,,,,Kho lạnh bảo quản,
194,Venmark Fisk A/S,,,'+4598945965,https://venmark.dk/,fisk@venmark.dk,,"Søndergade 50, 9850 Hirtshals, Denmark",,,,,,,,,,,Cơ sở bọc màng và tái đóng gói; Kho lạnh bảo quản; Nhà máy chế biến sản phẩm thủy sản tươi sống; Nhà máy chế biến,https://www.facebook.com/VenmarkFisk
195,"JemoPharm A/S, Kosttilskud",,,,,,,"Hasselvej 1, 4780 Stege",,,,,,,,,,,Cơ sở bọc màng và tái đóng gói,
196,BM FOOD ApS,,,,https://www.bmfood.dk,info@bmfood.dk,,"Hørskætten 20, 2630 Taastrup, Denmark",,,,,,,,,,,Kho lạnh bảo quản,
197,THYBORØN STEVEDORE A/S,,,'+4596908808,http://stevedor.dk/,info@stevedor.dk,,"Havnegade 15, 7680 Thyborøn, Denmark",,,,,,,,,,,Kho lạnh bảo quản,
198,"Hao Trading Aps, Lager",,,'+4532548588,https://haota.goldsupplier.com,,,"Jernholmen 46, 2650 Hvidovre, Denmark",,,,,,,,,,,Cơ sở bọc màng và tái đóng gói; Kho lạnh bảo quản,
199,"HARALD IVERSEN & SØN A/S, Frostlager",,,,,,,"Havnegade 15, 7680 Thyborøn",,,,,,,,,,,Kho lạnh bảo quản,
200,1920 ApS,,,,,,,"Lille Strandstræde 14B, kl., 1254 København K",,,,,,,,,,,Cơ sở bọc màng và tái đóng gói; Kho lạnh bảo quản,
201,Novasel EU ApS,,,'+4563230002,https://novasel.dk/,info@novasel.dk,,"Skårup Tværvej 11, 5881 Skårup, Denmark",,,,,,,,,,,Cơ sở bọc màng và tái đóng gói,https://www.facebook.com/Novasel-DK-229201570779153
202,Blue Water Shipping A/S,,,,,,,"Oceanvej 11, 8000 Aarhus C",,,,,,,,,,,Kho lạnh bảo quản,
203,"Thai Fresh Import/Eksport ApS, Stade 2027",,,,https://thaifreshimport.dk,,,"Litauen Alle 13, 2630 Taastrup",,,,,,,,,,,Kho lạnh bảo quản,
204,Steensgaard Ost,,,,https://odense.steensgaard.dk,odense@steensgaard.dk,,"Steensgaard 3, 5642 Millinge",,,,,,,,,,,Cơ sở bọc màng và tái đóng gói,https://www.facebook.com/Klingenbergost
205,Jysk Firmafrugt,,,'+4574744414,https://jyskfirmafrugt.dk/,info@jyskfirmafrugt.dk,,"Vestermarksvej 38, 6200 Kliplev, Denmark",,,,,,,,,,,Kho lạnh bảo quản,
206,CARL J. NIELSEN A/S,,,,,,,"Nyholmsvej 16, 8930 Randers NØ",,,,,,,,,,,Cơ sở bọc màng và tái đóng gói,
207,Limfjords hummer fisk og skaldyr,,,,,,,"Dornen 6, 7850 Stoholm Jyll",,,,,,,,,,,Kho lạnh bảo quản,
208,European Freeze Dry Aps,,,'+4546400200,https://europeanfreezedry.com,sales@europeanfreezedry.com,,"Hovedgaden 2A, 4050 Skibby, Denmark",,,,,,,,,,,Kho lạnh bảo quản; Nhà máy chế biến,
209,LD consulting,,,,https://ldaiconsulting.com,,,"Havnevej 11, 3300 Frederiksværk",,,,,,,,,,,Kho lạnh bảo quản,
210,Multimarketing Food & Packaging,,,,https://foodfromdenmark.com,,,"Åvænget 9, 6823 Ansager",,,,,,,,,,,Cơ sở bọc màng và tái đóng gói,
211,Skrillinge Strand Bundgarnsfiskeri,,,,,,,"Skrillinge Strand 22, 5500 Middelfart",,,,,,,,,,,Cơ sở bọc màng và tái đóng gói; Kho lạnh bảo quản,
212,"Arla Foods Distribution A/S, Hobro",,,,https://www.arla.com,pressoffice@arlafoods.com,,"Skivevej 39, 9500 Hobro",,,,,,,,,,,Kho lạnh bảo quản,https://www.facebook.com/arla
213,Scandic Salmon A/S,,,'+4582828281,http://www.scandicsalmon.dk/,,,"Lemvigvej 36, 7620 Klinkby, Denmark",,,,,,,,,,,Kho lạnh bảo quản; Nhà máy chế biến sản phẩm thủy sản tươi sống; Nhà máy chế biến,
214,Ahaaa Engros ApS,,,'+4535390085,http://ahaaa.dk/,info@ahaaa.dk,,"Blågårdsgade 21, 2200 København, Denmark",,,,,,,,,,,Cơ sở bọc màng và tái đóng gói; Kho lạnh bảo quản,https://www.facebook.com/Ahaaa.dk
215,"Dansk Farmaceutisk Industri A/S, Kosttilskud",,,,,,,"Dam Enge 4, 3660 Stenløse",,,,,,,,,,,Cơ sở bọc màng và tái đóng gói,
216,"Kraghøjgaard Gårdbutik, Engros Frost Lager",,,,,,,"Høgevej 3, 7700 Thisted",,,,,,,,,,,Kho lạnh bảo quản,
217,TREATMENT PHARMA ApS,,,,http://treatmentpharma.com/,,,"Ove Jensens Allé 35K, 8700 Horsens, Denmark",,,,,,,,,,,Cơ sở bọc màng và tái đóng gói,
218,Tayyib food Lager,,,'+4538109282,https://tayyibfood.dk/,info@tayyibfood.dk,,"Hassellunden 11B, 2765 Smørum, Denmark",,,,,,,,,,,Kho lạnh bảo quản,https://www.facebook.com/tayyibfood
219,"CPH Food Network, Lager",,,,https://www.cph.dk,cph@cph.dk,,"Bådehavnsgade 48, 2450 København SV",,,,,,,,,,,Kho lạnh bảo quản,https://www.facebook.com/cphairport
220,HOUSE OF WINDSOR ApS,,,,http://www.houseofwindsor.dk/,ls@houseofwindsor.dk,,"Bådehavnsgade 48, 2450 København, Denmark",,,,,,,,,,,Kho lạnh bảo quản,
221,Almega A/S,,,,https://almega.dk,jg@almega.dk,,"Sleipnersvej 23, 4100 Ringsted",,,,,,,,,,,Cơ sở bọc màng và tái đóng gói,
222,ESPERIENZE Gianluca Barbisan,,,'+4570220125,https://www.esperienze.dk/,,,"Middelfartvej 63H, 5492 Vissenbjerg, Denmark",,,,,,,,,,,Kho lạnh bảo quản,
223,Kotra Logistics Denmark A/S,,,'+4574672711,https://www.kotra.nl/,info@kotra.nl,,"Hermesvej 14, 6330 Padborg, Denmark",,,,,,,,,,,Kho lạnh bảo quản,https://www.facebook.com/KotraLogistics
224,Green Goddess ApS,,,'+4553889975,http://www.greengoddess.dk/,hej@greengoddess.dk,,"Bøgekildevej 30N, 8361 Aarhus, Denmark",,,,,,,,,,,Cơ sở bọc màng và tái đóng gói,https://www.facebook.com/greengoddessguide
225,AB CATERING KØBENHAVN A/S,,,,https://abcatering.dk,,,"Ventrupvej 18A, 2670 Greve",,,,,,,,,,,Kho lạnh bảo quản,
226,Organic Market Lager,,,'+4593107777,https://organicmarket.dk,greve@organicmarket.dk,,"Roskildevej 17, 4622 Havdrup",,,,,,,,,,,Kho lạnh bảo quản,https://www.facebook.com/organicmarketdk
227,Ume Asian Supermarket - Lager,,,'+4536212101,http://umefood.dk/en,,,"Amagerbrogade 112, 2300 København, Denmark",,,,,,,,,,,Kho lạnh bảo quản,
228,BHS Logistics A/S,,,'+4587387400,https://bhslogistics.dk,mail@bhslogistics.dk,,"Egedesvej 40, 4600 Køge",,,,,,,,,,,Kho lạnh bảo quản,https://www.facebook.com/bhslogistics
229,FS DK ApS,,,'+4536898015,http://www.flyingseafood.dk/,,,"Vesterbrogade 149, 1620 København, Denmark",,,,,,,,,,,Cơ sở bọc màng và tái đóng gói; Kho lạnh bảo quản,https://www.facebook.com/fsgfoods
230,OLE LARSEN TRANSPORT A/S,,,'+4587476040,https://www.olelarsen.dk,spl@olelarsen.dk,,"Greve Main 36, 2670 Greve",,,,,,,,,,,Kho lạnh bảo quản,https://www.facebook.com/olelarsentransportdk
231,L'Uva ApS,,,,,,,"Værkstedvej 67, kld., 2500 Valby",,,,,,,,,,,Cơ sở bọc màng và tái đóng gói; Kho lạnh bảo quản,
232,Arla Foods Amba Hobro Mejericenter,,,,https://www.arla.com,pressoffice@arlafoods.com,,"Skivevej 43, 9500 Hobro",,,,,,,,,,,Kho lạnh bảo quản,https://www.facebook.com/arla
233,Den Bornholmske Gårdbutiks Leverandører,,,,,,,"Bjergebakkevejen 2, 3700 Rønne",,,,,,,,,,,Kho lạnh bảo quản,
234,"Jysk seafood , Engros",,,'+4570808190,https://jysk.dk/butikker-og-abningstider/soenderborg/centerpassagen?utm_source=google_maps&utm_medium=organic&utm_campaign=retail_store_D030,kundeservice@jysk.com,,"Centerpassagen 24, 6400 Sønderborg, Denmark",,,,,,,,,,,Kho lạnh bảo quản,https://www.facebook.com/JYSK.dk
235,WFS Cargocenter,,,,,,,"Kystvejen 32, 2770 Kastrup",,,,,,,,,,,Kho lạnh bảo quản,
236,Norlin Wagyu ApS,,,'+4526789999,http://norlinwagyu.com/,info@norlinwagyu.dk,,"Jenslevvej 50, 4070 Kirke Hyllinge, Denmark",,,,,,,,,,,Kho lạnh bảo quản,https://www.facebook.com/NorlinWagyu
237,"BRDR. KJÆR ApS IMPORT & EXPORT, Stade 2008",,,'+4536302918,https://brdrkjaer.dk,info@brdrkjaer.dk,,"Litauen Alle 13, 2630 Høje Taastrup, Denmark",,,,,,,,,,,Kho lạnh bảo quản,
238,"Rønhøjgaard, Engros salg",,,,,,,"Gunderupvej 26, 9640 Farsø",,,,,,,,,,,Kho lạnh bảo quản,
239,BJERREFISK A/S,,,'+4598421611,http://www.bjerrefisk.dk/,bjerrefisk@bjerrefisk.dk,,"Fiskerihavnsgade 11A, 9900 Frederikshavn, Denmark",,,,,,,,,,,Kho lạnh bảo quản; Nhà máy chế biến,
240,Boys Import,,,,,,,"Rosbjergvej 22R, 8220 Brabrand",,,,,,,,,,,Kho lạnh bảo quản,
241,Scandic Salmon Moeskjærvej,,,'+4582828281,http://www.scandicsalmon.dk/,fn@scandicsalmon.dk,,"Lemvigvej 36, 7620 Klinkby, Denmark",,,,,,,,,,,Kho lạnh bảo quản,https://www.facebook.com/Scandicsalmon
242,Takryma,,,'+4557612143,https://dansktraemel.com/da/rogprodukter-forhandler,dt@dansktraemel.dk,,"Vibevej 30, 4100 Ringsted, Denmark",,,,,,,,,,,Kho lạnh bảo quản,
243,Interfood,,,'+4550378185,https://interfood.dk,kontakt@interfood.dk,,"Krogsgårdsvej 6, 8620 Kjellerup",,,,,,,,,,,Kho lạnh bảo quản,
244,Jasmin-dk Import & Export,,,,,,,"Dalgårdsvej 17, 8220 Brabrand",,,,,,,,,,,Kho lạnh bảo quản,
245,KAJ MADSEN A/S,,,,https://kajmadsen.dk,info@kajmadsen.dk,,"Venusvej 27, 6000 Kolding",,,,,,,,,,,Kho lạnh bảo quản,
246,Tuttitalia,,,,https://www.tuttitalia.it,,,"Fabriksparken 23, 2600 Glostrup",,,,,,,,,,,Kho lạnh bảo quản,https://www.facebook.com/tuttitalia
247,Butcher-CPH ApS,,,,http://butcher-cph.com,,,"Kødboderne 7-9, 1717 København V",,,,,,,,,,,Kho lạnh bảo quản,
248,Mekong Lager,,,,https://mekonggroup.com.vn,,,"Røllikevej 7, 9310 Vodskov",,,,,,,,,,,Kho lạnh bảo quản,https://www.facebook.com/mekongfood.com.vn
249,Mygross ApS,,,,https://mygross.dk,info@mygross.dk,,"Ribevej 6, 8940 Randers SV",,,,,,,,,,,Kho lạnh bảo quản,
250,Niels Thams ApS,,,,,,,"Geminivej 29, 2670 Greve",,,,,,,,,,,Kho lạnh bảo quản,
251,MyChampagne ApS,,,'+4525759393,http://www.mychampagne.dk/,kontakt@mychampagne.dk,,"Ørbyhage 87, 6100 Haderslev, Denmark",,,,,,,,,,,Kho lạnh bảo quản,https://www.facebook.com/MyChampagneApS
252,"H410 Barrett, Frysecontainer",,,,,,,"Færgevejen 2, 3390 Hundested",,,,,,,,,,,Kho lạnh bảo quản,
253,SIF Food Solutions Vestmorsvej 56,,,'+4531152221,https://siffood.dk/,info@siffood.dk,,"Vestmorsvej 56, 7900 Nykøbing Mors, Denmark",,,,,,,,,,,Cơ sở bọc màng và tái đóng gói,
254,YunExpress Denmark ApS,,,,http://www.yunexpress.com/,info@yunexpress.com,,"Kystvejen 30, 2770 Kastrup",,,,,,,,,,,Kho lạnh bảo quản,https://www.facebook.com/yunexpresschina
255,Kødbilen ApS,,,'+4544440444,https://www.kodbilen.dk/,kontakt@kodbilen.dk,,"Literbuen 9, 2740 Skovlunde, Denmark",,,,,,,,,,,Kho lạnh bảo quản,https://www.facebook.com/kodbilen
256,"COPENHAGEN MALMÖ PORT, FILIAL AF COPENHAGEN MALMÖ PORT AB, SVERIGE",,,'+4535461111,http://cmport.com/,cmport@cmport.com,,"Containervej 9, 2150 København, Denmark",,,,,,,,,,,Kho lạnh bảo quản,https://www.facebook.com/copenhagenmalmoport
257,Silvaco A/S,,,'+4548240222,http://www.silvaco.eu/,hello@silvaco.eu,,"Krakasvej 10, 3400 Hillerød, Denmark",,,,,,,,,,,Cơ sở bọc màng và tái đóng gói,
258,"Arla Foods amba, Holstebro Mejeri, Lager",,,,https://www.arla.com,pressoffice@arlafoods.com,,"Hjermvej 3, 7500 Holstebro",,,,,,,,,,,Kho lạnh bảo quản,https://www.facebook.com/arla
259,Vendsyssel Gourmet Lager,,,,,,,"Gothersgade 135, kl, 1123 København K",,,,,,,,,,,Cơ sở bọc màng và tái đóng gói; Kho lạnh bảo quản,
260,Maersk Logistics & Services Denmark A/S,,,,https://www.maersk.com,mlmobilitysolutions@maersk.com,,"Prinsessens Kvarter 13, 7000 Fredericia",,,,,,,,,,,Kho lạnh bảo quản,https://www.facebook.com/Maersk
261,Derman A/S,,,,https://derman.dk,info@derman.dk,,"Sintrupvej 23, 8220 Brabrand",,,,,,,,,,,Kho lạnh bảo quản,
262,SAS Ground Handling A/S,,,,https://www.sasgroup.net,,,"Petersdalvej 1, Postboks 152, 2770 Kastrup",,,,,,,,,,,Kho lạnh bảo quản,https://www.facebook.com/SAS
263,Delidrengene ApS,,,'+4540615224,https://delidrengene.dk,sales@delidrengene.dk,,"Greve Main 9, 2670 Greve",,,,,,,,,,,Cơ sở bọc màng và tái đóng gói; Kho lạnh bảo quản,https://www.facebook.com/delidrengene
264,Kryta Langebjerg 12,,,,https://kryta.dk,info@kryta.dk,,"Langebjerg 12, 4000 Roskilde, Denmark",,,,,,,,,,,Cơ sở bọc màng và tái đóng gói,
265,All Food ApS,,,'+4531624116,http://allfood.dk/bestilling/kontakt/,info@allfood.dk,,"Falstervej 3, 5800 Nyborg, Denmark",,,,,,,,,,,Kho lạnh bảo quản,
266,Tesori del gusto meridionale.aps,,,,,,,"Vassingerødvej 141, 3540 Vassingerød, Denmark",,,,,,,,,,,Kho lạnh bảo quản,
267,AsiaGo A/S / Fryse og kølecontainer,,,,https://www.asiago.to,info@asiago.to,,"Baldersbuen 18, 2640 Hedehusene",,,,,,,,,,,Cơ sở bọc màng và tái đóng gói; Kho lạnh bảo quản,https://www.facebook.com/iatasiago
268,SPS - Skagen Port Service ApS,,,,,,,"Auktionsvej 14, 9990 Skagen",,,,,,,,,,,Kho lạnh bảo quản,
269,Frugt.dk ApS,,,'+4536307200,http://www.frugt.dk/,frugt@frugt.dk,,"Herstedøstervej 25, 2620 Albertslund, Denmark",,,,,,,,,,,Kho lạnh bảo quản,
270,Argo Seafood A/S,,,,https://www.argo-seafood.com/,mlb@argo-seafood.dk,,"Bådebrogade 2, 6700 Esbjerg, Denmark",,,,,,,,,,,Kho lạnh bảo quản,
271,Kon Food ApS,,,'+4560137013,,,,"Paul Bergsøes Vej 17, 2600 Glostrup, Denmark",,,,,,,,,,,Kho lạnh bảo quản,
272,Danfoods ApS,,,'+4572170097,https://danfoods.dk,info@danfoods.dk,,"Vejleåvej 54, 2635 Ishøj",,,,,,,,,,,Kho lạnh bảo quản; Cơ sở / xưởng pha lóc (thịt); Cơ sở chế biến thịt xay; Cơ sở sơ chế / chuẩn bị thịt,https://www.facebook.com/danfoodsaarhus
273,ECO FOOD PACKAGING ApS,,,,,,,"industrivænget 22B, 4622 Havdrup",,,,,,,,,,,Kho lạnh bảo quản,
274,Lekapharm A/S,,,'+4562272793,https://lekaform.dk/?utm_source=gmb&utm_medium=organic&utm_campaign=website_link,,,"Industrivej 8, 5772 Kværndrup, Denmark",,,,,,,,,,,Cơ sở bọc màng và tái đóng gói,
275,Fiskelogistik Gruppen A/S,,,'+4570211200,https://fiskelogistik.com,jso@fiskelogistik.com,,"Nordvej 12, 9900 Frederikshavn",,,,,,,,,,,Kho lạnh bảo quản,
276,Spodsbjerg Fiskerihavn,,,,https://www.spodsbjerg.com,,,"Spodsbjerg Havn, 5900 Rudkøbing",,,,,,,,,,,Kho lạnh bảo quản,
277,Danish Crown,,,'+4589191919,https://www.danishcrown.com,,,"Langbro 7, Blans, 6400 Sønderborg",,,,,,,,,,,Kho lạnh bảo quản; Cơ sở / xưởng pha lóc (thịt); Lò giết mổ; Cơ sở bọc màng và tái đóng gói; Cơ sở tách thịt cơ học (thịt tách xương bằng máy); Cơ sở sơ chế / chuẩn bị thịt; Cơ sở chế biến thịt xay; Nhà máy chế biến,
278,Himmerlandskød A/S,,,,,,,"Nordre Ringvej 99, 9620 Aalestrup",,,,,,,,,,,Cơ sở / xưởng pha lóc (thịt); Lò giết mổ; Cơ sở chế biến thịt xay,
279,OK Snacks A/S,,,'+4575772888,https://www.ok-snacks.dk,ok@ok-snacks.dk,,"Holmevej 6, 7361 Ejstrupholm",,,,,,,,,,,Cơ sở / xưởng pha lóc (thịt); Nhà máy chế biến,
280,Danish Crown A/S,,,'+4589191919,https://www.danishcrown.com/da-dk/,,,"Danish Crown Vej 1, 8940 Randers, Denmark",,,,,,,,,,,Cơ sở / xưởng pha lóc (thịt); Kho lạnh bảo quản; Cơ sở sơ chế / chuẩn bị thịt; Cơ sở chế biến thịt xay; Nhà máy chế biến,https://www.facebook.com/DanishcrownDK
281,Tican Fresh Meat A/S,,,'+4599192300,https://www.tican.dk/,,,"Strandvejen 6, 7700 Thisted, Denmark",,,,,,,,,,,Kho lạnh bảo quản; Cơ sở / xưởng pha lóc (thịt); Lò giết mổ; Nhà máy chế biến,
282,"Svendborg Slagtehus A/S, Slagteri",,,'+4562213278,,,,"Porthusvej 75, 5700 Svendborg, Denmark",,,,,,,,,,,Cơ sở bọc màng và tái đóng gói; Kho lạnh bảo quản; Cơ sở / xưởng pha lóc (thịt); Lò giết mổ,
283,GLUMSØ SLAGTEHUS APS,,,'+4557646003,http://www.danishporkmeat.com/,info@danishporkmeat.com,,"Søvej 5, 4171 Glumsø, Denmark",,,,,,,,,,,Kho lạnh bảo quản; Cơ sở / xưởng pha lóc (thịt); Lò giết mổ,
284,Danish Pork Meat ApS,,,'+4555547500,http://www.danishporkmeat.com/,info@danishporkmeat.com,,"Rugvænget 8, 4200 Slagelse, Denmark",,,,,,,,,,,Cơ sở bọc màng và tái đóng gói; Kho lạnh bảo quản; Cơ sở / xưởng pha lóc (thịt); Nhà máy chế biến,
285,DanePork A/S,,,'+4575883866,http://www.danepork.dk/,info@danepork.dk,,"Tørskindvej 19, 7183 Store Lihme, Denmark",,,,,,,,,,,Cơ sở / xưởng pha lóc (thịt); Lò giết mổ; Nhà máy chế biến,
286,Slagter Theilgaard A/S,,,,https://www.slagtertheilgaard.dk,info@slagtertheilgaard.dk,,"Oddesundvej 25, 6715 Esbjerg N",,,,,,,,,,,Cơ sở / xưởng pha lóc (thịt); Cơ sở chế biến thịt xay; Cơ sở sơ chế / chuẩn bị thịt; Nhà máy chế biến,https://www.facebook.com/slagtertheilgaard
287,"JN MEAT ApS, Genz Kød",,,'+4558580202,https://jnmeat.dk,ordre@jnmeat.dk,,"Elmedalsvej 8, 4200 Slagelse",,,,,,,,,,,Cơ sở / xưởng pha lóc (thịt); Cơ sở chế biến thịt xay; Cơ sở sơ chế / chuẩn bị thịt; Nhà máy chế biến,https://www.facebook.com/www.jnmeat.dk
288,Moesgaard Meat 2012 A/S,,,'+4597432326,https://moesgaardmuseum.dk,info@moesgaardmuseum.dk,,"Naurvej 3A, 7500 Naur, Denmark",,,,,,,,,,,Kho lạnh bảo quản; Cơ sở / xưởng pha lóc (thịt); Lò giết mổ; Nhà máy chế biến,https://www.facebook.com/MoesgaardMuseum
289,"Henrik Hansen, Slagteri",,,'+4559179191,https://slagterenivipperoed.dk/,henrik@slagterenivipperoed.dk,,"Roskildevej 292, 4390 Vipperød, Denmark",,,,,,,,,,,Kho lạnh bảo quản; Cơ sở / xưởng pha lóc (thịt); Lò giết mổ,https://www.facebook.com/slagterenivipperod
290,"Stensved Slagtehus ApS , Slagteri",,,,https://stensvedslagtehus.dk,,,"Vådebjergvej 2, 4773 Stensved",,,,,,,,,,,Kho lạnh bảo quản; Cơ sở / xưởng pha lóc (thịt); Lò giết mổ; Cơ sở chế biến thịt xay,https://www.facebook.com/stensvedslagtehus.dk
291,"Bjergstedslagteren ApS, Slagteri",,,,,,,"Bjergsted Byvej 5, 4450 Jyderup",,,,,,,,,,,Cơ sở / xưởng pha lóc (thịt); Lò giết mổ; Cơ sở xử lý thịt thú săn (thịt rừng hợp pháp),
292,"Liselund Gårdbutik, Slagteri",,,,,,,"Østerbro 2, 4850 Stubbekøbing",,,,,,,,,,,Kho lạnh bảo quản; Cơ sở / xưởng pha lóc (thịt); Lò giết mổ,
293,"OMK Knabstrup ApS, Slagteri",,,,https://www.knabstrup.dk,lokalforum@knabstrup.dk,,"Holbækvej 328, 4440 Mørkøv",,,,,,,,,,,Kho lạnh bảo quản; Cơ sở / xưởng pha lóc (thịt); Lò giết mổ,https://www.facebook.com/knabstrup
294,"Egtved Slagtehus ApS, Slagteri",,,'+4575550347,http://www.egtvedslagtehus.dk/,torben@gmail.com,,"Brudesøvej 1, 6040 Fuglsang, Denmark",,,,,,,,,,,Cơ sở / xưởng pha lóc (thịt); Lò giết mổ; Cơ sở xử lý thịt thú săn (thịt rừng hợp pháp); Nhà máy chế biến,
295,"Slagtehuset Krämer ApS, Slagteri",,,,,,,"Industriparken 4, 4960 Holeby",,,,,,,,,,,Kho lạnh bảo quản; Cơ sở / xưởng pha lóc (thịt); Lò giết mổ,
296,"Tim Køier Andersen, Slagteri",,,,,,,"Skovbovej 1 B, 4700 Næstved",,,,,,,,,,,Cơ sở / xưởng pha lóc (thịt); Lò giết mổ; Cơ sở xử lý thịt thú săn (thịt rừng hợp pháp); Cơ sở sơ chế / chuẩn bị thịt; Nhà máy chế biến,
297,"Øster Hornum Slagtehus, Slagteri",,,'+4598385641,https://osterhornumslagtehus.dk/,,,"Nibevej 128, 9530 Støvring, Denmark",,,,,,,,,,,Lò giết mổ,
298,"Slagtergården Als, Slagteri",,,,,,,"Smedevænget 16, 6430 Nordborg",,,,,,,,,,,Kho lạnh bảo quản; Lò giết mổ,
299,"Kisbæk Slagteri, Slagteri",,,'+4574744017,https://kisbaek-slagteri.dk/,,,"Ginegaardsvej 3, 6240 Løgumkloster, Denmark",,,,,,,,,,,Kho lạnh bảo quản; Lò giết mổ; Cơ sở xử lý thịt thú săn (thịt rừng hợp pháp),
300,"Slm. Per Hamkens, Slagteri",,,'+4574841326,,,,"Østergade 18, 6630 Rødding, Denmark",,,,,,,,,,,Lò giết mổ; Cơ sở xử lý thịt thú săn (thịt rừng hợp pháp),
301,"Vester Hæsinge Slagterforretning ApS , Slagteri",,,,,,,"Birkevej 37, 5672 Broby",,,,,,,,,,,Kho lạnh bảo quản; Cơ sở / xưởng pha lóc (thịt); Lò giết mổ; Cơ sở chế biến thịt xay; Cơ sở sơ chế / chuẩn bị thịt; Nhà máy chế biến,
302,"Hårby Slagteren ApS, Slagteri",,,,,,,"Den Grønne Vej 1, 8660 Skanderborg",,,,,,,,,,,Lò giết mổ,
303,"Aidt Slagtehus ApS, Slagteri",,,'+4586966943,https://www.aidtslagtehus.dk/,,,"Bavnehøjvej 1, 8881 Thorsø, Denmark",,,,,,,,,,,Cơ sở / xưởng pha lóc (thịt); Lò giết mổ; Cơ sở xử lý thịt thú săn (thịt rừng hợp pháp); Cơ sở chế biến thịt xay,
304,Sevel Slagteri A/S,,,'+4551363708,https://sevelslagteri.dk,sevelslagteri@sevelslagteri.dk,,"Søgårdvej 28, Sevel, 7830 Vinderup",,,,,,,,,,,Kho lạnh bảo quản; Cơ sở / xưởng pha lóc (thịt); Lò giết mổ,
305,"Bjerre Kød, Engros, Slagteri",,,'+4575681511,https://bjerre-koed.dk/,mail@bjerre-koed.dk,,"Bjerrevej 346, 8783 Bjerre, Denmark",,,,,,,,,,,Cơ sở / xưởng pha lóc (thịt); Lò giết mổ; Cơ sở xử lý thịt thú săn (thịt rừng hợp pháp); Cơ sở chế biến thịt xay; Nhà máy chế biến,
306,"Slagter Kruse V/Hans Ole Kruse, Slagteri",,,'+4586351060,http://www.find-slagter.dk,,,"Tved Bygade 36, 8420 Tved, Denmark",,,,,,,,,,,Cơ sở / xưởng pha lóc (thịt); Lò giết mổ; Cơ sở chế biến thịt xay,
307,"Tårs Slagtehus, Slagteri",,,'+4598961095,,,,"Bredgade 61, 9830 Tårs, Denmark",,,,,,,,,,,Lò giết mổ,
308,"Mariager Slagtehus, Slagteri",,,,https://mariager-slagterforretning.dk,,,"Havnegade 5, 9550 Mariager",,,,,,,,,,,Lò giết mổ,
309,"Landmand Ole Toft Thøgersen, Slagteri",,,,,,,"Næssundvej 362, 7960 Karby",,,,,,,,,,,Cơ sở / xưởng pha lóc (thịt); Lò giết mổ,
310,"Nr. Onsild Slagterhus ApS, Slagteri",,,,https://www.nronsild.dk,ordre@nronsild.dk,,"Rævebakken 2, 9500 Hobro",,,,,,,,,,,Cơ sở / xưởng pha lóc (thịt); Lò giết mổ; Cơ sở xử lý thịt thú săn (thịt rừng hợp pháp); Cơ sở chế biến thịt xay; Cơ sở sơ chế / chuẩn bị thịt; Nhà máy chế biến,
311,BC Catering Skanderborg A/S,,,,https://bccatering.dk,,,"Niels Bohrs Vej 20, 8660 Skanderborg",,,,,,,,,,,Kho lạnh bảo quản,
312,Nørmark Meat ApS,,,'+4597184041,https://www.normarkmeat.dk/,info@normarkmeat.dk,,"Englandsvej 7, 7100 Vejle, Denmark",,,,,,,,,,,Cơ sở / xưởng pha lóc (thịt); Cơ sở sơ chế / chuẩn bị thịt; Nhà máy chế biến,
313,Leif Henriksen spegepølser og røgvarer,,,'+4558549313,http://www.leifhenriksen.dk/,post@leifhenriksen.dk,,"Kragemosevej 5, 4200 Næsby Huse, Denmark",,,,,,,,,,,Cơ sở / xưởng pha lóc (thịt); Cơ sở chế biến thịt xay; Cơ sở sơ chế / chuẩn bị thịt; Nhà máy chế biến,
314,AaD Drift ApS,,,,,,,"Lundvej 8, 7400 Herning",,,,,,,,,,,Kho lạnh bảo quản,
315,Gert Nielsen A/S,,,'+4533318181,http://www.gertnielsen.dk/,gert@gertnielsen.dk,,"Stamholmen 140B, 2650 Hvidovre, Denmark",,,,,,,,,,,Kho lạnh bảo quản; Cơ sở / xưởng pha lóc (thịt); Cơ sở chế biến thịt xay; Cơ sở sơ chế / chuẩn bị thịt; Nhà máy chế biến,
316,BF-OKS A/S,,,'+4562253111,http://www.bf-oks.dk/,bf-oks@bf-oks.dk,,"Mejerivej 14, 5874 Hesselager, Denmark",,,,,,,,,,,Cơ sở bọc màng và tái đóng gói; Kho lạnh bảo quản; Cơ sở / xưởng pha lóc (thịt); Cơ sở chế biến thịt xay; Cơ sở sơ chế / chuẩn bị thịt; Nhà máy chế biến,https://www.facebook.com/BF-OKS-AS-184417684943869
317,Öxneholm A/S,,,'+4546755761,https://oxneholm.dk,uhc@oxneholm.dk,,"Søndre Mellemvej 48, 4000 Roskilde",,,,,,,,,,,Kho lạnh bảo quản; Cơ sở / xưởng pha lóc (thịt); Cơ sở chế biến thịt xay; Cơ sở sơ chế / chuẩn bị thịt; Nhà máy chế biến,https://www.facebook.com/oxneholm
318,Silkeborg Slagteren A/S,,,'+4587880200,https://www.silkeborgslagteren.dk/,post@silkeborgslagteren.dk,,"Hagemannsvej 10, 8600 Silkeborg, Denmark",,,,,,,,,,,Kho lạnh bảo quản; Cơ sở / xưởng pha lóc (thịt); Cơ sở chế biến thịt xay; Cơ sở sơ chế / chuẩn bị thịt; Nhà máy chế biến,https://www.facebook.com/silkeborgslagteren
319,NR. SØBY KØD ENGROS A/S,,,,,,,"Nymarksgyden 5, Nr. Lyndelse, 5792 Årslev",,,,,,,,,,,Kho lạnh bảo quản; Cơ sở / xưởng pha lóc (thịt); Cơ sở chế biến thịt xay; Cơ sở sơ chế / chuẩn bị thịt; Nhà máy chế biến,
320,Aarhus Kødengros ApS,,,'+4586299599,http://aarhuskodengros.dk/,,,"Viaduktvej 7, 8260 Aarhus, Denmark",,,,,,,,,,,Cơ sở bọc màng và tái đóng gói; Cơ sở / xưởng pha lóc (thịt); Cơ sở chế biến thịt xay; Cơ sở sơ chế / chuẩn bị thịt,
321,TOFTS RØGERI,,,,https://tofts.dk,,,"Hasselvej 2A, 4780 Stege",,,,,,,,,,,Cơ sở / xưởng pha lóc (thịt); Cơ sở chế biến thịt xay; Cơ sở sơ chế / chuẩn bị thịt; Nhà máy chế biến,
322,"Ravsted Slagteri ApS, Slagteri",,,'+4574647012,https://ravstedslagter.dk/,ravstedslagterbutik@hotmail.com,,"Ravsted Storegade 35, 6372 Ravsted, Denmark",,,,,,,,,,,Kho lạnh bảo quản; Lò giết mổ,https://www.facebook.com/groups/510497495652637
323,Kødgrossisten,,,'+4572224310,http://koedgrossisten.dk/,,,"Industrivænget 16, 4241 Vemmelev, Denmark",,,,,,,,,,,Kho lạnh bảo quản; Cơ sở / xưởng pha lóc (thịt); Cơ sở chế biến thịt xay; Cơ sở sơ chế / chuẩn bị thịt; Nhà máy chế biến,
324,HB Kødgros Aps,,,'+4559441108,https://hbkoedgros.dk/,info@hbkoedgros.dk,,"Kirstinehøj 75, 2770 Tårnby, Denmark",,,,,,,,,,,Cơ sở / xưởng pha lóc (thịt); Cơ sở chế biến thịt xay; Cơ sở sơ chế / chuẩn bị thịt,https://www.facebook.com/hbkoedgros
325,Jensens Skinker,,,,,,,"Grøftevej 4, 4180 Sorø",,,,,,,,,,,Kho lạnh bảo quản; Cơ sở / xưởng pha lóc (thịt); Nhà máy chế biến,
326,DANKØD EN GROS SLAGELSE APS,,,,https://slagelse.cylex.dk,info@cylex-international.com,,"Matildevej 4, 4200 Slagelse",,,,,,,,,,,Kho lạnh bảo quản; Cơ sở / xưởng pha lóc (thịt); Cơ sở chế biến thịt xay; Cơ sở sơ chế / chuẩn bị thịt; Nhà máy chế biến,https://www.facebook.com/Cylex.International
327,"Slagter Galsgaard, Slagteri",,,,,,,"Industriarealet 40, 6990 Ulfborg",,,,,,,,,,,Lò giết mổ,
328,Bøje Kød Engros ApS,,,'+4533238212,https://www.bojekod.dk/,,,"Kirstinehøj 75, 2770 Tårnby, Denmark",,,,,,,,,,,Cơ sở bọc màng và tái đóng gói; Cơ sở / xưởng pha lóc (thịt); Cơ sở chế biến thịt xay; Cơ sở sơ chế / chuẩn bị thịt; Nhà máy chế biến,
329,RANDERS KØD ENGROS ApS,,,'+4586420576,https://www.randerskoed.dk/,salg@randerskoed.dk,,"Haraldsvej 60, 8960 Randers, Denmark",,,,,,,,,,,Cơ sở bọc màng và tái đóng gói; Kho lạnh bảo quản; Cơ sở / xưởng pha lóc (thịt); Cơ sở chế biến thịt xay; Cơ sở sơ chế / chuẩn bị thịt,
330,Tayyib Food ApS,,,'+4538109282,https://tayyibfood.dk/,info@tayyibfood.dk,,"Hassellunden 11B, 2765 Smørum, Denmark",,,,,,,,,,,Cơ sở / xưởng pha lóc (thịt); Cơ sở chế biến thịt xay; Cơ sở sơ chế / chuẩn bị thịt,https://www.facebook.com/tayyibfood
331,"Hjallerup Slagtehus, Slagteri",,,,,,,"Hornshøjvej 53, 9320 Hjallerup",,,,,,,,,,,Lò giết mổ,
332,MB FOOD A/S,,,'+4557619502,http://www.mbfood.dk/,info@mbfood.dk,,"Greve Main 16, 2670 Greve, Denmark",,,,,,,,,,,Cơ sở / xưởng pha lóc (thịt); Cơ sở chế biến thịt xay; Cơ sở sơ chế / chuẩn bị thịt; Nhà máy chế biến; Nhà máy chế biến sản phẩm thủy sản tươi sống,
333,"DANISH FOOD COMPANY SLAGELSE A/S, BEST BEEF",,,'+4559451612,http://www.dfc.as/,,,"Kongstedvej 2, 4200 Slagelse, Denmark",,,,,,,,,,,Kho lạnh bảo quản; Cơ sở / xưởng pha lóc (thịt),
334,"Harald Hansens Eftf. I/S, Slagteri",,,,,,,"Fabriksvangen 27, 3550 Slangerup",,,,,,,,,,,Kho lạnh bảo quản; Cơ sở / xưởng pha lóc (thịt); Lò giết mổ; Cơ sở chế biến thịt xay,
335,Uni Catering ApS,,,'+4570107011,https://cateringdanmark.dk,kundeservice@cateringdanmark.dk,,"Engmarken 6, 8220 Brabrand",,,,,,,,,,,Cơ sở / xưởng pha lóc (thịt),
336,Mina Istanbul Kebab Produktion ApS,,,,https://minakebab.dk,info@minakebab.dk,,"Smedeland 36, 2600 Glostrup",,,,,,,,,,,Cơ sở / xưởng pha lóc (thịt); Cơ sở sơ chế / chuẩn bị thịt,
337,Hørkram Foodservice A/S,,,,,,,"Torshøjvej 59, 8362 Hørning",,,,,,,,,,,Kho lạnh bảo quản; Cơ sở / xưởng pha lóc (thịt); Cơ sở bọc màng và tái đóng gói; Cơ sở chế biến thịt xay; Cơ sở sơ chế / chuẩn bị thịt; Nhà máy chế biến sản phẩm thủy sản tươi sống; Nhà máy chế biến,
338,AB CATERING A/S,,,,https://abcatering.dk,,,"Kystvejen 80, 9400 Nørresundby",,,,,,,,,,,Cơ sở bọc màng và tái đóng gói; Kho lạnh bảo quản; Cơ sở / xưởng pha lóc (thịt); Cơ sở chế biến thịt xay; Cơ sở sơ chế / chuẩn bị thịt; Nhà máy chế biến,
339,Nordthy Meat ApS,,,,https://nordthymeat.com,,,"Trehøjevej 29, 7200 Grindsted",,,,,,,,,,,Cơ sở / xưởng pha lóc (thịt); Cơ sở chế biến thịt xay; Cơ sở sơ chế / chuẩn bị thịt; Nhà máy chế biến,
340,"Tistrup Slagtehus ApS, Slagteri",,,,https://tistrup.cylex.dk,info@cylex-international.com,,"Frejasvej 13, 6862 Tistrup",,,,,,,,,,,Cơ sở / xưởng pha lóc (thịt); Lò giết mổ; Cơ sở xử lý thịt thú săn (thịt rừng hợp pháp),https://www.facebook.com/Cylex.International
341,Centralkøkkenet Aarhus Universitetshospital,,,,,,,"Carl Krebs' Vej 36, 8200 Aarhus N",,,,,,,,,,,Cơ sở / xưởng pha lóc (thịt); Cơ sở sơ chế / chuẩn bị thịt; Nhà máy chế biến,
342,"Slawteren i Tørring, Slagteri",,,'+4530222815,http://www.slawteren.dk/,salg@slawteren.dk,,"Tørringvej 25, 8983 Randers, Denmark",,,,,,,,,,,Lò giết mổ,https://www.facebook.com/Slawteren
343,Scan Meat Aps,,,,,,,"Matildevej 6, 4200 Slagelse",,,,,,,,,,,Cơ sở / xưởng pha lóc (thịt); Cơ sở chế biến thịt xay; Cơ sở sơ chế / chuẩn bị thịt; Nhà máy chế biến,
344,Hilton Foods Danmark A/S,,,'+4570212100,https://www.hiltonfoodgroupplc.com/en/who-we-are/our-sites/denmark/,,,"Brunagervej 2, 8361 Aarhus, Denmark",,,,,,,,,,,Cơ sở bọc màng và tái đóng gói; Kho lạnh bảo quản; Cơ sở / xưởng pha lóc (thịt); Cơ sở chế biến thịt xay; Cơ sở sơ chế / chuẩn bị thịt,
345,"Kibæk Slagterhus , Slagteri",,,,,,,"Velhustedvej 39, 6933 Kibæk",,,,,,,,,,,Lò giết mổ,
346,Rævhede,,,,,,,"Sandmosevej 84, 9440 Aabybro",,,,,,,,,,,Cơ sở bọc màng và tái đóng gói; Cơ sở / xưởng pha lóc (thịt); Cơ sở chế biến thịt xay; Cơ sở sơ chế / chuẩn bị thịt; Nhà máy chế biến,
347,"Det vilde slagtehus og gårdbutik, Slagteri",,,'+4553290404,http://detvildeslagtehus.dk/,info@detvildeslagtehus.dk,,"Kær Møllevej 95, 6094 Hejls, Denmark",,,,,,,,,,,Lò giết mổ; Cơ sở xử lý thịt thú săn (thịt rừng hợp pháp),https://www.facebook.com/detvildeslagtehus
348,"Skallebølle Slagtehus A/S, Slagteri",,,'+4565968037,https://skb-slagtehus.dk,info@skb-slagtehus.dk,,"Odensevej 153, 5492 Vissenbjerg",,,,,,,,,,,Cơ sở / xưởng pha lóc (thịt); Lò giết mổ; Cơ sở xử lý thịt thú săn (thịt rừng hợp pháp); Cơ sở chế biến thịt xay,
349,Demca ApS,,,,https://demca.dk/,info@demca.dk,,"Sintrupvej 23, 8220 Aarhus, Denmark",,,,,,,,,,,Cơ sở / xưởng pha lóc (thịt); Cơ sở chế biến thịt xay,
350,"DK Kød Aps, Slagteri",,,'+4524479102,http://www.dk-koed.dk/,,,"Lindtorpvej 3, 7600 Struer, Denmark",,,,,,,,,,,Cơ sở / xưởng pha lóc (thịt); Lò giết mổ,
351,"V.Åby Slagterforretning, Slagteri",,,'+4540189553,https://aabyslagterforretning.dk/,v.aabyslagter@hotmail.com,,"Svendborgvej 412, 5600 Vester Åby, Denmark",,,,,,,,,,,Kho lạnh bảo quản; Lò giết mổ,
352,Holmegaards DELI ApS,,,'+4522173017,https://holmegaardsdeli.dk/,info@holmegaardsdeli.dk,,"Glasmagervej 23, 4684 Holmegaard, Denmark",,,,,,,,,,,Cơ sở / xưởng pha lóc (thịt); Cơ sở sơ chế / chuẩn bị thịt; Nhà máy chế biến,https://www.facebook.com/holmegaardsdeli
353,Køkkenområdet Hjørring Kommune,,,'+4572335800,https://koekkenomraadet.hjoerring.dk/,bjoern.jensen@hjoerring.dk,,"M P Koefoeds Vej 1, 9800 Hjørring, Denmark",,,,,,,,,,,Cơ sở / xưởng pha lóc (thịt); Cơ sở chế biến thịt xay; Nhà máy chế biến,
354,"Slagter Sørensen ApS, Slagteri",,,'+4561394410,https://slagtersorensenogco.dk/,info@slagtersorensenogco.dk,,"Fabriksvej 14, 6920 Videbæk, Denmark",,,,,,,,,,,Cơ sở / xưởng pha lóc (thịt); Lò giết mổ; Cơ sở xử lý thịt thú săn (thịt rừng hợp pháp); Cơ sở chế biến thịt xay; Cơ sở sơ chế / chuẩn bị thịt; Nhà máy chế biến,https://www.facebook.com/100063507701498
355,"Toftnæs Slagtehus, Slagteri",,,,,,,"Toftnæsvej 30, 6800 Varde",,,,,,,,,,,Cơ sở / xưởng pha lóc (thịt); Lò giết mổ; Cơ sở xử lý thịt thú săn (thịt rừng hợp pháp); Cơ sở chế biến thịt xay,
356,DMRI Pilot plant - Teknologisk Institut,,,,https://www.teknologisk.dk,info@teknologisk.dk,,"Gregersensvej 9, 2630 Taastrup",,,,,,,,,,,Cơ sở / xưởng pha lóc (thịt); Cơ sở chế biến thịt xay; Cơ sở sơ chế / chuẩn bị thịt; Nhà máy chế biến,
357,"Djurs Slagtehus, Slagteri",,,'+4534826900,http://www.djursslagtehus.dk/,,,"Hovedgaden 28, 8961 Allingåbro, Denmark",,,,,,,,,,,Kho lạnh bảo quản; Cơ sở / xưởng pha lóc (thịt); Lò giết mổ; Cơ sở xử lý thịt thú săn (thịt rừng hợp pháp); Cơ sở chế biến thịt xay,
358,"Sæby Gårdslagteri I/S, Slagteri",,,'+4526782838,http://www.saebygaardslagteri.dk/kontakt/,kontakt@saebygaardslagteri.dk,,"Ålborgvej 108, 9300 Sæby, Denmark",,,,,,,,,,,Cơ sở / xưởng pha lóc (thịt); Lò giết mổ,https://www.facebook.com/saebygaardslagteri
359,Tamaco A/S,,,,http://www.tamaco.dk,,,"Brunagervej 1, 8361 Hasselager",,,,,,,,,,,Kho lạnh bảo quản; Cơ sở / xưởng pha lóc (thịt); Cơ sở chế biến thịt xay; Cơ sở sơ chế / chuẩn bị thịt,
360,"Slagter Engdahl, Slagteri",,,'+4554606065,https://www.slagter-engdahl.dk/butikken,,,"Industriparken 10, 4960 Holeby, Denmark",,,,,,,,,,,Kho lạnh bảo quản; Cơ sở / xưởng pha lóc (thịt); Lò giết mổ; Cơ sở xử lý thịt thú săn (thịt rừng hợp pháp); Cơ sở chế biến thịt xay,
361,Hvidebæk Slagteri,,,,,,,"Industrivej 17 D, 4490 Jerslev Sjælland",,,,,,,,,,,Kho lạnh bảo quản; Cơ sở / xưởng pha lóc (thịt); Lò giết mổ,
362,"Troldgaarden ApS, Slagteri",,,'+4528693516,https://troldgaarden.dk/,,,"Troldkirkevej 4, 8732 Hovedgård, Denmark",,,,,,,,,,,Kho lạnh bảo quản; Cơ sở / xưởng pha lóc (thịt); Lò giết mổ; Cơ sở sơ chế / chuẩn bị thịt; Nhà máy chế biến,
363,"SLAGTER ENGDAHL ApS, Pølsemageri",,,'+4554606065,https://www.slagter-engdahl.dk/butikken,,,"Industriparken 10, 4960 Holeby, Denmark",,,,,,,,,,,Cơ sở / xưởng pha lóc (thịt); Cơ sở chế biến thịt xay; Cơ sở sơ chế / chuẩn bị thịt; Nhà máy chế biến,
364,"Nordvildt ApS, Slagteri",,,'+4529927297,http://www.nordvildt.dk/,,,"Horserød Byvej 2A, 3000 Horserød, Denmark",,,,,,,,,,,Cơ sở / xưởng pha lóc (thịt); Lò giết mổ; Cơ sở xử lý thịt thú săn (thịt rừng hợp pháp); Cơ sở chế biến thịt xay,
365,Økogårdene Skjern Enge ApS.,,,'+4527857278,http://www.oekogaardene.dk/,info@oekogaardene.dk,,"Gåsdalvej 36, 6900 Skjern, Denmark",,,,,,,,,,,Kho lạnh bảo quản; Cơ sở / xưởng pha lóc (thịt); Cơ sở chế biến thịt xay; Nhà máy chế biến,https://www.facebook.com/oekogaardene
366,"Hallegaard Pølsemageri og Gårdbutik, Slagteri",,,,https://www.hallegaard.dk/,,,"Aspevej 3, 3751 Østermarie, Denmark",,,,,,,,,,,Cơ sở / xưởng pha lóc (thịt); Lò giết mổ; Cơ sở xử lý thịt thú săn (thịt rừng hợp pháp),
367,"Techcollege Slagteri, Slagteri",,,,https://techcollege.dk,mail@techcollege.dk,,"Struervej 70, 9220 Aalborg Øst",,,,,,,,,,,Lò giết mổ,https://www.facebook.com/techcollegeaalborg
368,ZBC Pølsemageri,,,'+4525443545,https://www.zbc.dk,zbc@zbc.dk,,"Maglegårdsvej 8, 4000 Roskilde",,,,,,,,,,,Cơ sở / xưởng pha lóc (thịt); Nhà máy chế biến,https://www.facebook.com/zbcuddannelser
369,"Grambogård, Slagteri",,,'+4564852022,http://www.grambogaard.dk/,,,"Ellehaven 55, 5690 Tommerup, Denmark",,,,,,,,,,,Cơ sở bọc màng và tái đóng gói; Kho lạnh bảo quản; Cơ sở / xưởng pha lóc (thịt); Lò giết mổ; Cơ sở chế biến thịt xay,
370,"LF Vildt og Fjerkræslagteri ApS, Slagteri",,,'+4523435066,http://lfvildtslagteri.dk/,lfvildtslagteri@gmail.com,,"Linkøpingvej 33, 4900 Nakskov, Denmark",,,,,,,,,,,Cơ sở / xưởng pha lóc (thịt); Lò giết mổ; Cơ sở xử lý thịt thú săn (thịt rừng hợp pháp),https://www.facebook.com/Vildtslagteri
371,Birthesminde Salg ApS,,,'+4522323794,http://www.birthesminde.dk/,info@birthesminde.dk,,"Tempelvej 14, 4390 Tempelhuse, Denmark",,,,,,,,,,,Cơ sở / xưởng pha lóc (thịt); Cơ sở sơ chế / chuẩn bị thịt; Nhà máy chế biến,https://www.facebook.com/birthesminde
372,Slagterbob ApS,,,,https://www.slagterbob.com,info@slagterbob.com,,"Industrigrenen 21, 2635 Ishøj",,,,,,,,,,,Cơ sở / xưởng pha lóc (thịt); Cơ sở sơ chế / chuẩn bị thịt; Nhà máy chế biến,https://www.facebook.com/SlagterbobAps
373,"Edderup Slagteri ApS, Slagteri",,,'+4531154273,,,,"Havndalvej 44, 9550 Mariager, Denmark",,,,,,,,,,,Lò giết mổ; Cơ sở xử lý thịt thú săn (thịt rừng hợp pháp),
374,"Thy Slagtehus ApS, Slagteri",,,'+4540210240,http://thyslagtehus.dk/,mail@thyslagtehus.dk,,"Høgevej 3, 7700 Thisted, Denmark",,,,,,,,,,,Cơ sở / xưởng pha lóc (thịt); Lò giết mổ; Cơ sở xử lý thịt thú săn (thịt rừng hợp pháp),
375,Kødkrogen,,,'+4540514240,https://koedkrogen.dk/,,,"Gunnar Clausens Vej 13A, st, 8260 Aarhus, Denmark",,,,,,,,,,,Cơ sở / xưởng pha lóc (thịt); Cơ sở chế biến thịt xay; Cơ sở sơ chế / chuẩn bị thịt; Nhà máy chế biến,
376,"Vendsyssel Fjerkræslagteri ApS, Engros",,,'+4530332161,https://vendsysselslagteri.dk/,info@vendsyssel-slt.dk,,"Lyngbyvej 120, 9480 Løkken, Denmark",,,,,,,,,,,Cơ sở bọc màng và tái đóng gói; Cơ sở / xưởng pha lóc (thịt); Cơ sở chế biến thịt xay,
377,"Holsted Kød Aps, engros",,,'+4553592911,http://www.holstedkoed.dk/,kontakt@holstedkoed.dk,,"Energivej 22, 6670 Holsted, Denmark",,,,,,,,,,,Cơ sở / xưởng pha lóc (thịt); Cơ sở chế biến thịt xay; Cơ sở sơ chế / chuẩn bị thịt,https://www.facebook.com/JytteogRoy
378,GB MEAT GROUP Hadsund,,,,https://gbmeatgroup.dk,,,"Gl Visborgvej 51, 9560 Hadsund",,,,,,,,,,,Cơ sở bọc màng và tái đóng gói; Cơ sở / xưởng pha lóc (thịt); Cơ sở sơ chế / chuẩn bị thịt,
379,Steensgaard Produktion,,,,https://steensgaard.dk,,,"Steensgaard 3, 5642 Millinge",,,,,,,,,,,Cơ sở / xưởng pha lóc (thịt); Cơ sở sơ chế / chuẩn bị thịt; Nhà máy chế biến,https://www.facebook.com/Klingenbergost
380,"Slagterens Gårdbutik, Slagteri",,,'+4524489620,https://slagterensgaardbutik.dk/,,,"Gammel Viborgvej 86, 9620 Aalestrup, Denmark",,,,,,,,,,,Lò giết mổ; Cơ sở xử lý thịt thú săn (thịt rừng hợp pháp),
381,"Neqi A/S, Slagteri",,,,https://www.neqi-nordics.com,,,"Fiskervej B 99, Postboks 69, 3921 Narsaq",,,,,,,,,,,Kho lạnh bảo quản; Lò giết mổ,
382,JP Dynasty ApS,,,,,,,"Slagtehusgade 40, 1, 1715 København V",,,,,,,,,,,Cơ sở / xưởng pha lóc (thịt); Cơ sở sơ chế / chuẩn bị thịt; Nhà máy chế biến; Nhà máy chế biến sản phẩm thủy sản tươi sống,
383,Mix Food ApS,,,,https://www.mixfoods.dk,,,"Månevej 7, 3550 Slangerup",,,,,,,,,,,Cơ sở / xưởng pha lóc (thịt); Cơ sở chế biến thịt xay; Cơ sở sơ chế / chuẩn bị thịt,
384,Moert,,,,https://moert.dk,info@moert.dk,,"Mejerivej 7, 9640 Farsø",,,,,,,,,,,Cơ sở / xưởng pha lóc (thịt); Cơ sở chế biến thịt xay; Cơ sở sơ chế / chuẩn bị thịt,
385,Cater Food A/S,,,,https://caterfood.dk,,,"Europavej 22, 7430 Ikast",,,,,,,,,,,Cơ sở / xưởng pha lóc (thịt); Cơ sở chế biến thịt xay; Cơ sở sơ chế / chuẩn bị thịt; Nhà máy chế biến,
386,"Danpo A/S, Danpo A/S",,,,https://www.danpo.dk,,,"Vestre Skovvej 3, 9600 Aars",,,,,,,,,,,Cơ sở bọc màng và tái đóng gói; Kho lạnh bảo quản; Cơ sở / xưởng pha lóc (thịt); Lò giết mổ; Cơ sở chế biến thịt xay; Cơ sở tách thịt cơ học (thịt tách xương bằng máy); Cơ sở sơ chế / chuẩn bị thịt; Nhà máy chế biến,
387,"Rose Poultry A/S, Vinderup",,,,,,,"Tværmosevej 10, 7830 Vinderup, Denmark",,,,,,,,,,,Kho lạnh bảo quản; Cơ sở / xưởng pha lóc (thịt); Lò giết mổ; Cơ sở chế biến thịt xay; Cơ sở tách thịt cơ học (thịt tách xương bằng máy); Cơ sở sơ chế / chuẩn bị thịt; Nhà máy chế biến,
388,"Vendsyssel Fjerkræslagteri ApS, Slagteri",,,'+4530332161,https://vendsysselslagteri.dk/,info@vendsyssel-slt.dk,,"Lyngbyvej 120, 9480 Løkken, Denmark",,,,,,,,,,,Kho lạnh bảo quản; Lò giết mổ; Cơ sở xử lý thịt thú săn (thịt rừng hợp pháp),
389,GRÅSTEN FJERKRÆ A/S,,,,,,,"Kværsgade 18, 6300 Gråsten",,,,,,,,,,,Cơ sở / xưởng pha lóc (thịt); Cơ sở sơ chế / chuẩn bị thịt; Nhà máy chế biến,
390,DAFC A/S,,,,https://dafc.co.uk,,,"Skanderborgvej 19, 8751 Gedved",,,,,,,,,,,Kho lạnh bảo quản; Cơ sở / xưởng pha lóc (thịt); Lò giết mổ,
391,"Ejvang Øko, Slagteri",,,,,,,"Tingstedvej 38, 4350 Ugerløse",,,,,,,,,,,Kho lạnh bảo quản; Lò giết mổ,
392,Rokkedahl Food Aps,,,,https://rokkedahl.dk/,adm@rokkedahl.dk,,"Vårvej 65, 9240 Nibe, Denmark",,,,,,,,,,,Kho lạnh bảo quản; Cơ sở / xưởng pha lóc (thịt); Lò giết mổ; Cơ sở chế biến thịt xay; Cơ sở sơ chế / chuẩn bị thịt,https://www.facebook.com/hosrokkedahl
393,"Hopballe Gårdslagteri, Slagteri",,,,,,,"Hopballevej 56, 7300 Jelling",,,,,,,,,,,Cơ sở bọc màng và tái đóng gói; Kho lạnh bảo quản; Cơ sở / xưởng pha lóc (thịt); Lò giết mổ; Cơ sở chế biến thịt xay; Cơ sở sơ chế / chuẩn bị thịt,
394,"Råde Fjerkræfarm, Slagteri",,,,,,,"Raade Bygade 21, 6100 Haderslev",,,,,,,,,,,Kho lạnh bảo quản; Cơ sở / xưởng pha lóc (thịt); Lò giết mổ,
395,"Vesterborg vildt og fjerkræslagteri , Slagteri",,,'+4523435066,https://www.lfvildtslagteri.dk,lfvildtslagteri@gmail.com,,"Gallemosevej 6, 4953 Vesterborg",,,,,,,,,,,Cơ sở / xưởng pha lóc (thịt); Lò giết mổ; Cơ sở xử lý thịt thú săn (thịt rừng hợp pháp),https://www.facebook.com/Vildtslagteri
396,"Finn Hansen, Slagteri",,,'+4522902918,http://www.finnh.dk/,,,"Skodsbølvej 71, 6310 Broager, Denmark",,,,,,,,,,,Kho lạnh bảo quản; Lò giết mổ,
397,"Dalsgaard og Barsøe Agro I/S, Slagteri",,,,http://www.dalsgaardis.dk/,webmail@dalsgaardis.dk,,"Hobrovej 99, 9240 Vokslev, Denmark",,,,,,,,,,,Kho lạnh bảo quản; Cơ sở / xưởng pha lóc (thịt); Lò giết mổ,https://www.facebook.com/Dalsgaard-IS-204542953251997
398,"Alpevej Vildtbehandling, Slagteri",,,,,,,"Alpevej 4, 5771 Stenstrup",,,,,,,,,,,Kho lạnh bảo quản; Cơ sở / xưởng pha lóc (thịt); Lò giết mổ; Cơ sở xử lý thịt thú săn (thịt rừng hợp pháp),
399,"Galgebakkens Hjortefarm, Slagteri",,,,,,,"Galgebakkevej 4, 7755 Bedsted Thy",,,,,,,,,,,Lò giết mổ; Cơ sở xử lý thịt thú săn (thịt rừng hợp pháp),
400,"Klosterhedens Vildt A/S, Slagteri",,,,https://klosterhedensvildt.dk,,,"Holmgaardvej 49, 7660 Bækmarksbro",,,,,,,,,,,Kho lạnh bảo quản; Cơ sở / xưởng pha lóc (thịt); Cơ sở xử lý thịt thú săn (thịt rừng hợp pháp); Cơ sở chế biến thịt xay,
401,"Faldhøje Plantage, Slagteri",,,,,,,"Skovsendevej 2, 7200 Grindsted",,,,,,,,,,,Cơ sở xử lý thịt thú săn (thịt rừng hợp pháp),
402,"Vrøgum Vildt, Slagteri",,,,,,,"Hedelundvej 9 B, 6840 Oksbøl",,,,,,,,,,,Cơ sở xử lý thịt thú săn (thịt rừng hợp pháp),
403,"KALU A/S, Slagteri",,,'+4533241222,https://www.kalu.dk,kaluordrer@kalu.dk,,"Saltøvej 118, 4700 Næstved",,,,,,,,,,,Cơ sở / xưởng pha lóc (thịt); Cơ sở xử lý thịt thú săn (thịt rừng hợp pháp); Cơ sở chế biến thịt xay,https://www.facebook.com/kaludanmark
404,Top Food,,,,,,,"Sønderbro 21, 9881 Bindslev",,,,,,,,,,,Cơ sở bọc màng và tái đóng gói; Kho lạnh bảo quản; Cơ sở sơ chế / chuẩn bị thịt; Nhà máy chế biến,
405,"ROSE Poultry A/S, Skovsgaard",,,,,,,"Tværmosevej 10, 7830 Vinderup, Denmark",,,,,,,,,,,Cơ sở bọc màng và tái đóng gói; Kho lạnh bảo quản; Cơ sở tách thịt cơ học (thịt tách xương bằng máy); Cơ sở sơ chế / chuẩn bị thịt; Nhà máy chế biến,
406,Delika Aarhus A/S,,,'+4587391900,https://delikafoodgroup.dk/,faktura.aarhus@delika.dk,,"Gunnar Clausens Vej 13a, 8260 Aarhus, Denmark",,,,,,,,,,,Cơ sở sơ chế / chuẩn bị thịt; Nhà máy chế biến,https://www.facebook.com/delikafoodgroup
407,Fabrikken Lepo A/S,,,'+4546595667,http://lepo.dk/,lepo@lepo.dk,,"Baldersbuen 7, 2640 Hedehusene, Denmark",,,,,,,,,,,Cơ sở sơ chế / chuẩn bị thịt; Nhà máy chế biến,
408,Royal Leverpostej,,,'+4586229598,,,,"Rokhøj 24, 8520 Lystrup, Denmark",,,,,,,,,,,Cơ sở sơ chế / chuẩn bị thịt; Nhà máy chế biến,
409,Svaneke Slagter ApS,,,'+4520520843,http://www.find-slagter.dk,,,"Vigebakke 1A, 3740 Svaneke, Denmark",,,,,,,,,,,Cơ sở sơ chế / chuẩn bị thịt; Nhà máy chế biến,
410,NAKA A/S,,,,https://naka.dk,,,"Vestermarksvej 2, Kragelund, 8723 Løsning",,,,,,,,,,,Kho lạnh bảo quản; Cơ sở sơ chế / chuẩn bị thịt; Nhà máy chế biến,https://www.facebook.com/NakaFoodLoesning
411,Delika Aalborg A/S,,,,,,,"Middelfartvej 2, 9220 Aalborg Øst",,,,,,,,,,,Kho lạnh bảo quản; Cơ sở sơ chế / chuẩn bị thịt; Nhà máy chế biến,
412,Sticks N Sushi,,,'+4533117030,https://www.sticksnsushi.com,sushistainable@sushi.dk,,"Fjeldhammervej 15, 2610 Rødovre",,,,,,,,,,,Cơ sở sơ chế / chuẩn bị thịt; Nhà máy chế biến sản phẩm thủy sản tươi sống,https://www.facebook.com/sticksnsushi
413,SU'VI:T Aps,,,'+4544220099,https://www.suvit.dk,,,"Falstervej 19, 5800 Nyborg, Denmark",,,,,,,,,,,Kho lạnh bảo quản; Cơ sở sơ chế / chuẩn bị thịt; Nhà máy chế biến,
414,SLAGTER LUND APS,,,'+4538714106,http://slagterlund.dk/,slagter@slagterlund.dk,,"Peter Bangs Vej 123, 2000 Frederiksberg, Denmark",,,,,,,,,,,Cơ sở sơ chế / chuẩn bị thịt; Nhà máy chế biến,https://www.facebook.com/slagterlund
415,Aarstidernes Varme Værksted,,,,,,,"Kertemindevej 11, 8940 Randers SV",,,,,,,,,,,Kho lạnh bảo quản; Cơ sở sơ chế / chuẩn bị thịt; Nhà máy chế biến; Nhà máy chế biến sản phẩm thủy sản tươi sống; Cơ sở tách thịt thủy sản bằng cơ học,
416,E. LAMPE PØLSEGÅRDEN ApS,,,,,,,"Lysbjergvej 11, 6500 Vojens",,,,,,,,,,,Cơ sở sơ chế / chuẩn bị thịt; Nhà máy chế biến,
417,Slagter Hejsel,,,'+4521629835,http://www.slagterhejsel.dk/,,,"Søvejen 3 Vedbøl, 6500 Vedbøl, Denmark",,,,,,,,,,,Cơ sở chế biến thịt xay; Cơ sở sơ chế / chuẩn bị thịt; Nhà máy chế biến,
418,Vores Køkken Sølund,,,,,,,"Sølundsvej 3B, 8660 Skanderborg",,,,,,,,,,,Cơ sở sơ chế / chuẩn bị thịt; Nhà máy chế biến; Nhà máy chế biến sản phẩm thủy sản tươi sống,
419,Louise´s Catering - Lunch ApS,,,,https://louisescatering-lunch.dk,louisescatering-lunch@hotmail.com,,"Odinsvej 6, 6950 Ringkøbing",,,,,,,,,,,Cơ sở sơ chế / chuẩn bị thịt; Nhà máy chế biến,
420,"Den Gamle Slagter v/M. Vangsgaard, Engros",,,,http://www.find-slagter.dk,,,"Vestergade 74, 7700 Thisted",,,,,,,,,,,Cơ sở chế biến thịt xay; Nhà máy chế biến,
421,HANEGAL A/S Syd,,,'+4586853672,http://hanegal.dk/,,,"Niels Bohrs Vej 5, 6100 Haderslev, Denmark",,,,,,,,,,,Cơ sở sơ chế / chuẩn bị thịt; Nhà máy chế biến,
422,"Danish Crown A/S, Oksekødsafdeling",,,'+4589191919,https://www.danishcrown.com/da-dk/,,,"Danish Crown Vej 1, 8940 Randers, Denmark",,,,,,,,,,,Cơ sở chế biến thịt xay,https://www.facebook.com/DanishcrownDK
423,BHJ A/S,,,'+4574353535,https://bhj.com/,,,"Ulsnæs 33, 6300 Gråsten, Denmark",,,,,,,,,,,Nhà máy chế biến,
424,ATRIA DANMARK A/S,,,'+4576282500,https://www.atria.dk/kontakt,,,"Anlægsvej 3, 7323 Farre, Denmark",,,,,,,,,,,Nhà máy chế biến,
425,GoodLife Foods Nyborg A/S,,,,https://glfoods.com,,,"Delfinvej 3-5, 5800 Nyborg",,,,,,,,,,,Nhà máy chế biến,
426,STRYHN'S A/S LANGELAND,,,,,,,"Kassebøllevej 4, 5900 Rudkøbing",,,,,,,,,,,Nhà máy chế biến,
427,HØJER PØLSER A/S,,,'+4574782231,http://hoejerpoelser.dk/,,,"Søndergade 1, 6280 Højer, Denmark",,,,,,,,,,,Nhà máy chế biến,
428,Jensens Foods A/S,,,'+4596842550,https://www.jensensfoods.dk/,ordre@jensens.com,,"Energivej 5, 7600 Struer, Denmark",,,,,,,,,,,Nhà máy chế biến,
429,Oscar A/S,,,,https://www.oscarnordic.dk,,,"Industrivej 36, 4683 Rønnede",,,,,,,,,,,Nhà máy chế biến,
430,"DANPO A/S, Forædling",,,,https://www.danpo.dk,,,"Tykhøjetvej 44, Farre, 7323 Give",,,,,,,,,,,Nhà máy chế biến,
431,"BHJ A/S, Essentia",,,'+4574353535,https://bhj.com/,,,"Ulsnæs 33, 6300 Gråsten, Denmark",,,,,,,,,,,Nhà máy chế biến,
432,Delika Christiansfeld A/S,,,'+4574561118,https://delikafoodgroup.dk/,fakt.christiansfeld@delika.dk,,"Kongensgade 47, 6070 Christiansfeld, Denmark",,,,,,,,,,,Nhà máy chế biến,https://www.facebook.com/delikafoodgroup
433,Stryhns A/S,,,,https://www.stryhns.dk,,,"Vestre Kirkevej 13, Himmelev, 4000 Roskilde",,,,,,,,,,,Nhà máy chế biến,
434,Hvidebæk Pølsefabrik,,,,,,,"Industrivej 17D, 4490 Jerslev Sjælland",,,,,,,,,,,Nhà máy chế biến; Kho lạnh bảo quản,
435,ROBERT DAMKJÆR A/S,,,'+4574566138,http://damkjaer.dk/,robert@damkjaer.dk,,"Anslet Landevej 10, 6100 Lille Anslet, Denmark",,,,,,,,,,,Nhà máy chế biến,https://www.facebook.com/jobhosrobertdamkjaeras
436,Løgismose Fødevarer,,,,,,,"Ny Vestergade 2, 5672 Broby",,,,,,,,,,,Nhà máy chế biến; Trung tâm điều phối / xuất hàng,
437,MUNKEBO SEAFOOD A/S,,,'+4544226622,http://munkeboseafood.com/,info@munkeboseafood.dk,,"Fiskeløkken 1, 5330 Munkebo, Denmark",,,,,,,,,,,Nhà máy chế biến,https://www.facebook.com/MunkeboSeafood
438,"CHRISTAN VOLLSTEDT - SØNDERJYSKE, DIPLOMPØLSER ApS AF 01.01.2000",,,,https://vollstedt.dk,lv@vollstedt.dk,,"Naffet 22, 6100 Haderslev",,,,,,,,,,,Nhà máy chế biến,https://www.facebook.com/SlagterVollstedt
439,WIUM LEVERPOSTEJ ApS,,,'+4575128466,http://www.wiumleverpostej.dk/,,,"Sallingsundvej 9, 6715 Esbjerg, Denmark",,,,,,,,,,,Nhà máy chế biến,
440,"Delika ApS, Pakkeri",,,,,,,"Hirsevej 22, 6100 Haderslev",,,,,,,,,,,Nhà máy chế biến,
441,Gate Gourmet Denmark ApS,,,'+4532470888,http://www.gategourmet.com/,,,"Cargo Centervej 39, 7190 Billund, Denmark",,,,,,,,,,,Nhà máy chế biến,
442,Als pølser,,,'+4574415348,https://alspolser.dk,pec@alspolser.dk,,"Kirke Hørupvej 20, 6470 Sydals",,,,,,,,,,,Nhà máy chế biến,
443,Mozami A/S,,,,http://mozami.dk,info@mozami.dk,,"Ved Milepælen 4 A, 8361 Hasselager",,,,,,,,,,,Nhà máy chế biến; Cơ sở bọc màng và tái đóng gói,
444,Bornholmerslagteren ApS,,,'+4556905200,http://bornholmerslagteren.dk/,,,"Brovangen 18, 3720 Aakirkeby, Denmark",,,,,,,,,,,Nhà máy chế biến,
445,Statsfængslet i Jyderup,,,,,,,"Søbæksparken 136, 4450 Jyderup",,,,,,,,,,,Nhà máy chế biến,
446,International N&H Denmark ApS,,,,,,,"Edwin Rahrs Vej 38, 8220 Brabrand",,,,,,,,,,,Nhà máy chế biến,
447,Det Danske Madhus A/S,,,,,,,"Roholmsvej 11D, 2620 Albertslund",,,,,,,,,,,Nhà máy chế biến,
448,EASYFOOD A/S,,,'+4576308700,https://www.orkladanmarkfoodsolutions.dk/,foodsolutions@orkla.dk,,"Albuen 39, 6000 Kolding, Denmark",,,,,,,,,,,Nhà máy chế biến,https://www.facebook.com/orkladanmarkfoodsolutions
449,"Danish Crown A/S, Thorning",,,'+4589191919,https://www.danishcrown.com/da-dk/,,,"Danish Crown Vej 1, 8940 Randers, Denmark",,,,,,,,,,,Nhà máy chế biến; Kho lạnh bảo quản,https://www.facebook.com/DanishcrownDK
450,Fælleskøkkenet Elbo I/S,,,'+4572411600,http://www.faelleskoekkenet.dk/,faelleskoekkenet@faelleskoekkenet.dk,,"Granitvej 1, 4990 Sakskøbing, Denmark",,,,,,,,,,,Nhà máy chế biến,https://www.facebook.com/faelleskoekkenet
451,Byens Køkken,,,'+4563757830,http://www.odense.dk/mad,byenskoekken@odense.dk,,"Teknikvej 4, 5260 Odense, Denmark",,,,,,,,,,,Nhà máy chế biến,https://www.facebook.com/OdenseKom
452,"Danish Crown A/S, Inventorium",,,'+4589191919,https://www.danishcrown.com/da-dk/,,,"Danish Crown Vej 1, 8940 Randers, Denmark",,,,,,,,,,,Nhà máy chế biến; Kho lạnh bảo quản,https://www.facebook.com/DanishcrownDK
453,Blume Food I/S,,,,http://www.blumefood.dk,,,"Smedevænget 4, Øster Bjerregrav, 8920 Randers NV",,,,,,,,,,,Nhà máy chế biến; Cơ sở bọc màng và tái đóng gói,
454,"Produktion Lager og Transport, - Køkken - Holbæk - Birkevænget",,,,,,,"Birkevænget 44, 4300 Holbæk",,,,,,,,,,,Nhà máy chế biến,
455,Produktion Lager og Transport - Køkken - Slagelse,,,,,,,"Ingemannsvej 38, 4200 Slagelse",,,,,,,,,,,Nhà máy chế biến,
456,Madservice Kalundborg,,,'+4559534400,https://kalundborg.dk,kalundborg@kalundborg.dk,,"Stejlhøj 13, 4400 Kalundborg",,,,,,,,,,,Nhà máy chế biến,
457,Mad og Møder - Køkkenet Filadelfia,,,'+4558271059,http://www.filadelfia.dk/filadelfia/organisation/faellesafdelinger/service/koekken-kantine/mad-moeder,filadelfia@filadelfia.dk,,"Værkstedsvej 5, 4293 Dianalund, Denmark",,,,,,,,,,,Nhà máy chế biến,https://www.facebook.com/p/Filadelfia-100063653915974
458,Næstved Madservice,,,'+4555881770,https://www.naestvedmadservice.dk/,madservice@naestved.dk,,"Tommerupvej 7, 4700 Næstved, Denmark",,,,,,,,,,,Nhà máy chế biến,
459,Madservice Skovvang,,,,,,,"Grønningen 1, 4200 Slagelse",,,,,,,,,,,Nhà máy chế biến,
460,"Sygehus Sønderjylland Sønderborg, KøkkenService",,,,https://sygehussonderjylland.dk,,,"Sydvang 1, 6400 Sønderborg",,,,,,,,,,,Nhà máy chế biến,
461,Carnad A/S,,,'+4521903860,https://carnad.com,info@carnad.com,,"Falstervej 6, 9670 Løgstør",,,,,,,,,,,Nhà máy chế biến,
462,"Esbjerg Sygehus, Produktionskøkken",,,,,,,"Finsensgade 35, 6700 Esbjerg",,,,,,,,,,,Nhà máy chế biến,
463,Madjyden,,,,https://madjyden.ikast-brande.dk,madjyden@ikast-brande.dk,,"Brandlundparken 1, 7330 Brande",,,,,,,,,,,Nhà máy chế biến,
464,Vores Køkken FHR,,,,,,,"Alleen 2, 8680 Ry",,,,,,,,,,,Nhà máy chế biến,
465,"Regionshospitalet Randers, Patientkøkken",,,,https://www.regionshospitalet-randers.dk,,,"Dronningborg Blvd. 16 f, 8930 Randers, Denmark",,,,,,,,,,,Nhà máy chế biến; Nhà máy chế biến sản phẩm thủy sản tươi sống,https://www.facebook.com/regionshospitaletranders
466,"BO-INSTITUTIONEN SØDISBAKKE, Centralkøkkenet",,,,,,,"Havndalvej 7, 9550 Mariager",,,,,,,,,,,Nhà máy chế biến,
467,Tønder Fælleskøkken,,,'+4574928800,,,,"Carstensgade 6, 6270 Tønder, Denmark",,,,,,,,,,,Nhà máy chế biến,
468,Madservice Aalborg Gug,,,'+4599315500,https://madservice.aalborg.dk/,,,"Fortunavej 2, 9210 Aalborg, Denmark",,,,,,,,,,,Nhà máy chế biến,
469,"Aalborg Madservice, Storkøkkenet Lions Parken",,,,,,,"Lions Parken 4, 9400 Nørresundby",,,,,,,,,,,Nhà máy chế biến,
470,"Regionshospital Nordjylland, Hjørring afsnittet",,,,https://rhnordjylland.rn.dk,,,"Bispensgade 37, 9800 Hjørring",,,,,,,,,,,Nhà máy chế biến,
471,Mad til hver dag I/S,,,'+4560655557,https://www.madtilhverdag.dk,,,"Lokesvej 12, 3400 Hillerød",,,,,,,,,,,Nhà máy chế biến,https://www.facebook.com/madtilhverdag.dk
472,Holbæk Fælleskøkken,,,,,,,"Stenhusvej 21, 4300 Holbæk",,,,,,,,,,,Nhà máy chế biến,
473,Det danske Madhus Varde A/S,,,'+4570702646,http://www.detdanskemadhus.dk/,,,"Carolineparken 1B, 6800 Varde, Denmark",,,,,,,,,,,Nhà máy chế biến,
474,Madservice Vejen,,,'+4579965883,https://vejen.dk/kontakt/institutioner/madservice/,,,"Fællesvirke 2, 6670 Holsted, Denmark",,,,,,,,,,,Nhà máy chế biến,https://www.facebook.com/VejenKommune
475,"Slagter Munch, Engro",,,'+4598443733,http://www.munch-skagen.dk/,slagter@munch-skagen.dk,,"Sankt Laurentii Vej 1, 9990 Skagen, Denmark",,,,,,,,,,,Nhà máy chế biến,https://www.facebook.com/slagtermunchskagen
476,Skagen Skinke,,,'+4598443733,https://www.skagen.com,skagen@skagen.com,,"Kassevej 3, 9990 Skagen, Denmark",,,,,,,,,,,Nhà máy chế biến; Kho lạnh bảo quản,https://www.facebook.com/skagendenmark
477,Mad & Måltider,,,,,,,"Bladknæk 51, 6200 Aabenraa",,,,,,,,,,,Nhà máy chế biến,
478,"Norddjurs Mad, Centralkøkkenet",,,,,,,"Trekanten 1, 8500 Grenaa",,,,,,,,,,,Nhà máy chế biến,
479,Det Danske Madhus A/S Aarhus,,,'+4570702646,https://detdanskemadhus.dk,,,"Vestermøllevej 7A, 8380 Trige",,,,,,,,,,,Nhà máy chế biến,
480,Halkær Ådal Økologisk,,,'+4551914642,http://halkaeraadal.dk/forside.aspx,kundeservice@halkaeraadal.dk,,"Blindebomsgade 5, 9670 Løgstør, Denmark",,,,,,,,,,,Nhà máy chế biến,https://www.facebook.com/HalkaerAadalOkologisk
481,Centralkøkkenet Nordjysk Mad I/S,,,'+4597643807,https://nordjyskmad.bronderslev.dk,,,"Brandevej 5, 9220 Aalborg, Denmark",,,,,,,,,,,Nhà máy chế biến,
482,"Rigshospitalet, Centralkøkken",,,,https://www.rigshospitalet.dk,,,"Blegdamsvej 9, 2100 København Ø",,,,,,,,,,,Nhà máy chế biến,
483,"Kastanjehaven, Centralkøkken",,,'+4538213434,https://plejehjemsoversigten.dk/da/Hovedstaden/Frederiksberg/Kastanjehaven,,,"Troels-Lunds Vej 25, 2000 Frederiksberg, Denmark",,,,,,,,,,,Nhà máy chế biến,
484,Bodebjerg ApS,,,,https://www.bodebjergvej.dk,,,"Vinkelvej 21, 5290 Marslev",,,,,,,,,,,Nhà máy chế biến,https://www.facebook.com/bodebjerg
485,"Aalborg Universitetshospital Thisted, Centralkøkken",,,'+4597650000,https://aalborguh.rn.dk/thisted,,,"Højtoftevej 2, 7700 Thisted, Denmark",,,,,,,,,,,Nhà máy chế biến,
486,Fælleskøkkenet I/S,,,'+4572411600,http://www.faelleskoekkenet.dk/,faelleskoekkenet@faelleskoekkenet.dk,,"Granitvej 1, 4990 Sakskøbing, Denmark",,,,,,,,,,,Nhà máy chế biến,https://www.facebook.com/faelleskoekkenet
487,Delika Haderslev ApS,,,'+4586969588,https://delikafoodgroup.dk/,faktura.haderslev@delika.dk,,"Hirsevej 15, 6100 Haderslev, Denmark",,,,,,,,,,,Nhà máy chế biến,https://www.facebook.com/delikafoodgroup
488,Centralkøkkenet Skovparken,,,,,,,"Skovparken 1 B, 7900 Nykøbing M",,,,,,,,,,,Nhà máy chế biến,
489,"Odsherred Madservice, Plejecenter Solvognen",,,'+4559665200,https://plejecentersolvognen.odsherred.dk/,suano@odsherred.dk,,"Højbygårdsvej 10, 4573 Højby, Denmark",,,,,,,,,,,Nhà máy chế biến,https://www.facebook.com/odsherredkommune
490,"Sygehus Lillebælt, KOLDING SYGEHUS - Køkkenet",,,,https://sygehuslillebaelt.dk,,,"Sygehusvej 24, 6000 Kolding",,,,,,,,,,,Nhà máy chế biến,
491,"Vejle Sygehus, køkkenet",,,'+4579405000,http://www.vejlesygehus.dk/,,,"Beriderbakken 4, 7100 Vejle, Denmark",,,,,,,,,,,Nhà máy chế biến,
492,Produktionskøkkenet Sydtoften,,,,,,,"Sydtoften 104, 7200 Grindsted",,,,,,,,,,,Nhà máy chế biến,
493,Zirfelt's Leverpostej,,,,,,,"Åvej 5, 9670 Løgstør",,,,,,,,,,,Nhà máy chế biến,
494,Køkken Ballerup,,,'+4544773078,https://koekken.ballerup.dk/,,,"Bybjergvej 11, st. A, 2740 Skovlunde",,,,,,,,,,,Nhà máy chế biến,
495,Svaneke Deli,,,'+4556142000,https://www.svanekedeli.dk/,bestil@svanekedeli.dk,,"Svanevang 2, 3740 Svaneke, Denmark",,,,,,,,,,,Nhà máy chế biến,https://www.facebook.com/svanekedeli
496,"Odsherred Madservice, Bakkegårdens Centralkøkken",,,'+4559666666,https://www.odsherred.dk,,,"Bakkegården 1, 4534 Hørve",,,,,,,,,,,Nhà máy chế biến,https://www.facebook.com/odsherredkommune
497,Køkken Syddjurs,,,,https://www.syddjurs.dk,,,"Vestre Fasanvej 31, 8410 Rønde",,,,,,,,,,,Nhà máy chế biến,
498,Nr. Onsild ApS,,,'+4598520022,https://www.nronsild.dk/,ordre@nronsild.dk,,"Niels Bohrs Vej 5, 6100 Haderslev, Denmark",,,,,,,,,,,Nhà máy chế biến,
499,"Grindsted Sygehus, Modtagekøkken",,,,,,,"Engparken 1, 7200 Grindsted",,,,,,,,,,,Nhà máy chế biến,
500,Det gode madhus I/S,,,'+4562234330,https://detgodemadhus.svendborg.dk,dgm@svendborg.dk,,"Ryttervej 39, 5700 Svendborg, Denmark",,,,,,,,,,,Nhà máy chế biến,
501,Det Danske Madhus Vejle,,,'+4570702646,http://www.detdanskemadhus.dk/,,,"Kornmarken 21, 6040 Ågård, Denmark",,,,,,,,,,,Nhà máy chế biến,
502,Madservice Kronjylland,,,'+4589158650,https://madservice.randers.dk/,madservice.kronjylland@randers.dk,,"Falstersvej 2, 8940 Randers, Denmark",,,,,,,,,,,Nhà máy chế biến,
503,Madservice Trekroner,,,'+4546318053,https://madservice.roskilde.dk,,,"Trekroner Centervej 41, Trekroner, 4000 Roskilde",,,,,,,,,,,Nhà máy chế biến,
504,"Madservice Viby, Toftehøjen, Køkken",,,'+4546318053,https://madservice.roskilde.dk,,,"Tofthøjvej 20, 4130 Viby Sjælland, Denmark",,,,,,,,,,,Nhà máy chế biến,
505,Produktionskøkkenet Lundebo,,,,https://lundebo.soroe.dk,lundebo@soroe.dk,,"Ventemøllevej 30, 4293 Dianalund",,,,,,,,,,,Nhà máy chế biến,
506,Madhuset,,,,https://mad-huset.com,kontakt@mad-huset.com,,"Wørishøffersgade 23, 5800 Nyborg",,,,,,,,,,,Nhà máy chế biến,
507,HE Midt Køkken,,,,https://www.fagperson.hospitalsenhedmidt.dk,,,"Heibergs Alle 4, 8800 Viborg",,,,,,,,,,,Nhà máy chế biến,
508,"Bispebjerg Hospital, FM - Køkken - indgang 30",,,,https://www.bispebjerghospital.dk,,,"Esther Ammundsens Vej 29C, 2400 København NV",,,,,,,,,,,Nhà máy chế biến,
509,"Herlev Hospital, Bageri, Ernæringsenheden",,,'+4538683868,https://www.herlevhospital.dk/,,,"Borgmester Ib Juuls Vej 1, 2730 Herlev, Denmark",,,,,,,,,,,Nhà máy chế biến,
510,Madservice Ågerup,,,'+4546318053,https://madservice.roskilde.dk,,,"Gundsølillevej 6, 4000 Ågerup, Denmark",,,,,,,,,,,Nhà máy chế biến,
511,Convi Food ApS,,,,https://convifood.dk,,,"Vandtårnsvej 75, 1, 2860 Søborg",,,,,,,,,,,Nhà máy chế biến,
512,Madservice Hashøj,,,'+4558373390,,,,"Atkærvænget 27D, 4261 Dalmose, Denmark",,,,,,,,,,,Nhà máy chế biến,
513,"Handicapcenter Fyn , Køkken Engbo",,,,https://handicapcenterfyn.dk,,,"Skaboeshusevej 90A, 5800 Nyborg",,,,,,,,,,,Nhà máy chế biến,
514,Ældrecentret Fænøsund,,,,,,,"Vestre Hougvej 70, 5500 Middelfart",,,,,,,,,,,Nhà máy chế biến,
515,Seniorcenter Rosenlund,,,'+4539574500,https://gladsaxe.dk/kommunen/plejeboliger/rosenlund,kommunen@gladsaxe.dk,,"Mørkhøjvej 336, 2860 Gladsaxe, Denmark",,,,,,,,,,,Nhà máy chế biến,https://www.facebook.com/gladsaxekommune
516,SDE Engros,,,'+4576426244,https://www.sde.dk,sde@sde.dk,,"Risingsvej 60, 5000 Odense C",,,,,,,,,,,Nhà máy chế biến,https://www.facebook.com/SDEVejleOdense
517,Favrskov Mad,,,'+4589641010,https://favrskov.dk,kard@favrskov.dk,,"Herredsvej 16, 8382 Hinnerup",,,,,,,,,,,Nhà máy chế biến,https://www.facebook.com/favrskovkommune
518,"Plejehjemmet Henriksdal, Fælleskøkken",,,,,,,"Valbyvej 47, 2630 Taastrup",,,,,,,,,,,Nhà máy chế biến,
519,"Torstorp Pleje- og Rehabiliteringscenter, Centralkøkken",,,'+4543352700,https://torstorpcentret.htk.dk/,torstorpcentret@htk.dk,,"Morelhaven 122, 2630 Høje Taastrup, Denmark",,,,,,,,,,,Nhà máy chế biến,
520,Københavns Madservice,,,'+4538274260,http://madservice.kk.dk/,,,"Bystævneparken 15, 2700 København, Denmark",,,,,,,,,,,Nhà máy chế biến,
521,Distrikt Ulvsund,,,,https://www.ulvsund.dk,tove@ulvsund.dk,,"Kornvej 40, 4780 Stege",,,,,,,,,,,Nhà máy chế biến,https://www.facebook.com/groups/505831849462438
522,EAT Centralkøkken,,,,,,,"Blushøjvej 11, 2450 København SV",,,,,,,,,,,Nhà máy chế biến,
523,Omsorgs Centeret Hjortespring,,,,,,,"Sennepshaven 4, 2730 Herlev",,,,,,,,,,,Nhà máy chế biến,
524,Det Gode Måltid,,,'+4564746955,https://www.assensmadservice.dk/,,,"Odensevej 29D, 5610 Assens, Denmark",,,,,,,,,,,Nhà máy chế biến,
525,MadhuZet Zahles,,,,,,,"Zahlesvej 18, 4100 Ringsted",,,,,,,,,,,Nhà máy chế biến,
526,Ærø Madservice,,,,,,,"Gasværksvej 10, 5960 Marstal",,,,,,,,,,,Nhà máy chế biến,
527,Arresødal slotskøkken,,,,,,,"Arresødalvej 100, 3300 Frederiksværk",,,,,,,,,,,Nhà máy chế biến,
528,"Nordsjællands Hospital - Hillerød, Centralkøkken",,,'+4548294829,https://www.nordsjaellandshospital.dk/,,,"Dyrehavevej 29, 3400 Hillerød, Denmark",,,,,,,,,,,Nhà máy chế biến,
529,"DGI-byen, Stor køkken",,,,https://www.dgibyen.dk,info@dgibyen.dk,,"Tietgensgade 65, 1704 København V",,,,,,,,,,,Nhà máy chế biến,https://www.facebook.com/DGIbyen
530,"Plejehjemmet Salem, Centralkøkken",,,'+4539988650,http://diakonissestiftelsen.dk/salem,,,"Mitchellsstræde 5, 2820 Gentofte, Denmark",,,,,,,,,,,Nhà máy chế biến,https://www.facebook.com/Diakonissestiftelsen
531,Højbjerggård,,,,,,,"Højbjerggårdsvej 16, 2840 Holte",,,,,,,,,,,Nhà máy chế biến,
532,Børneinstitutionen Bøgehøjen,,,,,,,"Henriksholms Alle 10- 12, 2950 Vedbæk",,,,,,,,,,,Nhà máy chế biến,
533,"Madservice Viborg, Produktionskøkken",,,'+4587876800,http://madservice.viborg.dk/,ely@viborg.dk,,"Petersmindevej 15, 8800 Viborg, Denmark",,,,,,,,,,,Nhà máy chế biến,
534,Mad & Måltider Lystholm,,,'+4573768783,http://www.madogmaaltider.dk,,,"Lystholm 20, 3480 Fredensborg",,,,,,,,,,,Nhà máy chế biến,https://www.facebook.com/search/top
535,Egedal kommunes madservice,,,,,,,"Damgårdsparken 5, 3660 Stenløse",,,,,,,,,,,Nhà máy chế biến,
536,"Børnehuset Lyngborghave, Produktionskøkken",,,'+4546114280,https://www.rudersdal.dk/lyngborghave?s=lyngborghave,lyngborghave@rudersdal.dk,,"Lyngborghave 42, 3460 Birkerød, Denmark",,,,,,,,,,,Nhà máy chế biến,https://www.facebook.com/Rudersdal
537,"ÆLDRECENTRET MASTRUPLUND, Område Øst",,,,,,,"Mastruplundvej 2 L, 9530 Støvring",,,,,,,,,,,Nhà máy chế biến,
538,"Regionshospitalet Horsens, Hospitalskøkken og personalekantine",,,,https://www.fagperson.regionshospitalet-horsens.dk,,,"Sundvej 30, 8700 Horsens",,,,,,,,,,,Nhà máy chế biến,
539,"083 Køkkenet Hvidovre Hospital, Centralkøkken",,,,https://www.hvidovrehospital.dk,,,"Kettegård Alle 30, 2650 Hvidovre",,,,,,,,,,,Nhà máy chế biến,
540,"Gildhøjhjemmet, Centralkøkkenet",,,,,,,"Brøndby Møllevej 25, 2605 Brøndby",,,,,,,,,,,Nhà máy chế biến,
541,"Den Selvejende Institution Ryetbo, Centralkøkken",,,,https://www.ryetbo-vaerloese.dk,,,"Engstedet 5, 3500 Værløse",,,,,,,,,,,Nhà máy chế biến,
542,"Rigshospitalet, Glostrup Hospital, Centralkøkken",,,,https://www.rigshospitalet.dk,,,"Valdemar Hansens Vej 1, 2600 Glostrup",,,,,,,,,,,Nhà máy chế biến,
543,Centralkøkkenet Herlev og Gentofte hospital,,,,https://www.herlevhospital.dk,,,"Gentofte Hospitalsvej 22, 2900 Hellerup",,,,,,,,,,,Nhà máy chế biến,
544,WOODEN SPOON ApS,,,'+4528736608,https://woodenspoon.dk/,info@woodenspoon.dk,,"Herstedøstervej 19, 2600 Glostrup, Denmark",,,,,,,,,,,Nhà máy chế biến,
545,"Ældrecenter Æblehaven, Centralkøkken",,,,,,,"Guldborgvej 6, 2660 Brøndby Strand",,,,,,,,,,,Nhà máy chế biến,
546,Brøndby Kommune Ældrecenter,,,,,,,"Nygårds Plads 30, 2605 Brøndby",,,,,,,,,,,Nhà máy chế biến,
547,"Plejecenter Sølund, Storkøkken",,,'+4582325050,https://boligertilaeldre.kk.dk/soelund,,,"Ryesgade 20A, 2200 København, Denmark",,,,,,,,,,,Nhà máy chế biến,https://www.facebook.com/Plejecentretsoelund
548,"DeViKa Nexø, Engros",,,,,,,"Paradisvej 72, 3730 Nexø",,,,,,,,,,,Nhà máy chế biến,
549,"Plejehjemmet Lindehaven, Centralkøkken",,,,,,,"Præstevænget 11, 2750 Ballerup",,,,,,,,,,,Nhà máy chế biến,
550,"Plejehjemmet Toftehaven, Centralkøkken",,,,,,,"Nygårdsvej 35, 2750 Ballerup",,,,,,,,,,,Nhà máy chế biến,
551,"Plejehjemmet Kirstinehaven, Centralkøkken",,,'+4544773660,https://kirstinehaven.ballerup.dk/,,,"Kirstinelundsvej 12, 2750 Ballerup, Denmark",,,,,,,,,,,Nhà máy chế biến,
552,Ældrecenter Egely,,,,,,,"Egebjerg Bygade 34, 2750 Ballerup",,,,,,,,,,,Nhà máy chế biến,
553,Lundehaven Plejecenter,,,,,,,"Skovlunde Torv 8, 2740 Skovlunde",,,,,,,,,,,Nhà máy chế biến,
554,"Sønderhaven, Central køkken",,,,,,,"Søndergårds Allé 100, 2760 Måløv",,,,,,,,,,,Nhà máy chế biến,
555,KommuneKøkkenet Hvidovre,,,,https://kommunekoekken.hvidovre.dk,sagn@hvidovre.dk,,"Karise Alle 33, 2650 Hvidovre",,,,,,,,,,,Nhà máy chế biến,
556,"Herlevgård Center, Hovedkøkken",,,'+4544526210,http://www.herlev.dk/,herlev@herlev.dk,,"Herlevgårdsvej 3-7, 2730 Herlev, Denmark",,,,,,,,,,,Nhà máy chế biến,https://www.facebook.com/2730HerlevKommune
557,Omsorgscentret i Hvissinge,,,'+4543458422,,,,"Stenager 2, 2600 Glostrup, Denmark",,,,,,,,,,,Nhà máy chế biến,
558,"Plejehjemmet Engskrænten, Centralkøkken",,,'+4536379500,https://www.rk.dk/pl-engskraenten/,,,"Kirkesvinget 5, 2610 Rødovre, Denmark",,,,,,,,,,,Nhà máy chế biến,
559,Tayyib Food ApS - Ringsted,,,'+4538109282,https://tayyibfood.dk/,info@tayyibfood.dk,,"Hassellunden 11B, 2765 Smørum, Denmark",,,,,,,,,,,Nhà máy chế biến,https://www.facebook.com/tayyibfood
560,ByMattsson,,,'+4570277259,https://bymattsson.dk,,,"Rugmarken 10, byg. 9, 3650 Ølstykke",,,,,,,,,,,Nhà máy chế biến,https://www.facebook.com/mattssonnielsen
561,Parkvænget,,,,,,,"Byparkvej 87, 2600 Glostrup",,,,,,,,,,,Nhà máy chế biến,
562,Jagger Eksternt køkken,,,,https://jagger.dk,,,"Oslovej 2, 6230 Rødekro",,,,,,,,,,,Nhà máy chế biến,
563,Produktionskøkken Hvidovrevej ApS,,,,,,,"Fjeldhammervej 15, 2610 Rødovre",,,,,,,,,,,Nhà máy chế biến,
564,"Kejserindens Gryder A/S, Vores Smagsløg",,,,https://kejserindens-gryder.dk,info@kejserindens-gryder.dk,,"Herstedøstervej 27, 2620 Albertslund",,,,,,,,,,,Nhà máy chế biến,https://www.facebook.com/348369685269457_1719658956834405
565,"Børnehusene Fredensborg - fælleskøkken, Sneglehuset",,,,https://bornehusene-fredensborg.fredensborg.dk,skolerogdagtilbud@fredensborg.dk,,"Lystholm 8-18, 3480 Fredensborg",,,,,,,,,,,Nhà máy chế biến,
566,"Plejecenter Lillevang, Centralkøkken",,,'+4572164300,https://lillevang.furesoe.dk/,lillevang@furesoe.dk,,"Lillevænget 1, 3520 Farum, Denmark",,,,,,,,,,,Nhà máy chế biến,https://www.facebook.com/furesoe
567,"Pilegården, Produktionskøkken",,,,,,,"Bregnerødvej 122, 3460 Birkerød",,,,,,,,,,,Nhà máy chế biến,
568,"Center Amager Sundbygård, Blok B, Produktionskøkken",,,'+4540493247,http://centeramager.kk.dk/,,,"Sundbygårdsvej 1, 2300 København, Denmark",,,,,,,,,,,Nhà máy chế biến,
569,"Skovsminde Omsorgscenter, Centralkøkken",,,,,,,"Skovsmindeparken 2A, 3230 Græsted",,,,,,,,,,,Nhà máy chế biến,
570,Madservice,,,'+4521387790,https://madservice.aalborg.dk,,,"Lindhøjvej 2, c/o Madservice, 5330 Munkebo, Denmark",,,,,,,,,,,Nhà máy chế biến,
571,Akaciegården,,,,,,,"Betty Nansens Alle 2A, 2000 Frederiksberg",,,,,,,,,,,Nhà máy chế biến,
572,"Ældrecentret Broparken, Centralkøkken",,,'+4536378000,https://www.rk.dk/ael-broparken/,,,"Slotsherrens Vænge 2, 2610 Rødovre, Denmark",,,,,,,,,,,Nhà máy chế biến,
573,"Omsorgscenter Kærbo, Centralkøkken",,,,,,,"Ishøj Boulevard 2, 2635 Ishøj",,,,,,,,,,,Nhà máy chế biến,
574,"Ryholtgård Plejehjem, Centralkøkken",,,,,,,"Rymarksvej 23-27, 2900 Hellerup",,,,,,,,,,,Nhà máy chế biến,
575,Den Selvejende inst.Birkebo,,,,https://www.birkebo-dsi.dk,,,"Hellebo Park 98, 3000 Helsingør",,,,,,,,,,,Nhà máy chế biến,
576,Børnehusene Kokkedal,,,,https://bornehusene-kokkedal.fredensborg.dk,krav@fredensborg.dk,,"Fasanvænget 602, 2980 Kokkedal, Denmark",,,,,,,,,,,Nhà máy chế biến,
577,"Plejeboligcenter Fælledgaarden, Centralkøkken",,,,,,,"Drejøgade 3, 2100 København Ø",,,,,,,,,,,Nhà máy chế biến,
578,"Behandlingshjemmet Hvidborg, Institutionskøkken",,,,https://hvidborg.dk,,,"Neergårds Alle 6, 2650 Hvidovre",,,,,,,,,,,Nhà máy chế biến,
579,Vuggestuen Enghusene,,,,https://enghusene-kk.aula.dk,,,"Tyborøn Allé 55, 2720 Vanløse",,,,,,,,,,,Nhà máy chế biến,
580,"Plejecentret Hørgården, Produktionskøkken",,,'+4582563000,https://hoergaarden.dk/,,,"Brydes Allé 28-32, 2300 København, Denmark",,,,,,,,,,,Nhà máy chế biến,
581,"Centralkøkken Helsingegården, PlejeGribskov",,,,,,,"Parkvænget 20A, 3200 Helsinge",,,,,,,,,,,Nhà máy chế biến,
582,"Rehabiliteringscentret Hegnsgården, Centralkøkken",,,,,,,"Alleen 7, 2850 Nærum",,,,,,,,,,,Nhà máy chế biến,
583,"Plejehjemmet Grønnehaven, Café",,,,,,,"Sundtoldvej 2, 3000 Helsingør, Denmark",,,,,,,,,,,Nhà máy chế biến,
584,"Teknologisk Institut, Bioressourcer",,,,https://www.teknologisk.dk,info@teknologisk.dk,,"Gregersensvej 3 3J, 2630 Taastrup",,,,,,,,,,,Nhà máy chế biến,
585,"Plejehjemmet Falkenberg, Centralkøkken",,,'+4549281501,https://plejehjemmetfalkenberg.dk/,,,"Falkenbergvej 30a, 3140 Helsingør, Denmark",,,,,,,,,,,Nhà máy chế biến,https://www.facebook.com/Plejehjemmet-Falkenberg-314760292380673
586,"Klarahus, Centralkøkken",,,,,,,"Edith Rodes Vej 14, 2200 København N",,,,,,,,,,,Nhà máy chế biến,
587,Bo & Dagtilbud Musvågevej,,,'+4582562000,,,,"Musvågevej 24, 2400 København, Denmark",,,,,,,,,,,Nhà máy chế biến,
588,Agerbækhuse,,,'+4556662011,,,,"Gymnasievej 30, 4600 Køge, Denmark",,,,,,,,,,,Nhà máy chế biến,
589,Plejehjemmet Strandhøj,,,,,,,"Gylfesvej 17C, 3060 Espergærde",,,,,,,,,,,Nhà máy chế biến,
590,"Plejehjemmet Verdishave, Produktionskøkken",,,'+4582567100,https://boligertilaeldre.kk.dk/verdishave,,,"Tartinisvej 31, 2450 København, Denmark",,,,,,,,,,,Nhà máy chế biến,
591,"Plejehjemmet Peder Lykke Centret, Centralkøkkenet",,,,https://www.pederlykkecentret.dk,plc@kk.dk,,"Peder Lykkes Vej 65, 2300 København S",,,,,,,,,,,Nhà máy chế biến,
592,"Bispebjerghjemmet, Centralkøkken",,,'+4535302890,https://boligertilaeldre.kk.dk/plejehjem/bispebjerghjemmet,,,"Tagensvej 186, 2400 København, Denmark",,,,,,,,,,,Nhà máy chế biến,
593,"Omsorgscenter Enggården, Centralkøkken",,,,,,,"Engvej 20A, 2791 Dragør",,,,,,,,,,,Nhà máy chế biến,
594,"Møllegården Omsorgscenter, Køkken/Børnekøkken",,,'+4539574700,http://www.gladsaxe.dk/mollegaarden,kommunen@gladsaxe.dk,,"Bagsværd Møllevej 9, 2800 Gladsaxe, Denmark",,,,,,,,,,,Nhà máy chế biến,https://www.facebook.com/gladsaxekommune
595,Centralkøkkenet Boserupvej 7,,,,,,,"Boserupvej 7, 4000 Roskilde",,,,,,,,,,,Nhà máy chế biến,
596,"Håndværkerforeningens Plejehjem, Centralkøkken",,,'+4539549300,https://www.plejehjemsguiden.dk,kontakt@sallfriplejehjem.dk,,"Håndværkerhaven 49, 2400 København, Denmark",,,,,,,,,,,Nhà máy chế biến,https://www.facebook.com/kristinehoejplejehjem
597,"Plejecentret Sjælsø, Centralkøkkenet",,,,,,,"Soldraget 37, 3460 Birkerød",,,,,,,,,,,Nhà máy chế biến,
598,"Lions Neurocenter, Hovedkøkken",,,,http://lionsneurocenter.dk/,info@lionsneurocenter.dk,,"Tuborgvej 181, 2400 København, Denmark",,,,,,,,,,,Nhà máy chế biến,
599,"Grøndalsvænge, Centralkøkken",,,,,,,"Rabarbervej 6, 2400 København NV",,,,,,,,,,,Nhà máy chế biến,
600,Breelteparken,,,,https://breelteparken.horsholm.dk,breelteparken@horsholm.dk,,"Breeltevej 1, 2970 Hørsholm",,,,,,,,,,,Nhà máy chế biến,https://www.facebook.com/Omsorgscenter-Breelteparken-102800795558267
601,"Rundskuedagens Plejehjem, Centralkøkken",,,,,,,"Dannebrogsgade 44, 1660 København V",,,,,,,,,,,Nhà máy chế biến,
602,"Bakkegården Demensboliger, Centralkøkken",,,'+4539574300,https://gladsaxe.dk/bakkegaarden,bakkegaarden@gladsaxe.dk,,"Taxvej 18, 2880 Gladsaxe, Denmark",,,,,,,,,,,Nhà máy chế biến,https://www.facebook.com/gladsaxekommune
603,"Energi Center Voldparken, Produktionskøkken",,,,,,,"Kobbelvænget 65, EnergiCenter Voldparken, 2700 Brønshøj",,,,,,,,,,,Nhà máy chế biến,
604,Plejecenter Birkerødpark,,,'+4546112600,https://www.rudersdal.dk/indhold/plejecenter-birkeroedpark,sundhedogforebyggelse@rudersdal.dk,,"Bregnerødvej 87, 3460 Birkerød, Denmark",,,,,,,,,,,Nhà máy chế biến,https://www.facebook.com/Rudersdal
605,Madservice Lystoftebakken,,,,,,,"Caroline Amalie Vej 130, 2800 Kongens Lyngby",,,,,,,,,,,Nhà máy chế biến,
606,"Områdecenter Bredebo, Hovedkøkken",,,,https://bredebo.ltk.dk,,,"Mølleåparken 2, 2800 Kongens Lyngby",,,,,,,,,,,Nhà máy chế biến,
607,"Områdecenter Solgården, Den Kommunale Madservice",,,,https://solgaarden.ltk.dk,,,"Virumvej 125, 2830 Virum",,,,,,,,,,,Nhà máy chế biến,
608,"Baunehøj, Den Kommunale Madservice",,,,,,,"Carlshøjvej 66, 2800 Kongens Lyngby",,,,,,,,,,,Nhà máy chế biến,
609,"Institution Møllebo, Institutionskøkken",,,,,,,"Lyngby Hovedgade 1A, 2800 Kongens Lyngby",,,,,,,,,,,Nhà máy chế biến,
610,Mona's,,,'+4505791959,https://monasdanishbakery.com,sales@monasdanishbakery.com,,"Edwin Rahrs Vej 46, 8220 Brabrand",,,,,,,,,,,Nhà máy chế biến,https://www.facebook.com/monasdanishbakery
611,"Plejecenter Virumgård, Den Kommunale Madservice",,,'+4545285100,https://virumgaard.ltk.dk/,,,"Sennepsmarken 1, 2830 Sorgenfri, Denmark",,,,,,,,,,,Nhà máy chế biến,
612,Madkonceptet ApS,,,'+4535421320,https://www.madkonceptet.dk/,info@madkonceptet.dk,,"Stensmosevej 22E, 2620 Albertslund, Denmark",,,,,,,,,,,Nhà máy chế biến,https://www.facebook.com/madkonceptet.dk
613,Det Velkendte,,,,,,,"Jernholmen 49, 2650 Hvidovre",,,,,,,,,,,Nhà máy chế biến,
614,Kildespring A/S,,,'+4570260701,http://www.kildespring.dk/,kontor@kildespring.dk,,"Jerupvej 726 Vogn, Jerupvej 726, 9870 Vogn, Denmark",,,,,,,,,,,Nhà máy chế biến,https://www.facebook.com/Kildespring-AS-767484233410523
615,"Langgadehus, Produktionskøkken",,,,,,,"Valby Langgade 97, 2500 Valby",,,,,,,,,,,Nhà máy chế biến,
616,"Ældrecenter Dalvangen, Centralkøkken",,,'+4543236900,,,,"Digevangsvej 1, st. bolig 22, 2600 Glostrup, Denmark",,,,,,,,,,,Nhà máy chế biến,
617,Dansk Stålkonstruktioner V/ Cheval Blanc,,,,,,,"Samsøvej 2, 9500 Hobro",,,,,,,,,,,Nhà máy chế biến,
618,"Dronning Ingrids Hjem, Centralkøkken",,,,https://plejehjemsoversigten.dk,,,"Carl Jacobsens Vej 6- 10, 2500 Valby",,,,,,,,,,,Nhà máy chế biến,
619,"Kildegården, Centralkøkken og Café",,,,,,,"Kildebakkegårds Alle 165, 2860 Søborg",,,,,,,,,,,Nhà máy chế biến,
620,"Skjulhøjgård, Centralkøkkenet",,,'+4533668600,https://boligertilaeldre.kk.dk/plejehjem/skjulhojgard,,,"Ålekistevej 226, 2720 København, Denmark",,,,,,,,,,,Nhà máy chế biến,
621,"Børnehusene Humlebæk, Frugthaven Børnehave / Frugthaven Vuggestue",,,,,,,"Baunebjergvej 550, 3050 Humlebæk",,,,,,,,,,,Nhà máy chế biến,
622,Simply Cooking I Kantine,,,,https://www.simplycooking.dk,,,"Litauen Alle 6, 2630 Taastrup",,,,,,,,,,,Nhà máy chế biến,
623,Storstrøms Fængsel Produktionskøkken,,,,,,,"Blichersvej 1, 4840 Nørre Alslev",,,,,,,,,,,Nhà máy chế biến,
624,"Pilehuset, Køkken ved festsalen",,,,,,,"Bystævneparken 24, 2700 Brønshøj",,,,,,,,,,,Nhà máy chế biến,
625,KOKKEKOMPAGNIET ApS,,,'+4575504495,https://www.kokkekompagniet.dk/?utm_source=jfm&utm_medium=gbp&utm_campaign=website-knap,kontakt@kokkekompagniet.dk,,"Hesselly 9, 6000 Kolding, Denmark",,,,,,,,,,,Nhà máy chế biến,
626,"Ingeborggården , Centralkøkken",,,'+4538214400,https://plejehjemsoversigten.dk/da/Hovedstaden/Frederiksberg/Ingeborggaarden,,,"Troels-Lunds Vej 27, 2000 Frederiksberg, Denmark",,,,,,,,,,,Nhà máy chế biến,
627,CaterCorp ApS,,,'+4542444144,http://www.catercorp.dk/,info@catercorp.dk,,"Porsborgparken 7, 9530 Støvring, Denmark",,,,,,,,,,,Nhà máy chế biến,https://www.facebook.com/www.frokosten.nu
628,Centralkøkkenet Klostergårdens Plejehjem,,,,https://www.plejehjemsguiden.dk,kontakt@sallfriplejehjem.dk,,"Strandvejen 91C, 2100 København Ø",,,,,,,,,,,Nhà máy chế biến,https://www.facebook.com/kristinehoejplejehjem
629,"Esbjerg Kommune, Afd. Ny Bøndergårdsvej",,,,https://www.esbjerg.dk,,,"Ved Skoven 41, 6700 Esbjerg",,,,,,,,,,,Nhà máy chế biến,
630,Meyers Køkken Hovedkøkken,,,'+4535363837,https://meyers.dk,post@meyers.dk,,"Hedegaardsvej 88, 2300 København S",,,,,,,,,,,Nhà máy chế biến,https://www.facebook.com/meyersmad
631,Jespers Torvekøkken ApS,,,'+4570228212,https://torvekoekken.dk/,memu@torvekoekken.dk,,"Vandtårnsvej 75, 2860 Gladsaxe, Denmark",,,,,,,,,,,Nhà máy chế biến,https://www.facebook.com/JespersTorvekoekken
632,"Omsorgscentret Egegården, Centralkøkken",,,'+4539574600,https://gladsaxe.dk/kommunen/plejeboliger/egegaarden,kommunen@gladsaxe.dk,,"Klausdalsbrovej 213, 2860 Gladsaxe, Denmark",,,,,,,,,,,Nhà máy chế biến,https://www.facebook.com/gladsaxekommune
633,MIB Vejle ApS,,,,https://mibvejle.martinib.dk,,,"Lysholt Allé 3, 7100 Vejle",,,,,,,,,,,Nhà máy chế biến,
634,Lunch Club ApS,,,'+4560204090,https://lunchclub.io,,,"Avedøreholmen 96E, 2650 Hvidovre, Denmark",,,,,,,,,,,Nhà máy chế biến,
635,VM Konference,,,,,,,"Harald Jensens Vej 9, 9000 Aalborg",,,,,,,,,,,Nhà máy chế biến,
636,Jespers Torvekøkken Nordjylland ApS,,,,,,,"Kystvejen 50, 9400 Nørresundby",,,,,,,,,,,Nhà máy chế biến,
637,Meyers Køkken Aarhus,,,'+4535363837,https://meyers.dk,post@meyers.dk,,"Sletvej 34, 8310 Tranbjerg J",,,,,,,,,,,Nhà máy chế biến,https://www.facebook.com/meyersmad
638,"Regionshospitalet Gødstrup, Produktionskøkken",,,'+4578430000,https://www.regionshospitalet-goedstrup.dk/,,,"Hospitalsparken 15, 7400 Herning, Denmark",,,,,,,,,,,Nhà máy chế biến,https://www.facebook.com/RegionshospitaletGoedstrup
639,Spis godt ApS,,,'+4553528988,http://www.spisgodt.com/,,,"Oceanvej 13, 8000 Aarhus, Denmark",,,,,,,,,,,Nhà máy chế biến,
640,"Simon Køkken ApS, Engros",,,,,,,"Thomas Olesen Løkkens Vej 2, 9200 Aalborg SV",,,,,,,,,,,Nhà máy chế biến,
641,Solsikken,,,'+4523665349,https://dagtilbud.horsens.dk/index.php/stensballe/solsikken,,,"Fortevej 16, 8700 Horsens, Denmark",,,,,,,,,,,Nhà máy chế biến,
642,Gourmiddag,,,'+4526782000,http://www.gourmiddag.com/,,,"Sønderskovvej 15, 8362 Hørning, Denmark",,,,,,,,,,,Nhà máy chế biến,
643,"Plejecentret Baldersbo, Køkken",,,,https://baldersbo.dk,,,"Charlotteager 7, 2640 Hedehusene",,,,,,,,,,,Nhà máy chế biến,
644,"Sengeløse Plejecenter, Centralkøkken",,,,,,,"Landsbygaden 4, 2630 Taastrup",,,,,,,,,,,Nhà máy chế biến,
645,MADHYTTEN ApS,,,'+4555555454,https://madhytten.dk/,,,"Gummersmarkvej 7A, 4632 Bjæverskov, Denmark",,,,,,,,,,,Nhà máy chế biến,
646,"Ørestad Plejecenter, Centralkøkken",,,'+4582561600,,,,"Asger Jorns Allé 5, 2300 København, Denmark",,,,,,,,,,,Nhà máy chế biến,
647,Søften v/ Jespers Torvekøkken ApS,,,,,,,"Rho 16, 8382 Hinnerup",,,,,,,,,,,Nhà máy chế biến,
648,Nordic Catering ApS,,,'+4536383820,https://www.nordiccatering.dk/,,,"Kirsten Walthers Vej 5, 2500 København, Denmark",,,,,,,,,,,Nhà máy chế biến,
649,Corporate Cooking ApS,,,'+4530856541,http://www.corporatecooking.dk/,corporatecooking@gmail.com,,"Grønnedalsvej 14, 8660 Skanderborg, Denmark",,,,,,,,,,,Nhà máy chế biến,https://www.facebook.com/Corporate-Cooking-101545998158660
650,"Madværftet, Engros",,,'+4570604841,http://madvaerftet.dk/,info@madvaerftet.dk,,"Kirkebakken 4, 8330 Aarhus, Denmark",,,,,,,,,,,Nhà máy chế biến,
651,Madservice Hyrdehøj,,,'+4546318053,https://madservice.roskilde.dk,,,"Hyrdehøj Stræde 2, 4000 Roskilde",,,,,,,,,,,Nhà máy chế biến,
652,Aamanns Køkken,,,,https://aamanns.dk,info@aamanns.dk,,"Refshalevej 163A, 1432 København K",,,,,,,,,,,Nhà máy chế biến,
653,Lalala,,,,https://www.la-la-la.dk,,,"Strandgade 71, 1401 København K",,,,,,,,,,,Nhà máy chế biến,https://www.facebook.com/lalala_cph
654,Yazzys Administration,,,,,,,"Blækhatten 3b, 5220 Odense SØ",,,,,,,,,,,Nhà máy chế biến,
655,Teglporten - centralkøkken,,,,https://teglporten.com,,,"Teglporten 11, 3460 Birkerød",,,,,,,,,,,Nhà máy chế biến,
656,"Holmegårdsparken, Centralkøkkenet",,,,,,,"Ordrupvej 32, 2920 Charlottenlund",,,,,,,,,,,Nhà máy chế biến,
657,KRAGERUP & KO ApS,,,,https://kragerupogko.dk,mad@kragerupogko.dk,,"Ejby Industrivej 91, 2600 Glostrup",,,,,,,,,,,Nhà máy chế biến,
658,SPISERIET8000 ApS,,,,,,,"Stationsvangen 5, 8541 Skødstrup",,,,,,,,,,,Nhà máy chế biến,
659,Kejserindens gryder & kokkeri A/S,,,,https://kejserindens-gryder.dk,,,"Herstedøstervej 27, 2620 Albertslund",,,,,,,,,,,Nhà máy chế biến,
660,Madxpressen ApS,,,'+4586480506,https://madxpressen.dk/,,,"Alsvej 21, 8940 Randers, Denmark",,,,,,,,,,,Nhà máy chế biến,
661,Fonden JunkFood,,,'+4530344353,https://junkfood.dk/,,,"Betty Nansens Alle 57, 2000 Frederiksberg, Denmark",,,,,,,,,,,Nhà máy chế biến,
662,Functional Future ApS,,,,https://functionalfuture.dk,ordre@functionalfuture.dk,,"Ellekær 14, 2730 Herlev",,,,,,,,,,,Nhà máy chế biến,https://www.facebook.com/FunctionalFuture
663,Compass Group DK LEGO Kløverblomsten,,,,https://compass-group.dk,,,"Kløvermarken 14, 7190 Billund",,,,,,,,,,,Nhà máy chế biến,
664,LYNDRUPS RENGØRING ApS,,,'+4597744510,https://lyndrupsrengoering.dk,mail@lyndrupsrengoering.dk,,"Smedebjergvej 25, 7980 Vils",,,,,,,,,,,Nhà máy chế biến,https://www.facebook.com/lyndrups
665,DSB Depotvej v/ISS Facility Services A/S,,,,https://www.dk.issworld.com,salg@dk.issworld.com,,"Depotvej 12, 2630 Taastrup",,,,,,,,,,,Nhà máy chế biến,
666,Den Røde Okse Catering,,,'+4575151500,https://www.dro.dk/,kontakt@dro.dk,,"Stenhuggervej 5, 6710 Esbjerg, Denmark",,,,,,,,,,,Nhà máy chế biến,https://www.facebook.com/dro.dk
667,Madklubben Catering ApS,,,'+4538414170,https://www.madklubben.dk,madklubben@madklubben.dk,,"Smedeholm 15, 2730 Herlev",,,,,,,,,,,Nhà máy chế biến,https://www.facebook.com/Madklubbendk
668,City Catering ApS,,,'+4535553262,https://citycatering.dk/,frokost@citycatering.dk,,"Buddingevej 201B, 2860 Gladsaxe, Denmark",,,,,,,,,,,Nhà máy chế biến,https://www.facebook.com/citycateringdk
669,Dabba Aps,,,,,,,"Stadion Allé 70, 8000 Aarhus C",,,,,,,,,,,Nhà máy chế biến,
670,Roskilde Tekniske Skole,,,,,,,"Ledreborg Alle 50, 4000 Roskilde",,,,,,,,,,,Nhà máy chế biến,
671,Pico Pizza Production ApS,,,,https://picopizza.dk,,,"Struenseegade 9, 2200 København N",,,,,,,,,,,Nhà máy chế biến,
672,"Copenhagen Company, Centralkøkkenet",,,,,,,"Kirkegårdsvej 25 B, 2300 København S",,,,,,,,,,,Nhà máy chế biến,
673,SKAT_Kratbjerg 236,,,,https://skat.dk,,,"Kratbjerg 236, 3480 Fredensborg",,,,,,,,,,,Nhà máy chế biến,https://www.facebook.com/Skattestyrelsen
674,Rosenborgcentret,,,'+4582567000,https://boligertilaeldre.kk.dk/plejehjem/rosenborgcentret,l253@kk.dk,,"Rosengade 1, 1309 København, Denmark",,,,,,,,,,,Nhà máy chế biến,
675,MONDRUPS KØKKEN ApS,,,'+4526369945,http://www.mondrups.dk/kontakt.html,,,"Sundkrogsgade 30, 2150 København, Denmark",,,,,,,,,,,Nhà máy chế biến,
676,Frokostplus,,,'+4522200272,http://www.frokostplus.dk/,info@frokostplus.dk,,"Lilleringvej 14A, 8462 Aarhus, Denmark",,,,,,,,,,,Nhà máy chế biến,
677,Panenka,,,,https://www.panenkabar.dk,panenkabaraarhus@gmail.com,,"Frederiksgade 35, st, 8000 Aarhus C",,,,,,,,,,,Nhà máy chế biến,
678,"Per Aarsleff, Autoriseret",,,,,,,"Hasselager Allé 5, 8260 Viby J",,,,,,,,,,,Nhà máy chế biến,
679,Reduced ApS,,,,https://www.reducedfoods.com,rasmus.mortensen@reduced.dk,,"Kattegatvej 45, 2150 Nordhavn",,,,,,,,,,,Nhà máy chế biến,
680,Lille Dyrgaard Madhus & Gårdbutik,,,'+4586172206,,,,"Ogstrupgårdsvej 13b, 8530 Hjortshøj, Denmark",,,,,,,,,,,Nhà máy chế biến,
681,Det Gode Køkken,,,'+4596114150,https://www.holstebro.dk/det-gode-koekken,detgodekoekken@holstebro.dk,,"Vesterbo 2, 7500 Holstebro, Denmark",,,,,,,,,,,Nhà máy chế biến,https://www.facebook.com/HolstebroKommune
682,Smagssans A/S,,,'+4572108810,http://www.smagssans.dk/,,,"Brodersens Alle 6, 2900 Gentofte, Denmark",,,,,,,,,,,Nhà máy chế biến,
683,"Hedensted Kommune, Kantinen",,,'+4579755000,http://www.hedensted.dk/om-kommunen/kontakt/borgerservice,,,"Niels Espes Vej 8, 8722 Hedensted, Denmark",,,,,,,,,,,Nhà máy chế biến,
684,B. Lunch ApS Køkken,,,'+4523489446,https://www.b-lunch.dk/,,,"Betonvej 10, 4000 Roskilde, Denmark",,,,,,,,,,,Nhà máy chế biến,
685,Saxenhøj Cafeteria,,,'+4554730445,,,,"Nørrevang 24, 4990 Sakskøbing, Denmark",,,,,,,,,,,Nhà máy chế biến,
686,The Cantina Skødstrup,,,,https://thecantina.dk,,,"Skovlundvej 12, 8541 Skødstrup",,,,,,,,,,,Nhà máy chế biến,
687,DII Bakketoppen,,,,https://bakketoppen-kk.aula.dk,,,"8380 Trige, Denmark",,,,,,,,,,,Nhà máy chế biến,
688,"Ældrecenter, Sydvestvej, modtagerkøkken",,,'+4543287000,,,,"Sydvestvej 10, 2600 Glostrup, Denmark",,,,,,,,,,,Nhà máy chế biến,
689,"Fribo Holte, Centralkøkken - Cafe",,,,https://www.fribo.dk,,,"Borgm.Schneiders Vej 38, 2840 Holte",,,,,,,,,,,Nhà máy chế biến,
690,"OK-Centret Dronning Anne Marie, Køkken",,,'+4535285200,http://www.ok-fonden.dk/damc,,,"Solbjerg Have 7, 2000 Frederiksberg, Denmark",,,,,,,,,,,Nhà máy chế biến,
691,"Polaris Center Herning, Café Bøg",,,,https://polariscenter.herning.dk,poldn@herning.dk,,"Skovvænget 2 A, 7400 Herning",,,,,,,,,,,Nhà máy chế biến,https://www.facebook.com/PeerNetHerning
692,Gastronomiet ApS,,,'+4543439040,http://www.gastronomiet.dk/,,,"Smedeland 30, 2600 Albertslund, Denmark",,,,,,,,,,,Nhà máy chế biến,
693,BF Engros ApS,,,'+4525568488,https://bfengros.dk,info@bfengros.dk,,"Roskildevej 25 B, st, 2620 Albertslund",,,,,,,,,,,Nhà máy chế biến,
694,Maria´s Deli,,,'+4522665051,http://www.marias-deli.dk/,,,"Thrigesvej 27, 7430 Ikast, Denmark",,,,,,,,,,,Nhà máy chế biến,
695,Hos Truberg,,,'+4556496375,http://www.truberg.dk/,frank@truberg.dk,,"Solstien 1, 3760 Gudhjem, Denmark",,,,,,,,,,,Nhà máy chế biến,
696,"Daginstitution Torsted, Eventyrbakken",,,'+4524990077,https://dagtilbud.horsens.dk/torsted/eventyrbakken,,,"Østerhåbsalle 2, 8700 Horsens, Denmark",,,,,,,,,,,Nhà máy chế biến,
697,Persano Group A/S,,,'+4548715003,http://persano.dk/GB/Contact.aspx,persano@persano.dk,,"Skaaremosevej, 3230 Blistrup, Denmark",,,,,,,,,,,Nhà máy chế biến; Cơ sở bọc màng và tái đóng gói,
698,Møllehusets produktionskøkken,,,,,,,"Edith Rodes Vej 11, 2200 København N",,,,,,,,,,,Nhà máy chế biến,
699,The Catering Kitchen,,,'+4588441101,http://www.thekitchen.dk/,,,"Trørødvej 70, 2950 Rudersdal, Denmark",,,,,,,,,,,Nhà máy chế biến,
700,Familiekøkkenet,,,,,,,"Oust Møllevej 5, 8920 Randers NV",,,,,,,,,,,Nhà máy chế biến,
701,DDL's kantine hos AU Herning,,,,,,,"Birk Centerpark 15, Birk, 7400 Herning",,,,,,,,,,,Nhà máy chế biến,
702,Måltidsboxen 2022 A/S,,,'+4571991031,,,,"Asgårdsvej 5, 7200 Grindsted, Denmark",,,,,,,,,,,Nhà máy chế biến,
703,Gate Gourmet,,,,,,,"Kystvejen 42, 2770 Kastrup",,,,,,,,,,,Nhà máy chế biến,
704,"FREDERIKSBJERG & LANGENÆS Sundheds- og Kulturcenter, Café Frederik",,,'+4529209751,https://folkehuse.aarhus.dk/find-dit-folkehus/8000-aarhus-c/folkehuset-ankersgade/cafe/,,,"Ankersgade 21, 8000 Aarhus, Denmark",,,,,,,,,,,Nhà máy chế biến,
705,Den Selvejende Institution Hareskovbo,,,,https://hareskovbo.dk,info@hareskovbo.dk,,"Skovalleen 8, 2880 Bagsværd",,,,,,,,,,,Nhà máy chế biến,
706,Durlevs GourMæt,,,,,,,"Stensmosevej 15, 2620 Albertslund",,,,,,,,,,,Nhà máy chế biến,
707,"LÆSSØESGADES SKOLE, Centralkøkkenet Langenæsstien",,,,https://laessoesgadesskole.aarhus.dk,,,"Langenæsstien 8B, 8000 Aarhus C",,,,,,,,,,,Nhà máy chế biến,
708,Food Story ApS,,,'+4540971918,https://www.food-story.dk/,info@food-story.dk,,"Norgesvej 49B, 6100 Haderslev, Denmark",,,,,,,,,,,Nhà máy chế biến,
709,Biomega Denmark A/S,,,'+4555629450,http://www.biomegagroup.com/,,,"Willemoesvej 26, 9850 Hirtshals, Denmark",,,,,,,,,,,Nhà máy chế biến,
710,Jægersprislejren,,,'+4572839730,,,,"Hovedgaden 72, 3630 Jægerspris, Denmark",,,,,,,,,,,Nhà máy chế biến,
711,Madkastellet Kantiner ApS,,,'+4539640786,https://www.madkastellet.dk,info@madkastellet.dk,,"Kay Fiskers Plads 22, 2300 København S",,,,,,,,,,,Nhà máy chế biến,https://www.facebook.com/Madkastellet
712,Køkkenproduktion NOUH,,,,,,,"Servicebyen 95 13, 5260 Odense S",,,,,,,,,,,Nhà máy chế biến,
713,FORSORGSHJEMMET DALHOFFSMINDE,,,,https://www.dalhoffsminde.dk,,,"Dalhoffsmindevej 3, 6100 Haderslev",,,,,,,,,,,Nhà máy chế biến,
714,CPH frokost,,,'+4540408486,http://www.cphfrokost.dk/,,,"Amager Landevej 119, 2770 Kastrup",,,,,,,,,,,Nhà máy chế biến,
715,FE Catering / Claudias,,,,http://www.fecatering.com.mx/,,,"Huitlapexco 39, San Miguel Tecamachalco, Lomas de Tecamachalco, 53970 Naucalpan de Juárez, Méx., Mexico",,,,,,,,,,,Nhà máy chế biến,
716,CABAS Køkken Højvangen,,,'+4549284848,http://www.cabas.dk/,,,"Højvangen 11, 3060 Helsingør, Denmark",,,,,,,,,,,Nhà máy chế biến,
717,Markersen ApS,,,,,,,"Falkevej 3, 3400 Hillerød",,,,,,,,,,,Nhà máy chế biến,
718,MOS Madhus,,,'+4571926099,http://www.mosmadhus.dk/,bestilling@mosmadhus.dk,,"Grynderupvejen 2, 9610 Nørager, Denmark",,,,,,,,,,,Nhà máy chế biến,
719,Hija de Sanchez Production Kitchen,,,,https://hijadesanchez.teamtailor.com,,,"Hamborg Plads 7, Stuen, 2150 Nordhavn",,,,,,,,,,,Nhà máy chế biến,
720,Nordic Food Service,,,'+4578762560,https://www.nordicfoodservice.dk/,info@nordicfoodservice.dk,,"Andkærvej 19, 7100 Vejle, Denmark",,,,,,,,,,,Nhà máy chế biến,https://www.facebook.com/Nordicfoodservice
721,"Dagtilbud, Børnebåndet, Dr. Alexandrines børnehave",,,'+4541857131,http://boernebaandet.dk/,,,"Fuglesangs Allé 16, 8210 Aarhus, Denmark",,,,,,,,,,,Nhà máy chế biến,
722,"Hallernes Smørrebrød, Hovedkontor",,,,https://www.hallernes.dk,,,"Staldgade 34, 1699 København V",,,,,,,,,,,Nhà máy chế biến,
723,NEWREST DENMARK A/S,,,,https://www.newrest.eu/en/our-network/denmark/,,,"A. P. Møllers Allé 65, 2791 Dragør, Denmark",,,,,,,,,,,Nhà máy chế biến,
724,Dabba Kanteen,,,,https://dabba.kanpla.dk,,,"Filmbyen 11A, st, 8000 Aarhus C",,,,,,,,,,,Nhà máy chế biến,
725,Sønderborg Catering,,,'+4571724500,https://sonderborgcatering.dk/,,,"Coriolisvej 1, 6400 Sønderborg, Denmark",,,,,,,,,,,Nhà máy chế biến,https://www.facebook.com/sonderborgcatering
726,Børnehuset Børneliv,,,,https://aabyhoejdagtilbud.aarhus.dk/vores-afdelinger/boernehuset-boerneliv/,,,"Klokkervej 53, 8210 Aarhus, Denmark",,,,,,,,,,,Nhà máy chế biến,
727,Produktionskøkken Nakskov,,,,,,,"Helgenæsvej 10, 4900 Nakskov",,,,,,,,,,,Nhà máy chế biến,
728,Kantinen 3.sal,,,'+4523840335,https://kantinen.org,bestyrelsen@kantinen.org,,"Stamholmen 110, 2650 Hvidovre, Denmark",,,,,,,,,,,Nhà máy chế biến,https://www.facebook.com/Kantinen
729,"TECHCOLLEGE, Kantinen Rørdalsvej (Skolehjemskantine)",,,'+4572501000,https://techcollege.dk/,mail@techcollege.dk,,"Rørdalsvej 10, 9000 Aalborg, Denmark",,,,,,,,,,,Nhà máy chế biến,https://www.facebook.com/techcollegeaalborg
730,Børnehaven Tumlehøj,,,,,,,"Ågade 14, 7330 Brande",,,,,,,,,,,Nhà máy chế biến,
731,"Sundhedshuset Rehabilitering, Centralkøkken",,,,https://www.sundhedshuset.dk,,,"Birkedalsvej 35A, 3000 Helsingør",,,,,,,,,,,Nhà máy chế biến,
732,Mad Glad ApS / Ricewood Kantine,,,,https://www.gladmad.dk,,,"Skanderborgvej 277, 8260 Viby J",,,,,,,,,,,Nhà máy chế biến,
733,Madservice Stevns,,,'+4556575757,https://stevns.dk,stevns@stevns.dk,,"Præstemarken 76, 4652 Hårlev",,,,,,,,,,,Nhà máy chế biến,
734,"Montebello Plejehjem, Cafeteria",,,,,,,"Gurrevej 92B, 3000 Helsingør",,,,,,,,,,,Nhà máy chế biến,
735,"Bornholms Hospital, Køkkenet",,,'+4538670000,http://www.bornholmshospital.dk/,,,"Ullasvej 8, 3700 Rønne, Denmark",,,,,,,,,,,Nhà máy chế biến,
736,JN Catering ApS,,,'+4570107011,https://cateringdanmark.dk,kundeservice@cateringdanmark.dk,,"Logistikvej 25B, 5250 Odense SV",,,,,,,,,,,Nhà máy chế biến,
737,Frk-Laura - Foodproduction & Delikatesse,,,,https://www.frk-laura.dk/,,,"Søndergade 19 i, 8464 Galten, Denmark",,,,,,,,,,,Nhà máy chế biến,
738,Skovstjernen Centralkøkken,,,,http://skovstjernen-bed-garden.danmarkovernatning.dk,,,"Tove Ditlevsens Vej 4, 8500 Grenaa, Denmark",,,,,,,,,,,Nhà máy chế biến,
739,"Posthaven, Trænings center Posthavens Café",,,,,,,"Posthaven 48, 8500 Grenaa",,,,,,,,,,,Nhà máy chế biến,
740,N C NIELSEN BALLING A/S,,,,https://www.nc-nielsen.com,,,"Nørregade 66, 7860 Spøttrup",,,,,,,,,,,Nhà máy chế biến,https://www.facebook.com/ncnielsenas
741,Specialenheden,,,'+4597114770,,,,"Sverigesvej 3, 9560 Hadsund, Denmark",,,,,,,,,,,Nhà máy chế biến,
742,Bøgeskovhus,,,,,,,"Skovlundgårdsvej 51, 8260 Viby J",,,,,,,,,,,Nhà máy chế biến,
743,Madhosmads Produktion,,,'+4526991913,http://www.madhosmads.dk/,,,"Helge Nielsens Alle 2, 8723 Hedensted, Denmark",,,,,,,,,,,Nhà máy chế biến,
744,Daginstitution Lund,,,,,,,"Silkeborgvej 145, 8700 Horsens",,,,,,,,,,,Nhà máy chế biến,
745,Lisbjergskolen - Kantine,,,,https://lisbjergskolen.aarhus.dk,,,"Jørgen Clevins Gade 31, 8200 Aarhus N",,,,,,,,,,,Nhà máy chế biến,
746,Sands Mad ApS,,,'+4541111703,http://sandsmad.dk/,,,"Telefonvej 6, 2860 Gladsaxe, Denmark",,,,,,,,,,,Nhà máy chế biến,
747,EK CAFéEN ApS,,,'+4521461963,http://cafeensmarked.net/,ek@ekcafeen.dk,,"Hadsundvej 180A, 9220 Aalborg, Denmark",,,,,,,,,,,Nhà máy chế biến,
748,Trines-Kitchen,,,'+4526785540,https://trines-kitchen.dk,sct.knuds@trines-kitchen.dk,,"Gl. Byvej 12, 5540 Ullerslev",,,,,,,,,,,Nhà máy chế biến,https://www.facebook.com/TrinesKitchenEllinge
749,Frokost Kompagniet ApS,,,'+4528979817,https://www.frokost-kompagniet.dk/,,,"Værkstedsgården 13, st, 2620 Albertslund",,,,,,,,,,,Nhà máy chế biến,
750,Dagtilbud Bankager,,,,https://dagtilbud.horsens.dk,,,"Østerhåbsalle 1, 8700 Horsens",,,,,,,,,,,Nhà máy chế biến,
751,Center for Rehabilitering og Akutpleje - Kirsebær,,,'+4582325500,https://rehabilitering-akutpleje.kk.dk/,,,"Kirsebærhaven 20, 2500 København, Denmark",,,,,,,,,,,Nhà máy chế biến,
752,La Brava Gastronomi ApS,,,'+4540444263,http://www.labrava.dk/,,,"Sønderskovvej 14, 8362 Hørning, Denmark",,,,,,,,,,,Nhà máy chế biến,
753,Molens Måltider,,,'+4561102200,http://www.molensmaaltider.dk/,,,"Nordre Havnevej 4, 5700 Svendborg, Denmark",,,,,,,,,,,Nhà máy chế biến,
754,DDL´s kantine hos Telehøjen,,,,https://ddl.dk,ddl@ddl.dk,,"Telehøjen 1, 5220 Odense SØ",,,,,,,,,,,Nhà máy chế biến,https://www.facebook.com/danskedoveslandsforbund
755,Violskrænten Produktionskøkken,,,,,,,"Violskrænten 13, 8500 Grenaa",,,,,,,,,,,Nhà máy chế biến,
756,Essens&Co by Evenues,,,,https://www.essensco.dk,,,"Bernstorffsvej 20A, 2900 Hellerup",,,,,,,,,,,Nhà máy chế biến,
757,"Plejecenter Digterparken , Produktionskøkken",,,'+4589591130,https://norddjurs.dk/borger-og-selvbetjening/sundhed-pleje-og-aeldre/plejecentre/digterparken,,,"Tove Ditlevsens Vej 2, 8500 Grenaa, Denmark",,,,,,,,,,,Nhà máy chế biến,
758,DELICATE A/S,,,,https://delicateofficial.co,delicateofficial.vn@gmail.com,,"Greve Main 12, 2670 Greve",,,,,,,,,,,Nhà máy chế biến,
759,Samsø Køkken,,,,http://www.samsoe.dk/,kontakt-familieafdelingen@samsoe.dk,,"Sygehusvej 26, Tranebjerg, 8305 Tranebjerg, Denmark",,,,,,,,,,,Nhà máy chế biến,https://www.facebook.com/samsoekommune
760,Tranbjergskolen afdeling Grønløkke Alle,,,,https://tranbjergskolen.aarhus.dk,,,"Grønløkke Allé 9, 8310 Tranbjerg J",,,,,,,,,,,Nhà máy chế biến,
761,VD_Teglgårdsparken 102 v/ISS FACILITY SERVICES A/S,,,,https://www.issworld.com,disclosure@group.issworld.com,,"Teglgårdsparken 102, 5500 Middelfart",,,,,,,,,,,Nhà máy chế biến,
762,Dabba Kanteen Skøjtehallen,,,,https://dabba.kanpla.dk,,,"Gøteborg Allé, Christiansbjerg 9, 1, 8200 Aarhus N",,,,,,,,,,,Nhà máy chế biến,
763,Teddys kantine aps,,,'+4539403618,http://www.teddyskantine.dk/,teddy@teddyskantine.dk,,"Ørnegårdsvej 16, 2820 Gentofte, Denmark",,,,,,,,,,,Nhà máy chế biến,
764,Forsyningskøkkenet Skovvang,,,,https://skovvang.dk,,,"Abildgade 9, 8200 Aarhus N",,,,,,,,,,,Nhà máy chế biến,
765,DD CPH ApS,,,,https://www.ddcph.com,info@ddcph.com,,"Københavns Lufthavn Syd, Kompasrosevej 6, 2791 Dragør",,,,,,,,,,,Nhà máy chế biến,
766,Mad-Symfonien ApS,,,,https://mad-symfonien.dk,,,"Viborgvej 13, 7500 Holstebro",,,,,,,,,,,Nhà máy chế biến,
767,Fællesskaberne Skb Pensionatet Skanderborg Øst,,,'+4587942140,https://skanderborg-faellesskaberne.dk,skanderborgfaellesskaberne@skanderborg.dk,,"Kildevej 14K, 8660 Skanderborg, Denmark",,,,,,,,,,,Nhà máy chế biến,https://www.facebook.com/SkanderborgFaellesskaberne
768,RønhaveSlagteren v/ Sune Hansen,,,'+4529881085,http://ronhaveslagteren.dk/,sune@ronhaveslagteren.dk,,"Hestehave 24, 6400 Sønderborg, Denmark",,,,,,,,,,,Nhà máy chế biến,https://www.facebook.com/ronhaveslagteren
769,1080 Frokost Kolding v. Jespers Torvekøkken,,,,https://torvekoekkenfrokost.dk,,,"Venusvej 42, 6000 Kolding",,,,,,,,,,,Nhà máy chế biến,
770,"Middelfart Nærhospital, Køkkenet",,,'+4563484000,http://www.sygehuslillebaelt.dk/,,,"Østre Hougvej 55, 5500 Middelfart, Denmark",,,,,,,,,,,Nhà máy chế biến,
771,"BistroNord A/S, Kantinen Port of Aalborg",,,,https://bistronord.dk,info@bistronord.dk,,"Langerak 19, 9220 Aalborg Øst",,,,,,,,,,,Nhà máy chế biến,
772,Dabba KBH A/S,,,,https://dabba.kanpla.dk,,,"Emdrupvej 26, 2100 København Ø",,,,,,,,,,,Nhà máy chế biến,
773,Stenbideren APS / Hjulspinderen,,,'+4530223656,https://stenbideren.dk,hej@stenbideren.dk,,"Flyvepladsen 10, 6330 Padborg, Denmark",,,,,,,,,,,Nhà máy chế biến,
774,Nicolas Cuisine,,,,https://nicolas-cuisine.dk,,,"Kongelundsvej 36, st, 2300 København S",,,,,,,,,,,Nhà máy chế biến,
775,Gastronomi Expressen,,,,https://gastronomiexpressen.dk,,,"Toftebakken 9B, 3460 Birkerød",,,,,,,,,,,Nhà máy chế biến,
776,SKAT_Parallelvej 11 v/ISS FACILITY SERVICES A/S,,,,https://www.issworld.com,disclosure@group.issworld.com,,"Parallelvej 11, 9800 Hjørring",,,,,,,,,,,Nhà máy chế biến,
777,BO-INSTITUTIONEN BIRKEBAKKEN,,,,https://birkebakken.dk,info@birkebakken.dk,,"Hejredalsvej 144, 8220 Brabrand",,,,,,,,,,,Nhà máy chế biến,https://www.facebook.com/Birkebakken
778,BDK_Godsbanevej 2 v/ISS FACILITY SERVICES A/S,,,,https://www.issworld.com,disclosure@group.issworld.com,,"Godsbanevej 2, 4100 Ringsted",,,,,,,,,,,Nhà máy chế biến,
779,Brøndby Stadion v/Jespers Torvekøkken ApS,,,,https://brondbyfodboldstadion.dk,info@brondby.com,,"Brøndby Stadion 28, 2605 Brøndby",,,,,,,,,,,Nhà máy chế biến,https://www.facebook.com/brondby
780,"SKAT_Sorsigvej 35, v/ISS FACILITY SERVICES A/S",,,,https://www.issworld.com,disclosure@group.issworld.com,,"Sorsigvej 35, 6760 Ribe",,,,,,,,,,,Nhà máy chế biến,
781,Centralkøkkenet Elme Allé,,,,,,,"Elme Alle 6, 8963 Auning",,,,,,,,,,,Nhà máy chế biến,
782,Farsøhthus Ældrecenter,,,,,,,"I P Farsøhts Alle 4, 8961 Allingåbro",,,,,,,,,,,Nhà máy chế biến,
783,"Strandcentret, Centralkøkkenet",,,,,,,"Frydenhøj Alle 100, 2670 Greve",,,,,,,,,,,Nhà máy chế biến,
784,Plejecenter Solgården,,,'+4572578710,https://plejehjemsoversigten.dk/da/Nordjylland/Jammerbugt-Kommune/Plejecenter-Solgaarden,,,"Aggersundvej 31, 9690 Fjerritslev, Denmark",,,,,,,,,,,Nhà máy chế biến,
785,Kostområde Struer Kommune,,,,https://www.struer.dk,,,"Anlægsvej 8, 7600 Struer",,,,,,,,,,,Nhà máy chế biến; Nhà máy chế biến sản phẩm thủy sản tươi sống,
786,Møllens Køkken Væddeløbsbanen,,,,,,,"Observatorievejen 2, 8000 Aarhus C",,,,,,,,,,,Nhà máy chế biến,
787,DDL produktionskøkken Hammel,,,,https://ddl.dk,ddl@ddl.dk,,"Industrivej 6A, 8450 Hammel",,,,,,,,,,,Nhà máy chế biến,https://www.facebook.com/danskedoveslandsforbund
788,KJØ ApS,,,'+4560193754,http://www.kjoe.dk/,ordre@kjoe.dk,,"Vestergade 3, 6430 Guderup, Denmark",,,,,,,,,,,Nhà máy chế biến,https://www.facebook.com/kjoe.dk
789,Madværk ApS,,,'+4553680000,https://madvaerk.dk/,info@madvaerk.dk,,"Erhvervsvej 17, 2600 Ejby, Denmark",,,,,,,,,,,Nhà máy chế biến,https://www.facebook.com/madvaerkdk
790,"Center for Rehabilitering og Forebyggelse, Hovedkøkken",,,'+4539988800,https://gentofte.dk/sundhed-og-omsorg/sygdom/genoptraening-rehabilitering-og-aflastning/,gentofte@gentofte.dk,,"Schioldannsvej 31, 2920 Gentofte, Denmark",,,,,,,,,,,Nhà máy chế biến,https://www.facebook.com/gentoftekom
791,noon,,,,https://www.noon.com,,,"Sundkaj 125, 2150 Nordhavn",,,,,,,,,,,Nhà máy chế biến,
792,"Sundbusserne af 2010 A/S, Sundbussernes Køkken",,,'+4553737010,https://sundbusserne.dk/,info@sundbusserne.dk,,"Færgevej 24, 3000 Helsingør, Denmark",,,,,,,,,,,Nhà máy chế biến,https://www.facebook.com/sundbusserne
793,Dagtilbud 5131 - Åbyhøj afd. Børnehuset Klokkervej,,,,,,,"Klokkervej 38, 8210 Aarhus V",,,,,,,,,,,Nhà máy chế biến,
794,Mums!,,,,,,,"Alstrup Alle 4, 8361 Hasselager",,,,,,,,,,,Nhà máy chế biến,
795,Flex Kitchen ApS,,,'+4570323460,https://www.flexkitchen.dk/,kontakt@flexcatering.dk,,"Topstykket 25, 3460 Birkerød, Denmark",,,,,,,,,,,Nhà máy chế biến,
796,Madplan Aps,,,'+4526205152,http://www.madplan.dk/,kontakt@madplan.dk,,"Skejby Nordlandsvej 311, 8200 Aarhus, Denmark",,,,,,,,,,,Nhà máy chế biến,
797,Center for Døve,,,,,,,"Egebækvej 159, 2850 Nærum",,,,,,,,,,,Nhà máy chế biến,
798,Gastromani 2 ApS,,,'+4551889545,https://gastro-mani.dk/,nikolai@gastro-mani.dk,,"Tuborg Blvd. 12, 2900 Gentofte, Denmark",,,,,,,,,,,Nhà máy chế biến,
799,Fourfeldt Børnehus,,,,,,,"Norddalsparken 34, 6710 Esbjerg, Denmark",,,,,,,,,,,Nhà máy chế biến,
800,By Kavsman Group,,,,,,,"Stamholmen, 2650 Hvidovre, Denmark",,,,,,,,,,,Nhà máy chế biến; Kho lạnh bảo quản,
801,Sæsonens Madleverandør ApS,,,'+4544147484,http://xn--ssonens-mxa.dk/,,,"Gummersmarkvej 7, 4632 Bjæverskov",,,,,,,,,,,Nhà máy chế biến,
802,Lemvig Centralkøkken,,,'+4596631200,,,,"Nygade 6, 7620 Lemvig, Denmark",,,,,,,,,,,Nhà máy chế biến,
803,Dagtilbud Jerne-Spangsbjerg - Afd. Bydelens Børnehus,,,'+4576167676,https://xn--brnepasning-ggb.esbjerg.dk/daginstitutioner/bydelens-boernehus,,,"Stengårdsvej 313, 6705 Esbjerg, Denmark",,,,,,,,,,,Nhà máy chế biến,
804,"Aars Rådhus, Vesthimmerlands kommune",,,,,,,"Vestre Boulevard 7, 9600 Aars",,,,,,,,,,,Nhà máy chế biến,
805,AAU Niels Bohrs Vej Esbjerg /Jespers torvekøkken,,,,,,,"Niels Bohrs Vej 8, 6700 Esbjerg",,,,,,,,,,,Nhà máy chế biến,
806,Præstø Multicenter,,,,,,,"Rosagervej 37, 4720 Præstø",,,,,,,,,,,Nhà máy chế biến,
807,"Compass Group DK A/S 669410, Produktionskøkken",,,,,,,"Avedøreholmen 96, 2650 Hvidovre",,,,,,,,,,,Nhà máy chế biến,
808,"Compass Group DK A/S 669411 , FOOD & CO - Frokost køkken",,,,,,,"Avedøreholmen 96, 2650 Hvidovre",,,,,,,,,,,Nhà máy chế biến,
809,Banh Mi Bandits Køkken Sintrupvej,,,,,,,"Sintrupvej 71D, 8220 Brabrand",,,,,,,,,,,Nhà máy chế biến,
810,Carbis Convenience World ApS,,,,,,,"Kløvervej 71, 6100 Haderslev",,,,,,,,,,,Nhà máy chế biến,
811,"Messecenter Herning, Hovedkøkkenet",,,,,,,"Vardevej 1, 1, 7400 Herning",,,,,,,,,,,Nhà máy chế biến,
812,Jyske Bank Boxen,,,'+4599269926,https://www.mch.dk/om-os/lokationer/jyske-bank-boxen,mch@mch.dk,,"Kaj Zartows Vej 7, 7400 Herning, Denmark",,,,,,,,,,,Nhà máy chế biến,
813,Loop kantiner,,,,https://loop.frontiersin.org,,,"Bregnerødvej 124, 3460 Birkerød",,,,,,,,,,,Nhà máy chế biến,
814,"Johannesgården, Centralkøkken",,,'+4538776700,https://boligertilaeldre.kk.dk/plejehjem/find-plejehjem/johannesgaarden,,,"Fuglsang Allé 103, 2700 København, Denmark",,,,,,,,,,,Nhà máy chế biến,
815,"Hospitalsbyen, servicehuset, Produktionskøkken",,,,,,,"Hospitalsbyen 22, 9260 Gistrup",,,,,,,,,,,Nhà máy chế biến,
816,DSV Horsens v/ISS FACILITY SERVICES A/S,,,,https://www.dsv.com,,,"Mossvej 29, 8700 Horsens",,,,,,,,,,,Nhà máy chế biến,https://www.facebook.com/dsv.global
817,Simply Pure,,,'+4526236340,https://simplypure.dk/,,,"Bådehavnsgade 48, 2450 København, Denmark",,,,,,,,,,,Nhà máy chế biến; Cơ sở bọc màng và tái đóng gói,
818,"Jobigen Viborg, Kantine",,,,,,,"Nørremarksvej 17, 8800 Viborg",,,,,,,,,,,Nhà máy chế biến,
819,Børnehuset Molevitten,,,'+4541854606,,,,"Mallinggårdsvej 4, 8340 Malling",,,,,,,,,,,Nhà máy chế biến,
820,Deli Deluxe v/Poul Bilde Nielsen,,,,https://vn.deliworld.com,,,"1001 McKinney St, Houston, TX 77002, United States",,,,,,,,,,,Nhà máy chế biến,
821,Bofællesskabet Inge Marie,,,,,,,"Skansen 1, 4100 Ringsted",,,,,,,,,,,Nhà máy chế biến,
822,Fuli ApS,,,,,,,"Gummersmarkvej 7A, 4632 Bjæverskov",,,,,,,,,,,Nhà máy chế biến,
823,Aabenraa Slagteren ApS,,,'+4574623322,http://www.aabenraaslagteren.dk/,mail@aabenraaslagteren.dk,,"Søndergade 9, 6200 Aabenraa, Denmark",,,,,,,,,,,Nhà máy chế biến,https://www.facebook.com/people/Aabenraa-Slagteren/100063762662079
824,Frederiks Frokost,,,,,,,"Islevbrovej 54D, 2610 Rødovre",,,,,,,,,,,Nhà máy chế biến,
825,Gastro 13 ApS,,,,,,,"Ågade 32, 7442 Engesvang",,,,,,,,,,,Nhà máy chế biến,
826,"Forenede Care A/S, Langagergård Plejecenter, Køkken",,,'+4539695050,https://www.forenedecare.dk/,info@forenede.dk,,"Borupvang 5E, 2750 Ballerup, Denmark",,,,,,,,,,,Nhà máy chế biến,https://www.facebook.com/LangagergardPlejecenter
827,CHEF - MAD TIL DØREN ApS,,,'+4540195450,,,,"Strølillevej 40, 3600 Frederikssund, Denmark",,,,,,,,,,,Nhà máy chế biến,
828,"FGU Østjylland, Ryomgård",,,'+4586418200,https://www.fguoj.dk/kontakt,,,"Vestergade 67, 8550 Ryomgård, Denmark",,,,,,,,,,,Nhà máy chế biến,
829,Hoppes Cafe & Bar,,,,,,,"Læderstræde 11A, 1201 København K",,,,,,,,,,,Nhà máy chế biến,
830,Samosa Factory ApS,,,'+4571740178,https://www.samosafactorycatering.dk/,,,"Farverland 4d, 2600 Albertslund, Denmark",,,,,,,,,,,Nhà máy chế biến,
831,"Produktionskøkken, Pendanten",,,,,,,"Strandgade 25B, 1401 København K",,,,,,,,,,,Nhà máy chế biến,
832,FoodByRD,,,,,,,"Danmarksvej 11, 9670 Løgstør",,,,,,,,,,,Nhà máy chế biến,
833,Euro Kitch,,,'+4570270107,http://www.eurokitch.dk/,mail@eurokitch.dk,,"Frydenborgvej 27, 3400 Hillerød, Denmark",,,,,,,,,,,Nhà máy chế biến,https://www.facebook.com/EuroKitch
834,Vejle Kommune's Kantine,,,,,,,"Skolegade 1, 7100 Vejle",,,,,,,,,,,Nhà máy chế biến,
835,Kaffe Fair,,,,,,,"Fyrkildevej 7, 9220 Aalborg Øst",,,,,,,,,,,Nhà máy chế biến,
836,Erlund & Andersen ApS,,,,,,,"Kongelundsvej 36, st, 2300 København S",,,,,,,,,,,Nhà máy chế biến,
837,Samosa ApS,,,'+4522612656,,,,"H. J. Holst Vej 6, 2610 Rødovre, Denmark",,,,,,,,,,,Nhà máy chế biến,
838,Pops Pizza 2 ApS,,,'+4501816890,https://pops.vn,popsapp-support@pops.vn,,"Rosenkæret 15B, 2860 Søborg",,,,,,,,,,,Nhà máy chế biến,https://www.facebook.com/popscomicstudio
839,"Møllevangsskolen, kantine",,,,,,,"Møllevangs Alle 20, 8210 Aarhus V",,,,,,,,,,,Nhà máy chế biến,
840,Borbjerg-Hvam Kultur & Fritidscenter,,,,,,,"Hvamvej 84, Borbjerg, 7500 Holstebro",,,,,,,,,,,Nhà máy chế biến,
841,Wedo Centralkøkken,,,'+4538896767,https://wedo.com.vn,wedojsc@wedo.vn,,"Halmtorvet 21, 1700 København V",,,,,,,,,,,Nhà máy chế biến,
842,Plejehjemmet Fasanlunden,,,,,,,"Stæhr Johansens Vej 52, 2000 Frederiksberg, Denmark",,,,,,,,,,,Nhà máy chế biến,
843,"CFD Døves Vaskeri sociale tilbud, Kantine",,,,,,,"Generatorvej 2S, 2860 Gladsaxe, Denmark",,,,,,,,,,,Nhà máy chế biến,
844,Frokostordningen i dagtilbud,,,,,,,"Egehegnet 16, 2850 Nærum",,,,,,,,,,,Nhà máy chế biến,
845,SPISPÆNT - FOOD BY BRAAE ApS,,,'+4526459911,http://www.spispaent.dk/,info@spispaent.dk,,"Granhøjvej 8, 8600 Silkeborg, Denmark",,,,,,,,,,,Nhà máy chế biến,
846,Ambrosa Honest Food ApS,,,,,,,"Boesvej 13, 8660 Skanderborg",,,,,,,,,,,Nhà máy chế biến,
847,Simply Cooking - Kantinen,,,,,,,"Bernstorffsgade 21, kl, 1577 København V",,,,,,,,,,,Nhà máy chế biến,
848,Langagerskolen/køkkenet,,,'+4586287355,https://langagerskolen.aarhus.dk/,,,"Bøgeskov Høvej 10, 8260 Aarhus, Denmark",,,,,,,,,,,Nhà máy chế biến,
849,Centralkøkken - Thisted,,,,,,,"Nørrealle 53, 7700 Thisted",,,,,,,,,,,Nhà máy chế biến,
850,Caféen Romalt Aktivitetshal,,,'+4551307624,http://www.romaltaktivitetshal.dk/,,,"Romalt Blvd. 28, 8960 Randers, Denmark",,,,,,,,,,,Nhà máy chế biến,
851,Autismetilbuddet Holding ApS,,,,,,,"Slagterivej 17, 4690 Haslev, Denmark",,,,,,,,,,,Nhà máy chế biến,
852,AVK International A/S Kantine,,,,,,,"Smedeskovvej 40, 8464 Galten",,,,,,,,,,,Nhà máy chế biến,
853,Børnehuset Ravnsborg,,,,https://ravnsborg.aula.dk/,,,"Ravnsborgvej 3b, 4600 Køge, Denmark",,,,,,,,,,,Nhà máy chế biến,
854,CPH Kitchen,,,,,,,"Raffinaderivej 8, 2300 København S",,,,,,,,,,,Nhà máy chế biến,
855,Fra Jorden ApS,,,,,,,"Stationsparken 37, 2600 Glostrup",,,,,,,,,,,Nhà máy chế biến,
856,"Sandholmlejren, Bygning II, Køkken",,,,,,,"Sandholmgårdsvej 40, 3450 Allerød",,,,,,,,,,,Nhà máy chế biến,
857,The Food Company ApS,,,'+4570705500,https://www.thefoodcompany.dk/,,,"Ny Banegårdsgade 48, 8000 Aarhus, Denmark",,,,,,,,,,,Nhà máy chế biến,
858,"Fujifilm DBD ApS v/Kokkenes Køkken, Ekstern køkken",,,,,,,"Vølundsvej 2, 3400 Hillerød",,,,,,,,,,,Nhà máy chế biến,
859,Mums Catering,,,,,,,"Vangedevej 142C, 2870 Dyssegård",,,,,,,,,,,Nhà máy chế biến,
860,DDL Produktionskøkken Kolding,,,,,,,"Gejlhavegård 15, 6000 Kolding",,,,,,,,,,,Nhà máy chế biến,
861,Simply Cooking - Bjerregårdsvej,,,,,,,"Bjerregårdsvej 16, 2500 Valby",,,,,,,,,,,Nhà máy chế biến,
862,Børnehuset Buldervang,,,'+4559534960,https://buldervang-kalundborg.aula.dk/,,,"Klostervangen 1, 4400 Kalundborg, Denmark",,,,,,,,,,,Nhà máy chế biến,
863,Tjørneparkens Køkken,,,,,,,"Tjørneparken 1, 4572 Nørre Asmindrup",,,,,,,,,,,Nhà máy chế biến,
864,EgeBech ApS,,,'+4520458101,https://egebech.dk/,anne@egebech.dk,,"Stadion Alle 5, st 9, 8800 Viborg",,,,,,,,,,,Nhà máy chế biến,
865,"Pressalit A/S, kantine",,,'+4587888788,https://pressalit.com/,us@pressalit.com,,"Pressalitvej 1, 8680 Ry, Denmark",,,,,,,,,,,Nhà máy chế biến,https://www.facebook.com/309274275801477
866,Comé Central Kitchen,,,,,,,"Refshalevej 163A, st. mf., 1432 København K",,,,,,,,,,,Nhà máy chế biến,
867,Børnehuset Dalby-Vonsild,,,,,,,"Ved Padholm 2, 6000 Kolding",,,,,,,,,,,Nhà máy chế biến,
868,"3103 Holbæk Kommune Hovedkøkken, v/Jespers Torvekøkken",,,,,,,"Jernbanevej 6, 4300 Holbæk",,,,,,,,,,,Nhà máy chế biến,
869,Kokkens Madpakke ApS,,,,,,,"Frederikssundsvej 343, 2700 Brønshøj",,,,,,,,,,,Nhà máy chế biến,
870,"LYKKEGARD, Hovedkøkken",,,,,,,"Hovedgaden 2, 4420 Regstrup",,,,,,,,,,,Nhà máy chế biến,
871,Fipros A/S,,,'+4564742288,https://www.fipros-as.com/,fipros@fipros.dk,,"Rybergsvej 1, 5631 Ebberup, Denmark",,,,,,,,,,,Nhà máy chế biến; Cơ sở bọc màng và tái đóng gói; Kho lạnh bảo quản,
872,Statsfængslet ved Sønder Omme,,,,,,,"Holdgårdsvej 142, 7260 Sønder Omme",,,,,,,,,,,Nhà máy chế biến,
873,Johs Jensen Fiske- og Muslingeexport A/S,,,,,,,"Havnegade 20, 7790 Thyholm",,,,,,,,,,,Trung tâm điều phối / xuất hàng; Trung tâm làm sạch / tinh chế (thường cho nhuyễn thể); Nhà máy chế biến sản phẩm thủy sản tươi sống,
874,Vilsund Blue A/S,,,,,,,"Øroddevej 100, 7900 Nykøbing M",,,,,,,,,,,Trung tâm điều phối / xuất hàng; Nhà máy chế biến,
875,Glyngøre Shellfish ApS,,,,,,,"Kassehusvej 5, 7870 Roslev",,,,,,,,,,,Trung tâm điều phối / xuất hàng; Trung tâm làm sạch / tinh chế (thường cho nhuyễn thể),
876,Venøsund Fisk og Skaldyr,,,,,,,"Sønderskovvej 20, Venø, 7600 Struer",,,,,,,,,,,Trung tâm điều phối / xuất hàng; Trung tâm làm sạch / tinh chế (thường cho nhuyễn thể); Nhà máy chế biến sản phẩm thủy sản tươi sống,
877,"AKTIESELSKABET POSEIDON MUSLINGER, OG REJER",,,'+4574755200,,,,"Havnepladsen 0, 6792 Havneby, Denmark",,,,,,,,,,,Nhà máy chế biến,
878,NORDIC SEAFOOD A/S,,,'+4598941533,https://www.nordicseafood.com/home,,,"Søren Nordbysvej 15, 9850 Hirtshals, Denmark",,,,,,,,,,,Nhà máy chế biến sản phẩm thủy sản tươi sống; Cơ sở bọc màng và tái đóng gói,
879,FISHERMENS FACTORY A/S,,,'+4597962400,,,,"Industrivangen 2B, 7730 Hanstholm, Denmark",,,,,,,,,,,Nhà máy chế biến sản phẩm thủy sản tươi sống,
880,Snaptun A/S,,,,,,,"Snaptunvej 59A, 7130 Juelsminde",,,,,,,,,,,Nhà máy chế biến sản phẩm thủy sản tươi sống; Nhà máy chế biến; Kho lạnh bảo quản,
881,"M/TR ""Ocean Tiger"", V/Partsrederiet Ocean Tiger ""R38""",,,,,,,"Strandgade 10, 3730 Nexø",,,,,,,,,,,Tàu chế biến thủy sản (tàu đánh bắt kiêm nhà máy),
882,J G Coldstores ApS,,,,,,,"Elmedalsvej 5, 4200 Slagelse",,,,,,,,,,,Nhà máy chế biến sản phẩm thủy sản tươi sống; Kho lạnh bảo quản; Cơ sở tách thịt thủy sản bằng cơ học,
883,AMANDA SEAFOODS A/S,,,'+4596221500,https://www.amanda-seafoods.dk/,,,"Constantiavej 29, 9900 Frederikshavn, Denmark",,,,,,,,,,,Nhà máy chế biến; Cơ sở bọc màng và tái đóng gói,
884,ARNE JØRGENSEN & SØN A/S,,,'+4598481042,,,,"Hyttefadsvej 9, 9970 Strandby, Denmark",,,,,,,,,,,Nhà máy chế biến sản phẩm thủy sản tươi sống; Kho lạnh bảo quản,
885,TELL FISK APS,,,,,,,"Hyttefadsvej 11, 9970 Strandby",,,,,,,,,,,Nhà máy chế biến sản phẩm thủy sản tươi sống; Kho lạnh bảo quản,
886,Hansa Fisk,,,'+4521488073,http://www.hansa-fisk.dk/,hans@hansa-fisk.dk,,"Fiskerihavnsgade 9a, 6700 Esbjerg, Denmark",,,,,,,,,,,Nhà máy chế biến sản phẩm thủy sản tươi sống,
887,Kaptajn Seafood A/S,,,,,,,"Hyttefadsvej 3, 9970 Strandby",,,,,,,,,,,Nhà máy chế biến sản phẩm thủy sản tươi sống; Kho lạnh bảo quản,
888,Scanfish Danmark A/S,,,'+4597962122,https://leroyseafood.dk/?page_id=47362,,,"Industrihøjen 5, 7730 Hanstholm, Denmark",,,,,,,,,,,Nhà máy chế biến sản phẩm thủy sản tươi sống; Nhà máy chế biến; Cơ sở bọc màng và tái đóng gói; Kho lạnh bảo quản,
889,WORLDWIDE SEAFOOD HANSTHOLM ApS,,,'+4597962655,https://www.worldwideseafood.dk/,klaus@worldwideseafood.dk,,"Kai Lindbergs Gade 24, 7730 Hanstholm, Denmark",,,,,,,,,,,Nhà máy chế biến sản phẩm thủy sản tươi sống,
890,FISKEHALLEN TVILLING A/S,,,'+4539163800,http://www.tvilling.dk/,,,"Kattegatvej 63, 2100 København, Denmark",,,,,,,,,,,Nhà máy chế biến sản phẩm thủy sản tươi sống; Nhà máy chế biến; Cơ sở bọc màng và tái đóng gói,
891,KNUD THOMSEN FISKEEKSPORT A/S,,,'+4598481020,,,,"Hyttefadsvej 6, 9970 Strandby, Denmark",,,,,,,,,,,Nhà máy chế biến sản phẩm thủy sản tươi sống; Kho lạnh bảo quản,
892,Mondo Mar Marine Foods Aps,,,'+4596557000,http://www.mondomar.dk/,,,"Kai Lindbergs Gade 38, 7730 Hanstholm, Denmark",,,,,,,,,,,Nhà máy chế biến sản phẩm thủy sản tươi sống; Cơ sở tách thịt thủy sản bằng cơ học,
893,Nordic Fish A/S,,,,http://nordicfishfairfield.com/,,,"1499 Post Rd, Fairfield, CT 06824, United States",,,,,,,,,,,Nhà máy chế biến sản phẩm thủy sản tươi sống,
894,Musholm A/S,,,,,,,"4281 Kalundborg Municipality, Denmark",,,,,,,,,,,Nhà máy chế biến sản phẩm thủy sản tươi sống; Nhà máy chế biến,
895,Insula Fersk Fisk A/S,,,,,,,"Tungevej 2 - 4, 6960 Hvide Sande",,,,,,,,,,,Nhà máy chế biến sản phẩm thủy sản tươi sống; Nhà máy chế biến; Cơ sở tách thịt thủy sản bằng cơ học,
896,REINHOLDT & CO FISKEEKSPORT A/S,,,'+4575347033,http://www.reinholdt-co.dk/,,,"Knudbyvej 16, 8831 Løgstrup, Denmark",,,,,,,,,,,Nhà máy chế biến,
897,ROYAL FISH DENMARK A/S,,,,,,,"Chr. Schrøders Gade 40 & Kai lindbergs Gade 39 -, 7730 Hanstholm",,,,,,,,,,,Nhà máy chế biến sản phẩm thủy sản tươi sống,
898,ÅRHUS FISKEEKSPORT APS,,,'+4586123559,https://aarhusfiskeeksport.dk/,info@aarhusfiskeeksport.dk,,"Pakkerivej 2A, 8000 Aarhus, Denmark",,,,,,,,,,,Nhà máy chế biến sản phẩm thủy sản tươi sống; Cơ sở bọc màng và tái đóng gói,https://www.facebook.com/aarhusfiskeeksport
899,Chrisfish Hanstholm Aps,,,'+4597961811,http://www.chrisfish.dk/,chrisfish@chrisfish.dk,,"Auktionsgade 15, 7730 Hanstholm, Denmark",,,,,,,,,,,Nhà máy chế biến sản phẩm thủy sản tươi sống,https://www.facebook.com/Chrisfish-Danmark-AS-104193154747884
900,KEKA FISK APS,,,'+4598942699,,,,"Søren Nordbysvej 13, 9850 Hirtshals, Denmark",,,,,,,,,,,Nhà máy chế biến sản phẩm thủy sản tươi sống,
901,"Hundested Fiskeexport A/S, O.V. Jørgensen",,,'+4547937014,http://www.ovj.dk/,info@ovj.dk,,"Færgevejen 2, 3390 Hundested, Denmark",,,,,,,,,,,Nhà máy chế biến sản phẩm thủy sản tươi sống; Nhà máy chế biến; Kho lạnh bảo quản,
902,ERLING GRØNKJÆR FISKEEKSPORT A/S,,,'+4524271060,http://eg-fisk.dk/,,,"Fibigers Gade 8, 7730 Hanstholm, Denmark",,,,,,,,,,,Nhà máy chế biến sản phẩm thủy sản tươi sống,
903,HANSTHOLM SAMLECENTRAL A/S,,,,,,,"Auktionsgade 30, 7730 Hanstholm",,,,,,,,,,,Nhà máy chế biến sản phẩm thủy sản tươi sống; Kho lạnh bảo quản,
904,Fiskernes Samlecentral Strandby ApS,,,'+4598482022,https://www.vaerdifisk.dk/deltagere/fiskernes-samlecentral-strandby,martin@fiskernessamlecentral.dk,,"Auktionskaj 7, 9970 Strandby, Denmark",,,,,,,,,,,Nhà máy chế biến sản phẩm thủy sản tươi sống; Kho lạnh bảo quản,
905,Fonfisk Hanstholm A/S,,,,,,,"Hamborgvej 16, 7730 Hanstholm",,,,,,,,,,,Nhà máy chế biến sản phẩm thủy sản tươi sống,
906,Edgar Madsen Fiskeeksport & Filetfabrik A/S,,,'+4597311433,http://www.edgarmadsen.dk/,info@edgarmadsen.dk,,"Metheasvej 10, 6960 Hvide Sande, Denmark",,,,,,,,,,,Nhà máy chế biến sản phẩm thủy sản tươi sống,https://www.facebook.com/EdgarMadsen.dk
907,Vejlgaard,,,,,,,"Rødspættevej 1, 6960 Hvide Sande",,,,,,,,,,,Nhà máy chế biến sản phẩm thủy sản tươi sống; Kho lạnh bảo quản,
908,"DANSKE FISKEAUKTIONER A/S, Hvide Sande",,,,,,,"Auktionsgade 2, 6960 Hvide Sande",,,,,,,,,,,Nhà máy chế biến sản phẩm thủy sản tươi sống,
909,Fiskernes Fiskesortering Amba,,,'+4598941437,,,,"Norgeskajen 12, 9850 Hirtshals, Denmark",,,,,,,,,,,Nhà máy chế biến sản phẩm thủy sản tươi sống; Kho lạnh bảo quản,
910,"Danske Fiskeauktioner A/S, Thorsminde",,,,,,,"Vesthavnen 7, Thorsminde, 6990 Ulfborg",,,,,,,,,,,Nhà máy chế biến sản phẩm thủy sản tươi sống,
911,"Danske Fiskeauktioner A/S, Thyborøn",,,,,,,"Havnegade 15, 7680 Thyborøn",,,,,,,,,,,Nhà máy chế biến sản phẩm thủy sản tươi sống,
912,Polar Salmon Hjerting Laks A/S,,,'+4575124677,http://www.polarhjerting.dk/,polarhjerting@polarhjerting.dk,,"H E Bluhmes Vej 18, 6700 Esbjerg, Denmark",,,,,,,,,,,Nhà máy chế biến sản phẩm thủy sản tươi sống; Nhà máy chế biến,
913,Brdr. Dethlefsen,,,,,,,"Søndre Kajgade 29, 8500 Grenaa",,,,,,,,,,,Nhà máy chế biến sản phẩm thủy sản tươi sống,
914,TBA Holding af 1982 ApS,,,,,,,"Snaptunvej 57 B, 7130 Juelsminde",,,,,,,,,,,Nhà máy chế biến sản phẩm thủy sản tươi sống,
915,Fonden Sletten Havn - Kølerum,,,,,,,"Sletten Havn 1, 3050 Humlebæk",,,,,,,,,,,Nhà máy chế biến sản phẩm thủy sản tươi sống,
916,Vedbæk Fiskeriforening,,,,,,,"Vedbæk Strandvej 356B, 2950 Vedbæk",,,,,,,,,,,Nhà máy chế biến sản phẩm thủy sản tươi sống,
917,Fiskernes Fællessalg ApS,,,,,,,"Gennem Landet 92, 8592 Anholt",,,,,,,,,,,Nhà máy chế biến sản phẩm thủy sản tươi sống; Kho lạnh bảo quản,
918,THORUPSTRAND FISKERI- OG OPHALINGSSPIL A.M.B.A.,,,'+4598225885,,,,"Thorup Strandvej 329, 9690 Fjerritslev, Denmark",,,,,,,,,,,Nhà máy chế biến sản phẩm thủy sản tươi sống; Kho lạnh bảo quản,
919,THORKILD GRØNS SAMLECENTRAL,,,,,,,"Auktionsgade 23, 7730 Hanstholm",,,,,,,,,,,Nhà máy chế biến sản phẩm thủy sản tươi sống; Kho lạnh bảo quản,
920,Lerøy Seafood Copenhagen ApS,,,,,,,"Kattegatvej 57+67, 2150 Nordhavn",,,,,,,,,,,Nhà máy chế biến sản phẩm thủy sản tươi sống; Cơ sở bọc màng và tái đóng gói,
921,Carl Lauridsen ApS,,,'+4597375344,https://carl.gg,,,"Gamle Landevej 37, 6893 Hemmet, Denmark",,,,,,,,,,,Nhà máy chế biến sản phẩm thủy sản tươi sống; Kho lạnh bảo quản,
922,Grenaa Sorteringscentral,,,,,,,"Søndre Kajgade 13, 8500 Grenaa",,,,,,,,,,,Nhà máy chế biến sản phẩm thủy sản tươi sống,
923,LAUNIS A/S,,,,,,,"Niels Bohrs Vej 9, 9990 Skagen",,,,,,,,,,,Nhà máy chế biến sản phẩm thủy sản tươi sống; Nhà máy chế biến,
924,Tenax Sild A/S,,,,,,,"Industrivej Nord 2, 9982 Ålbæk",,,,,,,,,,,Nhà máy chế biến,
925,A/S SÆBY FISKEINDUSTRI,,,,,,,"Gyldendalsvej 4, 9300 Sæby",,,,,,,,,,,Nhà máy chế biến; Kho lạnh bảo quản,
926,Havnens Fiskehus ApS Fisk engros,,,'+4586123800,http://hf-aarhus.dk/,hf@hf-aarhus.dk,,"Fiskerivej 6, 8000 Aarhus, Denmark",,,,,,,,,,,Nhà máy chế biến sản phẩm thủy sản tươi sống; Nhà máy chế biến; Kho lạnh bảo quản,https://www.facebook.com/@Havnens-Fiskehus-100069468698565
927,H.P. THERKELSEN A/S,,,,,,,"Eksportvej 1, 6330 Padborg",,,,,,,,,,,Nhà máy chế biến sản phẩm thủy sản tươi sống; Kho lạnh bảo quản,
928,"INCO CC KØBENHAVN A/S fiskeafdeling, Fiskeafdeling",,,'+4533211421,http://www.inco.dk/,,,"Flæsketorvet 84A, 1711 København, Denmark",,,,,,,,,,,Nhà máy chế biến sản phẩm thủy sản tươi sống,
929,Christiansøpigens Sild,,,,,,,"Gruset 7, 3740 Svaneke",,,,,,,,,,,Nhà máy chế biến,
930,Hirtshals Seafood A/S,,,,,,,"Østergade 56, 9850 Hirtshals",,,,,,,,,,,Nhà máy chế biến; Kho lạnh bảo quản,
931,Ruth's Kryddersild,,,,,,,"Christiansø 93, 3760 Gudhjem",,,,,,,,,,,Nhà máy chế biến,
932,Jacob Kongsbak Lassen ApS,,,'+4533799566,http://www.kongsbaklassen.com/,ordre@kongsbaklassen.com,,"Høgevej 8A, 3400 Hillerød, Denmark",,,,,,,,,,,Nhà máy chế biến sản phẩm thủy sản tươi sống; Kho lạnh bảo quản,https://www.facebook.com/kongsbakfisk
933,"Nopalax ApS, Engros",,,,,,,"Strandvejen 22, 3390 Hundested",,,,,,,,,,,Nhà máy chế biến,
934,Højerdyb ApS,,,,,,,"Nørreager 6, 6280 Højer",,,,,,,,,,,Tàu chế biến thủy sản (tàu đánh bắt kiêm nhà máy),
935,Verner Andersens Farsfabrik A/S,,,,,,,"Kattegatvej 65, 2150 Nordhavn",,,,,,,,,,,Nhà máy chế biến sản phẩm thủy sản tươi sống; Nhà máy chế biến,
936,Pernille,,,,,,,"Pakkerivej 2 A, 8000 Aarhus C",,,,,,,,,,,Nhà máy chế biến sản phẩm thủy sản tươi sống; Nhà máy chế biến,
937,Skibby Røgeri,,,'+4527642296,https://alle-abningstider.dk/01249596/Skibby_R%C3%B8geri,,,"Industrivej 6, 4050 Skibby, Denmark",,,,,,,,,,,Nhà máy chế biến sản phẩm thủy sản tươi sống; Nhà máy chế biến,
938,Nordisk Fiske Kompagni A/S,,,,,,,"Havnen 70, 7620 Lemvig",,,,,,,,,,,Nhà máy chế biến,
939,Thilde Sofie ApS,,,,,,,"Havbakken 108, 6710 Esbjerg V",,,,,,,,,,,Tàu chế biến thủy sản (tàu đánh bắt kiêm nhà máy),
940,Rune Egholm E 426 ApS,,,,,,,"Vesterhavsgade 32, 6700 Esbjerg",,,,,,,,,,,Tàu chế biến thủy sản (tàu đánh bắt kiêm nhà máy),
941,P TAABBEL & CO HANSTHOLM A/S,,,'+4597961677,http://www.taabbel.dk/,taabbel@taabbel.dk,,"Industribuen 3, 7730 Hanstholm, Denmark",,,,,,,,,,,Nhà máy chế biến; Kho lạnh bảo quản; Cơ sở tách thịt thủy sản bằng cơ học,
942,N O HAUSGAARD A/S,,,'+4598942188,https://www.proff.dk/firma/n.o.-hausgaard-as/hirtshals/n%C3%A6rings-og-nydelsesmidler/GL823UI116S/,,,"Sindalvej 20, 9850 Hirtshals, Denmark",,,,,,,,,,,Nhà máy chế biến sản phẩm thủy sản tươi sống,
943,"HV 42 JANNI, V/CHR BENTIN",,,,,,,"Byvej 13, 6261 Bredebro",,,,,,,,,,,Tàu chế biến thủy sản (tàu đánh bắt kiêm nhà máy),
944,Essentia Protein Solutions,,,'+4574351150,https://essentiaproteins.com/int/,,,"Ulsnæs 33, 6300 Gråsten, Denmark",,,,,,,,,,,Nhà máy chế biến,
945,Polar Seafood Esbjerg A/S,,,,,,,"H E Bluhmes Vej 30, 6700 Esbjerg",,,,,,,,,,,Nhà máy chế biến,
946,GULDBORG REJEPILLERI ApS,,,,,,,"Guldborgvej 354, 4862 Guldborg",,,,,,,,,,,Nhà máy chế biến sản phẩm thủy sản tươi sống; Nhà máy chế biến,
947,Møllers Fiskerøgeri-Pakhus,,,,,,,"Kulholmsvej 4, 8930 Randers NØ",,,,,,,,,,,Nhà máy chế biến sản phẩm thủy sản tươi sống; Nhà máy chế biến,
948,S 107 Skagerak,,,,,,,"Ferslevsvej 22, 9990 Skagen",,,,,,,,,,,Tàu chế biến thủy sản (tàu đánh bắt kiêm nhà máy),
949,J. Chr. Juhl Røgeri A/S,,,'+4565321519,http://www.jchrjuhl.dk/,mail@jchrjuhl.dk,,"Dosseringen 35, 5300 Kerteminde, Denmark",,,,,,,,,,,Nhà máy chế biến,
950,J CHR JUHL A/S,,,'+4565321519,http://www.jchrjuhl.dk/,mail@jchrjuhl.dk,,"Dosseringen 35, 5300 Kerteminde, Denmark",,,,,,,,,,,Nhà máy chế biến sản phẩm thủy sản tươi sống; Cơ sở bọc màng và tái đóng gói,
951,PANDALUS A/S,,,,,,,"Industrivangen 3, 7730 Hanstholm",,,,,,,,,,,Nhà máy chế biến sản phẩm thủy sản tươi sống; Cơ sở tách thịt thủy sản bằng cơ học; Kho lạnh bảo quản,
952,EKKO FISK AF 2002 A/S,,,'+4575134211,https://ekkofisk.dk/,info@ekkofisk.com,,"Vesterhavsgade 155, 6700 Esbjerg, Denmark",,,,,,,,,,,Nhà máy chế biến sản phẩm thủy sản tươi sống; Kho lạnh bảo quản,
953,Agustson A/S,,,'+4575723755,http://agustson.com/,,,"Englandsvej 11, 7100 Vejle, Denmark",,,,,,,,,,,Nhà máy chế biến,
954,"Scandic Pelagic A/S, Fabrik II",,,,,,,"Coastervej 1, 9990 Skagen",,,,,,,,,,,Nhà máy chế biến,
955,Engelsviken Canning Denmark A/S,,,'+4598441500,http://www.engelsviken.dk/,,,"Søren Humbers Kaj 2, 9990 Skagen, Denmark",,,,,,,,,,,Nhà máy chế biến; Cơ sở bọc màng và tái đóng gói; Kho lạnh bảo quản,
956,HV 81 IDA EMILIE ApS,,,,,,,"Havnepladsen 1, 1, 6792 Rømø",,,,,,,,,,,Tàu chế biến thủy sản (tàu đánh bắt kiêm nhà máy),
957,Ri 159 Samantha,,,,,,,"Stormgade 8, 1 th, 6960 Hvide Sande",,,,,,,,,,,Tàu chế biến thủy sản (tàu đánh bắt kiêm nhà máy),
958,Harald Iversen & Søn A/S,,,,,,,"Rødspættevej 2, 7680 Thyborøn",,,,,,,,,,,Nhà máy chế biến sản phẩm thủy sản tươi sống; Kho lạnh bảo quản,
959,Danske Fiskeauktioner A/S,,,,,,,"Auktionskajen 1, 3250 Gilleleje",,,,,,,,,,,Kho lạnh bảo quản,
960,Katja E 35,,,,,,,"Toftevænget 4A, 6710 Esbjerg V",,,,,,,,,,,Tàu chế biến thủy sản (tàu đánh bắt kiêm nhà máy),
961,AQUA PRODUCTION ApS,,,,,,,"Aarøsund Havn 10-14, 6100 Haderslev",,,,,,,,,,,Nhà máy chế biến sản phẩm thủy sản tươi sống; Nhà máy chế biến,
962,Albanigades Fisk og Vildt ApS,,,,,,,"Søndre Havnekaj 10, 5300 Kerteminde",,,,,,,,,,,Nhà máy chế biến sản phẩm thủy sản tươi sống; Nhà máy chế biến,
963,Partrederiet HV 8 Gitte- Miranda,,,,,,,"Helgolandsgade 19, 6700 Esbjerg",,,,,,,,,,,Tàu chế biến thủy sản (tàu đánh bắt kiêm nhà máy),
964,"Snogebæk Røgeri, Engros",,,'+4556488011,http://www.smokedfish.dk/snogebaek,info@smokedfish.dk,,"Hovedgade 6, 3730 Snogebæk, Denmark",,,,,,,,,,,Nhà máy chế biến,https://www.facebook.com/BornholmerRogerierne
965,Prime Ocean A/S,,,,,,,"Østhavnsvej 12, 9850 Hirtshals",,,,,,,,,,,Nhà máy chế biến; Nhà máy chế biến sản phẩm thủy sản tươi sống; Kho lạnh bảo quản,
966,"MUSLINGEFISKER HERLUF BONDE JOHANSEN ESBJERG, HO BUGT E 4",,,,,,,"Violvej 2, 7800 Skive",,,,,,,,,,,Tàu chế biến thủy sản (tàu đánh bắt kiêm nhà máy),
967,Skagerak Processing A/S,,,,,,,"Herluf Trollesvej 14, 9850 Hirtshals",,,,,,,,,,,Nhà máy chế biến sản phẩm thủy sản tươi sống; Nhà máy chế biến; Cơ sở bọc màng và tái đóng gói; Kho lạnh bảo quản,
968,"Kutter Sofia Kaul E41, KAUL ApS",,,,,,,"Sædding Strandvej 255A, 6715 Esbjerg N",,,,,,,,,,,Tàu chế biến thủy sản (tàu đánh bắt kiêm nhà máy),
969,Jeka Fish A/S,,,'+4597811700,https://jeka-group.com/,contact@jeka-group.com,,"Havnen 70, 7620 Lemvig, Denmark",,,,,,,,,,,Nhà máy chế biến sản phẩm thủy sản tươi sống; Nhà máy chế biến; Kho lạnh bảo quản; Cơ sở tách thịt thủy sản bằng cơ học,
970,Thorsminde Fisk,,,,,,,"Vangevej 9, 7620 Lemvig",,,,,,,,,,,Nhà máy chế biến sản phẩm thủy sản tươi sống; Nhà máy chế biến,
971,Skovsted Ålefarm,,,'+4520485553,http://www.skovsted-aalefarm.dk/,,,"Kanstrupvej 5, 7700 Kanstrup, Denmark",,,,,,,,,,,Nhà máy chế biến sản phẩm thủy sản tươi sống; Nhà máy chế biến,
972,"Inco CC Aarhus A/S, Fiskeafdeling",,,'+4587369850,http://www.inco.dk/inco-aarhus.aspx,,,"Blomstervej 5, 8381 Aarhus, Denmark",,,,,,,,,,,Nhà máy chế biến sản phẩm thủy sản tươi sống; Cơ sở bọc màng và tái đóng gói; Kho lạnh bảo quản,
973,DANFOREL A/S,,,,,,,"Slagterivej 2, 7200 Grindsted",,,,,,,,,,,Nhà máy chế biến sản phẩm thủy sản tươi sống; Nhà máy chế biến,
974,Fanø Laks ApS,,,'+4575166808,http://fanoe-laks.com/,,,"Sønder Nytoft 10, 6720 Fanø, Denmark",,,,,,,,,,,Nhà máy chế biến,
975,Seafood Flavours A/S,,,,,,,"Food Parken 7, 7900 Nykøbing F",,,,,,,,,,,Nhà máy chế biến,
976,Wellfish,,,'+4597832890,https://cvrapi.dk/virksomhed/dk/fiskehallen-well-fish-vanders-peder-olesen/20550708,,,"Jernbanegade 4, 7680 Thyborøn, Denmark",,,,,,,,,,,Nhà máy chế biến sản phẩm thủy sản tươi sống,
977,FN 104 Carpe-Diem ApS - Engros,,,,,,,"Ærøvej 10, 9940 Læsø",,,,,,,,,,,Kho lạnh bảo quản,
978,Kt. Inger Kathrine L 610,,,,,,,"Sprogøvej 6 a, 7680 Thyborøn",,,,,,,,,,,Tàu chế biến thủy sản (tàu đánh bắt kiêm nhà máy),
979,S 158 Saron,,,,,,,"Spliidsvej 25A, 9990 Skagen",,,,,,,,,,,Tàu chế biến thủy sản (tàu đánh bắt kiêm nhà máy),
980,"E 248 Ella, KR-Fiskeri ApS",,,,,,,"Sædding Strandvej 255A, 6710 Esbjerg V",,,,,,,,,,,Tàu chế biến thủy sản (tàu đánh bắt kiêm nhà máy),
981,Hannah-sela,,,,,,,"Præstegårdsvej 13, 6780 Skærbæk",,,,,,,,,,,Tàu chế biến thủy sản (tàu đánh bắt kiêm nhà máy),
982,"HV 80 Fru Hellesøe, Hjemsted Rejefisker ApS",,,,,,,"Jægertoften 5, 6780 Skærbæk",,,,,,,,,,,Tàu chế biến thủy sản (tàu đánh bắt kiêm nhà máy),
983,"HV 24 Chrestine, Schramm Skibe ApS",,,,,,,"Vestervej 35, 6792 Rømø",,,,,,,,,,,Tàu chế biến thủy sản (tàu đánh bắt kiêm nhà máy),
984,RI 157 Arkona v/Partrederiet Thomas og Bjarne,,,,,,,"Stormgade 8, 1 th, 6960 Hvide Sande",,,,,,,,,,,Tàu chế biến thủy sản (tàu đánh bắt kiêm nhà máy),
985,RI 426 ApS,,,,,,,"Stormgade 8, 1, 6960 Hvide Sande",,,,,,,,,,,Tàu chế biến thủy sản (tàu đánh bắt kiêm nhà máy),
986,"Haralds Fisk, Engros",,,'+4525805555,http://www.haraldsfisk.dk/kontakt,butik@haraldsfisk.dk,,"Haraldsgade 106, 2100 København, Denmark",,,,,,,,,,,Nhà máy chế biến sản phẩm thủy sản tươi sống; Nhà máy chế biến,https://www.facebook.com/pages/Haralds-Fisk/333013783562798
987,Deba Fisk ApS,,,'+4598988001,http://debafisk.dk/,ordre@debafisk.dk,,"Peder Skramsvej 1, 9850 Hirtshals, Denmark",,,,,,,,,,,Nhà máy chế biến sản phẩm thủy sản tươi sống,
988,Poseidon Seafood ApS,,,'+4544262262,http://www.poseidonseafood.dk/,,,"Marielundvej 34, B, 2730 Herlev, Denmark",,,,,,,,,,,Nhà máy chế biến sản phẩm thủy sản tươi sống; Nhà máy chế biến; Kho lạnh bảo quản,
989,"Flyvefisken, engros",,,'+4586340680,http://www.flyvefisken.com/,,,"Stockflethsvej 12A, 8400 Ebeltoft, Denmark",,,,,,,,,,,Nhà máy chế biến sản phẩm thủy sản tươi sống; Nhà máy chế biến,
990,Fiskeriselskabet Ida Sara E 710 ApS,,,'+4597311022,,,,"Stormgade 8, c/o Revisionsfirmaet Chr. Knudsen, sal 1th, 6960 Hvide Sande, Denmark",,,,,,,,,,,Tàu chế biến thủy sản (tàu đánh bắt kiêm nhà máy),
991,Pelagia Danmark A/S,,,'+4572119130,https://pelagia.com/facilities/egersund-danmark/,,,"Hermetikvej 9, 9990 Skagen, Denmark",,,,,,,,,,,Nhà máy chế biến,
992,FISKERIKAJEN ENGROS ApS,,,'+4520121668,http://www.fiskerikajen.dk/,engros@fiskerikajen.dk,,"H. J. Holst Vej 12, 2610 Rødovre, Denmark",,,,,,,,,,,Nhà máy chế biến sản phẩm thủy sản tươi sống; Nhà máy chế biến,https://www.facebook.com/fiskerikajen
993,Ryans Fisk & Vildt,,,,,,,"Gårslev Østergade 13, 7080 Børkop",,,,,,,,,,,Nhà máy chế biến sản phẩm thủy sản tươi sống; Nhà máy chế biến; Cơ sở tách thịt thủy sản bằng cơ học,
994,MARFRESH ApS,,,,,,,"Rødspættevej 9, 9970 Strandby",,,,,,,,,,,Nhà máy chế biến sản phẩm thủy sản tươi sống; Nhà máy chế biến; Cơ sở bọc màng và tái đóng gói; Kho lạnh bảo quản,
995,RI 320 Lasiry Partrederi,,,'+4598322330,,,,"Toldbodgade 4, sal 1, 6960 Hvide Sande, Denmark",,,,,,,,,,,Tàu chế biến thủy sản (tàu đánh bắt kiêm nhà máy),
996,Brilliant Caviar A/S,,,,https://brilliant.org,,,"Dalgasvej 2, Ny Højen, 7100 Vejle",,,,,,,,,,,Nhà máy chế biến; Kho lạnh bảo quản,https://www.facebook.com/brilliantorg
997,RI 93 AVANCE,,,,,,,"Kirkevej 4, 6960 Hvide Sande",,,,,,,,,,,Tàu chế biến thủy sản (tàu đánh bắt kiêm nhà máy),
998,Danish Salmon A/S,,,,http://www.danishsalmon.dk/,,,"Niels Juelsvej 46, 9850 Hirtshals, Denmark",,,,,,,,,,,Nhà máy chế biến sản phẩm thủy sản tươi sống,
999,DANISH SALMON SLAGTERI,,,,http://www.danishsalmon.dk/,,,"Niels Juelsvej 46, 9850 Hirtshals, Denmark",,,,,,,,,,,Nhà máy chế biến sản phẩm thủy sản tươi sống,
1000,Partrederiet Ri 124 Tima,,,,,,,"Stormgade 8, 6960 Hvide Sande",,,,,,,,,,,Tàu chế biến thủy sản (tàu đánh bắt kiêm nhà máy),
1001,Nordic Fish Sauce A/S,,,,http://nordicfishfairfield.com/,,,"1499 Post Rd, Fairfield, CT 06824, United States",,,,,,,,,,,Nhà máy chế biến,
1002,Samsø Røgeri,,,'+4530282396,http://www.samsorogeri.dk/,,,"Østervangen 2A, 8305 Onsbjerg, Denmark",,,,,,,,,,,Nhà máy chế biến,
1003,Inco CC Glostrup A/S,,,'+4572108181,http://inco.dk/,,,"Ejby Industrivej 111, 2600 Ejby, Denmark",,,,,,,,,,,Nhà máy chế biến sản phẩm thủy sản tươi sống,
1004,AquaPri ApS Gamst Aquakultur,,,,,,,"Fiskeparken 4, 6600 Vejen",,,,,,,,,,,Nhà máy chế biến,
1005,Rå Engros ApS,,,,,,,"Kattegatvej 55, 2150 Nordhavn",,,,,,,,,,,Nhà máy chế biến sản phẩm thủy sản tươi sống; Nhà máy chế biến; Cơ sở bọc màng và tái đóng gói,
1006,BinOcean Pakhus ApS,,,,,,,"Jens Munksvej 4, 9850 Hirtshals, Denmark",,,,,,,,,,,Nhà máy chế biến sản phẩm thủy sản tươi sống,
1007,Dengsö A/S,,,,,,,"Auktionsgade 4, 7730 Hanstholm",,,,,,,,,,,Nhà máy chế biến sản phẩm thủy sản tươi sống; Kho lạnh bảo quản,
1008,"PHARMA NORD APS, Kosttilskud",,,'+4574541155,http://www.pharmanord.dk/,,,"Tinglykke 6, 6500 Vojens, Denmark",,,,,,,,,,,Nhà máy chế biến,
1009,SKAGENFOOD - Engros,,,'+4570200630,https://skagenfood.dk/,kundeservice@skagenfood.dk,,"Hyttefadsvej 8, 9970 Strandby, Denmark",,,,,,,,,,,Nhà máy chế biến sản phẩm thủy sản tươi sống,https://www.facebook.com/skagenfood
1010,S 486 Sajoni,,,,,,,"Eratosvej 8, 9990 Skagen",,,,,,,,,,,Tàu chế biến thủy sản (tàu đánh bắt kiêm nhà máy),
1011,Hav Line Processing A/S,,,,,,,"Industrikajen 7, 9850 Hirtshals, Denmark",,,,,,,,,,,Nhà máy chế biến sản phẩm thủy sản tươi sống; Kho lạnh bảo quản,
1012,Royal Danish Fish A/S,,,,,,,"Nordre Strandvej 60, 7730 Hanstholm",,,,,,,,,,,Nhà máy chế biến sản phẩm thủy sản tươi sống; Nhà máy chế biến,
1013,"A. ESPERSEN A/S, testkøkken",,,,,,,"Amager Strandvej 403, 2770 Kastrup",,,,,,,,,,,Nhà máy chế biến,
1014,"Undergroundkitchen, engros",,,'+4560648855,,,,"Victoriagade 40-44, 5000 Odense, Denmark",,,,,,,,,,,Nhà máy chế biến,
1015,"Nordic Kingfish Hanstholm, Sashimi Royal",,,'+4592726111,https://www.nordic-kingfish.com/,,,"Nordre Strandvej 62, 7730 Hanstholm, Denmark",,,,,,,,,,,Nhà máy chế biến sản phẩm thủy sản tươi sống,https://www.facebook.com/people/Nordic-Kingfish/61553708956220
1016,KYST ApS,,,'+4539390160,http://www.kyst.nu/,,,"Kai Lindbergs Gade 37, 7730 Hanstholm, Denmark",,,,,,,,,,,Nhà máy chế biến sản phẩm thủy sản tươi sống,
1017,Leon`s Ø Fisk v/Leon Mikkelsen,,,,,,,"Ilkjæret 18, 7950 Erslev",,,,,,,,,,,Nhà máy chế biến sản phẩm thủy sản tươi sống,
1018,Lyksvad Caviar ApS,,,,http://lyksvad.dk/,kontakt@lyksvad.dk,,"Ødis Kroge Vej 4, 6580 Vamdrup, Denmark",,,,,,,,,,,Nhà máy chế biến sản phẩm thủy sản tươi sống; Nhà máy chế biến,https://www.facebook.com/lyksvad
1019,United Group Manufacturing A/S,,,'+4579447032,,,,"Ferrarivej 12, 7100 Vejle, Denmark",,,,,,,,,,,Nhà máy chế biến,
1020,Fiskerøgeriet I/S,,,,,,,"Vellingvej 55, 8654 Bryrup",,,,,,,,,,,Nhà máy chế biến,
1021,Havfruen Fisk v/Rune Mark Olsen,,,'+4539161224,http://www.havfruenfisk.dk/,rune@havfruenfisk.dk,,"Kattegatvej 69, 2150 København, Denmark",,,,,,,,,,,Nhà máy chế biến sản phẩm thủy sản tươi sống; Cơ sở bọc màng và tái đóng gói; Kho lạnh bảo quản,
1022,"HV18 Freja, v/PAU SCHRAMM",,,,,,,"Vestervej 35, 6792 Rømø",,,,,,,,,,,Tàu chế biến thủy sản (tàu đánh bắt kiêm nhà máy),
1023,Royal Nyborg Smokehouse,,,'+4593907229,http://royalnyborgsmokehouse.com/,,,"Lundsager 10, 5540 Ullerslev, Denmark",,,,,,,,,,,Nhà máy chế biến,
1024,Snap Pack A/S,,,,https://www.snappackagingsupplies.com.au/pages/snap-packs-story,admin@snappackaging.com.au,,"b8/2A Westall Rd, Springvale VIC 3171, Australia",,,,,,,,,,,Nhà máy chế biến sản phẩm thủy sản tươi sống,
1025,Just Seafood ApS,,,,,,,"Kai Lindbergs Gade 44, 7730 Hanstholm",,,,,,,,,,,Nhà máy chế biến sản phẩm thủy sản tươi sống,
1026,JK SALATER & DRESSINGER APS,,,,,,,"Slagterboderne 25, 1716 København V",,,,,,,,,,,Nhà máy chế biến,
1027,RI 344 Christina,,,,,,,"Stormgade 8, 6960 Hvide Sande",,,,,,,,,,,Tàu chế biến thủy sản (tàu đánh bắt kiêm nhà máy),
1028,Sørensen Seafood A/S,,,'+4596193343,http://sseafood.dk/,,,"Jollegade 1, 7730 Hanstholm, Denmark",,,,,,,,,,,Nhà máy chế biến sản phẩm thủy sản tươi sống,
1029,Skagen Salmon Partnerselskab,,,'+4571960303,https://www.skagensalmon.com/,info@skagensalmon.com,,"Buttervej 49, 9990 Skagen, Denmark",,,,,,,,,,,Nhà máy chế biến sản phẩm thủy sản tươi sống,https://www.facebook.com/skagensalmon
1030,Stars DK ApS,,,,,,,"Jens Munksvej 4, 9850 Hirtshals",,,,,,,,,,,Nhà máy chế biến sản phẩm thủy sản tươi sống,
1031,All about Fish,,,,,,,"Sirvej 51, 7500 Holstebro",,,,,,,,,,,Nhà máy chế biến sản phẩm thủy sản tươi sống,
1032,Filetfabrikken Hanstholm 2 ApS,,,'+4597960305,,,,"Kai Lindbergs Gade 62, 7730 Hanstholm, Denmark",,,,,,,,,,,Nhà máy chế biến sản phẩm thủy sản tươi sống; Kho lạnh bảo quản,
1033,Fishmaster Engros ApS,,,,,,,"Lihmevej 5, 7183 Randbøl",,,,,,,,,,,Nhà máy chế biến sản phẩm thủy sản tươi sống,
1034,"Scandic Salmon A/S, Thyborøn",,,'+4582828281,http://www.scandicsalmon.dk/,fn@scandicsalmon.dk,,"Lemvigvej 36, 7620 Klinkby, Denmark",,,,,,,,,,,Nhà máy chế biến sản phẩm thủy sản tươi sống; Nhà máy chế biến,https://www.facebook.com/Scandicsalmon
1035,Norlax A/S,,,'+4576522300,https://www.norlax.dk/,norlax@norlax.com,,"Gartnervænget 31, 6855 Outrup, Denmark",,,,,,,,,,,Nhà máy chế biến,
1036,HYTTELS RØGERI A/S,,,'+4598922677,,,,"Rømøvej 2, 9800 Hjørring, Denmark",,,,,,,,,,,Nhà máy chế biến,
1037,CENTRALRØGERIET A/S,,,'+4539275219,http://centralrogeriet.dk/,central@rogeriet.dk,,"Tingbjergvej 5, 4632 Bjæverskov, Denmark",,,,,,,,,,,Nhà máy chế biến sản phẩm thủy sản tươi sống; Nhà máy chế biến; Kho lạnh bảo quản,https://www.facebook.com/Centralrøgeriet-AS-171112273044354
1038,Varde Laks A/S,,,'+4575225022,https://vardelaks.dk/,info@vardelaks.dk,,"Snedkervej 2, 6800 Varde, Denmark",,,,,,,,,,,Nhà máy chế biến; Kho lạnh bảo quản,
1039,Einar Christensens Fiskerøgeri,,,,,,,"Pakkerivej 16, 8000 Aarhus C",,,,,,,,,,,Nhà máy chế biến,
1040,HG264 Signet,,,,,,,"Park Alle 19, 9850 Hirtshals",,,,,,,,,,,Tàu chế biến thủy sản (tàu đánh bắt kiêm nhà máy),
1041,Nexø Fisk,,,,,,,"Kuttervej 2, 3730 Nexø",,,,,,,,,,,Nhà máy chế biến sản phẩm thủy sản tươi sống,
1042,DM Seafood ApS,,,,,,,"Kai Lindbergs Gade 41, 7730 Hanstholm",,,,,,,,,,,Nhà máy chế biến sản phẩm thủy sản tươi sống,
1043,Emilie Seafood ApS,,,,,,,"Emilievej 13, 9900 Frederikshavn",,,,,,,,,,,Nhà máy chế biến sản phẩm thủy sản tươi sống,
1044,PEDERS FISK,,,,,,,"Svenningsvej 3, 4070 Kirke Hyllinge",,,,,,,,,,,Nhà máy chế biến,
1045,Hirtshals Røgeri ApS,,,,,,,"Skovvejen 9, 9850 Hirtshals, Denmark",,,,,,,,,,,Nhà máy chế biến,
1046,Tenax Sild A/S Langelandsvej,,,,,,,"Langelandsvej 26, 5800 Nyborg",,,,,,,,,,,Nhà máy chế biến,
1047,OceanChips ApS,,,'+4571904683,http://www.ocean-chips.com/,rasmus@ocean-chips.com,,"Kai Lindbergs Gade 46, 7730 Hanstholm, Denmark",,,,,,,,,,,Nhà máy chế biến,https://www.facebook.com/WixStudio
1048,Pedersen's Laboratorium ApS,,,'+4575859390,http://www.pedlab.dk/,,,"Jens Grøns Vej 17, 7100 Vejle, Denmark",,,,,,,,,,,Nhà máy chế biến; Cơ sở bọc màng và tái đóng gói,
1049,Lerøy Seafood Hirtshals A/S,,,,,,,"Søren Nordbysvej 27, 9850 Hirtshals",,,,,,,,,,,Nhà máy chế biến sản phẩm thủy sản tươi sống; Kho lạnh bảo quản,
1050,O.H. FISKEEKSPORT A/S,,,,,,,"Niels Juelsvej 15, 9850 Hirtshals",,,,,,,,,,,Nhà máy chế biến sản phẩm thủy sản tươi sống,
1051,Sjógæti ApS,,,,,,,"Vestre Kaj 8, 4700 Næstved",,,,,,,,,,,Nhà máy chế biến sản phẩm thủy sản tươi sống; Nhà máy chế biến; Cơ sở bọc màng và tái đóng gói,
1052,"Amager Fiskehus ApS, Engros",,,'+4532577989,http://amagerfiskehus.dk/,,,"Holmbladsgade 3, 2300 København, Denmark",,,,,,,,,,,Nhà máy chế biến sản phẩm thủy sản tươi sống; Nhà máy chế biến; Cơ sở bọc màng và tái đóng gói,https://www.facebook.com/Amager-Fiskehus-154976721216583
1053,SEAWELL HIRTSHALS A/S,,,'+4598942722,https://seawellhirtshals.dk/,,,"Søren Nordbysvej 26, 9850 Hirtshals, Denmark",,,,,,,,,,,Nhà máy chế biến sản phẩm thủy sản tươi sống; Kho lạnh bảo quản,
1054,"Schramm Skibe ApS, Katharine HV16, Schramm Skibe I ApS",,,,,,,"Vestervej 35, 6792 Rømø",,,,,,,,,,,Tàu chế biến thủy sản (tàu đánh bắt kiêm nhà máy),
1055,RI 78 Kathrine Helt,,,,,,,"Holmsland Klitvej 100, 6950 Ringkøbing",,,,,,,,,,,Tàu chế biến thủy sản (tàu đánh bắt kiêm nhà máy),
1056,"Ingstrup Mejeri A/S, Asaa mejeri",,,,,,,"Søgade 4, 9340 Asaa",,,,,,,,,,,Nhà máy chế biến,
1057,Barrit Mejeri a.m.b.a.,,,'+4575691023,http://www.barritmejeri.dk/,,,"Brølbæk 5, 7150 Barrit Station, Denmark",,,,,,,,,,,Nhà máy chế biến,
1058,Bornholms Andelsmejeri a.m.b.a.,,,,,,,"Sct. Klemensgade 17, 3782 Klemensker",,,,,,,,,,,Nhà máy chế biến,
1059,Cremo Ingredients A/S,,,'+4563721544,http://kerrygroup.com/,,,"Toftegårdsvej 3, 5620 Glamsbjerg, Denmark",,,,,,,,,,,Nhà máy chế biến,https://www.facebook.com/KerryTasteAndNutrition
1060,"Arla Foods Ingredients Group P/S, Danmark Protein",,,,http://www.arlafoodsingredients.com/,,,"Ruta Prov. No.1 Km. 37, X2415 Porteña, Córdoba, Argentina",,,,,,,,,,,Nhà máy chế biến,https://www.facebook.com/arlaingredients
1061,Thise Mejeri A.m.b.a.,,,'+4597578001,https://thise.dk/,,,"Sundsørevej 62, 7870 Thise, Denmark",,,,,,,,,,,Nhà máy chế biến,
1062,Gedsted Mejeri A/S,,,'+4560706284,,,,"Østergade 23, 9631 Gedsted, Denmark",,,,,,,,,,,Nhà máy chế biến,
1063,DRAGSBÆK A/S,,,'+4597922744,http://www.dragsbaek.dk/,bestillinger@dragsbaek.dk,,"Tilstedvej 73, 7700 Thisted, Denmark",,,,,,,,,,,Nhà máy chế biến,
1064,Ingstrup Mejeri A/S,,,,,,,"Hovedgaden 48, 9480 Løkken",,,,,,,,,,,Nhà máy chế biến,
1065,J. B. Jacobsen Seden A/S,,,'+4566109128,http://www.jbj-ost.dk/,ordre@jbj-ost.dk,,"Havegårdsvej 8, 5240 Odense, Denmark",,,,,,,,,,,Nhà máy chế biến,
1066,Jernved Mejeri ApS,,,,,,,"Jernvedvej 242, 6771 Gredstedbro",,,,,,,,,,,Nhà máy chế biến,
1067,Arla Foods Amba Arinco,,,,,,,"Mælkevejen 4, 6920 Videbæk",,,,,,,,,,,Nhà máy chế biến,
1068,"Arla Foods Amba, Kruså Mejeri",,,'+4573675800,http://arla.dk/,,,"Aabenraavej 2A, 6340 Kruså, Denmark",,,,,,,,,,,Nhà máy chế biến,https://www.facebook.com/ArlaDanmark
1069,LACTOSAN A/S,,,'+4563620520,http://www.lactosan.com/,lactosan@lactosan.com,,"Nordbakken 2, 5750 Ringe, Denmark",,,,,,,,,,,Nhà máy chế biến,
1070,Mammen Mejerierne A/S,,,'+4586685005,http://mammenost.dk/,kontakt@mammenost.dk,,"Mammen Byvej 32, 8850 Mammen, Denmark",,,,,,,,,,,Nhà máy chế biến,
1071,Drøsbro Mejeri,,,,,,,"Tingvej 31, 8881 Thorsø",,,,,,,,,,,Nhà máy chế biến,
1072,K. Mathiasen Ost En Gros A/S,,,,,,,"Ribe Landevej 483, 7100 Vejle",,,,,,,,,,,Nhà máy chế biến,
1073,"Arla Foods Amba, Akafa",,,'+4599392900,http://arla.dk/,,,"Svenstrup Skolevej 25, 9230 Svenstrup, Denmark",,,,,,,,,,,Nhà máy chế biến; Cơ sở bọc màng và tái đóng gói,https://www.facebook.com/ArlaDanmark
1074,"Arla Foods Amba, Birkum Ost",,,,,,,"Ørbækvej 723, 5220 Odense SØ",,,,,,,,,,,Nhà máy chế biến,
1075,"Arla Foods Amba, Bislev Mejeri",,,'+4596718700,https://www.arla.dk/,,,"Hvalpsundvej 3, 9240 Bislev, Denmark",,,,,,,,,,,Nhà máy chế biến,https://www.facebook.com/ArlaDanmark
1076,"Arla Foods Amba, Branderup Mejeri",,,'+4573835300,http://arla.dk/,,,"Engdraget 4, 6535 Tønder, Denmark",,,,,,,,,,,Nhà máy chế biến,https://www.facebook.com/ArlaDanmark
1077,"Arla Foods Amba, Hobro Mejeri",,,,,,,"Skivevej 39, 9500 Hobro",,,,,,,,,,,Nhà máy chế biến,
1078,"Arla Foods Amba Holstebro Mejeri , Flødeost",,,,,,,"Hjermvej 28, 7500 Holstebro",,,,,,,,,,,Nhà máy chế biến,
1079,"Arla Foods Amba Holstebro Mejeri, Smør",,,,,,,"Hjermvej 24, 7500 Holstebro",,,,,,,,,,,Nhà máy chế biến,
1080,Arla Foods Amba Hoco,,,,,,,"Bülowsvej 9, 7500 Holstebro",,,,,,,,,,,Nhà máy chế biến,
1081,"Arla Foods Amba, Høgelund Mejeri",,,'+4573545200,http://arla.dk/,,,"Bregnehøjvej 16, 6500 Høgelund, Denmark",,,,,,,,,,,Nhà máy chế biến,https://www.facebook.com/ArlaDanmark
1082,Arla Foods amba Nørre Vium Mejeri,,,,,,,"Sønderupvej 24, Nr Vium, 6920 Videbæk",,,,,,,,,,,Nhà máy chế biến,
1083,Arla Foods Amba Rødkærsbro Mejeri,,,'+4587514000,http://arla.dk/,,,"Århusvej 15, 8840 Rødkærsbro, Denmark",,,,,,,,,,,Nhà máy chế biến,https://www.facebook.com/ArlaDanmark
1084,"Arla Foods Amba, Slagelse Mejericenter",,,'+4572147200,http://arla.dk/,,,"Karolinevej 1, 4200 Slagelse, Denmark",,,,,,,,,,,Nhà máy chế biến,https://www.facebook.com/ArlaDanmark
1085,Arla Foods amba Troldhede Mejeri,,,,,,,"Industrivej 1, Troldhede, 6920 Videbæk",,,,,,,,,,,Nhà máy chế biến,
1086,"Arla Foods Amba, Christiansfeld Mejericenter",,,,,,,"Arlavej 2, 6070 Christiansfeld",,,,,,,,,,,Nhà máy chế biến,
1087,"Arla Foods Amba, Esbjerg Mejeri",,,,,,,"Kvaglundvej 84, 6705 Esbjerg Ø",,,,,,,,,,,Nhà máy chế biến,
1088,Mejerigården Premier Is A/S,,,'+4596183500,http://www.premier-is.dk/,,,"Sennelsvej 1, 7700 Thisted, Denmark",,,,,,,,,,,Nhà máy chế biến,
1089,NØRAGER MEJERI A/S,,,'+4596722600,https://www.nordexfood.dk/,,,"Bredgade 67, 9610 Nørager, Denmark",,,,,,,,,,,Nhà máy chế biến; Kho lạnh bảo quản,
1090,Nørup Mejeri,,,'+4575883016,http://www.noerup-mejeri.dk/,,,"Billundvej 33, 7182 Ny Nørup, Denmark",,,,,,,,,,,Nhà máy chế biến,
1091,JYDERUP OST APS,,,,,,,"Holbækvej 5A, 4450 Jyderup, Denmark",,,,,,,,,,,Nhà máy chế biến,
1092,Storstrøms Ost A/S,,,,,,,"Nr Tvedevej 27, 4684 Holmegaard",,,,,,,,,,,Nhà máy chế biến; Cơ sở bọc màng và tái đóng gói,
1093,"Mammen Mejerierne A/S, afd. Onsild Mejeri",,,'+4586685005,http://mammenost.dk/,kontakt@mammenost.dk,,"Mammen Byvej 32, 8850 Mammen, Denmark",,,,,,,,,,,Nhà máy chế biến,
1094,"Them Mejeri A/S, Mejeriet",,,,,,,"Rustrupvej 16, 8653 Them",,,,,,,,,,,Nhà máy chế biến,
1095,Arla Foods amba Gjesing mejeri,,,,,,,"Gl. Horsensvej 389, 8660 Skanderborg",,,,,,,,,,,Nhà máy chế biến,
1096,"Arla Foods amba, Korsvej Mejeri",,,'+4572304700,http://www.arla.dk/,,,"Højrupvej 116, 7000 Fredericia, Denmark",,,,,,,,,,,Nhà máy chế biến,https://www.facebook.com/ArlaDanmark
1097,Ulvedal Ost ApS,,,'+4575550888,http://www.ulvedal-ost.dk/,,,"Tudvadvej 1A, 6040 Egtved, Denmark",,,,,,,,,,,Nhà máy chế biến,
1098,"Aabybro Mejeri A/S, v/ Niels Henrik Lindhardt",,,'+4598241004,http://www.ryaais.dk/,salg@ryaais.dk,,"Brogårdsvej 148, 9440 Aabybro, Denmark",,,,,,,,,,,Nhà máy chế biến,https://www.facebook.com/aabybromejeri
1099,NATURMÆLK A.M.B.A.,,,,,,,"Gerrebækvej 24, 6360 Tinglev",,,,,,,,,,,Nhà máy chế biến,
1100,P B FOODS APS,,,'+4564723400,http://www.pbfoods.dk/,,,"Kastanievej 4, 5620 Glamsbjerg, Denmark",,,,,,,,,,,Nhà máy chế biến; Kho lạnh bảo quản,
1101,Øllingegaard Mejeri,,,'+4548284151,http://www.oellingegaard.dk/,,,"Borupvej 69, 3320 Skævinge, Denmark",,,,,,,,,,,Nhà máy chế biến,
1102,Falengreen A/S,,,'+4587817600,http://falengreen.com/,,,"Niels Bohrs Vej 45, 8660 Skanderborg, Denmark",,,,,,,,,,,Nhà máy chế biến,
1103,Skee Ismejeri Aps,,,'+4557600528,https://www.skeeis.dk/,skeeis@skeeis.dk,,"Langebjergvej 101, 4370 Skee, Denmark",,,,,,,,,,,Nhà máy chế biến,
1104,"Arla Foods Amba, Taulov Mejeri",,,'+4576223400,https://arla.com/,pressoffice@arlafoods.com,,"Danbovej 2, 7000 Taulov, Denmark",,,,,,,,,,,Nhà máy chế biến,https://www.facebook.com/arla
1105,TEBSTRUP,,,,,,,"Vrinners Bygade 45, 8420 Knebel",,,,,,,,,,,Nhà máy chế biến,
1106,B T OST,,,'+4575851455,https://www.btost.dk/,btost@btost.dk,,"Agersbølvej 2, 7100 Lindved, Denmark",,,,,,,,,,,Nhà máy chế biến,https://www.facebook.com/lindvedmejeri
1107,Cocio Chokolademælk A/S,,,'+4576140888,http://cocio.dk/,,,"Øresundsvej 15, 6715 Esbjerg, Denmark",,,,,,,,,,,Nhà máy chế biến,https://www.facebook.com/CocioUK
1108,"Uhrenholt A/S, Grøndal Mejeri",,,,,,,"Hornelandevej 43, 5600 Faaborg",,,,,,,,,,,Nhà máy chế biến,
1109,Natur-Drogeriet A/S,,,'+4586923333,https://www.natur-drogeriet.dk/,info@natur-drogeriet.dk,,"Nydamsvej 13, 8362 Hørning, Denmark",,,,,,,,,,,Nhà máy chế biến,https://www.facebook.com/NaturDrogeriet
1110,Ullerslev Oste ApS,,,'+4565351608,,,,"Damsgårdvej 2, 5540 Ullerslev, Denmark",,,,,,,,,,,Nhà máy chế biến; Kho lạnh bảo quản,
1111,Fayrefield Foods A/S,,,,,,,"Rostrup Byvej 3, 9510 Arden",,,,,,,,,,,Nhà máy chế biến; Cơ sở bọc màng và tái đóng gói,
1112,Arla Foods Ingredients Group P/S R&D,,,,http://www.arlafoodsingredients.com/,,,"Ruta Prov. No.1 Km. 37, X2415 Porteña, Córdoba, Argentina",,,,,,,,,,,Nhà máy chế biến,https://www.facebook.com/arlaingredients
1113,GRAND fromage,,,,,,,"Erhvervsparken Klank 19, st., 8464 Galten",,,,,,,,,,,Nhà máy chế biến; Cơ sở bọc màng và tái đóng gói; Kho lạnh bảo quản,
1114,Biosynergy A/S,,,,,,,"Østerhovedvej 4, Skarø, 5700 Svendborg",,,,,,,,,,,Nhà máy chế biến,
1115,"Ullerslev Mejeri, pakkeri",,,'+4565351693,,,,"Damsgårdvej 2, 5540 Ullerslev, Denmark",,,,,,,,,,,Nhà máy chế biến; Cơ sở bọc màng và tái đóng gói,
1116,"INGSTRUP MEJERI A/S, Sønderhaven Gårdmejeri",,,,,,,"Stadevej 314, 9700 Brønderslev",,,,,,,,,,,Nhà máy chế biến,
1117,"Thise Mejeri, Bovbjerg Ostelager",,,'+4597578001,https://thise.dk/historier/vesterhavsost/,info@thise.dk,,"Gammel Damsgårdvej 6, 7620 Lemvig, Denmark",,,,,,,,,,,Nhà máy chế biến; Kho lạnh bảo quản,https://www.facebook.com/Thisemejeri
1118,Arla Foods Ingredients P/S - milk,,,,http://www.arlafoodsingredients.com/,,,"Ruta Prov. No.1 Km. 37, X2415 Porteña, Córdoba, Argentina",,,,,,,,,,,Nhà máy chế biến,https://www.facebook.com/arlaingredients
1119,"Øer Is og ost, Lille Raneladegård",,,'+4561164732,https://www.lilleraneladegaard.com/,lilleraneladegaard@gmail.com,,"Øervej 7, 8400 Ebeltoft, Denmark",,,,,,,,,,,Nhà máy chế biến,https://www.facebook.com/locroq
1120,Palsgaard Dairy Lab,,,'+4576827682,https://www.palsgaard.com/en,contact@palsgaard.com,,"Palsgaardvej 10, 7130 Juelsminde, Denmark",,,,,,,,,,,Nhà máy chế biến,https://www.facebook.com/Palsgaard1917
1121,Hårbølle Mejeri ApS,,,,http://www.harbollemejeri.dk/,,,"Brøndegårdsvej 7, 4792 Vordingborg, Denmark",,,,,,,,,,,Nhà máy chế biến,https://www.facebook.com/HarbolleMejeri
1122,Biofiber-Damino A/S,,,'+4575557411,https://damino.com/,sales@damino.com,,"Staushedevejen 10, 6621 Gesten, Denmark",,,,,,,,,,,Nhà máy chế biến,
1123,A/S Einar Willumsen,,,,,,,"Abildager 21-23, 2605 Brøndby",,,,,,,,,,,Nhà máy chế biến; Kho lạnh bảo quản,
1124,"Thise Mejeri, Afd. Faster/Skjern Ostelager",,,'+4597578001,https://thise.dk/,info@thise.dk,,"Sundsørevej 62, 7870 Thise, Denmark",,,,,,,,,,,Nhà máy chế biến; Kho lạnh bảo quản,https://www.facebook.com/Thisemejeri
1125,Hansens Flødeis ApS,,,,,,,"Landerslevvej 5-7, 3630 Jægerspris",,,,,,,,,,,Nhà máy chế biến,
1126,"Thise Mejeri, Afd. Hjerm Kalkgruber",,,,,,,"Jernbanevej 13, 7560 Hjerm",,,,,,,,,,,Nhà máy chế biến,
1127,LA TRECCIA ApS,,,'+4530142894,http://www.latreccia.dk/,info@latreccia.dk,,"Industrigrenen 21, 23, 2635 Ishøj, Denmark",,,,,,,,,,,Nhà máy chế biến,https://www.facebook.com/latreccia
1128,"Mammen Mejeri A/S, Taul",,,'+4586685005,http://mammenost.dk/,kontakt@mammenost.dk,,"Mammen Byvej 32, 8850 Mammen, Denmark",,,,,,,,,,,Nhà máy chế biến,
1129,OSTEBØRSEN VEMMELEV A/S,,,'+4558500016,http://www.osteborsen.dk/,bm@osteborsen.dk,,"Industrivænget 14, 4241 Vemmelev, Denmark",,,,,,,,,,,Nhà máy chế biến; Cơ sở bọc màng và tái đóng gói,https://www.facebook.com/osteborsen
1130,Mammen Mejerierne A/S - afd. Klovborg,,,'+4586685005,http://mammenost.dk/,kontakt@mammenost.dk,,"Mammen Byvej 32, 8850 Mammen, Denmark",,,,,,,,,,,Nhà máy chế biến; Kho lạnh bảo quản,
1131,Liba Ost,,,,,,,"Bygaden 18, 8520 Lystrup, Denmark",,,,,,,,,,,Nhà máy chế biến,
1132,"Them Mejeri A/S, Revet ost / lager",,,,https://www.them.us,,,"Knudlundvej 11, 8653 Them",,,,,,,,,,,Nhà máy chế biến; Kho lạnh bảo quản,https://www.facebook.com/them
1133,Søtofte Gårdmejeri,,,'+4527202878,http://www.xn--stoftegrdmejeri-nlb03a.dk/,,,"Søtoftevej 74, 4100 Søtofte, Denmark",,,,,,,,,,,Nhà máy chế biến,
1134,Fiskbæk Gårdbutik ved Gråsten Landbrugsskole,,,'+4528259855,http://www.fiskbaekgaardbutik.dk/,,,"Fiskbækvej 15, 6300 Fiskbæk, Denmark",,,,,,,,,,,Nhà máy chế biến,
1135,Advanced Nordic Nutrition ApS,,,'+4564742288,https://ann.dk/,md@ann.dk,,"Rybergsvej 5, 5631 Ebberup, Denmark",,,,,,,,,,,Nhà máy chế biến; Cơ sở bọc màng và tái đóng gói,
1136,Kisbæk Gårdmælk ApS,,,'+4574743742,,,,"Kisbækvej 1, 6240 Kisbæk, Denmark",,,,,,,,,,,Nhà máy chế biến,
1137,Arla Foods amba,,,,,,,"Ravnevej 4, 6705 Esbjerg Ø",,,,,,,,,,,Nhà máy chế biến; Kho lạnh bảo quản,
1138,Tarup Gamle Mejeri ApS,,,'+4540421977,https://tarupgamlemejeri.dk/,,,"Thulevej 6, 5210 Odense, Denmark",,,,,,,,,,,Nhà máy chế biến,
1139,Rødkærsbro,,,,,,,"Århusvej 1, 8840 Rødkærsbro",,,,,,,,,,,Nhà máy chế biến; Cơ sở bọc màng và tái đóng gói,
1140,Pio Pharm Denmark ApS,,,,https://pioinc.com,contact@pioinc.com,,"Unovej 1, 3390 Hundested",,,,,,,,,,,Nhà máy chế biến; Cơ sở bọc màng và tái đóng gói,https://www.facebook.com/payinone
1141,Nørgaards Gedemejeri,,,,,,,"Bøgelyvej 14, 6920 Videbæk",,,,,,,,,,,Nhà máy chế biến,
1142,"Chr. Hansen A/S, Application & Technology Center",,,,,,,"Bøge Alle 10-12, 2970 Hørsholm",,,,,,,,,,,Nhà máy chế biến,
1143,Mejeriet ved fjorden,,,,,,,"Sjoltevej 25, 4733 Tappernøje",,,,,,,,,,,Nhà máy chế biến,
1144,"Kammersgaard Ismejeri, Engros",,,'+4560190600,,,,"Sønderbyvej 32, 7620 Lemvig, Denmark",,,,,,,,,,,Nhà máy chế biến,
1145,"Thise Mejeri, Afd. Vinderup Ostelager",,,'+4597578001,https://thise.dk/,info@thise.dk,,"Sundsørevej 62, 7870 Thise, Denmark",,,,,,,,,,,Nhà máy chế biến; Kho lạnh bảo quản,https://www.facebook.com/Thisemejeri
1146,"Good Food Group A/S , Tårs",,,'+4575711800,https://goodfoodgroup.com/,,,"Herredsvej 30A, 7100 Vejle, Denmark",,,,,,,,,,,Nhà máy chế biến,https://www.facebook.com/GoodfoodGroupProfessional
1147,Arla Innovation Centre,,,'+4589381000,http://www.arla.com/,pressoffice@arlafoods.com,,"Agro Food Park 19, 8200 Aarhus, Denmark",,,,,,,,,,,Nhà máy chế biến,https://www.facebook.com/arla
1148,"Hønseriet Åstrup Bakke, pakkeri",,,,,,,"Aalborgvej 206, 8830 Tjele",,,,,,,,,,,Trung tâm đóng gói trứng,
1149,"VALLØ ØKO ApS, æggepakkeri",,,'+4556260500,,,,"Slotsgade 3, 4600 Køge, Denmark",,,,,,,,,,,Trung tâm đóng gói trứng,
1150,"Karup Æg, v/Søren Borrisholt Sørensen",,,,,,,"Karupvej 112, 9300 Sæby",,,,,,,,,,,Trung tâm đóng gói trứng,
1151,"Henriks Æg, ægpakkeri",,,,,,,"Vellensbyvejen 10, 3700 Rønne",,,,,,,,,,,Trung tâm đóng gói trứng,
1152,Hylkegård ApS,,,,,,,"Hingevej 9, 8370 Hadsten",,,,,,,,,,,Trung tâm đóng gói trứng,
1153,Korsmedergaard,,,,,,,"Klørupvej 13, 8920 Randers NV",,,,,,,,,,,Trung tâm đóng gói trứng,
1154,"St. Gåsdal ApS, Ægpakkeri",,,,,,,"Gåsdalvej 36, 6900 Skjern",,,,,,,,,,,Trung tâm đóng gói trứng,
1155,"HC Økoæg, Ægpakkeri",,,'+4540284341,,,,"Vejlevej 27, 7323 Give, Denmark",,,,,,,,,,,Trung tâm đóng gói trứng,
1156,"Ommestrup ægpakkeri , John Bjerregaard",,,,,,,"Ebeltoftvej 120, 8544 Mørke",,,,,,,,,,,Trung tâm đóng gói trứng,
1157,"Olsgaard, Æg pakkeri",,,'+4551924414,,,,"Gammel Horsensvej 219, 8660 Skanderborg, Denmark",,,,,,,,,,,Trung tâm đóng gói trứng,
1158,"Varde Ådal lam I/S, Ægpakkeri",,,'+4523454028,http://vardeaadallam.dk/,kontakt@vardeaadallam.dk,,"Toftnæsvej 30, 6800 Varde, Denmark",,,,,,,,,,,Trung tâm đóng gói trứng,https://www.facebook.com/vardeaadallam
1159,Hegnsholt ægpakkeri,,,'+4527630525,http://www.hegnsholt.net/,info@hegnsholt.net,,"Lejrevej 52a, 4320 Lejre, Denmark",,,,,,,,,,,Trung tâm đóng gói trứng,https://www.facebook.com/1467590599
1160,Vibens Fryd Ægpakkeri,,,,,,,"Vibberstoftvej 9, 7752 Snedsted, Denmark",,,,,,,,,,,Trung tâm đóng gói trứng,
1161,"Lammehave økologi, Æggepakkeri",,,,,,,"Eriksdalsvej 24, 4871 Horbelev",,,,,,,,,,,Trung tâm đóng gói trứng,
1162,Lille Smørum Økologi,,,,,,,"Råbrovej 17, 2765 Smørum",,,,,,,,,,,Trung tâm đóng gói trứng,
1163,Stengårdens Ægpakkeri,,,,,,,"Høveltevej 40, 3460 Birkerød",,,,,,,,,,,Trung tâm đóng gói trứng,
1164,Michael Kaiser - ægpakkeri,,,,https://michael.movie,,,"Hammervej 28, 7173 Vonge",,,,,,,,,,,Trung tâm đóng gói trứng,https://www.facebook.com/michaelmovie
1165,Hyrupdal Æg,,,,,,,"Øsby Søndergade 31, 6100 Haderslev",,,,,,,,,,,Trung tâm đóng gói trứng,
1166,Top Æg ApS,,,,,,,"Nybrovej 16B, 8800 Viborg",,,,,,,,,,,Trung tâm đóng gói trứng,
1167,Landmand Taus Bo Adamsen,,,,,,,"Klausholmvej 5, 9280 Storvorde",,,,,,,,,,,Trung tâm đóng gói trứng,
1168,THORUPs Ægpakkeri,,,,,,,"Slemmingvej 4, 8500 Grenaa",,,,,,,,,,,Trung tâm đóng gói trứng,
1169,"Jan Hansen, Ægpakkeri",,,'+4520925022,,,,"Stokholtsvej 66, 4173 Fjenneslev, Denmark",,,,,,,,,,,Trung tâm đóng gói trứng,
1170,Yduns Have ægpakkeriet,,,'+4527430039,http://www.xn--ydunshavesams-nnb.dk/,ydunshavesamso@gmail.com,,"Alstrup 2, 8305 Samsø, Denmark",,,,,,,,,,,Trung tâm đóng gói trứng,
1171,"Æggegården Glud, Ægpakkeri",,,,,,,"Gludvej 66, 7130 Juelsminde",,,,,,,,,,,Trung tâm đóng gói trứng,
1172,Frostegård Ægpakkeri,,,,,,,"Almindingsvej 25, 3720 Aakirkeby",,,,,,,,,,,Trung tâm đóng gói trứng,
1173,"Arvelund Æg, Æggepakkeri",,,'+4520992218,http://www.arvelund.dk/,,,"Bødker Alle 6, 4840 Nørre Alslev, Denmark",,,,,,,,,,,Trung tâm đóng gói trứng,
1174,"baagaard ægpakkeri, v/Bitten Aagaard Jensen",,,,,,,"Ravnholtvej 149, 8310 Tranbjerg J",,,,,,,,,,,Trung tâm đóng gói trứng,
1175,"I/S Vester Storetoft, Ægpakkeri",,,,,,,"Vester Storetoft 67, 6720 Fanø",,,,,,,,,,,Trung tâm đóng gói trứng,
1176,"Skelleris den lille øko gård, Æggepakkeri",,,,,,,"Præsteskov 6, 4293 Dianalund",,,,,,,,,,,Trung tâm đóng gói trứng,
1177,"LANDBRUG VITTENBJERGGÅRD V/JØRGEN HEGGELUND, Ægpakkeri",,,'+4556821216,,,,"Ejbyvej 105, 4632 Vittenbjerg, Denmark",,,,,,,,,,,Trung tâm đóng gói trứng,
1178,Mobrogaard Ægpakkeri,,,,,,,"Kildevej 1B, 3200 Helsinge",,,,,,,,,,,Trung tâm đóng gói trứng,
1179,"Feldskov Have, Æggepakkeri",,,,,,,"4180 Sorø Municipality, Denmark",,,,,,,,,,,Trung tâm đóng gói trứng,
1180,Stensbølgård Ægpakkeri,,,'+4542967125,http://stensbolgaard.dk/,,,"Smedevej 18, 4070 Kyndeløse, Denmark",,,,,,,,,,,Trung tâm đóng gói trứng,
1181,Bølling GræsÆg v. Jens Mogensen,,,'+4522402268,http://xn--bllinggrsg-k6ab8t.dk/,,,"Egtvedvej 100, 6040 Egtved, Denmark",,,,,,,,,,,Trung tâm đóng gói trứng,
1182,Kathrinelund Gårdbutik Ægpakkeri,,,'+4551761471,https://www.facebook.com/KathrinelundGaardbutik,,,"Guldagervej 50, 6710 Esbjerg, Denmark",,,,,,,,,,,Trung tâm đóng gói trứng,https://www.facebook.com/recover/initiate
1183,"Egeskovgaard, Ægpakkeri",,,,,,,"Lebølvej 35, 6470 Sydals",,,,,,,,,,,Trung tâm đóng gói trứng,
1184,Stokmosegård,,,,,,,"Skalkendrupvej 60, 5800 Nyborg, Denmark",,,,,,,,,,,Trung tâm đóng gói trứng,
1185,Fam. Christoffersens gårdbutik,,,,,,,"Teglværksvej 24, 4700 Næstved",,,,,,,,,,,Trung tâm đóng gói trứng,
1186,"Møllebakkegaard ægpakkeri, Æggepakkeri",,,,,,,"Præstetoften 3, 4735 Mern",,,,,,,,,,,Trung tâm đóng gói trứng,
1187,Korslund,,,,,,,"Randersvej 5, 8410 Rønde",,,,,,,,,,,Trung tâm đóng gói trứng,
1188,Kokærgård Ægpakkeri,,,,,,,"Kokærvej 90, 6070 Christiansfeld",,,,,,,,,,,Trung tâm đóng gói trứng,
1189,"Eskeholm, Ægpakkeri",,,'+4528876224,,,,"Mellerup Bygade 2, 6392 Mellerup, Denmark",,,,,,,,,,,Trung tâm đóng gói trứng,
1190,Den Gamle Gaard Ægpakkeri,,,'+4522957669,http://www.dengamlegaard.dk/,,,"Sorøvej 106, 4350 Ugerløse, Denmark",,,,,,,,,,,Trung tâm đóng gói trứng,
1191,Trustrupgaard Ægpakkeri,,,,,,,"Lykkesholmvej 2 A, 8570 Trustrup",,,,,,,,,,,Trung tâm đóng gói trứng,
1192,Søndergård,,,,,,,"Rengevej 6, 4660 Renge, Denmark",,,,,,,,,,,Trung tâm đóng gói trứng,
1193,Bondens,,,,,,,"Hovedvejen 126, 4720 Præstø",,,,,,,,,,,Trung tâm đóng gói trứng,
1194,Robert Mouritsen,,,,,,,"Kollevej 25, 6830 Nørre Nebel",,,,,,,,,,,Trung tâm đóng gói trứng,
1195,Dm Æg I/S,,,,,,,"Vejlebyvej 19, 4970 Vejleby, Denmark",,,,,,,,,,,Trung tâm đóng gói trứng,
1196,Abildskærgård,,,,,,,"Abildskærvej 2, 6630 Rødding",,,,,,,,,,,Trung tâm đóng gói trứng,
1197,DANÆG A/S,,,'+4573261600,https://www.danaeg.dk/,order@danaeg.dk,,"Danægvej 1, 6070 Christiansfeld, Denmark",,,,,,,,,,,Trung tâm đóng gói trứng,https://www.facebook.com/danaegDK
1198,"Nørbygaard økologi I/S, Ægpakkeri",,,,,,,"Ejsbølvej 65, 6100 Ejsbøl, Denmark",,,,,,,,,,,Trung tâm đóng gói trứng,
1199,"Gravlund Øko æg v/Sonja Knudsen, Ægpakkeri",,,,,,,"Gravlundvej 14, 6683 Føvling",,,,,,,,,,,Trung tâm đóng gói trứng,
1200,Mark Andersen,,,,,,,"Præstegårdsvej 9, 6771 Gredstedbro",,,,,,,,,,,Trung tâm đóng gói trứng,
1201,"Hedelykke Græsæg, Ægpakkeri",,,'+4524652852,,,,"Grindstedvej 80, 7184 Vandel, Denmark",,,,,,,,,,,Trung tâm đóng gói trứng,
1202,Fyns GræsÆg,,,'+4524486391,https://www.xn--fynsgrsg-o0ab.dk/,info@fynsgraesaeg.dk,,"Snarupvejen 24, 5750 Ringe, Denmark",,,,,,,,,,,Trung tâm đóng gói trứng,https://www.facebook.com/people/Fyns-GræsÆg/61558246310909
1203,Fra Kæret,,,'+4560686085,https://www.frakaeret.dk/,kasper@frakaeret.dk,,"Emmelev Kærvej 5, Grenå Emmelev, 8500 Emmelev, Denmark",,,,,,,,,,,Trung tâm đóng gói trứng,https://www.facebook.com/frakaeret
1204,La Petite Ferme I/S,,,,,,,"Hulgaden 17, 8400 Ebeltoft",,,,,,,,,,,Trung tâm đóng gói trứng,
1205,"Danske Andeæg, Ægpakkeri",,,'+4561687088,https://xn--danske-andeg-hdb.eu/,danskeandeeg@gmail.com,,"Møllevej 3, 4490 Kalundborg, Denmark",,,,,,,,,,,Trung tâm đóng gói trứng,https://www.facebook.com/102650662407554
1206,"Vindelevgård gårdbutik, Ægpakkeri",,,,,,,"Vindelevvej 7, 7300 Jelling",,,,,,,,,,,Trung tâm đóng gói trứng,
1207,Maarager Gårdbutik (Ægpakkeri),,,'+4530503299,http://www.maarager.dk/,,,"Lyngby Torp 60, 9480 Løkken, Denmark",,,,,,,,,,,Trung tâm đóng gói trứng,
1208,"Omfaun Landbrug, Ægpakkeri",,,,,,,"Slotsgade 6, 9330 Dronninglund",,,,,,,,,,,Trung tâm đóng gói trứng,
1209,Brodamgaard ægpakkeri,,,'+4522838054,https://www.brodamgaard.dk/,sudergaard89@gmail.com,,"Brodam 5, 9310 Vodskov, Denmark",,,,,,,,,,,Trung tâm đóng gói trứng,
1210,Æggepakkeriet Kiku,,,,,,,"Næssundvej 488, 7960 Karby",,,,,,,,,,,Trung tâm đóng gói trứng,
1211,DAVA Foods Denmark A/S,,,,,,,"Glerupvej 5, 9560 Hadsund",,,,,,,,,,,Cơ sở sản xuất trứng lỏng tiệt trùng; Nhà máy chế biến; Trung tâm đóng gói trứng,
1212,Nøvling Gårdbutik,,,'+4522626114,https://www.facebook.com/noevlinggaardbutik,,,"Blüchersvej 2, 7480 Vildbjerg, Denmark",,,,,,,,,,,Trung tâm đóng gói trứng,https://www.facebook.com/recover/initiate
1213,Maarten Damsteegt,,,,,,,"Smedagervej 4, 6360 Tinglev, Denmark",,,,,,,,,,,Trung tâm đóng gói trứng,
1214,"Græs-Æg Møn, Ægpakkeri",,,,,,,"Vindebækvej 17, 4792 Askeby",,,,,,,,,,,Trung tâm đóng gói trứng,
1215,Bjergsted græs æg V Bertram Berntsen,,,,,,,"Bjergstedvej 50, 4450 Jyderup",,,,,,,,,,,Trung tâm đóng gói trứng,
1216,Ilsøegaard ApS,,,'+4522581656,http://www.ilsoegaard.dk/,,,"Hejselvej 11, 6372 Bylderup-Bov, Denmark",,,,,,,,,,,Trung tâm đóng gói trứng,
1217,Skovlej Græsæg,,,,,,,"Blansskov 17, 6400 Sønderborg",,,,,,,,,,,Trung tâm đóng gói trứng,
1218,Dueholm Ægpakkeri,,,,,,,"Hovedgårdvej 7, 8660 Skanderborg",,,,,,,,,,,Trung tâm đóng gói trứng,
1219,Virova ApS,,,,,,,"Dyrkærvej 11, 8700 Horsens",,,,,,,,,,,Trung tâm đóng gói trứng,
1220,"Vinkelgaard, Æggepakkeri",,,'+4531317846,https://www.visitvinkelgaard.dk/,cj@visitvinkelgaard.dk,,"Vigerstedvej 8, 4100 Vigersted, Denmark",,,,,,,,,,,Trung tâm đóng gói trứng,https://www.facebook.com/vigersted.vinkelgaard
1221,"Gårdbutikken Lystlunden, Ægpakkeri",,,,,,,"Vestergade 166, 6051 Almind",,,,,,,,,,,Trung tâm đóng gói trứng,
1222,Tranum Økobrug - Jarmstedgaard - ægpakkeri,,,,,,,"Jarmsted Byvej 6, 9460 Brovst",,,,,,,,,,,Trung tâm đóng gói trứng,
1223,"Annas Gårdbutik, Ægpakkeri",,,'+4561746009,,,,"Langemosevej 13, 5853 Ørbæk, Denmark",,,,,,,,,,,Trung tâm đóng gói trứng,
1224,OVODAN FOODS A/S,,,,,,,"Havnegade 33, 5000 Odense, Denmark",,,,,,,,,,,Nhà máy chế biến; Cơ sở bọc màng và tái đóng gói,
1225,Danæg Products A/S,,,,,,,"Maglegårdsvej 13, 4000 Roskilde",,,,,,,,,,,Cơ sở sản xuất trứng lỏng tiệt trùng; Nhà máy chế biến,
1226,DAT-Schaub A/S,,,'+4533266600,http://www.dat-schaub.dk/,info@dat-schaub.dk,,"Vesterbrogade 4A, 2, 1610, 1620 København, Denmark",,,,,,,,,,,Cơ sở bọc màng và tái đóng gói; Nhà máy chế biến,
1227,Scan-Hide A.m.b.A.,,,'+4562241057,https://www.scanhide.dk/en/,sales@scanhide.dk,,"Industrivej 15, 5762 Vester Skerninge, Denmark",,,,,,,,,,,Xưởng thuộc da,
1228,Fertin Pharma A/S,,,'+4522021900,https://www.fertin.com/,fertin@fertin.com,,"Dandyvej 19, 7100 Vejle, Denmark",,,,,,,,,,,Nhà máy chế biến,https://www.facebook.com/fertinpharma
1229,A/S ORTHANA KEMISK FABRIK,,,,,,,"Englandsvej 350-356, 2770 Kastrup",,,,,,,,,,,Nhà máy chế biến,
1230,ZPD A/S,,,,,,,"H E Bluhmes Vej 63, 6700 Esbjerg",,,,,,,,,,,Nhà máy chế biến,
1231,BASF A/S,,,,,,,"Malmparken 5, 2750 Ballerup",,,,,,,,,,,Nhà máy chế biến,
1232,Greenow Aps,,,'+4557685555,http://greenow.dk/,,,"Mellem Broerne 12C, 4100 Ringsted, Denmark",,,,,,,,,,,Nhà máy sản xuất,
1233,DanHoney Aps,,,,,,,"Reerslevvej 18 B, 4291 Ruds Vedby",,,,,,,,,,,Nhà máy sản xuất,
1234,OBC Biavl,,,'+4586470452,https://obcbiavl.dk/,,,"Østerbro 1, 8970 Havndal, Denmark",,,,,,,,,,,Nhà máy sản xuất,
1235,"Tjørnemosegård, Jens Fjordhøj",,,,,,,"Kostervej 51, 4780 Stege",,,,,,,,,,,Nhà máy sản xuất,
1236,"Nordjysk Biavlscenter ApS, detail",,,,,,,"Ølsvej 46, 9500 Hobro",,,,,,,,,,,Nhà máy sản xuất,
1237,Aulum Biavlscenter ApS,,,'+4596412100,https://aulumbi.dk/,info@aulumbi.dk,,"Buntmagervej 18, 7490 Aulum, Denmark",,,,,,,,,,,Nhà máy sản xuất,https://www.facebook.com/aulumbiavlscenter
